dataset,scenario,seed,policy,monitor,phase0,phase1,phase2,hit0,hit1,hit2,lam,sigma,n0,n1,n2
gaussian30,single,20261018,UCB,oracle,17.618025379473135,82.5579200465818,0.0,0.9,0.03333333333333333,0.0,0.0,2.600835080838663,50,30,0
gaussian30,single,20261018,DUCB,oracle,17.618025379473135,85.19523306995109,0.0,0.9,0.03333333333333333,0.0,0.0,2.600835080838663,50,30,0
gaussian30,single,20261018,TS,oracle,17.618025379473135,82.5579200465818,0.0,0.9,0.03333333333333333,0.0,0.0,2.600835080838663,50,30,0
gaussian30,single,20261018,EG05,oracle,34.31919351473148,79.4641406583087,0.0,0.84,0.06666666666666667,0.0,0.0,2.600835080838663,50,30,0
gaussian30,single,20261018,EG10,oracle,31.597028263363626,84.1413786918455,0.0,0.84,0.03333333333333333,0.0,0.0,2.600835080838663,50,30,0
gaussian30,single,20261018,EG15,oracle,30.633510236359832,87.2086652281917,0.0,0.86,0.03333333333333333,0.0,0.0,2.600835080838663,50,30,0
gaussian30,single,20261018,UCB-H1,oracle,17.618025379473135,83.85132795793254,0.0,0.9,0.03333333333333333,0.0,2.600835080838663,2.600835080838663,50,30,0
gaussian30,single,20261018,UCB-H2,oracle,17.618025379473135,52.59271801628038,0.0,0.9,0.26666666666666666,0.0,5.201670161677326,2.600835080838663,50,30,0
gaussian30,single,20261018,TS-H1,oracle,17.618025379473135,82.5579200465818,0.0,0.9,0.03333333333333333,0.0,2.600835080838663,2.600835080838663,50,30,0
gaussian30,single,20261018,TS-H2,oracle,17.618025379473135,82.49266095246213,0.0,0.9,0.03333333333333333,0.0,5.201670161677326,2.600835080838663,50,30,0
gaussian30,single,20261018,EG10-H1,oracle,30.04700464693973,85.2520259666037,0.0,0.84,0.03333333333333333,0.0,2.600835080838663,2.600835080838663,50,30,0
gaussian30,single,20261018,UCB-H1-on,onpolicy,23.042202663965988,52.507208584889185,0.0,0.88,0.26666666666666666,0.0,2.600835080838663,2.600835080838663,50,30,0
gaussian30,single,20261018,TS-H1-on,onpolicy,17.618025379473135,86.21334295989831,0.0,0.9,0.03333333333333333,0.0,2.600835080838663,2.600835080838663,50,30,0
gaussian30,single,20261018,UCB-H1-fit,model,17.618025379473135,84.11345281280032,0.0,0.9,0.03333333333333333,0.0,2.600835080838663,2.600835080838663,50,30,0
gaussian30,single,20261018,TS-H1-fit,model,17.618025379473135,82.49266095246213,0.0,0.9,0.03333333333333333,0.0,2.600835080838663,2.600835080838663,50,30,0
gaussian30,single,20261019,UCB,oracle,16.99845136229155,84.32402902155681,0.0,0.9,0.03333333333333333,0.0,0.0,2.603400369206186,50,30,0
gaussian30,single,20261019,DUCB,oracle,16.99845136229155,17.973766146727698,0.0,0.9,0.5666666666666667,0.0,0.0,2.603400369206186,50,30,0
gaussian30,single,20261019,TS,oracle,16.99845136229155,84.32402902155681,0.0,0.9,0.03333333333333333,0.0,0.0,2.603400369206186,50,30,0
gaussian30,single,20261019,EG05,oracle,22.97567145107968,80.91958998318886,0.0,0.88,0.06666666666666667,0.0,0.0,2.603400369206186,50,30,0
gaussian30,single,20261019,EG10,oracle,26.611504330771865,90.71743558306626,0.0,0.86,0.03333333333333333,0.0,0.0,2.603400369206186,50,30,0
gaussian30,single,20261019,EG15,oracle,50.1261201165639,82.69492574645805,0.0,0.74,0.1,0.0,0.0,2.603400369206186,50,30,0
gaussian30,single,20261019,UCB-H1,oracle,16.99845136229155,30.261135559519445,0.0,0.9,0.43333333333333335,0.0,2.603400369206186,2.603400369206186,50,30,0
gaussian30,single,20261019,UCB-H2,oracle,16.99845136229155,14.618344448667417,0.0,0.9,0.6333333333333333,0.0,5.206800738412372,2.603400369206186,50,30,0
gaussian30,single,20261019,TS-H1,oracle,16.99845136229155,84.32402902155681,0.0,0.9,0.03333333333333333,0.0,2.603400369206186,2.603400369206186,50,30,0
gaussian30,single,20261019,TS-H2,oracle,16.99845136229155,33.72949080003727,0.0,0.9,0.4,0.0,5.206800738412372,2.603400369206186,50,30,0
gaussian30,single,20261019,EG10-H1,oracle,29.92453125784293,85.4544712450983,0.0,0.8,0.03333333333333333,0.0,2.603400369206186,2.603400369206186,50,30,0
gaussian30,single,20261019,UCB-H1-on,onpolicy,17.828258765128894,57.3965033050492,0.0,0.88,0.3,0.0,2.603400369206186,2.603400369206186,50,30,0
gaussian30,single,20261019,TS-H1-on,onpolicy,16.99845136229155,49.400494348234325,0.0,0.9,0.26666666666666666,0.0,2.603400369206186,2.603400369206186,50,30,0
gaussian30,single,20261019,UCB-H1-fit,model,16.99845136229155,33.73091173969057,0.0,0.9,0.4,0.0,2.603400369206186,2.603400369206186,50,30,0
gaussian30,single,20261019,TS-H1-fit,model,16.99845136229155,84.32402902155681,0.0,0.9,0.03333333333333333,0.0,2.603400369206186,2.603400369206186,50,30,0
gaussian30,single,20261020,UCB,oracle,16.33735077529586,83.40989236837285,0.0,0.92,0.03333333333333333,0.0,0.0,2.5253157074564028,50,30,0
gaussian30,single,20261020,DUCB,oracle,16.33735077529586,35.158700860737646,0.0,0.92,0.4,0.0,0.0,2.5253157074564028,50,30,0
gaussian30,single,20261020,TS,oracle,16.33735077529586,83.40989236837285,0.0,0.92,0.03333333333333333,0.0,0.0,2.5253157074564028,50,30,0
gaussian30,single,20261020,EG05,oracle,25.975189845331442,82.2697520733743,0.0,0.88,0.06666666666666667,0.0,0.0,2.5253157074564028,50,30,0
gaussian30,single,20261020,EG10,oracle,35.345567984202646,85.17023818321609,0.0,0.82,0.03333333333333333,0.0,0.0,2.5253157074564028,50,30,0
gaussian30,single,20261020,EG15,oracle,47.82392974428617,85.11008240112452,0.0,0.76,0.06666666666666667,0.0,0.0,2.5253157074564028,50,30,0
gaussian30,single,20261020,UCB-H1,oracle,16.33735077529586,45.82576213041723,0.0,0.92,0.3,0.0,2.5253157074564028,2.5253157074564028,50,30,0
gaussian30,single,20261020,UCB-H2,oracle,16.33735077529586,20.149803826188204,0.0,0.92,0.5666666666666667,0.0,5.0506314149128055,2.5253157074564028,50,30,0
gaussian30,single,20261020,TS-H1,oracle,16.33735077529586,84.103703632584,0.0,0.92,0.03333333333333333,0.0,2.5253157074564028,2.5253157074564028,50,30,0
gaussian30,single,20261020,TS-H2,oracle,16.33735077529586,34.21717888491645,0.0,0.92,0.4,0.0,5.0506314149128055,2.5253157074564028,50,30,0
gaussian30,single,20261020,EG10-H1,oracle,44.201001815738685,81.61561827508423,0.0,0.8,0.06666666666666667,0.0,2.5253157074564028,2.5253157074564028,50,30,0
gaussian30,single,20261020,UCB-H1-on,onpolicy,19.175982803271935,45.837088004729935,0.0,0.9,0.4666666666666667,0.0,2.5253157074564028,2.5253157074564028,50,30,0
gaussian30,single,20261020,TS-H1-on,onpolicy,18.614835383285858,46.30603555227439,0.0,0.92,0.36666666666666664,0.0,2.5253157074564028,2.5253157074564028,50,30,0
gaussian30,single,20261020,UCB-H1-fit,model,16.33735077529586,49.690690350059874,0.0,0.92,0.26666666666666666,0.0,2.5253157074564028,2.5253157074564028,50,30,0
gaussian30,single,20261020,TS-H1-fit,model,16.33735077529586,83.7627500947791,0.0,0.92,0.03333333333333333,0.0,2.5253157074564028,2.5253157074564028,50,30,0
gaussian30,single,20261021,UCB,oracle,16.018266710597633,87.6221661626346,0.0,0.92,0.03333333333333333,0.0,0.0,2.4522626419398543,50,30,0
gaussian30,single,20261021,DUCB,oracle,16.018266710597633,28.392826943204682,0.0,0.92,0.5,0.0,0.0,2.4522626419398543,50,30,0
gaussian30,single,20261021,TS,oracle,16.018266710597633,87.91815478005034,0.0,0.92,0.03333333333333333,0.0,0.0,2.4522626419398543,50,30,0
gaussian30,single,20261021,EG05,oracle,21.408713512145074,87.91815478005034,0.0,0.9,0.03333333333333333,0.0,0.0,2.4522626419398543,50,30,0
gaussian30,single,20261021,EG10,oracle,31.239020437883724,92.15269562538202,0.0,0.86,0.03333333333333333,0.0,0.0,2.4522626419398543,50,30,0
gaussian30,single,20261021,EG15,oracle,43.703523265443415,86.83939820218588,0.0,0.78,0.06666666666666667,0.0,0.0,2.4522626419398543,50,30,0
gaussian30,single,20261021,UCB-H1,oracle,16.018266710597633,35.31641051716123,0.0,0.92,0.4,0.0,2.4522626419398543,2.4522626419398543,50,30,0
gaussian30,single,20261021,UCB-H2,oracle,16.018266710597633,21.78358057338938,0.0,0.92,0.5666666666666667,0.0,4.904525283879709,2.4522626419398543,50,30,0
gaussian30,single,20261021,TS-H1,oracle,16.018266710597633,87.91815478005034,0.0,0.92,0.03333333333333333,0.0,2.4522626419398543,2.4522626419398543,50,30,0
gaussian30,single,20261021,TS-H2,oracle,16.018266710597633,87.91815478005034,0.0,0.92,0.03333333333333333,0.0,4.904525283879709,2.4522626419398543,50,30,0
gaussian30,single,20261021,EG10-H1,oracle,32.53820513438936,68.40032365046581,0.0,0.86,0.2,0.0,2.4522626419398543,2.4522626419398543,50,30,0
gaussian30,single,20261021,UCB-H1-on,onpolicy,20.41158225001099,35.703376791914444,0.0,0.88,0.43333333333333335,0.0,2.4522626419398543,2.4522626419398543,50,30,0
gaussian30,single,20261021,TS-H1-on,onpolicy,20.271702000132382,37.622976620961815,0.0,0.9,0.5,0.0,2.4522626419398543,2.4522626419398543,50,30,0
gaussian30,single,20261021,UCB-H1-fit,model,16.018266710597633,45.844980318517145,0.0,0.92,0.3,0.0,2.4522626419398543,2.4522626419398543,50,30,0
gaussian30,single,20261021,TS-H1-fit,model,16.018266710597633,88.88335473115833,0.0,0.92,0.03333333333333333,0.0,2.4522626419398543,2.4522626419398543,50,30,0
gaussian30,double,20261018,UCB,oracle,17.090471199572242,208.74499247080905,0.554789344555993,0.9142857142857143,0.02,0.9714285714285714,0.0,2.5879877434913783,35,50,35
gaussian30,double,20261018,DUCB,oracle,17.090471199572242,67.69346617382355,64.35539902490987,0.9142857142857143,0.62,0.4857142857142857,0.0,2.5879877434913783,35,50,35
gaussian30,double,20261018,TS,oracle,17.090471199572242,220.19678218461905,121.41188155251831,0.9142857142857143,0.02,0.2857142857142857,0.0,2.5879877434913783,35,50,35
gaussian30,double,20261018,EG05,oracle,33.56812949371842,214.6284419115091,179.16946981009042,0.8285714285714286,0.04,0.0,0.0,2.5879877434913783,35,50,35
gaussian30,double,20261018,EG10,oracle,30.289385304624677,219.53994778225547,176.62061857227664,0.8285714285714286,0.02,0.0,0.0,2.5879877434913783,35,50,35
gaussian30,double,20261018,EG15,oracle,26.41452982757192,221.6019190238898,168.81343124135734,0.8571428571428571,0.02,0.02857142857142857,0.0,2.5879877434913783,35,50,35
gaussian30,double,20261018,UCB-H1,oracle,17.090471199572242,98.48884179101333,42.012238999428774,0.9142857142857143,0.52,0.6,2.5879877434913783,2.5879877434913783,35,50,35
gaussian30,double,20261018,UCB-H2,oracle,17.090471199572242,30.41895028541512,21.608016524059863,0.9142857142857143,0.76,0.7142857142857143,5.175975486982757,2.5879877434913783,35,50,35
gaussian30,double,20261018,TS-H1,oracle,17.090471199572242,220.62975909349782,23.635077572169667,0.9142857142857143,0.02,0.8,2.5879877434913783,2.5879877434913783,35,50,35
gaussian30,double,20261018,TS-H2,oracle,17.090471199572242,102.8986418944416,77.2142765257767,0.9142857142857143,0.5,0.42857142857142855,5.175975486982757,2.5879877434913783,35,50,35
gaussian30,double,20261018,EG10-H1,oracle,25.088558886368745,204.8646837465181,155.34476673775922,0.8571428571428571,0.12,0.02857142857142857,2.5879877434913783,2.5879877434913783,35,50,35
gaussian30,double,20261018,UCB-H1-on,onpolicy,17.090471199572242,46.95049179999659,168.01049850709543,0.9142857142857143,0.68,0.02857142857142857,2.5879877434913783,2.5879877434913783,35,50,35
gaussian30,double,20261018,TS-H1-on,onpolicy,17.090471199572242,101.9598218080461,166.29344140841775,0.9142857142857143,0.48,0.02857142857142857,2.5879877434913783,2.5879877434913783,35,50,35
gaussian30,double,20261018,UCB-H1-fit,model,17.090471199572242,98.48884179101333,42.012238999428774,0.9142857142857143,0.52,0.6,2.5879877434913783,2.5879877434913783,35,50,35
gaussian30,double,20261018,TS-H1-fit,model,17.090471199572242,182.59711562219542,72.53026604452442,0.9142857142857143,0.22,0.45714285714285713,2.5879877434913783,2.5879877434913783,35,50,35
gaussian30,double,20261019,UCB,oracle,15.72337814582973,206.34511046862235,60.75812292374201,0.8857142857142857,0.06,0.5142857142857142,0.0,2.4037025545329267,35,50,35
gaussian30,double,20261019,DUCB,oracle,15.72337814582973,58.35860444991348,102.71578841443163,0.8857142857142857,0.64,0.2857142857142857,0.0,2.4037025545329267,35,50,35
gaussian30,double,20261019,TS,oracle,15.72337814582973,214.84454131281979,178.78782490370438,0.8857142857142857,0.0,0.0,0.0,2.4037025545329267,35,50,35
gaussian30,double,20261019,EG05,oracle,21.181300801361033,169.16816981078148,154.18058010372795,0.8571428571428571,0.22,0.02857142857142857,0.0,2.4037025545329267,35,50,35
gaussian30,double,20261019,EG10,oracle,24.5820916537927,215.18248018346623,79.46897553410062,0.8285714285714286,0.0,0.4857142857142857,0.0,2.4037025545329267,35,50,35
gaussian30,double,20261019,EG15,oracle,31.57176081265052,90.19592723582846,150.18019556338908,0.7714285714285715,0.52,0.05714285714285714,0.0,2.4037025545329267,35,50,35
gaussian30,double,20261019,UCB-H1,oracle,15.72337814582973,86.49774597476687,40.22702022739029,0.8857142857142857,0.52,0.6,2.4037025545329267,2.4037025545329267,35,50,35
gaussian30,double,20261019,UCB-H2,oracle,15.72337814582973,31.352259562260812,7.451161633134033,0.8857142857142857,0.74,0.8285714285714286,4.807405109065853,2.4037025545329267,35,50,35
gaussian30,double,20261019,TS-H1,oracle,15.72337814582973,155.69704035503702,74.78256912371782,0.8857142857142857,0.28,0.42857142857142855,2.4037025545329267,2.4037025545329267,35,50,35
gaussian30,double,20261019,TS-H2,oracle,15.72337814582973,108.11951245300966,20.606644564121375,0.8857142857142857,0.44,0.7142857142857143,4.807405109065853,2.4037025545329267,35,50,35
gaussian30,double,20261019,EG10-H1,oracle,20.973328829738392,69.9493405883274,153.22595941745755,0.8571428571428571,0.6,0.05714285714285714,2.4037025545329267,2.4037025545329267,35,50,35
gaussian30,double,20261019,UCB-H1-on,onpolicy,19.726965263956217,44.833745309357035,158.96767517175294,0.8571428571428571,0.68,0.02857142857142857,2.4037025545329267,2.4037025545329267,35,50,35
gaussian30,double,20261019,TS-H1-on,onpolicy,15.72337814582973,180.0186447228133,165.6212934627369,0.8857142857142857,0.16,0.0,2.4037025545329267,2.4037025545329267,35,50,35
gaussian30,double,20261019,UCB-H1-fit,model,15.72337814582973,85.69417772577347,51.65914435661121,0.8857142857142857,0.52,0.5428571428571428,2.4037025545329267,2.4037025545329267,35,50,35
gaussian30,double,20261019,TS-H1-fit,model,15.72337814582973,214.0503286817202,46.28821870787581,0.8857142857142857,0.0,0.6571428571428571,2.4037025545329267,2.4037025545329267,35,50,35
gaussian30,double,20261020,UCB,oracle,16.985373961226248,161.877546266101,121.97046822392491,0.9142857142857143,0.26,0.17142857142857143,0.0,2.4001320117329645,35,50,35
gaussian30,double,20261020,DUCB,oracle,16.985373961226248,42.80954132439384,47.02667438755859,0.9142857142857143,0.68,0.5428571428571428,0.0,2.4001320117329645,35,50,35
gaussian30,double,20261020,TS,oracle,16.985373961226248,217.23215979086905,176.08726007988403,0.9142857142857143,0.0,0.0,0.0,2.4001320117329645,35,50,35
gaussian30,double,20261020,EG05,oracle,26.039879933447754,139.41054158253652,157.67825934539061,0.8571428571428571,0.34,0.0,0.0,2.4001320117329645,35,50,35
gaussian30,double,20261020,EG10,oracle,23.120811719396134,223.70249153956718,169.83079990848566,0.8571428571428571,0.0,0.02857142857142857,0.0,2.4001320117329645,35,50,35
gaussian30,double,20261020,EG15,oracle,38.637936868519105,124.81888917129027,155.80565340468905,0.7714285714285715,0.38,0.02857142857142857,0.0,2.4001320117329645,35,50,35
gaussian30,double,20261020,UCB-H1,oracle,16.985373961226248,59.16227223455784,84.03653771497368,0.9142857142857143,0.62,0.37142857142857144,2.4001320117329645,2.4001320117329645,35,50,35
gaussian30,double,20261020,UCB-H2,oracle,16.985373961226248,29.35251660759438,22.415279786681097,0.9142857142857143,0.74,0.6857142857142857,4.800264023465929,2.4001320117329645,35,50,35
gaussian30,double,20261020,TS-H1,oracle,16.985373961226248,145.25607015934742,155.5377714011644,0.9142857142857143,0.32,0.0,2.4001320117329645,2.4001320117329645,35,50,35
gaussian30,double,20261020,TS-H2,oracle,16.985373961226248,55.65325022914613,88.55882353729736,0.9142857142857143,0.64,0.34285714285714286,4.800264023465929,2.4001320117329645,35,50,35
gaussian30,double,20261020,EG10-H1,oracle,40.2148316945122,159.80370000644237,151.85298759216823,0.7714285714285715,0.28,0.02857142857142857,2.4001320117329645,2.4001320117329645,35,50,35
gaussian30,double,20261020,UCB-H1-on,onpolicy,16.985373961226248,46.49501182690756,158.1026479060545,0.9142857142857143,0.68,0.0,2.4001320117329645,2.4001320117329645,35,50,35
gaussian30,double,20261020,TS-H1-on,onpolicy,16.985373961226248,63.948480985445634,158.1026479060545,0.9142857142857143,0.58,0.0,2.4001320117329645,2.4001320117329645,35,50,35
gaussian30,double,20261020,UCB-H1-fit,model,16.985373961226248,59.81080340761028,81.67613555197717,0.9142857142857143,0.62,0.37142857142857144,2.4001320117329645,2.4001320117329645,35,50,35
gaussian30,double,20261020,TS-H1-fit,model,16.985373961226248,167.01641628290454,159.18997247170836,0.9142857142857143,0.24,0.0,2.4001320117329645,2.4001320117329645,35,50,35
gaussian30,double,20261021,UCB,oracle,16.973064987663797,191.82629194246084,152.32758838626884,0.9142857142857143,0.2,0.0,0.0,2.5261980155685313,35,50,35
gaussian30,double,20261021,DUCB,oracle,16.973064987663797,50.35148141700856,74.7260002309976,0.9142857142857143,0.68,0.4,0.0,2.5261980155685313,35,50,35
gaussian30,double,20261021,TS,oracle,16.973064987663797,224.49717792180735,176.1170810205879,0.9142857142857143,0.02,0.0,0.0,2.5261980155685313,35,50,35
gaussian30,double,20261021,EG05,oracle,21.726037596415814,225.88575239430043,175.59639214084623,0.8857142857142857,0.02,0.0,0.0,2.5261980155685313,35,50,35
gaussian30,double,20261021,EG10,oracle,26.05124832928355,227.63760778076045,115.99666062772727,0.8571428571428571,0.02,0.3142857142857143,0.0,2.5261980155685313,35,50,35
gaussian30,double,20261021,EG15,oracle,35.92242975414578,126.4566038692978,143.63444125267398,0.8,0.44,0.08571428571428572,0.0,2.5261980155685313,35,50,35
gaussian30,double,20261021,UCB-H1,oracle,16.973064987663797,72.24184204743224,23.887043799622052,0.9142857142857143,0.6,0.6571428571428571,2.5261980155685313,2.5261980155685313,35,50,35
gaussian30,double,20261021,UCB-H2,oracle,16.973064987663797,29.309822866327394,19.943680903948056,0.9142857142857143,0.76,0.6857142857142857,5.052396031137063,2.5261980155685313,35,50,35
gaussian30,double,20261021,TS-H1,oracle,16.973064987663797,153.0924735755228,80.03419974434897,0.9142857142857143,0.34,0.37142857142857144,2.5261980155685313,2.5261980155685313,35,50,35
gaussian30,double,20261021,TS-H2,oracle,16.973064987663797,84.37215100740943,50.931922902485184,0.9142857142857143,0.56,0.5142857142857142,5.052396031137063,2.5261980155685313,35,50,35
gaussian30,double,20261021,EG10-H1,oracle,26.752098845234176,109.37814081338605,151.50028021881585,0.8571428571428571,0.46,0.0,2.5261980155685313,2.5261980155685313,35,50,35
gaussian30,double,20261021,UCB-H1-on,onpolicy,16.973064987663797,52.80300356529805,159.30267409364225,0.9142857142857143,0.7,0.0,2.5261980155685313,2.5261980155685313,35,50,35
gaussian30,double,20261021,TS-H1-on,onpolicy,16.973064987663797,86.49142012826478,158.67350058442983,0.9142857142857143,0.52,0.0,2.5261980155685313,2.5261980155685313,35,50,35
gaussian30,double,20261021,UCB-H1-fit,model,16.973064987663797,72.8129189359376,23.887043799622052,0.9142857142857143,0.6,0.6571428571428571,2.5261980155685313,2.5261980155685313,35,50,35
gaussian30,double,20261021,TS-H1-fit,model,16.973064987663797,222.0724213757662,58.463321218491096,0.9142857142857143,0.04,0.4857142857142857,2.5261980155685313,2.5261980155685313,35,50,35
gaussian12,single,20261018,UCB,oracle,11.02074788693119,23.529399327640185,0.0,0.94,0.4,0.0,0.0,1.6429391222280285,50,30,0
gaussian12,single,20261018,DUCB,oracle,11.02074788693119,6.165685078522424,0.0,0.94,0.7666666666666667,0.0,0.0,1.6429391222280285,50,30,0
gaussian12,single,20261018,TS,oracle,11.02074788693119,54.90734481660692,0.0,0.94,0.03333333333333333,0.0,0.0,1.6429391222280285,50,30,0
gaussian12,single,20261018,EG05,oracle,22.016381389773784,52.86448194151735,0.0,0.88,0.06666666666666667,0.0,0.0,1.6429391222280285,50,30,0
gaussian12,single,20261018,EG10,oracle,20.004162904392523,55.772597301269144,0.0,0.88,0.03333333333333333,0.0,0.0,1.6429391222280285,50,30,0
gaussian12,single,20261018,EG15,oracle,19.434313857433587,57.90792778749269,0.0,0.88,0.03333333333333333,0.0,0.0,1.6429391222280285,50,30,0
gaussian12,single,20261018,UCB-H1,oracle,11.02074788693119,7.83519961074119,0.0,0.94,0.7,0.0,1.6429391222280285,1.6429391222280285,50,30,0
gaussian12,single,20261018,UCB-H2,oracle,11.02074788693119,4.062766489455671,0.0,0.94,0.8333333333333334,0.0,3.285878244456057,1.6429391222280285,50,30,0
gaussian12,single,20261018,TS-H1,oracle,11.02074788693119,55.879414904445206,0.0,0.94,0.03333333333333333,0.0,1.6429391222280285,1.6429391222280285,50,30,0
gaussian12,single,20261018,TS-H2,oracle,11.02074788693119,15.928758463245266,0.0,0.94,0.5,0.0,3.285878244456057,1.6429391222280285,50,30,0
gaussian12,single,20261018,EG10-H1,oracle,17.852001532139116,55.87800756813286,0.0,0.88,0.03333333333333333,0.0,1.6429391222280285,1.6429391222280285,50,30,0
gaussian12,single,20261018,UCB-H1-on,onpolicy,18.21393004284652,26.85010993652734,0.0,0.82,0.43333333333333335,0.0,1.6429391222280285,1.6429391222280285,50,30,0
gaussian12,single,20261018,TS-H1-on,onpolicy,13.185855940221272,33.12753178093819,0.0,0.92,0.4,0.0,1.6429391222280285,1.6429391222280285,50,30,0
gaussian12,single,20261018,UCB-H1-fit,model,11.02074788693119,8.187943112183,0.0,0.94,0.7,0.0,1.6429391222280285,1.6429391222280285,50,30,0
gaussian12,single,20261018,TS-H1-fit,model,11.02074788693119,38.128222545825906,0.0,0.94,0.2,0.0,1.6429391222280285,1.6429391222280285,50,30,0
gaussian12,single,20261019,UCB,oracle,10.79681042906692,7.605328066652254,0.0,0.92,0.6333333333333333,0.0,0.0,1.579000065409684,50,30,0
gaussian12,single,20261019,DUCB,oracle,10.79681042906692,0.5928646260610126,0.0,0.92,0.9,0.0,0.0,1.579000065409684,50,30,0
gaussian12,single,20261019,TS,oracle,10.79681042906692,38.48301312727606,0.0,0.92,0.2,0.0,0.0,1.579000065409684,50,30,0
gaussian12,single,20261019,EG05,oracle,14.28864505323706,50.16304566628818,0.0,0.9,0.06666666666666667,0.0,0.0,1.579000065409684,50,30,0
gaussian12,single,20261019,EG10,oracle,16.884516307968003,55.79474060681483,0.0,0.88,0.03333333333333333,0.0,0.0,1.579000065409684,50,30,0
gaussian12,single,20261019,EG15,oracle,31.426988999563402,50.579837338349364,0.0,0.76,0.1,0.0,0.0,1.579000065409684,50,30,0
gaussian12,single,20261019,UCB-H1,oracle,10.79681042906692,4.62468772053146,0.0,0.92,0.7666666666666667,0.0,1.579000065409684,1.579000065409684,50,30,0
gaussian12,single,20261019,UCB-H2,oracle,12.227416514570525,1.8457368375123049,0.0,0.92,0.8333333333333334,0.0,3.158000130819368,1.579000065409684,50,30,0
gaussian12,single,20261019,TS-H1,oracle,10.79681042906692,27.59559981306662,0.0,0.92,0.3,0.0,1.579000065409684,1.579000065409684,50,30,0
gaussian12,single,20261019,TS-H2,oracle,13.134786532567542,10.556164784454372,0.0,0.9,0.5666666666666667,0.0,3.158000130819368,1.579000065409684,50,30,0
gaussian12,single,20261019,EG10-H1,oracle,20.53051702972665,52.40874988606907,0.0,0.82,0.03333333333333333,0.0,1.579000065409684,1.579000065409684,50,30,0
gaussian12,single,20261019,UCB-H1-on,onpolicy,15.320521143138649,31.20763314284346,0.0,0.86,0.43333333333333335,0.0,1.579000065409684,1.579000065409684,50,30,0
gaussian12,single,20261019,TS-H1-on,onpolicy,10.79681042906692,25.917837548886766,0.0,0.92,0.36666666666666664,0.0,1.579000065409684,1.579000065409684,50,30,0
gaussian12,single,20261019,UCB-H1-fit,model,10.79681042906692,4.063110542961861,0.0,0.92,0.8,0.0,1.579000065409684,1.579000065409684,50,30,0
gaussian12,single,20261019,TS-H1-fit,model,10.79681042906692,18.85934773624273,0.0,0.92,0.43333333333333335,0.0,1.579000065409684,1.579000065409684,50,30,0
gaussian12,single,20261020,UCB,oracle,11.463256695018622,41.113338995811745,0.0,0.92,0.16666666666666666,0.0,0.0,1.6927727700015325,50,30,0
gaussian12,single,20261020,DUCB,oracle,11.463256695018622,10.931665735199633,0.0,0.92,0.6333333333333333,0.0,0.0,1.6927727700015325,50,30,0
gaussian12,single,20261020,TS,oracle,11.463256695018622,53.306926674063696,0.0,0.92,0.03333333333333333,0.0,0.0,1.6927727700015325,50,30,0
gaussian12,single,20261020,EG05,oracle,17.43666260607527,52.87504930547469,0.0,0.88,0.06666666666666667,0.0,0.0,1.6927727700015325,50,30,0
gaussian12,single,20261020,EG10,oracle,24.691888174123484,54.828023978086335,0.0,0.82,0.03333333333333333,0.0,0.0,1.6927727700015325,50,30,0
gaussian12,single,20261020,EG15,oracle,31.15623185685105,54.34370241761998,0.0,0.76,0.06666666666666667,0.0,0.0,1.6927727700015325,50,30,0
gaussian12,single,20261020,UCB-H1,oracle,11.463256695018622,10.504425489871618,0.0,0.92,0.6333333333333333,0.0,1.6927727700015325,1.6927727700015325,50,30,0
gaussian12,single,20261020,UCB-H2,oracle,13.260431339991074,7.092800663346118,0.0,0.9,0.7,0.0,3.385545540003065,1.6927727700015325,50,30,0
gaussian12,single,20261020,TS-H1,oracle,14.388909164797491,53.99397188125926,0.0,0.9,0.03333333333333333,0.0,1.6927727700015325,1.6927727700015325,50,30,0
gaussian12,single,20261020,TS-H2,oracle,11.463256695018622,20.96206469789062,0.0,0.92,0.4,0.0,3.385545540003065,1.6927727700015325,50,30,0
gaussian12,single,20261020,EG10-H1,oracle,29.166035506323045,52.41164477172279,0.0,0.8,0.06666666666666667,0.0,1.6927727700015325,1.6927727700015325,50,30,0
gaussian12,single,20261020,UCB-H1-on,onpolicy,19.614028469230913,33.5079952762183,0.0,0.76,0.36666666666666664,0.0,1.6927727700015325,1.6927727700015325,50,30,0
gaussian12,single,20261020,TS-H1-on,onpolicy,13.42992645159456,35.97598654571835,0.0,0.92,0.3333333333333333,0.0,1.6927727700015325,1.6927727700015325,50,30,0
gaussian12,single,20261020,UCB-H1-fit,model,11.463256695018622,10.504425489871618,0.0,0.92,0.6333333333333333,0.0,1.6927727700015325,1.6927727700015325,50,30,0
gaussian12,single,20261020,TS-H1-fit,model,14.780460797161798,54.87900371368588,0.0,0.9,0.03333333333333333,0.0,1.6927727700015325,1.6927727700015325,50,30,0
gaussian12,single,20261021,UCB,oracle,10.193675940470948,6.471421962250853,0.0,0.92,0.6666666666666666,0.0,0.0,1.530729831055323,50,30,0
gaussian12,single,20261021,DUCB,oracle,10.193675940470948,0.7553511749120028,0.0,0.92,0.9,0.0,0.0,1.530729831055323,50,30,0
gaussian12,single,20261021,TS,oracle,10.193675940470948,54.66393774406339,0.0,0.92,0.0,0.0,0.0,1.530729831055323,50,30,0
gaussian12,single,20261021,EG05,oracle,13.355778234863928,54.66393774406339,0.0,0.9,0.0,0.0,0.0,1.530729831055323,50,30,0
gaussian12,single,20261021,EG10,oracle,20.38313682052817,56.961509926730464,0.0,0.86,0.0,0.0,0.0,1.530729831055323,50,30,0
gaussian12,single,20261021,EG15,oracle,27.02705983256041,53.94796106288403,0.0,0.78,0.03333333333333333,0.0,0.0,1.530729831055323,50,30,0
gaussian12,single,20261021,UCB-H1,oracle,10.193675940470948,4.090654013270455,0.0,0.92,0.8,0.0,1.530729831055323,1.530729831055323,50,30,0
gaussian12,single,20261021,UCB-H2,oracle,12.037907099163375,2.8220698713957275,0.0,0.9,0.8,0.0,3.061459662110646,1.530729831055323,50,30,0
gaussian12,single,20261021,TS-H1,oracle,10.193675940470948,22.570887871158888,0.0,0.92,0.36666666666666664,0.0,1.530729831055323,1.530729831055323,50,30,0
gaussian12,single,20261021,TS-H2,oracle,10.193675940470948,44.844800742961155,0.0,0.92,0.1,0.0,3.061459662110646,1.530729831055323,50,30,0
gaussian12,single,20261021,EG10-H1,oracle,19.0001755894577,43.70866131914931,0.0,0.86,0.16666666666666666,0.0,1.530729831055323,1.530729831055323,50,30,0
gaussian12,single,20261021,UCB-H1-on,onpolicy,18.827186991451146,34.59780288814186,0.0,0.78,0.3333333333333333,0.0,1.530729831055323,1.530729831055323,50,30,0
gaussian12,single,20261021,TS-H1-on,onpolicy,12.117939973402502,25.270487971132365,0.0,0.9,0.43333333333333335,0.0,1.530729831055323,1.530729831055323,50,30,0
gaussian12,single,20261021,UCB-H1-fit,model,10.193675940470948,4.090654013270455,0.0,0.92,0.8,0.0,1.530729831055323,1.530729831055323,50,30,0
gaussian12,single,20261021,TS-H1-fit,model,10.193675940470948,54.810601320747914,0.0,0.92,0.0,0.0,1.530729831055323,1.530729831055323,50,30,0
gaussian12,double,20261018,UCB,oracle,10.403212259553587,41.35954457718902,96.8127739135901,0.8857142857142857,0.6,0.0,0.0,1.5848629884081797,35,50,35
gaussian12,double,20261018,DUCB,oracle,10.403212259553587,14.011510866778554,41.80950479740306,0.8857142857142857,0.78,0.45714285714285713,0.0,1.5848629884081797,35,50,35
gaussian12,double,20261018,TS,oracle,12.32961014206203,112.37548667401629,103.02651362820764,0.8571428571428571,0.18,0.0,0.0,1.5848629884081797,35,50,35
gaussian12,double,20261018,EG05,oracle,21.44975544735898,130.55706921384868,112.85454146237959,0.8,0.02,0.0,0.0,1.5848629884081797,35,50,35
gaussian12,double,20261018,EG10,oracle,19.586045913322746,133.89667190673956,111.27429463735443,0.8,0.0,0.0,0.0,1.5848629884081797,35,50,35
gaussian12,double,20261018,EG15,oracle,16.36528849200471,133.64059508838974,106.40491870690514,0.8285714285714286,0.0,0.02857142857142857,0.0,1.5848629884081797,35,50,35
gaussian12,double,20261018,UCB-H1,oracle,10.403212259553587,9.442551838072767,5.493273912801529,0.8857142857142857,0.82,0.8,1.5848629884081797,1.5848629884081797,35,50,35
gaussian12,double,20261018,UCB-H2,oracle,10.403212259553587,9.553162578929333,5.493273912801529,0.8857142857142857,0.82,0.8,3.1697259768163595,1.5848629884081797,35,50,35
gaussian12,double,20261018,TS-H1,oracle,10.403212259553587,41.42494702603297,53.792897331969115,0.8857142857142857,0.6,0.34285714285714286,1.5848629884081797,1.5848629884081797,35,50,35
gaussian12,double,20261018,TS-H2,oracle,10.403212259553587,22.670431650133764,46.10809803654501,0.8857142857142857,0.72,0.4,3.1697259768163595,1.5848629884081797,35,50,35
gaussian12,double,20261018,EG10-H1,oracle,15.0310399916353,125.41977679659605,97.82057937456163,0.8285714285714286,0.1,0.0,1.5848629884081797,1.5848629884081797,35,50,35
gaussian12,double,20261018,UCB-H1-on,onpolicy,12.622961516617782,26.133010291461186,97.88301705902134,0.8571428571428571,0.74,0.02857142857142857,1.5848629884081797,1.5848629884081797,35,50,35
gaussian12,double,20261018,TS-H1-on,onpolicy,10.403212259553587,30.363572441541695,102.6427718174342,0.8857142857142857,0.64,0.0,1.5848629884081797,1.5848629884081797,35,50,35
gaussian12,double,20261018,UCB-H1-fit,model,10.403212259553587,15.895618577971442,5.493273912801529,0.8857142857142857,0.76,0.8,1.5848629884081797,1.5848629884081797,35,50,35
gaussian12,double,20261018,TS-H1-fit,model,10.403212259553587,73.93631110917813,98.86132675060993,0.8857142857142857,0.42,0.0,1.5848629884081797,1.5848629884081797,35,50,35
gaussian12,double,20261019,UCB,oracle,9.91094350615926,7.776866061039917,4.120105368698774,0.9142857142857143,0.86,0.8285714285714286,0.0,1.5012726877756821,35,50,35
gaussian12,double,20261019,DUCB,oracle,9.91094350615926,2.1475516839458084,0.797696559414041,0.9142857142857143,0.94,0.9142857142857143,0.0,1.5012726877756821,35,50,35
gaussian12,double,20261019,TS,oracle,9.91094350615926,80.52355276806755,95.89025379742577,0.9142857142857143,0.42,0.0,0.0,1.5012726877756821,35,50,35
gaussian12,double,20261019,EG05,oracle,13.151036633343747,92.91262428160597,95.79360126180299,0.8857142857142857,0.34,0.0,0.0,1.5012726877756821,35,50,35
gaussian12,double,20261019,EG10,oracle,15.590935559961332,134.1587283525989,48.38451091313397,0.8571428571428571,0.04,0.4857142857142857,0.0,1.5012726877756821,35,50,35
gaussian12,double,20261019,EG15,oracle,20.117493732635275,60.673839308518936,91.60460092406367,0.8,0.54,0.02857142857142857,0.0,1.5012726877756821,35,50,35
gaussian12,double,20261019,UCB-H1,oracle,9.91094350615926,2.1475516839458084,2.962043675420865,0.9142857142857143,0.94,0.8857142857142857,1.5012726877756821,1.5012726877756821,35,50,35
gaussian12,double,20261019,UCB-H2,oracle,9.91094350615926,3.4608771611160405,0.797696559414041,0.9142857142857143,0.94,0.9142857142857143,3.0025453755513642,1.5012726877756821,35,50,35
gaussian12,double,20261019,TS-H1,oracle,9.91094350615926,21.821252677470373,46.68856124416255,0.9142857142857143,0.76,0.4,1.5012726877756821,1.5012726877756821,35,50,35
gaussian12,double,20261019,TS-H2,oracle,11.364390724262577,20.46353618172785,28.277580593299103,0.8857142857142857,0.76,0.5428571428571428,3.0025453755513642,1.5012726877756821,35,50,35
gaussian12,double,20261019,EG10-H1,oracle,13.162973376870138,28.043591124144225,92.99146419934266,0.8857142857142857,0.74,0.02857142857142857,1.5012726877756821,1.5012726877756821,35,50,35
gaussian12,double,20261019,UCB-H1-on,onpolicy,14.571604825427025,23.496668608863718,93.57280234938732,0.8285714285714286,0.74,0.05714285714285714,1.5012726877756821,1.5012726877756821,35,50,35
gaussian12,double,20261019,TS-H1-on,onpolicy,9.91094350615926,24.963590766959005,101.8831953230597,0.9142857142857143,0.72,0.0,1.5012726877756821,1.5012726877756821,35,50,35
gaussian12,double,20261019,UCB-H1-fit,model,9.91094350615926,8.634631386691748,4.006406333158537,0.9142857142857143,0.86,0.8285714285714286,1.5012726877756821,1.5012726877756821,35,50,35
gaussian12,double,20261019,TS-H1-fit,model,9.91094350615926,26.83622287062725,42.993363116981286,0.9142857142857143,0.72,0.42857142857142855,1.5012726877756821,1.5012726877756821,35,50,35
gaussian12,double,20261020,UCB,oracle,10.0065321876675,18.397854317718487,20.219820551169736,0.9142857142857143,0.76,0.6285714285714286,0.0,1.5583985024182654,35,50,35
gaussian12,double,20261020,DUCB,oracle,10.0065321876675,4.596243763358534,6.857671776797226,0.9142857142857143,0.88,0.8,0.0,1.5583985024182654,35,50,35
gaussian12,double,20261020,TS,oracle,10.0065321876675,134.15240426477052,105.97877033159926,0.9142857142857143,0.02,0.0,0.0,1.5583985024182654,35,50,35
gaussian12,double,20261020,EG05,oracle,15.416877302089551,87.7793597362501,97.55334013336005,0.8571428571428571,0.36,0.0,0.0,1.5583985024182654,35,50,35
gaussian12,double,20261020,EG10,oracle,13.4095039190596,137.65689238828716,106.04700818328595,0.8571428571428571,0.02,0.02857142857142857,0.0,1.5583985024182654,35,50,35
gaussian12,double,20261020,EG15,oracle,24.255681165178387,85.0495293659513,100.35651598797041,0.7714285714285715,0.38,0.02857142857142857,0.0,1.5583985024182654,35,50,35
gaussian12,double,20261020,UCB-H1,oracle,10.0065321876675,9.094938615947857,6.097381716183055,0.9142857142857143,0.84,0.8,1.5583985024182654,1.5583985024182654,35,50,35
gaussian12,double,20261020,UCB-H2,oracle,10.0065321876675,5.416189609168183,6.097381716183055,0.9142857142857143,0.88,0.8,3.1167970048365308,1.5583985024182654,35,50,35
gaussian12,double,20261020,TS-H1,oracle,12.048231611947147,71.02510712452055,34.81555057980359,0.8857142857142857,0.46,0.5142857142857142,1.5583985024182654,1.5583985024182654,35,50,35
gaussian12,double,20261020,TS-H2,oracle,10.0065321876675,19.16473956578859,30.02257682721248,0.9142857142857143,0.76,0.5428571428571428,3.1167970048365308,1.5583985024182654,35,50,35
gaussian12,double,20261020,EG10-H1,oracle,24.865111167108243,100.75376681086097,93.04755395438143,0.7714285714285715,0.3,0.02857142857142857,1.5583985024182654,1.5583985024182654,35,50,35
gaussian12,double,20261020,UCB-H1-on,onpolicy,12.618154573974948,27.035460129642644,101.72254756327442,0.8571428571428571,0.74,0.0,1.5583985024182654,1.5583985024182654,35,50,35
gaussian12,double,20261020,TS-H1-on,onpolicy,10.0065321876675,40.766476669173436,79.89832373211152,0.9142857142857143,0.64,0.2,1.5583985024182654,1.5583985024182654,35,50,35
gaussian12,double,20261020,UCB-H1-fit,model,10.0065321876675,8.757373743117661,6.097381716183055,0.9142857142857143,0.84,0.8,1.5583985024182654,1.5583985024182654,35,50,35
gaussian12,double,20261020,TS-H1-fit,model,13.382928355547929,24.372864800290248,97.23537722898281,0.8857142857142857,0.72,0.0,1.5583985024182654,1.5583985024182654,35,50,35
gaussian12,double,20261021,UCB,oracle,10.374967394450936,20.528772137982116,12.16494570391686,0.9142857142857143,0.72,0.7428571428571429,0.0,1.673150808534121,35,50,35
gaussian12,double,20261021,DUCB,oracle,10.374967394450936,5.018885470219895,4.49109937209446,0.9142857142857143,0.84,0.8857142857142857,0.0,1.673150808534121,35,50,35
gaussian12,double,20261021,TS,oracle,10.374967394450936,116.38994878166253,93.47247996380887,0.9142857142857143,0.16,0.02857142857142857,0.0,1.673150808534121,35,50,35
gaussian12,double,20261021,EG05,oracle,13.217247349911927,136.00504793518016,103.60688987352462,0.8857142857142857,0.0,0.0,0.0,1.673150808534121,35,50,35
gaussian12,double,20261021,EG10,oracle,16.12836037736406,135.75347369921772,95.61750820028445,0.8571428571428571,0.0,0.08571428571428572,0.0,1.673150808534121,35,50,35
gaussian12,double,20261021,EG15,oracle,22.07831943566283,81.0823691813911,87.8427646506886,0.8,0.4,0.11428571428571428,0.0,1.673150808534121,35,50,35
gaussian12,double,20261021,UCB-H1,oracle,10.374967394450936,8.15139695486339,5.776611553578126,0.9142857142857143,0.82,0.8285714285714286,1.673150808534121,1.673150808534121,35,50,35
gaussian12,double,20261021,UCB-H2,oracle,10.374967394450936,6.210194603202488,4.322427479575892,0.9142857142857143,0.84,0.8571428571428571,3.346301617068242,1.673150808534121,35,50,35
gaussian12,double,20261021,TS-H1,oracle,10.374967394450936,35.15991722443912,54.971643677006504,0.9142857142857143,0.64,0.37142857142857144,1.673150808534121,1.673150808534121,35,50,35
gaussian12,double,20261021,TS-H2,oracle,10.374967394450936,21.616173387722874,23.789590436036864,0.9142857142857143,0.72,0.6285714285714286,3.346301617068242,1.673150808534121,35,50,35
gaussian12,double,20261021,EG10-H1,oracle,17.278445304988654,68.33045176820913,94.61453844091501,0.8571428571428571,0.44,0.02857142857142857,1.673150808534121,1.673150808534121,35,50,35
gaussian12,double,20261021,UCB-H1-on,onpolicy,12.923842178568094,30.24913928161284,96.87799558911549,0.8285714285714286,0.68,0.02857142857142857,1.673150808534121,1.673150808534121,35,50,35
gaussian12,double,20261021,TS-H1-on,onpolicy,10.374967394450936,49.105518781990845,96.76758669406257,0.9142857142857143,0.54,0.02857142857142857,1.673150808534121,1.673150808534121,35,50,35
gaussian12,double,20261021,UCB-H1-fit,model,10.374967394450936,7.6241212451287845,5.776611553578126,0.9142857142857143,0.82,0.8285714285714286,1.673150808534121,1.673150808534121,35,50,35
gaussian12,double,20261021,TS-H1-fit,model,10.374967394450936,11.791272137953653,54.03468359000188,0.9142857142857143,0.78,0.37142857142857144,1.673150808534121,1.673150808534121,35,50,35
student_t5,single,20261018,UCB,oracle,17.16153187866285,85.91288456324598,0.0,0.92,0.03333333333333333,0.0,0.0,2.617714196093313,50,30,0
student_t5,single,20261018,DUCB,oracle,17.16153187866285,21.470645854675556,0.0,0.92,0.5333333333333333,0.0,0.0,2.617714196093313,50,30,0
student_t5,single,20261018,TS,oracle,17.16153187866285,85.91288456324598,0.0,0.92,0.03333333333333333,0.0,0.0,2.617714196093313,50,30,0
student_t5,single,20261018,EG05,oracle,32.17577496520574,82.6919355481928,0.0,0.86,0.06666666666666667,0.0,0.0,2.617714196093313,50,30,0
student_t5,single,20261018,EG10,oracle,31.529722333101944,86.47640984278543,0.0,0.86,0.03333333333333333,0.0,0.0,2.617714196093313,50,30,0
student_t5,single,20261018,EG15,oracle,29.953112631198827,90.9659013237674,0.0,0.86,0.03333333333333333,0.0,0.0,2.617714196093313,50,30,0
student_t5,single,20261018,UCB-H1,oracle,17.16153187866285,30.472420100263683,0.0,0.92,0.43333333333333335,0.0,2.617714196093313,2.617714196093313,50,30,0
student_t5,single,20261018,UCB-H2,oracle,17.16153187866285,12.704474885781742,0.0,0.92,0.6666666666666666,0.0,5.235428392186626,2.617714196093313,50,30,0
student_t5,single,20261018,TS-H1,oracle,17.16153187866285,85.91288456324598,0.0,0.92,0.03333333333333333,0.0,2.617714196093313,2.617714196093313,50,30,0
student_t5,single,20261018,TS-H2,oracle,17.16153187866285,40.01427577951307,0.0,0.92,0.3333333333333333,0.0,5.235428392186626,2.617714196093313,50,30,0
student_t5,single,20261018,EG10-H1,oracle,28.871799578602726,87.85211458756343,0.0,0.86,0.03333333333333333,0.0,2.617714196093313,2.617714196093313,50,30,0
student_t5,single,20261018,UCB-H1-on,onpolicy,20.46497989971771,53.86324468641653,0.0,0.84,0.36666666666666664,0.0,2.617714196093313,2.617714196093313,50,30,0
student_t5,single,20261018,TS-H1-on,onpolicy,17.16153187866285,43.153231982200346,0.0,0.92,0.43333333333333335,0.0,2.617714196093313,2.617714196093313,50,30,0
student_t5,single,20261018,UCB-H1-fit,model,17.16153187866285,30.472420100263683,0.0,0.92,0.43333333333333335,0.0,2.617714196093313,2.617714196093313,50,30,0
student_t5,single,20261018,TS-H1-fit,model,17.16153187866285,84.80912825030862,0.0,0.92,0.03333333333333333,0.0,2.617714196093313,2.617714196093313,50,30,0
student_t5,single,20261019,UCB,oracle,16.7488353877437,80.64384991341595,0.0,0.92,0.0,0.0,0.0,2.5294081646901563,50,30,0
student_t5,single,20261019,DUCB,oracle,16.7488353877437,66.2013424480508,0.0,0.92,0.1,0.0,0.0,2.5294081646901563,50,30,0
student_t5,single,20261019,TS,oracle,16.7488353877437,80.64384991341595,0.0,0.92,0.0,0.0,0.0,2.5294081646901563,50,30,0
student_t5,single,20261019,EG05,oracle,22.599929766461436,76.97212621812773,0.0,0.9,0.03333333333333333,0.0,0.0,2.5294081646901563,50,30,0
student_t5,single,20261019,EG10,oracle,26.643497485771054,86.12806164127721,0.0,0.88,0.0,0.0,0.0,2.5294081646901563,50,30,0
student_t5,single,20261019,EG15,oracle,48.651098723598906,77.46985834299088,0.0,0.76,0.06666666666666667,0.0,0.0,2.5294081646901563,50,30,0
student_t5,single,20261019,UCB-H1,oracle,16.7488353877437,81.32668281669999,0.0,0.92,0.0,0.0,2.5294081646901563,2.5294081646901563,50,30,0
student_t5,single,20261019,UCB-H2,oracle,16.7488353877437,31.303468731374657,0.0,0.92,0.4,0.0,5.058816329380313,2.5294081646901563,50,30,0
student_t5,single,20261019,TS-H1,oracle,16.7488353877437,80.64384991341595,0.0,0.92,0.0,0.0,2.5294081646901563,2.5294081646901563,50,30,0
student_t5,single,20261019,TS-H2,oracle,16.7488353877437,71.01382600674945,0.0,0.92,0.06666666666666667,0.0,5.058816329380313,2.5294081646901563,50,30,0
student_t5,single,20261019,EG10-H1,oracle,31.929246533849415,81.53082796473473,0.0,0.82,0.0,0.0,2.5294081646901563,2.5294081646901563,50,30,0
student_t5,single,20261019,UCB-H1-on,onpolicy,18.98003746640444,33.39609863261288,0.0,0.92,0.4666666666666667,0.0,2.5294081646901563,2.5294081646901563,50,30,0
student_t5,single,20261019,TS-H1-on,onpolicy,16.7488353877437,77.06064902631661,0.0,0.92,0.03333333333333333,0.0,2.5294081646901563,2.5294081646901563,50,30,0
student_t5,single,20261019,UCB-H1-fit,model,16.7488353877437,81.32668281669999,0.0,0.92,0.0,0.0,2.5294081646901563,2.5294081646901563,50,30,0
student_t5,single,20261019,TS-H1-fit,model,16.7488353877437,80.64384991341595,0.0,0.92,0.0,0.0,2.5294081646901563,2.5294081646901563,50,30,0
student_t5,single,20261020,UCB,oracle,16.306898377473082,85.77545465583334,0.0,0.94,0.03333333333333333,0.0,0.0,2.5948647069328827,50,30,0
student_t5,single,20261020,DUCB,oracle,16.306898377473082,38.43403841644214,0.0,0.94,0.36666666666666664,0.0,0.0,2.5948647069328827,50,30,0
student_t5,single,20261020,TS,oracle,16.306898377473082,85.77545465583334,0.0,0.94,0.03333333333333333,0.0,0.0,2.5948647069328827,50,30,0
student_t5,single,20261020,EG05,oracle,26.314274033841965,84.22123868030009,0.0,0.9,0.06666666666666667,0.0,0.0,2.5948647069328827,50,30,0
student_t5,single,20261020,EG10,oracle,35.044883709264774,86.69291568823421,0.0,0.84,0.03333333333333333,0.0,0.0,2.5948647069328827,50,30,0
student_t5,single,20261020,EG15,oracle,44.584098773398466,86.45914212985001,0.0,0.78,0.06666666666666667,0.0,0.0,2.5948647069328827,50,30,0
student_t5,single,20261020,UCB-H1,oracle,16.306898377473082,47.641134233530664,0.0,0.94,0.3,0.0,2.5948647069328827,2.5948647069328827,50,30,0
student_t5,single,20261020,UCB-H2,oracle,16.306898377473082,21.10829704400001,0.0,0.94,0.5666666666666667,0.0,5.1897294138657655,2.5948647069328827,50,30,0
student_t5,single,20261020,TS-H1,oracle,16.306898377473082,85.86683597586895,0.0,0.94,0.03333333333333333,0.0,2.5948647069328827,2.5948647069328827,50,30,0
student_t5,single,20261020,TS-H2,oracle,16.306898377473082,34.27292551063059,0.0,0.94,0.4,0.0,5.1897294138657655,2.5948647069328827,50,30,0
student_t5,single,20261020,EG10-H1,oracle,43.849369005331965,82.41627763375128,0.0,0.82,0.06666666666666667,0.0,2.5948647069328827,2.5948647069328827,50,30,0
student_t5,single,20261020,UCB-H1-on,onpolicy,19.283461432153395,47.40767823289964,0.0,0.92,0.43333333333333335,0.0,2.5948647069328827,2.5948647069328827,50,30,0
student_t5,single,20261020,TS-H1-on,onpolicy,19.6245497424327,49.45895725687633,0.0,0.92,0.36666666666666664,0.0,2.5948647069328827,2.5948647069328827,50,30,0
student_t5,single,20261020,UCB-H1-fit,model,16.306898377473082,47.641134233530664,0.0,0.94,0.3,0.0,2.5948647069328827,2.5948647069328827,50,30,0
student_t5,single,20261020,TS-H1-fit,model,16.306898377473082,86.50571302443632,0.0,0.94,0.03333333333333333,0.0,2.5948647069328827,2.5948647069328827,50,30,0
student_t5,single,20261021,UCB,oracle,16.112310932982528,83.73302397888602,0.0,0.94,0.03333333333333333,0.0,0.0,2.3886003390100257,50,30,0
student_t5,single,20261021,DUCB,oracle,16.112310932982528,54.28000877861416,0.0,0.94,0.23333333333333334,0.0,0.0,2.3886003390100257,50,30,0
student_t5,single,20261021,TS,oracle,16.112310932982528,83.73302397888602,0.0,0.94,0.03333333333333333,0.0,0.0,2.3886003390100257,50,30,0
student_t5,single,20261021,EG05,oracle,21.119384903477442,83.73302397888602,0.0,0.92,0.03333333333333333,0.0,0.0,2.3886003390100257,50,30,0
student_t5,single,20261021,EG10,oracle,32.627078590177504,88.25800134613732,0.0,0.86,0.03333333333333333,0.0,0.0,2.3886003390100257,50,30,0
student_t5,single,20261021,EG15,oracle,44.051177346016615,83.9577783709123,0.0,0.8,0.06666666666666667,0.0,0.0,2.3886003390100257,50,30,0
student_t5,single,20261021,UCB-H1,oracle,16.112310932982528,84.3325572499817,0.0,0.94,0.03333333333333333,0.0,2.3886003390100257,2.3886003390100257,50,30,0
student_t5,single,20261021,UCB-H2,oracle,16.112310932982528,30.529725259466062,0.0,0.94,0.43333333333333335,0.0,4.777200678020051,2.3886003390100257,50,30,0
student_t5,single,20261021,TS-H1,oracle,16.112310932982528,83.73302397888602,0.0,0.94,0.03333333333333333,0.0,2.3886003390100257,2.3886003390100257,50,30,0
student_t5,single,20261021,TS-H2,oracle,16.112310932982528,83.73302397888602,0.0,0.94,0.03333333333333333,0.0,4.777200678020051,2.3886003390100257,50,30,0
student_t5,single,20261021,EG10-H1,oracle,30.653858639814278,69.37001649303552,0.0,0.88,0.16666666666666666,0.0,2.3886003390100257,2.3886003390100257,50,30,0
student_t5,single,20261021,UCB-H1-on,onpolicy,19.42757309753633,30.225520009322416,0.0,0.92,0.5,0.0,2.3886003390100257,2.3886003390100257,50,30,0
student_t5,single,20261021,TS-H1-on,onpolicy,16.112310932982528,86.3440758402312,0.0,0.94,0.03333333333333333,0.0,2.3886003390100257,2.3886003390100257,50,30,0
student_t5,single,20261021,UCB-H1-fit,model,16.112310932982528,84.3325572499817,0.0,0.94,0.03333333333333333,0.0,2.3886003390100257,2.3886003390100257,50,30,0
student_t5,single,20261021,TS-H1-fit,model,16.112310932982528,83.73302397888602,0.0,0.94,0.03333333333333333,0.0,2.3886003390100257,2.3886003390100257,50,30,0
student_t5,double,20261018,UCB,oracle,16.253035105537336,101.63858405437902,152.39282165071103,0.9142857142857143,0.46,0.0,0.0,2.523535147346849,35,50,35
student_t5,double,20261018,DUCB,oracle,16.253035105537336,23.421002564897773,66.5487396402082,0.9142857142857143,0.76,0.42857142857142855,0.0,2.523535147346849,35,50,35
student_t5,double,20261018,TS,oracle,16.253035105537336,171.3889466739084,160.36750685727048,0.9142857142857143,0.18,0.0,0.0,2.523535147346849,35,50,35
student_t5,double,20261018,EG05,oracle,32.65535363780019,201.52029083063118,173.8712881253074,0.8285714285714286,0.02,0.0,0.0,2.523535147346849,35,50,35
student_t5,double,20261018,EG10,oracle,29.85738265871779,206.9380691354121,175.03689235744997,0.8285714285714286,0.0,0.0,0.0,2.523535147346849,35,50,35
student_t5,double,20261018,EG15,oracle,25.579894784883823,207.33502759511018,163.41040584138608,0.8571428571428571,0.0,0.02857142857142857,0.0,2.523535147346849,35,50,35
student_t5,double,20261018,UCB-H1,oracle,16.253035105537336,27.67397419044865,105.91771741587542,0.9142857142857143,0.74,0.22857142857142856,2.523535147346849,2.523535147346849,35,50,35
student_t5,double,20261018,UCB-H2,oracle,16.253035105537336,13.734218430870587,20.734639824565598,0.9142857142857143,0.82,0.6857142857142857,5.047070294693698,2.523535147346849,35,50,35
student_t5,double,20261018,TS-H1,oracle,16.253035105537336,58.52015128816814,155.49814317386358,0.9142857142857143,0.62,0.0,2.523535147346849,2.523535147346849,35,50,35
student_t5,double,20261018,TS-H2,oracle,16.253035105537336,24.89726928189799,72.30600175110152,0.9142857142857143,0.76,0.4,5.047070294693698,2.523535147346849,35,50,35
student_t5,double,20261018,EG10-H1,oracle,22.351044437918205,191.05911657149463,153.10738746730075,0.8571428571428571,0.1,0.0,2.523535147346849,2.523535147346849,35,50,35
student_t5,double,20261018,UCB-H1-on,onpolicy,16.253035105537336,50.84880318752609,157.19862208260412,0.9142857142857143,0.68,0.0,2.523535147346849,2.523535147346849,35,50,35
student_t5,double,20261018,TS-H1-on,onpolicy,16.253035105537336,57.64501809806417,157.90824043801518,0.9142857142857143,0.6,0.0,2.523535147346849,2.523535147346849,35,50,35
student_t5,double,20261018,UCB-H1-fit,model,16.253035105537336,32.323959361578076,95.48688385632231,0.9142857142857143,0.72,0.2857142857142857,2.523535147346849,2.523535147346849,35,50,35
student_t5,double,20261018,TS-H1-fit,model,16.253035105537336,110.63478317235824,100.47223047232836,0.9142857142857143,0.42,0.2571428571428571,2.523535147346849,2.523535147346849,35,50,35
student_t5,double,20261019,UCB,oracle,18.055663862453873,194.71542256550734,38.89704638963185,0.9142857142857143,0.12,0.5714285714285714,0.0,2.7299688302509577,35,50,35
student_t5,double,20261019,DUCB,oracle,18.055663862453873,53.24488959383093,38.770761291771436,0.9142857142857143,0.66,0.5714285714285714,0.0,2.7299688302509577,35,50,35
student_t5,double,20261019,TS,oracle,18.055663862453873,210.73503169942765,164.35156121927741,0.9142857142857143,0.02,0.0,0.0,2.7299688302509577,35,50,35
student_t5,double,20261019,EG05,oracle,23.712369763832754,145.6268058926991,146.37673093842022,0.8857142857142857,0.32,0.0,0.0,2.7299688302509577,35,50,35
student_t5,double,20261019,EG10,oracle,26.766547625212073,208.25106999968233,70.0316949648699,0.8571428571428571,0.02,0.4857142857142857,0.0,2.7299688302509577,35,50,35
student_t5,double,20261019,EG15,oracle,35.4463062525185,103.75213209878662,142.61226965820237,0.8,0.48,0.02857142857142857,0.0,2.7299688302509577,35,50,35
student_t5,double,20261019,UCB-H1,oracle,18.055663862453873,67.77801663189506,47.818228897829464,0.9142857142857143,0.6,0.5142857142857142,2.7299688302509577,2.7299688302509577,35,50,35
student_t5,double,20261019,UCB-H2,oracle,18.055663862453873,28.642988395605443,19.52814132216949,0.9142857142857143,0.76,0.6857142857142857,5.459937660501915,2.7299688302509577,35,50,35
student_t5,double,20261019,TS-H1,oracle,18.055663862453873,154.45909887010285,70.64272344175708,0.9142857142857143,0.3,0.4,2.7299688302509577,2.7299688302509577,35,50,35
student_t5,double,20261019,TS-H2,oracle,18.055663862453873,107.59888401985954,47.42959881727577,0.9142857142857143,0.46,0.5142857142857142,5.459937660501915,2.7299688302509577,35,50,35
student_t5,double,20261019,EG10-H1,oracle,23.11863881496482,57.193992673745825,144.1274297978702,0.8857142857142857,0.66,0.02857142857142857,2.7299688302509577,2.7299688302509577,35,50,35
student_t5,double,20261019,UCB-H1-on,onpolicy,18.055663862453873,44.138556239309985,158.0854931656218,0.9142857142857143,0.74,0.0,2.7299688302509577,2.7299688302509577,35,50,35
student_t5,double,20261019,TS-H1-on,onpolicy,18.055663862453873,143.53424932549797,154.32434126574293,0.9142857142857143,0.3,0.0,2.7299688302509577,2.7299688302509577,35,50,35
student_t5,double,20261019,UCB-H1-fit,model,18.055663862453873,67.77801663189506,43.388792288722236,0.9142857142857143,0.6,0.5428571428571428,2.7299688302509577,2.7299688302509577,35,50,35
student_t5,double,20261019,TS-H1-fit,model,18.055663862453873,101.89889209418327,148.93650926176764,0.9142857142857143,0.48,0.0,2.7299688302509577,2.7299688302509577,35,50,35
student_t5,double,20261020,UCB,oracle,16.916982569460284,178.71343958525526,87.2010731557383,0.9142857142857143,0.18,0.37142857142857144,0.0,2.3888454368187833,35,50,35
student_t5,double,20261020,DUCB,oracle,16.916982569460284,44.4951581630705,52.33848879032697,0.9142857142857143,0.68,0.5428571428571428,0.0,2.3888454368187833,35,50,35
student_t5,double,20261020,TS,oracle,16.916982569460284,208.8788895046389,170.90125638539155,0.9142857142857143,0.0,0.0,0.0,2.3888454368187833,35,50,35
student_t5,double,20261020,EG05,oracle,25.117762401229648,137.43969176000346,151.6578453245711,0.8571428571428571,0.34,0.02857142857142857,0.0,2.3888454368187833,35,50,35
student_t5,double,20261020,EG10,oracle,22.363811782212963,213.0598759950863,166.34190073544357,0.8571428571428571,0.0,0.02857142857142857,0.0,2.3888454368187833,35,50,35
student_t5,double,20261020,EG15,oracle,38.25430191196798,130.75956385305085,153.86339595702708,0.7714285714285715,0.36,0.0,0.0,2.3888454368187833,35,50,35
student_t5,double,20261020,UCB-H1,oracle,16.916982569460284,61.306230837510114,77.10790947143659,0.9142857142857143,0.62,0.42857142857142855,2.3888454368187833,2.3888454368187833,35,50,35
student_t5,double,20261020,UCB-H2,oracle,16.916982569460284,28.906390894439703,20.85623209693492,0.9142857142857143,0.74,0.7142857142857143,4.7776908736375665,2.3888454368187833,35,50,35
student_t5,double,20261020,TS-H1,oracle,16.916982569460284,142.96393767233982,152.7892007872258,0.9142857142857143,0.32,0.02857142857142857,2.3888454368187833,2.3888454368187833,35,50,35
student_t5,double,20261020,TS-H2,oracle,16.916982569460284,56.527056716762154,90.0923009426656,0.9142857142857143,0.64,0.37142857142857144,4.7776908736375665,2.3888454368187833,35,50,35
student_t5,double,20261020,EG10-H1,oracle,41.850719877862986,185.75674954646152,152.20997143249886,0.7714285714285715,0.16,0.05714285714285714,2.3888454368187833,2.3888454368187833,35,50,35
student_t5,double,20261020,UCB-H1-on,onpolicy,16.916982569460284,45.457011952614025,157.01158636501683,0.9142857142857143,0.68,0.02857142857142857,2.3888454368187833,2.3888454368187833,35,50,35
student_t5,double,20261020,TS-H1-on,onpolicy,16.916982569460284,59.862226652480004,157.01158636501683,0.9142857142857143,0.58,0.02857142857142857,2.3888454368187833,2.3888454368187833,35,50,35
student_t5,double,20261020,UCB-H1-fit,model,16.916982569460284,64.73730232953763,75.40443443304407,0.9142857142857143,0.6,0.42857142857142855,2.3888454368187833,2.3888454368187833,35,50,35
student_t5,double,20261020,TS-H1-fit,model,16.916982569460284,164.5112503015477,155.25382764594386,0.9142857142857143,0.24,0.02857142857142857,2.3888454368187833,2.3888454368187833,35,50,35
student_t5,double,20261021,UCB,oracle,15.00391005433365,82.18516337441861,84.84669513548046,0.8857142857142857,0.56,0.34285714285714286,0.0,2.448735781270751,35,50,35
student_t5,double,20261021,DUCB,oracle,15.00391005433365,17.60800345191878,25.665967844369344,0.8857142857142857,0.82,0.6571428571428571,0.0,2.448735781270751,35,50,35
student_t5,double,20261021,TS,oracle,15.00391005433365,163.2655991090723,112.16365329190741,0.8857142857142857,0.26,0.2,0.0,2.448735781270751,35,50,35
student_t5,double,20261021,EG05,oracle,19.655332297347112,210.7970648452765,172.36258586085154,0.8571428571428571,0.02,0.0,0.0,2.448735781270751,35,50,35
student_t5,double,20261021,EG10,oracle,23.791424691355214,213.16511907566317,157.4684080464677,0.8285714285714286,0.02,0.08571428571428572,0.0,2.448735781270751,35,50,35
student_t5,double,20261021,EG15,oracle,33.64270727974666,120.29324740740455,138.96328761592304,0.7714285714285715,0.44,0.08571428571428572,0.0,2.448735781270751,35,50,35
student_t5,double,20261021,UCB-H1,oracle,15.00391005433365,24.889611075707677,28.679248037361475,0.8857142857142857,0.78,0.6285714285714286,2.448735781270751,2.448735781270751,35,50,35
student_t5,double,20261021,UCB-H2,oracle,15.00391005433365,14.083828120764506,18.24457240059236,0.8857142857142857,0.84,0.7142857142857143,4.897471562541502,2.448735781270751,35,50,35
student_t5,double,20261021,TS-H1,oracle,15.00391005433365,55.3214985328027,83.60798729027925,0.8857142857142857,0.66,0.34285714285714286,2.448735781270751,2.448735781270751,35,50,35
student_t5,double,20261021,TS-H2,oracle,15.00391005433365,35.62881725773278,61.43722443203573,0.8857142857142857,0.74,0.45714285714285713,4.897471562541502,2.448735781270751,35,50,35
student_t5,double,20261021,EG10-H1,oracle,24.207478850857676,106.10896052240557,148.78557395402592,0.8285714285714286,0.46,0.0,2.448735781270751,2.448735781270751,35,50,35
student_t5,double,20261021,UCB-H1-on,onpolicy,16.705716678824466,61.80357781774661,72.32858216774011,0.8571428571428571,0.6,0.42857142857142855,2.448735781270751,2.448735781270751,35,50,35
student_t5,double,20261021,TS-H1-on,onpolicy,15.00391005433365,64.06547338913106,153.84348416837543,0.8857142857142857,0.6,0.0,2.448735781270751,2.448735781270751,35,50,35
student_t5,double,20261021,UCB-H1-fit,model,15.00391005433365,29.969820256965203,28.679248037361475,0.8857142857142857,0.76,0.6285714285714286,2.448735781270751,2.448735781270751,35,50,35
student_t5,double,20261021,TS-H1-fit,model,15.00391005433365,21.19016398359428,151.01909815262272,0.8857142857142857,0.8,0.0,2.448735781270751,2.448735781270751,35,50,35
ar1_gaussian,single,20261018,UCB,oracle,10.034975758613598,14.48384242952129,0.0,0.92,0.5,0.0,0.0,1.4389192285033936,50,30,0
ar1_gaussian,single,20261018,DUCB,oracle,11.466944262416298,4.169880482643161,0.0,0.9,0.8,0.0,0.0,1.4389192285033936,50,30,0
ar1_gaussian,single,20261018,TS,oracle,12.093747737500669,53.21930945016095,0.0,0.9,0.03333333333333333,0.0,0.0,1.4389192285033936,50,30,0
ar1_gaussian,single,20261018,EG05,oracle,19.680298502238642,50.95729738405665,0.0,0.86,0.06666666666666667,0.0,0.0,1.4389192285033936,50,30,0
ar1_gaussian,single,20261018,EG10,oracle,18.14321391021983,52.692142932330306,0.0,0.86,0.03333333333333333,0.0,0.0,1.4389192285033936,50,30,0
ar1_gaussian,single,20261018,EG15,oracle,17.141927175695027,55.6061075306351,0.0,0.86,0.03333333333333333,0.0,0.0,1.4389192285033936,50,30,0
ar1_gaussian,single,20261018,UCB-H1,oracle,11.744134561742815,2.939888419035489,0.0,0.9,0.8,0.0,1.4389192285033936,1.4389192285033936,50,30,0
ar1_gaussian,single,20261018,UCB-H2,oracle,11.91976427641548,3.2113147560854127,0.0,0.9,0.8333333333333334,0.0,2.877838457006787,1.4389192285033936,50,30,0
ar1_gaussian,single,20261018,TS-H1,oracle,10.034975758613598,54.077727669063364,0.0,0.92,0.03333333333333333,0.0,1.4389192285033936,1.4389192285033936,50,30,0
ar1_gaussian,single,20261018,TS-H2,oracle,10.034975758613598,26.052766894192974,0.0,0.92,0.3333333333333333,0.0,2.877838457006787,1.4389192285033936,50,30,0
ar1_gaussian,single,20261018,EG10-H1,oracle,16.339356230967496,54.27871506955052,0.0,0.86,0.03333333333333333,0.0,1.4389192285033936,1.4389192285033936,50,30,0
ar1_gaussian,single,20261018,UCB-H1-on,onpolicy,16.38426372138154,24.13530740814502,0.0,0.82,0.5,0.0,1.4389192285033936,1.4389192285033936,50,30,0
ar1_gaussian,single,20261018,TS-H1-on,onpolicy,11.644699038397013,26.87393384699331,0.0,0.9,0.43333333333333335,0.0,1.4389192285033936,1.4389192285033936,50,30,0
ar1_gaussian,single,20261018,UCB-H1-fit,model,11.744134561742815,4.930919501117059,0.0,0.9,0.7333333333333333,0.0,1.4389192285033936,1.4389192285033936,50,30,0
ar1_gaussian,single,20261018,TS-H1-fit,model,10.034975758613598,37.9533049880319,0.0,0.92,0.2,0.0,1.4389192285033936,1.4389192285033936,50,30,0
ar1_gaussian,single,20261019,UCB,oracle,8.359153893760583,7.830876347205937,0.0,0.94,0.7,0.0,0.0,1.281945439496427,50,30,0
ar1_gaussian,single,20261019,DUCB,oracle,9.687742580432873,2.782215039889487,0.0,0.92,0.8666666666666667,0.0,0.0,1.281945439496427,50,30,0
ar1_gaussian,single,20261019,TS,oracle,8.359153893760583,39.09063228369311,0.0,0.94,0.16666666666666666,0.0,0.0,1.281945439496427,50,30,0
ar1_gaussian,single,20261019,EG05,oracle,11.46750943412352,48.669718283298415,0.0,0.92,0.03333333333333333,0.0,0.0,1.281945439496427,50,30,0
ar1_gaussian,single,20261019,EG10,oracle,13.79175474503289,53.67945923172443,0.0,0.9,0.0,0.0,0.0,1.281945439496427,50,30,0
ar1_gaussian,single,20261019,EG15,oracle,25.437431442154722,49.51961699873137,0.0,0.78,0.06666666666666667,0.0,0.0,1.281945439496427,50,30,0
ar1_gaussian,single,20261019,UCB-H1,oracle,9.887563378816534,2.561177997528229,0.0,0.92,0.8,0.0,1.281945439496427,1.281945439496427,50,30,0
ar1_gaussian,single,20261019,UCB-H2,oracle,9.829611396850906,2.561177997528229,0.0,0.92,0.8,0.0,2.563890878992854,1.281945439496427,50,30,0
ar1_gaussian,single,20261019,TS-H1,oracle,8.359153893760583,26.535034471248643,0.0,0.94,0.26666666666666666,0.0,1.281945439496427,1.281945439496427,50,30,0
ar1_gaussian,single,20261019,TS-H2,oracle,10.474194896359721,11.2451963977847,0.0,0.92,0.5333333333333333,0.0,2.563890878992854,1.281945439496427,50,30,0
ar1_gaussian,single,20261019,EG10-H1,oracle,16.446516188243926,52.26478956657486,0.0,0.84,0.0,0.0,1.281945439496427,1.281945439496427,50,30,0
ar1_gaussian,single,20261019,UCB-H1-on,onpolicy,14.79530081523798,20.272432974193016,0.0,0.86,0.5,0.0,1.281945439496427,1.281945439496427,50,30,0
ar1_gaussian,single,20261019,TS-H1-on,onpolicy,10.07192681085303,32.40477413302641,0.0,0.92,0.2,0.0,1.281945439496427,1.281945439496427,50,30,0
ar1_gaussian,single,20261019,UCB-H1-fit,model,9.88585292814957,2.561177997528229,0.0,0.92,0.8,0.0,1.281945439496427,1.281945439496427,50,30,0
ar1_gaussian,single,20261019,TS-H1-fit,model,8.359153893760583,18.50185434684591,0.0,0.94,0.4,0.0,1.281945439496427,1.281945439496427,50,30,0
ar1_gaussian,single,20261020,UCB,oracle,11.65976639907253,53.86593068127101,0.0,0.9,0.03333333333333333,0.0,0.0,1.4951952728288425,50,30,0
ar1_gaussian,single,20261020,DUCB,oracle,11.750588651427622,33.37551960726717,0.0,0.9,0.26666666666666666,0.0,0.0,1.4951952728288425,50,30,0
ar1_gaussian,single,20261020,TS,oracle,10.340075135066105,52.54639827822619,0.0,0.92,0.03333333333333333,0.0,0.0,1.4951952728288425,50,30,0
ar1_gaussian,single,20261020,EG05,oracle,15.60514565394715,50.91246652179025,0.0,0.88,0.06666666666666667,0.0,0.0,1.4951952728288425,50,30,0
ar1_gaussian,single,20261020,EG10,oracle,20.99735447026428,53.67277375362346,0.0,0.82,0.03333333333333333,0.0,0.0,1.4951952728288425,50,30,0
ar1_gaussian,single,20261020,EG15,oracle,26.916953840443625,52.04200135541457,0.0,0.76,0.06666666666666667,0.0,0.0,1.4951952728288425,50,30,0
ar1_gaussian,single,20261020,UCB-H1,oracle,12.058593923739183,29.870994196053964,0.0,0.9,0.3,0.0,1.4951952728288425,1.4951952728288425,50,30,0
ar1_gaussian,single,20261020,UCB-H2,oracle,12.046926419690726,13.825619021680222,0.0,0.9,0.5666666666666667,0.0,2.990390545657685,1.4951952728288425,50,30,0
ar1_gaussian,single,20261020,TS-H1,oracle,12.595104414278355,52.86173078874114,0.0,0.9,0.03333333333333333,0.0,1.4951952728288425,1.4951952728288425,50,30,0
ar1_gaussian,single,20261020,TS-H2,oracle,11.42956739640937,33.152350606420846,0.0,0.92,0.23333333333333334,0.0,2.990390545657685,1.4951952728288425,50,30,0
ar1_gaussian,single,20261020,EG10-H1,oracle,26.98875339505624,50.9685592244912,0.0,0.8,0.06666666666666667,0.0,1.4951952728288425,1.4951952728288425,50,30,0
ar1_gaussian,single,20261020,UCB-H1-on,onpolicy,17.663288135331218,15.970023710103188,0.0,0.84,0.5666666666666667,0.0,1.4951952728288425,1.4951952728288425,50,30,0
ar1_gaussian,single,20261020,TS-H1-on,onpolicy,12.116137179232977,37.45905506401628,0.0,0.9,0.2,0.0,1.4951952728288425,1.4951952728288425,50,30,0
ar1_gaussian,single,20261020,UCB-H1-fit,model,12.058593923739183,28.57666295461927,0.0,0.9,0.3,0.0,1.4951952728288425,1.4951952728288425,50,30,0
ar1_gaussian,single,20261020,TS-H1-fit,model,13.307931274272589,53.36221730423257,0.0,0.9,0.03333333333333333,0.0,1.4951952728288425,1.4951952728288425,50,30,0
ar1_gaussian,single,20261021,UCB,oracle,12.684177200503612,5.679876204290725,0.0,0.9,0.7333333333333333,0.0,0.0,1.4068922318239234,50,30,0
ar1_gaussian,single,20261021,DUCB,oracle,12.392486186186346,0.4575873945670602,0.0,0.88,0.9666666666666667,0.0,0.0,1.4068922318239234,50,30,0
ar1_gaussian,single,20261021,TS,oracle,8.950315386279641,50.438130370502385,0.0,0.92,0.03333333333333333,0.0,0.0,1.4068922318239234,50,30,0
ar1_gaussian,single,20261021,EG05,oracle,11.63692914893905,50.18332742932018,0.0,0.9,0.03333333333333333,0.0,0.0,1.4068922318239234,50,30,0
ar1_gaussian,single,20261021,EG10,oracle,17.79674242914745,51.46964848973655,0.0,0.86,0.03333333333333333,0.0,0.0,1.4068922318239234,50,30,0
ar1_gaussian,single,20261021,EG15,oracle,24.036189755502413,49.70315754416643,0.0,0.78,0.06666666666666667,0.0,0.0,1.4068922318239234,50,30,0
ar1_gaussian,single,20261021,UCB-H1,oracle,12.159013383590283,2.3172706553393816,0.0,0.88,0.8666666666666667,0.0,1.4068922318239234,1.4068922318239234,50,30,0
ar1_gaussian,single,20261021,UCB-H2,oracle,10.499179567832668,2.9587905270030395,0.0,0.9,0.9,0.0,2.813784463647847,1.4068922318239234,50,30,0
ar1_gaussian,single,20261021,TS-H1,oracle,10.151298107106419,21.935111699251884,0.0,0.9,0.4,0.0,1.4068922318239234,1.4068922318239234,50,30,0
ar1_gaussian,single,20261021,TS-H2,oracle,10.547678274551842,13.035601182322184,0.0,0.9,0.5666666666666667,0.0,2.813784463647847,1.4068922318239234,50,30,0
ar1_gaussian,single,20261021,EG10-H1,oracle,16.70930514146155,41.21345498316865,0.0,0.86,0.2,0.0,1.4068922318239234,1.4068922318239234,50,30,0
ar1_gaussian,single,20261021,UCB-H1-on,onpolicy,17.576633507467427,27.005945922729328,0.0,0.82,0.43333333333333335,0.0,1.4068922318239234,1.4068922318239234,50,30,0
ar1_gaussian,single,20261021,TS-H1-on,onpolicy,11.440966808875219,23.329451713069698,0.0,0.9,0.4666666666666667,0.0,1.4068922318239234,1.4068922318239234,50,30,0
ar1_gaussian,single,20261021,UCB-H1-fit,model,11.99240249242529,2.2403552785994028,0.0,0.9,0.8333333333333334,0.0,1.4068922318239234,1.4068922318239234,50,30,0
ar1_gaussian,single,20261021,TS-H1-fit,model,8.950315386279641,51.447042783400796,0.0,0.92,0.03333333333333333,0.0,1.4068922318239234,1.4068922318239234,50,30,0
ar1_gaussian,double,20261018,UCB,oracle,8.487841501924681,5.574678230386627,42.828037670814254,0.9142857142857143,0.86,0.42857142857142855,0.0,1.3572492441470962,35,50,35
ar1_gaussian,double,20261018,DUCB,oracle,8.487841501924681,3.8879583661469543,30.399598490214352,0.9142857142857143,0.92,0.5428571428571428,0.0,1.3572492441470962,35,50,35
ar1_gaussian,double,20261018,TS,oracle,9.862442451706109,51.038754565822266,57.74555535952299,0.8857142857142857,0.52,0.2857142857142857,0.0,1.3572492441470962,35,50,35
ar1_gaussian,double,20261018,EG05,oracle,17.16262296384181,120.75592474724574,95.87030350694448,0.8285714285714286,0.02,0.0,0.0,1.3572492441470962,35,50,35
ar1_gaussian,double,20261018,EG10,oracle,15.35384069381653,123.6672367469939,96.20686958696736,0.8285714285714286,0.0,0.0,0.0,1.3572492441470962,35,50,35
ar1_gaussian,double,20261018,EG15,oracle,13.270049270680264,124.48523736618213,90.12574379304907,0.8571428571428571,0.0,0.02857142857142857,0.0,1.3572492441470962,35,50,35
ar1_gaussian,double,20261018,UCB-H1,oracle,8.487841501924681,3.4222698691906404,0.8546346767654245,0.9142857142857143,0.9,0.9142857142857143,1.3572492441470962,1.3572492441470962,35,50,35
ar1_gaussian,double,20261018,UCB-H2,oracle,8.487841501924681,3.961099412235958,0.8546346767654245,0.9142857142857143,0.9,0.9142857142857143,2.7144984882941925,1.3572492441470962,35,50,35
ar1_gaussian,double,20261018,TS-H1,oracle,8.487841501924681,18.911616443829097,15.939324698766915,0.9142857142857143,0.76,0.6857142857142857,1.3572492441470962,1.3572492441470962,35,50,35
ar1_gaussian,double,20261018,TS-H2,oracle,8.487841501924681,16.305115693859193,28.212940034556038,0.9142857142857143,0.76,0.5428571428571428,2.7144984882941925,1.3572492441470962,35,50,35
ar1_gaussian,double,20261018,EG10-H1,oracle,11.92850855958697,103.6841633343571,87.9496702605886,0.8571428571428571,0.2,0.0,1.3572492441470962,1.3572492441470962,35,50,35
ar1_gaussian,double,20261018,UCB-H1-on,onpolicy,13.2050340629111,22.362146066237106,42.549001792245726,0.8285714285714286,0.74,0.42857142857142855,1.3572492441470962,1.3572492441470962,35,50,35
ar1_gaussian,double,20261018,TS-H1-on,onpolicy,9.77046177860397,34.376253395643616,95.20028469887244,0.8857142857142857,0.64,0.0,1.3572492441470962,1.3572492441470962,35,50,35
ar1_gaussian,double,20261018,UCB-H1-fit,model,8.487841501924681,3.4677857767985403,2.0434367053749956,0.9142857142857143,0.9,0.8857142857142857,1.3572492441470962,1.3572492441470962,35,50,35
ar1_gaussian,double,20261018,TS-H1-fit,model,8.487841501924681,20.73030134562156,89.42609488156816,0.9142857142857143,0.72,0.0,1.3572492441470962,1.3572492441470962,35,50,35
ar1_gaussian,double,20261019,UCB,oracle,8.80458897416149,10.321385676393868,63.87893535217816,0.9142857142857143,0.82,0.2857142857142857,0.0,1.3031003470786562,35,50,35
ar1_gaussian,double,20261019,DUCB,oracle,8.80458897416149,5.739934805863253,16.337470846068964,0.9142857142857143,0.88,0.7142857142857143,0.0,1.3031003470786562,35,50,35
ar1_gaussian,double,20261019,TS,oracle,8.80458897416149,74.531036825603,88.31890758104086,0.9142857142857143,0.4,0.05714285714285714,0.0,1.3031003470786562,35,50,35
ar1_gaussian,double,20261019,EG05,oracle,12.136091225563773,89.44019324310342,86.71840984017659,0.8857142857142857,0.3,0.05714285714285714,0.0,1.3031003470786562,35,50,35
ar1_gaussian,double,20261019,EG10,oracle,13.31331452776259,126.84696595548591,40.874382055846695,0.8571428571428571,0.0,0.4857142857142857,0.0,1.3031003470786562,35,50,35
ar1_gaussian,double,20261019,EG15,oracle,18.196156940504583,54.53462400216921,86.40781869395474,0.8,0.52,0.08571428571428572,0.0,1.3031003470786562,35,50,35
ar1_gaussian,double,20261019,UCB-H1,oracle,8.80458897416149,5.886890602024209,12.943056976440007,0.9142857142857143,0.88,0.7428571428571429,1.3031003470786562,1.3031003470786562,35,50,35
ar1_gaussian,double,20261019,UCB-H2,oracle,8.80458897416149,3.808850765187396,1.5415745821063387,0.9142857142857143,0.9,0.9428571428571428,2.6062006941573124,1.3031003470786562,35,50,35
ar1_gaussian,double,20261019,TS-H1,oracle,8.80458897416149,27.8130673392647,86.12154739759643,0.9142857142857143,0.68,0.05714285714285714,1.3031003470786562,1.3031003470786562,35,50,35
ar1_gaussian,double,20261019,TS-H2,oracle,10.315140501811854,46.965621963320125,30.408413304528313,0.8857142857142857,0.56,0.5714285714285714,2.6062006941573124,1.3031003470786562,35,50,35
ar1_gaussian,double,20261019,EG10-H1,oracle,11.896812774403394,31.156995984409676,85.812017800745,0.8857142857142857,0.66,0.08571428571428572,1.3031003470786562,1.3031003470786562,35,50,35
ar1_gaussian,double,20261019,UCB-H1-on,onpolicy,13.29658434888955,23.291450862434036,7.885037413017368,0.8,0.74,0.8,1.3031003470786562,1.3031003470786562,35,50,35
ar1_gaussian,double,20261019,TS-H1-on,onpolicy,10.568021197033467,36.89487918061009,94.79627783748545,0.8857142857142857,0.6,0.02857142857142857,1.3031003470786562,1.3031003470786562,35,50,35
ar1_gaussian,double,20261019,UCB-H1-fit,model,8.80458897416149,8.247524836552545,12.71488985853431,0.9142857142857143,0.84,0.7428571428571429,1.3031003470786562,1.3031003470786562,35,50,35
ar1_gaussian,double,20261019,TS-H1-fit,model,8.80458897416149,26.948391957366688,87.22895435451653,0.9142857142857143,0.68,0.05714285714285714,1.3031003470786562,1.3031003470786562,35,50,35
ar1_gaussian,double,20261020,UCB,oracle,8.845876152094672,24.189717058253713,66.5039411062033,0.9142857142857143,0.72,0.2,0.0,1.4024889985236642,35,50,35
ar1_gaussian,double,20261020,DUCB,oracle,8.845876152094672,10.198963858105813,24.598205650216553,0.9142857142857143,0.84,0.5714285714285714,0.0,1.4024889985236642,35,50,35
ar1_gaussian,double,20261020,TS,oracle,11.671780390078974,125.54940826612528,92.78839250222565,0.8857142857142857,0.02,0.0,0.0,1.4024889985236642,35,50,35
ar1_gaussian,double,20261020,EG05,oracle,13.674266618884605,92.31014227268929,85.1464229558054,0.8571428571428571,0.3,0.0,0.0,1.4024889985236642,35,50,35
ar1_gaussian,double,20261020,EG10,oracle,12.352036276643812,128.1881852091154,77.52434733105123,0.8571428571428571,0.02,0.17142857142857143,0.0,1.4024889985236642,35,50,35
ar1_gaussian,double,20261020,EG15,oracle,21.16614505464479,82.25056315293355,88.01395373337682,0.7714285714285715,0.36,0.02857142857142857,0.0,1.4024889985236642,35,50,35
ar1_gaussian,double,20261020,UCB-H1,oracle,8.845876152094672,9.80499401991565,16.0823642259128,0.9142857142857143,0.84,0.6571428571428571,1.4024889985236642,1.4024889985236642,35,50,35
ar1_gaussian,double,20261020,UCB-H2,oracle,8.845876152094672,9.931042237578811,1.204177411792882,0.9142857142857143,0.84,0.9142857142857143,2.8049779970473283,1.4024889985236642,35,50,35
ar1_gaussian,double,20261020,TS-H1,oracle,10.63286796221745,69.96732299879343,87.98134231920336,0.8857142857142857,0.44,0.0,1.4024889985236642,1.4024889985236642,35,50,35
ar1_gaussian,double,20261020,TS-H2,oracle,10.077174839297795,16.584244025201503,26.936749957406114,0.8857142857142857,0.76,0.5428571428571428,2.8049779970473283,1.4024889985236642,35,50,35
ar1_gaussian,double,20261020,EG10-H1,oracle,20.98906540245691,93.3994502414854,83.60032038464145,0.7714285714285715,0.3,0.02857142857142857,1.4024889985236642,1.4024889985236642,35,50,35
ar1_gaussian,double,20261020,UCB-H1-on,onpolicy,12.991876059826106,22.666250004297595,45.73190562004026,0.8285714285714286,0.74,0.4,1.4024889985236642,1.4024889985236642,35,50,35
ar1_gaussian,double,20261020,TS-H1-on,onpolicy,10.63286796221745,26.75840865760539,93.9795247962645,0.8857142857142857,0.68,0.0,1.4024889985236642,1.4024889985236642,35,50,35
ar1_gaussian,double,20261020,UCB-H1-fit,model,8.845876152094672,11.258873539436433,13.65300063789983,0.9142857142857143,0.82,0.6857142857142857,1.4024889985236642,1.4024889985236642,35,50,35
ar1_gaussian,double,20261020,TS-H1-fit,model,11.855504236796538,22.460801818808427,13.95012755335235,0.8857142857142857,0.72,0.6857142857142857,1.4024889985236642,1.4024889985236642,35,50,35
ar1_gaussian,double,20261021,UCB,oracle,9.360433211338805,14.801315558366007,10.00548927975891,0.9142857142857143,0.8,0.7142857142857143,0.0,1.4331415104175051,35,50,35
ar1_gaussian,double,20261021,DUCB,oracle,9.360433211338805,5.4525982243880255,3.352160623580686,0.9142857142857143,0.9,0.8285714285714286,0.0,1.4331415104175051,35,50,35
ar1_gaussian,double,20261021,TS,oracle,9.360433211338805,110.81933562981536,86.4870524095793,0.9142857142857143,0.2,0.0,0.0,1.4331415104175051,35,50,35
ar1_gaussian,double,20261021,EG05,oracle,11.819822417135779,128.4154578662657,94.7038074507509,0.8857142857142857,0.04,0.0,0.0,1.4331415104175051,35,50,35
ar1_gaussian,double,20261021,EG10,oracle,15.138979850255668,128.16439717390887,85.20351713304017,0.8571428571428571,0.04,0.08571428571428572,0.0,1.4331415104175051,35,50,35
ar1_gaussian,double,20261021,EG15,oracle,20.08835574588485,74.13893486250386,82.94957413172895,0.8,0.44,0.08571428571428572,0.0,1.4331415104175051,35,50,35
ar1_gaussian,double,20261021,UCB-H1,oracle,9.360433211338805,5.665061228742028,4.645821029214254,0.9142857142857143,0.9,0.8,1.4331415104175051,1.4331415104175051,35,50,35
ar1_gaussian,double,20261021,UCB-H2,oracle,9.360433211338805,3.633344294345501,5.508694987341473,0.9142857142857143,0.92,0.8,2.8662830208350103,1.4331415104175051,35,50,35
ar1_gaussian,double,20261021,TS-H1,oracle,9.360433211338805,33.72303369434168,52.71115383443778,0.9142857142857143,0.68,0.34285714285714286,1.4331415104175051,1.4331415104175051,35,50,35
ar1_gaussian,double,20261021,TS-H2,oracle,9.360433211338805,21.07577337735609,21.357182450074447,0.9142857142857143,0.76,0.6,2.8662830208350103,1.4331415104175051,35,50,35
ar1_gaussian,double,20261021,EG10-H1,oracle,14.130280004484634,64.2159526941239,87.8963065189006,0.8571428571428571,0.48,0.0,1.4331415104175051,1.4331415104175051,35,50,35
ar1_gaussian,double,20261021,UCB-H1-on,onpolicy,11.22117824655805,24.006983912806156,91.1548227545749,0.8571428571428571,0.74,0.0,1.4331415104175051,1.4331415104175051,35,50,35
ar1_gaussian,double,20261021,TS-H1-on,onpolicy,11.431134875743238,36.806207022371595,97.36163199227643,0.8857142857142857,0.66,0.0,1.4331415104175051,1.4331415104175051,35,50,35
ar1_gaussian,double,20261021,UCB-H1-fit,model,9.360433211338805,8.52340861672629,4.645821029214254,0.9142857142857143,0.86,0.8,1.4331415104175051,1.4331415104175051,35,50,35
ar1_gaussian,double,20261021,TS-H1-fit,model,9.360433211338805,12.254250473237839,51.726459610572306,0.9142857142857143,0.82,0.34285714285714286,1.4331415104175051,1.4331415104175051,35,50,35
california,single,20261018,UCB,oracle,12.63668073820895,5.415905989005169,0.0,0.82,0.4,0.0,0.0,1.1088432459012514,50,30,0
california,single,20261018,DUCB,oracle,10.109653303854904,3.9890121313239297,0.0,0.86,0.6333333333333333,0.0,0.0,1.1088432459012514,50,30,0
california,single,20261018,TS,oracle,11.39322861736085,8.342074727366969,0.0,0.88,0.23333333333333334,0.0,0.0,1.1088432459012514,50,30,0
california,single,20261018,EG05,oracle,11.256808792187668,7.977873701287277,0.0,0.88,0.26666666666666666,0.0,0.0,1.1088432459012514,50,30,0
california,single,20261018,EG10,oracle,11.600549907257594,9.406428972701805,0.0,0.88,0.23333333333333334,0.0,0.0,1.1088432459012514,50,30,0
california,single,20261018,EG15,oracle,12.707594414353203,12.04340120457045,0.0,0.88,0.2,0.0,0.0,1.1088432459012514,50,30,0
california,single,20261018,UCB-H1,oracle,10.110827058484317,3.43617075552597,0.0,0.86,0.6333333333333333,0.0,1.1088432459012514,1.1088432459012514,50,30,0
california,single,20261018,UCB-H2,oracle,9.139626769224755,1.6803409534137381,0.0,0.88,0.6333333333333333,0.0,2.2176864918025028,1.1088432459012514,50,30,0
california,single,20261018,TS-H1,oracle,7.189953815989928,9.257481395883941,0.0,0.92,0.26666666666666666,0.0,1.1088432459012514,1.1088432459012514,50,30,0
california,single,20261018,TS-H2,oracle,6.769269763461866,4.45991572844856,0.0,0.92,0.5,0.0,2.2176864918025028,1.1088432459012514,50,30,0
california,single,20261018,EG10-H1,oracle,10.708690134973235,9.734030129053844,0.0,0.88,0.23333333333333334,0.0,1.1088432459012514,1.1088432459012514,50,30,0
california,single,20261018,UCB-H1-on,onpolicy,14.446495230412102,5.736255281734775,0.0,0.76,0.5,0.0,1.1088432459012514,1.1088432459012514,50,30,0
california,single,20261018,TS-H1-on,onpolicy,9.580405492039047,5.150736808240924,0.0,0.86,0.3333333333333333,0.0,1.1088432459012514,1.1088432459012514,50,30,0
california,single,20261018,UCB-H1-fit,model,10.138924012014078,3.8756830555141044,0.0,0.86,0.6,0.0,1.1088432459012514,1.1088432459012514,50,30,0
california,single,20261018,TS-H1-fit,model,10.678491896984328,4.795776769452175,0.0,0.88,0.4666666666666667,0.0,1.1088432459012514,1.1088432459012514,50,30,0
california,single,20261019,UCB,oracle,11.607229995055343,7.254881408835541,0.0,0.84,0.36666666666666664,0.0,0.0,1.0854805286854379,50,30,0
california,single,20261019,DUCB,oracle,8.955174419202889,5.131404963886674,0.0,0.88,0.6333333333333333,0.0,0.0,1.0854805286854379,50,30,0
california,single,20261019,TS,oracle,8.037796570246716,10.32771255169255,0.0,0.92,0.2,0.0,0.0,1.0854805286854379,50,30,0
california,single,20261019,EG05,oracle,9.262536847559408,8.69390089065809,0.0,0.92,0.26666666666666666,0.0,0.0,1.0854805286854379,50,30,0
california,single,20261019,EG10,oracle,11.615266419743305,12.399148849450464,0.0,0.9,0.23333333333333334,0.0,0.0,1.0854805286854379,50,30,0
california,single,20261019,EG15,oracle,22.139339520066788,8.478778956884511,0.0,0.78,0.23333333333333334,0.0,0.0,1.0854805286854379,50,30,0
california,single,20261019,UCB-H1,oracle,10.237861499702527,2.3136869172177166,0.0,0.86,0.8,0.0,1.0854805286854379,1.0854805286854379,50,30,0
california,single,20261019,UCB-H2,oracle,9.682122975426177,0.23756942379735357,0.0,0.88,0.9,0.0,2.1709610573708757,1.0854805286854379,50,30,0
california,single,20261019,TS-H1,oracle,7.693469283966719,8.58566037036099,0.0,0.92,0.23333333333333334,0.0,1.0854805286854379,1.0854805286854379,50,30,0
california,single,20261019,TS-H2,oracle,10.023602584145182,5.921676098096583,0.0,0.9,0.36666666666666664,0.0,2.1709610573708757,1.0854805286854379,50,30,0
california,single,20261019,EG10-H1,oracle,13.966230648736778,9.849744457896415,0.0,0.84,0.23333333333333334,0.0,1.0854805286854379,1.0854805286854379,50,30,0
california,single,20261019,UCB-H1-on,onpolicy,14.18090556723138,5.479304483966331,0.0,0.8,0.36666666666666664,0.0,1.0854805286854379,1.0854805286854379,50,30,0
california,single,20261019,TS-H1-on,onpolicy,7.672046486734073,7.2799158790503595,0.0,0.92,0.4,0.0,1.0854805286854379,1.0854805286854379,50,30,0
california,single,20261019,UCB-H1-fit,model,9.919351375776385,0.6164729342168382,0.0,0.86,0.8333333333333334,0.0,1.0854805286854379,1.0854805286854379,50,30,0
california,single,20261019,TS-H1-fit,model,9.941008023352953,7.956037715165409,0.0,0.9,0.26666666666666666,0.0,1.0854805286854379,1.0854805286854379,50,30,0
california,single,20261020,UCB,oracle,11.98569113194923,6.1998956188512135,0.0,0.84,0.4,0.0,0.0,1.2018021633973686,50,30,0
california,single,20261020,DUCB,oracle,9.940554609113605,4.325044910605172,0.0,0.84,0.6666666666666666,0.0,0.0,1.2018021633973686,50,30,0
california,single,20261020,TS,oracle,7.6564129530814515,10.716111541977446,0.0,0.92,0.2,0.0,0.0,1.2018021633973686,50,30,0
california,single,20261020,EG05,oracle,10.916338812951581,9.918559752797815,0.0,0.9,0.2,0.0,0.0,1.2018021633973686,50,30,0
california,single,20261020,EG10,oracle,15.064775800282336,10.324308462654493,0.0,0.84,0.16666666666666666,0.0,0.0,1.2018021633973686,50,30,0
california,single,20261020,EG15,oracle,18.45617144427834,12.953335328360367,0.0,0.78,0.2,0.0,0.0,1.2018021633973686,50,30,0
california,single,20261020,UCB-H1,oracle,10.86754149816746,0.7111236139893895,0.0,0.86,0.8333333333333334,0.0,1.2018021633973686,1.2018021633973686,50,30,0
california,single,20261020,UCB-H2,oracle,9.98356307198594,0.5762413755499896,0.0,0.86,0.8666666666666667,0.0,2.403604326794737,1.2018021633973686,50,30,0
california,single,20261020,TS-H1,oracle,9.992929954309211,4.6902281110109225,0.0,0.9,0.4666666666666667,0.0,1.2018021633973686,1.2018021633973686,50,30,0
california,single,20261020,TS-H2,oracle,9.274281211544366,1.8441259307853226,0.0,0.9,0.6666666666666666,0.0,2.403604326794737,1.2018021633973686,50,30,0
california,single,20261020,EG10-H1,oracle,17.18795413719113,4.621348635373101,0.0,0.82,0.5333333333333333,0.0,1.2018021633973686,1.2018021633973686,50,30,0
california,single,20261020,UCB-H1-on,onpolicy,15.23360312196329,6.867831607284514,0.0,0.74,0.43333333333333335,0.0,1.2018021633973686,1.2018021633973686,50,30,0
california,single,20261020,TS-H1-on,onpolicy,12.47880513548368,5.4432078514700635,0.0,0.84,0.36666666666666664,0.0,1.2018021633973686,1.2018021633973686,50,30,0
california,single,20261020,UCB-H1-fit,model,10.418993513940903,1.5210963771597406,0.0,0.86,0.7666666666666667,0.0,1.2018021633973686,1.2018021633973686,50,30,0
california,single,20261020,TS-H1-fit,model,9.477119166016594,6.677835060289513,0.0,0.9,0.3333333333333333,0.0,1.2018021633973686,1.2018021633973686,50,30,0
california,single,20261021,UCB,oracle,12.734072796298529,6.04131439950783,0.0,0.86,0.43333333333333335,0.0,0.0,1.008859373329829,50,30,0
california,single,20261021,DUCB,oracle,7.99502531170693,4.918477238988622,0.0,0.88,0.6666666666666666,0.0,0.0,1.008859373329829,50,30,0
california,single,20261021,TS,oracle,6.813064597279167,9.841673610350949,0.0,0.92,0.23333333333333334,0.0,0.0,1.008859373329829,50,30,0
california,single,20261021,EG05,oracle,8.068506782772095,8.821420690674277,0.0,0.92,0.23333333333333334,0.0,0.0,1.008859373329829,50,30,0
california,single,20261021,EG10,oracle,13.747041734695747,12.92876084913608,0.0,0.86,0.23333333333333334,0.0,0.0,1.008859373329829,50,30,0
california,single,20261021,EG15,oracle,16.809742913287177,12.037687834010246,0.0,0.8,0.26666666666666666,0.0,0.0,1.008859373329829,50,30,0
california,single,20261021,UCB-H1,oracle,10.082260050006736,3.720197924363118,0.0,0.86,0.6333333333333333,0.0,1.008859373329829,1.008859373329829,50,30,0
california,single,20261021,UCB-H2,oracle,9.73437097953746,1.0302158790474125,0.0,0.86,0.7666666666666667,0.0,2.017718746659658,1.008859373329829,50,30,0
california,single,20261021,TS-H1,oracle,7.913852913603778,8.821420690674277,0.0,0.9,0.23333333333333334,0.0,1.008859373329829,1.008859373329829,50,30,0
california,single,20261021,TS-H2,oracle,6.813064597279167,4.333770510738653,0.0,0.92,0.5,0.0,2.017718746659658,1.008859373329829,50,30,0
california,single,20261021,EG10-H1,oracle,13.1558741514406,11.919317140015284,0.0,0.88,0.23333333333333334,0.0,1.008859373329829,1.008859373329829,50,30,0
california,single,20261021,UCB-H1-on,onpolicy,14.696289458287392,5.352225539720525,0.0,0.76,0.43333333333333335,0.0,1.008859373329829,1.008859373329829,50,30,0
california,single,20261021,TS-H1-on,onpolicy,11.48638478404159,6.6117050926714125,0.0,0.88,0.36666666666666664,0.0,1.008859373329829,1.008859373329829,50,30,0
california,single,20261021,UCB-H1-fit,model,9.794850398098006,3.4951871840119293,0.0,0.86,0.6666666666666666,0.0,1.008859373329829,1.008859373329829,50,30,0
california,single,20261021,TS-H1-fit,model,6.402628596991278,7.333867359332803,0.0,0.92,0.3333333333333333,0.0,1.008859373329829,1.008859373329829,50,30,0
california,double,20261018,UCB,oracle,8.772545379280478,19.658716808660568,11.85103196913639,0.8571428571428571,0.42,0.8285714285714286,0.0,1.1396044548839028,35,50,35
california,double,20261018,DUCB,oracle,8.455073627326497,11.218748201744901,15.959745039630832,0.8571428571428571,0.64,0.7714285714285715,0.0,1.1396044548839028,35,50,35
california,double,20261018,TS,oracle,9.142249168650944,26.06724549669816,121.30509860320973,0.8571428571428571,0.22,0.0,0.0,1.1396044548839028,35,50,35
california,double,20261018,EG05,oracle,11.178574263324492,29.44129104742145,123.12037716569324,0.8285714285714286,0.12,0.0,0.0,1.1396044548839028,35,50,35
california,double,20261018,EG10,oracle,11.45523830227873,29.967593182145468,122.85556576038002,0.8285714285714286,0.14,0.0,0.0,1.1396044548839028,35,50,35
california,double,20261018,EG15,oracle,10.891302041960342,31.11696850140802,117.38676143082577,0.8571428571428571,0.18,0.02857142857142857,0.0,1.1396044548839028,35,50,35
california,double,20261018,UCB-H1,oracle,7.94892424535024,9.455611274224413,0.0,0.8857142857142857,0.72,1.0,1.1396044548839028,1.1396044548839028,35,50,35
california,double,20261018,UCB-H2,oracle,7.94892424535024,4.287008040375254,0.0,0.8857142857142857,0.88,1.0,2.2792089097678057,1.1396044548839028,35,50,35
california,double,20261018,TS-H1,oracle,7.240450847561812,13.329471437438677,14.673748431308143,0.8857142857142857,0.6,0.8,1.1396044548839028,1.1396044548839028,35,50,35
california,double,20261018,TS-H2,oracle,6.737318690449033,7.812192060826587,33.11582401476439,0.8857142857142857,0.76,0.6285714285714286,2.2792089097678057,1.1396044548839028,35,50,35
california,double,20261018,EG10-H1,oracle,8.547461157435025,13.221401008879504,121.47708621763125,0.8571428571428571,0.62,0.0,1.1396044548839028,1.1396044548839028,35,50,35
california,double,20261018,UCB-H1-on,onpolicy,9.091129053565833,22.63768881077352,13.493614181871852,0.8285714285714286,0.36,0.8571428571428571,1.1396044548839028,1.1396044548839028,35,50,35
california,double,20261018,TS-H1-on,onpolicy,7.276231286793674,21.06058229040441,44.92206790344924,0.8857142857142857,0.36,0.5428571428571428,1.1396044548839028,1.1396044548839028,35,50,35
california,double,20261018,UCB-H1-fit,model,7.94892424535024,7.110185878955384,11.321863588019681,0.8857142857142857,0.76,0.8857142857142857,1.1396044548839028,1.1396044548839028,35,50,35
california,double,20261018,TS-H1-fit,model,9.973837053886841,12.826703169964034,122.89882719476891,0.8571428571428571,0.58,0.0,1.1396044548839028,1.1396044548839028,35,50,35
california,double,20261019,UCB,oracle,9.05374284189245,20.62348425668431,9.342504795416012,0.8285714285714286,0.4,0.8571428571428571,0.0,1.0913571614348831,35,50,35
california,double,20261019,DUCB,oracle,8.28805740558084,10.194941487487942,16.864366928972423,0.8285714285714286,0.72,0.7714285714285715,0.0,1.0913571614348831,35,50,35
california,double,20261019,TS,oracle,7.300420683987151,31.14390492158565,125.52941325243688,0.8857142857142857,0.04,0.0,0.0,1.0913571614348831,35,50,35
california,double,20261019,EG05,oracle,8.222894034231068,28.493111270816165,125.61640860283993,0.8857142857142857,0.1,0.0,0.0,1.0913571614348831,35,50,35
california,double,20261019,EG10,oracle,10.83870310534817,33.32960805002941,64.17916754205173,0.8571428571428571,0.06,0.42857142857142855,0.0,1.0913571614348831,35,50,35
california,double,20261019,EG15,oracle,13.957575995197763,32.65572270041555,120.59291312232048,0.8,0.08,0.02857142857142857,0.0,1.0913571614348831,35,50,35
california,double,20261019,UCB-H1,oracle,7.798737803661943,14.29586294773012,9.987067054863694,0.8571428571428571,0.62,0.8857142857142857,1.0913571614348831,1.0913571614348831,35,50,35
california,double,20261019,UCB-H2,oracle,7.07430803682574,8.46939771687372,9.987067054863694,0.8857142857142857,0.74,0.8857142857142857,2.1827143228697663,1.0913571614348831,35,50,35
california,double,20261019,TS-H1,oracle,6.932888697237016,16.97348882501748,34.53258003914187,0.8857142857142857,0.42,0.6285714285714286,1.0913571614348831,1.0913571614348831,35,50,35
california,double,20261019,TS-H2,oracle,9.192894633040634,10.329326501908142,14.099603097631107,0.8571428571428571,0.58,0.8285714285714286,2.1827143228697663,1.0913571614348831,35,50,35
california,double,20261019,EG10-H1,oracle,8.623852748220433,20.40366845138027,50.07050583444008,0.8857142857142857,0.46,0.5142857142857142,1.0913571614348831,1.0913571614348831,35,50,35
california,double,20261019,UCB-H1-on,onpolicy,13.113266542542112,18.46924515196131,2.5164700154898596,0.7428571428571429,0.38,0.9428571428571428,1.0913571614348831,1.0913571614348831,35,50,35
california,double,20261019,TS-H1-on,onpolicy,7.156250456431614,20.89459901454541,122.13139128059171,0.8857142857142857,0.32,0.0,1.0913571614348831,1.0913571614348831,35,50,35
california,double,20261019,UCB-H1-fit,model,7.464690690835082,12.15296548534961,0.0,0.8571428571428571,0.66,1.0,1.0913571614348831,1.0913571614348831,35,50,35
california,double,20261019,TS-H1-fit,model,9.299163035261921,13.592590668405917,27.768149384876313,0.8571428571428571,0.48,0.6857142857142857,1.0913571614348831,1.0913571614348831,35,50,35
california,double,20261020,UCB,oracle,10.92664231189562,18.191647453856945,0.0,0.8,0.4,1.0,0.0,1.116808849615936,35,50,35
california,double,20261020,DUCB,oracle,7.955802005191281,11.418513698803752,1.1763444762902402,0.8285714285714286,0.68,0.9714285714285714,0.0,1.116808849615936,35,50,35
california,double,20261020,TS,oracle,9.288997823761584,30.725867482128066,120.29332297414273,0.8571428571428571,0.06,0.0,0.0,1.116808849615936,35,50,35
california,double,20261020,EG05,oracle,10.500855651760023,30.366720499456733,120.93616440816785,0.8571428571428571,0.08,0.0,0.0,1.116808849615936,35,50,35
california,double,20261020,EG10,oracle,8.59388439708556,34.55699756717397,97.42116577138417,0.8571428571428571,0.04,0.17142857142857143,0.0,1.116808849615936,35,50,35
california,double,20261020,EG15,oracle,14.965005596474377,30.005893914085554,119.29729057999666,0.7714285714285715,0.16,0.02857142857142857,0.0,1.116808849615936,35,50,35
california,double,20261020,UCB-H1,oracle,7.4603699189413435,13.728257937079336,0.0,0.8571428571428571,0.6,1.0,1.116808849615936,1.116808849615936,35,50,35
california,double,20261020,UCB-H2,oracle,8.87688751209372,10.472769334254544,0.0,0.8285714285714286,0.66,1.0,2.233617699231872,1.116808849615936,35,50,35
california,double,20261020,TS-H1,oracle,8.560201272627014,15.699576049660603,119.038749315945,0.8571428571428571,0.46,0.0,1.116808849615936,1.116808849615936,35,50,35
california,double,20261020,TS-H2,oracle,7.732457644330168,13.09537587131555,1.5035138651287896,0.8857142857142857,0.5,0.9714285714285714,2.233617699231872,1.116808849615936,35,50,35
california,double,20261020,EG10-H1,oracle,14.469503186237455,23.00652258179608,117.99228515308553,0.7714285714285715,0.3,0.02857142857142857,1.116808849615936,1.116808849615936,35,50,35
california,double,20261020,UCB-H1-on,onpolicy,11.52424067119259,21.68907672201947,11.293235703782479,0.7428571428571429,0.42,0.8285714285714286,1.116808849615936,1.116808849615936,35,50,35
california,double,20261020,TS-H1-on,onpolicy,8.96137462267177,22.672928809504022,119.43929229809542,0.8571428571428571,0.34,0.0,1.116808849615936,1.116808849615936,35,50,35
california,double,20261020,UCB-H1-fit,model,7.27011540407698,13.70918716334493,0.0,0.8857142857142857,0.62,1.0,1.116808849615936,1.116808849615936,35,50,35
california,double,20261020,TS-H1-fit,model,9.862428619864236,16.636095482118037,119.88522571055698,0.8571428571428571,0.44,0.0,1.116808849615936,1.116808849615936,35,50,35
california,double,20261021,UCB,oracle,9.90395321688256,20.094184812489537,19.754016871294386,0.8,0.44,0.7428571428571429,0.0,1.0546867946812708,35,50,35
california,double,20261021,DUCB,oracle,8.910850869135976,5.551013380669132,0.0,0.8285714285714286,0.8,1.0,0.0,1.0546867946812708,35,50,35
california,double,20261021,TS,oracle,6.487271490584742,31.859132972988498,122.06951192418018,0.8857142857142857,0.1,0.0,0.0,1.0546867946812708,35,50,35
california,double,20261021,EG05,oracle,8.020997213549283,30.949064033902562,122.28009778261506,0.8857142857142857,0.1,0.0,0.0,1.0546867946812708,35,50,35
california,double,20261021,EG10,oracle,8.428267792952928,34.943999379673606,79.60647582076993,0.8571428571428571,0.1,0.3142857142857143,0.0,1.0546867946812708,35,50,35
california,double,20261021,EG15,oracle,13.358735243303263,32.70856162922569,51.50043815768872,0.8,0.12,0.5142857142857142,0.0,1.0546867946812708,35,50,35
california,double,20261021,UCB-H1,oracle,7.084021916142789,12.607159229338043,0.0,0.8571428571428571,0.7,1.0,1.0546867946812708,1.0546867946812708,35,50,35
california,double,20261021,UCB-H2,oracle,6.630256659352349,9.280995779253049,0.0,0.8857142857142857,0.74,1.0,2.1093735893625416,1.0546867946812708,35,50,35
california,double,20261021,TS-H1,oracle,8.120242274774577,17.444038676917437,120.70442519558837,0.8571428571428571,0.5,0.0,1.0546867946812708,1.0546867946812708,35,50,35
california,double,20261021,TS-H2,oracle,6.704187322326356,9.334564449152522,4.958569610696038,0.8857142857142857,0.7,0.9142857142857143,2.1093735893625416,1.0546867946812708,35,50,35
california,double,20261021,EG10-H1,oracle,10.496654649013806,23.287393926033523,118.47651355793998,0.8571428571428571,0.42,0.0,1.0546867946812708,1.0546867946812708,35,50,35
california,double,20261021,UCB-H1-on,onpolicy,13.268439017510318,20.46897102257363,28.46198533452718,0.7428571428571429,0.44,0.6571428571428571,1.0546867946812708,1.0546867946812708,35,50,35
california,double,20261021,TS-H1-on,onpolicy,8.395878885110896,21.00505089885837,118.25390184497842,0.8571428571428571,0.34,0.0,1.0546867946812708,1.0546867946812708,35,50,35
california,double,20261021,UCB-H1-fit,model,6.964720062569501,10.435444395970933,0.0,0.8571428571428571,0.76,1.0,1.0546867946812708,1.0546867946812708,35,50,35
california,double,20261021,TS-H1-fit,model,6.780280686956422,17.435676827140156,45.87453456461411,0.8857142857142857,0.48,0.5142857142857142,1.0546867946812708,1.0546867946812708,35,50,35
covertype,single,20261018,UCB,oracle,15.929547672331836,45.04387749036072,0.0,0.94,0.2,0.0,0.0,2.3922612594554287,50,30,0
covertype,single,20261018,DUCB,oracle,15.929547672331836,48.16283160574242,0.0,0.94,0.2,0.0,0.0,2.3922612594554287,50,30,0
covertype,single,20261018,TS,oracle,15.929547672331836,45.04387749036072,0.0,0.94,0.2,0.0,0.0,2.3922612594554287,50,30,0
covertype,single,20261018,EG05,oracle,32.198391501604284,41.06718075252619,0.0,0.88,0.23333333333333334,0.0,0.0,2.3922612594554287,50,30,0
covertype,single,20261018,EG10,oracle,32.16888953959758,47.22219636721774,0.0,0.88,0.2,0.0,0.0,2.3922612594554287,50,30,0
covertype,single,20261018,EG15,oracle,30.034942642160594,52.48382340427168,0.0,0.88,0.2,0.0,0.0,2.3922612594554287,50,30,0
covertype,single,20261018,UCB-H1,oracle,15.929547672331836,46.07759133209931,0.0,0.94,0.2,0.0,2.3922612594554287,2.3922612594554287,50,30,0
covertype,single,20261018,UCB-H2,oracle,15.929547672331836,13.216376774723559,0.0,0.94,0.5666666666666667,0.0,4.784522518910857,2.3922612594554287,50,30,0
covertype,single,20261018,TS-H1,oracle,15.929547672331836,45.04387749036072,0.0,0.94,0.2,0.0,2.3922612594554287,2.3922612594554287,50,30,0
covertype,single,20261018,TS-H2,oracle,15.929547672331836,24.39356385394146,0.0,0.94,0.43333333333333335,0.0,4.784522518910857,2.3922612594554287,50,30,0
covertype,single,20261018,EG10-H1,oracle,28.390811431066247,46.25693675774081,0.0,0.88,0.2,0.0,2.3922612594554287,2.3922612594554287,50,30,0
covertype,single,20261018,UCB-H1-on,onpolicy,19.22071129809268,23.3434794397098,0.0,0.92,0.4666666666666667,0.0,2.3922612594554287,2.3922612594554287,50,30,0
covertype,single,20261018,TS-H1-on,onpolicy,15.929547672331836,46.22924475010472,0.0,0.94,0.2,0.0,2.3922612594554287,2.3922612594554287,50,30,0
covertype,single,20261018,UCB-H1-fit,model,15.929547672331836,45.04387749036072,0.0,0.94,0.2,0.0,2.3922612594554287,2.3922612594554287,50,30,0
covertype,single,20261018,TS-H1-fit,model,15.929547672331836,45.04387749036072,0.0,0.94,0.2,0.0,2.3922612594554287,2.3922612594554287,50,30,0
covertype,single,20261019,UCB,oracle,15.85742672000693,45.41172944009113,0.0,0.94,0.1,0.0,0.0,2.526461859046556,50,30,0
covertype,single,20261019,DUCB,oracle,15.85742672000693,10.374448194501161,0.0,0.94,0.6,0.0,0.0,2.526461859046556,50,30,0
covertype,single,20261019,TS,oracle,15.85742672000693,45.41172944009113,0.0,0.94,0.1,0.0,0.0,2.526461859046556,50,30,0
covertype,single,20261019,EG05,oracle,21.476338606999406,45.33277776760551,0.0,0.92,0.13333333333333333,0.0,0.0,2.526461859046556,50,30,0
covertype,single,20261019,EG10,oracle,26.162569219063382,50.56125012475521,0.0,0.9,0.1,0.0,0.0,2.526461859046556,50,30,0
covertype,single,20261019,EG15,oracle,47.47352990867597,44.422001733591316,0.0,0.78,0.16666666666666666,0.0,0.0,2.526461859046556,50,30,0
covertype,single,20261019,UCB-H1,oracle,15.85742672000693,14.478957863463451,0.0,0.94,0.5,0.0,2.526461859046556,2.526461859046556,50,30,0
covertype,single,20261019,UCB-H2,oracle,15.85742672000693,6.525407074669912,0.0,0.94,0.6333333333333333,0.0,5.052923718093112,2.526461859046556,50,30,0
covertype,single,20261019,TS-H1,oracle,15.85742672000693,45.41172944009113,0.0,0.94,0.1,0.0,2.526461859046556,2.526461859046556,50,30,0
covertype,single,20261019,TS-H2,oracle,15.85742672000693,18.308757017986636,0.0,0.94,0.43333333333333335,0.0,5.052923718093112,2.526461859046556,50,30,0
covertype,single,20261019,EG10-H1,oracle,31.399628377938093,45.98676688648724,0.0,0.84,0.1,0.0,2.526461859046556,2.526461859046556,50,30,0
covertype,single,20261019,UCB-H1-on,onpolicy,23.67835457077331,24.71257513703214,0.0,0.86,0.43333333333333335,0.0,2.526461859046556,2.526461859046556,50,30,0
covertype,single,20261019,TS-H1-on,onpolicy,18.999949772478647,26.048465693807834,0.0,0.92,0.3333333333333333,0.0,2.526461859046556,2.526461859046556,50,30,0
covertype,single,20261019,UCB-H1-fit,model,15.85742672000693,14.478957863463451,0.0,0.94,0.5,0.0,2.526461859046556,2.526461859046556,50,30,0
covertype,single,20261019,TS-H1-fit,model,15.85742672000693,45.41172944009113,0.0,0.94,0.1,0.0,2.526461859046556,2.526461859046556,50,30,0
covertype,single,20261020,UCB,oracle,16.08762721732319,40.66383805370569,0.0,0.94,0.26666666666666666,0.0,0.0,2.56916271883366,50,30,0
covertype,single,20261020,DUCB,oracle,16.08762721732319,14.035672362988546,0.0,0.94,0.6,0.0,0.0,2.56916271883366,50,30,0
covertype,single,20261020,TS,oracle,16.08762721732319,40.66383805370569,0.0,0.94,0.26666666666666666,0.0,0.0,2.56916271883366,50,30,0
covertype,single,20261020,EG05,oracle,27.16287445491262,39.97381521566305,0.0,0.9,0.3,0.0,0.0,2.56916271883366,50,30,0
covertype,single,20261020,EG10,oracle,35.81865359131376,41.780064285739364,0.0,0.84,0.26666666666666666,0.0,0.0,2.56916271883366,50,30,0
covertype,single,20261020,EG15,oracle,45.903869188848354,42.82708236531327,0.0,0.78,0.26666666666666666,0.0,0.0,2.56916271883366,50,30,0
covertype,single,20261020,UCB-H1,oracle,16.08762721732319,18.859992279366217,0.0,0.94,0.5333333333333333,0.0,2.56916271883366,2.56916271883366,50,30,0
covertype,single,20261020,UCB-H2,oracle,16.08762721732319,9.420946059721235,0.0,0.94,0.6666666666666666,0.0,5.13832543766732,2.56916271883366,50,30,0
covertype,single,20261020,TS-H1,oracle,16.08762721732319,40.66383805370569,0.0,0.94,0.26666666666666666,0.0,2.56916271883366,2.56916271883366,50,30,0
covertype,single,20261020,TS-H2,oracle,16.08762721732319,11.792948643132258,0.0,0.94,0.6333333333333333,0.0,5.13832543766732,2.56916271883366,50,30,0
covertype,single,20261020,EG10-H1,oracle,44.45829100347786,42.15079543851413,0.0,0.82,0.26666666666666666,0.0,2.56916271883366,2.56916271883366,50,30,0
covertype,single,20261020,UCB-H1-on,onpolicy,19.71383982017943,26.80557807593983,0.0,0.88,0.4,0.0,2.56916271883366,2.56916271883366,50,30,0
covertype,single,20261020,TS-H1-on,onpolicy,18.748957897677926,21.86979057369468,0.0,0.92,0.6,0.0,2.56916271883366,2.56916271883366,50,30,0
covertype,single,20261020,UCB-H1-fit,model,16.08762721732319,18.859992279366217,0.0,0.94,0.5333333333333333,0.0,2.56916271883366,2.56916271883366,50,30,0
covertype,single,20261020,TS-H1-fit,model,16.08762721732319,42.51574247202808,0.0,0.94,0.26666666666666666,0.0,2.56916271883366,2.56916271883366,50,30,0
covertype,single,20261021,UCB,oracle,15.483389307120916,43.27605915790004,0.0,0.94,0.23333333333333334,0.0,0.0,2.5195432685967853,50,30,0
covertype,single,20261021,DUCB,oracle,15.483389307120916,14.991910155756965,0.0,0.94,0.6333333333333333,0.0,0.0,2.5195432685967853,50,30,0
covertype,single,20261021,TS,oracle,15.483389307120916,42.32234745315017,0.0,0.94,0.23333333333333334,0.0,0.0,2.5195432685967853,50,30,0
covertype,single,20261021,EG05,oracle,21.58687939281107,42.32234745315017,0.0,0.92,0.23333333333333334,0.0,0.0,2.5195432685967853,50,30,0
covertype,single,20261021,EG10,oracle,32.21784132178861,47.946917662936436,0.0,0.86,0.23333333333333334,0.0,0.0,2.5195432685967853,50,30,0
covertype,single,20261021,EG15,oracle,44.89755135070465,44.26894431017288,0.0,0.8,0.26666666666666666,0.0,0.0,2.5195432685967853,50,30,0
covertype,single,20261021,UCB-H1,oracle,15.483389307120916,14.710944695185594,0.0,0.94,0.6,0.0,2.5195432685967853,2.5195432685967853,50,30,0
covertype,single,20261021,UCB-H2,oracle,15.483389307120916,4.808497745556798,0.0,0.94,0.8,0.0,5.039086537193571,2.5195432685967853,50,30,0
covertype,single,20261021,TS-H1,oracle,15.483389307120916,42.32234745315017,0.0,0.94,0.23333333333333334,0.0,2.5195432685967853,2.5195432685967853,50,30,0
covertype,single,20261021,TS-H2,oracle,15.483389307120916,34.31306400693993,0.0,0.94,0.3333333333333333,0.0,5.039086537193571,2.5195432685967853,50,30,0
covertype,single,20261021,EG10-H1,oracle,28.184258804846255,43.115420191289694,0.0,0.88,0.23333333333333334,0.0,2.5195432685967853,2.5195432685967853,50,30,0
covertype,single,20261021,UCB-H1-on,onpolicy,26.302398091671893,28.06677668930414,0.0,0.82,0.43333333333333335,0.0,2.5195432685967853,2.5195432685967853,50,30,0
covertype,single,20261021,TS-H1-on,onpolicy,18.960605923564078,22.211145794223796,0.0,0.92,0.5,0.0,2.5195432685967853,2.5195432685967853,50,30,0
covertype,single,20261021,UCB-H1-fit,model,15.483389307120916,13.241266665652946,0.0,0.94,0.6333333333333333,0.0,2.5195432685967853,2.5195432685967853,50,30,0
covertype,single,20261021,TS-H1-fit,model,15.483389307120916,42.32234745315017,0.0,0.94,0.23333333333333334,0.0,2.5195432685967853,2.5195432685967853,50,30,0
covertype,double,20261018,UCB,oracle,14.558833894714056,47.461927296696004,28.006110945234994,0.9142857142857143,0.54,0.7428571428571429,0.0,2.3763604052402147,35,50,35
covertype,double,20261018,DUCB,oracle,14.558833894714056,7.078428151456935,11.438206927450736,0.9142857142857143,0.82,0.8571428571428571,0.0,2.3763604052402147,35,50,35
covertype,double,20261018,TS,oracle,14.558833894714056,113.26033041619992,122.49931494599363,0.9142857142857143,0.14,0.2857142857142857,0.0,2.3763604052402147,35,50,35
covertype,double,20261018,EG05,oracle,27.987391352474898,123.4295541287593,193.08577975459372,0.8285714285714286,0.1,0.0,0.0,2.3763604052402147,35,50,35
covertype,double,20261018,EG10,oracle,27.329515778951517,128.51799348359054,194.2791640471731,0.8285714285714286,0.08,0.0,0.0,2.3763604052402147,35,50,35
covertype,double,20261018,EG15,oracle,25.163644325707004,129.7768932727871,90.6198842442369,0.8571428571428571,0.08,0.45714285714285713,0.0,2.3763604052402147,35,50,35
covertype,double,20261018,UCB-H1,oracle,14.558833894714056,10.751527467843784,15.870828336463312,0.9142857142857143,0.78,0.8,2.3763604052402147,2.3763604052402147,35,50,35
covertype,double,20261018,UCB-H2,oracle,14.558833894714056,5.467774392803015,14.113721499851014,0.9142857142857143,0.84,0.8,4.7527208104804295,2.3763604052402147,35,50,35
covertype,double,20261018,TS-H1,oracle,14.558833894714056,34.14780668795332,20.366499767382958,0.9142857142857143,0.62,0.7714285714285715,2.3763604052402147,2.3763604052402147,35,50,35
covertype,double,20261018,TS-H2,oracle,14.558833894714056,16.947242287013726,44.04729722674352,0.9142857142857143,0.74,0.6285714285714286,4.7527208104804295,2.3763604052402147,35,50,35
covertype,double,20261018,EG10-H1,oracle,20.875853343178314,126.86851475560441,193.84698160936716,0.8571428571428571,0.08,0.0,2.3763604052402147,2.3763604052402147,35,50,35
covertype,double,20261018,UCB-H1-on,onpolicy,16.379610845241885,71.15031607963624,141.0321007728581,0.8857142857142857,0.44,0.2,2.3763604052402147,2.3763604052402147,35,50,35
covertype,double,20261018,TS-H1-on,onpolicy,14.558833894714056,64.55176775596097,165.74200246774353,0.9142857142857143,0.42,0.08571428571428572,2.3763604052402147,2.3763604052402147,35,50,35
covertype,double,20261018,UCB-H1-fit,model,14.558833894714056,10.751527467843784,17.478847450780638,0.9142857142857143,0.78,0.8,2.3763604052402147,2.3763604052402147,35,50,35
covertype,double,20261018,TS-H1-fit,model,14.558833894714056,65.60084804828577,177.63594579030024,0.9142857142857143,0.44,0.0,2.3763604052402147,2.3763604052402147,35,50,35
covertype,double,20261019,UCB,oracle,15.668466727642773,60.55715111475634,114.30320319199546,0.9142857142857143,0.46,0.2857142857142857,0.0,2.3994505513172144,35,50,35
covertype,double,20261019,DUCB,oracle,15.668466727642773,14.635927970807838,35.565256534605616,0.9142857142857143,0.78,0.6571428571428571,0.0,2.3994505513172144,35,50,35
covertype,double,20261019,TS,oracle,15.668466727642773,110.13638436074238,183.61170639073995,0.9142857142857143,0.18,0.0,0.0,2.3994505513172144,35,50,35
covertype,double,20261019,EG05,oracle,20.59651262278691,121.70508650780282,188.42828092723423,0.8857142857142857,0.08,0.0,0.0,2.3994505513172144,35,50,35
covertype,double,20261019,EG10,oracle,25.94074565025661,133.11669101204382,183.04618543053596,0.8571428571428571,0.06,0.02857142857142857,0.0,2.3994505513172144,35,50,35
covertype,double,20261019,EG15,oracle,32.92360900320257,131.72924200043943,179.16822097989217,0.8,0.08,0.02857142857142857,0.0,2.3994505513172144,35,50,35
covertype,double,20261019,UCB-H1,oracle,15.668466727642773,18.75977797548185,49.687191457381864,0.9142857142857143,0.74,0.6,2.3994505513172144,2.3994505513172144,35,50,35
covertype,double,20261019,UCB-H2,oracle,15.668466727642773,12.422190957178088,15.754892908958087,0.9142857142857143,0.8,0.8,4.798901102634429,2.3994505513172144,35,50,35
covertype,double,20261019,TS-H1,oracle,15.668466727642773,75.81170857685109,88.34650655481981,0.9142857142857143,0.38,0.4,2.3994505513172144,2.3994505513172144,35,50,35
covertype,double,20261019,TS-H2,oracle,15.668466727642773,44.53745532346748,65.86280162851077,0.9142857142857143,0.58,0.5142857142857142,4.798901102634429,2.3994505513172144,35,50,35
covertype,double,20261019,EG10-H1,oracle,21.210145711234272,51.849604124888295,173.68459512816312,0.8857142857142857,0.6,0.02857142857142857,2.3994505513172144,2.3994505513172144,35,50,35
covertype,double,20261019,UCB-H1-on,onpolicy,17.59998642231748,73.52114702430136,65.13246027978602,0.8857142857142857,0.4,0.5142857142857142,2.3994505513172144,2.3994505513172144,35,50,35
covertype,double,20261019,TS-H1-on,onpolicy,17.69494813400088,88.63453744688765,179.17313379360166,0.8857142857142857,0.32,0.0,2.3994505513172144,2.3994505513172144,35,50,35
covertype,double,20261019,UCB-H1-fit,model,15.668466727642773,18.75977797548185,38.02704132954072,0.9142857142857143,0.74,0.6571428571428571,2.3994505513172144,2.3994505513172144,35,50,35
covertype,double,20261019,TS-H1-fit,model,15.668466727642773,36.42649918366258,171.6892886961757,0.9142857142857143,0.62,0.0,2.3994505513172144,2.3994505513172144,35,50,35
covertype,double,20261020,UCB,oracle,15.241545759367142,76.40918864056094,7.1288970568897945,0.9142857142857143,0.36,0.9142857142857143,0.0,2.396555788756262,35,50,35
covertype,double,20261020,DUCB,oracle,15.241545759367142,17.326081590011047,5.673689954226569,0.9142857142857143,0.7,0.9142857142857143,0.0,2.396555788756262,35,50,35
covertype,double,20261020,TS,oracle,15.241545759367142,126.26987643574438,10.104774132377713,0.9142857142857143,0.08,0.9142857142857143,0.0,2.396555788756262,35,50,35
covertype,double,20261020,EG05,oracle,25.099077227182814,126.97556870514919,190.76537393942513,0.8571428571428571,0.1,0.0,0.0,2.396555788756262,35,50,35
covertype,double,20261020,EG10,oracle,22.25225017023157,133.58203064265152,152.2831574280272,0.8571428571428571,0.06,0.17142857142857143,0.0,2.396555788756262,35,50,35
covertype,double,20261020,EG15,oracle,38.75142975667537,117.5815490858932,184.08710646773835,0.7714285714285715,0.16,0.02857142857142857,0.0,2.396555788756262,35,50,35
covertype,double,20261020,UCB-H1,oracle,15.241545759367142,17.326081590011047,33.7146278324241,0.9142857142857143,0.7,0.6857142857142857,2.396555788756262,2.396555788756262,35,50,35
covertype,double,20261020,UCB-H2,oracle,15.241545759367142,8.431140640974231,32.99451248495694,0.9142857142857143,0.8,0.6857142857142857,4.793111577512524,2.396555788756262,35,50,35
covertype,double,20261020,TS-H1,oracle,15.241545759367142,70.02204115575933,71.71787297116036,0.9142857142857143,0.4,0.4857142857142857,2.396555788756262,2.396555788756262,35,50,35
covertype,double,20261020,TS-H2,oracle,15.241545759367142,34.40601707127484,55.780244258054424,0.9142857142857143,0.62,0.5714285714285714,4.793111577512524,2.396555788756262,35,50,35
covertype,double,20261020,EG10-H1,oracle,41.956507986674154,128.62686953402937,186.5305556644057,0.7714285714285715,0.08,0.02857142857142857,2.396555788756262,2.396555788756262,35,50,35
covertype,double,20261020,UCB-H1-on,onpolicy,15.241545759367142,72.92235004512082,32.76408725879338,0.9142857142857143,0.32,0.7714285714285715,2.396555788756262,2.396555788756262,35,50,35
covertype,double,20261020,TS-H1-on,onpolicy,15.241545759367142,82.44110517591712,184.53159801001243,0.9142857142857143,0.36,0.0,2.396555788756262,2.396555788756262,35,50,35
covertype,double,20261020,UCB-H1-fit,model,15.241545759367142,14.408018091510549,19.728220313472576,0.9142857142857143,0.72,0.8,2.396555788756262,2.396555788756262,35,50,35
covertype,double,20261020,TS-H1-fit,model,15.241545759367142,119.7839252277237,187.7691900838977,0.9142857142857143,0.14,0.0,2.396555788756262,2.396555788756262,35,50,35
covertype,double,20261021,UCB,oracle,14.23218372255537,54.455924815768455,8.466827951848458,0.9142857142857143,0.56,0.8571428571428571,0.0,2.3972327757516383,35,50,35
covertype,double,20261021,DUCB,oracle,14.23218372255537,9.214136653578947,3.9972843931220727,0.9142857142857143,0.84,0.9142857142857143,0.0,2.3972327757516383,35,50,35
covertype,double,20261021,TS,oracle,14.23218372255537,127.94008089151434,193.3136631149933,0.9142857142857143,0.1,0.0,0.0,2.3972327757516383,35,50,35
covertype,double,20261021,EG05,oracle,20.010660443526188,127.16915401958971,194.7556657831772,0.8857142857142857,0.1,0.0,0.0,2.3972327757516383,35,50,35
covertype,double,20261021,EG10,oracle,21.59419617576406,130.92563450057645,124.91734006655528,0.8571428571428571,0.1,0.3142857142857143,0.0,2.3972327757516383,35,50,35
covertype,double,20261021,EG15,oracle,34.87507681670045,118.878346640552,88.3358573113207,0.8,0.16,0.45714285714285713,0.0,2.3972327757516383,35,50,35
covertype,double,20261021,UCB-H1,oracle,14.23218372255537,14.215886763948221,18.624329204379904,0.9142857142857143,0.8,0.8,2.3972327757516383,2.3972327757516383,35,50,35
covertype,double,20261021,UCB-H2,oracle,14.23218372255537,6.813647542029047,11.97944534663161,0.9142857142857143,0.86,0.8285714285714286,4.794465551503277,2.3972327757516383,35,50,35
covertype,double,20261021,TS-H1,oracle,14.23218372255537,59.305648885035474,59.598778299866204,0.9142857142857143,0.52,0.5428571428571428,2.3972327757516383,2.3972327757516383,35,50,35
covertype,double,20261021,TS-H2,oracle,14.23218372255537,20.244729102957137,39.78876897790861,0.9142857142857143,0.76,0.6571428571428571,4.794465551503277,2.3972327757516383,35,50,35
covertype,double,20261021,EG10-H1,oracle,24.76067683067147,68.61782559851997,181.94903224014675,0.8571428571428571,0.46,0.0,2.3972327757516383,2.3972327757516383,35,50,35
covertype,double,20261021,UCB-H1-on,onpolicy,18.635487682977555,75.33724077844818,139.11394923602944,0.8571428571428571,0.34,0.17142857142857143,2.3972327757516383,2.3972327757516383,35,50,35
covertype,double,20261021,TS-H1-on,onpolicy,14.23218372255537,54.57719855679043,182.49413673363216,0.9142857142857143,0.54,0.0,2.3972327757516383,2.3972327757516383,35,50,35
covertype,double,20261021,UCB-H1-fit,model,14.23218372255537,16.532286285936006,8.466827951848458,0.9142857142857143,0.78,0.8571428571428571,2.3972327757516383,2.3972327757516383,35,50,35
covertype,double,20261021,TS-H1-fit,model,14.23218372255537,21.5280567932081,94.72259668850245,0.9142857142857143,0.76,0.37142857142857144,2.3972327757516383,2.3972327757516383,35,50,35
