dataset,scenario,seed,t,post,arm0,arm1,arm2,arm3,name0,name1,name2,name3
gaussian30,gradual_relocate,20261018,16,0,0.01314757782688307,0.40228754961822,0.20473687798278606,0.3798279945721109,stale,fresh,blend,zero
gaussian30,gradual_relocate,20261018,24,0,0.016949090525476797,0.36904158606961823,0.2145425808925336,0.3994667425123713,stale,fresh,blend,zero
gaussian30,gradual_relocate,20261018,32,0,0.033200991510552044,0.40740732870908136,0.15460194784583886,0.4047897319345278,stale,fresh,blend,zero
gaussian30,gradual_relocate,20261018,40,0,0.08625216761320721,0.3875214879776602,0.09652220183817053,0.42970414257096196,stale,fresh,blend,zero
gaussian30,gradual_relocate,20261018,48,0,0.19577397099261096,0.29933548088141415,0.04907619163545616,0.4558143564905187,stale,fresh,blend,zero
gaussian30,gradual_relocate,20261018,56,1,0.26517898335413015,0.19528956393339167,0.039237601013302335,0.500293851699176,stale,fresh,blend,zero
gaussian30,gradual_relocate,20261018,64,1,0.37364951044205924,0.09340107516055966,0.08662799380897579,0.4463214205884054,stale,fresh,blend,zero
gaussian30,gradual_relocate,20261018,72,1,0.386501058861266,0.04793376918209573,0.14064864375199934,0.424916528204639,stale,fresh,blend,zero
gaussian30,gradual_relocate,20261019,16,0,0.01565806862238948,0.3830234347429641,0.20112291151137324,0.40019558512327325,stale,fresh,blend,zero
gaussian30,gradual_relocate,20261019,24,0,0.016237182475863428,0.39939341328694583,0.18436823398738703,0.40000117024980375,stale,fresh,blend,zero
gaussian30,gradual_relocate,20261019,32,0,0.027680029391123868,0.41471657764005065,0.1475800841893791,0.41002330877944626,stale,fresh,blend,zero
gaussian30,gradual_relocate,20261019,40,0,0.09401168745577124,0.38359132354072084,0.1098540987189814,0.4125428902845265,stale,fresh,blend,zero
gaussian30,gradual_relocate,20261019,48,0,0.17489233425821696,0.3292087544402226,0.04936593745252297,0.4465329738490377,stale,fresh,blend,zero
gaussian30,gradual_relocate,20261019,56,1,0.28199649036300206,0.19790500098282005,0.036896946061791676,0.4832015625923862,stale,fresh,blend,zero
gaussian30,gradual_relocate,20261019,64,1,0.36111691026106324,0.11723302119978883,0.07651199537529445,0.44513807316385345,stale,fresh,blend,zero
gaussian30,gradual_relocate,20261019,72,1,0.39446031482110366,0.04028229494792312,0.12875218769515356,0.4365052025358196,stale,fresh,blend,zero
gaussian30,gradual_relocate,20261020,16,0,0.014154961338191756,0.37749909852256536,0.21738022622462483,0.39096571391461804,stale,fresh,blend,zero
gaussian30,gradual_relocate,20261020,24,0,0.015312073666576307,0.3895884699124949,0.19570589770287727,0.3993935587180516,stale,fresh,blend,zero
gaussian30,gradual_relocate,20261020,32,0,0.03276918920194155,0.40469105182683673,0.13893580287821095,0.4236039560930109,stale,fresh,blend,zero
gaussian30,gradual_relocate,20261020,40,0,0.08836701380915321,0.3734307299851091,0.09466114085343118,0.4435411153523065,stale,fresh,blend,zero
gaussian30,gradual_relocate,20261020,48,0,0.18248761137808964,0.3186661798329851,0.045097892389934634,0.45374831639899055,stale,fresh,blend,zero
gaussian30,gradual_relocate,20261020,56,1,0.2953841422237303,0.1948344397025423,0.03983960696439545,0.469941811109332,stale,fresh,blend,zero
gaussian30,gradual_relocate,20261020,64,1,0.37178059805893393,0.0930789492153644,0.07539157073641375,0.459748881989288,stale,fresh,blend,zero
gaussian30,gradual_relocate,20261020,72,1,0.42199864252959496,0.03358413012438317,0.14280643068805307,0.4016107966579688,stale,fresh,blend,zero
gaussian30,gradual_relocate,20261021,16,0,0.012081280645821242,0.38173508274325246,0.19202086341407568,0.4141627731968506,stale,fresh,blend,zero
gaussian30,gradual_relocate,20261021,24,0,0.016467229607971274,0.41123952790522755,0.19363808491434784,0.3786551575724533,stale,fresh,blend,zero
gaussian30,gradual_relocate,20261021,32,0,0.03282197884460946,0.41588328725178864,0.15437850679754903,0.3969162271060528,stale,fresh,blend,zero
gaussian30,gradual_relocate,20261021,40,0,0.09164559840184844,0.37471554500390425,0.0947993952442051,0.4388394613500422,stale,fresh,blend,zero
gaussian30,gradual_relocate,20261021,48,0,0.18869937160517034,0.32683660580841384,0.042959209931799885,0.44150481265461583,stale,fresh,blend,zero
gaussian30,gradual_relocate,20261021,56,1,0.29404768846481555,0.1928781832623421,0.04172741525265936,0.47134671302018294,stale,fresh,blend,zero
gaussian30,gradual_relocate,20261021,64,1,0.37456949014751995,0.09657816251995541,0.08274341819382229,0.4461089291387022,stale,fresh,blend,zero
gaussian30,gradual_relocate,20261021,72,1,0.3803148564896275,0.0443177228469325,0.13483019721748002,0.4405372234459601,stale,fresh,blend,zero
gaussian30,drastic_relocate,20261018,16,0,0.01314757782688307,0.40228754961822,0.20473687798278606,0.3798279945721109,stale,fresh,blend,zero
gaussian30,drastic_relocate,20261018,24,0,0.01612070967490974,0.3664632700607353,0.22014824700824862,0.39726777325610624,stale,fresh,blend,zero
gaussian30,drastic_relocate,20261018,32,0,0.013473034617909399,0.394535274252514,0.20621890472585042,0.3857727864037263,stale,fresh,blend,zero
gaussian30,drastic_relocate,20261018,40,1,0.016220665198854307,0.40283230559659156,0.20536688731793343,0.3755801418866207,stale,fresh,blend,zero
gaussian30,drastic_relocate,20261018,48,1,0.3926800193164302,0.014608890671733685,0.19278673451646333,0.3999243554953728,stale,fresh,blend,zero
gaussian30,drastic_relocate,20261018,56,1,0.38992602513098634,0.016882274954863184,0.1933586346490442,0.39983306526510626,stale,fresh,blend,zero
gaussian30,drastic_relocate,20261018,64,1,0.39276431118341637,0.013798330820544191,0.20731221767552768,0.3861251403205117,stale,fresh,blend,zero
gaussian30,drastic_relocate,20261018,72,1,0.3772018223516115,0.015140412478545695,0.21062492165878718,0.3970328435110557,stale,fresh,blend,zero
gaussian30,drastic_relocate,20261019,16,0,0.01565806862238948,0.3830234347429641,0.20112291151137324,0.40019558512327325,stale,fresh,blend,zero
gaussian30,drastic_relocate,20261019,24,0,0.015345939482916647,0.39734685005556786,0.1896885572467181,0.39761865321479745,stale,fresh,blend,zero
gaussian30,drastic_relocate,20261019,32,0,0.014078534492911325,0.4056435024172716,0.1957748267225695,0.38450313636724776,stale,fresh,blend,zero
gaussian30,drastic_relocate,20261019,40,1,0.015221738918081339,0.3830615549494673,0.23535380418321947,0.36636290194923193,stale,fresh,blend,zero
gaussian30,drastic_relocate,20261019,48,1,0.39687088535767384,0.01584448770388397,0.2023166022790764,0.38496802465936564,stale,fresh,blend,zero
gaussian30,drastic_relocate,20261019,56,1,0.38701134686231464,0.013774316238043855,0.2013391955903836,0.39787514130925805,stale,fresh,blend,zero
gaussian30,drastic_relocate,20261019,64,1,0.38292989785985104,0.015601111618859164,0.19870136056918583,0.402767629952104,stale,fresh,blend,zero
gaussian30,drastic_relocate,20261019,72,1,0.3876475901073432,0.01425939067876517,0.18660655961029543,0.4114864596035962,stale,fresh,blend,zero
gaussian30,drastic_relocate,20261020,16,0,0.014154961338191756,0.37749909852256536,0.21738022622462483,0.39096571391461804,stale,fresh,blend,zero
gaussian30,drastic_relocate,20261020,24,0,0.014228387998909015,0.3879577668692383,0.2001717898061977,0.3976420553256549,stale,fresh,blend,zero
gaussian30,drastic_relocate,20261020,32,0,0.014518877092055817,0.3979958997256653,0.18594870356075688,0.4015365196215222,stale,fresh,blend,zero
gaussian30,drastic_relocate,20261020,40,1,0.015647040850367635,0.38108329564784144,0.20664623331705417,0.39662343018473667,stale,fresh,blend,zero
gaussian30,drastic_relocate,20261020,48,1,0.4014941198180688,0.01358947185321825,0.21751841184863627,0.3673979964800766,stale,fresh,blend,zero
gaussian30,drastic_relocate,20261020,56,1,0.40404297388245175,0.014603711411031136,0.18331301109882822,0.3980403036076889,stale,fresh,blend,zero
gaussian30,drastic_relocate,20261020,64,1,0.388856136584947,0.013162899803940266,0.19460408588596,0.40337687772515285,stale,fresh,blend,zero
gaussian30,drastic_relocate,20261020,72,1,0.40355374304783376,0.012184502264512839,0.20350091433491108,0.3807608403527423,stale,fresh,blend,zero
gaussian30,drastic_relocate,20261021,16,0,0.012081280645821242,0.38173508274325246,0.19202086341407568,0.4141627731968506,stale,fresh,blend,zero
gaussian30,drastic_relocate,20261021,24,0,0.015098379289713536,0.4091466750292134,0.19989862476303302,0.3758563209180399,stale,fresh,blend,zero
gaussian30,drastic_relocate,20261021,32,0,0.0168139435888931,0.4111596275446635,0.2002678876014583,0.37175854126498503,stale,fresh,blend,zero
gaussian30,drastic_relocate,20261021,40,1,0.015013061964331404,0.3767571726028443,0.20527523646370377,0.40295452896912043,stale,fresh,blend,zero
gaussian30,drastic_relocate,20261021,48,1,0.4147155264092066,0.014664168715591855,0.19639497537357717,0.3742253295016243,stale,fresh,blend,zero
gaussian30,drastic_relocate,20261021,56,1,0.3845967721945256,0.014334366843390265,0.19478433201975748,0.4062845289423267,stale,fresh,blend,zero
gaussian30,drastic_relocate,20261021,64,1,0.40217355551623574,0.01488047635688145,0.20654701490414817,0.3763989532227347,stale,fresh,blend,zero
gaussian30,drastic_relocate,20261021,72,1,0.37591555187982095,0.015081949995571732,0.19983283071798938,0.4091696674066179,stale,fresh,blend,zero
gaussian30,gradual_flip,20261018,16,0,0.030160915102257112,0.03059824912500536,0.9092308973367413,0.030009938435996125,positive,negative,zero,half
gaussian30,gradual_flip,20261018,24,0,0.039814131234726824,0.0382995430041808,0.8830620867910262,0.038824238970066205,positive,negative,zero,half
gaussian30,gradual_flip,20261018,32,0,0.05685329716552481,0.06034932226017198,0.8267973694988843,0.056000011075418986,positive,negative,zero,half
gaussian30,gradual_flip,20261018,40,0,0.11961832359207225,0.12051202611713284,0.6489151448228256,0.11095450546796932,positive,negative,zero,half
gaussian30,gradual_flip,20261018,48,0,0.21191649262339154,0.21545249980351688,0.36477825926321245,0.2078527483098791,positive,negative,zero,half
gaussian30,gradual_flip,20261018,56,1,0.23465420465798364,0.23322469224129624,0.2946779030394174,0.23744320006130265,positive,negative,zero,half
gaussian30,gradual_flip,20261018,64,1,0.13045384060497123,0.12696115450796658,0.620069445529373,0.12251555935768926,positive,negative,zero,half
gaussian30,gradual_flip,20261018,72,1,0.07780580495158827,0.07958605020414496,0.7605187069314621,0.08208943791280474,positive,negative,zero,half
gaussian30,gradual_flip,20261019,16,0,0.03572580905873974,0.03391576217821302,0.8954911593192134,0.034867269443833844,positive,negative,zero,half
gaussian30,gradual_flip,20261019,24,0,0.03825487864767719,0.039695775543900226,0.8817712661234441,0.040278079684978395,positive,negative,zero,half
gaussian30,gradual_flip,20261019,32,0,0.06042035200994614,0.06399303085042467,0.8123444546222937,0.0632421625173354,positive,negative,zero,half
gaussian30,gradual_flip,20261019,40,0,0.11658022162237877,0.12123487918416724,0.6474183224716715,0.11476657672178252,positive,negative,zero,half
gaussian30,gradual_flip,20261019,48,0,0.21728349541543795,0.2105847142911356,0.3665972347661308,0.20553455552729571,positive,negative,zero,half
gaussian30,gradual_flip,20261019,56,1,0.2308176176546846,0.23158834745762982,0.28747361985319686,0.2501204150344888,positive,negative,zero,half
gaussian30,gradual_flip,20261019,64,1,0.15003803332017104,0.14576354571525715,0.5616187000342397,0.14257972093033208,positive,negative,zero,half
gaussian30,gradual_flip,20261019,72,1,0.07616751694045124,0.07896470639883722,0.7673992238676405,0.07746855279307101,positive,negative,zero,half
gaussian30,gradual_flip,20261020,16,0,0.030434924987375052,0.02932731652380011,0.9095119021059999,0.030725856382825,positive,negative,zero,half
gaussian30,gradual_flip,20261020,24,0,0.03649003832584631,0.03662855512147706,0.889580396501688,0.03730101005098873,positive,negative,zero,half
gaussian30,gradual_flip,20261020,32,0,0.06372974359851175,0.064789378608798,0.8042148762075032,0.06726600158518697,positive,negative,zero,half
gaussian30,gradual_flip,20261020,40,0,0.11651655306702761,0.12370937983034437,0.6400804257829652,0.11969364131966298,positive,negative,zero,half
gaussian30,gradual_flip,20261020,48,0,0.21433014030185824,0.21888237331343152,0.35776081401699705,0.20902667236771327,positive,negative,zero,half
gaussian30,gradual_flip,20261020,56,1,0.2409184055623148,0.22959446093949204,0.29137414164228215,0.2381129918559109,positive,negative,zero,half
gaussian30,gradual_flip,20261020,64,1,0.13088411388495175,0.12913634972236737,0.6091510090378841,0.13082852735479672,positive,negative,zero,half
gaussian30,gradual_flip,20261020,72,1,0.07033650508366272,0.06790130435011074,0.7910055872649666,0.07075660330126,positive,negative,zero,half
gaussian30,gradual_flip,20261021,16,0,0.029103157841296353,0.03199309312410975,0.9064183028373775,0.03248544619721643,positive,negative,zero,half
gaussian30,gradual_flip,20261021,24,0,0.039535189742715506,0.03536771488330104,0.8859308554736475,0.03916623990033598,positive,negative,zero,half
gaussian30,gradual_flip,20261021,32,0,0.07208911366154708,0.07078912898984235,0.7898461592631517,0.06727559808545884,positive,negative,zero,half
gaussian30,gradual_flip,20261021,40,0,0.12012354909594644,0.11662528889583694,0.6409493317506092,0.12230183025760732,positive,negative,zero,half
gaussian30,gradual_flip,20261021,48,0,0.2130146248005395,0.2253259321241562,0.35819358095858356,0.20346586211672077,positive,negative,zero,half
gaussian30,gradual_flip,20261021,56,1,0.24186230729486938,0.23293845287016005,0.29547220349645703,0.2297270363385136,positive,negative,zero,half
gaussian30,gradual_flip,20261021,64,1,0.13962076882155441,0.13562434543636062,0.5926953624902606,0.1320595232518245,positive,negative,zero,half
gaussian30,gradual_flip,20261021,72,1,0.07344925903410539,0.07157059695241282,0.7859768597114934,0.06900328430198827,positive,negative,zero,half
gaussian30,drastic_flip,20261018,16,0,0.030160915102257112,0.03059824912500536,0.9092308973367413,0.030009938435996125,positive,negative,zero,half
gaussian30,drastic_flip,20261018,24,0,0.0368462250040272,0.036036502556039275,0.8917277118965702,0.035389560543363445,positive,negative,zero,half
gaussian30,drastic_flip,20261018,32,0,0.030055697342684203,0.031218335153569827,0.9093504464181587,0.029375521085587268,positive,negative,zero,half
gaussian30,drastic_flip,20261018,40,1,0.03633712482538284,0.03697953271109984,0.893143417020727,0.03353992544279032,positive,negative,zero,half
gaussian30,drastic_flip,20261018,48,1,0.03689038554774718,0.03727992412729959,0.8887294497558477,0.037100240569105526,positive,negative,zero,half
gaussian30,drastic_flip,20261018,56,1,0.03528892486195633,0.035499499015662093,0.8945219225476301,0.03468965357475143,positive,negative,zero,half
gaussian30,drastic_flip,20261018,64,1,0.031144906524278794,0.029556983261814152,0.9106220887506454,0.028676021463261585,positive,negative,zero,half
gaussian30,drastic_flip,20261018,72,1,0.03524692303576388,0.0350656064979728,0.893042479961015,0.03664499050524829,positive,negative,zero,half
gaussian30,drastic_flip,20261019,16,0,0.03572580905873974,0.03391576217821302,0.8954911593192134,0.034867269443833844,positive,negative,zero,half
gaussian30,drastic_flip,20261019,24,0,0.03500911575667999,0.03562262037844422,0.8930070403008197,0.03636122356405609,positive,negative,zero,half
gaussian30,drastic_flip,20261019,32,0,0.032811632547427826,0.035583259801383764,0.8966465816164474,0.03495852603474099,positive,negative,zero,half
gaussian30,drastic_flip,20261019,40,1,0.035338828582173874,0.03610387312817734,0.894309979148778,0.03424731914087088,positive,negative,zero,half
gaussian30,drastic_flip,20261019,48,1,0.034428861484141114,0.03357760659322924,0.8984690195151079,0.03352451240752184,positive,negative,zero,half
gaussian30,drastic_flip,20261019,56,1,0.031365991296681155,0.031399336353537616,0.9042945395857308,0.03294013276405053,positive,negative,zero,half
gaussian30,drastic_flip,20261019,64,1,0.03625281109208572,0.03528264937378635,0.8941743800527592,0.03429015948136874,positive,negative,zero,half
gaussian30,drastic_flip,20261019,72,1,0.036487613071583117,0.037193430306214824,0.8895400423828471,0.03677891423935489,positive,negative,zero,half
gaussian30,drastic_flip,20261020,16,0,0.030434924987375052,0.02932731652380011,0.9095119021059999,0.030725856382825,positive,negative,zero,half
gaussian30,drastic_flip,20261020,24,0,0.03341425136718908,0.03347397065811889,0.898895797579508,0.03421598039518406,positive,negative,zero,half
gaussian30,drastic_flip,20261020,32,0,0.034752854316038854,0.03447786078927135,0.8957610245056677,0.035008260389022,positive,negative,zero,half
gaussian30,drastic_flip,20261020,40,1,0.03400822595791456,0.037269685172410166,0.894291214457201,0.03443087441247431,positive,negative,zero,half
gaussian30,drastic_flip,20261020,48,1,0.031767501120614786,0.03168031355645692,0.9055235952649499,0.03102859005797845,positive,negative,zero,half
gaussian30,drastic_flip,20261020,56,1,0.035335348881223944,0.03405154677983241,0.8958318766282863,0.03478122771065733,positive,negative,zero,half
gaussian30,drastic_flip,20261020,64,1,0.03159146333168411,0.030955924463133555,0.9063157832989956,0.031136828906186687,positive,negative,zero,half
gaussian30,drastic_flip,20261020,72,1,0.03262053937718809,0.03058772635336004,0.9026742934495394,0.03411744081991245,positive,negative,zero,half
gaussian30,drastic_flip,20261021,16,0,0.029103157841296353,0.03199309312410975,0.9064183028373775,0.03248544619721643,positive,negative,zero,half
gaussian30,drastic_flip,20261021,24,0,0.03491437897419311,0.03223061495169756,0.8981419441150971,0.03471306195901222,positive,negative,zero,half
gaussian30,drastic_flip,20261021,32,0,0.04072122866719029,0.03987670126532725,0.881102270898249,0.038299799169233456,positive,negative,zero,half
gaussian30,drastic_flip,20261021,40,1,0.03488540641919124,0.034646299814012196,0.8956131716817077,0.03485512208508891,positive,negative,zero,half
gaussian30,drastic_flip,20261021,48,1,0.03265522541635046,0.03449371301864399,0.9008633570454212,0.03198770451958429,positive,negative,zero,half
gaussian30,drastic_flip,20261021,56,1,0.03680909930939664,0.036194594781923425,0.8911548609396712,0.03584144496900869,positive,negative,zero,half
gaussian30,drastic_flip,20261021,64,1,0.034605708435596585,0.03283355354014114,0.900906846233697,0.03165389179056533,positive,negative,zero,half
gaussian30,drastic_flip,20261021,72,1,0.0342589240766606,0.03443461636324916,0.8998080261786994,0.031498433381390877,positive,negative,zero,half
gaussian30,gradual_die,20261018,16,0,0.008315449380772146,0.2587063588928779,0.24912393656745271,0.4838542551588973,both,stable,dying,zero
gaussian30,gradual_die,20261018,24,0,0.010333624974276295,0.25495552418911555,0.24810317148825384,0.48660767934835436,both,stable,dying,zero
gaussian30,gradual_die,20261018,32,0,0.012108473794905884,0.21839745449137282,0.3000110336160879,0.46948303809763353,both,stable,dying,zero
gaussian30,gradual_die,20261018,40,0,0.024874500504023414,0.16771142362013713,0.3233324839092767,0.48408159196656275,both,stable,dying,zero
gaussian30,gradual_die,20261018,48,0,0.04088518537401439,0.14657575265038425,0.35207167150580215,0.4604673904697993,both,stable,dying,zero
gaussian30,gradual_die,20261018,56,1,0.06780022008492038,0.08387062948615759,0.3692607731059639,0.47906837732295804,both,stable,dying,zero
gaussian30,gradual_die,20261018,64,1,0.10030260942893086,0.055158291685584386,0.4003253357722554,0.44421376311322947,both,stable,dying,zero
gaussian30,gradual_die,20261018,72,1,0.15235309772260722,0.026202545359679058,0.4054733756916797,0.41597098122603393,both,stable,dying,zero
gaussian30,gradual_die,20261019,16,0,0.009987755039297738,0.24634343570300263,0.2514120864019548,0.4922567228557449,both,stable,dying,zero
gaussian30,gradual_die,20261019,24,0,0.00998998772147715,0.23509536880891238,0.24946896758782725,0.5054456758817832,both,stable,dying,zero
gaussian30,gradual_die,20261019,32,0,0.014054662593867435,0.21190586037971382,0.27842557228864334,0.4956139047377755,both,stable,dying,zero
gaussian30,gradual_die,20261019,40,0,0.028666448967923978,0.20134537812024292,0.32262978675801784,0.44735838615381535,both,stable,dying,zero
gaussian30,gradual_die,20261019,48,0,0.04532237093268069,0.12857442534715727,0.37055315949324436,0.4555500442269177,both,stable,dying,zero
gaussian30,gradual_die,20261019,56,1,0.06331131868813178,0.0860370036105566,0.3664564618415098,0.48419521585980185,both,stable,dying,zero
gaussian30,gradual_die,20261019,64,1,0.11057665796944173,0.05236571668884156,0.40023907363698347,0.43681855170473327,both,stable,dying,zero
gaussian30,gradual_die,20261019,72,1,0.1565787088636282,0.028801607776534597,0.40726078629017154,0.40735889706966566,both,stable,dying,zero
gaussian30,gradual_die,20261020,16,0,0.009105162183486198,0.24217002170082502,0.2716761623248629,0.4770486537908258,both,stable,dying,zero
gaussian30,gradual_die,20261020,24,0,0.009502926225438078,0.23927651897094418,0.25280199041542556,0.4984185643881922,both,stable,dying,zero
gaussian30,gradual_die,20261020,32,0,0.012923202862027928,0.224219908391513,0.2559586072634405,0.5068982814830185,both,stable,dying,zero
gaussian30,gradual_die,20261020,40,0,0.025424956015127845,0.17487904545648608,0.3231597685974993,0.47653622993088673,both,stable,dying,zero
gaussian30,gradual_die,20261020,48,0,0.0454503626853918,0.1289119193951473,0.3522700331925992,0.47336768472686175,both,stable,dying,zero
gaussian30,gradual_die,20261020,56,1,0.07341462059084118,0.08709894425497554,0.37098790926161446,0.46849852589256885,both,stable,dying,zero
gaussian30,gradual_die,20261020,64,1,0.09500659495747747,0.05744290221259206,0.4053060940475138,0.4422444087824167,both,stable,dying,zero
gaussian30,gradual_die,20261020,72,1,0.16153812965228942,0.027702128298924822,0.40275514217550906,0.4080045998732768,both,stable,dying,zero
gaussian30,gradual_die,20261021,16,0,0.007433568567581506,0.22719157544859786,0.23006185928325004,0.5353129967005705,both,stable,dying,zero
gaussian30,gradual_die,20261021,24,0,0.009415048879359091,0.2466992117299751,0.23908524943621995,0.5048004899544459,both,stable,dying,zero
gaussian30,gradual_die,20261021,32,0,0.014518018823627932,0.22852209287673167,0.2492004592427818,0.5077594290568586,both,stable,dying,zero
gaussian30,gradual_die,20261021,40,0,0.025723400531674274,0.18328031891859808,0.3304429884449069,0.4605532921048208,both,stable,dying,zero
gaussian30,gradual_die,20261021,48,0,0.04256052102451671,0.1306292310147264,0.3574868384759667,0.46932340948479023,both,stable,dying,zero
gaussian30,gradual_die,20261021,56,1,0.07377023475410655,0.09427736806735866,0.3775833834356086,0.4543690137429262,both,stable,dying,zero
gaussian30,gradual_die,20261021,64,1,0.10140514895677276,0.04962872066328943,0.40049587419376914,0.44847025618616865,both,stable,dying,zero
gaussian30,gradual_die,20261021,72,1,0.13085221280869633,0.026975248159313778,0.4065901971035626,0.4355823419284274,both,stable,dying,zero
gaussian30,drastic_die,20261018,16,0,0.008315449380772146,0.2587063588928779,0.24912393656745271,0.4838542551588973,both,stable,dying,zero
gaussian30,drastic_die,20261018,24,0,0.009961523305138087,0.25899645446309894,0.2434684452951416,0.48757357693662134,both,stable,dying,zero
gaussian30,drastic_die,20261018,32,0,0.0086763320412139,0.2570557304041075,0.2628320506565953,0.47143588689808325,both,stable,dying,zero
gaussian30,drastic_die,20261018,40,1,0.010038529474127469,0.24107910724976991,0.2510885156177628,0.4977938476583399,both,stable,dying,zero
gaussian30,drastic_die,20261018,48,1,0.1987361346819079,0.015513223456743443,0.38765689024904926,0.3980937516122995,both,stable,dying,zero
gaussian30,drastic_die,20261018,56,1,0.19631318024036068,0.015503264221476463,0.389965516487454,0.3982180390507089,both,stable,dying,zero
gaussian30,drastic_die,20261018,64,1,0.1958573731263729,0.013921890438486224,0.39692796886779197,0.39329276756734877,both,stable,dying,zero
gaussian30,drastic_die,20261018,72,1,0.20812247660920485,0.014270292010540378,0.3867379670789742,0.3908692643012805,both,stable,dying,zero
gaussian30,drastic_die,20261019,16,0,0.009987755039297738,0.24634343570300263,0.2514120864019548,0.4922567228557449,both,stable,dying,zero
gaussian30,drastic_die,20261019,24,0,0.009741399311211058,0.23897262075463255,0.24572442185098542,0.505561558083171,both,stable,dying,zero
gaussian30,drastic_die,20261019,32,0,0.00890834545651833,0.25045291699912187,0.24237186392312057,0.4982668736212393,both,stable,dying,zero
gaussian30,drastic_die,20261019,40,1,0.00977111199595042,0.289837480185876,0.24619560672995427,0.4541958010882193,both,stable,dying,zero
gaussian30,drastic_die,20261019,48,1,0.20601730199202953,0.0149311887829037,0.4034852206413441,0.3755662885837227,both,stable,dying,zero
gaussian30,drastic_die,20261019,56,1,0.18969385806233058,0.012964172345767173,0.3768630719447173,0.4204788976471849,both,stable,dying,zero
gaussian30,drastic_die,20261019,64,1,0.20791974281568504,0.014697506240525807,0.385727266022805,0.3916554849209843,both,stable,dying,zero
gaussian30,drastic_die,20261019,72,1,0.21496149490048572,0.015658874538638203,0.39233086341538104,0.3770487671454952,both,stable,dying,zero
gaussian30,drastic_die,20261020,16,0,0.009105162183486198,0.24217002170082502,0.2716761623248629,0.4770486537908258,both,stable,dying,zero
gaussian30,drastic_die,20261020,24,0,0.009224021700073335,0.24403788588268033,0.24899559331267784,0.4977424991045685,both,stable,dying,zero
gaussian30,drastic_die,20261020,32,0,0.008654126333502555,0.2600873497967979,0.2221018205857315,0.509156703283968,both,stable,dying,zero
gaussian30,drastic_die,20261020,40,1,0.009520291578574404,0.25435911079838286,0.2504033368527953,0.48571726077024735,both,stable,dying,zero
gaussian30,drastic_die,20261020,48,1,0.21614962989374972,0.013987666481668996,0.38268763134715233,0.387175072277429,both,stable,dying,zero
gaussian30,drastic_die,20261020,56,1,0.208164827214537,0.01397245264384096,0.37573210396021267,0.4021306161814093,both,stable,dying,zero
gaussian30,drastic_die,20261020,64,1,0.1878633318413742,0.0137856571617491,0.40458099317892116,0.39377001781795556,both,stable,dying,zero
gaussian30,drastic_die,20261020,72,1,0.22056308312932724,0.01321945588588054,0.3834474571501983,0.3827700038345941,both,stable,dying,zero
gaussian30,drastic_die,20261021,16,0,0.007433568567581506,0.22719157544859786,0.23006185928325004,0.5353129967005705,both,stable,dying,zero
gaussian30,drastic_die,20261021,24,0,0.009217328629500475,0.25043962860459723,0.23525325971357042,0.5050897830523318,both,stable,dying,zero
gaussian30,drastic_die,20261021,32,0,0.009909473844834229,0.26460224824710826,0.21487711075195196,0.5106111671561055,both,stable,dying,zero
gaussian30,drastic_die,20261021,40,1,0.010071136326465807,0.2658077700522465,0.2586197208122041,0.4655013728090837,both,stable,dying,zero
gaussian30,drastic_die,20261021,48,1,0.20841686984264784,0.015539919511508148,0.39656543043101733,0.3794777802148267,both,stable,dying,zero
gaussian30,drastic_die,20261021,56,1,0.2130245627157419,0.015565062428678732,0.3901837742151367,0.3812266006404426,both,stable,dying,zero
gaussian30,drastic_die,20261021,64,1,0.1941481819402558,0.013848389055740191,0.3910058573654901,0.4009975716385139,both,stable,dying,zero
gaussian30,drastic_die,20261021,72,1,0.18074589096281624,0.014754606167667932,0.39831811449600285,0.40618138837351303,both,stable,dying,zero
gaussian30,gradual_nonlin,20261018,16,0,0.015789287208062656,0.047393812825590825,0.47598382634683356,0.4608330736195129,linear,linear_plus,zero,other_block
gaussian30,gradual_nonlin,20261018,24,0,0.019122635908517153,0.050506030924032115,0.4612968922855083,0.4690744408819425,linear,linear_plus,zero,other_block
gaussian30,gradual_nonlin,20261018,32,0,0.016915502035558617,0.04425388435180015,0.48212253859242465,0.4567080750202166,linear,linear_plus,zero,other_block
gaussian30,gradual_nonlin,20261018,40,0,0.02168088062773641,0.04109409476390194,0.48378910010948273,0.453435924498879,linear,linear_plus,zero,other_block
gaussian30,gradual_nonlin,20261018,48,0,0.024504480739403714,0.03316177598852437,0.4561324485259465,0.4862012947461254,linear,linear_plus,zero,other_block
gaussian30,gradual_nonlin,20261018,56,1,0.028593387740775,0.024870959227605828,0.46962804760300975,0.47690760542860944,linear,linear_plus,zero,other_block
gaussian30,gradual_nonlin,20261018,64,1,0.03169927053105839,0.01833344633910028,0.47848908223715414,0.47147820089268727,linear,linear_plus,zero,other_block
gaussian30,gradual_nonlin,20261018,72,1,0.04090169726169216,0.017334250375683053,0.4700733297734299,0.471690722589195,linear,linear_plus,zero,other_block
gaussian30,gradual_nonlin,20261019,16,0,0.01837246165491104,0.053793674974823666,0.46051796783253746,0.46731589553772784,linear,linear_plus,zero,other_block
gaussian30,gradual_nonlin,20261019,24,0,0.01828673794180018,0.04742596333316669,0.46478901708404585,0.4694982816409873,linear,linear_plus,zero,other_block
gaussian30,gradual_nonlin,20261019,32,0,0.01783346119920265,0.04832901833587259,0.4667809156552404,0.4670566048096844,linear,linear_plus,zero,other_block
gaussian30,gradual_nonlin,20261019,40,0,0.021381055835270737,0.03770941777871898,0.4808517561986176,0.4600577701873927,linear,linear_plus,zero,other_block
gaussian30,gradual_nonlin,20261019,48,0,0.02366022939140877,0.029910765405129665,0.48865302423186185,0.4577759809715998,linear,linear_plus,zero,other_block
gaussian30,gradual_nonlin,20261019,56,1,0.02508476865612821,0.02150745845629875,0.4559511388282559,0.49745663405931717,linear,linear_plus,zero,other_block
gaussian30,gradual_nonlin,20261019,64,1,0.036399238005901044,0.021116732464491823,0.4557288683977222,0.48675516113188494,linear,linear_plus,zero,other_block
gaussian30,gradual_nonlin,20261019,72,1,0.04157857986352738,0.01993081759384029,0.4754287453087939,0.4630618572338384,linear,linear_plus,zero,other_block
gaussian30,gradual_nonlin,20261020,16,0,0.01622941942851823,0.04766474961587827,0.48499709267004093,0.4511087382855626,linear,linear_plus,zero,other_block
gaussian30,gradual_nonlin,20261020,24,0,0.017111392094607426,0.04536110701877624,0.4586961963140477,0.47883130457256873,linear,linear_plus,zero,other_block
gaussian30,gradual_nonlin,20261020,32,0,0.01814655276887362,0.04469548369353755,0.4496604714982953,0.48749749203929355,linear,linear_plus,zero,other_block
gaussian30,gradual_nonlin,20261020,40,0,0.021190841654418445,0.035511535126554694,0.48348131796004973,0.45981630525897715,linear,linear_plus,zero,other_block
gaussian30,gradual_nonlin,20261020,48,0,0.02311424600115605,0.028201751577453076,0.4715105785906305,0.47717342383076033,linear,linear_plus,zero,other_block
gaussian30,gradual_nonlin,20261020,56,1,0.030208907646271765,0.022989863783849325,0.45861256934559286,0.488188659224286,linear,linear_plus,zero,other_block
gaussian30,gradual_nonlin,20261020,64,1,0.032409294575456944,0.0192445270583536,0.4817231036372141,0.4666230747289753,linear,linear_plus,zero,other_block
gaussian30,gradual_nonlin,20261020,72,1,0.041169705021764265,0.017015054396157473,0.4735283076183304,0.46828693296374785,linear,linear_plus,zero,other_block
gaussian30,gradual_nonlin,20261021,16,0,0.01434887737835325,0.04766781659760966,0.44689600873666757,0.49108729728736955,linear,linear_plus,zero,other_block
gaussian30,gradual_nonlin,20261021,24,0,0.018413461728355163,0.05303161936872682,0.4739029808630559,0.45465193803986215,linear,linear_plus,zero,other_block
gaussian30,gradual_nonlin,20261021,32,0,0.022297354085896753,0.05111264038550956,0.45963578119489373,0.4669542243337,linear,linear_plus,zero,other_block
gaussian30,gradual_nonlin,20261021,40,0,0.021338574379073872,0.031828507884838264,0.46623710744009345,0.48059581029599446,linear,linear_plus,zero,other_block
gaussian30,gradual_nonlin,20261021,48,0,0.023929212952326535,0.026727671531497788,0.48300546826826884,0.4663376472479069,linear,linear_plus,zero,other_block
gaussian30,gradual_nonlin,20261021,56,1,0.02986280499759575,0.02725802502578771,0.46953894177006156,0.473340228206555,linear,linear_plus,zero,other_block
gaussian30,gradual_nonlin,20261021,64,1,0.03353671286320321,0.01885395138286746,0.47108844881488104,0.4765208869390483,linear,linear_plus,zero,other_block
gaussian30,gradual_nonlin,20261021,72,1,0.04511290007657671,0.017296847547858017,0.4655269279462524,0.47206332442931287,linear,linear_plus,zero,other_block
gaussian30,drastic_nonlin,20261018,16,0,0.015789287208062656,0.047393812825590825,0.47598382634683356,0.4608330736195129,linear,linear_plus,zero,other_block
gaussian30,drastic_nonlin,20261018,24,0,0.01903584583683873,0.051947307595336764,0.4606928186061055,0.468324027961719,linear,linear_plus,zero,other_block
gaussian30,drastic_nonlin,20261018,32,0,0.01579392995393453,0.05387150109466391,0.4778534029856197,0.4524811659657819,linear,linear_plus,zero,other_block
gaussian30,drastic_nonlin,20261018,40,1,0.019308987826273633,0.059248872245221046,0.4746026398413033,0.446839500087202,linear,linear_plus,zero,other_block
gaussian30,drastic_nonlin,20261018,48,1,0.0506771562979192,0.017018412918597722,0.45598055986208164,0.47632387092140144,linear,linear_plus,zero,other_block
gaussian30,drastic_nonlin,20261018,56,1,0.04893836087572487,0.016374563578374753,0.46514986688691573,0.4695372086589846,linear,linear_plus,zero,other_block
gaussian30,drastic_nonlin,20261018,64,1,0.046078386813401234,0.014717479033920464,0.4758497894359176,0.4633543447167606,linear,linear_plus,zero,other_block
gaussian30,drastic_nonlin,20261018,72,1,0.050657728488350096,0.015808381938692787,0.46750244399491175,0.4660314455780453,linear,linear_plus,zero,other_block
gaussian30,drastic_nonlin,20261019,16,0,0.01837246165491104,0.053793674974823666,0.46051796783253746,0.46731589553772784,linear,linear_plus,zero,other_block
gaussian30,drastic_nonlin,20261019,24,0,0.01821632929737979,0.04833251870204591,0.46465927400335205,0.46879187799722233,linear,linear_plus,zero,other_block
gaussian30,drastic_nonlin,20261019,32,0,0.016912577050696043,0.05794318597613423,0.46217159042335343,0.4629726465498164,linear,linear_plus,zero,other_block
gaussian30,drastic_nonlin,20261019,40,1,0.018782726258975764,0.05355478409827415,0.47532926820033583,0.4523332214424143,linear,linear_plus,zero,other_block
gaussian30,drastic_nonlin,20261019,48,1,0.04523517284872569,0.01692176713877086,0.48342355071644133,0.45441950929606206,linear,linear_plus,zero,other_block
gaussian30,drastic_nonlin,20261019,56,1,0.044060345990148075,0.014162914024735046,0.45396729479144693,0.48780944519367,linear,linear_plus,zero,other_block
gaussian30,drastic_nonlin,20261019,64,1,0.05483292614086842,0.016298208125327195,0.44754283933095446,0.4813260264028499,linear,linear_plus,zero,other_block
gaussian30,drastic_nonlin,20261019,72,1,0.05131455362841421,0.017617432445613007,0.470391568607017,0.46067644531895585,linear,linear_plus,zero,other_block
gaussian30,drastic_nonlin,20261020,16,0,0.01622941942851823,0.04766474961587827,0.48499709267004093,0.4511087382855626,linear,linear_plus,zero,other_block
gaussian30,drastic_nonlin,20261020,24,0,0.01702987134756006,0.046362863889399065,0.45813026362377485,0.47847700113926606,linear,linear_plus,zero,other_block
gaussian30,drastic_nonlin,20261020,32,0,0.01731654292594196,0.053913883958363974,0.4463369854797627,0.4824325876359314,linear,linear_plus,zero,other_block
gaussian30,drastic_nonlin,20261020,40,1,0.01806153573671128,0.04956057885893456,0.47495193512693734,0.4574259502774169,linear,linear_plus,zero,other_block
gaussian30,drastic_nonlin,20261020,48,1,0.04985441053049015,0.015456317350161527,0.46797291647244743,0.46671635564690095,linear,linear_plus,zero,other_block
gaussian30,drastic_nonlin,20261020,56,1,0.05622704113130095,0.015308134403431942,0.45072598095544086,0.47773884350982615,linear,linear_plus,zero,other_block
gaussian30,drastic_nonlin,20261020,64,1,0.04774827427755711,0.01508467540844883,0.47752025408241183,0.45964679623158217,linear,linear_plus,zero,other_block
gaussian30,drastic_nonlin,20261020,72,1,0.05230951538897848,0.015307926238474535,0.46929020715659747,0.4630923512159496,linear,linear_plus,zero,other_block
gaussian30,drastic_nonlin,20261021,16,0,0.01434887737835325,0.04766781659760966,0.44689600873666757,0.49108729728736955,linear,linear_plus,zero,other_block
gaussian30,drastic_nonlin,20261021,24,0,0.018399017058473313,0.05439145865218468,0.47329866479705746,0.45391085949228444,linear,linear_plus,zero,other_block
gaussian30,drastic_nonlin,20261021,32,0,0.02094974261578779,0.0621678424445881,0.4532983507046543,0.4635840642349699,linear,linear_plus,zero,other_block
gaussian30,drastic_nonlin,20261021,40,1,0.017818677630443685,0.04615131893521673,0.4574589785772529,0.4785710248570868,linear,linear_plus,zero,other_block
gaussian30,drastic_nonlin,20261021,48,1,0.04830633393372331,0.01722276928348327,0.4743020107294204,0.46016888605337286,linear,linear_plus,zero,other_block
gaussian30,drastic_nonlin,20261021,56,1,0.0543437087846502,0.01715737239594582,0.4578316245016134,0.47066729431779053,linear,linear_plus,zero,other_block
gaussian30,drastic_nonlin,20261021,64,1,0.050237863559085986,0.014762908333249492,0.465844934764895,0.4691542933427696,linear,linear_plus,zero,other_block
gaussian30,drastic_nonlin,20261021,72,1,0.05631876405992801,0.015273701387280767,0.461771910053818,0.4666356244989732,linear,linear_plus,zero,other_block
gaussian30,gradual_noise,20261018,16,0,0.010649885433675647,0.49881987673018235,0.010808355772341412,0.47972188206380056,linear,zero,half,irrelevant
gaussian30,gradual_noise,20261018,24,0,0.015104017064282372,0.467012966539108,0.014031728747158216,0.5038512876494513,linear,zero,half,irrelevant
gaussian30,gradual_noise,20261018,32,0,0.02561864228240603,0.4780050921447786,0.024809572240681067,0.47156669333213425,linear,zero,half,irrelevant
gaussian30,gradual_noise,20261018,40,0,0.049623128918149274,0.4685226816053035,0.04724453213671479,0.4346096573398325,linear,zero,half,irrelevant
gaussian30,gradual_noise,20261018,48,0,0.06903930294750231,0.4022592887463304,0.07066022523691083,0.45804118306925634,linear,zero,half,irrelevant
gaussian30,gradual_noise,20261018,56,1,0.09039292914496025,0.3934265004218443,0.08747054658014258,0.4287100238530528,linear,zero,half,irrelevant
gaussian30,gradual_noise,20261018,64,1,0.10834270464289007,0.39652603929418223,0.09531777809844251,0.39981347796448513,linear,zero,half,irrelevant
gaussian30,gradual_noise,20261018,72,1,0.1117521221390697,0.40180439007217894,0.10597096786398083,0.3804725199247705,linear,zero,half,irrelevant
gaussian30,gradual_noise,20261019,16,0,0.012669576150173167,0.47771119387556005,0.012106877335467335,0.4975123526387995,linear,zero,half,irrelevant
gaussian30,gradual_noise,20261019,24,0,0.013946454660900533,0.49004177082553113,0.013581107309501208,0.482430667204067,linear,zero,half,irrelevant
gaussian30,gradual_noise,20261019,32,0,0.0259154455800565,0.4846996122864255,0.027736581811887567,0.4616483603216305,linear,zero,half,irrelevant
gaussian30,gradual_noise,20261019,40,0,0.04903332423787083,0.45816501430166345,0.04565990495560257,0.44714175650486315,linear,zero,half,irrelevant
gaussian30,gradual_noise,20261019,48,0,0.06855230023623735,0.43915156985865533,0.07000810616478718,0.4222880237403201,linear,zero,half,irrelevant
gaussian30,gradual_noise,20261019,56,1,0.07633729913601843,0.40184668950159164,0.07731254038422299,0.44450347097816684,linear,zero,half,irrelevant
gaussian30,gradual_noise,20261019,64,1,0.1033354005175142,0.4218084208847412,0.09615248514408667,0.37870369345365806,linear,zero,half,irrelevant
gaussian30,gradual_noise,20261019,72,1,0.12074989631743632,0.3918175616959485,0.12561344216511258,0.3618190998215025,linear,zero,half,irrelevant
gaussian30,gradual_noise,20261020,16,0,0.011631195535696495,0.47692962042096043,0.011526497984989784,0.49991268605835326,linear,zero,half,irrelevant
gaussian30,gradual_noise,20261020,24,0,0.012701611386615744,0.4795270496976892,0.013730156838722493,0.49404118207697245,linear,zero,half,irrelevant
gaussian30,gradual_noise,20261020,32,0,0.02710371694112082,0.4703009778465363,0.02430802136834879,0.478287283843994,linear,zero,half,irrelevant
gaussian30,gradual_noise,20261020,40,0,0.048579756195795507,0.4477187399454325,0.04850689580551528,0.4551946080532568,linear,zero,half,irrelevant
gaussian30,gradual_noise,20261020,48,0,0.06431872329757045,0.43411680478442843,0.06304131214174166,0.4385231597762594,linear,zero,half,irrelevant
gaussian30,gradual_noise,20261020,56,1,0.08535593565180792,0.3852547614063427,0.08903965972885215,0.4403496432129973,linear,zero,half,irrelevant
gaussian30,gradual_noise,20261020,64,1,0.10072600797666752,0.3978480600116013,0.0973296789505878,0.40409625306114344,linear,zero,half,irrelevant
gaussian30,gradual_noise,20261020,72,1,0.12104886851833149,0.3673980046208862,0.13115855902492363,0.3803945678358587,linear,zero,half,irrelevant
gaussian30,gradual_noise,20261021,16,0,0.009654545206807317,0.4703549891266503,0.010494173666332944,0.5094962920002094,linear,zero,half,irrelevant
gaussian30,gradual_noise,20261021,24,0,0.014007365025384758,0.5081441339869828,0.014038722570274912,0.46380977841735754,linear,zero,half,irrelevant
gaussian30,gradual_noise,20261021,32,0,0.03144726551132227,0.48839017749416475,0.0333968156940223,0.4467657413004907,linear,zero,half,irrelevant
gaussian30,gradual_noise,20261021,40,0,0.04652180549997923,0.43382706087260825,0.04552497438651551,0.47412615924089696,linear,zero,half,irrelevant
gaussian30,gradual_noise,20261021,48,0,0.0648392921805499,0.4520262121476968,0.06649186144725297,0.4166426342245004,linear,zero,half,irrelevant
gaussian30,gradual_noise,20261021,56,1,0.09046782054019073,0.40485066865378305,0.09592088016329568,0.4087606306427305,linear,zero,half,irrelevant
gaussian30,gradual_noise,20261021,64,1,0.10702229911463264,0.3684193800375359,0.1076236561896201,0.4169346646582115,linear,zero,half,irrelevant
gaussian30,gradual_noise,20261021,72,1,0.11343260285089378,0.4050105978265526,0.11291674959247053,0.368640049730083,linear,zero,half,irrelevant
gaussian30,drastic_noise,20261018,16,0,0.010649885433675647,0.49881987673018235,0.010808355772341412,0.47972188206380056,linear,zero,half,irrelevant
gaussian30,drastic_noise,20261018,24,0,0.013358106631474688,0.46846285999600307,0.01239205311866567,0.5057869802538565,linear,zero,half,irrelevant
gaussian30,drastic_noise,20261018,32,0,0.010995309144432565,0.49214392256276945,0.010664776270869486,0.4861959920219286,linear,zero,half,irrelevant
gaussian30,drastic_noise,20261018,40,1,0.01321904548273972,0.5043866605418549,0.012554121115042541,0.46984017286036284,linear,zero,half,irrelevant
gaussian30,drastic_noise,20261018,48,1,0.14418861607210637,0.33527230014600806,0.1464959031912643,0.3740431805906212,linear,zero,half,irrelevant
gaussian30,drastic_noise,20261018,56,1,0.14568549531078887,0.3419722142555805,0.14101638978424835,0.3713259006493822,linear,zero,half,irrelevant
gaussian30,drastic_noise,20261018,64,1,0.1490482417110111,0.35789303118255533,0.1305726146326326,0.362486112473801,linear,zero,half,irrelevant
gaussian30,drastic_noise,20261018,72,1,0.1295213596617507,0.382849037249889,0.12334932238524852,0.3642802807031118,linear,zero,half,irrelevant
gaussian30,drastic_noise,20261019,16,0,0.012669576150173167,0.47771119387556005,0.012106877335467335,0.4975123526387995,linear,zero,half,irrelevant
gaussian30,drastic_noise,20261019,24,0,0.012184278971284533,0.4917351757752453,0.011801042945245619,0.48427950230822464,linear,zero,half,irrelevant
gaussian30,drastic_noise,20261019,32,0,0.011322504645638443,0.5004321831408648,0.01204361060736004,0.4762017016061368,linear,zero,half,irrelevant
gaussian30,drastic_noise,20261019,40,1,0.012937417564333748,0.4986566688800639,0.012093827380968631,0.4763120861746337,linear,zero,half,irrelevant
gaussian30,drastic_noise,20261019,48,1,0.14219236697694784,0.36270068099569186,0.14663954905483173,0.3484674029725285,linear,zero,half,irrelevant
gaussian30,drastic_noise,20261019,56,1,0.12852045083159508,0.35352223819181916,0.12973637708472463,0.3882209338918612,linear,zero,half,irrelevant
gaussian30,drastic_noise,20261019,64,1,0.1406673819263641,0.38313783282077823,0.13150743656434258,0.3446873486885151,linear,zero,half,irrelevant
gaussian30,drastic_noise,20261019,72,1,0.13931070374491908,0.37209645724960283,0.14456535731676265,0.34402748168871544,linear,zero,half,irrelevant
gaussian30,drastic_noise,20261020,16,0,0.011631195535696495,0.47692962042096043,0.011526497984989784,0.49991268605835326,linear,zero,half,irrelevant
gaussian30,drastic_noise,20261020,24,0,0.01143663440889023,0.48115133487775635,0.01228595546281765,0.4951260752505358,linear,zero,half,irrelevant
gaussian30,drastic_noise,20261020,32,0,0.01143190447105242,0.48523144843235033,0.01029051605772891,0.49304613103886835,linear,zero,half,irrelevant
gaussian30,drastic_noise,20261020,40,1,0.012748657434740573,0.47601603062838765,0.012805967582993908,0.4984293443538779,linear,zero,half,irrelevant
gaussian30,drastic_noise,20261020,48,1,0.13898853730432964,0.3594201848422114,0.13628149835680933,0.36530977949664956,linear,zero,half,irrelevant
gaussian30,drastic_noise,20261020,56,1,0.13855122190380886,0.33489831175861845,0.14474038969002057,0.38181007664755207,linear,zero,half,irrelevant
gaussian30,drastic_noise,20261020,64,1,0.13679129861984152,0.3627731960780129,0.13172777387316809,0.36870773142897745,linear,zero,half,irrelevant
gaussian30,drastic_noise,20261020,72,1,0.1407615900402035,0.3460397533588592,0.15240849298462936,0.3607901636163079,linear,zero,half,irrelevant
gaussian30,drastic_noise,20261021,16,0,0.009654545206807317,0.4703549891266503,0.010494173666332944,0.5094962920002094,linear,zero,half,irrelevant
gaussian30,drastic_noise,20261021,24,0,0.012213026303393593,0.5092400696216535,0.012193201782110481,0.4663537022928424,linear,zero,half,irrelevant
gaussian30,drastic_noise,20261021,32,0,0.013588095563818752,0.5082440779253408,0.014407531532527332,0.4637602949783132,linear,zero,half,irrelevant
gaussian30,drastic_noise,20261021,40,1,0.01214596871049862,0.4749814425922334,0.01179095508413236,0.5010816336131356,linear,zero,half,irrelevant
gaussian30,drastic_noise,20261021,48,1,0.14015508368427887,0.3710408750518542,0.14287076256733933,0.3459332786965276,linear,zero,half,irrelevant
gaussian30,drastic_noise,20261021,56,1,0.1451663770635137,0.3496570265138955,0.15356962988298853,0.35160696653960233,linear,zero,half,irrelevant
gaussian30,drastic_noise,20261021,64,1,0.14511422655694534,0.33385956067999495,0.14594421744181185,0.37508199532124786,linear,zero,half,irrelevant
gaussian30,drastic_noise,20261021,72,1,0.1315566579173465,0.3864877495712795,0.13184762677771203,0.3501079657336619,linear,zero,half,irrelevant
gaussian12,gradual_relocate,20261018,16,0,0.03317707466967913,0.37038136316097675,0.21370708306459127,0.3827344791047528,stale,fresh,blend,zero
gaussian12,gradual_relocate,20261018,24,0,0.03586621175702557,0.3775505132873045,0.19016459509742836,0.3964186798582416,stale,fresh,blend,zero
gaussian12,gradual_relocate,20261018,32,0,0.060237972537938125,0.3889989278509495,0.1714351496912439,0.3793279499198685,stale,fresh,blend,zero
gaussian12,gradual_relocate,20261018,40,0,0.10395578786490262,0.37849563939855985,0.11116920172318061,0.40637937101335697,stale,fresh,blend,zero
gaussian12,gradual_relocate,20261018,48,0,0.1915232933344051,0.29541821187697154,0.07998540534386533,0.43307308944475814,stale,fresh,blend,zero
gaussian12,gradual_relocate,20261018,56,1,0.2875248242652454,0.19793468624181398,0.07122865745086585,0.44331183204207475,stale,fresh,blend,zero
gaussian12,gradual_relocate,20261018,64,1,0.3549406589226149,0.11709203202258783,0.10170283286896882,0.42626447618582847,stale,fresh,blend,zero
gaussian12,gradual_relocate,20261018,72,1,0.3907716276926936,0.06464960713694975,0.16201004862179116,0.38256871654856556,stale,fresh,blend,zero
gaussian12,gradual_relocate,20261019,16,0,0.03496548197402835,0.3681932575277158,0.21071650824900906,0.38612475224924675,stale,fresh,blend,zero
gaussian12,gradual_relocate,20261019,24,0,0.03641202026122373,0.380110008930508,0.19030871575082378,0.3931692550574446,stale,fresh,blend,zero
gaussian12,gradual_relocate,20261019,32,0,0.05732177310788614,0.39654463905116116,0.15139144423224654,0.3947421436087061,stale,fresh,blend,zero
gaussian12,gradual_relocate,20261019,40,0,0.10038541809910739,0.37638610557305896,0.11194772811971053,0.411280748208123,stale,fresh,blend,zero
gaussian12,gradual_relocate,20261019,48,0,0.18480047397619276,0.296695865525251,0.08295175419864728,0.4355519062999089,stale,fresh,blend,zero
gaussian12,gradual_relocate,20261019,56,1,0.28303448902466066,0.21156595572219775,0.0710568495256554,0.4343427057274863,stale,fresh,blend,zero
gaussian12,gradual_relocate,20261019,64,1,0.34714308989135484,0.1261655858158771,0.10808617882174813,0.41860514547102007,stale,fresh,blend,zero
gaussian12,gradual_relocate,20261019,72,1,0.3791193160381782,0.0730933987759391,0.15102309551479426,0.3967641896710884,stale,fresh,blend,zero
gaussian12,gradual_relocate,20261020,16,0,0.031174960498157274,0.37004561834746014,0.19684008401578293,0.40193933713859964,stale,fresh,blend,zero
gaussian12,gradual_relocate,20261020,24,0,0.03545838835294494,0.37883279276501747,0.19986511313202876,0.3858437057500089,stale,fresh,blend,zero
gaussian12,gradual_relocate,20261020,32,0,0.05217603082695215,0.3488773735205964,0.15568480269479887,0.44326179295765256,stale,fresh,blend,zero
gaussian12,gradual_relocate,20261020,40,0,0.10876632147461832,0.354895806841727,0.11652386363608679,0.41981400804756785,stale,fresh,blend,zero
gaussian12,gradual_relocate,20261020,48,0,0.19460983116765518,0.3120308901486226,0.07433413769020082,0.41902514099352134,stale,fresh,blend,zero
gaussian12,gradual_relocate,20261020,56,1,0.27021662881843866,0.20759127245677214,0.07497227847702155,0.44721982024776774,stale,fresh,blend,zero
gaussian12,gradual_relocate,20261020,64,1,0.3571093322094008,0.12613018544791746,0.10602734543386065,0.4107331369088211,stale,fresh,blend,zero
gaussian12,gradual_relocate,20261020,72,1,0.3844410004333196,0.06631489348057691,0.16186526402360946,0.3873788420624941,stale,fresh,blend,zero
gaussian12,gradual_relocate,20261021,16,0,0.030924678028318168,0.39590254657749835,0.19092719381611456,0.38224558157806887,stale,fresh,blend,zero
gaussian12,gradual_relocate,20261021,24,0,0.03625545864390928,0.39488319543364647,0.19526697632982878,0.3735943695926154,stale,fresh,blend,zero
gaussian12,gradual_relocate,20261021,32,0,0.05586980494353764,0.3936574814688086,0.16917378360123675,0.3812989299864169,stale,fresh,blend,zero
gaussian12,gradual_relocate,20261021,40,0,0.11129151898585309,0.37519552514213456,0.11891084827852322,0.394602107593489,stale,fresh,blend,zero
gaussian12,gradual_relocate,20261021,48,0,0.16574668495702619,0.32141056518088074,0.08258743290082068,0.4302553169612722,stale,fresh,blend,zero
gaussian12,gradual_relocate,20261021,56,1,0.30058552170261055,0.21383787765607257,0.08107224899344612,0.4045043516478708,stale,fresh,blend,zero
gaussian12,gradual_relocate,20261021,64,1,0.338679876166771,0.13078059099195657,0.1124794291365207,0.41806010370475183,stale,fresh,blend,zero
gaussian12,gradual_relocate,20261021,72,1,0.38591873483261097,0.07064640352020046,0.15897582951215464,0.38445903213503396,stale,fresh,blend,zero
gaussian12,drastic_relocate,20261018,16,0,0.03317707466967913,0.37038136316097675,0.21370708306459127,0.3827344791047528,stale,fresh,blend,zero
gaussian12,drastic_relocate,20261018,24,0,0.03447589091717726,0.376688037430746,0.193733485724131,0.3951025859279458,stale,fresh,blend,zero
gaussian12,drastic_relocate,20261018,32,0,0.03687450031282986,0.38245793407830747,0.21981649600470263,0.3608510696041601,stale,fresh,blend,zero
gaussian12,drastic_relocate,20261018,40,1,0.03338828964592089,0.39736535743205903,0.20359867524661873,0.36564767767540146,stale,fresh,blend,zero
gaussian12,drastic_relocate,20261018,48,1,0.371842876794804,0.03567195135889675,0.20572793427854513,0.38675723756775415,stale,fresh,blend,zero
gaussian12,drastic_relocate,20261018,56,1,0.38630091043153814,0.034305851731449774,0.19274460243976024,0.3866486353972518,stale,fresh,blend,zero
gaussian12,drastic_relocate,20261018,64,1,0.3740581641638567,0.030815730929994484,0.2112638228101187,0.38386228209603,stale,fresh,blend,zero
gaussian12,drastic_relocate,20261018,72,1,0.3830589942211392,0.03606113793728141,0.22353688537149427,0.357342982470085,stale,fresh,blend,zero
gaussian12,drastic_relocate,20261019,16,0,0.03496548197402835,0.3681932575277158,0.21071650824900906,0.38612475224924675,stale,fresh,blend,zero
gaussian12,drastic_relocate,20261019,24,0,0.034457625785696125,0.3800397468776263,0.19389407594359567,0.391608551393082,stale,fresh,blend,zero
gaussian12,drastic_relocate,20261019,32,0,0.033475656167916694,0.3948395066268685,0.1958834126834148,0.3758014245218,stale,fresh,blend,zero
gaussian12,drastic_relocate,20261019,40,1,0.034597272900625455,0.3916766353255245,0.20037025367851283,0.3733558380953372,stale,fresh,blend,zero
gaussian12,drastic_relocate,20261019,48,1,0.3638135966223477,0.03686562177712249,0.232629786560118,0.36669099504041175,stale,fresh,blend,zero
gaussian12,drastic_relocate,20261019,56,1,0.383082750931707,0.032556540846756424,0.20522343572811239,0.37913727249342416,stale,fresh,blend,zero
gaussian12,drastic_relocate,20261019,64,1,0.3659282574427894,0.03592344264374556,0.21942458255871816,0.3787237173547469,stale,fresh,blend,zero
gaussian12,drastic_relocate,20261019,72,1,0.38020579538372457,0.035968680353663594,0.20458118719161403,0.3792443370709978,stale,fresh,blend,zero
gaussian12,drastic_relocate,20261020,16,0,0.031174960498157274,0.37004561834746014,0.19684008401578293,0.40193933713859964,stale,fresh,blend,zero
gaussian12,drastic_relocate,20261020,24,0,0.03449362719267711,0.3766831993146007,0.20529330480367383,0.3835298686890484,stale,fresh,blend,zero
gaussian12,drastic_relocate,20261020,32,0,0.03079131791723302,0.3422267996787748,0.20251713238372537,0.4244647500202669,stale,fresh,blend,zero
gaussian12,drastic_relocate,20261020,40,1,0.03511036109388084,0.3643958076982131,0.2035892674428176,0.3969045637650885,stale,fresh,blend,zero
gaussian12,drastic_relocate,20261020,48,1,0.3961097221193956,0.032922975965238646,0.21039552106256584,0.36057178085279984,stale,fresh,blend,zero
gaussian12,drastic_relocate,20261020,56,1,0.37174132399836995,0.032635639856860875,0.2041282698327859,0.39149476631198343,stale,fresh,blend,zero
gaussian12,drastic_relocate,20261020,64,1,0.3753508720129451,0.03441715914570623,0.21141464975872568,0.378817319082623,stale,fresh,blend,zero
gaussian12,drastic_relocate,20261020,72,1,0.38038665028080354,0.03358116660795158,0.2164259517975409,0.36960623131370385,stale,fresh,blend,zero
gaussian12,drastic_relocate,20261021,16,0,0.030924678028318168,0.39590254657749835,0.19092719381611456,0.38224558157806887,stale,fresh,blend,zero
gaussian12,drastic_relocate,20261021,24,0,0.034143947551467754,0.3937817067084932,0.19963490711450574,0.37243943862553336,stale,fresh,blend,zero
gaussian12,drastic_relocate,20261021,32,0,0.03344203334166226,0.38421019657980615,0.21116663720350384,0.37118113287502774,stale,fresh,blend,zero
gaussian12,drastic_relocate,20261021,40,1,0.032931885004793486,0.3777732405230845,0.21437682239265557,0.37491805207946655,stale,fresh,blend,zero
gaussian12,drastic_relocate,20261021,48,1,0.35095355459115807,0.03727002356265815,0.225280268401712,0.3864961534444718,stale,fresh,blend,zero
gaussian12,drastic_relocate,20261021,56,1,0.3996428599044029,0.034606664832338645,0.2068873720273807,0.3588631032358778,stale,fresh,blend,zero
gaussian12,drastic_relocate,20261021,64,1,0.3688523891783834,0.03686175604911913,0.21802643427676763,0.3762594204957299,stale,fresh,blend,zero
gaussian12,drastic_relocate,20261021,72,1,0.379662153476171,0.0365170824994357,0.22175122297342537,0.3620695410509679,stale,fresh,blend,zero
gaussian12,gradual_flip,20261018,16,0,0.0692509748262888,0.07021253390538698,0.7915523442398069,0.06898414702851734,positive,negative,zero,half
gaussian12,gradual_flip,20261018,24,0,0.07543142713909491,0.07223755317592552,0.780625856555763,0.07170516312921654,positive,negative,zero,half
gaussian12,gradual_flip,20261018,32,0,0.11356930038431445,0.1183691891426911,0.6576695999934398,0.11039191047955457,positive,negative,zero,half
gaussian12,gradual_flip,20261018,40,0,0.16908718399993813,0.1777745927218411,0.4921715147988235,0.16096670847939734,positive,negative,zero,half
gaussian12,gradual_flip,20261018,48,0,0.23054727976661038,0.2346957078615429,0.3022792678727684,0.23247774449907826,positive,negative,zero,half
gaussian12,gradual_flip,20261018,56,1,0.24529351290314597,0.2558006780635289,0.25982677122212017,0.23907903781120493,positive,negative,zero,half
gaussian12,gradual_flip,20261018,64,1,0.1883823104996175,0.1830347552631831,0.4550317118533027,0.17355122238389672,positive,negative,zero,half
gaussian12,gradual_flip,20261018,72,1,0.1207427935867706,0.12175975705705075,0.6293010707010445,0.1281963786551342,positive,negative,zero,half
gaussian12,gradual_flip,20261019,16,0,0.07435234458834268,0.07008122105679952,0.7833450068512678,0.07222142750358987,positive,negative,zero,half
gaussian12,gradual_flip,20261019,24,0,0.07528769838452182,0.07579686478984467,0.771025210555962,0.07789022626967163,positive,negative,zero,half
gaussian12,gradual_flip,20261019,32,0,0.10642558535618192,0.11811690379480928,0.6576174657685204,0.11784004508048841,positive,negative,zero,half
gaussian12,gradual_flip,20261019,40,0,0.1689093094258571,0.17575212978774896,0.48995724749201813,0.1653813132943757,positive,negative,zero,half
gaussian12,gradual_flip,20261019,48,0,0.24314667648016922,0.2337934235775042,0.2908586689239332,0.23220123101839338,positive,negative,zero,half
gaussian12,gradual_flip,20261019,56,1,0.24285514654457852,0.24219892147441574,0.2626519043758661,0.25229402760513964,positive,negative,zero,half
gaussian12,gradual_flip,20261019,64,1,0.18851564138412424,0.18859135052773734,0.44174969667042957,0.1811433114177087,positive,negative,zero,half
gaussian12,gradual_flip,20261019,72,1,0.12490972533072695,0.12656198290461676,0.6241016816268887,0.12442661013776755,positive,negative,zero,half
gaussian12,gradual_flip,20261020,16,0,0.06385672835118401,0.06156521360334544,0.8100754387108496,0.06450261933462081,positive,negative,zero,half
gaussian12,gradual_flip,20261020,24,0,0.07872355193635631,0.07684755944654983,0.7625330510275414,0.08189583758955246,positive,negative,zero,half
gaussian12,gradual_flip,20261020,32,0,0.1062819283429015,0.10532011427260377,0.6753051234243823,0.11309283396011237,positive,negative,zero,half
gaussian12,gradual_flip,20261020,40,0,0.17416188725317538,0.18618593133567043,0.46318213590448215,0.17647004550667203,positive,negative,zero,half
gaussian12,gradual_flip,20261020,48,0,0.23809865826410717,0.2319030659017533,0.30786480083187945,0.22213347500226016,positive,negative,zero,half
gaussian12,gradual_flip,20261020,56,1,0.24487115127108258,0.23521735671868077,0.2771416530470959,0.2427698389631407,positive,negative,zero,half
gaussian12,gradual_flip,20261020,64,1,0.19211202882040465,0.18569239577131005,0.43254350101588257,0.1896520743924029,positive,negative,zero,half
gaussian12,gradual_flip,20261020,72,1,0.12837405751561623,0.12189321445257316,0.61620830199519,0.13352442603662062,positive,negative,zero,half
gaussian12,gradual_flip,20261021,16,0,0.0636640687188395,0.06932861851710462,0.7966705585737007,0.07033675419035516,positive,negative,zero,half
gaussian12,gradual_flip,20261021,24,0,0.07597365391173479,0.07007352198004013,0.7777437331520631,0.07620909095616193,positive,negative,zero,half
gaussian12,gradual_flip,20261021,32,0,0.11584377294215556,0.10935980822336297,0.6678613911890713,0.10693502764541006,positive,negative,zero,half
gaussian12,gradual_flip,20261021,40,0,0.16982125171936283,0.17047608863249603,0.4903784534518521,0.1693242061962891,positive,negative,zero,half
gaussian12,gradual_flip,20261021,48,0,0.2270032490338916,0.24052468598402893,0.3081102987227277,0.22436176625935172,positive,negative,zero,half
gaussian12,gradual_flip,20261021,56,1,0.24844167248120508,0.23637308184479383,0.27936929982760667,0.23581594584639445,positive,negative,zero,half
gaussian12,gradual_flip,20261021,64,1,0.19542169723099279,0.18337189479797558,0.44209872666749267,0.1791076813035391,positive,negative,zero,half
gaussian12,gradual_flip,20261021,72,1,0.126704270883659,0.1281589670774525,0.6296766574983114,0.11546010454057716,positive,negative,zero,half
gaussian12,drastic_flip,20261018,16,0,0.0692509748262888,0.07021253390538698,0.7915523442398069,0.06898414702851734,positive,negative,zero,half
gaussian12,drastic_flip,20261018,24,0,0.07076127647526283,0.0686122207534396,0.7928114163130915,0.06781508645820604,positive,negative,zero,half
gaussian12,drastic_flip,20261018,32,0,0.07305462018157576,0.07615054558763086,0.7792789885506737,0.07151584568011966,positive,negative,zero,half
gaussian12,drastic_flip,20261018,40,1,0.0704623567801191,0.07213620317844108,0.7917728293588774,0.06562861068256248,positive,negative,zero,half
gaussian12,drastic_flip,20261018,48,1,0.07081451950198167,0.0717947157286995,0.7862641386146272,0.07112662615469166,positive,negative,zero,half
gaussian12,drastic_flip,20261018,56,1,0.0688166451612166,0.07123572082066448,0.7912668252360872,0.06868080878203181,positive,negative,zero,half
gaussian12,drastic_flip,20261018,64,1,0.06784456674688821,0.06492195788004017,0.804438337978036,0.06279513739503571,positive,negative,zero,half
gaussian12,drastic_flip,20261018,72,1,0.06733487508041612,0.06740591829222653,0.7949525462082029,0.07030666041915445,positive,negative,zero,half
gaussian12,drastic_flip,20261019,16,0,0.07435234458834268,0.07008122105679952,0.7833450068512678,0.07222142750358987,positive,negative,zero,half
gaussian12,drastic_flip,20261019,24,0,0.07060089055743482,0.07135246966982174,0.7848352774064887,0.07321136236625465,positive,negative,zero,half
gaussian12,drastic_flip,20261019,32,0,0.06819149820077682,0.07403044029691845,0.7833720939824248,0.07440596751988005,positive,negative,zero,half
gaussian12,drastic_flip,20261019,40,1,0.07296191039213251,0.0741209230323509,0.7826928355381476,0.07022433103736905,positive,negative,zero,half
gaussian12,drastic_flip,20261019,48,1,0.0728965510851104,0.07074119390039948,0.7851968847933402,0.07116537022115006,positive,negative,zero,half
gaussian12,drastic_flip,20261019,56,1,0.07154043587258309,0.07214267692938404,0.7818879044715945,0.07442898272643841,positive,negative,zero,half
gaussian12,drastic_flip,20261019,64,1,0.06875348927904157,0.06774101411976749,0.7979218618425866,0.06558363475860432,positive,negative,zero,half
gaussian12,drastic_flip,20261019,72,1,0.07107943576365156,0.0726915835678561,0.7854588659836156,0.07077011468487673,positive,negative,zero,half
gaussian12,drastic_flip,20261020,16,0,0.06385672835118401,0.06156521360334544,0.8100754387108496,0.06450261933462081,positive,negative,zero,half
gaussian12,drastic_flip,20261020,24,0,0.07439502087996348,0.07265226725197198,0.7763702648850576,0.07658244698300712,positive,negative,zero,half
gaussian12,drastic_flip,20261020,32,0,0.06556535489275345,0.06539321804068178,0.7995172543067636,0.06952417275980124,positive,negative,zero,half
gaussian12,drastic_flip,20261020,40,1,0.07446493448293313,0.08004257905279256,0.7692620359981944,0.07623045046607982,positive,negative,zero,half
gaussian12,drastic_flip,20261020,48,1,0.06838629998376514,0.06636096615411184,0.8008583875570058,0.06439434630511714,positive,negative,zero,half
gaussian12,drastic_flip,20261020,56,1,0.07229995480651749,0.07061272517913524,0.7860527962681806,0.07103452374616662,positive,negative,zero,half
gaussian12,drastic_flip,20261020,64,1,0.07288897961901734,0.07245975938251223,0.7828165935043544,0.07183466749411595,positive,negative,zero,half
gaussian12,drastic_flip,20261020,72,1,0.074920626767924,0.06933463339891986,0.7775928078170642,0.07815193201609194,positive,negative,zero,half
gaussian12,drastic_flip,20261021,16,0,0.0636640687188395,0.06932861851710462,0.7966705585737007,0.07033675419035516,positive,negative,zero,half
gaussian12,drastic_flip,20261021,24,0,0.0712694271033049,0.06516690380257062,0.7926603635123439,0.07090330558178061,positive,negative,zero,half
gaussian12,drastic_flip,20261021,32,0,0.07113813358934573,0.06951337266768753,0.7926864296660395,0.06666206407692724,positive,negative,zero,half
gaussian12,drastic_flip,20261021,40,1,0.07054392089539784,0.07083754682611042,0.788499326705091,0.07011920557340073,positive,negative,zero,half
gaussian12,drastic_flip,20261021,48,1,0.07227907434176589,0.07452461702185777,0.7823685599638383,0.07082774867253809,positive,negative,zero,half
gaussian12,drastic_flip,20261021,56,1,0.07620369994417657,0.07434224361403968,0.7760786504497545,0.0733754059920292,positive,negative,zero,half
gaussian12,drastic_flip,20261021,64,1,0.07757427078899311,0.07190844390831104,0.7795116770626812,0.07100560824001473,positive,negative,zero,half
gaussian12,drastic_flip,20261021,72,1,0.07040554405895719,0.07142578547292207,0.7934086142421014,0.0647600562260194,positive,negative,zero,half
gaussian12,gradual_die,20261018,16,0,0.02077945066044418,0.25881830468387684,0.24299750015097668,0.4774047445047023,both,stable,dying,zero
gaussian12,gradual_die,20261018,24,0,0.023165908327254445,0.21513581462813663,0.26177105792343036,0.4999272191211786,both,stable,dying,zero
gaussian12,gradual_die,20261018,32,0,0.028779257707134666,0.23609428376971373,0.27802699609201675,0.4570994624311349,both,stable,dying,zero
gaussian12,gradual_die,20261018,40,0,0.037477889514659794,0.17370335992289143,0.30784233862178173,0.480976411940667,both,stable,dying,zero
gaussian12,gradual_die,20261018,48,0,0.054332867335559636,0.1437969822880184,0.35027810454715214,0.4515920458292699,both,stable,dying,zero
gaussian12,gradual_die,20261018,56,1,0.07975135487258378,0.10344816386006156,0.37825013429321497,0.4385503469741396,both,stable,dying,zero
gaussian12,gradual_die,20261018,64,1,0.11364411686135956,0.06504152003697897,0.3948088785134934,0.42650548458816806,both,stable,dying,zero
gaussian12,gradual_die,20261018,72,1,0.15169007830872885,0.04425704198810274,0.3837152603001798,0.4203376194029886,both,stable,dying,zero
gaussian12,gradual_die,20261019,16,0,0.022828589941741275,0.24889278447654778,0.2406991057577872,0.4875795198239238,both,stable,dying,zero
gaussian12,gradual_die,20261019,24,0,0.024256942994059782,0.24652646504602857,0.26808232767980694,0.4611342642801047,both,stable,dying,zero
gaussian12,gradual_die,20261019,32,0,0.025613645430570545,0.2244739585687553,0.2735434724301899,0.47636892357048427,both,stable,dying,zero
gaussian12,gradual_die,20261019,40,0,0.040058379874589996,0.1736494954910289,0.31612287779603426,0.47016924683834677,both,stable,dying,zero
gaussian12,gradual_die,20261019,48,0,0.059018590873003735,0.13174288372010268,0.34195504132951104,0.4672834840773827,both,stable,dying,zero
gaussian12,gradual_die,20261019,56,1,0.0857671584629099,0.1028430061289456,0.3590752060085529,0.45231462939959155,both,stable,dying,zero
gaussian12,gradual_die,20261019,64,1,0.10948489652032613,0.07093592083058735,0.39783276677506757,0.421746415874019,both,stable,dying,zero
gaussian12,gradual_die,20261019,72,1,0.1634561459351315,0.04429224767812669,0.37732356022412,0.41492804616262174,both,stable,dying,zero
gaussian12,gradual_die,20261020,16,0,0.020214541555639235,0.23263816985949934,0.25912755698967055,0.4880197315951908,both,stable,dying,zero
gaussian12,gradual_die,20261020,24,0,0.02292198412317766,0.2592847046103075,0.23504416154357471,0.48274914972294,both,stable,dying,zero
gaussian12,gradual_die,20261020,32,0,0.025273685162783756,0.21259644893313154,0.2728007180625618,0.48932914784152304,both,stable,dying,zero
gaussian12,gradual_die,20261020,40,0,0.03810292329260822,0.17412998458022713,0.3049013218283899,0.48286577029877487,both,stable,dying,zero
gaussian12,gradual_die,20261020,48,0,0.05661667089977789,0.13182180791462056,0.37030138800879137,0.44126013317681023,both,stable,dying,zero
gaussian12,gradual_die,20261020,56,1,0.07768697673588072,0.09372487968400839,0.3662507826063568,0.4623373609737541,both,stable,dying,zero
gaussian12,gradual_die,20261020,64,1,0.1159947814091902,0.07057245205485074,0.39006729606950596,0.4233654704664532,both,stable,dying,zero
gaussian12,gradual_die,20261020,72,1,0.16430085398589858,0.043761025897251594,0.39565105392110256,0.3962870661957472,both,stable,dying,zero
gaussian12,gradual_die,20261021,16,0,0.019735174295707994,0.243010350740315,0.24638818339359805,0.49086629157037903,both,stable,dying,zero
gaussian12,gradual_die,20261021,24,0,0.02223735152836016,0.26194443986974836,0.25133978891308445,0.4644784196888071,both,stable,dying,zero
gaussian12,gradual_die,20261021,32,0,0.02968477262020651,0.22270094415362035,0.2925664732792095,0.45504780994696375,both,stable,dying,zero
gaussian12,gradual_die,20261021,40,0,0.04098044790321411,0.18529725318501789,0.32983514684100335,0.4438871520707647,both,stable,dying,zero
gaussian12,gradual_die,20261021,48,0,0.0601919753475307,0.13077302646149933,0.347675052677783,0.46135994551318704,both,stable,dying,zero
gaussian12,gradual_die,20261021,56,1,0.08630156028648313,0.10639470577958275,0.3543683836497365,0.4529353502841976,both,stable,dying,zero
gaussian12,gradual_die,20261021,64,1,0.11460316965864173,0.06872171179117201,0.3792111528712232,0.4374639656789631,both,stable,dying,zero
gaussian12,gradual_die,20261021,72,1,0.15437713589953753,0.04347456313340849,0.3981986156830009,0.403949685284053,both,stable,dying,zero
gaussian12,drastic_die,20261018,16,0,0.02077945066044418,0.25881830468387684,0.24299750015097668,0.4774047445047023,both,stable,dying,zero
gaussian12,drastic_die,20261018,24,0,0.02261828054918287,0.21822362511795496,0.2581082553641843,0.5010498389686778,both,stable,dying,zero
gaussian12,drastic_die,20261018,32,0,0.0227216944164247,0.27121465317445476,0.2421709127842814,0.46389273962483907,both,stable,dying,zero
gaussian12,drastic_die,20261018,40,1,0.02137103474673473,0.24174721301016475,0.24115476780575087,0.49572698443734964,both,stable,dying,zero
gaussian12,drastic_die,20261018,48,1,0.19228530966321122,0.03670618934409363,0.40088447941818034,0.37012402157451485,both,stable,dying,zero
gaussian12,drastic_die,20261018,56,1,0.19668795657321692,0.035100482918951514,0.399729980309602,0.3684815801982297,both,stable,dying,zero
gaussian12,drastic_die,20261018,64,1,0.20078112356607916,0.030662407712338413,0.3860662437952001,0.3824902249263824,both,stable,dying,zero
gaussian12,drastic_die,20261018,72,1,0.1992245545452392,0.03213534596129017,0.3717096854192551,0.39693041407421553,both,stable,dying,zero
gaussian12,drastic_die,20261019,16,0,0.022828589941741275,0.24889278447654778,0.2406991057577872,0.4875795198239238,both,stable,dying,zero
gaussian12,drastic_die,20261019,24,0,0.02385732123775712,0.25009656377229916,0.2644057235503532,0.46164039143959046,both,stable,dying,zero
gaussian12,drastic_die,20261019,32,0,0.020805529230062826,0.25943084419385454,0.2389700189055828,0.48079360767049983,both,stable,dying,zero
gaussian12,drastic_die,20261019,40,1,0.022972852175450916,0.2439936673443904,0.2500925989795365,0.48294088150062214,both,stable,dying,zero
gaussian12,drastic_die,20261019,48,1,0.19479191563554246,0.03485451631276066,0.36606066024524925,0.4042929078064476,both,stable,dying,zero
gaussian12,drastic_die,20261019,56,1,0.21283165794505612,0.03295668103503112,0.3655687721658436,0.3886428888540692,both,stable,dying,zero
gaussian12,drastic_die,20261019,64,1,0.19157600586801138,0.03356294411989185,0.3925717518216935,0.3822892981904033,both,stable,dying,zero
gaussian12,drastic_die,20261019,72,1,0.2146452497612534,0.033759600960173886,0.3629620246556883,0.38863312462288446,both,stable,dying,zero
gaussian12,drastic_die,20261020,16,0,0.020214541555639235,0.23263816985949934,0.25912755698967055,0.4880197315951908,both,stable,dying,zero
gaussian12,drastic_die,20261020,24,0,0.022104252740035052,0.26379993309755095,0.23069135494824186,0.4834044592141721,both,stable,dying,zero
gaussian12,drastic_die,20261020,32,0,0.01984013648976495,0.24843652051610562,0.24194499707935294,0.4897783459147765,both,stable,dying,zero
gaussian12,drastic_die,20261020,40,1,0.022542351672576587,0.24373323795323715,0.23926236476857723,0.4944620456056091,both,stable,dying,zero
gaussian12,drastic_die,20261020,48,1,0.19840481866211715,0.03168382122745057,0.40455437239478803,0.36535698771564423,both,stable,dying,zero
gaussian12,drastic_die,20261020,56,1,0.1864649198331626,0.034290357742920434,0.38950309289522295,0.389741629528694,both,stable,dying,zero
gaussian12,drastic_die,20261020,64,1,0.20196784271466878,0.03508020387951379,0.38205630004609636,0.38089565335972103,both,stable,dying,zero
gaussian12,drastic_die,20261020,72,1,0.21752237530254723,0.032310239954681,0.37992972968819116,0.37023765505458067,both,stable,dying,zero
gaussian12,drastic_die,20261021,16,0,0.019735174295707994,0.243010350740315,0.24638818339359805,0.49086629157037903,both,stable,dying,zero
gaussian12,drastic_die,20261021,24,0,0.02206297938292597,0.2653799237291964,0.24797998897176154,0.46457710791611617,both,stable,dying,zero
gaussian12,drastic_die,20261021,32,0,0.023092331132940142,0.2598505344996617,0.25743282873909124,0.459624305628307,both,stable,dying,zero
gaussian12,drastic_die,20261021,40,1,0.023561144133531935,0.2613747471719577,0.26246662944278143,0.45259747925172883,both,stable,dying,zero
gaussian12,drastic_die,20261021,48,1,0.19902745563990196,0.03370027468361146,0.3681353152449195,0.3991369544315671,both,stable,dying,zero
gaussian12,drastic_die,20261021,56,1,0.20694694359322935,0.034589427470943866,0.354006073602112,0.40445755533371486,both,stable,dying,zero
gaussian12,drastic_die,20261021,64,1,0.20098840950731378,0.035479543514448285,0.37352297588054906,0.3900090710976889,both,stable,dying,zero
gaussian12,drastic_die,20261021,72,1,0.20356242885581702,0.033610949063553504,0.3845929570565227,0.37823366502410677,both,stable,dying,zero
gaussian12,gradual_nonlin,20261018,16,0,0.037314173460977894,0.10597407708980092,0.4265083856291861,0.43020336382003505,linear,linear_plus,zero,other_block
gaussian12,gradual_nonlin,20261018,24,0,0.0382035746837347,0.0945411733769204,0.42878640220216446,0.4384688497371804,linear,linear_plus,zero,other_block
gaussian12,gradual_nonlin,20261018,32,0,0.042633660296438905,0.0995061100481994,0.44525451602447635,0.41260571363088544,linear,linear_plus,zero,other_block
gaussian12,gradual_nonlin,20261018,40,0,0.04664860570030594,0.07303916522245757,0.44774739704757394,0.43256483202966256,linear,linear_plus,zero,other_block
gaussian12,gradual_nonlin,20261018,48,0,0.05263456172416563,0.06200837787104198,0.46763451398303135,0.41772254642176093,linear,linear_plus,zero,other_block
gaussian12,gradual_nonlin,20261018,56,1,0.06228019150627928,0.04845648700799107,0.4690718566328232,0.42019146485290654,linear,linear_plus,zero,other_block
gaussian12,gradual_nonlin,20261018,64,1,0.06632615009204869,0.03696053899097523,0.43994539404700445,0.4567679168699717,linear,linear_plus,zero,other_block
gaussian12,gradual_nonlin,20261018,72,1,0.08790125869225032,0.033956074123082214,0.4277217554903216,0.4504209116943459,linear,linear_plus,zero,other_block
gaussian12,gradual_nonlin,20261019,16,0,0.03941910645984229,0.10785354872733802,0.41530311371912454,0.43742423109369527,linear,linear_plus,zero,other_block
gaussian12,gradual_nonlin,20261019,24,0,0.038382417423643435,0.10293405799043558,0.42300985931035934,0.43567366527556173,linear,linear_plus,zero,other_block
gaussian12,gradual_nonlin,20261019,32,0,0.0402956940279229,0.08354957637857796,0.44452030971093814,0.43163441988256096,linear,linear_plus,zero,other_block
gaussian12,gradual_nonlin,20261019,40,0,0.046682478263954864,0.07862184372229993,0.43535553153072515,0.43934014648302006,linear,linear_plus,zero,other_block
gaussian12,gradual_nonlin,20261019,48,0,0.05490667621481725,0.056733561424633865,0.42174276585588893,0.46661699650466004,linear,linear_plus,zero,other_block
gaussian12,gradual_nonlin,20261019,56,1,0.06379158419224505,0.05194639634289179,0.4273929559123507,0.45686906355251244,linear,linear_plus,zero,other_block
gaussian12,gradual_nonlin,20261019,64,1,0.06342197221236814,0.04253473034082244,0.4520642821279032,0.4419790153189062,linear,linear_plus,zero,other_block
gaussian12,gradual_nonlin,20261019,72,1,0.08399363073654634,0.04010760380034969,0.42165502489131185,0.4542437405717922,linear,linear_plus,zero,other_block
gaussian12,gradual_nonlin,20261020,16,0,0.03399558495076278,0.09548684152890918,0.43126212545322956,0.43925544806709843,linear,linear_plus,zero,other_block
gaussian12,gradual_nonlin,20261020,24,0,0.039214691815200424,0.11553726385242619,0.4089590041615071,0.43628904017086634,linear,linear_plus,zero,other_block
gaussian12,gradual_nonlin,20261020,32,0,0.036675499204519325,0.07851526522234659,0.41288699428075587,0.4719222412923783,linear,linear_plus,zero,other_block
gaussian12,gradual_nonlin,20261020,40,0,0.046208955706807706,0.07975617354551033,0.4171127858948786,0.4569220848528034,linear,linear_plus,zero,other_block
gaussian12,gradual_nonlin,20261020,48,0,0.05165259533646389,0.05751155146258741,0.46682080584534447,0.4240150473556043,linear,linear_plus,zero,other_block
gaussian12,gradual_nonlin,20261020,56,1,0.06162264238392911,0.052062443601052485,0.43210855369601353,0.4542063603190049,linear,linear_plus,zero,other_block
gaussian12,gradual_nonlin,20261020,64,1,0.07444270178306259,0.044140619851780485,0.4457669709863306,0.43564970737882625,linear,linear_plus,zero,other_block
gaussian12,gradual_nonlin,20261020,72,1,0.09540957879060136,0.0347193154737829,0.44660931712519397,0.4232617886104217,linear,linear_plus,zero,other_block
gaussian12,gradual_nonlin,20261021,16,0,0.03434039780663563,0.10501560991325311,0.42972408852907173,0.4309199037510395,linear,linear_plus,zero,other_block
gaussian12,gradual_nonlin,20261021,24,0,0.039289651351217786,0.09865674394511822,0.43435433559914133,0.42769926910452255,linear,linear_plus,zero,other_block
gaussian12,gradual_nonlin,20261021,32,0,0.04042797597630235,0.08930021239718805,0.4364987036288856,0.4337731079976241,linear,linear_plus,zero,other_block
gaussian12,gradual_nonlin,20261021,40,0,0.04423529745729221,0.08491163189327129,0.4262627294269529,0.44459034122248353,linear,linear_plus,zero,other_block
gaussian12,gradual_nonlin,20261021,48,0,0.049364061022486846,0.06292752965675238,0.42502111244722723,0.46268729687353344,linear,linear_plus,zero,other_block
gaussian12,gradual_nonlin,20261021,56,1,0.05615648140925767,0.04971645269983903,0.4238600813641185,0.4702669845267848,linear,linear_plus,zero,other_block
gaussian12,gradual_nonlin,20261021,64,1,0.07149275754765157,0.04490320984281933,0.4306154238552566,0.45298860875427255,linear,linear_plus,zero,other_block
gaussian12,gradual_nonlin,20261021,72,1,0.09549913831822746,0.037295557123396446,0.43217468567136474,0.4350306188870112,linear,linear_plus,zero,other_block
gaussian12,drastic_nonlin,20261018,16,0,0.037314173460977894,0.10597407708980092,0.4265083856291861,0.43020336382003505,linear,linear_plus,zero,other_block
gaussian12,drastic_nonlin,20261018,24,0,0.03819760824476547,0.09629940550904008,0.4279671227085881,0.4375358635376064,linear,linear_plus,zero,other_block
gaussian12,drastic_nonlin,20261018,32,0,0.041080725505015195,0.11744410082268535,0.4382111102748545,0.4032640633974449,linear,linear_plus,zero,other_block
gaussian12,drastic_nonlin,20261018,40,1,0.03872542407833679,0.10311850203526808,0.4351506249827611,0.42300544890363395,linear,linear_plus,zero,other_block
gaussian12,drastic_nonlin,20261018,48,1,0.09864655100698513,0.03387715973849486,0.46424752032838484,0.40322876892613513,linear,linear_plus,zero,other_block
gaussian12,drastic_nonlin,20261018,56,1,0.10189543859233621,0.03296932401401084,0.4615043368943817,0.40363090049927125,linear,linear_plus,zero,other_block
gaussian12,drastic_nonlin,20261018,64,1,0.09038736716409031,0.030582141629355845,0.43051995250862823,0.4485105386979256,linear,linear_plus,zero,other_block
gaussian12,drastic_nonlin,20261018,72,1,0.10492810451400213,0.030552109265962128,0.42298835288457126,0.44153143333546446,linear,linear_plus,zero,other_block
gaussian12,drastic_nonlin,20261019,16,0,0.03941910645984229,0.10785354872733802,0.41530311371912454,0.43742423109369527,linear,linear_plus,zero,other_block
gaussian12,drastic_nonlin,20261019,24,0,0.037997234406790016,0.10465018932454967,0.4223965132857942,0.4349560629828661,linear,linear_plus,zero,other_block
gaussian12,drastic_nonlin,20261019,32,0,0.03806755324281506,0.09858408556144395,0.4373134435147484,0.4260349176809926,linear,linear_plus,zero,other_block
gaussian12,drastic_nonlin,20261019,40,1,0.039497687750948925,0.11109867414048394,0.4237081657654087,0.4256954723431584,linear,linear_plus,zero,other_block
gaussian12,drastic_nonlin,20261019,48,1,0.10233523818060541,0.033483268300600603,0.41505318454580536,0.44912830897298855,linear,linear_plus,zero,other_block
gaussian12,drastic_nonlin,20261019,56,1,0.11029002490380578,0.03160107048743794,0.4165493553673101,0.4415595492414462,linear,linear_plus,zero,other_block
gaussian12,drastic_nonlin,20261019,64,1,0.08667339161555125,0.03286863271021578,0.4446097701832561,0.4358482054909769,linear,linear_plus,zero,other_block
gaussian12,drastic_nonlin,20261019,72,1,0.10349863706114458,0.034192484695414846,0.4164782514806015,0.44583062676283913,linear,linear_plus,zero,other_block
gaussian12,drastic_nonlin,20261020,16,0,0.03399558495076278,0.09548684152890918,0.43126212545322956,0.43925544806709843,linear,linear_plus,zero,other_block
gaussian12,drastic_nonlin,20261020,24,0,0.039085328344668026,0.11729562781567449,0.40788598969587736,0.4357330541437802,linear,linear_plus,zero,other_block
gaussian12,drastic_nonlin,20261020,32,0,0.03348479898951602,0.09445444378009864,0.40832043985581556,0.4637403173745698,linear,linear_plus,zero,other_block
gaussian12,drastic_nonlin,20261020,40,1,0.03923367755132727,0.11064034099034317,0.4053045756690748,0.4448214057892548,linear,linear_plus,zero,other_block
gaussian12,drastic_nonlin,20261020,48,1,0.10545164363427442,0.02994048459475908,0.4504521544949608,0.4141557172760058,linear,linear_plus,zero,other_block
gaussian12,drastic_nonlin,20261020,56,1,0.10241326239517186,0.031790541949056395,0.421154577281524,0.44464161837424765,linear,linear_plus,zero,other_block
gaussian12,drastic_nonlin,20261020,64,1,0.10495888405531582,0.03297278934688977,0.43913799816935273,0.42293032842844164,linear,linear_plus,zero,other_block
gaussian12,drastic_nonlin,20261020,72,1,0.1137490343283195,0.03058738584766981,0.4399421506410278,0.4157214291829829,linear,linear_plus,zero,other_block
gaussian12,drastic_nonlin,20261021,16,0,0.03434039780663563,0.10501560991325311,0.42972408852907173,0.4309199037510395,linear,linear_plus,zero,other_block
gaussian12,drastic_nonlin,20261021,24,0,0.03896911694255204,0.10096388413094488,0.43341550026302855,0.42665149866347446,linear,linear_plus,zero,other_block
gaussian12,drastic_nonlin,20261021,32,0,0.03852208314791536,0.10590484328124398,0.429248435587192,0.4263246379836486,linear,linear_plus,zero,other_block
gaussian12,drastic_nonlin,20261021,40,1,0.037144006084448886,0.11984322651716692,0.4151743115065277,0.4278384558918565,linear,linear_plus,zero,other_block
gaussian12,drastic_nonlin,20261021,48,1,0.09610920845645604,0.034977453458580686,0.41754322449222137,0.4513701135927419,linear,linear_plus,zero,other_block
gaussian12,drastic_nonlin,20261021,56,1,0.08678357864207832,0.03216243747908134,0.42689995251340934,0.454154031365431,linear,linear_plus,zero,other_block
gaussian12,drastic_nonlin,20261021,64,1,0.09887098694401672,0.031740110802451725,0.4247559093433037,0.44463299291022773,linear,linear_plus,zero,other_block
gaussian12,drastic_nonlin,20261021,72,1,0.1171778036539232,0.032298170181297985,0.42555137378762836,0.42497265237715043,linear,linear_plus,zero,other_block
gaussian12,gradual_noise,20261018,16,0,0.027520200664520187,0.46647057533255026,0.027467816994928996,0.4785414070080006,linear,zero,half,irrelevant
gaussian12,gradual_noise,20261018,24,0,0.03157024415876955,0.45747304346960477,0.02911861688954972,0.481838095482076,linear,zero,half,irrelevant
gaussian12,gradual_noise,20261018,32,0,0.06519986252938324,0.4456212640933633,0.06375041255833681,0.4254284608189166,linear,zero,half,irrelevant
gaussian12,gradual_noise,20261018,40,0,0.0891232197106433,0.4347369243743632,0.08489138387596258,0.39124847203903096,linear,zero,half,irrelevant
gaussian12,gradual_noise,20261018,48,0,0.122893803624376,0.37933025139786547,0.12550265314148804,0.3722732918362705,linear,zero,half,irrelevant
gaussian12,gradual_noise,20261018,56,1,0.14596466247987847,0.34605904130647275,0.14527010674573898,0.36270618946790983,linear,zero,half,irrelevant
gaussian12,gradual_noise,20261018,64,1,0.16114946285481502,0.344689018323588,0.142918105841333,0.35124341298026396,linear,zero,half,irrelevant
gaussian12,gradual_noise,20261018,72,1,0.17839131989318685,0.3076846749147201,0.1684300605498519,0.34549394464224115,linear,zero,half,irrelevant
gaussian12,gradual_noise,20261019,16,0,0.028787591568166186,0.4561094258845663,0.027818786971041697,0.4872841955762257,linear,zero,half,irrelevant
gaussian12,gradual_noise,20261019,24,0,0.03166918341108416,0.4586083675599013,0.030692747750924693,0.4790297012780898,linear,zero,half,irrelevant
gaussian12,gradual_noise,20261019,32,0,0.0578350039869598,0.44422988094139054,0.062419419161053036,0.4355156959105966,linear,zero,half,irrelevant
gaussian12,gradual_noise,20261019,40,0,0.0920240180430336,0.41976381406473523,0.08622775416372577,0.40198441372850546,linear,zero,half,irrelevant
gaussian12,gradual_noise,20261019,48,0,0.12219336894558226,0.3580479996051051,0.12310621908420342,0.3966524123651091,linear,zero,half,irrelevant
gaussian12,gradual_noise,20261019,56,1,0.13550058679937713,0.3596429790513355,0.13561995625615972,0.36923647789312763,linear,zero,half,irrelevant
gaussian12,gradual_noise,20261019,64,1,0.16430714254411033,0.33436888593798936,0.15395629892886853,0.3473676725890318,linear,zero,half,irrelevant
gaussian12,gradual_noise,20261019,72,1,0.16703281495814432,0.3377721732192552,0.1745118018989679,0.3206832099236326,linear,zero,half,irrelevant
gaussian12,gradual_noise,20261020,16,0,0.025261873448920284,0.4532858507059866,0.025033095442329078,0.49641918040276395,linear,zero,half,irrelevant
gaussian12,gradual_noise,20261020,24,0,0.03153775823119796,0.45468473705560225,0.034306154633182706,0.47947135008001707,linear,zero,half,irrelevant
gaussian12,gradual_noise,20261020,32,0,0.05456736110913319,0.39726932942613724,0.04943289282156006,0.4987304166431696,linear,zero,half,irrelevant
gaussian12,gradual_noise,20261020,40,0,0.09270425516909767,0.3939691710116105,0.09419103794935643,0.41913553586993535,linear,zero,half,irrelevant
gaussian12,gradual_noise,20261020,48,0,0.11734962593636912,0.3937655383501371,0.10967808203990095,0.3792067536735929,linear,zero,half,irrelevant
gaussian12,gradual_noise,20261020,56,1,0.14003507085505582,0.3630339144213697,0.14758511518075382,0.34934589954282064,linear,zero,half,irrelevant
gaussian12,gradual_noise,20261020,64,1,0.16512146531622038,0.3475586403360818,0.16124862263763357,0.3260712717100642,linear,zero,half,irrelevant
gaussian12,gradual_noise,20261020,72,1,0.17637469199707537,0.3157518247531892,0.18794659462818897,0.3199268886215465,linear,zero,half,irrelevant
gaussian12,gradual_noise,20261021,16,0,0.024880751670554292,0.4779789168474487,0.02683486562850716,0.47030546585348987,linear,zero,half,irrelevant
gaussian12,gradual_noise,20261021,24,0,0.03174831370327185,0.4782711972522772,0.0318788689132944,0.45810162013115663,linear,zero,half,irrelevant
gaussian12,gradual_noise,20261021,32,0,0.05891007456481655,0.4477386598829987,0.062371097177440785,0.4309801683747439,linear,zero,half,irrelevant
gaussian12,gradual_noise,20261021,40,0,0.08732087118007298,0.4102038147870336,0.08628832607656063,0.4161869879563329,linear,zero,half,irrelevant
gaussian12,gradual_noise,20261021,48,0,0.11005726654267792,0.37926705459523014,0.112830743461112,0.3978449354009799,linear,zero,half,irrelevant
gaussian12,gradual_noise,20261021,56,1,0.14139458647440054,0.34616606391748755,0.14908506290419266,0.3633542867039193,linear,zero,half,irrelevant
gaussian12,gradual_noise,20261021,64,1,0.1706600500161234,0.33344112673089343,0.16925673754662798,0.3266420857063553,linear,zero,half,irrelevant
gaussian12,gradual_noise,20261021,72,1,0.17493968731364315,0.3244555695601363,0.17435250883906236,0.3262522342871581,linear,zero,half,irrelevant
gaussian12,drastic_noise,20261018,16,0,0.027520200664520187,0.46647057533255026,0.027467816994928996,0.4785414070080006,linear,zero,half,irrelevant
gaussian12,drastic_noise,20261018,24,0,0.02809359217772907,0.46071868088578016,0.025923808132578774,0.48526391880391195,linear,zero,half,irrelevant
gaussian12,drastic_noise,20261018,32,0,0.03084144088230416,0.4806655909885387,0.030179964099397747,0.4583130040297593,linear,zero,half,irrelevant
gaussian12,drastic_noise,20261018,40,1,0.027381708276306586,0.4925463474555873,0.02600785504520044,0.4540640892229057,linear,zero,half,irrelevant
gaussian12,drastic_noise,20261018,48,1,0.19224096465732793,0.3080687771377182,0.19491453135056833,0.3047757268543856,linear,zero,half,irrelevant
gaussian12,drastic_noise,20261018,56,1,0.19412528690672268,0.29963059555129024,0.19326713340906645,0.3129769841329207,linear,zero,half,irrelevant
gaussian12,drastic_noise,20261018,64,1,0.19560784646063512,0.31391765808489314,0.17276227789852566,0.31771221755594603,linear,zero,half,irrelevant
gaussian12,drastic_noise,20261018,72,1,0.19413426104363207,0.2930169496456503,0.18426157689810124,0.32858721241261635,linear,zero,half,irrelevant
gaussian12,drastic_noise,20261019,16,0,0.028787591568166186,0.4561094258845663,0.027818786971041697,0.4872841955762257,linear,zero,half,irrelevant
gaussian12,drastic_noise,20261019,24,0,0.02798556117402123,0.46213874026776863,0.026977465660260547,0.4828982328979496,linear,zero,half,irrelevant
gaussian12,drastic_noise,20261019,32,0,0.02763818973209991,0.4784682080236961,0.029620717679402424,0.4642728845648016,linear,zero,half,irrelevant
gaussian12,drastic_noise,20261019,40,1,0.028297529832701934,0.4847287026469977,0.02657738153430231,0.4603963859859981,linear,zero,half,irrelevant
gaussian12,drastic_noise,20261019,48,1,0.19371629085205178,0.2972143228958834,0.1972411031775177,0.31182828307454713,linear,zero,half,irrelevant
gaussian12,drastic_noise,20261019,56,1,0.1845442464191448,0.3103114214305761,0.18405302699427767,0.3210913051560015,linear,zero,half,irrelevant
gaussian12,drastic_noise,20261019,64,1,0.1954087084954965,0.30560719662007396,0.18413622741902225,0.31484786746540727,linear,zero,half,irrelevant
gaussian12,drastic_noise,20261019,72,1,0.18214584653511087,0.3227807568091472,0.18978184488384536,0.30529155177189654,linear,zero,half,irrelevant
gaussian12,drastic_noise,20261020,16,0,0.025261873448920284,0.4532858507059866,0.025033095442329078,0.49641918040276395,linear,zero,half,irrelevant
gaussian12,drastic_noise,20261020,24,0,0.028638064490764618,0.45748348550804685,0.0309765470048922,0.4829019029962963,linear,zero,half,irrelevant
gaussian12,drastic_noise,20261020,32,0,0.025284821724924595,0.4243706934152232,0.0230043423024921,0.5273401425573602,linear,zero,half,irrelevant
gaussian12,drastic_noise,20261020,40,1,0.028663467419548908,0.4478519688750489,0.029328302814137508,0.49415626089126463,linear,zero,half,irrelevant
gaussian12,drastic_noise,20261020,48,1,0.19046833169329655,0.32300605822811435,0.17815347647834862,0.30837213360024046,linear,zero,half,irrelevant
gaussian12,drastic_noise,20261020,56,1,0.18827207565066958,0.3129246602131684,0.19858585527309172,0.3002174088630703,linear,zero,half,irrelevant
gaussian12,drastic_noise,20261020,64,1,0.19633406100106737,0.3154608680529341,0.19132081421220848,0.29688425673379004,linear,zero,half,irrelevant
gaussian12,drastic_noise,20261020,72,1,0.19115218898495506,0.29910442003627874,0.20352367874634275,0.30621971223242334,linear,zero,half,irrelevant
gaussian12,drastic_noise,20261021,16,0,0.024880751670554292,0.4779789168474487,0.02683486562850716,0.47030546585348987,linear,zero,half,irrelevant
gaussian12,drastic_noise,20261021,24,0,0.0279788408415869,0.482343607930816,0.02794202165522162,0.46173552957237546,linear,zero,half,irrelevant
gaussian12,drastic_noise,20261021,32,0,0.027522701650283685,0.48322204997671253,0.02909055255648018,0.46016469581652364,linear,zero,half,irrelevant
gaussian12,drastic_noise,20261021,40,1,0.02726131064373984,0.47321442961286575,0.026726834864909232,0.4727974248784852,linear,zero,half,irrelevant
gaussian12,drastic_noise,20261021,48,1,0.1788217388899881,0.3195661960522216,0.18196291334210107,0.3196491517156892,linear,zero,half,irrelevant
gaussian12,drastic_noise,20261021,56,1,0.19113011575880365,0.2977151611620863,0.20089252832102455,0.3102621947580855,linear,zero,half,irrelevant
gaussian12,drastic_noise,20261021,64,1,0.20201657010315674,0.30282931701183335,0.20044756871906605,0.2947065441659437,linear,zero,half,irrelevant
gaussian12,drastic_noise,20261021,72,1,0.18965586433590656,0.31053785499928704,0.1901523821896004,0.309653898475206,linear,zero,half,irrelevant
student_t5,gradual_relocate,20261018,16,0,0.013553383766640191,0.4246549907434273,0.1991022561009678,0.3626893693889648,stale,fresh,blend,zero
student_t5,gradual_relocate,20261018,24,0,0.016946131692813216,0.38504940839421736,0.19950949165543297,0.39849496825753655,stale,fresh,blend,zero
student_t5,gradual_relocate,20261018,32,0,0.02919751659775755,0.4262581648198938,0.15778631633568363,0.38675800224666507,stale,fresh,blend,zero
student_t5,gradual_relocate,20261018,40,0,0.09894302941757366,0.3842556538818724,0.09868323723791401,0.41811807946263985,stale,fresh,blend,zero
student_t5,gradual_relocate,20261018,48,0,0.16884783825494087,0.3212307226849607,0.04435147626292399,0.46556996279717433,stale,fresh,blend,zero
student_t5,gradual_relocate,20261018,56,1,0.3136485949177624,0.20008730533818325,0.04119493327131126,0.4450691664727429,stale,fresh,blend,zero
student_t5,gradual_relocate,20261018,64,1,0.3529002978615961,0.1127123187195051,0.07098983331711112,0.46339755010178774,stale,fresh,blend,zero
student_t5,gradual_relocate,20261018,72,1,0.4150508353918767,0.039730470153044914,0.12601094286778944,0.41920775158728885,stale,fresh,blend,zero
student_t5,gradual_relocate,20261019,16,0,0.016726260696226094,0.3905196026403868,0.203017381216867,0.3897367554465201,stale,fresh,blend,zero
student_t5,gradual_relocate,20261019,24,0,0.017073766800177387,0.40925347401806933,0.20070528559129416,0.3729674735904591,stale,fresh,blend,zero
student_t5,gradual_relocate,20261019,32,0,0.030820392291599844,0.386943602022334,0.1454571905565826,0.4367788151294835,stale,fresh,blend,zero
student_t5,gradual_relocate,20261019,40,0,0.09080098942487644,0.3657425910546129,0.09256011252103777,0.45089630699947303,stale,fresh,blend,zero
student_t5,gradual_relocate,20261019,48,0,0.1866579937311726,0.2976597710778831,0.045824505882284844,0.46985772930865943,stale,fresh,blend,zero
student_t5,gradual_relocate,20261019,56,1,0.2747277882847651,0.2306203246998789,0.03799469114001699,0.45665719587533904,stale,fresh,blend,zero
student_t5,gradual_relocate,20261019,64,1,0.3564561972188279,0.10549758419208503,0.07823770244960175,0.4598085161394853,stale,fresh,blend,zero
student_t5,gradual_relocate,20261019,72,1,0.39911543942307337,0.03766851050841883,0.12920143688802957,0.4340146131804783,stale,fresh,blend,zero
student_t5,gradual_relocate,20261020,16,0,0.013663959603333551,0.3997209758528717,0.20440280747260647,0.3822122570711884,stale,fresh,blend,zero
student_t5,gradual_relocate,20261020,24,0,0.014718264234582567,0.39562210633956796,0.19065322157728223,0.3990064078485674,stale,fresh,blend,zero
student_t5,gradual_relocate,20261020,32,0,0.02721708435468001,0.4015570480607465,0.14713597781411328,0.42408988977046025,stale,fresh,blend,zero
student_t5,gradual_relocate,20261020,40,0,0.08585732482817396,0.3731159496452117,0.09572749080548268,0.44529923472113164,stale,fresh,blend,zero
student_t5,gradual_relocate,20261020,48,0,0.1745180352109402,0.3081118248331568,0.042267089535308285,0.4751030504205947,stale,fresh,blend,zero
student_t5,gradual_relocate,20261020,56,1,0.29351294976558817,0.20476406221935897,0.043246177750863736,0.4584768102641892,stale,fresh,blend,zero
student_t5,gradual_relocate,20261020,64,1,0.3859633987671416,0.0940309964920212,0.07454606065851514,0.44545954408232213,stale,fresh,blend,zero
student_t5,gradual_relocate,20261020,72,1,0.39299400067777396,0.04189982854567678,0.1415566156483467,0.4235495551282026,stale,fresh,blend,zero
student_t5,gradual_relocate,20261021,16,0,0.013877571800808529,0.38641153478631063,0.1947811569543792,0.40492973645850167,stale,fresh,blend,zero
student_t5,gradual_relocate,20261021,24,0,0.017101187424704657,0.3848214924993984,0.20341064491266267,0.3946666751632343,stale,fresh,blend,zero
student_t5,gradual_relocate,20261021,32,0,0.031315226192331354,0.4149996468933184,0.1400965269364827,0.41358859997786757,stale,fresh,blend,zero
student_t5,gradual_relocate,20261021,40,0,0.0936155235155508,0.3879759213133718,0.09557629557474118,0.42283225959633636,stale,fresh,blend,zero
student_t5,gradual_relocate,20261021,48,0,0.16881917697501514,0.32240631760265326,0.046884153479374156,0.46189035194295736,stale,fresh,blend,zero
student_t5,gradual_relocate,20261021,56,1,0.28550376850304815,0.2171302291501189,0.04060516817657516,0.45676083417025776,stale,fresh,blend,zero
student_t5,gradual_relocate,20261021,64,1,0.36015431706063905,0.10053623678560443,0.0757270740911204,0.4635823720626362,stale,fresh,blend,zero
student_t5,gradual_relocate,20261021,72,1,0.4061547474275768,0.03930431662370302,0.12869964636210815,0.425841289586612,stale,fresh,blend,zero
student_t5,drastic_relocate,20261018,16,0,0.013553383766640191,0.4246549907434273,0.1991022561009678,0.3626893693889648,stale,fresh,blend,zero
student_t5,drastic_relocate,20261018,24,0,0.01597076616889269,0.3820641404370966,0.20419800183434178,0.3977670915596689,stale,fresh,blend,zero
student_t5,drastic_relocate,20261018,32,0,0.01357585093698412,0.4190802320283841,0.20732596700268888,0.3600179500319428,stale,fresh,blend,zero
student_t5,drastic_relocate,20261018,40,1,0.01800305173725525,0.4060210442246112,0.21428098652636776,0.3616949175117657,stale,fresh,blend,zero
student_t5,drastic_relocate,20261018,48,1,0.3799573731745148,0.013722108064566802,0.19950574412202715,0.40681477463889143,stale,fresh,blend,zero
student_t5,drastic_relocate,20261018,56,1,0.39545184974421105,0.01480222139365708,0.2056655676291701,0.3840803612329618,stale,fresh,blend,zero
student_t5,drastic_relocate,20261018,64,1,0.38347361142626163,0.015200187667080839,0.19604815439174875,0.4052780465149087,stale,fresh,blend,zero
student_t5,drastic_relocate,20261018,72,1,0.4074788188937087,0.014435358597669952,0.18663745953927152,0.3914483629693499,stale,fresh,blend,zero
student_t5,drastic_relocate,20261019,16,0,0.016726260696226094,0.3905196026403868,0.203017381216867,0.3897367554465201,stale,fresh,blend,zero
student_t5,drastic_relocate,20261019,24,0,0.015906629282614118,0.40635937030869895,0.20667679470776112,0.3710572057009259,stale,fresh,blend,zero
student_t5,drastic_relocate,20261019,32,0,0.014364281653219997,0.3822308943499818,0.1940218750080417,0.40938294898875655,stale,fresh,blend,zero
student_t5,drastic_relocate,20261019,40,1,0.016164098783995166,0.38073006344324273,0.20033694198728844,0.40276889578547365,stale,fresh,blend,zero
student_t5,drastic_relocate,20261019,48,1,0.4142853518615126,0.015936045798241878,0.187979582194825,0.3817990201454206,stale,fresh,blend,zero
student_t5,drastic_relocate,20261019,56,1,0.3976426264115568,0.01575737314424134,0.20741712184847064,0.37918287859573113,stale,fresh,blend,zero
student_t5,drastic_relocate,20261019,64,1,0.3884924463384655,0.01631279640465812,0.20370260878456958,0.39149214847230684,stale,fresh,blend,zero
student_t5,drastic_relocate,20261019,72,1,0.3949227368214682,0.014026152523656047,0.18678494057628445,0.40426617007859117,stale,fresh,blend,zero
student_t5,drastic_relocate,20261020,16,0,0.013663959603333551,0.3997209758528717,0.20440280747260647,0.3822122570711884,stale,fresh,blend,zero
student_t5,drastic_relocate,20261020,24,0,0.01388125149387833,0.3932780649257931,0.1957775665344481,0.3970631170458804,stale,fresh,blend,zero
student_t5,drastic_relocate,20261020,32,0,0.013444533708506911,0.3918339669764975,0.19597062246930108,0.39875087684569455,stale,fresh,blend,zero
student_t5,drastic_relocate,20261020,40,1,0.01581628061536042,0.38067355115817975,0.20713078599101378,0.39637938223544616,stale,fresh,blend,zero
student_t5,drastic_relocate,20261020,48,1,0.39117117996963663,0.014591061338978107,0.19897194492943646,0.39526581376194897,stale,fresh,blend,zero
student_t5,drastic_relocate,20261020,56,1,0.40732311422585854,0.015671694277174037,0.204391243578521,0.37261394791844643,stale,fresh,blend,zero
student_t5,drastic_relocate,20261020,64,1,0.41559863789910595,0.015127105330934395,0.19045973024681442,0.37881452652314523,stale,fresh,blend,zero
student_t5,drastic_relocate,20261020,72,1,0.3833421623369354,0.015442909842192449,0.20391082162897287,0.39730410619189926,stale,fresh,blend,zero
student_t5,drastic_relocate,20261021,16,0,0.013877571800808529,0.38641153478631063,0.1947811569543792,0.40492973645850167,stale,fresh,blend,zero
student_t5,drastic_relocate,20261021,24,0,0.016222573617204236,0.3831296719398798,0.20805091454822794,0.39259683989468813,stale,fresh,blend,zero
student_t5,drastic_relocate,20261021,32,0,0.014951919624728029,0.4072725198204936,0.18431697417083637,0.39345858638394204,stale,fresh,blend,zero
student_t5,drastic_relocate,20261021,40,1,0.015700032666413778,0.39532167195506884,0.20618367579652272,0.3827946195819946,stale,fresh,blend,zero
student_t5,drastic_relocate,20261021,48,1,0.37968522562856954,0.01698928893664327,0.19930882687314228,0.4040166585616449,stale,fresh,blend,zero
student_t5,drastic_relocate,20261021,56,1,0.39326035203301357,0.01477782232561116,0.19150819612632147,0.40045362951505376,stale,fresh,blend,zero
student_t5,drastic_relocate,20261021,64,1,0.38091748018952204,0.015028849784146587,0.19216094287378724,0.4118927271525441,stale,fresh,blend,zero
student_t5,drastic_relocate,20261021,72,1,0.3985989275404443,0.01654518767008005,0.1861747896219403,0.39868109516753547,stale,fresh,blend,zero
student_t5,gradual_flip,20261018,16,0,0.032448983727079446,0.032909439274251245,0.9024430341912856,0.03219854280738382,positive,negative,zero,half
student_t5,gradual_flip,20261018,24,0,0.0380016067692531,0.037239810694905146,0.8883771269959542,0.03638145553988753,positive,negative,zero,half
student_t5,gradual_flip,20261018,32,0,0.05935495023539818,0.06065320743042812,0.8242911509304891,0.05570069140368465,positive,negative,zero,half
student_t5,gradual_flip,20261018,40,0,0.12528311259300134,0.1314687987848441,0.6196445001427577,0.12360358847939693,positive,negative,zero,half
student_t5,gradual_flip,20261018,48,0,0.2069465330004346,0.21403248106783915,0.3640549304519069,0.2149660554798194,positive,negative,zero,half
student_t5,gradual_flip,20261018,56,1,0.2365120122700565,0.23752093700268012,0.2897730403246182,0.23619401040264512,positive,negative,zero,half
student_t5,gradual_flip,20261018,64,1,0.14024951552447337,0.13805047206872015,0.5849640608942086,0.1367359515125979,positive,negative,zero,half
student_t5,gradual_flip,20261018,72,1,0.0777910664893344,0.0749585204206833,0.7679220268046582,0.07932838628532406,positive,negative,zero,half
student_t5,gradual_flip,20261019,16,0,0.037974070856613515,0.03602660274971444,0.8889914259834126,0.03700790041025947,positive,negative,zero,half
student_t5,gradual_flip,20261019,24,0,0.03850277375164801,0.038640865743622375,0.8837828826495152,0.03907347785521447,positive,negative,zero,half
student_t5,gradual_flip,20261019,32,0,0.0600256063290926,0.0632112214604454,0.8144430299290395,0.062320142281422526,positive,negative,zero,half
student_t5,gradual_flip,20261019,40,0,0.11730560636851389,0.12081943743217537,0.6486587559373326,0.11321620026197823,positive,negative,zero,half
student_t5,gradual_flip,20261019,48,0,0.21709475673619827,0.2162307066140892,0.3581968238932002,0.20847771275651236,positive,negative,zero,half
student_t5,gradual_flip,20261019,56,1,0.22873902930709386,0.22907016871881755,0.3009439296816325,0.24124687229245606,positive,negative,zero,half
student_t5,gradual_flip,20261019,64,1,0.14225977346418994,0.13974201531876757,0.5818989187989639,0.13609929241807864,positive,negative,zero,half
student_t5,gradual_flip,20261019,72,1,0.07451022715240961,0.07499300906391974,0.7748151134810041,0.07568165030266659,positive,negative,zero,half
student_t5,gradual_flip,20261020,16,0,0.030329038075261237,0.029254454383532625,0.909537430624322,0.030879076916884077,positive,negative,zero,half
student_t5,gradual_flip,20261020,24,0,0.034896553128237445,0.034778989664031576,0.8941659365761124,0.036158520631618535,positive,negative,zero,half
student_t5,gradual_flip,20261020,32,0,0.057802498290917104,0.05980793246417268,0.8229110434195449,0.05947852582536515,positive,negative,zero,half
student_t5,gradual_flip,20261020,40,0,0.11722137088992117,0.12970965783617028,0.6354563857933281,0.11761258548058046,positive,negative,zero,half
student_t5,gradual_flip,20261020,48,0,0.20977241501605406,0.21301099786237088,0.3746601094254865,0.2025564776960885,positive,negative,zero,half
student_t5,gradual_flip,20261020,56,1,0.22980270238402598,0.2341975043692844,0.30728315516750515,0.2287166380791844,positive,negative,zero,half
student_t5,gradual_flip,20261020,64,1,0.1480945383511479,0.14656354705501917,0.5647001271418268,0.14064178745200612,positive,negative,zero,half
student_t5,gradual_flip,20261020,72,1,0.06941917520268265,0.06565613613762017,0.7911625693219719,0.07376211933772528,positive,negative,zero,half
student_t5,gradual_flip,20261021,16,0,0.033224616120031775,0.03611973803318712,0.8941199177382044,0.03653572810857672,positive,negative,zero,half
student_t5,gradual_flip,20261021,24,0,0.041458682779378773,0.03800421311618423,0.8795144369335153,0.04102266717092167,positive,negative,zero,half
student_t5,gradual_flip,20261021,32,0,0.06090099352660282,0.0627584719044753,0.8176431840440764,0.0586973505248455,positive,negative,zero,half
student_t5,gradual_flip,20261021,40,0,0.11515946272229426,0.11596265312046643,0.6589141639401327,0.1099637202171066,positive,negative,zero,half
student_t5,gradual_flip,20261021,48,0,0.21439791665270774,0.23112714052903927,0.34512794257879253,0.20934700023946048,positive,negative,zero,half
student_t5,gradual_flip,20261021,56,1,0.2323550831201621,0.2308736743837202,0.3072779253779151,0.22949331711820264,positive,negative,zero,half
student_t5,gradual_flip,20261021,64,1,0.1448499733362761,0.1380219524457058,0.5829457821745693,0.1341822920434488,positive,negative,zero,half
student_t5,gradual_flip,20261021,72,1,0.08851016511556258,0.08657999358465941,0.7417128344276731,0.08319700687210489,positive,negative,zero,half
student_t5,drastic_flip,20261018,16,0,0.032448983727079446,0.032909439274251245,0.9024430341912856,0.03219854280738382,positive,negative,zero,half
student_t5,drastic_flip,20261018,24,0,0.03524699095878348,0.03413896178487848,0.8969263116149984,0.03368773564133966,positive,negative,zero,half
student_t5,drastic_flip,20261018,32,0,0.030763537581987764,0.03183045692209489,0.9074954608059242,0.029910544689993154,positive,negative,zero,half
student_t5,drastic_flip,20261018,40,1,0.03887589330951184,0.03967610335201909,0.8851460442604197,0.036301959078049346,positive,negative,zero,half
student_t5,drastic_flip,20261018,48,1,0.03217531481636867,0.03277320051190801,0.9027080475328177,0.03234343713890567,positive,negative,zero,half
student_t5,drastic_flip,20261018,56,1,0.03727688953142112,0.037802445693013526,0.8879915838559759,0.036929080919589484,positive,negative,zero,half
student_t5,drastic_flip,20261018,64,1,0.03490579919525338,0.03322159948794793,0.8994068437097247,0.032465757607074076,positive,negative,zero,half
student_t5,drastic_flip,20261018,72,1,0.035838269832355406,0.035821900171040304,0.8901997860251909,0.038140043971413365,positive,negative,zero,half
student_t5,drastic_flip,20261019,16,0,0.037974070856613515,0.03602660274971444,0.8889914259834126,0.03700790041025947,positive,negative,zero,half
student_t5,drastic_flip,20261019,24,0,0.0356084135980411,0.035934056501737595,0.8915992183885204,0.036858311511700846,positive,negative,zero,half
student_t5,drastic_flip,20261019,32,0,0.03233166841726201,0.03490965883871949,0.898215935620561,0.03454273712345735,positive,negative,zero,half
student_t5,drastic_flip,20261019,40,1,0.03475515376620245,0.035385613064616114,0.8962389735141674,0.03362025965501417,positive,negative,zero,half
student_t5,drastic_flip,20261019,48,1,0.037379759327387636,0.03626766461083617,0.8903223324756585,0.03603024358611768,positive,negative,zero,half
student_t5,drastic_flip,20261019,56,1,0.031031507655560703,0.031304031912516815,0.9049427930724561,0.03272166735946644,positive,negative,zero,half
student_t5,drastic_flip,20261019,64,1,0.03447024188470188,0.0340572747688018,0.8986778091856592,0.03279467416083719,positive,negative,zero,half
student_t5,drastic_flip,20261019,72,1,0.03463378192998792,0.035061400697956054,0.8956470339588081,0.03465778341324792,positive,negative,zero,half
student_t5,drastic_flip,20261020,16,0,0.030329038075261237,0.029254454383532625,0.909537430624322,0.030879076916884077,positive,negative,zero,half
student_t5,drastic_flip,20261020,24,0,0.03253317645439118,0.03211165897848416,0.9019487802462554,0.03340638432086926,positive,negative,zero,half
student_t5,drastic_flip,20261020,32,0,0.031269208801271146,0.03174560956555519,0.9051509771579249,0.03183420447524881,positive,negative,zero,half
student_t5,drastic_flip,20261020,40,1,0.03424332251785559,0.037601871284644005,0.8936169065816421,0.03453789961585833,positive,negative,zero,half
student_t5,drastic_flip,20261020,48,1,0.03328235060804717,0.033310433198314,0.9011193628737071,0.03228785331993176,positive,negative,zero,half
student_t5,drastic_flip,20261020,56,1,0.034556494677562326,0.03410580159251404,0.8969480698568297,0.03438963387309392,positive,negative,zero,half
student_t5,drastic_flip,20261020,64,1,0.037773719586204305,0.03688855682159327,0.8889192840477063,0.03641843954449628,positive,negative,zero,half
student_t5,drastic_flip,20261020,72,1,0.032525707663871556,0.03062839468922785,0.9025387787770298,0.03430711886987082,positive,negative,zero,half
student_t5,drastic_flip,20261021,16,0,0.033224616120031775,0.03611973803318712,0.8941199177382044,0.03653572810857672,positive,negative,zero,half
student_t5,drastic_flip,20261021,24,0,0.037665287563750635,0.0344970271938306,0.8908443817438881,0.036993303498530535,positive,negative,zero,half
student_t5,drastic_flip,20261021,32,0,0.033870655526401186,0.03346069323003102,0.9008572515520317,0.031811399691536194,positive,negative,zero,half
student_t5,drastic_flip,20261021,40,1,0.03414918685332612,0.033672500418611584,0.8987933046256753,0.03338500810238692,positive,negative,zero,half
student_t5,drastic_flip,20261021,48,1,0.03463110159501387,0.03601988085330768,0.8955114406964202,0.0338375768552583,positive,negative,zero,half
student_t5,drastic_flip,20261021,56,1,0.03372792889488899,0.03326431773452418,0.8999252607451099,0.03308249262547688,positive,negative,zero,half
student_t5,drastic_flip,20261021,64,1,0.037251435112448474,0.03453972031871334,0.8945342271041637,0.03367461746467442,positive,negative,zero,half
student_t5,drastic_flip,20261021,72,1,0.04288835711205485,0.04296952366247681,0.8748914381253322,0.039250681100136124,positive,negative,zero,half
student_t5,gradual_die,20261018,16,0,0.00906650488566018,0.2648728295127023,0.25218356021204735,0.4738771053895902,both,stable,dying,zero
student_t5,gradual_die,20261018,24,0,0.01053342585672563,0.240581336631624,0.2623005501699901,0.4865846873416602,both,stable,dying,zero
student_t5,gradual_die,20261018,32,0,0.01327221952107957,0.19634704420708557,0.29428128257928027,0.4960994536925545,both,stable,dying,zero
student_t5,gradual_die,20261018,40,0,0.02550837997156096,0.183895106049591,0.3130243518932484,0.4775721620855996,both,stable,dying,zero
student_t5,gradual_die,20261018,48,0,0.0429321818245226,0.12463199056888871,0.34701639669831386,0.48541943090827483,both,stable,dying,zero
student_t5,gradual_die,20261018,56,1,0.07658151684169963,0.10340248508786087,0.3795286690835966,0.4404873289868429,both,stable,dying,zero
student_t5,gradual_die,20261018,64,1,0.10193009019000308,0.050189777342546586,0.38687188495017943,0.4610082475172709,both,stable,dying,zero
student_t5,gradual_die,20261018,72,1,0.14741078309669414,0.0316400274424333,0.3840536515001474,0.4368955379607251,both,stable,dying,zero
student_t5,gradual_die,20261019,16,0,0.011000307412252986,0.2589807861743101,0.2580145121042579,0.472004394309179,both,stable,dying,zero
student_t5,gradual_die,20261019,24,0,0.009974509053474634,0.25728841899548943,0.25033702861118395,0.4824000433398519,both,stable,dying,zero
student_t5,gradual_die,20261019,32,0,0.012086285522909438,0.20320714711364668,0.2730757532438354,0.5116308141196085,both,stable,dying,zero
student_t5,gradual_die,20261019,40,0,0.024939424134695253,0.17265914196751717,0.3226318981044643,0.47976953579332315,both,stable,dying,zero
student_t5,gradual_die,20261019,48,0,0.04110380997819612,0.13050248215711865,0.34375651237699234,0.4846371954876929,both,stable,dying,zero
student_t5,gradual_die,20261019,56,1,0.07023206129887771,0.08024261969528206,0.4004114877378665,0.4491138312679738,both,stable,dying,zero
student_t5,gradual_die,20261019,64,1,0.10074218923039514,0.04745317426336386,0.39540422309961204,0.45640041340662907,both,stable,dying,zero
student_t5,gradual_die,20261019,72,1,0.15052336177743786,0.030834663878407248,0.4102095531301427,0.40843242121401224,both,stable,dying,zero
student_t5,gradual_die,20261020,16,0,0.009018674049781633,0.2512039968796202,0.2681348912636433,0.471642437806955,both,stable,dying,zero
student_t5,gradual_die,20261020,24,0,0.009606195400515808,0.23575390963616866,0.26617633125752993,0.48846356370578564,both,stable,dying,zero
student_t5,gradual_die,20261020,32,0,0.013113771496357183,0.20278250482971383,0.28232334834495015,0.5017803753289789,both,stable,dying,zero
student_t5,gradual_die,20261020,40,0,0.021961744738553148,0.17063813800085986,0.3328598022457364,0.47454031501485056,both,stable,dying,zero
student_t5,gradual_die,20261020,48,0,0.03773727980584379,0.12811031771839174,0.3531140103974618,0.4810383920783026,both,stable,dying,zero
student_t5,gradual_die,20261020,56,1,0.0702343544162851,0.08221578995708485,0.387816464506414,0.45973339112021605,both,stable,dying,zero
student_t5,gradual_die,20261020,64,1,0.10881038437876547,0.05355975004921893,0.39238749680668356,0.44524236876533196,both,stable,dying,zero
student_t5,gradual_die,20261020,72,1,0.13836001351176586,0.025950554243533003,0.4000689379705605,0.4356204942741406,both,stable,dying,zero
student_t5,gradual_die,20261021,16,0,0.009335224034196229,0.25128683819040515,0.2511815786630128,0.4881963591123859,both,stable,dying,zero
student_t5,gradual_die,20261021,24,0,0.010482120859124911,0.2527074124543601,0.24611469968774785,0.4906957669987671,both,stable,dying,zero
student_t5,gradual_die,20261021,32,0,0.013960560498945168,0.19727100623824131,0.2976034286449954,0.49116500461781804,both,stable,dying,zero
student_t5,gradual_die,20261021,40,0,0.026570443366430014,0.16295977157620048,0.3516343375134987,0.45883544754387084,both,stable,dying,zero
student_t5,gradual_die,20261021,48,0,0.03980194643355803,0.12370313936586956,0.35236195124503067,0.48413296295554165,both,stable,dying,zero
student_t5,gradual_die,20261021,56,1,0.06973610475829439,0.09189400412649673,0.38651487055425543,0.45185502056095356,both,stable,dying,zero
student_t5,gradual_die,20261021,64,1,0.09830358751601914,0.05657722756974051,0.4122090830569392,0.43291010185730117,both,stable,dying,zero
student_t5,gradual_die,20261021,72,1,0.15721622682148573,0.03224806044060923,0.3864805417516911,0.4240551709862139,both,stable,dying,zero
student_t5,drastic_die,20261018,16,0,0.00906650488566018,0.2648728295127023,0.25218356021204735,0.4738771053895902,both,stable,dying,zero
student_t5,drastic_die,20261018,24,0,0.010203183159677413,0.2448162012818575,0.25812080162058676,0.4868598139378783,both,stable,dying,zero
student_t5,drastic_die,20261018,32,0,0.008782989612291068,0.23093296890572723,0.259126956542842,0.5011570849391396,both,stable,dying,zero
student_t5,drastic_die,20261018,40,1,0.01045828508352916,0.25766594475394594,0.23783483690280466,0.49404093325972026,both,stable,dying,zero
student_t5,drastic_die,20261018,48,1,0.2022563190905036,0.013923260378945304,0.3818810506277758,0.4019393699027753,both,stable,dying,zero
student_t5,drastic_die,20261018,56,1,0.2166023480544056,0.016750174025302187,0.3830938686882128,0.38355360923207943,both,stable,dying,zero
student_t5,drastic_die,20261018,64,1,0.1949993719978383,0.013260239365445223,0.380855629110369,0.4108847595263475,both,stable,dying,zero
student_t5,drastic_die,20261018,72,1,0.20308832768390725,0.014669746426707252,0.3719252594708053,0.4103166664185803,both,stable,dying,zero
student_t5,drastic_die,20261019,16,0,0.011000307412252986,0.2589807861743101,0.2580145121042579,0.472004394309179,both,stable,dying,zero
student_t5,drastic_die,20261019,24,0,0.009813308258224584,0.26140062823306626,0.2460833917783796,0.4827026717303295,both,stable,dying,zero
student_t5,drastic_die,20261019,32,0,0.008516701121712593,0.23680949522421185,0.2388959595772033,0.5157778440768723,both,stable,dying,zero
student_t5,drastic_die,20261019,40,1,0.009710392919588886,0.2516635762380205,0.2505594238934682,0.4880666069489224,both,stable,dying,zero
student_t5,drastic_die,20261019,48,1,0.1935483508200149,0.016063472421789852,0.39038293941282665,0.40000523734536864,both,stable,dying,zero
student_t5,drastic_die,20261019,56,1,0.20290657679704607,0.014364887501798802,0.4103647148197668,0.3723638208813883,both,stable,dying,zero
student_t5,drastic_die,20261019,64,1,0.19226600172011774,0.015291486560420378,0.3923428481526585,0.4000996635668033,both,stable,dying,zero
student_t5,drastic_die,20261019,72,1,0.21141640871884793,0.015704600543133877,0.3989622211510942,0.37391676958692405,both,stable,dying,zero
student_t5,drastic_die,20261020,16,0,0.009018674049781633,0.2512039968796202,0.2681348912636433,0.471642437806955,both,stable,dying,zero
student_t5,drastic_die,20261020,24,0,0.009355357726482856,0.24079549184409899,0.2612724414886736,0.48857670894074445,both,stable,dying,zero
student_t5,drastic_die,20261020,32,0,0.00860515655399841,0.23866606487756173,0.2472018337161806,0.5055269448522592,both,stable,dying,zero
student_t5,drastic_die,20261020,40,1,0.010093512959378,0.24549753533261287,0.2605724914534767,0.4838364602545324,both,stable,dying,zero
student_t5,drastic_die,20261020,48,1,0.17730062642325417,0.014456405522534197,0.4042473038052568,0.4039956642489549,both,stable,dying,zero
student_t5,drastic_die,20261020,56,1,0.19469224361210147,0.014787634710023069,0.39515978699009446,0.3953603346877809,both,stable,dying,zero
student_t5,drastic_die,20261020,64,1,0.20580886329342796,0.015780384532067884,0.39011123564210565,0.3882995165323984,both,stable,dying,zero
student_t5,drastic_die,20261020,72,1,0.18897899451502143,0.013739146626825863,0.38506033027520614,0.4122215285829466,both,stable,dying,zero
student_t5,drastic_die,20261021,16,0,0.009335224034196229,0.25128683819040515,0.2511815786630128,0.4881963591123859,both,stable,dying,zero
student_t5,drastic_die,20261021,24,0,0.010144221608454117,0.256790380936828,0.24245122949553632,0.4906141679591815,both,stable,dying,zero
student_t5,drastic_die,20261021,32,0,0.009650063539901202,0.23455533389655858,0.2622719586437243,0.493522643919816,both,stable,dying,zero
student_t5,drastic_die,20261021,40,1,0.010475919071793686,0.2388175168812122,0.2777653057940604,0.4729412582529338,both,stable,dying,zero
student_t5,drastic_die,20261021,48,1,0.18789686721838705,0.01645587663466842,0.39572440346412757,0.39992285268281696,both,stable,dying,zero
student_t5,drastic_die,20261021,56,1,0.19983039309782946,0.01486886070002226,0.39849508956986235,0.386805656632286,both,stable,dying,zero
student_t5,drastic_die,20261021,64,1,0.19036462139903912,0.015214662906017274,0.40950786901672337,0.38491284667822023,both,stable,dying,zero
student_t5,drastic_die,20261021,72,1,0.21462727121029485,0.01765891939009196,0.3730363886765589,0.3946774207230544,both,stable,dying,zero
student_t5,gradual_nonlin,20261018,16,0,0.016660597311562275,0.07353388530036489,0.46335010414326694,0.44645541324480587,linear,linear_plus,zero,other_block
student_t5,gradual_nonlin,20261018,24,0,0.017894399471428468,0.08301260500610681,0.4532794092130895,0.44581358630937523,linear,linear_plus,zero,other_block
student_t5,gradual_nonlin,20261018,32,0,0.018396334626626307,0.08250643230952699,0.46885842744258155,0.43023880562126515,linear,linear_plus,zero,other_block
student_t5,gradual_nonlin,20261018,40,0,0.029651311926015,0.051325924405947326,0.4902439466455703,0.42877881702246734,linear,linear_plus,zero,other_block
student_t5,gradual_nonlin,20261018,48,0,0.023950857248995334,0.0407704144959761,0.45693065169990316,0.4783480765551254,linear,linear_plus,zero,other_block
student_t5,gradual_nonlin,20261018,56,1,0.05116028652906623,0.03159123615303221,0.44764052411354693,0.4696079532043546,linear,linear_plus,zero,other_block
student_t5,gradual_nonlin,20261018,64,1,0.07600998139685039,0.03190615392933154,0.409045147246883,0.48303871742693505,linear,linear_plus,zero,other_block
student_t5,gradual_nonlin,20261018,72,1,0.11255189802269878,0.014164366141497171,0.41604070118280506,0.45724303465299904,linear,linear_plus,zero,other_block
student_t5,gradual_nonlin,20261019,16,0,0.01911997354212326,0.08084900460859532,0.4476078587454633,0.452423163103818,linear,linear_plus,zero,other_block
student_t5,gradual_nonlin,20261019,24,0,0.018452223737907794,0.09057577801842884,0.4611185862474503,0.42985341199621313,linear,linear_plus,zero,other_block
student_t5,gradual_nonlin,20261019,32,0,0.018185567255534364,0.048703310949759306,0.4582296708076511,0.47488145098705525,linear,linear_plus,zero,other_block
student_t5,gradual_nonlin,20261019,40,0,0.02216386561440839,0.0418695694834117,0.47783639307306147,0.4581301718291184,linear,linear_plus,zero,other_block
student_t5,gradual_nonlin,20261019,48,0,0.03572529838357522,0.029438227705237633,0.46453120061800796,0.4703052732931792,linear,linear_plus,zero,other_block
student_t5,gradual_nonlin,20261019,56,1,0.04355701812168619,0.028540467703540406,0.49626807773560494,0.4316344364391684,linear,linear_plus,zero,other_block
student_t5,gradual_nonlin,20261019,64,1,0.051002769254819724,0.025950730386557,0.46324808210330787,0.4597984182553155,linear,linear_plus,zero,other_block
student_t5,gradual_nonlin,20261019,72,1,0.06010255135629333,0.01921832993118683,0.46364637599481584,0.45703274271770405,linear,linear_plus,zero,other_block
student_t5,gradual_nonlin,20261020,16,0,0.01625453431142447,0.04703285329058835,0.48745718004380045,0.44925543235418686,linear,linear_plus,zero,other_block
student_t5,gradual_nonlin,20261020,24,0,0.01657936391360328,0.05317014144125774,0.4574811722443486,0.47276932240079034,linear,linear_plus,zero,other_block
student_t5,gradual_nonlin,20261020,32,0,0.016755665732205244,0.051706469437835384,0.4585920278764989,0.47294583695346054,linear,linear_plus,zero,other_block
student_t5,gradual_nonlin,20261020,40,0,0.022692298079590983,0.051639684107213916,0.46690659893649694,0.45876141887669813,linear,linear_plus,zero,other_block
student_t5,gradual_nonlin,20261020,48,0,0.041687852879360415,0.03582689606375067,0.46128787817458916,0.4611973728822997,linear,linear_plus,zero,other_block
student_t5,gradual_nonlin,20261020,56,1,0.04831291266424549,0.028096707816734085,0.4621597789149718,0.4614306006040486,linear,linear_plus,zero,other_block
student_t5,gradual_nonlin,20261020,64,1,0.04018201478571406,0.024673679136342445,0.45793742038320506,0.47720688569473846,linear,linear_plus,zero,other_block
student_t5,gradual_nonlin,20261020,72,1,0.0886838120069044,0.016671472349324607,0.44874119693288356,0.4459035187108874,linear,linear_plus,zero,other_block
student_t5,gradual_nonlin,20261021,16,0,0.01517049301674071,0.13218638220936865,0.4082587416261541,0.44438438314773643,linear,linear_plus,zero,other_block
student_t5,gradual_nonlin,20261021,24,0,0.01911125577023338,0.06311324838281665,0.4531429377564132,0.4646325580905368,linear,linear_plus,zero,other_block
student_t5,gradual_nonlin,20261021,32,0,0.01864273088254682,0.06018323722578463,0.4634363772168315,0.457737654674837,linear,linear_plus,zero,other_block
student_t5,gradual_nonlin,20261021,40,0,0.02302521893823895,0.0427980665384243,0.48329832691349783,0.45087838760983895,linear,linear_plus,zero,other_block
student_t5,gradual_nonlin,20261021,48,0,0.028006568909169097,0.04029144305726851,0.4669778802207392,0.46472410781282325,linear,linear_plus,zero,other_block
student_t5,gradual_nonlin,20261021,56,1,0.04143243581329483,0.04476173184954443,0.46408455195515375,0.4497212803820069,linear,linear_plus,zero,other_block
student_t5,gradual_nonlin,20261021,64,1,0.07186358014860367,0.024115265610641878,0.4792346323199802,0.42478652192077426,linear,linear_plus,zero,other_block
student_t5,gradual_nonlin,20261021,72,1,0.06257025011660382,0.01996321409205343,0.4352519651382434,0.4822145706530995,linear,linear_plus,zero,other_block
student_t5,drastic_nonlin,20261018,16,0,0.016660597311562275,0.07353388530036489,0.46335010414326694,0.44645541324480587,linear,linear_plus,zero,other_block
student_t5,drastic_nonlin,20261018,24,0,0.01777374956084496,0.08502280210737939,0.45228665493230463,0.44491679339947093,linear,linear_plus,zero,other_block
student_t5,drastic_nonlin,20261018,32,0,0.01556651203895767,0.10471704144075734,0.45919748267852106,0.42051896384176396,linear,linear_plus,zero,other_block
student_t5,drastic_nonlin,20261018,40,1,0.020939381594967624,0.0798609009982084,0.4767584538953907,0.42244126351143335,linear,linear_plus,zero,other_block
student_t5,drastic_nonlin,20261018,48,1,0.05549916467751938,0.015333257615396511,0.45326071476135743,0.47590686294572665,linear,linear_plus,zero,other_block
student_t5,drastic_nonlin,20261018,56,1,0.09623116349826293,0.014890763498374234,0.41640401385818815,0.47247405914517476,linear,linear_plus,zero,other_block
student_t5,drastic_nonlin,20261018,64,1,0.12289958397551688,0.012336487277740346,0.3791715425945752,0.48559238615216743,linear,linear_plus,zero,other_block
student_t5,drastic_nonlin,20261018,72,1,0.1369644800552536,0.011180073251327789,0.4077734651717399,0.4440819815216786,linear,linear_plus,zero,other_block
student_t5,drastic_nonlin,20261019,16,0,0.01911997354212326,0.08084900460859532,0.4476078587454633,0.452423163103818,linear,linear_plus,zero,other_block
student_t5,drastic_nonlin,20261019,24,0,0.018384669616316147,0.092203056678285,0.4603338201267243,0.4290784535786746,linear,linear_plus,zero,other_block
student_t5,drastic_nonlin,20261019,32,0,0.01630702571809921,0.061429014030254615,0.4530304521727315,0.46923350807891473,linear,linear_plus,zero,other_block
student_t5,drastic_nonlin,20261019,40,1,0.018131932840650723,0.06191873854481153,0.46757223363907024,0.4523770949754676,linear,linear_plus,zero,other_block
student_t5,drastic_nonlin,20261019,48,1,0.08901633075942574,0.01566915898828858,0.45176133756886727,0.4435531726834183,linear,linear_plus,zero,other_block
student_t5,drastic_nonlin,20261019,56,1,0.0998692874297849,0.013531922160401704,0.49289801733572797,0.3937007730740855,linear,linear_plus,zero,other_block
student_t5,drastic_nonlin,20261019,64,1,0.08146788730442497,0.015857344326619262,0.4605740510493583,0.4421007173195975,linear,linear_plus,zero,other_block
student_t5,drastic_nonlin,20261019,72,1,0.07600843585707948,0.01555826553116871,0.45721692623155774,0.4512163723801939,linear,linear_plus,zero,other_block
student_t5,drastic_nonlin,20261020,16,0,0.01625453431142447,0.04703285329058835,0.48745718004380045,0.44925543235418686,linear,linear_plus,zero,other_block
student_t5,drastic_nonlin,20261020,24,0,0.016469590800236317,0.05485343825850059,0.45660242719468824,0.4720745437465748,linear,linear_plus,zero,other_block
student_t5,drastic_nonlin,20261020,32,0,0.015683696762614958,0.06321582969425271,0.45399656704944885,0.46710390649368344,linear,linear_plus,zero,other_block
student_t5,drastic_nonlin,20261020,40,1,0.017611275197507978,0.07809300153864648,0.4595854638447805,0.44471025941906506,linear,linear_plus,zero,other_block
student_t5,drastic_nonlin,20261020,48,1,0.12782006513467284,0.01227580703675152,0.42861597733239554,0.43128815049618013,linear,linear_plus,zero,other_block
student_t5,drastic_nonlin,20261020,56,1,0.09769886978126424,0.01473619329216863,0.4640569035430087,0.4235080333835583,linear,linear_plus,zero,other_block
student_t5,drastic_nonlin,20261020,64,1,0.05729138421921183,0.015575005921189766,0.4433771704015397,0.48375643945805874,linear,linear_plus,zero,other_block
student_t5,drastic_nonlin,20261020,72,1,0.11307051048273094,0.012351645261343533,0.4472766066971782,0.4273012375587473,linear,linear_plus,zero,other_block
student_t5,drastic_nonlin,20261021,16,0,0.01517049301674071,0.13218638220936865,0.4082587416261541,0.44438438314773643,linear,linear_plus,zero,other_block
student_t5,drastic_nonlin,20261021,24,0,0.01913674554180409,0.06452360051693977,0.4526146845931841,0.4637249693480721,linear,linear_plus,zero,other_block
student_t5,drastic_nonlin,20261021,32,0,0.017121112603198894,0.07429634512933295,0.4553699420198201,0.453212600247648,linear,linear_plus,zero,other_block
student_t5,drastic_nonlin,20261021,40,1,0.01802254871447382,0.06462962720365599,0.4743464664746888,0.4430013576071814,linear,linear_plus,zero,other_block
student_t5,drastic_nonlin,20261021,48,1,0.07053216108907803,0.015651707388415308,0.4601066518420609,0.45370947968044584,linear,linear_plus,zero,other_block
student_t5,drastic_nonlin,20261021,56,1,0.09863705318445508,0.015260050948714103,0.45132733634105676,0.434775559525774,linear,linear_plus,zero,other_block
student_t5,drastic_nonlin,20261021,64,1,0.117341281264723,0.012835806203692224,0.47476783378162624,0.39505507874995854,linear,linear_plus,zero,other_block
student_t5,drastic_nonlin,20261021,72,1,0.07806852691660282,0.017303499578014095,0.4291362368243846,0.47549173668099853,linear,linear_plus,zero,other_block
student_t5,gradual_noise,20261018,16,0,0.01093739083862168,0.5260395405498689,0.011065241945352718,0.45195782666615675,linear,zero,half,irrelevant
student_t5,gradual_noise,20261018,24,0,0.014677961544331193,0.47315140853059057,0.013876204985814674,0.4982944249392636,linear,zero,half,irrelevant
student_t5,gradual_noise,20261018,32,0,0.02567254856257399,0.500316886954145,0.024577572135013364,0.4494329923482677,linear,zero,half,irrelevant
student_t5,gradual_noise,20261018,40,0,0.055513248590615516,0.468403777958046,0.052572611834824985,0.42351036161651356,linear,zero,half,irrelevant
student_t5,gradual_noise,20261018,48,0,0.06147330102241602,0.43704705819919737,0.06222994658258755,0.43924969419579896,linear,zero,half,irrelevant
student_t5,gradual_noise,20261018,56,1,0.09430457353541886,0.41076838420765627,0.09213657085606189,0.40279047140086294,linear,zero,half,irrelevant
student_t5,gradual_noise,20261018,64,1,0.09640157546578688,0.40287516009746577,0.08518249111524899,0.4155407733214983,linear,zero,half,irrelevant
student_t5,gradual_noise,20261018,72,1,0.11728147183420365,0.37174462648665896,0.11141717096715813,0.39955673071197934,linear,zero,half,irrelevant
student_t5,gradual_noise,20261019,16,0,0.013373167214831158,0.48448578071772574,0.012836545573800517,0.48930450649364265,linear,zero,half,irrelevant
student_t5,gradual_noise,20261019,24,0,0.014806078987384388,0.5066298230854082,0.014324588370982959,0.4642395095562245,linear,zero,half,irrelevant
student_t5,gradual_noise,20261019,32,0,0.026399585025102736,0.45424155353103507,0.02820271078585106,0.4911561506580112,linear,zero,half,irrelevant
student_t5,gradual_noise,20261019,40,0,0.050736805037035045,0.43600969084900104,0.04727686842059157,0.4659766356933724,linear,zero,half,irrelevant
student_t5,gradual_noise,20261019,48,0,0.07167577835579485,0.41953157284269305,0.07255546517621299,0.43623718362529906,linear,zero,half,irrelevant
student_t5,gradual_noise,20261019,56,1,0.08027663312512867,0.44626301104725985,0.08195719681977531,0.39150315900783617,linear,zero,half,irrelevant
student_t5,gradual_noise,20261019,64,1,0.10600804126100556,0.3972667308050832,0.09962894613288123,0.39709628180102996,linear,zero,half,irrelevant
student_t5,gradual_noise,20261019,72,1,0.12215220113112928,0.3713956640664609,0.12791633424236387,0.3785358005600459,linear,zero,half,irrelevant
student_t5,gradual_noise,20261020,16,0,0.011182272344037974,0.4999498103983649,0.010983951646808963,0.4778839656107882,linear,zero,half,irrelevant
student_t5,gradual_noise,20261020,24,0,0.012362584763897382,0.483520978747021,0.013456163128408643,0.490660273360673,linear,zero,half,irrelevant
student_t5,gradual_noise,20261020,32,0,0.025489085610669,0.4690436719299148,0.022906239734708206,0.482561002724708,linear,zero,half,irrelevant
student_t5,gradual_noise,20261020,40,0,0.04896300220889221,0.44072591187820304,0.04879955560573824,0.4615115303071665,linear,zero,half,irrelevant
student_t5,gradual_noise,20261020,48,0,0.06342811202727036,0.43059131623720526,0.06096612935001279,0.4450144423855117,linear,zero,half,irrelevant
student_t5,gradual_noise,20261020,56,1,0.08632191811103425,0.3987304953977946,0.09063924798289479,0.4243083385082764,linear,zero,half,irrelevant
student_t5,gradual_noise,20261020,64,1,0.10853268452314904,0.3796322766154,0.10513968475717618,0.40669535410427476,linear,zero,half,irrelevant
student_t5,gradual_noise,20261020,72,1,0.11749987221556293,0.36168319422686723,0.12929157267464508,0.3915253608829248,linear,zero,half,irrelevant
student_t5,gradual_noise,20261021,16,0,0.011183266386723652,0.4727691280456359,0.01197590219156114,0.5040717033760794,linear,zero,half,irrelevant
student_t5,gradual_noise,20261021,24,0,0.01513105090139191,0.479369608685113,0.015039304859304258,0.49046003555419077,linear,zero,half,irrelevant
student_t5,gradual_noise,20261021,32,0,0.02771869726662229,0.4721090301606089,0.029232399672204545,0.4709398729005643,linear,zero,half,irrelevant
student_t5,gradual_noise,20261021,40,0,0.048280341907134434,0.4524891617443975,0.047326011559431246,0.45190448478903683,linear,zero,half,irrelevant
student_t5,gradual_noise,20261021,48,0,0.06836008838979905,0.4374038556388712,0.07021356141820492,0.4240224945531249,linear,zero,half,irrelevant
student_t5,gradual_noise,20261021,56,1,0.08513489369036797,0.42820535936766035,0.09002141218586612,0.39663833475610555,linear,zero,half,irrelevant
student_t5,gradual_noise,20261021,64,1,0.11133116494729897,0.3938326074123007,0.11202085224438472,0.38281537539601573,linear,zero,half,irrelevant
student_t5,gradual_noise,20261021,72,1,0.13437448185914194,0.3532357411401602,0.13336937703932059,0.37902039996137715,linear,zero,half,irrelevant
student_t5,drastic_noise,20261018,16,0,0.01093739083862168,0.5260395405498689,0.011065241945352718,0.45195782666615675,linear,zero,half,irrelevant
student_t5,drastic_noise,20261018,24,0,0.012943513831469551,0.4752757414708736,0.012203797420087734,0.4995769472775691,linear,zero,half,irrelevant
student_t5,drastic_noise,20261018,32,0,0.011065370956496151,0.519750725877883,0.010603361218394192,0.4585805419472266,linear,zero,half,irrelevant
student_t5,drastic_noise,20261018,40,1,0.01477965923422334,0.5128197903431088,0.01396159269781299,0.4584389577248549,linear,zero,half,irrelevant
student_t5,drastic_noise,20261018,48,1,0.13473072668066105,0.3652739986496683,0.13546137978555475,0.3645338948841159,linear,zero,half,irrelevant
student_t5,drastic_noise,20261018,56,1,0.14961389875949355,0.356270440617292,0.14621835122622853,0.34789730939698604,linear,zero,half,irrelevant
student_t5,drastic_noise,20261018,64,1,0.13237321757904336,0.37154807081470714,0.11647106975249064,0.3796076418537589,linear,zero,half,irrelevant
student_t5,drastic_noise,20261018,72,1,0.1357893615573936,0.35506956635637543,0.12965992957397618,0.37948114251225473,linear,zero,half,irrelevant
student_t5,drastic_noise,20261019,16,0,0.013373167214831158,0.48448578071772574,0.012836545573800517,0.48930450649364265,linear,zero,half,irrelevant
student_t5,drastic_noise,20261019,24,0,0.012971201541384973,0.5086021425061311,0.012482643393135786,0.4659440125593481,linear,zero,half,irrelevant
student_t5,drastic_noise,20261019,32,0,0.011407295295927107,0.4688259486000855,0.01211257702704381,0.5076541790769435,linear,zero,half,irrelevant
student_t5,drastic_noise,20261019,40,1,0.013152045528454538,0.4682353510179739,0.012298588445647775,0.5063140150079237,linear,zero,half,irrelevant
student_t5,drastic_noise,20261019,48,1,0.14619935189001296,0.347361041065159,0.14956064786942078,0.3568789591754072,linear,zero,half,irrelevant
student_t5,drastic_noise,20261019,56,1,0.1327359214651489,0.3840591946000284,0.13506719063247138,0.34813769330235134,linear,zero,half,irrelevant
student_t5,drastic_noise,20261019,64,1,0.1420134906836013,0.363358618659706,0.13424237095941347,0.36038551969727933,linear,zero,half,irrelevant
student_t5,drastic_noise,20261019,72,1,0.14074281663998423,0.352294449008075,0.14696605444397334,0.3599966799079674,linear,zero,half,irrelevant
student_t5,drastic_noise,20261020,16,0,0.011182272344037974,0.4999498103983649,0.010983951646808963,0.4778839656107882,linear,zero,half,irrelevant
student_t5,drastic_noise,20261020,24,0,0.011161471354234375,0.4846223477772431,0.012081190804826608,0.492134990063696,linear,zero,half,irrelevant
student_t5,drastic_noise,20261020,32,0,0.010792447619382611,0.4827153313919457,0.009746643552904425,0.49674557743576714,linear,zero,half,irrelevant
student_t5,drastic_noise,20261020,40,1,0.012826307779876152,0.47534071085227186,0.012850944009245252,0.49898203735860674,linear,zero,half,irrelevant
student_t5,drastic_noise,20261020,48,1,0.1353077406028036,0.3606687414931369,0.13020260919355883,0.3738209087105007,linear,zero,half,irrelevant
student_t5,drastic_noise,20261020,56,1,0.1409575215494083,0.3417184529940403,0.1482084598669948,0.36911556558955655,linear,zero,half,irrelevant
student_t5,drastic_noise,20261020,64,1,0.1427947689053161,0.34939382950156284,0.13792451621373175,0.3698868853793894,linear,zero,half,irrelevant
student_t5,drastic_noise,20261020,72,1,0.13683851600108643,0.341033317269367,0.15038501837386717,0.37174314835567945,linear,zero,half,irrelevant
student_t5,drastic_noise,20261021,16,0,0.011183266386723652,0.4727691280456359,0.01197590219156114,0.5040717033760794,linear,zero,half,irrelevant
student_t5,drastic_noise,20261021,24,0,0.013226290349450038,0.48167302718891464,0.013085646788729097,0.4920150356729063,linear,zero,half,irrelevant
student_t5,drastic_noise,20261021,32,0,0.011954191987147127,0.48807717949600343,0.012602867540166226,0.48736576097668316,linear,zero,half,irrelevant
student_t5,drastic_noise,20261021,40,1,0.012807096777620274,0.4908260651606705,0.012467137247353263,0.483899700814356,linear,zero,half,irrelevant
student_t5,drastic_noise,20261021,48,1,0.14516030206486658,0.3623046994754849,0.1481943123050152,0.3443406861546333,linear,zero,half,irrelevant
student_t5,drastic_noise,20261021,56,1,0.1398561285630761,0.3711600934208189,0.1473166652139689,0.341667112802136,linear,zero,half,irrelevant
student_t5,drastic_noise,20261021,64,1,0.14854735402646238,0.3572217749407399,0.14957192074551892,0.3446589502872787,linear,zero,half,irrelevant
student_t5,drastic_noise,20261021,72,1,0.15290786871159054,0.336167115963363,0.1527211555938408,0.35820385973120566,linear,zero,half,irrelevant
ar1_gaussian,gradual_relocate,20261018,16,0,0.04151394075539996,0.3773915814494172,0.22650199114384803,0.35459248665133486,stale,fresh,blend,zero
ar1_gaussian,gradual_relocate,20261018,24,0,0.044974176654089475,0.3805436828343826,0.2144593826800905,0.36002275783143733,stale,fresh,blend,zero
ar1_gaussian,gradual_relocate,20261018,32,0,0.0721429251792498,0.38771195180277634,0.15947269700424602,0.3806724260137278,stale,fresh,blend,zero
ar1_gaussian,gradual_relocate,20261018,40,0,0.1143063688569145,0.3636096757326259,0.1273885726319686,0.3946953827784911,stale,fresh,blend,zero
ar1_gaussian,gradual_relocate,20261018,48,0,0.21126519675330926,0.2982474205807351,0.09920945196549213,0.3912779307004635,stale,fresh,blend,zero
ar1_gaussian,gradual_relocate,20261018,56,1,0.2941025068864469,0.2135775809786752,0.09382797510123982,0.39849193703363806,stale,fresh,blend,zero
ar1_gaussian,gradual_relocate,20261018,64,1,0.35395039562345,0.13932495985357052,0.10307861317587355,0.403646031347106,stale,fresh,blend,zero
ar1_gaussian,gradual_relocate,20261018,72,1,0.35984444954154765,0.07254359970546871,0.17820208558672948,0.38940986516625414,stale,fresh,blend,zero
ar1_gaussian,gradual_relocate,20261019,16,0,0.04401736793828939,0.38943039721363976,0.22384634690904814,0.34270588793902274,stale,fresh,blend,zero
ar1_gaussian,gradual_relocate,20261019,24,0,0.04532698906810838,0.3717366847521812,0.21478736489276437,0.36814896128694613,stale,fresh,blend,zero
ar1_gaussian,gradual_relocate,20261019,32,0,0.06117281074195429,0.38621662530066725,0.17751743178184126,0.3750931321755372,stale,fresh,blend,zero
ar1_gaussian,gradual_relocate,20261019,40,0,0.11267944110056027,0.36320855547419056,0.12902707393519047,0.3950849294900588,stale,fresh,blend,zero
ar1_gaussian,gradual_relocate,20261019,48,0,0.19677461511420244,0.30307226663852715,0.10559522578217863,0.3945578924650918,stale,fresh,blend,zero
ar1_gaussian,gradual_relocate,20261019,56,1,0.29615509836796394,0.2243964932985308,0.09149441044035322,0.3879539978931521,stale,fresh,blend,zero
ar1_gaussian,gradual_relocate,20261019,64,1,0.36015160174937355,0.13349350602975282,0.1253069310493874,0.38104796117148615,stale,fresh,blend,zero
ar1_gaussian,gradual_relocate,20261019,72,1,0.361078801697098,0.08062440013608689,0.17212828040550204,0.38616851776131317,stale,fresh,blend,zero
ar1_gaussian,gradual_relocate,20261020,16,0,0.04179617343569377,0.35527872805946303,0.22542181958623472,0.37750327891860846,stale,fresh,blend,zero
ar1_gaussian,gradual_relocate,20261020,24,0,0.04256026384020898,0.367010802439012,0.24387261773294136,0.34655631598783776,stale,fresh,blend,zero
ar1_gaussian,gradual_relocate,20261020,32,0,0.06843392839497886,0.3588571260541615,0.18102575037422472,0.3916831951766349,stale,fresh,blend,zero
ar1_gaussian,gradual_relocate,20261020,40,0,0.11696212223208348,0.3517680603892193,0.1326122920291531,0.398657525349544,stale,fresh,blend,zero
ar1_gaussian,gradual_relocate,20261020,48,0,0.20431644620658088,0.29349888122128065,0.0992401904241406,0.40294448214799783,stale,fresh,blend,zero
ar1_gaussian,gradual_relocate,20261020,56,1,0.28550751829877347,0.22258819240852215,0.10413572100060889,0.3877685682920956,stale,fresh,blend,zero
ar1_gaussian,gradual_relocate,20261020,64,1,0.3466771833384001,0.13272194997715114,0.11803042104093936,0.4025704456435093,stale,fresh,blend,zero
ar1_gaussian,gradual_relocate,20261020,72,1,0.3687869384617934,0.07089954007043704,0.1746279414552638,0.38568558001250586,stale,fresh,blend,zero
ar1_gaussian,gradual_relocate,20261021,16,0,0.03755086061312464,0.3702358602247425,0.20278604882582207,0.3894272303363109,stale,fresh,blend,zero
ar1_gaussian,gradual_relocate,20261021,24,0,0.04706563330009695,0.3592741312137988,0.218508194547802,0.37515204093830223,stale,fresh,blend,zero
ar1_gaussian,gradual_relocate,20261021,32,0,0.07272621909892067,0.3576561989587528,0.18833734124339627,0.3812802406989302,stale,fresh,blend,zero
ar1_gaussian,gradual_relocate,20261021,40,0,0.11889514467523393,0.3558872491766725,0.1340996006304255,0.3911180055176682,stale,fresh,blend,zero
ar1_gaussian,gradual_relocate,20261021,48,0,0.20802917187782738,0.2956233715226543,0.09674523858878645,0.399602218010732,stale,fresh,blend,zero
ar1_gaussian,gradual_relocate,20261021,56,1,0.2948214183462349,0.20269590512766786,0.10070238080878814,0.40178029571730917,stale,fresh,blend,zero
ar1_gaussian,gradual_relocate,20261021,64,1,0.37567240372574207,0.12042451295044311,0.12624372841209638,0.3776593549117183,stale,fresh,blend,zero
ar1_gaussian,gradual_relocate,20261021,72,1,0.3739882425759584,0.0772889255772741,0.1735279151424089,0.37519491670435845,stale,fresh,blend,zero
ar1_gaussian,drastic_relocate,20261018,16,0,0.04151394075539996,0.3773915814494172,0.22650199114384803,0.35459248665133486,stale,fresh,blend,zero
ar1_gaussian,drastic_relocate,20261018,24,0,0.04293923903203018,0.37870181809055337,0.21895332206346005,0.35940562081395644,stale,fresh,blend,zero
ar1_gaussian,drastic_relocate,20261018,32,0,0.04326769277359211,0.3860127411399336,0.20222283614545827,0.36849672994101595,stale,fresh,blend,zero
ar1_gaussian,drastic_relocate,20261018,40,1,0.04314809131979208,0.3697857258777241,0.20858472496236774,0.37848145784011605,stale,fresh,blend,zero
ar1_gaussian,drastic_relocate,20261018,48,1,0.3570996150380353,0.042248375893300494,0.22184322844828508,0.37880878062037915,stale,fresh,blend,zero
ar1_gaussian,drastic_relocate,20261018,56,1,0.37266779314546566,0.04338794221876315,0.21159901897376143,0.3723452456620099,stale,fresh,blend,zero
ar1_gaussian,drastic_relocate,20261018,64,1,0.3795998500200367,0.03994477621350933,0.19892810564176255,0.38152726812469134,stale,fresh,blend,zero
ar1_gaussian,drastic_relocate,20261018,72,1,0.3456148540764016,0.04131537204898073,0.2367920302487462,0.3762777436258716,stale,fresh,blend,zero
ar1_gaussian,drastic_relocate,20261019,16,0,0.04401736793828939,0.38943039721363976,0.22384634690904814,0.34270588793902274,stale,fresh,blend,zero
ar1_gaussian,drastic_relocate,20261019,24,0,0.04378426127859837,0.37039871548508724,0.21942206094488753,0.36639496229142676,stale,fresh,blend,zero
ar1_gaussian,drastic_relocate,20261019,32,0,0.039244360011613307,0.3741448459179876,0.2195965016755551,0.3670142923948441,stale,fresh,blend,zero
ar1_gaussian,drastic_relocate,20261019,40,1,0.04505204596651948,0.3733735242571428,0.2153865550068185,0.36618787476951925,stale,fresh,blend,zero
ar1_gaussian,drastic_relocate,20261019,48,1,0.37164497590791684,0.04670551549664278,0.211110621091315,0.3705388875041253,stale,fresh,blend,zero
ar1_gaussian,drastic_relocate,20261019,56,1,0.35969917532082357,0.04070456774708514,0.22224899595267594,0.37734726097941534,stale,fresh,blend,zero
ar1_gaussian,drastic_relocate,20261019,64,1,0.37190609798973095,0.046272522128424656,0.22776808639958604,0.3540532934822583,stale,fresh,blend,zero
ar1_gaussian,drastic_relocate,20261019,72,1,0.35771503184346537,0.04541268274137328,0.2257789975195161,0.3710932878956453,stale,fresh,blend,zero
ar1_gaussian,drastic_relocate,20261020,16,0,0.04179617343569377,0.35527872805946303,0.22542181958623472,0.37750327891860846,stale,fresh,blend,zero
ar1_gaussian,drastic_relocate,20261020,24,0,0.040979081895196307,0.36593107012039544,0.24686166680089405,0.34622818118351417,stale,fresh,blend,zero
ar1_gaussian,drastic_relocate,20261020,32,0,0.0423618159606699,0.349459228517044,0.2278660169998769,0.3803129385224092,stale,fresh,blend,zero
ar1_gaussian,drastic_relocate,20261020,40,1,0.043943813435609,0.36086285117311684,0.22131724582750786,0.37387608956376633,stale,fresh,blend,zero
ar1_gaussian,drastic_relocate,20261020,48,1,0.37095326312476823,0.04397272217845153,0.20919421438968447,0.3758798003070957,stale,fresh,blend,zero
ar1_gaussian,drastic_relocate,20261020,56,1,0.35245456600978575,0.04346845536977915,0.24270563831603922,0.3613713403043958,stale,fresh,blend,zero
ar1_gaussian,drastic_relocate,20261020,64,1,0.36252924632526556,0.04111857294611122,0.21609528766575176,0.38025689306287147,stale,fresh,blend,zero
ar1_gaussian,drastic_relocate,20261020,72,1,0.35979365380014167,0.038190509583133886,0.22468265257107153,0.37733318404565275,stale,fresh,blend,zero
ar1_gaussian,drastic_relocate,20261021,16,0,0.03755086061312464,0.3702358602247425,0.20278604882582207,0.3894272303363109,stale,fresh,blend,zero
ar1_gaussian,drastic_relocate,20261021,24,0,0.04415972536235396,0.35825955017499184,0.22324319902691372,0.3743375254357405,stale,fresh,blend,zero
ar1_gaussian,drastic_relocate,20261021,32,0,0.04778487808044506,0.35152467727866166,0.22893118707240614,0.37175925756848716,stale,fresh,blend,zero
ar1_gaussian,drastic_relocate,20261021,40,1,0.04465385846874037,0.3597846819262462,0.2219918088081779,0.3735696507968355,stale,fresh,blend,zero
ar1_gaussian,drastic_relocate,20261021,48,1,0.38718073503355155,0.04417518792755748,0.19438582027535867,0.3742582567635323,stale,fresh,blend,zero
ar1_gaussian,drastic_relocate,20261021,56,1,0.3624678044526002,0.042052152840256055,0.21558673347151708,0.37989330923562664,stale,fresh,blend,zero
ar1_gaussian,drastic_relocate,20261021,64,1,0.38673477384920685,0.04120449505117923,0.2250942730386365,0.3469664580609775,stale,fresh,blend,zero
ar1_gaussian,drastic_relocate,20261021,72,1,0.3600553551813804,0.04336657641639274,0.22884216717474196,0.367735901227485,stale,fresh,blend,zero
ar1_gaussian,gradual_flip,20261018,16,0,0.08474114818031937,0.08672840537636098,0.7445825117571501,0.08394793468616951,positive,negative,zero,half
ar1_gaussian,gradual_flip,20261018,24,0,0.09464944753413349,0.08959547128149435,0.7268611719854048,0.08889390919896753,positive,negative,zero,half
ar1_gaussian,gradual_flip,20261018,32,0,0.12522431959637928,0.12944481858781004,0.6206499299747015,0.12468093184110908,positive,negative,zero,half
ar1_gaussian,gradual_flip,20261018,40,0,0.18974604959068728,0.19153248865276523,0.44548300448049555,0.17323845727605197,positive,negative,zero,half
ar1_gaussian,gradual_flip,20261018,48,0,0.23882439133188893,0.24397324317222124,0.270794540329698,0.24640782516619178,positive,negative,zero,half
ar1_gaussian,gradual_flip,20261018,56,1,0.2431766401757323,0.25122054187721793,0.2667319731384296,0.23887084480862025,positive,negative,zero,half
ar1_gaussian,gradual_flip,20261018,64,1,0.21272912260834334,0.19875421832045476,0.39104959727593347,0.19746706179526835,positive,negative,zero,half
ar1_gaussian,gradual_flip,20261018,72,1,0.12514063312630752,0.12862049044109042,0.6111012628952059,0.13513761353739612,positive,negative,zero,half
ar1_gaussian,gradual_flip,20261019,16,0,0.08443156585832967,0.0800986272996098,0.7527890452787986,0.08268076156326193,positive,negative,zero,half
ar1_gaussian,gradual_flip,20261019,24,0,0.09172710112484642,0.0914088854905458,0.7234785426912083,0.09338547069339942,positive,negative,zero,half
ar1_gaussian,gradual_flip,20261019,32,0,0.12117534362964588,0.13325794594798368,0.6144294864352547,0.1311372239871158,positive,negative,zero,half
ar1_gaussian,gradual_flip,20261019,40,0,0.18878240172500776,0.18817113747795533,0.4400648335764845,0.18298162722055247,positive,negative,zero,half
ar1_gaussian,gradual_flip,20261019,48,0,0.23287103785770394,0.23092383801895805,0.3061170635758862,0.23008806054745168,positive,negative,zero,half
ar1_gaussian,gradual_flip,20261019,56,1,0.24471027684113283,0.2436618152182001,0.2566631055619249,0.2549648023787421,positive,negative,zero,half
ar1_gaussian,gradual_flip,20261019,64,1,0.20905436847351264,0.20051558335029412,0.39040186986651887,0.20002817830967434,positive,negative,zero,half
ar1_gaussian,gradual_flip,20261019,72,1,0.13592409476977918,0.13435676339368638,0.5984745879343358,0.13124455390219872,positive,negative,zero,half
ar1_gaussian,gradual_flip,20261020,16,0,0.08419447937077713,0.08010809066972999,0.7513919337250969,0.08430549623439595,positive,negative,zero,half
ar1_gaussian,gradual_flip,20261020,24,0,0.083231616980337,0.08250805028678253,0.7462341468687655,0.08802618586411488,positive,negative,zero,half
ar1_gaussian,gradual_flip,20261020,32,0,0.12519054077465763,0.12727423703084115,0.619149163842078,0.12838605835242328,positive,negative,zero,half
ar1_gaussian,gradual_flip,20261020,40,0,0.18375562670110426,0.20080306397102132,0.4343355456570289,0.18110576367084547,positive,negative,zero,half
ar1_gaussian,gradual_flip,20261020,48,0,0.24105936130549296,0.23824169128066328,0.28480299057062936,0.2358959568432143,positive,negative,zero,half
ar1_gaussian,gradual_flip,20261020,56,1,0.2431447323037494,0.23549445778647152,0.28221450975304285,0.23914630015673635,positive,negative,zero,half
ar1_gaussian,gradual_flip,20261020,64,1,0.20596891616917426,0.19807971681952943,0.39943526434696475,0.19651610266433153,positive,negative,zero,half
ar1_gaussian,gradual_flip,20261020,72,1,0.13775007817504886,0.13078415126414672,0.5875099432849599,0.14395582727584452,positive,negative,zero,half
ar1_gaussian,gradual_flip,20261021,16,0,0.07754125882259913,0.0836763795703327,0.7540884837281473,0.08469387787892094,positive,negative,zero,half
ar1_gaussian,gradual_flip,20261021,24,0,0.0919867239592801,0.08494427249555445,0.7330012208782837,0.09006778266688178,positive,negative,zero,half
ar1_gaussian,gradual_flip,20261021,32,0,0.1337489973184857,0.1293752402517993,0.6104333316866687,0.12644243074304634,positive,negative,zero,half
ar1_gaussian,gradual_flip,20261021,40,0,0.1879303848452207,0.18665751875937606,0.4362492146325724,0.18916288176283072,positive,negative,zero,half
ar1_gaussian,gradual_flip,20261021,48,0,0.23496411742890658,0.24769362900325287,0.28871678058702305,0.2286254729808176,positive,negative,zero,half
ar1_gaussian,gradual_flip,20261021,56,1,0.2460233953976451,0.2379220428991118,0.2759669640022356,0.24008759770100743,positive,negative,zero,half
ar1_gaussian,gradual_flip,20261021,64,1,0.20294493879635755,0.19470169348447167,0.41543545116102676,0.18691791655814402,positive,negative,zero,half
ar1_gaussian,gradual_flip,20261021,72,1,0.13464923826091452,0.1375998586125032,0.6025605325713637,0.12519037055521867,positive,negative,zero,half
ar1_gaussian,drastic_flip,20261018,16,0,0.08474114818031937,0.08672840537636098,0.7445825117571501,0.08394793468616951,positive,negative,zero,half
ar1_gaussian,drastic_flip,20261018,24,0,0.08973513261140581,0.08697063954887148,0.7373365861967988,0.085957641642924,positive,negative,zero,half
ar1_gaussian,drastic_flip,20261018,32,0,0.08348855292192921,0.08679458602229566,0.7477722283437095,0.0819446327120657,positive,negative,zero,half
ar1_gaussian,drastic_flip,20261018,40,1,0.08851520301147044,0.08964565550189345,0.7402750462799551,0.08156409520668093,positive,negative,zero,half
ar1_gaussian,drastic_flip,20261018,48,1,0.0832713243739186,0.08356516386375713,0.7491329741106962,0.08403053765162803,positive,negative,zero,half
ar1_gaussian,drastic_flip,20261018,56,1,0.08919012565751577,0.09067063197943763,0.7317444313674915,0.08839481099555511,positive,negative,zero,half
ar1_gaussian,drastic_flip,20261018,64,1,0.08680455894823672,0.08268517802723743,0.7494028595268268,0.0811074034976989,positive,negative,zero,half
ar1_gaussian,drastic_flip,20261018,72,1,0.07618164223265285,0.07558387546856826,0.7680701434221107,0.08016433887666823,positive,negative,zero,half
ar1_gaussian,drastic_flip,20261019,16,0,0.08443156585832967,0.0800986272996098,0.7527890452787986,0.08268076156326193,positive,negative,zero,half
ar1_gaussian,drastic_flip,20261019,24,0,0.08652093195263039,0.08683038321567858,0.7378048785157473,0.08884380631594385,positive,negative,zero,half
ar1_gaussian,drastic_flip,20261019,32,0,0.0820773828962622,0.08909452490234739,0.7408699132246012,0.08795817897678915,positive,negative,zero,half
ar1_gaussian,drastic_flip,20261019,40,1,0.08923984708098924,0.0895787938427804,0.7358747983380646,0.08530656073816581,positive,negative,zero,half
ar1_gaussian,drastic_flip,20261019,48,1,0.09160246726317144,0.09099747150089167,0.7266323518428744,0.09076770939306249,positive,negative,zero,half
ar1_gaussian,drastic_flip,20261019,56,1,0.0859988888359459,0.08635639680557584,0.7359589507858052,0.09168576357267318,positive,negative,zero,half
ar1_gaussian,drastic_flip,20261019,64,1,0.09281342549701382,0.09035462634755573,0.7294487585533953,0.08738318960203519,positive,negative,zero,half
ar1_gaussian,drastic_flip,20261019,72,1,0.08142736999958033,0.08116156563765405,0.7569868322027703,0.08042423215999547,positive,negative,zero,half
ar1_gaussian,drastic_flip,20261020,16,0,0.08419447937077713,0.08010809066972999,0.7513919337250969,0.08430549623439595,positive,negative,zero,half
ar1_gaussian,drastic_flip,20261020,24,0,0.07947000614245524,0.07867405790378625,0.7591418007407091,0.08271413521304934,positive,negative,zero,half
ar1_gaussian,drastic_flip,20261020,32,0,0.08376013051181024,0.08305455887355913,0.7482003093798533,0.08498500123477735,positive,negative,zero,half
ar1_gaussian,drastic_flip,20261020,40,1,0.08711274214071635,0.0965185092050399,0.7284187456605067,0.0879500029937371,positive,negative,zero,half
ar1_gaussian,drastic_flip,20261020,48,1,0.09117679389480583,0.09104593536202582,0.7294437613638781,0.08833350937929017,positive,negative,zero,half
ar1_gaussian,drastic_flip,20261020,56,1,0.08401494914546974,0.08016401902697708,0.7536725567210769,0.08214847510647613,positive,negative,zero,half
ar1_gaussian,drastic_flip,20261020,64,1,0.08848556171790271,0.08617187420714723,0.7401416461198635,0.08520091795508648,positive,negative,zero,half
ar1_gaussian,drastic_flip,20261020,72,1,0.08472993464194216,0.08001952216581994,0.7460911104839698,0.08915943270826808,positive,negative,zero,half
ar1_gaussian,drastic_flip,20261021,16,0,0.07754125882259913,0.0836763795703327,0.7540884837281473,0.08469387787892094,positive,negative,zero,half
ar1_gaussian,drastic_flip,20261021,24,0,0.08666271935902531,0.08007854258776932,0.7470266189910654,0.08623211906214003,positive,negative,zero,half
ar1_gaussian,drastic_flip,20261021,32,0,0.0917986265408895,0.0894914230444611,0.7323717464180134,0.08633820399663611,positive,negative,zero,half
ar1_gaussian,drastic_flip,20261021,40,1,0.09056988014114639,0.08932195026672893,0.7316267899603973,0.08848137963172743,positive,negative,zero,half
ar1_gaussian,drastic_flip,20261021,48,1,0.09216966964093863,0.09673140196379172,0.7209154621293529,0.09018346626591678,positive,negative,zero,half
ar1_gaussian,drastic_flip,20261021,56,1,0.0961819353043733,0.09396851188434588,0.7178031702067064,0.09204638260457451,positive,negative,zero,half
ar1_gaussian,drastic_flip,20261021,64,1,0.0881030752830948,0.08305088761209752,0.7475738137384869,0.08127222336632077,positive,negative,zero,half
ar1_gaussian,drastic_flip,20261021,72,1,0.08154819676386499,0.08222004959078658,0.7612500590621698,0.07498169458317873,positive,negative,zero,half
ar1_gaussian,gradual_die,20261018,16,0,0.028383467929390668,0.2863318407155565,0.2480268111381742,0.4372578802168787,both,stable,dying,zero
ar1_gaussian,gradual_die,20261018,24,0,0.032215496853293814,0.2665606170914721,0.26010663539352635,0.4411172506617076,both,stable,dying,zero
ar1_gaussian,gradual_die,20261018,32,0,0.03343309242888305,0.21777764992067036,0.2917051425628138,0.45708411508763286,both,stable,dying,zero
ar1_gaussian,gradual_die,20261018,40,0,0.05325997075564042,0.1739971027264596,0.31971776635618065,0.4530251601617193,both,stable,dying,zero
ar1_gaussian,gradual_die,20261018,48,0,0.07741896241922631,0.15895975450429864,0.3413372482575355,0.42228403481893956,both,stable,dying,zero
ar1_gaussian,gradual_die,20261018,56,1,0.10032857095463182,0.11645871110943273,0.3557982029186735,0.42741451501726196,both,stable,dying,zero
ar1_gaussian,gradual_die,20261018,64,1,0.13416481016207962,0.07599798449875243,0.38266361633519913,0.40717358900396877,both,stable,dying,zero
ar1_gaussian,gradual_die,20261018,72,1,0.16119735327933207,0.05094697691988935,0.3807028570065144,0.4071528127942642,both,stable,dying,zero
ar1_gaussian,gradual_die,20261019,16,0,0.030608589384977094,0.27047042456149994,0.26994595758382767,0.42897502846969526,both,stable,dying,zero
ar1_gaussian,gradual_die,20261019,24,0,0.031553237818727355,0.24065917864189076,0.2633169938765231,0.46447058966285887,both,stable,dying,zero
ar1_gaussian,gradual_die,20261019,32,0,0.036774830518813195,0.20932406868930575,0.3013004314685605,0.45260066932332055,both,stable,dying,zero
ar1_gaussian,gradual_die,20261019,40,0,0.049759830973701916,0.18402253578183211,0.3156732266691444,0.4505444065753217,both,stable,dying,zero
ar1_gaussian,gradual_die,20261019,48,0,0.0701667103019436,0.14518806669354387,0.36763477051194887,0.4170104524925638,both,stable,dying,zero
ar1_gaussian,gradual_die,20261019,56,1,0.09405403417825947,0.11631922562530762,0.3865521434954529,0.40307459670098,both,stable,dying,zero
ar1_gaussian,gradual_die,20261019,64,1,0.13457852018596403,0.0808688273336156,0.36924107709790505,0.41531157538251534,both,stable,dying,zero
ar1_gaussian,gradual_die,20261019,72,1,0.16493133525225367,0.05164290202227759,0.3963850393827126,0.38704072334275613,both,stable,dying,zero
ar1_gaussian,gradual_die,20261020,16,0,0.027600587554066667,0.27867726720854,0.2501304351421481,0.4435917100952451,both,stable,dying,zero
ar1_gaussian,gradual_die,20261020,24,0,0.03071267320675843,0.25171149871226245,0.2859938566520175,0.4315819714289615,both,stable,dying,zero
ar1_gaussian,gradual_die,20261020,32,0,0.03579896367403874,0.2113443151606518,0.2933506141393133,0.45950610702599626,both,stable,dying,zero
ar1_gaussian,gradual_die,20261020,40,0,0.050056025773373224,0.18854150405164793,0.302598784127126,0.45880368604785293,both,stable,dying,zero
ar1_gaussian,gradual_die,20261020,48,0,0.06810443887135209,0.15610056131963002,0.34281455856300175,0.4329804412460162,both,stable,dying,zero
ar1_gaussian,gradual_die,20261020,56,1,0.09262668512262519,0.10934217052972732,0.3771554458156285,0.4208756985320189,both,stable,dying,zero
ar1_gaussian,gradual_die,20261020,64,1,0.13751429123922948,0.08731320497796408,0.39281803062880977,0.38235447315399657,both,stable,dying,zero
ar1_gaussian,gradual_die,20261020,72,1,0.17851069123073693,0.053782301568508536,0.3976266815008461,0.3700803256999084,both,stable,dying,zero
ar1_gaussian,gradual_die,20261021,16,0,0.026235390875899323,0.25554149769726336,0.25635742021518504,0.46186569121165233,both,stable,dying,zero
ar1_gaussian,gradual_die,20261021,24,0,0.029644543419963032,0.25507432207529285,0.2569637858688038,0.45831734863594026,both,stable,dying,zero
ar1_gaussian,gradual_die,20261021,32,0,0.0391630449663017,0.23511932847219852,0.28627603083154,0.43944159572995983,both,stable,dying,zero
ar1_gaussian,gradual_die,20261021,40,0,0.05395912674146022,0.18350013703150478,0.3182943141855286,0.44424642204150633,both,stable,dying,zero
ar1_gaussian,gradual_die,20261021,48,0,0.06666092552473084,0.1520486499424082,0.3424781719726269,0.4388122525602341,both,stable,dying,zero
ar1_gaussian,gradual_die,20261021,56,1,0.1042757369582379,0.12174514445342001,0.36388332166211124,0.4100957969262308,both,stable,dying,zero
ar1_gaussian,gradual_die,20261021,64,1,0.12991312612962858,0.07739656695937326,0.38701735673199994,0.4056729501789983,both,stable,dying,zero
ar1_gaussian,gradual_die,20261021,72,1,0.17397466398635683,0.053189383738980925,0.38746836678148905,0.3853675854931732,both,stable,dying,zero
ar1_gaussian,drastic_die,20261018,16,0,0.028383467929390668,0.2863318407155565,0.2480268111381742,0.4372578802168787,both,stable,dying,zero
ar1_gaussian,drastic_die,20261018,24,0,0.03170406984661279,0.27042774473561076,0.25615638006509905,0.4417118053526773,both,stable,dying,zero
ar1_gaussian,drastic_die,20261018,32,0,0.028717953619212706,0.2509476361347589,0.2579552363493651,0.4623791738966632,both,stable,dying,zero
ar1_gaussian,drastic_die,20261018,40,1,0.030630502721401064,0.2453039488222099,0.2583059365590773,0.46575961189731174,both,stable,dying,zero
ar1_gaussian,drastic_die,20261018,48,1,0.24352208150658028,0.047596494524164916,0.36346046531514764,0.3454209586541072,both,stable,dying,zero
ar1_gaussian,drastic_die,20261018,56,1,0.22504536821280097,0.04887321684848965,0.3577517756388891,0.3683296392998203,both,stable,dying,zero
ar1_gaussian,drastic_die,20261018,64,1,0.22295852409632788,0.038077912885820644,0.36727108792947794,0.37169247508837355,both,stable,dying,zero
ar1_gaussian,drastic_die,20261018,72,1,0.2064458031138792,0.04063665144009548,0.3626054738141806,0.3903120716318446,both,stable,dying,zero
ar1_gaussian,drastic_die,20261019,16,0,0.030608589384977094,0.27047042456149994,0.26994595758382767,0.42897502846969526,both,stable,dying,zero
ar1_gaussian,drastic_die,20261019,24,0,0.030747509414789213,0.24405158864263288,0.25979177322587094,0.46540912871670703,both,stable,dying,zero
ar1_gaussian,drastic_die,20261019,32,0,0.02990961196555236,0.24353627486420124,0.26875443575511904,0.4577996774151273,both,stable,dying,zero
ar1_gaussian,drastic_die,20261019,40,1,0.030667428287622495,0.25466558161249264,0.25246552011887535,0.4622014699810096,both,stable,dying,zero
ar1_gaussian,drastic_die,20261019,48,1,0.21179636471131397,0.044207183760085776,0.3932667586229268,0.3507296929056734,both,stable,dying,zero
ar1_gaussian,drastic_die,20261019,56,1,0.21137117099548816,0.042607968526483096,0.37465452928317383,0.3713663311948548,both,stable,dying,zero
ar1_gaussian,drastic_die,20261019,64,1,0.21947942729886444,0.046530788582943634,0.35338736146724975,0.3806024226509422,both,stable,dying,zero
ar1_gaussian,drastic_die,20261019,72,1,0.21250009085323393,0.04187008750663984,0.3798912623102066,0.3657385593299197,both,stable,dying,zero
ar1_gaussian,drastic_die,20261020,16,0,0.027600587554066667,0.27867726720854,0.2501304351421481,0.4435917100952451,both,stable,dying,zero
ar1_gaussian,drastic_die,20261020,24,0,0.030039927309420525,0.25565577563937897,0.2819230270981526,0.4323812699530478,both,stable,dying,zero
ar1_gaussian,drastic_die,20261020,32,0,0.029661813556463548,0.2437194895773293,0.26059210708226915,0.466026589783938,both,stable,dying,zero
ar1_gaussian,drastic_die,20261020,40,1,0.02847291716968704,0.25849407621837595,0.2399486934775677,0.4730843131343694,both,stable,dying,zero
ar1_gaussian,drastic_die,20261020,48,1,0.21401937483551584,0.04396725435871209,0.36577242825035305,0.37624094255541896,both,stable,dying,zero
ar1_gaussian,drastic_die,20261020,56,1,0.20291827443815552,0.04313606963372629,0.36827591728594095,0.3856697386421773,both,stable,dying,zero
ar1_gaussian,drastic_die,20261020,64,1,0.23433995403775726,0.04448893513569479,0.3814539557682424,0.33971715505830546,both,stable,dying,zero
ar1_gaussian,drastic_die,20261020,72,1,0.23019234147479264,0.03910273067798931,0.37602457110939425,0.35468035673782394,both,stable,dying,zero
ar1_gaussian,drastic_die,20261021,16,0,0.026235390875899323,0.25554149769726336,0.25635742021518504,0.46186569121165233,both,stable,dying,zero
ar1_gaussian,drastic_die,20261021,24,0,0.0293828390843095,0.2591832119316799,0.2531311310204647,0.4583028179635458,both,stable,dying,zero
ar1_gaussian,drastic_die,20261021,32,0,0.031707185187486005,0.2718180015049271,0.25105577147891545,0.44541904182867154,both,stable,dying,zero
ar1_gaussian,drastic_die,20261021,40,1,0.03177835930504607,0.2562022810521075,0.2549562654950541,0.4570630941477922,both,stable,dying,zero
ar1_gaussian,drastic_die,20261021,48,1,0.21092580640630013,0.04741556928793207,0.37162099368886836,0.37003763061689937,both,stable,dying,zero
ar1_gaussian,drastic_die,20261021,56,1,0.23611227139178856,0.04817097635060678,0.3634270921126427,0.3522896601449621,both,stable,dying,zero
ar1_gaussian,drastic_die,20261021,64,1,0.2155753798905027,0.04349998635411495,0.3731100639970279,0.3678145697583545,both,stable,dying,zero
ar1_gaussian,drastic_die,20261021,72,1,0.22295226109434463,0.04166169828094612,0.36701943666597814,0.36836660395873105,both,stable,dying,zero
ar1_gaussian,gradual_nonlin,20261018,16,0,0.04650592776512527,0.14969718195071727,0.40862675631052625,0.3951701339736311,linear,linear_plus,zero,other_block
ar1_gaussian,gradual_nonlin,20261018,24,0,0.04910030590170014,0.14000704019007057,0.403549513894566,0.4073431400136634,linear,linear_plus,zero,other_block
ar1_gaussian,gradual_nonlin,20261018,32,0,0.05108210441529216,0.10212592328540782,0.4298823661134214,0.41690960618587874,linear,linear_plus,zero,other_block
ar1_gaussian,gradual_nonlin,20261018,40,0,0.05833776665615972,0.08908065115153548,0.411700979764872,0.4408806024274329,linear,linear_plus,zero,other_block
ar1_gaussian,gradual_nonlin,20261018,48,0,0.07171604167458248,0.09243481579502746,0.4274822294766983,0.4083669130536918,linear,linear_plus,zero,other_block
ar1_gaussian,gradual_nonlin,20261018,56,1,0.08112593748686804,0.07636522299225074,0.41242950776882203,0.4300793317520592,linear,linear_plus,zero,other_block
ar1_gaussian,gradual_nonlin,20261018,64,1,0.08963701355102527,0.050625036446127265,0.4265296945745059,0.43320825542834157,linear,linear_plus,zero,other_block
ar1_gaussian,gradual_nonlin,20261018,72,1,0.11984052349080841,0.04278309035401579,0.4128048794850465,0.4245715066701293,linear,linear_plus,zero,other_block
ar1_gaussian,gradual_nonlin,20261019,16,0,0.04877247765494796,0.1382560775629354,0.4348537956924273,0.3781176490896894,linear,linear_plus,zero,other_block
ar1_gaussian,gradual_nonlin,20261019,24,0,0.048571337577131314,0.13118540817919205,0.41150034292925697,0.40874291131441964,linear,linear_plus,zero,other_block
ar1_gaussian,gradual_nonlin,20261019,32,0,0.04955339142822858,0.11444362122026362,0.41078029430956936,0.4252226930419385,linear,linear_plus,zero,other_block
ar1_gaussian,gradual_nonlin,20261019,40,0,0.06004368927763155,0.09285188206191149,0.43107831447394307,0.41602611418651386,linear,linear_plus,zero,other_block
ar1_gaussian,gradual_nonlin,20261019,48,0,0.06702389434969182,0.0797683855013166,0.44493321257043844,0.40827450757855316,linear,linear_plus,zero,other_block
ar1_gaussian,gradual_nonlin,20261019,56,1,0.08327561575263641,0.06596354766971022,0.4318635446102736,0.4188972919673796,linear,linear_plus,zero,other_block
ar1_gaussian,gradual_nonlin,20261019,64,1,0.09762159343861544,0.057313284371600354,0.4066675524014586,0.4383975697883256,linear,linear_plus,zero,other_block
ar1_gaussian,gradual_nonlin,20261019,72,1,0.10593505940502292,0.04513089566587532,0.43106801742461515,0.41786602750448676,linear,linear_plus,zero,other_block
ar1_gaussian,gradual_nonlin,20261020,16,0,0.04661841974257036,0.11588478796445847,0.4160451471327253,0.4214516451602459,linear,linear_plus,zero,other_block
ar1_gaussian,gradual_nonlin,20261020,24,0,0.04654208134727222,0.1259035413819038,0.4431115377417819,0.3844428395290421,linear,linear_plus,zero,other_block
ar1_gaussian,gradual_nonlin,20261020,32,0,0.0508610257218092,0.11213613974135482,0.4166376242629461,0.42036521027388996,linear,linear_plus,zero,other_block
ar1_gaussian,gradual_nonlin,20261020,40,0,0.05557321517629679,0.10488596788169914,0.41597695966363313,0.42356385727837104,linear,linear_plus,zero,other_block
ar1_gaussian,gradual_nonlin,20261020,48,0,0.06467120920604594,0.08135741150895918,0.4173769116726523,0.4365944676123426,linear,linear_plus,zero,other_block
ar1_gaussian,gradual_nonlin,20261020,56,1,0.08008726462609167,0.06793779277863904,0.4227842019855987,0.4291907406096706,linear,linear_plus,zero,other_block
ar1_gaussian,gradual_nonlin,20261020,64,1,0.09909049830535503,0.06127385633905693,0.44860990713454824,0.3910257382210398,linear,linear_plus,zero,other_block
ar1_gaussian,gradual_nonlin,20261020,72,1,0.10974768575964676,0.04421131945839422,0.4353826331335341,0.4106583616484249,linear,linear_plus,zero,other_block
ar1_gaussian,gradual_nonlin,20261021,16,0,0.041588722996139464,0.12317285465749314,0.40445019258841997,0.43078822975794745,linear,linear_plus,zero,other_block
ar1_gaussian,gradual_nonlin,20261021,24,0,0.04915360706738528,0.11469834948946282,0.4195988741920663,0.41654916925108565,linear,linear_plus,zero,other_block
ar1_gaussian,gradual_nonlin,20261021,32,0,0.05509825011512282,0.11309223447699675,0.42268911756432387,0.4091203978435566,linear,linear_plus,zero,other_block
ar1_gaussian,gradual_nonlin,20261021,40,0,0.06110348463803316,0.09299697961238863,0.4152078263668631,0.43069170938271517,linear,linear_plus,zero,other_block
ar1_gaussian,gradual_nonlin,20261021,48,0,0.06584007637332029,0.08957001322534107,0.4165273638198334,0.4280625465815052,linear,linear_plus,zero,other_block
ar1_gaussian,gradual_nonlin,20261021,56,1,0.08939664063975543,0.07025323073631976,0.4259511312197922,0.41439899740413255,linear,linear_plus,zero,other_block
ar1_gaussian,gradual_nonlin,20261021,64,1,0.09690687874265248,0.05651989771297637,0.43182374149041075,0.41474948205396045,linear,linear_plus,zero,other_block
ar1_gaussian,gradual_nonlin,20261021,72,1,0.11411340367554622,0.0489159565572156,0.4190637686964287,0.4179068710708096,linear,linear_plus,zero,other_block
ar1_gaussian,drastic_nonlin,20261018,16,0,0.04650592776512527,0.14969718195071727,0.40862675631052625,0.3951701339736311,linear,linear_plus,zero,other_block
ar1_gaussian,drastic_nonlin,20261018,24,0,0.048896716321508195,0.1430846208564905,0.40177505553885556,0.40624360728314574,linear,linear_plus,zero,other_block
ar1_gaussian,drastic_nonlin,20261018,32,0,0.0474851598999692,0.11945223061505907,0.42530481831277167,0.40775779117219996,linear,linear_plus,zero,other_block
ar1_gaussian,drastic_nonlin,20261018,40,1,0.04850496319194409,0.12135352735402906,0.4056592839432436,0.4244822255107832,linear,linear_plus,zero,other_block
ar1_gaussian,drastic_nonlin,20261018,48,1,0.13186421577047505,0.04907472797952401,0.4120535626999878,0.4070074935500132,linear,linear_plus,zero,other_block
ar1_gaussian,drastic_nonlin,20261018,56,1,0.1272377545061622,0.050441112433958,0.403137816210883,0.4191833168489967,linear,linear_plus,zero,other_block
ar1_gaussian,drastic_nonlin,20261018,64,1,0.12201423735397554,0.03778045562939696,0.4169436659591825,0.423261641057445,linear,linear_plus,zero,other_block
ar1_gaussian,drastic_nonlin,20261018,72,1,0.14373145289091804,0.03803015445132865,0.4063481928366924,0.411890199821061,linear,linear_plus,zero,other_block
ar1_gaussian,drastic_nonlin,20261019,16,0,0.04877247765494796,0.1382560775629354,0.4348537956924273,0.3781176490896894,linear,linear_plus,zero,other_block
ar1_gaussian,drastic_nonlin,20261019,24,0,0.04820267288203407,0.13323976374710403,0.41104697334206464,0.40751059002879725,linear,linear_plus,zero,other_block
ar1_gaussian,drastic_nonlin,20261019,32,0,0.044786730579956774,0.13509117492033462,0.4042665595261961,0.4158555349735124,linear,linear_plus,zero,other_block
ar1_gaussian,drastic_nonlin,20261019,40,1,0.04987499206997613,0.13012259010636232,0.4112708720611964,0.40873154576246523,linear,linear_plus,zero,other_block
ar1_gaussian,drastic_nonlin,20261019,48,1,0.12433860663228688,0.04379977868870093,0.4278377732973025,0.4040238413817096,linear,linear_plus,zero,other_block
ar1_gaussian,drastic_nonlin,20261019,56,1,0.13635646214081773,0.04125257090207129,0.41653497177320586,0.4058559951839051,linear,linear_plus,zero,other_block
ar1_gaussian,drastic_nonlin,20261019,64,1,0.13137686352756742,0.044758141848232603,0.397077021833217,0.4267879727909829,linear,linear_plus,zero,other_block
ar1_gaussian,drastic_nonlin,20261019,72,1,0.12630714259914128,0.038891250115766614,0.4244707453396824,0.4103308619454098,linear,linear_plus,zero,other_block
ar1_gaussian,drastic_nonlin,20261020,16,0,0.04661841974257036,0.11588478796445847,0.4160451471327253,0.4214516451602459,linear,linear_plus,zero,other_block
ar1_gaussian,drastic_nonlin,20261020,24,0,0.046281381904295635,0.12795323081115595,0.44210556038733917,0.38365982689720934,linear,linear_plus,zero,other_block
ar1_gaussian,drastic_nonlin,20261020,32,0,0.045988724649194006,0.1322941822213775,0.4108013896379994,0.4109157034914291,linear,linear_plus,zero,other_block
ar1_gaussian,drastic_nonlin,20261020,40,1,0.047789507186824155,0.1399768320206911,0.39960598214815835,0.4126276786443263,linear,linear_plus,zero,other_block
ar1_gaussian,drastic_nonlin,20261020,48,1,0.1290008177247823,0.04229509075331295,0.4009267154502356,0.4277773760716691,linear,linear_plus,zero,other_block
ar1_gaussian,drastic_nonlin,20261020,56,1,0.1295397581011268,0.0421820423324499,0.41452371843752994,0.41375448112889335,linear,linear_plus,zero,other_block
ar1_gaussian,drastic_nonlin,20261020,64,1,0.13830561762177804,0.046146304137951295,0.43876418546204166,0.3767838927782289,linear,linear_plus,zero,other_block
ar1_gaussian,drastic_nonlin,20261020,72,1,0.13098145803461886,0.03860398112063751,0.42710360143241555,0.403310959412328,linear,linear_plus,zero,other_block
ar1_gaussian,drastic_nonlin,20261021,16,0,0.041588722996139464,0.12317285465749314,0.40445019258841997,0.43078822975794745,linear,linear_plus,zero,other_block
ar1_gaussian,drastic_nonlin,20261021,24,0,0.04854689740046694,0.11720296112371618,0.41847088224101675,0.41577925923479997,linear,linear_plus,zero,other_block
ar1_gaussian,drastic_nonlin,20261021,32,0,0.051968726405831854,0.13166592330230248,0.41460780352749504,0.40175754676437053,linear,linear_plus,zero,other_block
ar1_gaussian,drastic_nonlin,20261021,40,1,0.050094499763003196,0.12883973910420843,0.40466519331990813,0.41640056781288015,linear,linear_plus,zero,other_block
ar1_gaussian,drastic_nonlin,20261021,48,1,0.12557706693181364,0.047835332589024435,0.3999164368407748,0.4266711636383872,linear,linear_plus,zero,other_block
ar1_gaussian,drastic_nonlin,20261021,56,1,0.1390971120880903,0.0457410716337973,0.41743581631709953,0.39772599996101293,linear,linear_plus,zero,other_block
ar1_gaussian,drastic_nonlin,20261021,64,1,0.13632784490065292,0.04324923753151339,0.4217375095411638,0.39868540802666985,linear,linear_plus,zero,other_block
ar1_gaussian,drastic_nonlin,20261021,72,1,0.13803516881996014,0.04315199209539043,0.40862814093129046,0.410184698153359,linear,linear_plus,zero,other_block
ar1_gaussian,gradual_noise,20261018,16,0,0.03550844420509173,0.4795463996250116,0.035615424152305744,0.44932973201759097,linear,zero,half,irrelevant
ar1_gaussian,gradual_noise,20261018,24,0,0.0405593237806668,0.4743137773907583,0.0375507687129971,0.4475761301155777,linear,zero,half,irrelevant
ar1_gaussian,gradual_noise,20261018,32,0,0.07295192500184906,0.4370862562176898,0.07085840932645246,0.4191034094540087,linear,zero,half,irrelevant
ar1_gaussian,gradual_noise,20261018,40,0,0.10725333221926642,0.3963616354702158,0.100514501062945,0.3958705312475728,linear,zero,half,irrelevant
ar1_gaussian,gradual_noise,20261018,48,0,0.14832127796587116,0.35810313241900754,0.15261468114722487,0.34096090846789645,linear,zero,half,irrelevant
ar1_gaussian,gradual_noise,20261018,56,1,0.16723227857953418,0.34161114912434876,0.16372179189107575,0.32743478040504126,linear,zero,half,irrelevant
ar1_gaussian,gradual_noise,20261018,64,1,0.17543718070968176,0.34016084025515425,0.15528764587347715,0.32911433316168687,linear,zero,half,irrelevant
ar1_gaussian,gradual_noise,20261018,72,1,0.19073138544467197,0.3039551471840261,0.1812504307377394,0.32406303663356256,linear,zero,half,irrelevant
ar1_gaussian,gradual_noise,20261019,16,0,0.037544409863637905,0.49021172475630387,0.03610988714098162,0.4361339782390767,linear,zero,half,irrelevant
ar1_gaussian,gradual_noise,20261019,24,0,0.04156622875574377,0.4601233379239301,0.03993326617482647,0.45837716714549964,linear,zero,half,irrelevant
ar1_gaussian,gradual_noise,20261019,32,0,0.06709319754411353,0.4391433905107473,0.07190811550398174,0.4218552964411573,linear,zero,half,irrelevant
ar1_gaussian,gradual_noise,20261019,40,0,0.11150169369077662,0.40082824329667555,0.10203674127521953,0.38563332173732834,linear,zero,half,irrelevant
ar1_gaussian,gradual_noise,20261019,48,0,0.14225973000872552,0.3568850949425312,0.14249146982812053,0.35836370522062266,linear,zero,half,irrelevant
ar1_gaussian,gradual_noise,20261019,56,1,0.15305388333425066,0.34238546025767813,0.15657419930989105,0.34798645709818016,linear,zero,half,irrelevant
ar1_gaussian,gradual_noise,20261019,64,1,0.19063044161618284,0.3177377043949199,0.17630390065939336,0.3153279533295038,linear,zero,half,irrelevant
ar1_gaussian,gradual_noise,20261019,72,1,0.1875244080027754,0.3094050677565574,0.19512221295027005,0.3079483112903971,linear,zero,half,irrelevant
ar1_gaussian,gradual_noise,20261020,16,0,0.03521124456824633,0.4503740536804104,0.03396282031936499,0.4804518814319784,linear,zero,half,irrelevant
ar1_gaussian,gradual_noise,20261020,24,0,0.03901786948847165,0.4787367791700164,0.044556422268334055,0.437688929073178,linear,zero,half,irrelevant
ar1_gaussian,gradual_noise,20261020,32,0,0.07447472091856448,0.4132024451273394,0.06731141996712034,0.44501141398697586,linear,zero,half,irrelevant
ar1_gaussian,gradual_noise,20261020,40,0,0.1094847104989163,0.388026933329225,0.10819521324306468,0.394293142928794,linear,zero,half,irrelevant
ar1_gaussian,gradual_noise,20261020,48,0,0.14351707031926275,0.3444767013908077,0.140161609774061,0.3718446185158685,linear,zero,half,irrelevant
ar1_gaussian,gradual_noise,20261020,56,1,0.16212535739346576,0.3253207025285106,0.1696333871782903,0.34292055289973333,linear,zero,half,irrelevant
ar1_gaussian,gradual_noise,20261020,64,1,0.18477440266268902,0.33431651652981453,0.17738757421494927,0.30352150659254734,linear,zero,half,irrelevant
ar1_gaussian,gradual_noise,20261020,72,1,0.18362466528873103,0.3008910195529653,0.20264716818260853,0.3128371469756951,linear,zero,half,irrelevant
ar1_gaussian,gradual_noise,20261021,16,0,0.0307102523160367,0.4580458980968741,0.03344625914285526,0.47779759044423387,linear,zero,half,irrelevant
ar1_gaussian,gradual_noise,20261021,24,0,0.041784172895358844,0.44822800168505567,0.041720263836849,0.4682675615827365,linear,zero,half,irrelevant
ar1_gaussian,gradual_noise,20261021,32,0,0.0816842121055286,0.4077069760782799,0.08607017233597611,0.4245386394802154,linear,zero,half,irrelevant
ar1_gaussian,gradual_noise,20261021,40,0,0.11120523636360284,0.3880706535391244,0.10863055266495453,0.39209355743231816,linear,zero,half,irrelevant
ar1_gaussian,gradual_noise,20261021,48,0,0.1372778296112522,0.35994893811254003,0.14074185538105174,0.3620313768951561,linear,zero,half,irrelevant
ar1_gaussian,gradual_noise,20261021,56,1,0.17118846326378265,0.3252213032208954,0.17863577260179347,0.3249544609135285,linear,zero,half,irrelevant
ar1_gaussian,gradual_noise,20261021,64,1,0.190378339504324,0.2997846739651102,0.1912774264487275,0.31855956008183833,linear,zero,half,irrelevant
ar1_gaussian,gradual_noise,20261021,72,1,0.19235041980252357,0.3181534590932374,0.19209027723648336,0.2974058438677557,linear,zero,half,irrelevant
ar1_gaussian,drastic_noise,20261018,16,0,0.03550844420509173,0.4795463996250116,0.035615424152305744,0.44932973201759097,linear,zero,half,irrelevant
ar1_gaussian,drastic_noise,20261018,24,0,0.036384969901441834,0.4785692950230061,0.033662936999501146,0.4513827980760508,linear,zero,half,irrelevant
ar1_gaussian,drastic_noise,20261018,32,0,0.03532897356909234,0.47448556998853875,0.03437803671452345,0.4558074197278454,linear,zero,half,irrelevant
ar1_gaussian,drastic_noise,20261018,40,1,0.03584933491424921,0.4601868707975177,0.033490370151064194,0.47047342413716886,linear,zero,half,irrelevant
ar1_gaussian,drastic_noise,20261018,48,1,0.21146575175152427,0.2906406072730186,0.21582497073187892,0.2820686702435783,linear,zero,half,irrelevant
ar1_gaussian,drastic_noise,20261018,56,1,0.20961980607245517,0.29659763321669486,0.20540493486737713,0.2883776258434729,linear,zero,half,irrelevant
ar1_gaussian,drastic_noise,20261018,64,1,0.20546313879328076,0.3126614233121996,0.1810618117530685,0.3008136261414511,linear,zero,half,irrelevant
ar1_gaussian,drastic_noise,20261018,72,1,0.2042115245630529,0.2906359037408112,0.1950597497292849,0.31009282196685106,linear,zero,half,irrelevant
ar1_gaussian,drastic_noise,20261019,16,0,0.037544409863637905,0.49021172475630387,0.03610988714098162,0.4361339782390767,linear,zero,half,irrelevant
ar1_gaussian,drastic_noise,20261019,24,0,0.03696624892772231,0.46443113155274196,0.03538617828528689,0.4632164412342489,linear,zero,half,irrelevant
ar1_gaussian,drastic_noise,20261019,32,0,0.03287232582140928,0.47443255026677383,0.0350237381812008,0.4576713857306161,linear,zero,half,irrelevant
ar1_gaussian,drastic_noise,20261019,40,1,0.037831697735262126,0.4643664322044006,0.034767232095539884,0.4630346379647972,linear,zero,half,irrelevant
ar1_gaussian,drastic_noise,20261019,48,1,0.20603592554012523,0.29204321995320265,0.20854582890314324,0.2933750256035289,linear,zero,half,irrelevant
ar1_gaussian,drastic_noise,20261019,56,1,0.19539816105687385,0.2964718250601865,0.19919695502311094,0.30893305885982875,linear,zero,half,irrelevant
ar1_gaussian,drastic_noise,20261019,64,1,0.2174748722816449,0.2921725894252259,0.20210126984423846,0.28825126844889076,linear,zero,half,irrelevant
ar1_gaussian,drastic_noise,20261019,72,1,0.200716667605361,0.29635838825951816,0.20835407196356304,0.29457087217155775,linear,zero,half,irrelevant
ar1_gaussian,drastic_noise,20261020,16,0,0.03521124456824633,0.4503740536804104,0.03396282031936499,0.4804518814319784,linear,zero,half,irrelevant
ar1_gaussian,drastic_noise,20261020,24,0,0.03556057910982303,0.4823103871879562,0.04037865204699441,0.44175038165522645,linear,zero,half,irrelevant
ar1_gaussian,drastic_noise,20261020,32,0,0.035905315731030424,0.4515747740886099,0.03259402620760049,0.47992588397275937,linear,zero,half,irrelevant
ar1_gaussian,drastic_noise,20261020,40,1,0.03667534420221799,0.45015827397078134,0.036416490726820995,0.47674989110017973,linear,zero,half,irrelevant
ar1_gaussian,drastic_noise,20261020,48,1,0.2098264617539505,0.2871807321788216,0.2048737772262778,0.29811902884095015,linear,zero,half,irrelevant
ar1_gaussian,drastic_noise,20261020,56,1,0.20536670793082695,0.2822433189429693,0.21521104999079155,0.2971789231354123,linear,zero,half,irrelevant
ar1_gaussian,drastic_noise,20261020,64,1,0.2108856733868227,0.3065698099431969,0.20178905152222898,0.2807554651477515,linear,zero,half,irrelevant
ar1_gaussian,drastic_noise,20261020,72,1,0.19636875982999868,0.285767967546802,0.21651416668534199,0.3013491059378574,linear,zero,half,irrelevant
ar1_gaussian,drastic_noise,20261021,16,0,0.0307102523160367,0.4580458980968741,0.03344625914285526,0.47779759044423387,linear,zero,half,irrelevant
ar1_gaussian,drastic_noise,20261021,24,0,0.036991057487768195,0.45429209090716893,0.03682719816152521,0.47188965344353784,linear,zero,half,irrelevant
ar1_gaussian,drastic_noise,20261021,32,0,0.04049769935346883,0.4472754661346643,0.04260115438044863,0.46962568013141825,linear,zero,half,irrelevant
ar1_gaussian,drastic_noise,20261021,40,1,0.03771323662559856,0.4556651904468036,0.036570299791773245,0.4700512731358246,linear,zero,half,irrelevant
ar1_gaussian,drastic_noise,20261021,48,1,0.20123788788469732,0.2996736350144245,0.20505866008761192,0.29402981701326625,linear,zero,half,irrelevant
ar1_gaussian,drastic_noise,20261021,56,1,0.21205907304397817,0.28258137795323773,0.2203798483863453,0.2849797006164389,linear,zero,half,irrelevant
ar1_gaussian,drastic_noise,20261021,64,1,0.21678051666861367,0.2769408158049907,0.21782337607579744,0.2884552914505982,linear,zero,half,irrelevant
ar1_gaussian,drastic_noise,20261021,72,1,0.20534599615348575,0.3047936580743141,0.20641954969533072,0.2834407960768694,linear,zero,half,irrelevant
california,gradual_relocate,20261018,16,0,0.06356785064992593,0.3508165356900469,0.13562997123850898,0.44998564242151823,stale,fresh,blend,zero
california,gradual_relocate,20261018,24,0,0.0655117676457898,0.3585452402519068,0.12070824819586358,0.4552347439064398,stale,fresh,blend,zero
california,gradual_relocate,20261018,32,0,0.07504057882913431,0.3393466425851733,0.11166433901331022,0.4739484395723821,stale,fresh,blend,zero
california,gradual_relocate,20261018,40,0,0.1030456373589275,0.3360090758878013,0.11395807748505786,0.4469872092682133,stale,fresh,blend,zero
california,gradual_relocate,20261018,48,0,0.17035087004173316,0.29078430084797346,0.08549422786340069,0.4533706012468926,stale,fresh,blend,zero
california,gradual_relocate,20261018,56,1,0.20671178468789217,0.22486772485761072,0.11297979690703609,0.45544069354746103,stale,fresh,blend,zero
california,gradual_relocate,20261018,64,1,0.26340318205773694,0.15812566811553996,0.123392982384712,0.4550781674420111,stale,fresh,blend,zero
california,gradual_relocate,20261018,72,1,0.281462165626187,0.1277280453247478,0.14708969177286368,0.4437200972762015,stale,fresh,blend,zero
california,gradual_relocate,20261019,16,0,0.06346937531358511,0.3296156095737744,0.2216749574409414,0.38524005767169917,stale,fresh,blend,zero
california,gradual_relocate,20261019,24,0,0.06752519938685103,0.3431893904514367,0.1431350417928058,0.4461503683689064,stale,fresh,blend,zero
california,gradual_relocate,20261019,32,0,0.0751927798592417,0.3412757850631933,0.10905690134150342,0.4744745337360615,stale,fresh,blend,zero
california,gradual_relocate,20261019,40,0,0.11043251075091476,0.30706229435340576,0.10541058471191068,0.47709461018376886,stale,fresh,blend,zero
california,gradual_relocate,20261019,48,0,0.14483252383567136,0.26889008111699425,0.12413060509120928,0.4621467899561252,stale,fresh,blend,zero
california,gradual_relocate,20261019,56,1,0.27861648350328744,0.2177127939478455,0.09963251675834789,0.4040382057905192,stale,fresh,blend,zero
california,gradual_relocate,20261019,64,1,0.23624259222747773,0.20476903890033565,0.13541462537094562,0.4235737435012411,stale,fresh,blend,zero
california,gradual_relocate,20261019,72,1,0.26548958774290793,0.13826304103737955,0.18540735150650836,0.4108400197132043,stale,fresh,blend,zero
california,gradual_relocate,20261020,16,0,0.059144267027593976,0.36195718373941554,0.1257694461576519,0.4531291030753384,stale,fresh,blend,zero
california,gradual_relocate,20261020,24,0,0.07209555248163184,0.36910347657637355,0.13385931468033468,0.42494165626166003,stale,fresh,blend,zero
california,gradual_relocate,20261020,32,0,0.08430828785243168,0.3497789162999429,0.12425229910755094,0.44166049674007435,stale,fresh,blend,zero
california,gradual_relocate,20261020,40,0,0.116919414353319,0.2998628637004945,0.11655457639314468,0.466663145553042,stale,fresh,blend,zero
california,gradual_relocate,20261020,48,0,0.15205669664000204,0.29045141425345533,0.11869980601079412,0.4387920830957485,stale,fresh,blend,zero
california,gradual_relocate,20261020,56,1,0.2019442093461016,0.21118097625170043,0.1209569175807309,0.46591789682146706,stale,fresh,blend,zero
california,gradual_relocate,20261020,64,1,0.2515466334320045,0.17174729981707976,0.13833538055286582,0.4383706861980499,stale,fresh,blend,zero
california,gradual_relocate,20261020,72,1,0.2998222022038719,0.11762060244813054,0.1705187806258884,0.4120384147221091,stale,fresh,blend,zero
california,gradual_relocate,20261021,16,0,0.056690663465441105,0.3598260134333181,0.12686968290516523,0.4566136401960755,stale,fresh,blend,zero
california,gradual_relocate,20261021,24,0,0.07040943415330468,0.3654043334625474,0.13263687608421595,0.4315493562999319,stale,fresh,blend,zero
california,gradual_relocate,20261021,32,0,0.07672640661693911,0.33129843723183816,0.14428332265739602,0.44769183349382663,stale,fresh,blend,zero
california,gradual_relocate,20261021,40,0,0.10849655883412092,0.3067114995728269,0.11691543168278794,0.4678765099102643,stale,fresh,blend,zero
california,gradual_relocate,20261021,48,0,0.1426656882085972,0.27186852894048497,0.11811430296912243,0.46735147988179543,stale,fresh,blend,zero
california,gradual_relocate,20261021,56,1,0.17772859476409822,0.23331042526506546,0.13156986989710795,0.45739111007372846,stale,fresh,blend,zero
california,gradual_relocate,20261021,64,1,0.24873653784102415,0.17363547912436741,0.15277506863811036,0.4248529143964981,stale,fresh,blend,zero
california,gradual_relocate,20261021,72,1,0.25425596643297693,0.13373349762300443,0.15909641111070225,0.45291412483331633,stale,fresh,blend,zero
california,drastic_relocate,20261018,16,0,0.06356785064992593,0.3508165356900469,0.13562997123850898,0.44998564242151823,stale,fresh,blend,zero
california,drastic_relocate,20261018,24,0,0.06372664682746558,0.3599369808374677,0.12223060397536537,0.45410576835970135,stale,fresh,blend,zero
california,drastic_relocate,20261018,32,0,0.06083587206217103,0.35824978608960273,0.12038548391175058,0.4605288579364757,stale,fresh,blend,zero
california,drastic_relocate,20261018,40,1,0.06303038549650224,0.37649414595389963,0.1458994714354262,0.4145759971141719,stale,fresh,blend,zero
california,drastic_relocate,20261018,48,1,0.3930017271283234,0.052631614898154044,0.11604866646474975,0.4383179915087729,stale,fresh,blend,zero
california,drastic_relocate,20261018,56,1,0.3490080619034605,0.09771203743206382,0.18549258151434075,0.36778731915013485,stale,fresh,blend,zero
california,drastic_relocate,20261018,64,1,0.3384559467183026,0.09089108523855184,0.18180544096555956,0.388847527077586,stale,fresh,blend,zero
california,drastic_relocate,20261018,72,1,0.3173910015221197,0.09475270607955472,0.1782529471166273,0.40960334528169823,stale,fresh,blend,zero
california,drastic_relocate,20261019,16,0,0.06346937531358511,0.3296156095737744,0.2216749574409414,0.38524005767169917,stale,fresh,blend,zero
california,drastic_relocate,20261019,24,0,0.06556360458677406,0.34435919848994256,0.144926801714024,0.44515039520925925,stale,fresh,blend,zero
california,drastic_relocate,20261019,32,0,0.057224283506568586,0.36165041034800416,0.12206933155605001,0.45905597458937725,stale,fresh,blend,zero
california,drastic_relocate,20261019,40,1,0.06806744372336951,0.3492822302408377,0.13268344973363777,0.449966876302155,stale,fresh,blend,zero
california,drastic_relocate,20261019,48,1,0.23288169827798524,0.09643596098996683,0.19714874892473896,0.473533591807309,stale,fresh,blend,zero
california,drastic_relocate,20261019,56,1,0.4994878129317056,0.07123952907311035,0.14204500046922516,0.287227657525959,stale,fresh,blend,zero
california,drastic_relocate,20261019,64,1,0.3131548487743615,0.11650587442324199,0.20851718002775516,0.3618220967746413,stale,fresh,blend,zero
california,drastic_relocate,20261019,72,1,0.29272583457794327,0.10670336299999506,0.22856730160416897,0.3720035008178928,stale,fresh,blend,zero
california,drastic_relocate,20261020,16,0,0.059144267027593976,0.36195718373941554,0.1257694461576519,0.4531291030753384,stale,fresh,blend,zero
california,drastic_relocate,20261020,24,0,0.07003705746919563,0.3727197947362364,0.13480718504241745,0.42243596275215056,stale,fresh,blend,zero
california,drastic_relocate,20261020,32,0,0.0651332497716418,0.36856121938996356,0.14279656382669972,0.423508967011695,stale,fresh,blend,zero
california,drastic_relocate,20261020,40,1,0.0698005154041296,0.3438990614874232,0.1353587569542564,0.45094166615419085,stale,fresh,blend,zero
california,drastic_relocate,20261020,48,1,0.3171083506377461,0.11665558511898692,0.22217172465416804,0.34406433958909893,stale,fresh,blend,zero
california,drastic_relocate,20261020,56,1,0.32486158003711474,0.08520471165815684,0.1781668541167183,0.4117668541880101,stale,fresh,blend,zero
california,drastic_relocate,20261020,64,1,0.3297511690185867,0.09522987418857085,0.21028007179616692,0.36473888499667556,stale,fresh,blend,zero
california,drastic_relocate,20261020,72,1,0.33483176365864353,0.09190393419067391,0.20433734736023684,0.3689269547904457,stale,fresh,blend,zero
california,drastic_relocate,20261021,16,0,0.056690663465441105,0.3598260134333181,0.12686968290516523,0.4566136401960755,stale,fresh,blend,zero
california,drastic_relocate,20261021,24,0,0.06847711089746164,0.3668874230498466,0.13385875068048173,0.43077671537220996,stale,fresh,blend,zero
california,drastic_relocate,20261021,32,0,0.06254109773087993,0.34718732792834617,0.168667490771697,0.42160408356907697,stale,fresh,blend,zero
california,drastic_relocate,20261021,40,1,0.06717737934417056,0.35041069880274295,0.1404734424671258,0.44193847938596076,stale,fresh,blend,zero
california,drastic_relocate,20261021,48,1,0.298335482094583,0.09924705495230274,0.1941386214857021,0.4082788414674123,stale,fresh,blend,zero
california,drastic_relocate,20261021,56,1,0.2816137480921919,0.10631883409807635,0.21934332940387935,0.39272408840585243,stale,fresh,blend,zero
california,drastic_relocate,20261021,64,1,0.31323148410330054,0.10703477237740676,0.2168824239117394,0.36285131960755324,stale,fresh,blend,zero
california,drastic_relocate,20261021,72,1,0.2832963273849132,0.10415363504651133,0.18947380724836985,0.4230762303202056,stale,fresh,blend,zero
california,gradual_flip,20261018,16,0,0.09964551931666417,0.10027355989998518,0.7004066867052913,0.09967423407805953,positive,negative,zero,half
california,gradual_flip,20261018,24,0,0.11057999192880309,0.10636754919108504,0.6767086734625904,0.10634378541752133,positive,negative,zero,half
california,gradual_flip,20261018,32,0,0.13899551276298425,0.1471578725119602,0.5784956645413257,0.1353509501837298,positive,negative,zero,half
california,gradual_flip,20261018,40,0,0.19955539808245776,0.20285011140429982,0.4113832052162101,0.18621128529703238,positive,negative,zero,half
california,gradual_flip,20261018,48,0,0.23729774623310387,0.2429316163677079,0.28144439783948105,0.23832623955970716,positive,negative,zero,half
california,gradual_flip,20261018,56,1,0.24984471083878618,0.251667891669884,0.2515376871105866,0.2469497103807432,positive,negative,zero,half
california,gradual_flip,20261018,64,1,0.21959238608288814,0.20729973476455874,0.3749864295206334,0.19812144963191985,positive,negative,zero,half
california,gradual_flip,20261018,72,1,0.16194909562568408,0.16231683704068842,0.507469106677535,0.16826496065609264,positive,negative,zero,half
california,gradual_flip,20261019,16,0,0.11188604974646459,0.10563334165742605,0.6740931949164546,0.10838741367965475,positive,negative,zero,half
california,gradual_flip,20261019,24,0,0.11040598383823119,0.11057179766069816,0.6633434713751305,0.11567874712594005,positive,negative,zero,half
california,gradual_flip,20261019,32,0,0.14291155724700413,0.15399211629300946,0.5515944698069281,0.1515018566530583,positive,negative,zero,half
california,gradual_flip,20261019,40,0,0.19988724529168644,0.20423754202786398,0.4025625820648101,0.19331263061563933,positive,negative,zero,half
california,gradual_flip,20261019,48,0,0.2441796117386646,0.23758801364441492,0.27841864182064857,0.239813732796272,positive,negative,zero,half
california,gradual_flip,20261019,56,1,0.24399290403144278,0.24721881973066928,0.2519203457897457,0.25686793044814227,positive,negative,zero,half
california,gradual_flip,20261019,64,1,0.22129431643356898,0.2185116146599616,0.3473704674669381,0.21282360143953127,positive,negative,zero,half
california,gradual_flip,20261019,72,1,0.15380687947879873,0.15414026261287256,0.5402415342724015,0.15181132363592725,positive,negative,zero,half
california,gradual_flip,20261020,16,0,0.098048818262263,0.09564212233953537,0.7063232714090942,0.09998578798910747,positive,negative,zero,half
california,gradual_flip,20261020,24,0,0.113995256619553,0.11056793940353375,0.6588324838214777,0.11660432015543541,positive,negative,zero,half
california,gradual_flip,20261020,32,0,0.14477135142750874,0.14288405663261255,0.5647461481492765,0.1475984437906023,positive,negative,zero,half
california,gradual_flip,20261020,40,0,0.1959367519864961,0.21954294185354462,0.38539937316697376,0.19912093299298553,positive,negative,zero,half
california,gradual_flip,20261020,48,0,0.2504327749978119,0.24226184690465422,0.27208164437606386,0.23522373372147012,positive,negative,zero,half
california,gradual_flip,20261020,56,1,0.24536565746746467,0.2397870123646353,0.2706989468101292,0.24414838335777087,positive,negative,zero,half
california,gradual_flip,20261020,64,1,0.22387140978869638,0.22067646302762328,0.3403800470289064,0.21507208015477397,positive,negative,zero,half
california,gradual_flip,20261020,72,1,0.1521861933318918,0.14270023365686105,0.5440230482854643,0.16109052472578284,positive,negative,zero,half
california,gradual_flip,20261021,16,0,0.08973913460304313,0.0992773885571951,0.7107729070786086,0.10021056976115306,positive,negative,zero,half
california,gradual_flip,20261021,24,0,0.11399834867799748,0.1040962329792516,0.6693564391669741,0.11254897917577678,positive,negative,zero,half
california,gradual_flip,20261021,32,0,0.14971689269607538,0.149722746318485,0.5591994383581236,0.14136092262731606,positive,negative,zero,half
california,gradual_flip,20261021,40,0,0.19611142250040853,0.19314743382833052,0.4166684331070112,0.1940727105642496,positive,negative,zero,half
california,gradual_flip,20261021,48,0,0.23678486923843767,0.25007606339710503,0.28135211519618114,0.23178695216827602,positive,negative,zero,half
california,gradual_flip,20261021,56,1,0.2479340461028387,0.24165118485847714,0.27202467846100115,0.23839009057768293,positive,negative,zero,half
california,gradual_flip,20261021,64,1,0.21858084120324242,0.20334259269719063,0.3785772257074506,0.19949934039211634,positive,negative,zero,half
california,gradual_flip,20261021,72,1,0.16228771337581077,0.16047890578955348,0.531442011047389,0.14579136978724674,positive,negative,zero,half
california,drastic_flip,20261018,16,0,0.09964551931666417,0.10027355989998518,0.7004066867052913,0.09967423407805953,positive,negative,zero,half
california,drastic_flip,20261018,24,0,0.10549133434066534,0.1020387830143882,0.6902209557856621,0.10224892685928436,positive,negative,zero,half
california,drastic_flip,20261018,32,0,0.09756256478402409,0.10274775102401346,0.7044723833480232,0.09521730084393937,positive,negative,zero,half
california,drastic_flip,20261018,40,1,0.10464586944163302,0.10611073167069367,0.692660705841479,0.09658269304619437,positive,negative,zero,half
california,drastic_flip,20261018,48,1,0.0990907083455071,0.10094298886502763,0.7001728632197358,0.09979343956972958,positive,negative,zero,half
california,drastic_flip,20261018,56,1,0.10788891193790427,0.10978630831644531,0.6750510569336469,0.10727372281200359,positive,negative,zero,half
california,drastic_flip,20261018,64,1,0.10451636164572492,0.09906283921849462,0.7006514036447479,0.09576939549103271,positive,negative,zero,half
california,drastic_flip,20261018,72,1,0.10558249254838553,0.10516749705317371,0.6795815252183594,0.10966848518008132,positive,negative,zero,half
california,drastic_flip,20261019,16,0,0.11188604974646459,0.10563334165742605,0.6740931949164546,0.10838741367965475,positive,negative,zero,half
california,drastic_flip,20261019,24,0,0.10501436549058552,0.10569304265854913,0.6809460103582834,0.10834658149258193,positive,negative,zero,half
california,drastic_flip,20261019,32,0,0.10160595756272127,0.10940984942754882,0.6808434932761483,0.1081406997335814,positive,negative,zero,half
california,drastic_flip,20261019,40,1,0.10815250175620628,0.10888303183494885,0.6799266157808641,0.10303785062798071,positive,negative,zero,half
california,drastic_flip,20261019,48,1,0.11480615971726868,0.11140174941302673,0.6623199951974452,0.11147209567225945,positive,negative,zero,half
california,drastic_flip,20261019,56,1,0.10098192140692457,0.10116641443072891,0.6918330632200674,0.10601860094227909,positive,negative,zero,half
california,drastic_flip,20261019,64,1,0.10952817740641484,0.10743227918399403,0.6786123552957188,0.10442718811387233,positive,negative,zero,half
california,drastic_flip,20261019,72,1,0.1004723857888918,0.10126907316014581,0.6982519911831885,0.10000654986777406,positive,negative,zero,half
california,drastic_flip,20261020,16,0,0.098048818262263,0.09564212233953537,0.7063232714090942,0.09998578798910747,positive,negative,zero,half
california,drastic_flip,20261020,24,0,0.10848415759732093,0.10516868942725081,0.6746900708108055,0.11165708216462285,positive,negative,zero,half
california,drastic_flip,20261020,32,0,0.09926562538968893,0.09771139351850788,0.702131298953552,0.10089168213825135,positive,negative,zero,half
california,drastic_flip,20261020,40,1,0.10712631250305482,0.11773891385075244,0.6669662374880571,0.10816853615813565,positive,negative,zero,half
california,drastic_flip,20261020,48,1,0.10690840461349714,0.10412048847994385,0.6882155307298808,0.10075557617667814,positive,negative,zero,half
california,drastic_flip,20261020,56,1,0.10744955472139206,0.10488701664470937,0.681094045798178,0.1065693828357207,positive,negative,zero,half
california,drastic_flip,20261020,64,1,0.11278701099419478,0.11091158433100581,0.6679330150413717,0.10836838963342765,positive,negative,zero,half
california,drastic_flip,20261020,72,1,0.09913366147847717,0.0942988880787823,0.7022561920218707,0.10431125842086982,positive,negative,zero,half
california,drastic_flip,20261021,16,0,0.08973913460304313,0.0992773885571951,0.7107729070786086,0.10021056976115306,positive,negative,zero,half
california,drastic_flip,20261021,24,0,0.10817851516418832,0.0995470163732531,0.6851164275752096,0.10715804088734901,positive,negative,zero,half
california,drastic_flip,20261021,32,0,0.1072517598930001,0.10558133533913393,0.6859801574637566,0.10118674730410948,positive,negative,zero,half
california,drastic_flip,20261021,40,1,0.10387951717930334,0.10210932030503078,0.69243171030446,0.10157945221120582,positive,negative,zero,half
california,drastic_flip,20261021,48,1,0.10961677502552296,0.11435907378793699,0.6690280636223989,0.10699608756414122,positive,negative,zero,half
california,drastic_flip,20261021,56,1,0.10764113095942311,0.10578593925452706,0.681795010875281,0.1047779189107688,positive,negative,zero,half
california,drastic_flip,20261021,64,1,0.10778355167238365,0.0986371336944738,0.696343760373202,0.09723555425994058,positive,negative,zero,half
california,drastic_flip,20261021,72,1,0.10461747563385258,0.10507216041114471,0.6936851752769679,0.0966251886780347,positive,negative,zero,half
california,gradual_die,20261018,16,0,0.039700450578217326,0.13724718317696447,0.2374090271194729,0.5856433391253453,both,stable,dying,zero
california,gradual_die,20261018,24,0,0.044514200749549496,0.12559680852568814,0.2421562257737937,0.5877327649509686,both,stable,dying,zero
california,gradual_die,20261018,32,0,0.044973132138392345,0.12345771822735986,0.2472524499772153,0.5843166996570325,both,stable,dying,zero
california,gradual_die,20261018,40,0,0.056740123972421445,0.11930260019914395,0.28462986060945084,0.5393274152189838,both,stable,dying,zero
california,gradual_die,20261018,48,0,0.061619545854707504,0.1304055928464639,0.2642076634928711,0.5437671978059574,both,stable,dying,zero
california,gradual_die,20261018,56,1,0.07841241166075598,0.08509889112995624,0.3064602555095953,0.5300284416996924,both,stable,dying,zero
california,gradual_die,20261018,64,1,0.10163530384756814,0.07450017923212625,0.3185237225423682,0.5053407943779374,both,stable,dying,zero
california,gradual_die,20261018,72,1,0.10172492793882071,0.06959198443358115,0.3350532575544757,0.49362983007312244,both,stable,dying,zero
california,gradual_die,20261019,16,0,0.02396579870262318,0.12769914372659544,0.4593847723444935,0.38895028522628783,both,stable,dying,zero
california,gradual_die,20261019,24,0,0.043412528430052756,0.13733842620067843,0.2541435545958813,0.5651054907733877,both,stable,dying,zero
california,gradual_die,20261019,32,0,0.0413003458780425,0.11605366084025241,0.22698573993338717,0.6156602533483179,both,stable,dying,zero
california,gradual_die,20261019,40,0,0.057973576029481055,0.11208339632870958,0.27100835723766686,0.5589346704041426,both,stable,dying,zero
california,gradual_die,20261019,48,0,0.07049968418223841,0.09601325464124613,0.28874702716433354,0.5447400340121821,both,stable,dying,zero
california,gradual_die,20261019,56,1,0.07812653356937033,0.11609679604520677,0.326755219261864,0.4790214511235589,both,stable,dying,zero
california,gradual_die,20261019,64,1,0.08766036213908524,0.07063273264787275,0.3772216144122899,0.464485290800752,both,stable,dying,zero
california,gradual_die,20261019,72,1,0.11015949175129815,0.07090315615965026,0.35289388763040097,0.4660434644586506,both,stable,dying,zero
california,gradual_die,20261020,16,0,0.0415615342028506,0.1358290089871963,0.24867596420707877,0.5739334926028743,both,stable,dying,zero
california,gradual_die,20261020,24,0,0.04626524850162048,0.16347318090421395,0.23330142211496133,0.5569601484792044,both,stable,dying,zero
california,gradual_die,20261020,32,0,0.046484555689670255,0.12711220224882175,0.2716069715757693,0.5547962704857387,both,stable,dying,zero
california,gradual_die,20261020,40,0,0.05744859720081952,0.1168668702572568,0.263041595859105,0.5626429366828186,both,stable,dying,zero
california,gradual_die,20261020,48,0,0.06828293931597466,0.08887061861045778,0.3368891714354082,0.5059572706381595,both,stable,dying,zero
california,gradual_die,20261020,56,1,0.0808561615614177,0.09313242601191195,0.31118337242056243,0.5148280400061079,both,stable,dying,zero
california,gradual_die,20261020,64,1,0.09603971749923938,0.07841057963787963,0.3469121111561516,0.4786375917067294,both,stable,dying,zero
california,gradual_die,20261020,72,1,0.10365988939587961,0.06381150099490866,0.3556427949612187,0.47688581464799307,both,stable,dying,zero
california,gradual_die,20261021,16,0,0.03692433851797655,0.14023180935321172,0.23700744205702548,0.5858364100717862,both,stable,dying,zero
california,gradual_die,20261021,24,0,0.044770283922575066,0.12431060165430745,0.22893075254182854,0.601988361881289,both,stable,dying,zero
california,gradual_die,20261021,32,0,0.041573959851983165,0.12006829294704885,0.22775591163852046,0.6106018355624475,both,stable,dying,zero
california,gradual_die,20261021,40,0,0.05580857683019958,0.10502528856461231,0.294331667862267,0.5448344667429211,both,stable,dying,zero
california,gradual_die,20261021,48,0,0.06723982829176277,0.10107658520714204,0.3102343887875156,0.5214491977135797,both,stable,dying,zero
california,gradual_die,20261021,56,1,0.08251823493775612,0.07641199666518801,0.3389629249868523,0.5021068434102036,both,stable,dying,zero
california,gradual_die,20261021,64,1,0.08590416512632915,0.07644917875390539,0.35011109613179653,0.48753555998796905,both,stable,dying,zero
california,gradual_die,20261021,72,1,0.10388822420476412,0.06760066775845448,0.319636260919125,0.5088748471176563,both,stable,dying,zero
california,drastic_die,20261018,16,0,0.039700450578217326,0.13724718317696447,0.2374090271194729,0.5856433391253453,both,stable,dying,zero
california,drastic_die,20261018,24,0,0.044074285188682887,0.12734829435278672,0.23961692567133044,0.5889604947872,both,stable,dying,zero
california,drastic_die,20261018,32,0,0.03955801189539116,0.14065895410909537,0.22688032326967744,0.592902710725836,both,stable,dying,zero
california,drastic_die,20261018,40,1,0.04265390639913735,0.15428653430175324,0.24082897021854371,0.5622305890805656,both,stable,dying,zero
california,drastic_die,20261018,48,1,0.19049277707103326,0.05641444922899929,0.34293701285203915,0.4101557608479284,both,stable,dying,zero
california,drastic_die,20261018,56,1,0.14158079977197496,0.06753726550172338,0.3462613888789297,0.44462054584737193,both,stable,dying,zero
california,drastic_die,20261018,64,1,0.15060677712359902,0.06427321005150056,0.3429697739707231,0.4421502388541773,both,stable,dying,zero
california,drastic_die,20261018,72,1,0.12666375029205823,0.06624569095350895,0.34826840881921617,0.45882214993521664,both,stable,dying,zero
california,drastic_die,20261019,16,0,0.02396579870262318,0.12769914372659544,0.4593847723444935,0.38895028522628783,both,stable,dying,zero
california,drastic_die,20261019,24,0,0.04295013006206462,0.1387259700755739,0.25226793357471167,0.5660559662876498,both,stable,dying,zero
california,drastic_die,20261019,32,0,0.03722138740409959,0.12905908601623275,0.20709827104078246,0.6266212555388853,both,stable,dying,zero
california,drastic_die,20261019,40,1,0.04479410405769131,0.14313996593611628,0.23058424273005784,0.5814816872761347,both,stable,dying,zero
california,drastic_die,20261019,48,1,0.14472309320032437,0.07163790590876648,0.35222849095789494,0.43141050993301416,both,stable,dying,zero
california,drastic_die,20261019,56,1,0.15386709074129387,0.05968962303451014,0.3780624999936071,0.40838078623058893,both,stable,dying,zero
california,drastic_die,20261019,64,1,0.12195569943278367,0.06038413663684314,0.3955903822388464,0.42206978169152665,both,stable,dying,zero
california,drastic_die,20261019,72,1,0.13484986501191445,0.06927248489506586,0.3649418946528666,0.43093575544015306,both,stable,dying,zero
california,drastic_die,20261020,16,0,0.0415615342028506,0.1358290089871963,0.24867596420707877,0.5739334926028743,both,stable,dying,zero
california,drastic_die,20261020,24,0,0.045191552850484644,0.16800519299699715,0.22907119192938724,0.557732062223131,both,stable,dying,zero
california,drastic_die,20261020,32,0,0.041537008472419534,0.1425279099654493,0.249482227442966,0.5664528541191651,both,stable,dying,zero
california,drastic_die,20261020,40,1,0.04421285595799645,0.1456348916158537,0.22274191283666922,0.5874103395894806,both,stable,dying,zero
california,drastic_die,20261020,48,1,0.1317967309450804,0.0684029884912894,0.3922523771482331,0.40754790341539715,both,stable,dying,zero
california,drastic_die,20261020,56,1,0.14932589240613348,0.06541850101878115,0.35766268247660066,0.4275929240984846,both,stable,dying,zero
california,drastic_die,20261020,64,1,0.14295348488452506,0.06495879263219143,0.3737853259534338,0.4183023965298497,both,stable,dying,zero
california,drastic_die,20261020,72,1,0.128329046589557,0.060803892637741115,0.36655226518143086,0.444314795591271,both,stable,dying,zero
california,drastic_die,20261021,16,0,0.03692433851797655,0.14023180935321172,0.23700744205702548,0.5858364100717862,both,stable,dying,zero
california,drastic_die,20261021,24,0,0.044390088810501396,0.12543289382426012,0.2274992968387781,0.6026777205264604,both,stable,dying,zero
california,drastic_die,20261021,32,0,0.03563479140766714,0.1338884688607789,0.2021175708211854,0.6283591689103686,both,stable,dying,zero
california,drastic_die,20261021,40,1,0.043897156626304765,0.1353303914774661,0.249981399743368,0.5707910521528612,both,stable,dying,zero
california,drastic_die,20261021,48,1,0.1445073503193513,0.0679153212146579,0.3710187632499777,0.41655856521601303,both,stable,dying,zero
california,drastic_die,20261021,56,1,0.1381995829708934,0.06551071146057189,0.37334231956005065,0.42294738600848414,both,stable,dying,zero
california,drastic_die,20261021,64,1,0.11978940060992305,0.06730928751507258,0.3782723540165476,0.43462895785845684,both,stable,dying,zero
california,drastic_die,20261021,72,1,0.12653137330997136,0.06733370415590959,0.33220485542330175,0.47393006711081725,both,stable,dying,zero
california,gradual_nonlin,20261018,16,0,0.03890341450140535,0.4691631742116923,0.2734514490898444,0.21848196219705793,linear,linear_plus,zero,other_block
california,gradual_nonlin,20261018,24,0,0.049353858696926066,0.33874601917490305,0.32504735624086306,0.2868527658873078,linear,linear_plus,zero,other_block
california,gradual_nonlin,20261018,32,0,0.06357746256410177,0.08457150913081712,0.4660708506376329,0.3857801776674481,linear,linear_plus,zero,other_block
california,gradual_nonlin,20261018,40,0,0.09771570490719922,0.1611629641098436,0.3957514671187644,0.3453698638641928,linear,linear_plus,zero,other_block
california,gradual_nonlin,20261018,48,0,0.05899812186170534,0.0350493848415541,0.15370142538197923,0.7522510679147615,linear,linear_plus,zero,other_block
california,gradual_nonlin,20261018,56,1,0.001199610408222704,0.9972646648734683,0.00014926195714754797,0.0013864627611615001,linear,linear_plus,zero,other_block
california,gradual_nonlin,20261018,64,1,0.07932833454269697,0.057118829813072376,0.44868368293462757,0.4148691527096031,linear,linear_plus,zero,other_block
california,gradual_nonlin,20261018,72,1,0.2781072055087203,0.015952408914897107,0.149577122395334,0.5563632631810487,linear,linear_plus,zero,other_block
california,gradual_nonlin,20261019,16,0,0.042985156463668704,0.2462847545283665,0.25897778606214233,0.45175230294582236,linear,linear_plus,zero,other_block
california,gradual_nonlin,20261019,24,0,0.509796169229195,0.14905077957974236,0.17345913679423655,0.16769391439682593,linear,linear_plus,zero,other_block
california,gradual_nonlin,20261019,32,0,0.21015927540935803,0.035782755793935736,0.2531455041090556,0.5009124646876506,linear,linear_plus,zero,other_block
california,gradual_nonlin,20261019,40,0,0.1301575274941216,0.14423910680080504,0.3914021207277019,0.3342012449773714,linear,linear_plus,zero,other_block
california,gradual_nonlin,20261019,48,0,0.0013946691381470685,0.000345605448705814,0.005673172152797346,0.9925865532603497,linear,linear_plus,zero,other_block
california,gradual_nonlin,20261019,56,1,0.0765341708676822,0.06768994962832799,0.47740509936079667,0.3783707801431931,linear,linear_plus,zero,other_block
california,gradual_nonlin,20261019,64,1,0.0724187746246426,0.03165021713392033,0.22506860378907287,0.6708624044523642,linear,linear_plus,zero,other_block
california,gradual_nonlin,20261019,72,1,0.26029078408574563,0.013454246446243313,0.3822092673539793,0.34404570211403174,linear,linear_plus,zero,other_block
california,gradual_nonlin,20261020,16,0,0.0006124102309732347,0.9909791829504468,0.004411675790200701,0.003996731028379381,linear,linear_plus,zero,other_block
california,gradual_nonlin,20261020,24,0,0.056362672135904915,0.3122626544273376,0.347190256469162,0.2841844169675954,linear,linear_plus,zero,other_block
california,gradual_nonlin,20261020,32,0,0.05894056549368366,0.2058928278564133,0.41332601668000324,0.3218405899698997,linear,linear_plus,zero,other_block
california,gradual_nonlin,20261020,40,0,1.536852878704868e-05,0.9992346859160836,0.00035973090132454327,0.0003902146538049927,linear,linear_plus,zero,other_block
california,gradual_nonlin,20261020,48,0,0.2318191303596248,0.0693086578677841,0.46685973235628203,0.2320124794163091,linear,linear_plus,zero,other_block
california,gradual_nonlin,20261020,56,1,0.13448284454996073,0.0827921784385882,0.3687139765004525,0.41401100051099854,linear,linear_plus,zero,other_block
california,gradual_nonlin,20261020,64,1,0.03545036595532166,0.7876864133891675,0.1236141659688005,0.05324905468671045,linear,linear_plus,zero,other_block
california,gradual_nonlin,20261020,72,1,0.4283152808656591,0.0019252203092693192,0.29351567585662364,0.27624382296844796,linear,linear_plus,zero,other_block
california,gradual_nonlin,20261021,16,0,0.05152920154259029,0.1834689546058641,0.40813364806645264,0.356868195785093,linear,linear_plus,zero,other_block
california,gradual_nonlin,20261021,24,0,0.014909006894920761,0.811108126308245,0.09351571993636221,0.0804671468604721,linear,linear_plus,zero,other_block
california,gradual_nonlin,20261021,32,0,0.03213200221140064,0.13698769270560754,0.2190310267173624,0.6118492783656294,linear,linear_plus,zero,other_block
california,gradual_nonlin,20261021,40,0,0.05984974896023727,0.11856294326892813,0.41463204948944027,0.4069552582813942,linear,linear_plus,zero,other_block
california,gradual_nonlin,20261021,48,0,0.26251707805638413,0.03388826745586635,0.3477799764752926,0.355814678012457,linear,linear_plus,zero,other_block
california,gradual_nonlin,20261021,56,1,0.03907569477475834,0.033297754733657405,0.39692526092768393,0.5307012895639004,linear,linear_plus,zero,other_block
california,gradual_nonlin,20261021,64,1,0.1423402366522249,0.024010045690415763,0.4151179022158646,0.41853181544149487,linear,linear_plus,zero,other_block
california,gradual_nonlin,20261021,72,1,0.05760739568770519,0.03238916624872359,0.4375116796684342,0.47249175839513696,linear,linear_plus,zero,other_block
california,drastic_nonlin,20261018,16,0,0.03890341450140535,0.4691631742116923,0.2734514490898444,0.21848196219705793,linear,linear_plus,zero,other_block
california,drastic_nonlin,20261018,24,0,0.049661832125242646,0.33864928152640017,0.3249332037535766,0.2867556825947807,linear,linear_plus,zero,other_block
california,drastic_nonlin,20261018,32,0,0.06373540492653436,0.09469887366250444,0.46021578780388284,0.3813499336070783,linear,linear_plus,zero,other_block
california,drastic_nonlin,20261018,40,1,0.05510120688560417,0.27225023533020454,0.364719993801452,0.3079285639827392,linear,linear_plus,zero,other_block
california,drastic_nonlin,20261018,48,1,0.06926305694575703,0.0037217892066847883,0.10303572863233265,0.8239794252152255,linear,linear_plus,zero,other_block
california,drastic_nonlin,20261018,56,1,0.46225092399120027,0.013126849653716749,0.024039646572657405,0.5005825797824257,linear,linear_plus,zero,other_block
california,drastic_nonlin,20261018,64,1,0.08878356143212061,0.04640009909037863,0.43920040042600184,0.42561593905149897,linear,linear_plus,zero,other_block
california,drastic_nonlin,20261018,72,1,0.29631046650989573,0.011224108449078875,0.1309989152970509,0.5614665097439745,linear,linear_plus,zero,other_block
california,drastic_nonlin,20261019,16,0,0.042985156463668704,0.2462847545283665,0.25897778606214233,0.45175230294582236,linear,linear_plus,zero,other_block
california,drastic_nonlin,20261019,24,0,0.051599009484860306,0.3154940427369519,0.3345841255433266,0.2983228222348611,linear,linear_plus,zero,other_block
california,drastic_nonlin,20261019,32,0,0.04629924793019949,0.3497392882629763,0.3102430453194308,0.2937184184873934,linear,linear_plus,zero,other_block
california,drastic_nonlin,20261019,40,1,0.060268684104400436,0.24073063802093242,0.3788935230831998,0.32010715479146745,linear,linear_plus,zero,other_block
california,drastic_nonlin,20261019,48,1,0.0012048167591155576,1.8942675805428924e-05,0.004996717190617099,0.993779523374462,linear,linear_plus,zero,other_block
california,drastic_nonlin,20261019,56,1,0.10159129517901906,0.044609916539905446,0.4817359055413191,0.37206288273975635,linear,linear_plus,zero,other_block
california,drastic_nonlin,20261019,64,1,0.0740848635576956,0.01127511342019551,0.17789454055511908,0.7367454824669898,linear,linear_plus,zero,other_block
california,drastic_nonlin,20261019,72,1,0.27307595900170384,0.008779143912781697,0.37782960969933477,0.3403152873861797,linear,linear_plus,zero,other_block
california,drastic_nonlin,20261020,16,0,0.0006124102309732347,0.9909791829504468,0.004411675790200701,0.003996731028379381,linear,linear_plus,zero,other_block
california,drastic_nonlin,20261020,24,0,0.05586636924057629,0.31544180288897217,0.3474469033421139,0.2812449245283375,linear,linear_plus,zero,other_block
california,drastic_nonlin,20261020,32,0,0.05457893914652296,0.26319961271691045,0.38605087398598736,0.29617057415057924,linear,linear_plus,zero,other_block
california,drastic_nonlin,20261020,40,1,7.761285360183605e-06,0.9999022213595862,4.832160441072949e-05,4.1695750642879614e-05,linear,linear_plus,zero,other_block
california,drastic_nonlin,20261020,48,1,0.3748849544491529,0.009043735369195751,0.46327000800705403,0.15280130217459734,linear,linear_plus,zero,other_block
california,drastic_nonlin,20261020,56,1,0.23686513851505103,0.02890634107305022,0.2807702824152332,0.45345823799666546,linear,linear_plus,zero,other_block
california,drastic_nonlin,20261020,64,1,0.1531553540461095,0.009593662258199994,0.6207813027119162,0.2164696809837743,linear,linear_plus,zero,other_block
california,drastic_nonlin,20261020,72,1,0.4212761538177872,0.000813075764726459,0.2977334170379255,0.2801773533795609,linear,linear_plus,zero,other_block
california,drastic_nonlin,20261021,16,0,0.05152920154259029,0.1834689546058641,0.40813364806645264,0.356868195785093,linear,linear_plus,zero,other_block
california,drastic_nonlin,20261021,24,0,0.01544072261890886,0.8032298224694968,0.0977892209353283,0.08354023397626598,linear,linear_plus,zero,other_block
california,drastic_nonlin,20261021,32,0,0.050073862373507486,0.31579670042764507,0.32027144384452205,0.31385799335432546,linear,linear_plus,zero,other_block
california,drastic_nonlin,20261021,40,1,0.05676145040276097,0.25320889152199116,0.37835589969007155,0.31167375838517636,linear,linear_plus,zero,other_block
california,drastic_nonlin,20261021,48,1,0.31481765399176265,0.003058386618901791,0.33945687809747194,0.3426670812918636,linear,linear_plus,zero,other_block
california,drastic_nonlin,20261021,56,1,0.03532501307659488,0.005090075013592617,0.35745767331654,0.6021272385932726,linear,linear_plus,zero,other_block
california,drastic_nonlin,20261021,64,1,0.17220460260770146,0.008373442216699329,0.400294512346725,0.41912744282887426,linear,linear_plus,zero,other_block
california,drastic_nonlin,20261021,72,1,0.05732461754673186,0.021961813209860778,0.45296402186844253,0.4677495473749648,linear,linear_plus,zero,other_block
california,gradual_noise,20261018,16,0,0.04946720198448187,0.49569978908477846,0.0501339232700186,0.40469908566072116,linear,zero,half,irrelevant
california,gradual_noise,20261018,24,0,0.05432326497380634,0.4875407411974582,0.04989442430127761,0.40824156952745794,linear,zero,half,irrelevant
california,gradual_noise,20261018,32,0,0.09072202228419374,0.44259871880518037,0.08753715188112562,0.3791421070295003,linear,zero,half,irrelevant
california,gradual_noise,20261018,40,0,0.1273846805417976,0.41592463228320214,0.11973333118444011,0.3369573559905602,linear,zero,half,irrelevant
california,gradual_noise,20261018,48,0,0.10903538889510418,0.2526645182909085,0.11048816132550941,0.5278119314884777,linear,zero,half,irrelevant
california,gradual_noise,20261018,56,1,0.17712403745997887,0.34541775657425083,0.172430910055777,0.30502729590999333,linear,zero,half,irrelevant
california,gradual_noise,20261018,64,1,0.21074590006041463,0.3072422909685432,0.1858207967233801,0.29619101224766203,linear,zero,half,irrelevant
california,gradual_noise,20261018,72,1,0.20092611422369194,0.3061342424635091,0.18978830878039263,0.3031513345324064,linear,zero,half,irrelevant
california,gradual_noise,20261019,16,0,0.0367317565726477,0.3363778356440463,0.03514682414452974,0.5917435836387762,linear,zero,half,irrelevant
california,gradual_noise,20261019,24,0,0.05729296352103653,0.4585778790459678,0.05541168626794957,0.4287174711650461,linear,zero,half,irrelevant
california,gradual_noise,20261019,32,0,0.08426069290494881,0.45589611489482423,0.09083261322489249,0.36901057897533457,linear,zero,half,irrelevant
california,gradual_noise,20261019,40,0,0.13533361706719005,0.4014512153903973,0.12424141447799192,0.3389737530644207,linear,zero,half,irrelevant
california,gradual_noise,20261019,48,0,0.1660363320850006,0.322284597338396,0.1702534695828058,0.3414256009937977,linear,zero,half,irrelevant
california,gradual_noise,20261019,56,1,0.1719663435495166,0.3409812680261712,0.1760313106211036,0.31102107780320853,linear,zero,half,irrelevant
california,gradual_noise,20261019,64,1,0.18934618628443858,0.3287559018095585,0.17683606101965685,0.305061850886346,linear,zero,half,irrelevant
california,gradual_noise,20261019,72,1,0.20814638588214845,0.29888861235006714,0.21901537045811273,0.27394963130967165,linear,zero,half,irrelevant
california,gradual_noise,20261020,16,0,0.043903443620113496,0.49482509912708156,0.043516830808376,0.4177546264444289,linear,zero,half,irrelevant
california,gradual_noise,20261020,24,0,0.05754781926691588,0.49542195270843836,0.061565588643367475,0.38546463938127834,linear,zero,half,irrelevant
california,gradual_noise,20261020,32,0,0.09796809211899189,0.4524103620957935,0.0880298312477208,0.3615917145374937,linear,zero,half,irrelevant
california,gradual_noise,20261020,40,0,0.1358461885535976,0.3819857741890798,0.13579132702670493,0.3463767102306176,linear,zero,half,irrelevant
california,gradual_noise,20261020,48,0,0.17491647279839517,0.35445355129815637,0.16563245670408605,0.3049975191993623,linear,zero,half,irrelevant
california,gradual_noise,20261020,56,1,0.18338350399496203,0.31555440529386414,0.19287857684284018,0.30818351386833365,linear,zero,half,irrelevant
california,gradual_noise,20261020,64,1,0.20223148888049616,0.3153247259932284,0.19651976652851913,0.28592401859775624,linear,zero,half,irrelevant
california,gradual_noise,20261020,72,1,0.19759598944649392,0.2786243355353166,0.21910930971594778,0.30467036530224173,linear,zero,half,irrelevant
california,gradual_noise,20261021,16,0,0.04418145567151756,0.45995847632833714,0.04822994700114616,0.4476301209989991,linear,zero,half,irrelevant
california,gradual_noise,20261021,24,0,0.05755774980936586,0.4855076041040681,0.05751146773779992,0.399423178348766,linear,zero,half,irrelevant
california,gradual_noise,20261021,32,0,0.09230670348172716,0.4135519070470898,0.0981138071788777,0.3960275822923054,linear,zero,half,irrelevant
california,gradual_noise,20261021,40,0,0.13493929801767796,0.3847593672912889,0.13068824496613618,0.34961308972489696,linear,zero,half,irrelevant
california,gradual_noise,20261021,48,0,0.1599635692049165,0.3465744164703449,0.16653687934324135,0.3269251349814973,linear,zero,half,irrelevant
california,gradual_noise,20261021,56,1,0.17629808737590003,0.3320374165999384,0.1880637898910258,0.3036007061331359,linear,zero,half,irrelevant
california,gradual_noise,20261021,64,1,0.20801726805176876,0.31484599614282355,0.2068878394208506,0.270248896384557,linear,zero,half,irrelevant
california,gradual_noise,20261021,72,1,0.2069987349752014,0.3095905900962016,0.21043687715797715,0.27297379777061986,linear,zero,half,irrelevant
california,drastic_noise,20261018,16,0,0.04946720198448187,0.49569978908477846,0.0501339232700186,0.40469908566072116,linear,zero,half,irrelevant
california,drastic_noise,20261018,24,0,0.04885698587120286,0.49454698729908686,0.044845757635867754,0.41175026919384256,linear,zero,half,irrelevant
california,drastic_noise,20261018,32,0,0.04711728426331896,0.49548910814211666,0.04555458229583996,0.4118390252987245,linear,zero,half,irrelevant
california,drastic_noise,20261018,40,1,0.04894731068772185,0.5090091888159228,0.04588123125149361,0.3961622692448616,linear,zero,half,irrelevant
california,drastic_noise,20261018,48,1,0.17813272414800704,0.2433617678472731,0.17914732260328725,0.39935818540143253,linear,zero,half,irrelevant
california,drastic_noise,20261018,56,1,0.21149374470133495,0.30288510523738676,0.20593642819927327,0.2796847218620051,linear,zero,half,irrelevant
california,drastic_noise,20261018,64,1,0.23339668089401494,0.28434293307926006,0.20498028448104585,0.2772801015456792,linear,zero,half,irrelevant
california,drastic_noise,20261018,72,1,0.21111627822106938,0.29356051339557365,0.20035091408816183,0.29497229429519517,linear,zero,half,irrelevant
california,drastic_noise,20261019,16,0,0.0367317565726477,0.3363778356440463,0.03514682414452974,0.5917435836387762,linear,zero,half,irrelevant
california,drastic_noise,20261019,24,0,0.05109426433888,0.4647408957276825,0.04913902117022922,0.43502581876320834,linear,zero,half,irrelevant
california,drastic_noise,20261019,32,0,0.0433630202313412,0.5036435015624324,0.04643186210916293,0.4065616160970635,linear,zero,half,irrelevant
california,drastic_noise,20261019,40,1,0.052434280828903154,0.4958008517789503,0.04836943549349732,0.4033954318986492,linear,zero,half,irrelevant
california,drastic_noise,20261019,48,1,0.22046422894876824,0.2705494347663596,0.22844375725806632,0.2805425790268058,linear,zero,half,irrelevant
california,drastic_noise,20261019,56,1,0.20878136036441258,0.2930665049702843,0.2128012925724138,0.28535084209288925,linear,zero,half,irrelevant
california,drastic_noise,20261019,64,1,0.21220043583550438,0.3028195024643829,0.19921109066678275,0.28576897103333,linear,zero,half,irrelevant
california,drastic_noise,20261019,72,1,0.21770877312501882,0.28687630032411615,0.22851471227226752,0.26690021427859745,linear,zero,half,irrelevant
california,drastic_noise,20261020,16,0,0.043903443620113496,0.49482509912708156,0.043516830808376,0.4177546264444289,linear,zero,half,irrelevant
california,drastic_noise,20261020,24,0,0.05295066906104384,0.5032289042875623,0.05630337847148217,0.3875170481799118,linear,zero,half,irrelevant
california,drastic_noise,20261020,32,0,0.04967024323809409,0.5079765512127032,0.04479227537729714,0.3975609301719056,linear,zero,half,irrelevant
california,drastic_noise,20261020,40,1,0.05329851382924988,0.4778184914780236,0.05356578440276001,0.41531721028996665,linear,zero,half,irrelevant
california,drastic_noise,20261020,48,1,0.22832971180454434,0.2883975935402307,0.21646394875648226,0.26680874589874276,linear,zero,half,irrelevant
california,drastic_noise,20261020,56,1,0.21743458273076582,0.27604230667316837,0.22903632551768174,0.27748678507838415,linear,zero,half,irrelevant
california,drastic_noise,20261020,64,1,0.22223239030770436,0.29178894406773503,0.21523316450074237,0.27074550112381834,linear,zero,half,irrelevant
california,drastic_noise,20261020,72,1,0.20773346263071674,0.2658928141534879,0.23017047200733173,0.2962032512084635,linear,zero,half,irrelevant
california,drastic_noise,20261021,16,0,0.04418145567151756,0.45995847632833714,0.04822994700114616,0.4476301209989991,linear,zero,half,irrelevant
california,drastic_noise,20261021,24,0,0.05137448367365943,0.4937251875494224,0.051204089581328785,0.4036962391955893,linear,zero,half,irrelevant
california,drastic_noise,20261021,32,0,0.047629417583343096,0.4598718459323777,0.050543638762614876,0.4419550977216643,linear,zero,half,irrelevant
california,drastic_noise,20261021,40,1,0.05193128643036397,0.4827517869213296,0.049883684508676945,0.41543324213962957,linear,zero,half,irrelevant
california,drastic_noise,20261021,48,1,0.21463109283579002,0.2854987735534433,0.2219750803198427,0.277895053290924,linear,zero,half,irrelevant
california,drastic_noise,20261021,56,1,0.21117425311889687,0.2898719740062347,0.2243475572421439,0.2746062156327246,linear,zero,half,irrelevant
california,drastic_noise,20261021,64,1,0.22901025195879138,0.2877783961612143,0.22750596267689382,0.2557053892031005,linear,zero,half,irrelevant
california,drastic_noise,20261021,72,1,0.2167424646546869,0.2967789385381975,0.22176595875141256,0.2647126380557031,linear,zero,half,irrelevant
covertype,gradual_relocate,20261018,16,0,0.007917926177314473,0.2907492730203767,0.414041451561731,0.28729134924057786,stale,fresh,blend,zero
covertype,gradual_relocate,20261018,24,0,0.013042474119529855,0.40219831680330775,0.1811209347191475,0.40363827435801486,stale,fresh,blend,zero
covertype,gradual_relocate,20261018,32,0,0.025648446500904726,0.4350586173283809,0.12770440983995596,0.4115885263307585,stale,fresh,blend,zero
covertype,gradual_relocate,20261018,40,0,0.09154561210092457,0.3783057983904815,0.07368738295905436,0.45646120654953953,stale,fresh,blend,zero
covertype,gradual_relocate,20261018,48,0,0.16563235507598825,0.29145193933535746,0.037050000818499164,0.505865704770155,stale,fresh,blend,zero
covertype,gradual_relocate,20261018,56,1,0.31878598769223954,0.16188532754696358,0.03150171976674801,0.48782696499404904,stale,fresh,blend,zero
covertype,gradual_relocate,20261018,64,1,0.35093744185250075,0.07208267147031056,0.06665088137004263,0.5103290053071461,stale,fresh,blend,zero
covertype,gradual_relocate,20261018,72,1,0.4542728552856696,0.02797309737790934,0.09318091436251885,0.42457313297390215,stale,fresh,blend,zero
covertype,gradual_relocate,20261019,16,0,0.012895245202409467,0.4016240741644979,0.17878121685678072,0.40669946377631194,stale,fresh,blend,zero
covertype,gradual_relocate,20261019,24,0,0.015472984609780414,0.3949376286963576,0.2189934458016157,0.37059594089224634,stale,fresh,blend,zero
covertype,gradual_relocate,20261019,32,0,0.032123812284860075,0.39610938505518956,0.1576433961229807,0.4141234065369698,stale,fresh,blend,zero
covertype,gradual_relocate,20261019,40,0,0.0790213241717174,0.3650683045264105,0.07817338567892479,0.4777369856229474,stale,fresh,blend,zero
covertype,gradual_relocate,20261019,48,0,0.1882993444444197,0.27286669229297006,0.03892012297173776,0.4999138402908725,stale,fresh,blend,zero
covertype,gradual_relocate,20261019,56,1,0.30240257195399195,0.1702655835468165,0.029321635011975773,0.49801020948721575,stale,fresh,blend,zero
covertype,gradual_relocate,20261019,64,1,0.27956848794140854,0.051578198713605035,0.12565167252475562,0.5432016408202308,stale,fresh,blend,zero
covertype,gradual_relocate,20261019,72,1,0.3789523043379432,0.03010234451233785,0.10867937958985469,0.4822659715598643,stale,fresh,blend,zero
covertype,gradual_relocate,20261020,16,0,0.012474489821643663,0.3964674649200831,0.18908039700895893,0.4019776482493143,stale,fresh,blend,zero
covertype,gradual_relocate,20261020,24,0,0.013391187030570626,0.36758684928687113,0.17540898452106204,0.44361297916149606,stale,fresh,blend,zero
covertype,gradual_relocate,20261020,32,0,0.03309222089603195,0.40056353904136505,0.1230888206898367,0.44325541937276625,stale,fresh,blend,zero
covertype,gradual_relocate,20261020,40,0,0.12648357829685192,0.29408388861121837,0.14902801717996733,0.4304045159119623,stale,fresh,blend,zero
covertype,gradual_relocate,20261020,48,0,0.19575072211351324,0.31281291956352764,0.03540949256336223,0.4560268657595969,stale,fresh,blend,zero
covertype,gradual_relocate,20261020,56,1,0.32403117988351665,0.17624225142579866,0.030810240206994324,0.4689163284836903,stale,fresh,blend,zero
covertype,gradual_relocate,20261020,64,1,0.3303073081243966,0.07705812928831333,0.06700068527668444,0.5256338773106056,stale,fresh,blend,zero
covertype,gradual_relocate,20261020,72,1,0.28620738981356325,0.030682807551218293,0.1402242289857676,0.5428855736494508,stale,fresh,blend,zero
covertype,gradual_relocate,20261021,16,0,0.010754067548996375,0.3810459416456671,0.1771684804934922,0.4310315103118444,stale,fresh,blend,zero
covertype,gradual_relocate,20261021,24,0,0.01414440637845075,0.3864053527859745,0.2032431691336552,0.39620707170191943,stale,fresh,blend,zero
covertype,gradual_relocate,20261021,32,0,0.030933989101779427,0.4044904995348742,0.13406308451446555,0.4305124268488808,stale,fresh,blend,zero
covertype,gradual_relocate,20261021,40,0,0.0953728005104297,0.38173242478785036,0.08827006171409076,0.43462471298762917,stale,fresh,blend,zero
covertype,gradual_relocate,20261021,48,0,0.19541499661849632,0.28738851284559824,0.03545358033231655,0.48174291020358884,stale,fresh,blend,zero
covertype,gradual_relocate,20261021,56,1,0.4663639668697503,0.13259491728012227,0.021903536885147245,0.37913757896498024,stale,fresh,blend,zero
covertype,gradual_relocate,20261021,64,1,0.26735386477151346,0.05802333123896589,0.05455343268772548,0.6200693713017953,stale,fresh,blend,zero
covertype,gradual_relocate,20261021,72,1,0.3579408980012987,0.039304862559536566,0.16038149739486413,0.4423727420443006,stale,fresh,blend,zero
covertype,drastic_relocate,20261018,16,0,0.007917926177314473,0.2907492730203767,0.414041451561731,0.28729134924057786,stale,fresh,blend,zero
covertype,drastic_relocate,20261018,24,0,0.012243156854921604,0.40036422501583213,0.18428571892074586,0.40310689920850046,stale,fresh,blend,zero
covertype,drastic_relocate,20261018,32,0,0.011434388821984618,0.42635899793890836,0.17224167405917207,0.389964939179935,stale,fresh,blend,zero
covertype,drastic_relocate,20261018,40,1,0.01227395568321928,0.42306100180749073,0.18758680533145392,0.37707823717783606,stale,fresh,blend,zero
covertype,drastic_relocate,20261018,48,1,0.3866420400803607,0.01143384826381647,0.18182096605494927,0.4201031456008735,stale,fresh,blend,zero
covertype,drastic_relocate,20261018,56,1,0.4195976294695326,0.011212689115725302,0.1811237114791268,0.3880659699356154,stale,fresh,blend,zero
covertype,drastic_relocate,20261018,64,1,0.35487828963281953,0.009255952314753013,0.18729076275950438,0.44857499529292316,stale,fresh,blend,zero
covertype,drastic_relocate,20261018,72,1,0.45972191191289036,0.008879524681777124,0.14358794996810298,0.38781061343722956,stale,fresh,blend,zero
covertype,drastic_relocate,20261019,16,0,0.012895245202409467,0.4016240741644979,0.17878121685678072,0.40669946377631194,stale,fresh,blend,zero
covertype,drastic_relocate,20261019,24,0,0.014463645482656086,0.39098032694219975,0.22552246445577748,0.3690335631193666,stale,fresh,blend,zero
covertype,drastic_relocate,20261019,32,0,0.012313113722906254,0.3928499604768927,0.21315509878930533,0.38168182701089587,stale,fresh,blend,zero
covertype,drastic_relocate,20261019,40,1,0.014226678673503388,0.402738089851669,0.17978904753627617,0.4032461839385514,stale,fresh,blend,zero
covertype,drastic_relocate,20261019,48,1,0.4296019968652123,0.010927566511132747,0.16407001960046078,0.3954004170231943,stale,fresh,blend,zero
covertype,drastic_relocate,20261019,56,1,0.41781279601567634,0.011055364909325068,0.18655769998124308,0.3845741390937555,stale,fresh,blend,zero
covertype,drastic_relocate,20261019,64,1,0.196441886549124,0.004435837419027857,0.43784720989446524,0.3612750661373829,stale,fresh,blend,zero
covertype,drastic_relocate,20261019,72,1,0.3815454112355131,0.01020885454115416,0.16214484670838875,0.446100887514944,stale,fresh,blend,zero
covertype,drastic_relocate,20261020,16,0,0.012474489821643663,0.3964674649200831,0.18908039700895893,0.4019776482493143,stale,fresh,blend,zero
covertype,drastic_relocate,20261020,24,0,0.011966218504252312,0.3677932220710521,0.18143408697203206,0.43880647245266363,stale,fresh,blend,zero
covertype,drastic_relocate,20261020,32,0,0.012459558382404007,0.4018172636564182,0.1732390188871988,0.412484159073979,stale,fresh,blend,zero
covertype,drastic_relocate,20261020,40,1,0.011428721558999527,0.31266199717506976,0.34262295385804264,0.33328632740788805,stale,fresh,blend,zero
covertype,drastic_relocate,20261020,48,1,0.4465059072919094,0.010285064776730841,0.19254189967807261,0.35066712825328705,stale,fresh,blend,zero
covertype,drastic_relocate,20261020,56,1,0.4462763259616525,0.010905668734729335,0.1732462316435491,0.3695717736600691,stale,fresh,blend,zero
covertype,drastic_relocate,20261020,64,1,0.3578738605616984,0.010909177625125933,0.1797809948627291,0.4514359669504465,stale,fresh,blend,zero
covertype,drastic_relocate,20261020,72,1,0.27721202276344625,0.010233842439862492,0.21148125732417372,0.5010728774725175,stale,fresh,blend,zero
covertype,drastic_relocate,20261021,16,0,0.010754067548996375,0.3810459416456671,0.1771684804934922,0.4310315103118444,stale,fresh,blend,zero
covertype,drastic_relocate,20261021,24,0,0.01260831883920861,0.3848999985964852,0.20933670843449748,0.39315497412980865,stale,fresh,blend,zero
covertype,drastic_relocate,20261021,32,0,0.011971524712451328,0.4035764581814963,0.18547245217781066,0.3989795649282417,stale,fresh,blend,zero
covertype,drastic_relocate,20261021,40,1,0.01259290354333821,0.4178891942746423,0.20402150927751478,0.3654963929045048,stale,fresh,blend,zero
covertype,drastic_relocate,20261021,48,1,0.4250224174328356,0.010729001367878396,0.17332156971964333,0.39092701147964276,stale,fresh,blend,zero
covertype,drastic_relocate,20261021,56,1,0.552169843526052,0.006205652947573231,0.15278001505814945,0.28884448846822525,stale,fresh,blend,zero
covertype,drastic_relocate,20261021,64,1,0.28664184778931745,0.00716767206920418,0.13015145331565622,0.5760390268258222,stale,fresh,blend,zero
covertype,drastic_relocate,20261021,72,1,0.3535390264100455,0.01248583510908076,0.23982721930102044,0.39414791917985337,stale,fresh,blend,zero
covertype,gradual_flip,20261018,16,0,0.027994845684153506,0.0287194991190592,0.9154805626322978,0.02780509256448951,positive,negative,zero,half
covertype,gradual_flip,20261018,24,0,0.030525339241322082,0.029076679730494295,0.9107264401870772,0.029671540841106445,positive,negative,zero,half
covertype,gradual_flip,20261018,32,0,0.049120833552115835,0.05176997517270913,0.8502278806562832,0.048881310618891866,positive,negative,zero,half
covertype,gradual_flip,20261018,40,0,0.11158494011385203,0.1151999363101493,0.6677257594086037,0.10548936416739486,positive,negative,zero,half
covertype,gradual_flip,20261018,48,0,0.21121958540664912,0.20945827081093268,0.36499095960533035,0.21433118417708777,positive,negative,zero,half
covertype,gradual_flip,20261018,56,1,0.23544003181345355,0.23635587973946762,0.2985947110790543,0.22960937736802453,positive,negative,zero,half
covertype,gradual_flip,20261018,64,1,0.13251641399282463,0.13112934681521865,0.611500353421271,0.12485388577068585,positive,negative,zero,half
covertype,gradual_flip,20261018,72,1,0.06649510641499119,0.06782551797377522,0.7973302211149447,0.06834915449628882,positive,negative,zero,half
covertype,gradual_flip,20261019,16,0,0.028132509587113837,0.027126894195290584,0.9174267144505701,0.027313881767025365,positive,negative,zero,half
covertype,gradual_flip,20261019,24,0,0.037713243605157626,0.03921877661421933,0.8835422890203529,0.03952569076027006,positive,negative,zero,half
covertype,gradual_flip,20261019,32,0,0.05418986122179527,0.05628766130314279,0.8333414515835453,0.05618102589151664,positive,negative,zero,half
covertype,gradual_flip,20261019,40,0,0.11103808421864093,0.113489704791687,0.6657474845503053,0.10972472643936679,positive,negative,zero,half
covertype,gradual_flip,20261019,48,0,0.20845539672184196,0.21097786115647976,0.37393822989729064,0.2066285122243876,positive,negative,zero,half
covertype,gradual_flip,20261019,56,1,0.23372940406728224,0.22065354391937966,0.2947215353676123,0.2508955166457257,positive,negative,zero,half
covertype,gradual_flip,20261019,64,1,0.13091455830591414,0.12244942648947472,0.6243420245519198,0.12229399065269128,positive,negative,zero,half
covertype,gradual_flip,20261019,72,1,0.06000734487672484,0.06042056016775566,0.8207129149694145,0.058859179986105084,positive,negative,zero,half
covertype,gradual_flip,20261020,16,0,0.028074615526389617,0.02752109864689856,0.9161241996644554,0.02828008616225661,positive,negative,zero,half
covertype,gradual_flip,20261020,24,0,0.030340578064516184,0.029759596159084585,0.9076135456857671,0.032286280090632155,positive,negative,zero,half
covertype,gradual_flip,20261020,32,0,0.05655908499810509,0.05745723115603484,0.8268114385846893,0.05917224526117064,positive,negative,zero,half
covertype,gradual_flip,20261020,40,0,0.1088736342511981,0.11647978118792036,0.6651620407037404,0.10948454385714106,positive,negative,zero,half
covertype,gradual_flip,20261020,48,0,0.19167167259023496,0.20812839653962192,0.40283902968700713,0.19736090118313615,positive,negative,zero,half
covertype,gradual_flip,20261020,56,1,0.23339770890207845,0.22944077311934785,0.30535998631836186,0.23180153166021175,positive,negative,zero,half
covertype,gradual_flip,20261020,64,1,0.12109371642824127,0.11463930322117144,0.6480397975814436,0.11622718276914361,positive,negative,zero,half
covertype,gradual_flip,20261020,72,1,0.0636602751887587,0.05678130841157195,0.8144760845598832,0.06508233183978623,positive,negative,zero,half
covertype,gradual_flip,20261021,16,0,0.02413637748966587,0.026158988691872116,0.9231033747508849,0.026601259067577265,positive,negative,zero,half
covertype,gradual_flip,20261021,24,0,0.03352870884998062,0.03014058293209794,0.9035220277540887,0.03280868046383274,positive,negative,zero,half
covertype,gradual_flip,20261021,32,0,0.059299151686766735,0.05651280591882864,0.8281011075454748,0.056086934848929924,positive,negative,zero,half
covertype,gradual_flip,20261021,40,0,0.11166417864748604,0.10878102544025252,0.6734696963442116,0.10608509956804982,positive,negative,zero,half
covertype,gradual_flip,20261021,48,0,0.19988423853589063,0.20701570857560836,0.39639571298084286,0.19670433990765812,positive,negative,zero,half
covertype,gradual_flip,20261021,56,1,0.23339589117298976,0.22242947620981737,0.3170697271860247,0.227104905431168,positive,negative,zero,half
covertype,gradual_flip,20261021,64,1,0.1326929237258737,0.12803820950096895,0.6149507735637464,0.1243180932094109,positive,negative,zero,half
covertype,gradual_flip,20261021,72,1,0.058426526938871105,0.05887280621010543,0.8304010825649124,0.052299584286111145,positive,negative,zero,half
covertype,drastic_flip,20261018,16,0,0.027994845684153506,0.0287194991190592,0.9154805626322978,0.02780509256448951,positive,negative,zero,half
covertype,drastic_flip,20261018,24,0,0.027906474719244637,0.026691172709169108,0.9188265613688943,0.026575791202691885,positive,negative,zero,half
covertype,drastic_flip,20261018,32,0,0.025977014322174984,0.027119693500877586,0.9214906175147427,0.02541267466220469,positive,negative,zero,half
covertype,drastic_flip,20261018,40,1,0.031250674540833155,0.03203210042834295,0.9074253801139326,0.029291844916891237,positive,negative,zero,half
covertype,drastic_flip,20261018,48,1,0.027944850926927983,0.028353419885459204,0.9157174081848406,0.02798432100277229,positive,negative,zero,half
covertype,drastic_flip,20261018,56,1,0.03171195431277001,0.03253356396141259,0.9040687941001712,0.03168568762564613,positive,negative,zero,half
covertype,drastic_flip,20261018,64,1,0.031480801805123616,0.030146604799118116,0.9093032889399729,0.029069304455785257,positive,negative,zero,half
covertype,drastic_flip,20261018,72,1,0.0289595022031366,0.029602814895731456,0.9109994453123866,0.03043823758874534,positive,negative,zero,half
covertype,drastic_flip,20261019,16,0,0.028132509587113837,0.027126894195290584,0.9174267144505701,0.027313881767025365,positive,negative,zero,half
covertype,drastic_flip,20261019,24,0,0.03437634944790398,0.03458226190223088,0.8955513772577033,0.03549001139216186,positive,negative,zero,half
covertype,drastic_flip,20261019,32,0,0.02745745806647204,0.029502807596196428,0.913981848137739,0.02905788619959257,positive,negative,zero,half
covertype,drastic_flip,20261019,40,1,0.030783493477045485,0.03136647553688117,0.9080035620525672,0.02984646893350623,positive,negative,zero,half
covertype,drastic_flip,20261019,48,1,0.031793558116540915,0.030299772034744286,0.9076685910876957,0.030238078761019013,positive,negative,zero,half
covertype,drastic_flip,20261019,56,1,0.02834852730437973,0.02794588906728376,0.9137830199952274,0.029922563633109106,positive,negative,zero,half
covertype,drastic_flip,20261019,64,1,0.028630601135360114,0.02841942265716847,0.9155868360183724,0.02736314018909891,positive,negative,zero,half
covertype,drastic_flip,20261019,72,1,0.02677544036430542,0.026765050134049596,0.9201285336811869,0.026330975820458125,positive,negative,zero,half
covertype,drastic_flip,20261020,16,0,0.028074615526389617,0.02752109864689856,0.9161241996644554,0.02828008616225661,positive,negative,zero,half
covertype,drastic_flip,20261020,24,0,0.027284289764182405,0.026439760290421773,0.9181193244586349,0.028156625486761004,positive,negative,zero,half
covertype,drastic_flip,20261020,32,0,0.030177403495604393,0.02998764569622295,0.9094147688566242,0.0304201819515484,positive,negative,zero,half
covertype,drastic_flip,20261020,40,1,0.030234896732774286,0.03322700063714034,0.9056009936177765,0.030937109012308953,positive,negative,zero,half
covertype,drastic_flip,20261020,48,1,0.024506350211605615,0.02513062671879825,0.9263462212458373,0.024016801823758708,positive,negative,zero,half
covertype,drastic_flip,20261020,56,1,0.028404463099968854,0.027460925043604964,0.9158480445616087,0.028286567294817547,positive,negative,zero,half
covertype,drastic_flip,20261020,64,1,0.02738251190896234,0.026742533929682948,0.9193391758729643,0.026535778288390394,positive,negative,zero,half
covertype,drastic_flip,20261020,72,1,0.02762676364495074,0.026018796407081417,0.9173256474207411,0.02902879252722684,positive,negative,zero,half
covertype,drastic_flip,20261021,16,0,0.02413637748966587,0.026158988691872116,0.9231033747508849,0.026601259067577265,positive,negative,zero,half
covertype,drastic_flip,20261021,24,0,0.029077388283194273,0.02640303650722104,0.9160741635833038,0.028445411626280944,positive,negative,zero,half
covertype,drastic_flip,20261021,32,0,0.02963931556190842,0.029136244975972964,0.9129938694444869,0.028230570017631705,positive,negative,zero,half
covertype,drastic_flip,20261021,40,1,0.030012718562166064,0.029654083923412795,0.9109826896334192,0.029350507881001922,positive,negative,zero,half
covertype,drastic_flip,20261021,48,1,0.024118383987565224,0.025726999049126113,0.9262864740709434,0.02386814289236521,positive,negative,zero,half
covertype,drastic_flip,20261021,56,1,0.02908779676880161,0.02863485366297256,0.9138941059359169,0.028383243632309027,positive,negative,zero,half
covertype,drastic_flip,20261021,64,1,0.030863776771037695,0.028807760848861854,0.9120389464790778,0.028289515901022477,positive,negative,zero,half
covertype,drastic_flip,20261021,72,1,0.024161900691580928,0.024332239019502926,0.9293226434261107,0.022183216862805288,positive,negative,zero,half
covertype,gradual_die,20261018,16,0,0.005152688859761489,0.19258303088360948,0.1683143337733213,0.6339499464833077,both,stable,dying,zero
covertype,gradual_die,20261018,24,0,0.0071161850707915555,0.2429663262339867,0.22956570369650967,0.5203517849987122,both,stable,dying,zero
covertype,gradual_die,20261018,32,0,0.011404177969182059,0.20034799882862347,0.29961497974999074,0.48863284345220376,both,stable,dying,zero
covertype,gradual_die,20261018,40,0,0.02073176806667889,0.18494048007179492,0.24665785938361007,0.5476698924779161,both,stable,dying,zero
covertype,gradual_die,20261018,48,0,0.039908426914852954,0.14737957683689568,0.31103539104797706,0.5016766052002744,both,stable,dying,zero
covertype,gradual_die,20261018,56,1,0.06644917384532609,0.10399131500479022,0.3567917532893069,0.4727677578605768,both,stable,dying,zero
covertype,gradual_die,20261018,64,1,0.10051138161831513,0.051470369569060564,0.3916783729853906,0.45633987582723357,both,stable,dying,zero
covertype,gradual_die,20261018,72,1,0.16457592926003017,0.028802334873215884,0.38557032249536244,0.42105141337139146,both,stable,dying,zero
covertype,gradual_die,20261019,16,0,0.007077729899382591,0.2435623259702004,0.2222702058761261,0.5270897382542908,both,stable,dying,zero
covertype,gradual_die,20261019,24,0,0.004686897878247159,0.45021053280030965,0.11822006005947716,0.42688250926196597,both,stable,dying,zero
covertype,gradual_die,20261019,32,0,0.010276364736349112,0.20423651189867711,0.2535851341825627,0.531901989182411,both,stable,dying,zero
covertype,gradual_die,20261019,40,0,0.01996050251318992,0.17072668222376963,0.28935601493435914,0.5199568003286812,both,stable,dying,zero
covertype,gradual_die,20261019,48,0,0.038476754583254925,0.14008116668171602,0.31193563822159426,0.5095064405134349,both,stable,dying,zero
covertype,gradual_die,20261019,56,1,0.059549681921482835,0.09162300472932629,0.3396646697403201,0.5091626436088708,both,stable,dying,zero
covertype,gradual_die,20261019,64,1,0.05909610555161096,0.048747702775778334,0.553592088198061,0.33856410347454957,both,stable,dying,zero
covertype,gradual_die,20261019,72,1,0.12627865610273925,0.029534355850364458,0.3881095613408174,0.4560774267060789,both,stable,dying,zero
covertype,gradual_die,20261020,16,0,0.007095829663333092,0.2631428831947292,0.22896181250759864,0.500799474634339,both,stable,dying,zero
covertype,gradual_die,20261020,24,0,0.006443182523378853,0.24095785224660166,0.19871862042885574,0.5538803448011637,both,stable,dying,zero
covertype,gradual_die,20261020,32,0,0.011712120785888215,0.22938569978087264,0.22873491328497156,0.5301672661482676,both,stable,dying,zero
covertype,gradual_die,20261020,40,0,0.014890890875258396,0.29172791087085354,0.21212270435737815,0.4812584938965099,both,stable,dying,zero
covertype,gradual_die,20261020,48,0,0.036144245907201264,0.13128045757156834,0.3658536282645078,0.4667216682567226,both,stable,dying,zero
covertype,gradual_die,20261020,56,1,0.06449374435665232,0.08887464947698191,0.36891069602432713,0.47772091014203866,both,stable,dying,zero
covertype,gradual_die,20261020,64,1,0.08511850035707909,0.045846837689159106,0.368620299594506,0.5004143623592558,both,stable,dying,zero
covertype,gradual_die,20261020,72,1,0.1222015889687401,0.027867199066765914,0.4204884720546772,0.4294427399098168,both,stable,dying,zero
covertype,gradual_die,20261021,16,0,0.006244258937408161,0.22329876445163135,0.23217961273239615,0.5382773638785643,both,stable,dying,zero
covertype,gradual_die,20261021,24,0,0.006017037690584185,0.33047248817339336,0.18494918092296875,0.47856129321305374,both,stable,dying,zero
covertype,gradual_die,20261021,32,0,0.011029844710803002,0.20988753487484677,0.24240867290405968,0.5366739475102906,both,stable,dying,zero
covertype,gradual_die,20261021,40,0,0.019714631008141453,0.20345224537142215,0.26340039107382546,0.513432732546611,both,stable,dying,zero
covertype,gradual_die,20261021,48,0,0.03660719464297768,0.1021423383332578,0.3669102261217626,0.49434024090200196,both,stable,dying,zero
covertype,gradual_die,20261021,56,1,0.08414900198141692,0.10079780320576201,0.35102940173894287,0.4640237930738782,both,stable,dying,zero
covertype,gradual_die,20261021,64,1,0.10412277064245717,0.052786154730452284,0.3989315580134449,0.44415951661364567,both,stable,dying,zero
covertype,gradual_die,20261021,72,1,0.11186305722331684,0.02174831225430477,0.43311228349760933,0.433276347024769,both,stable,dying,zero
covertype,drastic_die,20261018,16,0,0.005152688859761489,0.19258303088360948,0.1683143337733213,0.6339499464833077,both,stable,dying,zero
covertype,drastic_die,20261018,24,0,0.006938615481452524,0.24640314656788478,0.22639439229418656,0.5202638456564761,both,stable,dying,zero
covertype,drastic_die,20261018,32,0,0.0074902060580530165,0.23636465006936883,0.26515666666814725,0.4909884772044311,both,stable,dying,zero
covertype,drastic_die,20261018,40,1,0.006491921344563807,0.254243600202334,0.17872582116492072,0.5605386572881814,both,stable,dying,zero
covertype,drastic_die,20261018,48,1,0.21535559755382414,0.012001188818323618,0.3657811214483526,0.4068620921794996,both,stable,dying,zero
covertype,drastic_die,20261018,56,1,0.20229183816813423,0.014139457356901466,0.39853830944199553,0.3850303950329688,both,stable,dying,zero
covertype,drastic_die,20261018,64,1,0.20128988891456026,0.013268078077890233,0.40238317447435284,0.3830588585331967,both,stable,dying,zero
covertype,drastic_die,20261018,72,1,0.23298591365548252,0.012542153785556254,0.3802313071461699,0.3742406254127913,both,stable,dying,zero
covertype,drastic_die,20261019,16,0,0.007077729899382591,0.2435623259702004,0.2222702058761261,0.5270897382542908,both,stable,dying,zero
covertype,drastic_die,20261019,24,0,0.004511313904475317,0.4507395968021978,0.11644338411094853,0.4283057051823784,both,stable,dying,zero
covertype,drastic_die,20261019,32,0,0.006656979970070283,0.23516951221752005,0.21972365149699255,0.5384498563154172,both,stable,dying,zero
covertype,drastic_die,20261019,40,1,0.007799677766643255,0.24470539134183789,0.21986645557907505,0.5276284753124437,both,stable,dying,zero
covertype,drastic_die,20261019,48,1,0.2106702221615044,0.012808155865112822,0.3836260793978856,0.39289554257549725,both,stable,dying,zero
covertype,drastic_die,20261019,56,1,0.18801675375043292,0.011575214986792945,0.3723849822983651,0.42802304896440907,both,stable,dying,zero
covertype,drastic_die,20261019,64,1,0.10368827797204164,0.006684048166524886,0.667772575675598,0.22185509818583546,both,stable,dying,zero
covertype,drastic_die,20261019,72,1,0.18672233054247356,0.012198997387754292,0.3885273940572194,0.4125512780125527,both,stable,dying,zero
covertype,drastic_die,20261020,16,0,0.007095829663333092,0.2631428831947292,0.22896181250759864,0.500799474634339,both,stable,dying,zero
covertype,drastic_die,20261020,24,0,0.006142713212838188,0.24524352361219945,0.19429793928844316,0.5543158238865193,both,stable,dying,zero
covertype,drastic_die,20261020,32,0,0.006635628372115671,0.26654542777845647,0.1957926299857503,0.5310263138636776,both,stable,dying,zero
covertype,drastic_die,20261020,40,1,0.004529519856969514,0.3565151787755093,0.14986632290437235,0.4890889784631488,both,stable,dying,zero
covertype,drastic_die,20261020,48,1,0.19545568440010386,0.011308498135078424,0.41307061917671023,0.3801651982881074,both,stable,dying,zero
covertype,drastic_die,20261020,56,1,0.19767889131112723,0.011544720255138054,0.38981745041076493,0.4009589380229697,both,stable,dying,zero
covertype,drastic_die,20261020,64,1,0.17424925418776863,0.011735681392684027,0.3828336265010215,0.4311814379185258,both,stable,dying,zero
covertype,drastic_die,20261020,72,1,0.1747816818096271,0.011837310205074445,0.4205600229073081,0.39282098507799046,both,stable,dying,zero
covertype,drastic_die,20261021,16,0,0.006244258937408161,0.22329876445163135,0.23217961273239615,0.5382773638785643,both,stable,dying,zero
covertype,drastic_die,20261021,24,0,0.005881089767419127,0.3366486328157096,0.18063114910380126,0.4768391283130699,both,stable,dying,zero
covertype,drastic_die,20261021,32,0,0.006839752756098063,0.2454529561899802,0.20852886455614733,0.5391784264977745,both,stable,dying,zero
covertype,drastic_die,20261021,40,1,0.006603473365283734,0.27498622305556464,0.19493561132617798,0.5234746922529735,both,stable,dying,zero
covertype,drastic_die,20261021,48,1,0.19631472775297662,0.011991594488622978,0.4172610250839865,0.3744326526744139,both,stable,dying,zero
covertype,drastic_die,20261021,56,1,0.2709357489894641,0.011390562174624912,0.36911899881903415,0.34855469001687683,both,stable,dying,zero
covertype,drastic_die,20261021,64,1,0.2122850214130326,0.01281343204698151,0.41491801631275244,0.35998353022723334,both,stable,dying,zero
covertype,drastic_die,20261021,72,1,0.15874758131564706,0.010753674985184281,0.4297869161321865,0.4007118275669822,both,stable,dying,zero
covertype,gradual_nonlin,20261018,16,0,0.00806050131321275,0.4319282616397557,0.2635925327316736,0.296418704315358,linear,linear_plus,zero,other_block
covertype,gradual_nonlin,20261018,24,0,0.008654738545847558,0.43472323997579565,0.27789401870671027,0.2787280027716465,linear,linear_plus,zero,other_block
covertype,gradual_nonlin,20261018,32,0,0.01957688920702032,0.15732248303360194,0.4197594556499205,0.40334117210945725,linear,linear_plus,zero,other_block
covertype,gradual_nonlin,20261018,40,0,0.04400613424382769,0.1484740315284906,0.3820717578931297,0.4254480763345521,linear,linear_plus,zero,other_block
covertype,gradual_nonlin,20261018,48,0,0.07328447242323226,0.252867224701888,0.32516610690791775,0.34868219596696204,linear,linear_plus,zero,other_block
covertype,gradual_nonlin,20261018,56,1,0.15460509659605248,0.051785014666442815,0.37064405459109306,0.42296583414641176,linear,linear_plus,zero,other_block
covertype,gradual_nonlin,20261018,64,1,0.20598838560179056,0.02256694945702451,0.36446176313459244,0.40698290180659247,linear,linear_plus,zero,other_block
covertype,gradual_nonlin,20261018,72,1,0.23308576141205517,0.014916114220587596,0.4022795183211549,0.3497186060462024,linear,linear_plus,zero,other_block
covertype,gradual_nonlin,20261019,16,0,0.011414069566988394,0.26768572134472846,0.3722231857391398,0.34867702334914336,linear,linear_plus,zero,other_block
covertype,gradual_nonlin,20261019,24,0,0.014357823058183004,0.3445682855493764,0.3243384000532905,0.31673549133915013,linear,linear_plus,zero,other_block
covertype,gradual_nonlin,20261019,32,0,0.030097123244007047,0.2325307664198848,0.382665533093198,0.35470657724291016,linear,linear_plus,zero,other_block
covertype,gradual_nonlin,20261019,40,0,0.05301859499641811,0.1768129349926297,0.4007912434270036,0.36937722658394867,linear,linear_plus,zero,other_block
covertype,gradual_nonlin,20261019,48,0,0.10670783540878666,0.08954770934754738,0.4196477575371677,0.3840966977064982,linear,linear_plus,zero,other_block
covertype,gradual_nonlin,20261019,56,1,0.017445466684673082,0.06354783788910007,0.39264667316111357,0.5263600222651131,linear,linear_plus,zero,other_block
covertype,gradual_nonlin,20261019,64,1,0.24928598760167617,0.019840907483733204,0.3724241683973104,0.35844893651728016,linear,linear_plus,zero,other_block
covertype,gradual_nonlin,20261019,72,1,0.16759649860035158,0.01618077780796784,0.4621795479801138,0.3540431756115668,linear,linear_plus,zero,other_block
covertype,gradual_nonlin,20261020,16,0,0.01075745980266942,0.295717412457353,0.3510348785677722,0.3424902491722053,linear,linear_plus,zero,other_block
covertype,gradual_nonlin,20261020,24,0,0.01124058260464297,0.22707555230284934,0.3697763286696022,0.39190753642290554,linear,linear_plus,zero,other_block
covertype,gradual_nonlin,20261020,32,0,0.03439221058549964,0.25041353015188217,0.3409657091024287,0.3742285501601894,linear,linear_plus,zero,other_block
covertype,gradual_nonlin,20261020,40,0,0.06208512135550879,0.12396396268964874,0.4017982543096992,0.4121526616451433,linear,linear_plus,zero,other_block
covertype,gradual_nonlin,20261020,48,0,0.13206364794227762,0.10076412078624199,0.40380061145935886,0.36337161981212174,linear,linear_plus,zero,other_block
covertype,gradual_nonlin,20261020,56,1,0.08815586144262583,0.05569046757990669,0.40603892472846587,0.45011474624900166,linear,linear_plus,zero,other_block
covertype,gradual_nonlin,20261020,64,1,0.25416728195362875,0.019377427807350172,0.3453706600282188,0.38108463021080213,linear,linear_plus,zero,other_block
covertype,gradual_nonlin,20261020,72,1,0.11810456423122224,0.01330149643744564,0.39003439386801947,0.47855954546331264,linear,linear_plus,zero,other_block
covertype,gradual_nonlin,20261021,16,0,0.007847072226906776,0.38279584926534915,0.3001137539248796,0.3092433245828644,linear,linear_plus,zero,other_block
covertype,gradual_nonlin,20261021,24,0,0.010357068842667959,0.3474935801545429,0.3232632254848906,0.3188861255178986,linear,linear_plus,zero,other_block
covertype,gradual_nonlin,20261021,32,0,0.022168126221809456,0.3391182952536303,0.3084265452284564,0.33028703329610376,linear,linear_plus,zero,other_block
covertype,gradual_nonlin,20261021,40,0,0.024492250878224275,0.15055481470826645,0.42039865696516404,0.40455427744834516,linear,linear_plus,zero,other_block
covertype,gradual_nonlin,20261021,48,0,0.13013752509991447,0.12792126013897076,0.39113380043361623,0.3508074143274985,linear,linear_plus,zero,other_block
covertype,gradual_nonlin,20261021,56,1,0.14150148316009228,0.0441426864702591,0.4241246051786897,0.390231225190959,linear,linear_plus,zero,other_block
covertype,gradual_nonlin,20261021,64,1,0.24964351736930618,0.019828941782055368,0.40272675607980335,0.3278007847688351,linear,linear_plus,zero,other_block
covertype,gradual_nonlin,20261021,72,1,0.2850101367933278,0.009704264050854991,0.40478225058731726,0.3005033485684998,linear,linear_plus,zero,other_block
covertype,drastic_nonlin,20261018,16,0,0.00806050131321275,0.4319282616397557,0.2635925327316736,0.296418704315358,linear,linear_plus,zero,other_block
covertype,drastic_nonlin,20261018,24,0,0.008505427933172665,0.43095898966523866,0.2800430072028645,0.28049257519872417,linear,linear_plus,zero,other_block
covertype,drastic_nonlin,20261018,32,0,0.01145046564644606,0.19201927677884334,0.4061858891292123,0.39034436844549836,linear,linear_plus,zero,other_block
covertype,drastic_nonlin,20261018,40,1,0.011950201173278097,0.26875833535284027,0.3469978168929066,0.37229364658097513,linear,linear_plus,zero,other_block
covertype,drastic_nonlin,20261018,48,1,0.2169685075002167,0.008070317135553218,0.3793507310503073,0.3956104443139228,linear,linear_plus,zero,other_block
covertype,drastic_nonlin,20261018,56,1,0.21618004850192624,0.004257265500444957,0.35151162747832204,0.42805105851930686,linear,linear_plus,zero,other_block
covertype,drastic_nonlin,20261018,64,1,0.25783276175313746,0.004460326687279768,0.3496361544502841,0.38807075710929867,linear,linear_plus,zero,other_block
covertype,drastic_nonlin,20261018,72,1,0.25613380929201696,0.0049427306359805115,0.40225333439091715,0.3366701256810855,linear,linear_plus,zero,other_block
covertype,drastic_nonlin,20261019,16,0,0.011414069566988394,0.26768572134472846,0.3722231857391398,0.34867702334914336,linear,linear_plus,zero,other_block
covertype,drastic_nonlin,20261019,24,0,0.01253489495491015,0.3452445986229944,0.3265513244116408,0.31566918201045463,linear,linear_plus,zero,other_block
covertype,drastic_nonlin,20261019,32,0,0.011051503210811891,0.28266854214119685,0.3678735775491198,0.3384063770988714,linear,linear_plus,zero,other_block
covertype,drastic_nonlin,20261019,40,1,0.012089064997788692,0.30539198828298264,0.35658441716702377,0.32593452955220503,linear,linear_plus,zero,other_block
covertype,drastic_nonlin,20261019,48,1,0.2653370903943581,0.005681917507164019,0.43340290534751297,0.29557808675096486,linear,linear_plus,zero,other_block
covertype,drastic_nonlin,20261019,56,1,0.022023849490315474,0.0075632291607035974,0.3619508691407993,0.6084620522081816,linear,linear_plus,zero,other_block
covertype,drastic_nonlin,20261019,64,1,0.29435892042489764,0.0038310917066001447,0.3400475308446445,0.36176245702385773,linear,linear_plus,zero,other_block
covertype,drastic_nonlin,20261019,72,1,0.19687954993427936,0.0059627583028517,0.46450789822388916,0.33264979353897967,linear,linear_plus,zero,other_block
covertype,drastic_nonlin,20261020,16,0,0.01075745980266942,0.295717412457353,0.3510348785677722,0.3424902491722053,linear,linear_plus,zero,other_block
covertype,drastic_nonlin,20261020,24,0,0.010915593414066775,0.23240671907869145,0.36731090814554773,0.389366779361694,linear,linear_plus,zero,other_block
covertype,drastic_nonlin,20261020,32,0,0.010898522573303905,0.30657414957116985,0.3284337364652177,0.35409359139030855,linear,linear_plus,zero,other_block
covertype,drastic_nonlin,20261020,40,1,0.013078750681524294,0.20625955823371864,0.39173706188414625,0.38892462920061094,linear,linear_plus,zero,other_block
covertype,drastic_nonlin,20261020,48,1,0.33103281266864054,0.006068118591978807,0.36621116905316364,0.29668789968621695,linear,linear_plus,zero,other_block
covertype,drastic_nonlin,20261020,56,1,0.15875372010569988,0.005387110031083963,0.37095542058300013,0.46490374928021605,linear,linear_plus,zero,other_block
covertype,drastic_nonlin,20261020,64,1,0.3144319499760055,0.004541150026975157,0.3236018296022622,0.3574250703947571,linear,linear_plus,zero,other_block
covertype,drastic_nonlin,20261020,72,1,0.13935463488932978,0.006849418093337187,0.3567118341829147,0.49708411283441817,linear,linear_plus,zero,other_block
covertype,drastic_nonlin,20261021,16,0,0.007847072226906776,0.38279584926534915,0.3001137539248796,0.3092433245828644,linear,linear_plus,zero,other_block
covertype,drastic_nonlin,20261021,24,0,0.010266312014688863,0.3469123336354112,0.3234369985483503,0.3193843558015498,linear,linear_plus,zero,other_block
covertype,drastic_nonlin,20261021,32,0,0.008944223926482135,0.42265570039653466,0.2755131640864075,0.2928869115905757,linear,linear_plus,zero,other_block
covertype,drastic_nonlin,20261021,40,1,0.012373540682583303,0.255808138287079,0.3755768191395304,0.3562415018908072,linear,linear_plus,zero,other_block
covertype,drastic_nonlin,20261021,48,1,0.3226432807183669,0.005079629308685405,0.339296580026211,0.33298050994673684,linear,linear_plus,zero,other_block
covertype,drastic_nonlin,20261021,56,1,0.2565879170324816,0.005744929673919345,0.38996481751741796,0.34770233577618115,linear,linear_plus,zero,other_block
covertype,drastic_nonlin,20261021,64,1,0.30485468905116453,0.004617007136312843,0.38479977876266386,0.30572852504985887,linear,linear_plus,zero,other_block
covertype,drastic_nonlin,20261021,72,1,0.3286717045397662,0.004055040962659925,0.3952337630752764,0.27203949142229755,linear,linear_plus,zero,other_block
covertype,gradual_noise,20261018,16,0,0.008670381463582844,0.48929446960155776,0.009009996400376051,0.4930251525344835,linear,zero,half,irrelevant
covertype,gradual_noise,20261018,24,0,0.010916310490916877,0.4905237840330454,0.010059945897744676,0.4884999595782931,linear,zero,half,irrelevant
covertype,gradual_noise,20261018,32,0,0.021038437513126933,0.4998297554152151,0.020327878328719583,0.45880392874293846,linear,zero,half,irrelevant
covertype,gradual_noise,20261018,40,0,0.03800826351472473,0.48655096006912774,0.03608377527661124,0.4393570011395362,linear,zero,half,irrelevant
covertype,gradual_noise,20261018,48,0,0.05603420549552201,0.42523719571403856,0.056445114453494434,0.462283484336945,linear,zero,half,irrelevant
covertype,gradual_noise,20261018,56,1,0.08336455932695422,0.42664837036842224,0.08275542394289578,0.40723164636172776,linear,zero,half,irrelevant
covertype,gradual_noise,20261018,64,1,0.10213055347549736,0.4134792174454869,0.09112556107072851,0.39326466800828724,linear,zero,half,irrelevant
covertype,gradual_noise,20261018,72,1,0.10897616514526398,0.4204623288693619,0.10321046044379102,0.3673510455415832,linear,zero,half,irrelevant
covertype,gradual_noise,20261019,16,0,0.01022435848034232,0.49901645792407273,0.009979343739624785,0.4807798398559603,linear,zero,half,irrelevant
covertype,gradual_noise,20261019,24,0,0.013752040172056924,0.5062994525696165,0.013197985619175784,0.4667505216391509,linear,zero,half,irrelevant
covertype,gradual_noise,20261019,32,0,0.023417911207358703,0.48803574935220145,0.02487314844811934,0.46367319099232057,linear,zero,half,irrelevant
covertype,gradual_noise,20261019,40,0,0.04416231668567891,0.47761271016860346,0.04108630806295766,0.43713866508276006,linear,zero,half,irrelevant
covertype,gradual_noise,20261019,48,0,0.06081663856422768,0.44079244967336056,0.06023101700609296,0.4381598947563188,linear,zero,half,irrelevant
covertype,gradual_noise,20261019,56,1,0.0714867686293199,0.40437665353004487,0.07280766208918155,0.4513289157514537,linear,zero,half,irrelevant
covertype,gradual_noise,20261019,64,1,0.075975856258866,0.30251218700470134,0.07128861122072509,0.5502233455157076,linear,zero,half,irrelevant
covertype,gradual_noise,20261019,72,1,0.10640775806820416,0.38165676364418444,0.11043628202832086,0.40149919625929054,linear,zero,half,irrelevant
covertype,gradual_noise,20261020,16,0,0.009808766222006288,0.4961876982288693,0.009710318092464252,0.48429321745666015,linear,zero,half,irrelevant
covertype,gradual_noise,20261020,24,0,0.010552976795029586,0.4573146021650987,0.011328701470804356,0.5208037195690673,linear,zero,half,irrelevant
covertype,gradual_noise,20261020,32,0,0.023014079724866195,0.48274556037278216,0.020750101960459656,0.4734902579418921,linear,zero,half,irrelevant
covertype,gradual_noise,20261020,40,0,0.04288739209196871,0.4416944189919045,0.04294210959020375,0.47247607932592284,linear,zero,half,irrelevant
covertype,gradual_noise,20261020,48,0,0.05203160732691701,0.4632697471059518,0.04988080004578079,0.4348178455213504,linear,zero,half,irrelevant
covertype,gradual_noise,20261020,56,1,0.07332094552238975,0.40489360252262624,0.07738268940532922,0.4444027625496547,linear,zero,half,irrelevant
covertype,gradual_noise,20261020,64,1,0.09203397197121456,0.38960698680892314,0.08847183097743931,0.42988721024242293,linear,zero,half,irrelevant
covertype,gradual_noise,20261020,72,1,0.107313844588342,0.3857582404709421,0.11737055104864814,0.3895573638920678,linear,zero,half,irrelevant
covertype,gradual_noise,20261021,16,0,0.008354891696530196,0.4739885753370033,0.009007264935649247,0.5086492680308173,linear,zero,half,irrelevant
covertype,gradual_noise,20261021,24,0,0.01151902485161693,0.49410315359666507,0.011362965380845252,0.4830148561708728,linear,zero,half,irrelevant
covertype,gradual_noise,20261021,32,0,0.022316281947875927,0.48793725647060304,0.023777219484866698,0.46596924209665425,linear,zero,half,irrelevant
covertype,gradual_noise,20261021,40,0,0.04012850782847089,0.4945736625631268,0.039407357826832703,0.4258904717815695,linear,zero,half,irrelevant
covertype,gradual_noise,20261021,48,0,0.05456178444844218,0.4489479415206351,0.055734597762066865,0.4407556762688558,linear,zero,half,irrelevant
covertype,gradual_noise,20261021,56,1,0.07566996495113068,0.4439390609157371,0.08048383385942691,0.3999071402737053,linear,zero,half,irrelevant
covertype,gradual_noise,20261021,64,1,0.10053890209029413,0.429602922789965,0.10065463233009116,0.3692035427896498,linear,zero,half,irrelevant
covertype,gradual_noise,20261021,72,1,0.09990137199842371,0.4103208113622704,0.09942350472164115,0.39035431191766473,linear,zero,half,irrelevant
covertype,drastic_noise,20261018,16,0,0.008670381463582844,0.48929446960155776,0.009009996400376051,0.4930251525344835,linear,zero,half,irrelevant
covertype,drastic_noise,20261018,24,0,0.00962576317401202,0.49157242669622675,0.008862081553888332,0.48993972857587303,linear,zero,half,irrelevant
covertype,drastic_noise,20261018,32,0,0.008909514050724883,0.5121371712120727,0.008627001024868103,0.4703263137123344,linear,zero,half,irrelevant
covertype,drastic_noise,20261018,40,1,0.00965785545989431,0.5165689118427447,0.009140522226534142,0.4646327104708268,linear,zero,half,irrelevant
covertype,drastic_noise,20261018,48,1,0.12701408676730477,0.36427193474863356,0.12696434135988663,0.38174963712417503,linear,zero,half,irrelevant
covertype,drastic_noise,20261018,56,1,0.13728142595971532,0.3739246413402604,0.13623547807604489,0.35255845462397944,linear,zero,half,irrelevant
covertype,drastic_noise,20261018,64,1,0.141109128819888,0.3757675564730796,0.12528182200154192,0.35784149270549065,linear,zero,half,irrelevant
covertype,drastic_noise,20261018,72,1,0.12833511947608023,0.39785008541915895,0.1221505818283989,0.35166421327636194,linear,zero,half,irrelevant
covertype,drastic_noise,20261019,16,0,0.01022435848034232,0.49901645792407273,0.009979343739624785,0.4807798398559603,linear,zero,half,irrelevant
covertype,drastic_noise,20261019,24,0,0.011981514732107078,0.507915926024931,0.011448581746173915,0.468653977496788,linear,zero,half,irrelevant
covertype,drastic_noise,20261019,32,0,0.010118412958105352,0.5007722603376448,0.010677019851230037,0.47843230685301985,linear,zero,half,irrelevant
covertype,drastic_noise,20261019,40,1,0.011241606166105676,0.510773422542916,0.010500845611131267,0.4674841256798471,linear,zero,half,irrelevant
covertype,drastic_noise,20261019,48,1,0.13175089159935685,0.3684426727786598,0.13170029406932682,0.3681061415526566,linear,zero,half,irrelevant
covertype,drastic_noise,20261019,56,1,0.12419428311649076,0.3532523836279793,0.1261677071347027,0.3963856261208272,linear,zero,half,irrelevant
covertype,drastic_noise,20261019,64,1,0.10952886695000034,0.2899943315300413,0.10329767840459311,0.4971791231153652,linear,zero,half,irrelevant
covertype,drastic_noise,20261019,72,1,0.125578430885212,0.363740966879977,0.13002054619411182,0.3806600560406992,linear,zero,half,irrelevant
covertype,drastic_noise,20261020,16,0,0.009808766222006288,0.4961876982288693,0.009710318092464252,0.48429321745666015,linear,zero,half,irrelevant
covertype,drastic_noise,20261020,24,0,0.009476851359300785,0.45839959537476604,0.010124481385270232,0.521999071880663,linear,zero,half,irrelevant
covertype,drastic_noise,20261020,32,0,0.009659740071901323,0.4953059674934798,0.00874812439155513,0.4862861680430637,linear,zero,half,irrelevant
covertype,drastic_noise,20261020,40,1,0.011072846577338792,0.4697381191250422,0.011143349017776564,0.5080456852798425,linear,zero,half,irrelevant
covertype,drastic_noise,20261020,48,1,0.1188114822298257,0.3981083709274026,0.11395575436487734,0.36912439247789436,linear,zero,half,irrelevant
covertype,drastic_noise,20261020,56,1,0.12394026336359017,0.3563550347673958,0.13103872608005324,0.3886659757889608,linear,zero,half,irrelevant
covertype,drastic_noise,20261020,64,1,0.1290555872346867,0.3567519291590169,0.12370755818252789,0.3904849254237686,linear,zero,half,irrelevant
covertype,drastic_noise,20261020,72,1,0.12637196483394617,0.3637453724794881,0.138108341641991,0.3717743210445746,linear,zero,half,irrelevant
covertype,drastic_noise,20261021,16,0,0.008354891696530196,0.4739885753370033,0.009007264935649247,0.5086492680308173,linear,zero,half,irrelevant
covertype,drastic_noise,20261021,24,0,0.010031127175336852,0.4952749816507451,0.00984918375246074,0.48484470742145713,linear,zero,half,irrelevant
covertype,drastic_noise,20261021,32,0,0.009454053890159339,0.5015600079099896,0.010040972530370215,0.4789449656694809,linear,zero,half,irrelevant
covertype,drastic_noise,20261021,40,1,0.010212462506030745,0.5243464909865756,0.009947060180288778,0.4554939863271049,linear,zero,half,irrelevant
covertype,drastic_noise,20261021,48,1,0.12343887104215781,0.38465168718597625,0.1252311561342106,0.3666782856376552,linear,zero,half,irrelevant
covertype,drastic_noise,20261021,56,1,0.12963226186646376,0.3847560910504891,0.13752961800041058,0.3480820290826366,linear,zero,half,irrelevant
covertype,drastic_noise,20261021,64,1,0.13827875045461338,0.3861008622238747,0.1384249663177279,0.33719542100378397,linear,zero,half,irrelevant
covertype,drastic_noise,20261021,72,1,0.11859644034132198,0.3913028146753484,0.11877661982997753,0.371324125153352,linear,zero,half,irrelevant
