dataset,scenario,seed,policy,early,ramp,post,hit_early,hit_ramp,hit_post,lam,sigma
gaussian30,gradual_relocate,20261018,UCB,22.972359949886076,23.44918486060705,51.11329202831156,0.8571428571428571,0.4827586206896552,0.3333333333333333,0.0,4.7105726169864095
gaussian30,gradual_relocate,20261018,DUCB,22.972359949886076,16.712630344150984,34.78342620796609,0.8571428571428571,0.5517241379310345,0.5,0.0,4.7105726169864095
gaussian30,gradual_relocate,20261018,TS,22.972359949886076,23.44918486060705,102.67728889179907,0.8571428571428571,0.4827586206896552,0.06666666666666667,0.0,4.7105726169864095
gaussian30,gradual_relocate,20261018,EG05,22.972359949886076,28.70570266766839,87.88158797486001,0.8571428571428571,0.5172413793103449,0.1,0.0,4.7105726169864095
gaussian30,gradual_relocate,20261018,EG10,37.26187206825706,33.63109967069641,139.05330857864584,0.8095238095238095,0.41379310344827586,0.06666666666666667,0.0,4.7105726169864095
gaussian30,gradual_relocate,20261018,EG15,29.00317874300164,39.41234842510286,89.93121502109832,0.8095238095238095,0.4482758620689655,0.13333333333333333,0.0,4.7105726169864095
gaussian30,gradual_relocate,20261018,UCB-H0.5,22.972359949886076,19.925920825449484,24.902203864570414,0.8571428571428571,0.5172413793103449,0.5,2.3552863084932047,4.7105726169864095
gaussian30,gradual_relocate,20261018,UCB-H1,22.972359949886076,16.712630344150984,24.902203864570414,0.8571428571428571,0.5517241379310345,0.5,4.7105726169864095,4.7105726169864095
gaussian30,gradual_relocate,20261018,UCB-H2,22.972359949886076,16.712630344150984,24.902203864570414,0.8571428571428571,0.5517241379310345,0.5,9.421145233972819,4.7105726169864095
gaussian30,gradual_relocate,20261018,TS-H0.5,22.972359949886076,23.44918486060705,73.87843943942106,0.8571428571428571,0.4827586206896552,0.16666666666666666,2.3552863084932047,4.7105726169864095
gaussian30,gradual_relocate,20261018,TS-H1,22.972359949886076,23.44918486060705,46.63659285416671,0.8571428571428571,0.4827586206896552,0.3,4.7105726169864095,4.7105726169864095
gaussian30,gradual_relocate,20261018,TS-H2,22.972359949886076,23.44918486060705,31.66191059095057,0.8571428571428571,0.4827586206896552,0.43333333333333335,9.421145233972819,4.7105726169864095
gaussian30,gradual_relocate,20261018,UCB-L5,22.972359949886076,16.712630344150984,24.902203864570414,0.8571428571428571,0.5517241379310345,0.5,5.0,4.7105726169864095
gaussian30,gradual_relocate,20261018,TS-L5,22.972359949886076,23.44918486060705,83.81577680496758,0.8571428571428571,0.4827586206896552,0.06666666666666667,5.0,4.7105726169864095
gaussian30,gradual_relocate,20261018,EG10-H1,25.79624342177703,32.23566440890991,109.63312549278099,0.8095238095238095,0.4482758620689655,0.0,4.7105726169864095,4.7105726169864095
gaussian30,gradual_relocate,20261018,DUCB-H1,22.972359949886076,16.712630344150984,24.902203864570414,0.8571428571428571,0.5517241379310345,0.5,4.7105726169864095,4.7105726169864095
gaussian30,gradual_relocate,20261018,DUCB-H2,22.972359949886076,16.712630344150984,24.902203864570414,0.8571428571428571,0.5517241379310345,0.5,9.421145233972819,4.7105726169864095
gaussian30,gradual_relocate,20261019,UCB,21.740566533002536,23.662320487410636,41.31844094154294,0.8571428571428571,0.4827586206896552,0.5,0.0,4.615278654184403
gaussian30,gradual_relocate,20261019,DUCB,21.740566533002536,12.353877963105864,35.34250177977532,0.8571428571428571,0.6206896551724138,0.5,0.0,4.615278654184403
gaussian30,gradual_relocate,20261019,TS,21.740566533002536,23.662320487410636,79.56701752784106,0.8571428571428571,0.4827586206896552,0.16666666666666666,0.0,4.615278654184403
gaussian30,gradual_relocate,20261019,EG05,21.740566533002536,23.662320487410636,199.01712704036288,0.8571428571428571,0.4827586206896552,0.03333333333333333,0.0,4.615278654184403
gaussian30,gradual_relocate,20261019,EG10,27.184708098085615,35.42150151342039,201.38721551967882,0.8095238095238095,0.4482758620689655,0.03333333333333333,0.0,4.615278654184403
gaussian30,gradual_relocate,20261019,EG15,29.008102976500897,53.072506084121365,138.35105712464252,0.7619047619047619,0.3448275862068966,0.06666666666666667,0.0,4.615278654184403
gaussian30,gradual_relocate,20261019,UCB-H0.5,21.740566533002536,17.77156879449008,24.808010873307694,0.8571428571428571,0.5517241379310345,0.5,2.3076393270922013,4.615278654184403
gaussian30,gradual_relocate,20261019,UCB-H1,21.740566533002536,17.77156879449008,24.808010873307694,0.8571428571428571,0.5517241379310345,0.5,4.615278654184403,4.615278654184403
gaussian30,gradual_relocate,20261019,UCB-H2,21.740566533002536,17.77156879449008,24.808010873307694,0.8571428571428571,0.5517241379310345,0.5,9.230557308368805,4.615278654184403
gaussian30,gradual_relocate,20261019,TS-H0.5,21.740566533002536,23.662320487410636,47.97639490966839,0.8571428571428571,0.4827586206896552,0.3,2.3076393270922013,4.615278654184403
gaussian30,gradual_relocate,20261019,TS-H1,21.740566533002536,14.832809574760425,24.808010873307694,0.8571428571428571,0.5862068965517241,0.5,4.615278654184403,4.615278654184403
gaussian30,gradual_relocate,20261019,TS-H2,21.740566533002536,23.662320487410636,31.27750334558821,0.8571428571428571,0.4827586206896552,0.43333333333333335,9.230557308368805,4.615278654184403
gaussian30,gradual_relocate,20261019,UCB-L5,21.740566533002536,17.77156879449008,24.808010873307694,0.8571428571428571,0.5517241379310345,0.5,5.0,4.615278654184403
gaussian30,gradual_relocate,20261019,TS-L5,21.740566533002536,23.662320487410636,67.63458126511298,0.8571428571428571,0.4827586206896552,0.16666666666666666,5.0,4.615278654184403
gaussian30,gradual_relocate,20261019,EG10-H1,39.162943767024196,30.90921059949402,114.8098469840011,0.7619047619047619,0.4482758620689655,0.03333333333333333,4.615278654184403,4.615278654184403
gaussian30,gradual_relocate,20261019,DUCB-H1,21.740566533002536,12.353877963105864,24.808010873307694,0.8571428571428571,0.6206896551724138,0.5,4.615278654184403,4.615278654184403
gaussian30,gradual_relocate,20261019,DUCB-H2,21.740566533002536,15.29263718283552,24.808010873307694,0.8571428571428571,0.5862068965517241,0.5,9.230557308368805,4.615278654184403
gaussian30,gradual_relocate,20261020,UCB,24.53683033532402,23.895500912200305,48.22932826683339,0.8571428571428571,0.4827586206896552,0.4,0.0,4.987180872094061
gaussian30,gradual_relocate,20261020,DUCB,24.53683033532402,15.335177370457927,37.13911965987487,0.8571428571428571,0.5862068965517241,0.5,0.0,4.987180872094061
gaussian30,gradual_relocate,20261020,TS,24.53683033532402,23.895500912200305,139.26997522769554,0.8571428571428571,0.4827586206896552,0.0,0.0,4.987180872094061
gaussian30,gradual_relocate,20261020,EG05,31.21293427538678,32.433174826251154,209.80910673882565,0.8095238095238095,0.4482758620689655,0.0,0.0,4.987180872094061
gaussian30,gradual_relocate,20261020,EG10,30.73896280966276,41.00493075664399,200.97612669923103,0.7619047619047619,0.41379310344827586,0.0,0.0,4.987180872094061
gaussian30,gradual_relocate,20261020,EG15,44.13009723428974,29.21348238149772,137.63725495266934,0.7619047619047619,0.4827586206896552,0.03333333333333333,0.0,4.987180872094061
gaussian30,gradual_relocate,20261020,UCB-H0.5,24.53683033532402,18.237217910423446,27.18931902773975,0.8571428571428571,0.5517241379310345,0.5,2.4935904360470307,4.987180872094061
gaussian30,gradual_relocate,20261020,UCB-H1,24.53683033532402,18.237217910423446,27.18931902773975,0.8571428571428571,0.5517241379310345,0.5,4.987180872094061,4.987180872094061
gaussian30,gradual_relocate,20261020,UCB-H2,24.53683033532402,18.237217910423446,27.18931902773975,0.8571428571428571,0.5517241379310345,0.5,9.974361744188123,4.987180872094061
gaussian30,gradual_relocate,20261020,TS-H0.5,24.53683033532402,23.895500912200305,114.63468956945354,0.8571428571428571,0.4827586206896552,0.0,2.4935904360470307,4.987180872094061
gaussian30,gradual_relocate,20261020,TS-H1,24.53683033532402,23.895500912200305,55.0498952663906,0.8571428571428571,0.4827586206896552,0.26666666666666666,4.987180872094061,4.987180872094061
gaussian30,gradual_relocate,20261020,TS-H2,24.53683033532402,23.895500912200305,46.32362660152046,0.8571428571428571,0.4827586206896552,0.3333333333333333,9.974361744188123,4.987180872094061
gaussian30,gradual_relocate,20261020,UCB-L5,24.53683033532402,18.237217910423446,27.18931902773975,0.8571428571428571,0.5517241379310345,0.5,5.0,4.987180872094061
gaussian30,gradual_relocate,20261020,TS-L5,24.53683033532402,23.895500912200305,42.33884004273458,0.8571428571428571,0.4827586206896552,0.36666666666666664,5.0,4.987180872094061
gaussian30,gradual_relocate,20261020,EG10-H1,45.71594700278851,32.775406206144034,108.66969612421387,0.7142857142857143,0.41379310344827586,0.0,4.987180872094061,4.987180872094061
gaussian30,gradual_relocate,20261020,DUCB-H1,24.53683033532402,15.335177370457927,27.18931902773975,0.8571428571428571,0.5862068965517241,0.5,4.987180872094061,4.987180872094061
gaussian30,gradual_relocate,20261020,DUCB-H2,24.53683033532402,15.335177370457927,27.18931902773975,0.8571428571428571,0.5862068965517241,0.5,9.974361744188123,4.987180872094061
gaussian30,gradual_relocate,20261021,UCB,24.91873758947589,25.102806837346705,61.79742329199842,0.8571428571428571,0.4827586206896552,0.3,0.0,4.987739861920906
gaussian30,gradual_relocate,20261021,DUCB,24.91873758947589,21.789671795132392,23.561653116048127,0.8571428571428571,0.5172413793103449,0.5333333333333333,0.0,4.987739861920906
gaussian30,gradual_relocate,20261021,TS,24.91873758947589,25.102806837346705,144.0894424935576,0.8571428571428571,0.4827586206896552,0.06666666666666667,0.0,4.987739861920906
gaussian30,gradual_relocate,20261021,EG05,24.91873758947589,36.23136488771363,97.12959208244938,0.8571428571428571,0.4482758620689655,0.06666666666666667,0.0,4.987739861920906
gaussian30,gradual_relocate,20261021,EG10,24.91873758947589,26.226531610952925,207.04328957599554,0.8571428571428571,0.4827586206896552,0.03333333333333333,0.0,4.987739861920906
gaussian30,gradual_relocate,20261021,EG15,24.91873758947589,45.30606053264835,157.85472807749136,0.8571428571428571,0.3793103448275862,0.0,0.0,4.987739861920906
gaussian30,gradual_relocate,20261021,UCB-H0.5,24.91873758947589,25.102806837346705,31.000032122920338,0.8571428571428571,0.4827586206896552,0.4666666666666667,2.493869930960453,4.987739861920906
gaussian30,gradual_relocate,20261021,UCB-H1,24.91873758947589,18.97323198169502,23.561653116048127,0.8571428571428571,0.5517241379310345,0.5333333333333333,4.987739861920906,4.987739861920906
gaussian30,gradual_relocate,20261021,UCB-H2,24.91873758947589,18.97323198169502,23.561653116048127,0.8571428571428571,0.5517241379310345,0.5333333333333333,9.975479723841811,4.987739861920906
gaussian30,gradual_relocate,20261021,TS-H0.5,24.91873758947589,25.102806837346705,67.49675817336261,0.8571428571428571,0.4827586206896552,0.2,2.493869930960453,4.987739861920906
gaussian30,gradual_relocate,20261021,TS-H1,24.91873758947589,25.102806837346705,90.23957056105353,0.8571428571428571,0.4827586206896552,0.06666666666666667,4.987739861920906,4.987739861920906
gaussian30,gradual_relocate,20261021,TS-H2,24.91873758947589,25.102806837346705,39.39904313997758,0.8571428571428571,0.4827586206896552,0.4,9.975479723841811,4.987739861920906
gaussian30,gradual_relocate,20261021,UCB-L5,24.91873758947589,18.97323198169502,23.561653116048127,0.8571428571428571,0.5517241379310345,0.5333333333333333,5.0,4.987739861920906
gaussian30,gradual_relocate,20261021,TS-L5,24.91873758947589,25.102806837346705,43.112610829633596,0.8571428571428571,0.4827586206896552,0.36666666666666664,5.0,4.987739861920906
gaussian30,gradual_relocate,20261021,EG10-H1,24.91873758947589,37.86174899346224,81.31599045137519,0.8571428571428571,0.4482758620689655,0.06666666666666667,4.987739861920906,4.987739861920906
gaussian30,gradual_relocate,20261021,DUCB-H1,24.91873758947589,18.97323198169502,23.561653116048127,0.8571428571428571,0.5517241379310345,0.5333333333333333,4.987739861920906,4.987739861920906
gaussian30,gradual_relocate,20261021,DUCB-H2,24.91873758947589,18.97323198169502,23.561653116048127,0.8571428571428571,0.5517241379310345,0.5333333333333333,9.975479723841811,4.987739861920906
gaussian30,drastic_relocate,20261018,UCB,22.972359949886076,0.0,249.10791200028316,0.925,0.0,0.0,0.0,4.7105726169864095
gaussian30,drastic_relocate,20261018,DUCB,22.972359949886076,0.0,161.02592385732555,0.925,0.0,0.0,0.0,4.7105726169864095
gaussian30,drastic_relocate,20261018,TS,22.972359949886076,0.0,296.0797785147551,0.925,0.0,0.0,0.0,4.7105726169864095
gaussian30,drastic_relocate,20261018,EG05,38.2283342299739,0.0,251.5950906995396,0.875,0.0,0.0,0.0,4.7105726169864095
gaussian30,drastic_relocate,20261018,EG10,57.983743203820715,0.0,253.28067886940755,0.825,0.0,0.05,0.0,4.7105726169864095
gaussian30,drastic_relocate,20261018,EG15,55.29775835874581,0.0,263.0615174527277,0.85,0.0,0.025,0.0,4.7105726169864095
gaussian30,drastic_relocate,20261018,UCB-H0.5,22.972359949886076,0.0,229.7704942583405,0.925,0.0,0.0,2.3552863084932047,4.7105726169864095
gaussian30,drastic_relocate,20261018,UCB-H1,22.972359949886076,0.0,216.57641323147746,0.925,0.0,0.0,4.7105726169864095,4.7105726169864095
gaussian30,drastic_relocate,20261018,UCB-H2,22.972359949886076,0.0,200.75492671014055,0.925,0.0,0.0,9.421145233972819,4.7105726169864095
gaussian30,drastic_relocate,20261018,TS-H0.5,22.972359949886076,0.0,277.57352215708966,0.925,0.0,0.0,2.3552863084932047,4.7105726169864095
gaussian30,drastic_relocate,20261018,TS-H1,22.972359949886076,0.0,258.2823754507725,0.925,0.0,0.0,4.7105726169864095,4.7105726169864095
gaussian30,drastic_relocate,20261018,TS-H2,22.972359949886076,0.0,219.75609150366193,0.925,0.0,0.0,9.421145233972819,4.7105726169864095
gaussian30,drastic_relocate,20261018,UCB-L5,22.972359949886076,0.0,210.83030803962757,0.925,0.0,0.0,5.0,4.7105726169864095
gaussian30,drastic_relocate,20261018,TS-L5,22.972359949886076,0.0,270.702573983277,0.925,0.0,0.0,5.0,4.7105726169864095
gaussian30,drastic_relocate,20261018,EG10-H1,39.22058085517907,0.0,248.3525385562545,0.875,0.0,0.0,4.7105726169864095,4.7105726169864095
gaussian30,drastic_relocate,20261018,DUCB-H1,22.972359949886076,0.0,162.0812951271227,0.925,0.0,0.0,4.7105726169864095,4.7105726169864095
gaussian30,drastic_relocate,20261018,DUCB-H2,22.972359949886076,0.0,171.325713919665,0.925,0.0,0.0,9.421145233972819,4.7105726169864095
gaussian30,drastic_relocate,20261019,UCB,21.740566533002536,0.0,244.2773131618859,0.925,0.0,0.0,0.0,4.615278654184403
gaussian30,drastic_relocate,20261019,DUCB,21.740566533002536,0.0,158.2177293974441,0.925,0.0,0.0,0.0,4.615278654184403
gaussian30,drastic_relocate,20261019,TS,21.740566533002536,0.0,304.02448691977446,0.925,0.0,0.0,0.0,4.615278654184403
gaussian30,drastic_relocate,20261019,EG05,21.740566533002536,0.0,249.6968857072824,0.925,0.0,0.025,0.0,4.615278654184403
gaussian30,drastic_relocate,20261019,EG10,39.992959710071354,0.0,262.7517783376828,0.875,0.0,0.05,0.0,4.615278654184403
gaussian30,drastic_relocate,20261019,EG15,65.16721923165868,0.0,270.9491308146671,0.775,0.0,0.0,0.0,4.615278654184403
gaussian30,drastic_relocate,20261019,UCB-H0.5,21.740566533002536,0.0,224.0213247567387,0.925,0.0,0.0,2.3076393270922013,4.615278654184403
gaussian30,drastic_relocate,20261019,UCB-H1,21.740566533002536,0.0,205.31227966844824,0.925,0.0,0.0,4.615278654184403,4.615278654184403
gaussian30,drastic_relocate,20261019,UCB-H2,21.740566533002536,0.0,205.53105827234765,0.925,0.0,0.0,9.230557308368805,4.615278654184403
gaussian30,drastic_relocate,20261019,TS-H0.5,21.740566533002536,0.0,276.1313154755187,0.925,0.0,0.0,2.3076393270922013,4.615278654184403
gaussian30,drastic_relocate,20261019,TS-H1,21.740566533002536,0.0,272.5692620831706,0.925,0.0,0.0,4.615278654184403,4.615278654184403
gaussian30,drastic_relocate,20261019,TS-H2,21.740566533002536,0.0,222.7264375290258,0.925,0.0,0.0,9.230557308368805,4.615278654184403
gaussian30,drastic_relocate,20261019,UCB-L5,21.740566533002536,0.0,207.2674567529756,0.925,0.0,0.0,5.0,4.615278654184403
gaussian30,drastic_relocate,20261019,TS-L5,21.740566533002536,0.0,259.73020301288693,0.925,0.0,0.0,5.0,4.615278654184403
gaussian30,drastic_relocate,20261019,EG10-H1,44.98719164837744,0.0,220.45554565661502,0.85,0.0,0.025,4.615278654184403,4.615278654184403
gaussian30,drastic_relocate,20261019,DUCB-H1,21.740566533002536,0.0,167.19288255885328,0.925,0.0,0.0,4.615278654184403,4.615278654184403
gaussian30,drastic_relocate,20261019,DUCB-H2,21.740566533002536,0.0,174.82271943817102,0.925,0.0,0.0,9.230557308368805,4.615278654184403
gaussian30,drastic_relocate,20261020,UCB,24.53683033532402,0.0,261.01051191143483,0.925,0.0,0.0,0.0,4.987180872094061
gaussian30,drastic_relocate,20261020,DUCB,24.53683033532402,0.0,170.46152264708888,0.925,0.0,0.0,0.0,4.987180872094061
gaussian30,drastic_relocate,20261020,TS,24.53683033532402,0.0,311.0589143499474,0.925,0.0,0.0,0.0,4.987180872094061
gaussian30,drastic_relocate,20261020,EG05,42.598724075521176,0.0,260.0945415302671,0.875,0.0,0.025,0.0,4.987180872094061
gaussian30,drastic_relocate,20261020,EG10,52.84929275424007,0.0,274.94890540560215,0.8,0.0,0.025,0.0,4.987180872094061
gaussian30,drastic_relocate,20261020,EG15,58.24127158241938,0.0,282.23403788552974,0.85,0.0,0.05,0.0,4.987180872094061
gaussian30,drastic_relocate,20261020,UCB-H0.5,24.53683033532402,0.0,236.1751020567791,0.925,0.0,0.0,2.4935904360470307,4.987180872094061
gaussian30,drastic_relocate,20261020,UCB-H1,24.53683033532402,0.0,211.96574786987128,0.925,0.0,0.0,4.987180872094061,4.987180872094061
gaussian30,drastic_relocate,20261020,UCB-H2,24.53683033532402,0.0,213.36783026814572,0.925,0.0,0.0,9.974361744188123,4.987180872094061
gaussian30,drastic_relocate,20261020,TS-H0.5,24.53683033532402,0.0,282.3059096463181,0.925,0.0,0.0,2.4935904360470307,4.987180872094061
gaussian30,drastic_relocate,20261020,TS-H1,24.53683033532402,0.0,268.5960084412273,0.925,0.0,0.0,4.987180872094061,4.987180872094061
gaussian30,drastic_relocate,20261020,TS-H2,24.53683033532402,0.0,232.4510952409085,0.925,0.0,0.0,9.974361744188123,4.987180872094061
gaussian30,drastic_relocate,20261020,UCB-L5,24.53683033532402,0.0,213.03869288009446,0.925,0.0,0.0,5.0,4.987180872094061
gaussian30,drastic_relocate,20261020,TS-L5,24.53683033532402,0.0,272.6471993630131,0.925,0.0,0.0,5.0,4.987180872094061
gaussian30,drastic_relocate,20261020,EG10-H1,59.435135116195845,0.0,236.57338362984453,0.8,0.0,0.0,4.987180872094061,4.987180872094061
gaussian30,drastic_relocate,20261020,DUCB-H1,24.53683033532402,0.0,172.75440675026107,0.925,0.0,0.0,4.987180872094061,4.987180872094061
gaussian30,drastic_relocate,20261020,DUCB-H2,24.53683033532402,0.0,182.55909206175772,0.925,0.0,0.0,9.974361744188123,4.987180872094061
gaussian30,drastic_relocate,20261021,UCB,24.91873758947589,0.0,243.7724512328433,0.925,0.0,0.0,0.0,4.987739861920906
gaussian30,drastic_relocate,20261021,DUCB,24.91873758947589,0.0,157.11153832653275,0.925,0.0,0.0,0.0,4.987739861920906
gaussian30,drastic_relocate,20261021,TS,24.91873758947589,0.0,313.32971058487936,0.925,0.0,0.0,0.0,4.987739861920906
gaussian30,drastic_relocate,20261021,EG05,37.33884918960672,0.0,261.10100169153867,0.9,0.0,0.025,0.0,4.987739861920906
gaussian30,drastic_relocate,20261021,EG10,24.91873758947589,0.0,276.27572372665423,0.925,0.0,0.05,0.0,4.987739861920906
gaussian30,drastic_relocate,20261021,EG15,56.296071337547914,0.0,250.99270905407624,0.825,0.0,0.075,0.0,4.987739861920906
gaussian30,drastic_relocate,20261021,UCB-H0.5,24.91873758947589,0.0,224.39517450848774,0.925,0.0,0.0,2.493869930960453,4.987739861920906
gaussian30,drastic_relocate,20261021,UCB-H1,24.91873758947589,0.0,204.6452288671831,0.925,0.0,0.0,4.987739861920906,4.987739861920906
gaussian30,drastic_relocate,20261021,UCB-H2,24.91873758947589,0.0,204.6452288671831,0.925,0.0,0.0,9.975479723841811,4.987739861920906
gaussian30,drastic_relocate,20261021,TS-H0.5,24.91873758947589,0.0,284.4592016060986,0.925,0.0,0.0,2.493869930960453,4.987739861920906
gaussian30,drastic_relocate,20261021,TS-H1,24.91873758947589,0.0,275.6705503801629,0.925,0.0,0.0,4.987739861920906,4.987739861920906
gaussian30,drastic_relocate,20261021,TS-H2,24.91873758947589,0.0,224.9332178541756,0.925,0.0,0.0,9.975479723841811,4.987739861920906
gaussian30,drastic_relocate,20261021,UCB-L5,24.91873758947589,0.0,204.6452288671831,0.925,0.0,0.0,5.0,4.987739861920906
gaussian30,drastic_relocate,20261021,TS-L5,24.91873758947589,0.0,264.0911735001436,0.925,0.0,0.0,5.0,4.987739861920906
gaussian30,drastic_relocate,20261021,EG10-H1,50.77703293941241,0.0,218.8709127067102,0.875,0.0,0.075,4.987739861920906,4.987739861920906
gaussian30,drastic_relocate,20261021,DUCB-H1,24.91873758947589,0.0,164.73913967062515,0.925,0.0,0.0,4.987739861920906,4.987739861920906
gaussian30,drastic_relocate,20261021,DUCB-H2,24.91873758947589,0.0,167.85549957510764,0.925,0.0,0.0,9.975479723841811,4.987739861920906
gaussian30,gradual_flip,20261018,UCB,37.304554201994094,13.951825336838105,283.2063115228078,0.8095238095238095,0.5172413793103449,0.0,0.0,10.406013148284387
gaussian30,gradual_flip,20261018,DUCB,35.90801268671647,9.403773333379842,162.64862636334743,0.8571428571428571,0.6551724137931034,0.0,0.0,10.406013148284387
gaussian30,gradual_flip,20261018,TS,37.494808523729695,55.329398874186026,337.34966874337385,0.8095238095238095,0.2413793103448276,0.0,0.0,10.406013148284387
gaussian30,gradual_flip,20261018,EG05,35.90801268671647,65.71488541557943,197.65384558744685,0.8571428571428571,0.2413793103448276,0.03333333333333333,0.0,10.406013148284387
gaussian30,gradual_flip,20261018,EG10,63.949445804712354,60.879385268506695,307.57924223420656,0.8095238095238095,0.20689655172413793,0.06666666666666667,0.0,10.406013148284387
gaussian30,gradual_flip,20261018,EG15,37.419173783818785,86.98458549705984,183.7361274376835,0.8095238095238095,0.2413793103448276,0.1,0.0,10.406013148284387
gaussian30,gradual_flip,20261018,UCB-H0.5,37.304554201994094,12.47868444526127,285.7538206220801,0.8095238095238095,0.5517241379310345,0.0,5.203006574142194,10.406013148284387
gaussian30,gradual_flip,20261018,UCB-H1,37.304554201994094,12.379512798126264,280.94088085855117,0.8095238095238095,0.5517241379310345,0.0,10.406013148284387,10.406013148284387
gaussian30,gradual_flip,20261018,UCB-H2,37.304554201994094,12.379512798126264,276.43392604947013,0.8095238095238095,0.5517241379310345,0.0,20.812026296568774,10.406013148284387
gaussian30,gradual_flip,20261018,TS-H0.5,35.90801268671647,48.14100623169169,341.0722235272997,0.8571428571428571,0.2413793103448276,0.0,5.203006574142194,10.406013148284387
gaussian30,gradual_flip,20261018,TS-H1,35.90801268671647,35.684453790702506,323.8954021284833,0.8571428571428571,0.27586206896551724,0.0,10.406013148284387,10.406013148284387
gaussian30,gradual_flip,20261018,TS-H2,37.87241879465201,55.329398874186026,372.09585509507104,0.8095238095238095,0.2413793103448276,0.0,20.812026296568774,10.406013148284387
gaussian30,gradual_flip,20261018,UCB-L5,37.304554201994094,16.367609263648884,281.9828625865084,0.8095238095238095,0.5517241379310345,0.0,5.0,10.406013148284387
gaussian30,gradual_flip,20261018,TS-L5,37.494808523729695,55.329398874186026,356.14350841760285,0.8095238095238095,0.2413793103448276,0.0,5.0,10.406013148284387
gaussian30,gradual_flip,20261018,EG10-H1,41.51223861571424,73.59300834514177,381.6791683832612,0.8095238095238095,0.2413793103448276,0.0,10.406013148284387,10.406013148284387
gaussian30,gradual_flip,20261018,DUCB-H1,35.90801268671647,10.12632061649491,254.4102348892012,0.8571428571428571,0.6551724137931034,0.0,10.406013148284387,10.406013148284387
gaussian30,gradual_flip,20261018,DUCB-H2,35.90801268671647,9.006220707536702,253.30384068802186,0.8571428571428571,0.6551724137931034,0.0,20.812026296568774,10.406013148284387
gaussian30,gradual_flip,20261019,UCB,30.053937297285632,18.177709258698027,254.49242371383352,0.8095238095238095,0.5862068965517241,0.0,0.0,9.697976713496393
gaussian30,gradual_flip,20261019,DUCB,30.10215165588895,16.706193198347528,132.837930883719,0.8095238095238095,0.5172413793103449,0.0,0.0,9.697976713496393
gaussian30,gradual_flip,20261019,TS,30.10215165588895,59.722985469206094,328.5650536683434,0.8095238095238095,0.2413793103448276,0.0,0.0,9.697976713496393
gaussian30,gradual_flip,20261019,EG05,28.538663109299197,59.722985469206094,352.68994299877727,0.8571428571428571,0.2413793103448276,0.03333333333333333,0.0,9.697976713496393
gaussian30,gradual_flip,20261019,EG10,29.904034724715864,81.98150990988829,342.7330322872369,0.8095238095238095,0.2413793103448276,0.03333333333333333,0.0,9.697976713496393
gaussian30,gradual_flip,20261019,EG15,41.741971504071486,88.6063411901593,253.26656333187609,0.7619047619047619,0.1724137931034483,0.06666666666666667,0.0,9.697976713496393
gaussian30,gradual_flip,20261019,UCB-H0.5,30.053937297285632,14.69340175673544,274.8249637703901,0.8095238095238095,0.5517241379310345,0.0,4.848988356748197,9.697976713496393
gaussian30,gradual_flip,20261019,UCB-H1,30.053937297285632,14.69340175673544,274.2042299636864,0.8095238095238095,0.5517241379310345,0.0,9.697976713496393,9.697976713496393
gaussian30,gradual_flip,20261019,UCB-H2,30.053937297285632,13.959963780083172,266.6622382749479,0.8095238095238095,0.5517241379310345,0.0,19.395953426992786,9.697976713496393
gaussian30,gradual_flip,20261019,TS-H0.5,28.538663109299197,41.01619334900254,317.5457537404543,0.8571428571428571,0.3103448275862069,0.0,4.848988356748197,9.697976713496393
gaussian30,gradual_flip,20261019,TS-H1,30.141193042005618,54.57296975748037,324.89436205475914,0.8095238095238095,0.2413793103448276,0.0,9.697976713496393,9.697976713496393
gaussian30,gradual_flip,20261019,TS-H2,28.538663109299197,51.97103101900767,336.0031572386415,0.8571428571428571,0.20689655172413793,0.0,19.395953426992786,9.697976713496393
gaussian30,gradual_flip,20261019,UCB-L5,30.053937297285632,14.69340175673544,274.8249637703901,0.8095238095238095,0.5517241379310345,0.0,5.0,9.697976713496393
gaussian30,gradual_flip,20261019,TS-L5,29.696790970949486,51.37225746937328,324.4742937777581,0.8095238095238095,0.2413793103448276,0.0,5.0,9.697976713496393
gaussian30,gradual_flip,20261019,EG10-H1,60.05362803710232,47.42875471041433,304.83884992502084,0.7619047619047619,0.20689655172413793,0.03333333333333333,9.697976713496393,9.697976713496393
gaussian30,gradual_flip,20261019,DUCB-H1,30.10215165588895,11.55617748662181,242.02699589566163,0.8095238095238095,0.5172413793103449,0.0,9.697976713496393,9.697976713496393
gaussian30,gradual_flip,20261019,DUCB-H2,30.16097977035164,11.55617748662181,243.17867078902952,0.8095238095238095,0.5172413793103449,0.0,19.395953426992786,9.697976713496393
gaussian30,gradual_flip,20261020,UCB,35.11909724345234,19.613308667678325,285.58869165175463,0.8095238095238095,0.4482758620689655,0.0,0.0,10.290590529638985
gaussian30,gradual_flip,20261020,DUCB,33.40462835724355,14.369158939375037,161.61400943563862,0.8571428571428571,0.6551724137931034,0.0,0.0,10.290590529638985
gaussian30,gradual_flip,20261020,TS,33.40462835724355,47.59304089930243,320.4378527737431,0.8571428571428571,0.20689655172413793,0.0,0.0,10.290590529638985
gaussian30,gradual_flip,20261020,EG05,35.016298423874765,76.45005288090647,375.7281283575838,0.8095238095238095,0.2413793103448276,0.0,0.0,10.290590529638985
gaussian30,gradual_flip,20261020,EG10,45.85189633289872,68.09580481830115,331.7212286719139,0.7619047619047619,0.20689655172413793,0.0,0.0,10.290590529638985
gaussian30,gradual_flip,20261020,EG15,62.17726142741296,67.82907029589099,277.91791591875085,0.7619047619047619,0.2413793103448276,0.03333333333333333,0.0,10.290590529638985
gaussian30,gradual_flip,20261020,UCB-H0.5,35.11909724345234,21.28571953750328,306.00936990853074,0.8095238095238095,0.41379310344827586,0.0,5.1452952648194925,10.290590529638985
gaussian30,gradual_flip,20261020,UCB-H1,35.11909724345234,21.28571953750328,305.4504198294233,0.8095238095238095,0.41379310344827586,0.0,10.290590529638985,10.290590529638985
gaussian30,gradual_flip,20261020,UCB-H2,35.11909724345234,17.039722481646134,309.75913966468175,0.8095238095238095,0.41379310344827586,0.0,20.58118105927797,10.290590529638985
gaussian30,gradual_flip,20261020,TS-H0.5,34.98050202199591,54.41532857218641,351.6581298161988,0.8095238095238095,0.2413793103448276,0.0,5.1452952648194925,10.290590529638985
gaussian30,gradual_flip,20261020,TS-H1,33.40462835724355,55.61274572954514,371.20169339191955,0.8571428571428571,0.20689655172413793,0.0,10.290590529638985,10.290590529638985
gaussian30,gradual_flip,20261020,TS-H2,34.84283795209323,58.661325628043556,349.31703336533405,0.8095238095238095,0.2413793103448276,0.0,20.58118105927797,10.290590529638985
gaussian30,gradual_flip,20261020,UCB-L5,35.11909724345234,21.28571953750328,306.00936990853074,0.8095238095238095,0.41379310344827586,0.0,5.0,10.290590529638985
gaussian30,gradual_flip,20261020,TS-L5,33.40462835724355,50.778449642595376,343.40178579843587,0.8571428571428571,0.20689655172413793,0.0,5.0,10.290590529638985
gaussian30,gradual_flip,20261020,EG10-H1,69.36268300711859,39.89465595893101,320.9973179812059,0.7142857142857143,0.3103448275862069,0.0,10.290590529638985,10.290590529638985
gaussian30,gradual_flip,20261020,DUCB-H1,33.40462835724355,9.96950335702222,266.77064568264217,0.8571428571428571,0.6551724137931034,0.0,10.290590529638985,10.290590529638985
gaussian30,gradual_flip,20261020,DUCB-H2,33.40462835724355,13.044135555590344,265.3848072350338,0.8571428571428571,0.6551724137931034,0.0,20.58118105927797,10.290590529638985
gaussian30,gradual_flip,20261021,UCB,39.794110074069806,15.282240833168947,265.8048345269822,0.8095238095238095,0.4482758620689655,0.0,0.0,11.026970928429886
gaussian30,gradual_flip,20261021,DUCB,38.22788579895606,11.620226303237933,137.66079346202173,0.8571428571428571,0.6206896551724138,0.0,0.0,11.026970928429886
gaussian30,gradual_flip,20261021,TS,39.6349579819198,59.8561653837071,353.2662783996594,0.8095238095238095,0.20689655172413793,0.0,0.0,11.026970928429886
gaussian30,gradual_flip,20261021,EG05,38.22788579895606,80.33715139619245,190.07991373484637,0.8571428571428571,0.1724137931034483,0.06666666666666667,0.0,11.026970928429886
gaussian30,gradual_flip,20261021,EG10,38.22788579895606,61.55620576120115,378.6997208109258,0.8571428571428571,0.20689655172413793,0.03333333333333333,0.0,11.026970928429886
gaussian30,gradual_flip,20261021,EG15,38.22788579895606,96.64600678752241,269.81845070834066,0.8571428571428571,0.1724137931034483,0.0,0.0,11.026970928429886
gaussian30,gradual_flip,20261021,UCB-H0.5,39.794110074069806,15.426243286216632,274.17608570741334,0.8095238095238095,0.4482758620689655,0.0,5.513485464214943,11.026970928429886
gaussian30,gradual_flip,20261021,UCB-H1,40.19563122519948,17.26549587287972,290.5094169190916,0.8095238095238095,0.3448275862068966,0.0,11.026970928429886,11.026970928429886
gaussian30,gradual_flip,20261021,UCB-H2,39.892108975621326,13.708599875985856,274.83741885353254,0.8095238095238095,0.4827586206896552,0.0,22.053941856859772,11.026970928429886
gaussian30,gradual_flip,20261021,TS-H0.5,38.22788579895606,41.48377367006135,324.8276005225423,0.8571428571428571,0.1724137931034483,0.0,5.513485464214943,11.026970928429886
gaussian30,gradual_flip,20261021,TS-H1,39.6349579819198,59.8561653837071,328.2953181318487,0.8095238095238095,0.20689655172413793,0.0,11.026970928429886,11.026970928429886
gaussian30,gradual_flip,20261021,TS-H2,39.892108975621326,59.8561653837071,339.93829866666334,0.8095238095238095,0.20689655172413793,0.0,22.053941856859772,11.026970928429886
gaussian30,gradual_flip,20261021,UCB-L5,39.794110074069806,15.426243286216632,274.17608570741334,0.8095238095238095,0.4482758620689655,0.0,5.0,11.026970928429886
gaussian30,gradual_flip,20261021,TS-L5,39.892108975621326,55.22269396004599,347.7092761172127,0.8095238095238095,0.20689655172413793,0.0,5.0,11.026970928429886
gaussian30,gradual_flip,20261021,EG10-H1,38.22788579895606,82.03931021875194,326.9859251025799,0.8571428571428571,0.20689655172413793,0.03333333333333333,11.026970928429886,11.026970928429886
gaussian30,gradual_flip,20261021,DUCB-H1,38.22788579895606,11.620226303237933,250.18110707943634,0.8571428571428571,0.6206896551724138,0.0,11.026970928429886,11.026970928429886
gaussian30,gradual_flip,20261021,DUCB-H2,38.22788579895606,10.28805005252924,249.40446715580697,0.8571428571428571,0.6206896551724138,0.0,22.053941856859772,11.026970928429886
gaussian30,drastic_flip,20261018,UCB,37.304554201994094,0.0,505.3158891529896,0.9,0.0,0.0,0.0,10.406013148284387
gaussian30,drastic_flip,20261018,DUCB,37.132917770243495,0.0,327.1413893021131,0.9,0.0,0.0,0.0,10.406013148284387
gaussian30,drastic_flip,20261018,TS,37.494808523729695,0.0,628.7414557335455,0.9,0.0,0.0,0.0,10.406013148284387
gaussian30,drastic_flip,20261018,EG05,65.51289300134313,0.0,527.5566170124937,0.875,0.0,0.0,0.0,10.406013148284387
gaussian30,drastic_flip,20261018,EG10,93.3640480823117,0.0,535.2795245181346,0.825,0.0,0.05,0.0,10.406013148284387
gaussian30,drastic_flip,20261018,EG15,89.29738747866746,0.0,557.6623238372277,0.85,0.0,0.025,0.0,10.406013148284387
gaussian30,drastic_flip,20261018,UCB-H0.5,37.304554201994094,0.0,789.0859933792618,0.9,0.0,0.0,5.203006574142194,10.406013148284387
gaussian30,drastic_flip,20261018,UCB-H1,37.304554201994094,0.0,918.7567647995363,0.9,0.0,0.0,10.406013148284387,10.406013148284387
gaussian30,drastic_flip,20261018,UCB-H2,37.304554201994094,0.0,917.4115485569893,0.9,0.0,0.0,20.812026296568774,10.406013148284387
gaussian30,drastic_flip,20261018,TS-H0.5,35.90801268671647,0.0,844.8921888735932,0.925,0.0,0.0,5.203006574142194,10.406013148284387
gaussian30,drastic_flip,20261018,TS-H1,35.90801268671647,0.0,932.5112057863104,0.925,0.0,0.0,10.406013148284387,10.406013148284387
gaussian30,drastic_flip,20261018,TS-H2,37.87241879465201,0.0,895.7962873158757,0.9,0.0,0.0,20.812026296568774,10.406013148284387
gaussian30,drastic_flip,20261018,UCB-L5,37.304554201994094,0.0,786.7121579904524,0.9,0.0,0.0,5.0,10.406013148284387
gaussian30,drastic_flip,20261018,TS-L5,37.494808523729695,0.0,849.3280996501027,0.9,0.0,0.0,5.0,10.406013148284387
gaussian30,drastic_flip,20261018,EG10-H1,69.19927017390145,0.0,972.8026580422111,0.875,0.0,0.0,10.406013148284387,10.406013148284387
gaussian30,drastic_flip,20261018,DUCB-H1,37.132917770243495,0.0,655.2274322147578,0.9,0.0,0.0,10.406013148284387,10.406013148284387
gaussian30,drastic_flip,20261018,DUCB-H2,37.132917770243495,0.0,671.331070300608,0.9,0.0,0.0,20.812026296568774,10.406013148284387
gaussian30,drastic_flip,20261019,UCB,30.053937297285632,0.0,493.1042190246723,0.9,0.0,0.0,0.0,9.697976713496393
gaussian30,drastic_flip,20261019,DUCB,30.10215165588895,0.0,332.12387081359094,0.9,0.0,0.0,0.0,9.697976713496393
gaussian30,drastic_flip,20261019,TS,30.10215165588895,0.0,638.1556530154361,0.9,0.0,0.0,0.0,9.697976713496393
gaussian30,drastic_flip,20261019,EG05,28.538663109299197,0.0,518.4972007641729,0.925,0.0,0.025,0.0,9.697976713496393
gaussian30,drastic_flip,20261019,EG10,54.23094157770677,0.0,532.2060825234197,0.875,0.0,0.05,0.0,9.697976713496393
gaussian30,drastic_flip,20261019,EG15,100.77057522479316,0.0,538.5838243233137,0.775,0.0,0.0,0.0,9.697976713496393
gaussian30,drastic_flip,20261019,UCB-H0.5,30.053937297285632,0.0,732.8326439452673,0.9,0.0,0.0,4.848988356748197,9.697976713496393
gaussian30,drastic_flip,20261019,UCB-H1,30.053937297285632,0.0,911.3076592328981,0.9,0.0,0.0,9.697976713496393,9.697976713496393
gaussian30,drastic_flip,20261019,UCB-H2,30.053937297285632,0.0,911.3076592328981,0.9,0.0,0.0,19.395953426992786,9.697976713496393
gaussian30,drastic_flip,20261019,TS-H0.5,28.538663109299197,0.0,804.0830967301234,0.925,0.0,0.0,4.848988356748197,9.697976713496393
gaussian30,drastic_flip,20261019,TS-H1,30.141193042005618,0.0,892.4462774274836,0.9,0.0,0.0,9.697976713496393,9.697976713496393
gaussian30,drastic_flip,20261019,TS-H2,30.21701069736762,0.0,928.507789835107,0.9,0.0,0.0,19.395953426992786,9.697976713496393
gaussian30,drastic_flip,20261019,UCB-L5,30.053937297285632,0.0,745.1663039771199,0.9,0.0,0.0,5.0,9.697976713496393
gaussian30,drastic_flip,20261019,TS-L5,29.696790970949486,0.0,811.0200095853079,0.9,0.0,0.0,5.0,9.697976713496393
gaussian30,drastic_flip,20261019,EG10-H1,61.507606773805534,0.0,909.3458421616984,0.85,0.0,0.025,9.697976713496393,9.697976713496393
gaussian30,drastic_flip,20261019,DUCB-H1,30.10215165588895,0.0,657.0278218571478,0.9,0.0,0.0,9.697976713496393,9.697976713496393
gaussian30,drastic_flip,20261019,DUCB-H2,30.16097977035164,0.0,657.7721719952982,0.9,0.0,0.0,19.395953426992786,9.697976713496393
gaussian30,drastic_flip,20261020,UCB,35.11909724345234,0.0,528.0384440126038,0.9,0.0,0.0,0.0,10.290590529638985
gaussian30,drastic_flip,20261020,DUCB,34.94597875695618,0.0,338.10415609637994,0.9,0.0,0.0,0.0,10.290590529638985
gaussian30,drastic_flip,20261020,TS,34.76397625366465,0.0,653.581513219669,0.9,0.0,0.0,0.0,10.290590529638985
gaussian30,drastic_flip,20261020,EG05,58.796583661700566,0.0,521.9182932778782,0.875,0.0,0.025,0.0,10.290590529638985
gaussian30,drastic_flip,20261020,EG10,78.3450508185226,0.0,533.7798525342705,0.8,0.0,0.025,0.0,10.290590529638985
gaussian30,drastic_flip,20261020,EG15,87.38662617418927,0.0,532.4244130016257,0.85,0.0,0.05,0.0,10.290590529638985
gaussian30,drastic_flip,20261020,UCB-H0.5,35.11909724345234,0.0,785.2120273031361,0.9,0.0,0.0,5.1452952648194925,10.290590529638985
gaussian30,drastic_flip,20261020,UCB-H1,35.11909724345234,0.0,930.5007660631613,0.9,0.0,0.0,10.290590529638985,10.290590529638985
gaussian30,drastic_flip,20261020,UCB-H2,35.11909724345234,0.0,939.7151923453398,0.9,0.0,0.0,20.58118105927797,10.290590529638985
gaussian30,drastic_flip,20261020,TS-H0.5,34.98050202199591,0.0,821.6647520636203,0.9,0.0,0.0,5.1452952648194925,10.290590529638985
gaussian30,drastic_flip,20261020,TS-H1,35.01174283983428,0.0,948.5764616964007,0.9,0.0,0.0,10.290590529638985,10.290590529638985
gaussian30,drastic_flip,20261020,TS-H2,34.84283795209323,0.0,902.3537299076245,0.9,0.0,0.0,20.58118105927797,10.290590529638985
gaussian30,drastic_flip,20261020,UCB-L5,35.11909724345234,0.0,760.439204635742,0.9,0.0,0.0,5.0,10.290590529638985
gaussian30,drastic_flip,20261020,TS-L5,35.01174283983428,0.0,876.2935434792748,0.9,0.0,0.0,5.0,10.290590529638985
gaussian30,drastic_flip,20261020,EG10-H1,72.80315977297684,0.0,884.7864405451559,0.8,0.0,0.0,10.290590529638985,10.290590529638985
gaussian30,drastic_flip,20261020,DUCB-H1,34.884050988820036,0.0,655.0783803959425,0.9,0.0,0.0,10.290590529638985,10.290590529638985
gaussian30,drastic_flip,20261020,DUCB-H2,35.303754723389176,0.0,679.6597524288945,0.9,0.0,0.0,20.58118105927797,10.290590529638985
gaussian30,drastic_flip,20261021,UCB,39.794110074069806,0.0,504.9601537750877,0.9,0.0,0.0,0.0,11.026970928429886
gaussian30,drastic_flip,20261021,DUCB,39.53861579927995,0.0,327.1205960824612,0.9,0.0,0.0,0.0,11.026970928429886
gaussian30,drastic_flip,20261021,TS,39.6349579819198,0.0,663.9944254795342,0.9,0.0,0.0,0.0,11.026970928429886
gaussian30,drastic_flip,20261021,EG05,61.11808694692306,0.0,514.1418854198297,0.9,0.0,0.025,0.0,11.026970928429886
gaussian30,drastic_flip,20261021,EG10,38.22788579895606,0.0,533.6079243996031,0.925,0.0,0.05,0.0,11.026970928429886
gaussian30,drastic_flip,20261021,EG15,94.46784590533713,0.0,516.5207446262206,0.825,0.0,0.075,0.0,11.026970928429886
gaussian30,drastic_flip,20261021,UCB-H0.5,39.794110074069806,0.0,792.2710882252932,0.9,0.0,0.0,5.513485464214943,11.026970928429886
gaussian30,drastic_flip,20261021,UCB-H1,40.19563122519948,0.0,904.3477120172033,0.9,0.0,0.0,11.026970928429886,11.026970928429886
gaussian30,drastic_flip,20261021,UCB-H2,39.892108975621326,0.0,912.8604889144359,0.9,0.0,0.0,22.053941856859772,11.026970928429886
gaussian30,drastic_flip,20261021,TS-H0.5,39.66962562646269,0.0,885.2201205930805,0.9,0.0,0.0,5.513485464214943,11.026970928429886
gaussian30,drastic_flip,20261021,TS-H1,39.6349579819198,0.0,892.5014575567998,0.9,0.0,0.0,11.026970928429886,11.026970928429886
gaussian30,drastic_flip,20261021,TS-H2,39.892108975621326,0.0,921.8417545196767,0.9,0.0,0.0,22.053941856859772,11.026970928429886
gaussian30,drastic_flip,20261021,UCB-L5,39.794110074069806,0.0,770.6877064630255,0.9,0.0,0.0,5.0,11.026970928429886
gaussian30,drastic_flip,20261021,TS-L5,39.892108975621326,0.0,810.9412803840441,0.9,0.0,0.0,5.0,11.026970928429886
gaussian30,drastic_flip,20261021,EG10-H1,90.78166756503464,0.0,880.1159406585529,0.875,0.0,0.075,11.026970928429886,11.026970928429886
gaussian30,drastic_flip,20261021,DUCB-H1,39.53861579927995,0.0,655.4718472842295,0.9,0.0,0.0,11.026970928429886,11.026970928429886
gaussian30,drastic_flip,20261021,DUCB-H2,39.53861579927995,0.0,672.2353477043055,0.9,0.0,0.0,22.053941856859772,11.026970928429886
gaussian30,gradual_die,20261018,UCB,26.253882936741753,0.0,96.90181481222963,0.8571428571428571,1.0,0.0,0.0,4.890759522241252
gaussian30,gradual_die,20261018,DUCB,26.253882936741753,0.0,96.90181481222963,0.8571428571428571,1.0,0.0,0.0,4.890759522241252
gaussian30,gradual_die,20261018,TS,26.253882936741753,0.0,96.90181481222963,0.8571428571428571,1.0,0.0,0.0,4.890759522241252
gaussian30,gradual_die,20261018,EG05,26.253882936741753,8.344763947489,109.0538395194151,0.8571428571428571,0.9310344827586207,0.0,0.0,4.890759522241252
gaussian30,gradual_die,20261018,EG10,34.45138334604219,19.60023697487497,88.29451564073044,0.8095238095238095,0.896551724137931,0.06666666666666667,0.0,4.890759522241252
gaussian30,gradual_die,20261018,EG15,38.62450106102966,15.688361906531616,113.1896584235636,0.8095238095238095,0.8620689655172413,0.0,0.0,4.890759522241252
gaussian30,gradual_die,20261018,UCB-H0.5,26.253882936741753,0.0,96.90181481222963,0.8571428571428571,1.0,0.0,2.445379761120626,4.890759522241252
gaussian30,gradual_die,20261018,UCB-H1,26.253882936741753,0.0,96.90181481222963,0.8571428571428571,1.0,0.0,4.890759522241252,4.890759522241252
gaussian30,gradual_die,20261018,UCB-H2,26.253882936741753,0.0,96.90181481222963,0.8571428571428571,1.0,0.0,9.781519044482504,4.890759522241252
gaussian30,gradual_die,20261018,TS-H0.5,26.253882936741753,0.0,96.90181481222963,0.8571428571428571,1.0,0.0,2.445379761120626,4.890759522241252
gaussian30,gradual_die,20261018,TS-H1,26.253882936741753,0.0,96.90181481222963,0.8571428571428571,1.0,0.0,4.890759522241252,4.890759522241252
gaussian30,gradual_die,20261018,TS-H2,26.253882936741753,0.0,96.90181481222963,0.8571428571428571,1.0,0.0,9.781519044482504,4.890759522241252
gaussian30,gradual_die,20261018,UCB-L5,26.253882936741753,0.0,96.90181481222963,0.8571428571428571,1.0,0.0,5.0,4.890759522241252
gaussian30,gradual_die,20261018,TS-L5,26.253882936741753,0.0,96.90181481222963,0.8571428571428571,1.0,0.0,5.0,4.890759522241252
gaussian30,gradual_die,20261018,EG10-H1,31.858108865739524,4.416393717928352,106.76577199459297,0.8095238095238095,0.9655172413793104,0.0,4.890759522241252,4.890759522241252
gaussian30,gradual_die,20261018,DUCB-H1,26.253882936741753,0.0,73.23712668730447,0.8571428571428571,1.0,0.13333333333333333,4.890759522241252,4.890759522241252
gaussian30,gradual_die,20261018,DUCB-H2,26.253882936741753,0.0,52.23667883069096,0.8571428571428571,1.0,0.26666666666666666,9.781519044482504,4.890759522241252
gaussian30,gradual_die,20261019,UCB,24.339252731127214,0.0,102.12750800087697,0.8571428571428571,1.0,0.03333333333333333,0.0,4.459354618759424
gaussian30,gradual_die,20261019,DUCB,24.339252731127214,0.0,83.06778414203731,0.8571428571428571,1.0,0.16666666666666666,0.0,4.459354618759424
gaussian30,gradual_die,20261019,TS,24.339252731127214,0.0,102.12750800087697,0.8571428571428571,1.0,0.03333333333333333,0.0,4.459354618759424
gaussian30,gradual_die,20261019,EG05,24.339252731127214,0.0,97.06398108777105,0.8571428571428571,1.0,0.06666666666666667,0.0,4.459354618759424
gaussian30,gradual_die,20261019,EG10,36.15589219621809,5.942030217056791,98.51585580891006,0.8095238095238095,0.9310344827586207,0.06666666666666667,0.0,4.459354618759424
gaussian30,gradual_die,20261019,EG15,37.542561125899496,26.03743008308203,120.08132263697337,0.7619047619047619,0.8620689655172413,0.03333333333333333,0.0,4.459354618759424
gaussian30,gradual_die,20261019,UCB-H0.5,24.339252731127214,0.0,102.12750800087697,0.8571428571428571,1.0,0.03333333333333333,2.229677309379712,4.459354618759424
gaussian30,gradual_die,20261019,UCB-H1,24.339252731127214,0.0,102.12750800087697,0.8571428571428571,1.0,0.03333333333333333,4.459354618759424,4.459354618759424
gaussian30,gradual_die,20261019,UCB-H2,24.339252731127214,0.0,102.12750800087697,0.8571428571428571,1.0,0.03333333333333333,8.918709237518849,4.459354618759424
gaussian30,gradual_die,20261019,TS-H0.5,24.339252731127214,0.0,102.12750800087697,0.8571428571428571,1.0,0.03333333333333333,2.229677309379712,4.459354618759424
gaussian30,gradual_die,20261019,TS-H1,24.339252731127214,0.0,102.12750800087697,0.8571428571428571,1.0,0.03333333333333333,4.459354618759424,4.459354618759424
gaussian30,gradual_die,20261019,TS-H2,24.339252731127214,0.0,102.12750800087697,0.8571428571428571,1.0,0.03333333333333333,8.918709237518849,4.459354618759424
gaussian30,gradual_die,20261019,UCB-L5,24.339252731127214,0.0,102.12750800087697,0.8571428571428571,1.0,0.03333333333333333,5.0,4.459354618759424
gaussian30,gradual_die,20261019,TS-L5,24.339252731127214,0.0,102.12750800087697,0.8571428571428571,1.0,0.03333333333333333,5.0,4.459354618759424
gaussian30,gradual_die,20261019,EG10-H1,38.99985428526357,21.47059545537516,108.0741083780879,0.7619047619047619,0.9310344827586207,0.06666666666666667,4.459354618759424,4.459354618759424
gaussian30,gradual_die,20261019,DUCB-H1,24.339252731127214,0.0,58.927805474354535,0.8571428571428571,1.0,0.26666666666666666,4.459354618759424,4.459354618759424
gaussian30,gradual_die,20261019,DUCB-H2,24.339252731127214,0.0,53.33197088233595,0.8571428571428571,1.0,0.3,8.918709237518849,4.459354618759424
gaussian30,gradual_die,20261020,UCB,25.260218465536724,0.04248010521703072,103.11656037583097,0.8571428571428571,0.9655172413793104,0.0,0.0,4.6854922489847155
gaussian30,gradual_die,20261020,DUCB,25.260218465536724,0.04248010521703072,76.24401801113312,0.8571428571428571,0.9655172413793104,0.16666666666666666,0.0,4.6854922489847155
gaussian30,gradual_die,20261020,TS,25.260218465536724,0.04248010521703072,103.11656037583097,0.8571428571428571,0.9655172413793104,0.0,0.0,4.6854922489847155
gaussian30,gradual_die,20261020,EG05,37.08264377220053,4.920830285727844,103.11656037583097,0.8095238095238095,0.896551724137931,0.0,0.0,4.6854922489847155
gaussian30,gradual_die,20261020,EG10,37.70748644119189,20.718384214646008,108.11217540003013,0.7619047619047619,0.8620689655172413,0.03333333333333333,0.0,4.6854922489847155
gaussian30,gradual_die,20261020,EG15,43.17544041574542,2.6134855054650528,104.98117197904983,0.7619047619047619,0.9310344827586207,0.06666666666666667,0.0,4.6854922489847155
gaussian30,gradual_die,20261020,UCB-H0.5,25.260218465536724,0.04248010521703072,103.11656037583097,0.8571428571428571,0.9655172413793104,0.0,2.3427461244923578,4.6854922489847155
gaussian30,gradual_die,20261020,UCB-H1,25.260218465536724,0.04248010521703072,103.11656037583097,0.8571428571428571,0.9655172413793104,0.0,4.6854922489847155,4.6854922489847155
gaussian30,gradual_die,20261020,UCB-H2,25.260218465536724,0.04248010521703072,103.11656037583097,0.8571428571428571,0.9655172413793104,0.0,9.370984497969431,4.6854922489847155
gaussian30,gradual_die,20261020,TS-H0.5,25.260218465536724,0.04248010521703072,103.11656037583097,0.8571428571428571,0.9655172413793104,0.0,2.3427461244923578,4.6854922489847155
gaussian30,gradual_die,20261020,TS-H1,25.260218465536724,0.04248010521703072,103.11656037583097,0.8571428571428571,0.9655172413793104,0.0,4.6854922489847155,4.6854922489847155
gaussian30,gradual_die,20261020,TS-H2,25.260218465536724,0.04248010521703072,103.11656037583097,0.8571428571428571,0.9655172413793104,0.0,9.370984497969431,4.6854922489847155
gaussian30,gradual_die,20261020,UCB-L5,25.260218465536724,0.04248010521703072,103.11656037583097,0.8571428571428571,0.9655172413793104,0.0,5.0,4.6854922489847155
gaussian30,gradual_die,20261020,TS-L5,25.260218465536724,0.04248010521703072,103.11656037583097,0.8571428571428571,0.9655172413793104,0.0,5.0,4.6854922489847155
gaussian30,gradual_die,20261020,EG10-H1,52.01815620062037,29.03917643411016,103.11656037583097,0.7142857142857143,0.8620689655172413,0.0,4.6854922489847155,4.6854922489847155
gaussian30,gradual_die,20261020,DUCB-H1,25.260218465536724,0.04248010521703072,55.025008211048295,0.8571428571428571,0.9655172413793104,0.26666666666666666,4.6854922489847155,4.6854922489847155
gaussian30,gradual_die,20261020,DUCB-H2,25.260218465536724,0.04248010521703072,55.025008211048295,0.8571428571428571,0.9655172413793104,0.26666666666666666,9.370984497969431,4.6854922489847155
gaussian30,gradual_die,20261021,UCB,28.385876676170263,0.0,98.60629182265792,0.8571428571428571,1.0,0.0,0.0,5.2730394054581
gaussian30,gradual_die,20261021,DUCB,28.385876676170263,0.0,72.86664581721828,0.8571428571428571,1.0,0.13333333333333333,0.0,5.2730394054581
gaussian30,gradual_die,20261021,TS,28.385876676170263,0.0,98.60629182265792,0.8571428571428571,1.0,0.0,0.0,5.2730394054581
gaussian30,gradual_die,20261021,EG05,28.385876676170263,5.59690200883888,100.94782575987453,0.8571428571428571,0.9655172413793104,0.03333333333333333,0.0,5.2730394054581
gaussian30,gradual_die,20261021,EG10,28.385876676170263,0.48534208758709907,95.13643220728518,0.8571428571428571,0.9655172413793104,0.03333333333333333,0.0,5.2730394054581
gaussian30,gradual_die,20261021,EG15,28.385876676170263,20.617203841556226,100.68696456199785,0.8571428571428571,0.8275862068965517,0.06666666666666667,0.0,5.2730394054581
gaussian30,gradual_die,20261021,UCB-H0.5,28.385876676170263,0.0,98.60629182265792,0.8571428571428571,1.0,0.0,2.63651970272905,5.2730394054581
gaussian30,gradual_die,20261021,UCB-H1,28.385876676170263,0.0,98.60629182265792,0.8571428571428571,1.0,0.0,5.2730394054581,5.2730394054581
gaussian30,gradual_die,20261021,UCB-H2,28.385876676170263,0.0,98.60629182265792,0.8571428571428571,1.0,0.0,10.5460788109162,5.2730394054581
gaussian30,gradual_die,20261021,TS-H0.5,28.385876676170263,0.0,98.60629182265792,0.8571428571428571,1.0,0.0,2.63651970272905,5.2730394054581
gaussian30,gradual_die,20261021,TS-H1,28.385876676170263,0.0,98.60629182265792,0.8571428571428571,1.0,0.0,5.2730394054581,5.2730394054581
gaussian30,gradual_die,20261021,TS-H2,28.385876676170263,0.0,98.60629182265792,0.8571428571428571,1.0,0.0,10.5460788109162,5.2730394054581
gaussian30,gradual_die,20261021,UCB-L5,28.385876676170263,0.0,98.60629182265792,0.8571428571428571,1.0,0.0,5.0,5.2730394054581
gaussian30,gradual_die,20261021,TS-L5,28.385876676170263,0.0,98.60629182265792,0.8571428571428571,1.0,0.0,5.0,5.2730394054581
gaussian30,gradual_die,20261021,EG10-H1,28.385876676170263,13.368570431685473,105.58503133443399,0.8571428571428571,0.8620689655172413,0.06666666666666667,5.2730394054581,5.2730394054581
gaussian30,gradual_die,20261021,DUCB-H1,28.385876676170263,0.0,53.090107824345765,0.8571428571428571,1.0,0.26666666666666666,5.2730394054581,5.2730394054581
gaussian30,gradual_die,20261021,DUCB-H2,28.385876676170263,0.0,53.090107824345765,0.8571428571428571,1.0,0.26666666666666666,10.5460788109162,5.2730394054581
gaussian30,drastic_die,20261018,UCB,26.253882936741753,0.0,254.3760386940648,0.925,0.0,0.0,0.0,4.890759522241252
gaussian30,drastic_die,20261018,DUCB,26.253882936741753,0.0,81.45418208225634,0.925,0.0,0.675,0.0,4.890759522241252
gaussian30,drastic_die,20261018,TS,26.253882936741753,0.0,254.3760386940648,0.925,0.0,0.0,0.0,4.890759522241252
gaussian30,drastic_die,20261018,EG05,38.12408341373994,0.0,260.10097927028346,0.875,0.0,0.0,0.0,4.890759522241252
gaussian30,drastic_die,20261018,EG10,59.423308695355644,0.0,241.37116322441366,0.825,0.0,0.05,0.0,4.890759522241252
gaussian30,drastic_die,20261018,EG15,53.75749864934452,0.0,258.73903519025737,0.85,0.0,0.025,0.0,4.890759522241252
gaussian30,drastic_die,20261018,UCB-H0.5,26.253882936741753,0.0,254.3760386940648,0.925,0.0,0.0,2.445379761120626,4.890759522241252
gaussian30,drastic_die,20261018,UCB-H1,26.253882936741753,0.0,222.33547817365692,0.925,0.0,0.125,4.890759522241252,4.890759522241252
gaussian30,drastic_die,20261018,UCB-H2,26.253882936741753,0.0,139.6049487221332,0.925,0.0,0.45,9.781519044482504,4.890759522241252
gaussian30,drastic_die,20261018,TS-H0.5,26.253882936741753,0.0,254.3760386940648,0.925,0.0,0.0,2.445379761120626,4.890759522241252
gaussian30,drastic_die,20261018,TS-H1,26.253882936741753,0.0,254.3760386940648,0.925,0.0,0.0,4.890759522241252,4.890759522241252
gaussian30,drastic_die,20261018,TS-H2,26.253882936741753,0.0,254.3760386940648,0.925,0.0,0.0,9.781519044482504,4.890759522241252
gaussian30,drastic_die,20261018,UCB-L5,26.253882936741753,0.0,216.6989337853749,0.925,0.0,0.15,5.0,4.890759522241252
gaussian30,drastic_die,20261018,TS-L5,26.253882936741753,0.0,254.3760386940648,0.925,0.0,0.0,5.0,4.890759522241252
gaussian30,drastic_die,20261018,EG10-H1,38.436083193852824,0.0,255.9748300189676,0.875,0.0,0.0,4.890759522241252,4.890759522241252
gaussian30,drastic_die,20261018,DUCB-H1,26.253882936741753,0.0,57.03066114189264,0.925,0.0,0.775,4.890759522241252,4.890759522241252
gaussian30,drastic_die,20261018,DUCB-H2,26.253882936741753,0.0,49.61522602416138,0.925,0.0,0.8,9.781519044482504,4.890759522241252
gaussian30,drastic_die,20261019,UCB,24.339252731127214,0.0,272.7724781475786,0.925,0.0,0.0,0.0,4.459354618759424
gaussian30,drastic_die,20261019,DUCB,24.339252731127214,0.0,80.34796861216347,0.925,0.0,0.725,0.0,4.459354618759424
gaussian30,drastic_die,20261019,TS,24.339252731127214,0.0,265.25395840387785,0.925,0.0,0.0,0.0,4.459354618759424
gaussian30,drastic_die,20261019,EG05,24.339252731127214,0.0,216.45445442143327,0.925,0.0,0.175,0.0,4.459354618759424
gaussian30,drastic_die,20261019,EG10,42.50195927152462,0.0,215.04975102284456,0.875,0.0,0.175,0.0,4.459354618759424
gaussian30,drastic_die,20261019,EG15,67.02824637225321,0.0,275.9340481345883,0.775,0.0,0.0,0.0,4.459354618759424
gaussian30,drastic_die,20261019,UCB-H0.5,24.339252731127214,0.0,216.9196689359778,0.925,0.0,0.175,2.229677309379712,4.459354618759424
gaussian30,drastic_die,20261019,UCB-H1,24.339252731127214,0.0,175.67891067968216,0.925,0.0,0.325,4.459354618759424,4.459354618759424
gaussian30,drastic_die,20261019,UCB-H2,24.339252731127214,0.0,119.02903308158909,0.925,0.0,0.55,8.918709237518849,4.459354618759424
gaussian30,drastic_die,20261019,TS-H0.5,24.339252731127214,0.0,265.25395840387785,0.925,0.0,0.0,2.229677309379712,4.459354618759424
gaussian30,drastic_die,20261019,TS-H1,24.339252731127214,0.0,265.25395840387785,0.925,0.0,0.0,4.459354618759424,4.459354618759424
gaussian30,drastic_die,20261019,TS-H2,24.339252731127214,0.0,245.66298921884714,0.925,0.0,0.075,8.918709237518849,4.459354618759424
gaussian30,drastic_die,20261019,UCB-L5,24.339252731127214,0.0,168.24496916310548,0.925,0.0,0.35,5.0,4.459354618759424
gaussian30,drastic_die,20261019,TS-L5,24.339252731127214,0.0,265.25395840387785,0.925,0.0,0.0,5.0,4.459354618759424
gaussian30,drastic_die,20261019,EG10-H1,52.37797002957825,0.0,256.98590657852975,0.85,0.0,0.025,4.459354618759424,4.459354618759424
gaussian30,drastic_die,20261019,DUCB-H1,24.339252731127214,0.0,52.844589289734955,0.925,0.0,0.8,4.459354618759424,4.459354618759424
gaussian30,drastic_die,20261019,DUCB-H2,24.339252731127214,0.0,52.844589289734955,0.925,0.0,0.8,8.918709237518849,4.459354618759424
gaussian30,drastic_die,20261020,UCB,25.260218465536724,0.0,260.4020895756221,0.925,0.0,0.05,0.0,4.6854922489847155
gaussian30,drastic_die,20261020,DUCB,25.260218465536724,0.0,73.35157594793827,0.925,0.0,0.75,0.0,4.6854922489847155
gaussian30,drastic_die,20261020,TS,25.260218465536724,0.0,262.03534220076415,0.925,0.0,0.025,0.0,4.6854922489847155
gaussian30,drastic_die,20261020,EG05,43.33488068578415,0.0,261.3370911711283,0.875,0.0,0.025,0.0,4.6854922489847155
gaussian30,drastic_die,20261020,EG10,61.86612826875232,0.0,260.30813056495276,0.8,0.0,0.025,0.0,4.6854922489847155
gaussian30,drastic_die,20261020,EG15,50.954746422036415,0.0,262.3808366370987,0.85,0.0,0.05,0.0,4.6854922489847155
gaussian30,drastic_die,20261020,UCB-H0.5,25.260218465536724,0.0,200.02678082950516,0.925,0.0,0.25,2.3427461244923578,4.6854922489847155
gaussian30,drastic_die,20261020,UCB-H1,25.260218465536724,0.0,153.4149777130854,0.925,0.0,0.425,4.6854922489847155,4.6854922489847155
gaussian30,drastic_die,20261020,UCB-H2,25.260218465536724,0.0,80.76368251089401,0.925,0.0,0.7,9.370984497969431,4.6854922489847155
gaussian30,drastic_die,20261020,TS-H0.5,25.260218465536724,0.0,268.73407792099096,0.925,0.0,0.0,2.3427461244923578,4.6854922489847155
gaussian30,drastic_die,20261020,TS-H1,25.260218465536724,0.0,246.32013844208342,0.925,0.0,0.075,4.6854922489847155,4.6854922489847155
gaussian30,drastic_die,20261020,TS-H2,25.260218465536724,0.0,139.37764049121566,0.925,0.0,0.475,9.370984497969431,4.6854922489847155
gaussian30,drastic_die,20261020,UCB-L5,25.260218465536724,0.0,146.02737402506236,0.925,0.0,0.45,5.0,4.6854922489847155
gaussian30,drastic_die,20261020,TS-L5,25.260218465536724,0.0,268.73407792099096,0.925,0.0,0.0,5.0,4.6854922489847155
gaussian30,drastic_die,20261020,EG10-H1,78.82110688044473,0.0,268.1076242587337,0.8,0.0,0.0,4.6854922489847155,4.6854922489847155
gaussian30,drastic_die,20261020,DUCB-H1,25.260218465536724,0.0,54.28039503133184,0.925,0.0,0.8,4.6854922489847155,4.6854922489847155
gaussian30,drastic_die,20261020,DUCB-H2,25.260218465536724,0.0,54.28039503133184,0.925,0.0,0.8,9.370984497969431,4.6854922489847155
gaussian30,drastic_die,20261021,UCB,28.385876676170263,0.0,253.9726332122721,0.925,0.0,0.025,0.0,5.2730394054581
gaussian30,drastic_die,20261021,DUCB,28.385876676170263,0.0,59.67976918529609,0.925,0.0,0.775,0.0,5.2730394054581
gaussian30,drastic_die,20261021,TS,28.385876676170263,0.0,138.7819083981492,0.925,0.0,0.475,0.0,5.2730394054581
gaussian30,drastic_die,20261021,EG05,34.62997991652905,0.0,262.17384890091546,0.9,0.0,0.025,0.0,5.2730394054581
gaussian30,drastic_die,20261021,EG10,28.385876676170263,0.0,170.8749740705743,0.925,0.0,0.35,0.0,5.2730394054581
gaussian30,drastic_die,20261021,EG15,52.50078481522313,0.0,220.57800881156794,0.825,0.0,0.15,0.0,5.2730394054581
gaussian30,drastic_die,20261021,UCB-H0.5,28.385876676170263,0.0,196.393216178116,0.925,0.0,0.25,2.63651970272905,5.2730394054581
gaussian30,drastic_die,20261021,UCB-H1,28.385876676170263,0.0,144.84466576160432,0.925,0.0,0.45,5.2730394054581,5.2730394054581
gaussian30,drastic_die,20261021,UCB-H2,28.385876676170263,0.0,74.37250949418345,0.925,0.0,0.725,10.5460788109162,5.2730394054581
gaussian30,drastic_die,20261021,TS-H0.5,28.385876676170263,0.0,261.5580585296875,0.925,0.0,0.0,2.63651970272905,5.2730394054581
gaussian30,drastic_die,20261021,TS-H1,28.385876676170263,0.0,261.5580585296875,0.925,0.0,0.0,5.2730394054581,5.2730394054581
gaussian30,drastic_die,20261021,TS-H2,28.385876676170263,0.0,171.7806563583143,0.925,0.0,0.35,10.5460788109162,5.2730394054581
gaussian30,drastic_die,20261021,UCB-L5,28.385876676170263,0.0,151.1083657220826,0.925,0.0,0.425,5.0,5.2730394054581
gaussian30,drastic_die,20261021,TS-L5,28.385876676170263,0.0,171.7806563583143,0.925,0.0,0.35,5.0,5.2730394054581
gaussian30,drastic_die,20261021,EG10-H1,41.537168511767895,0.0,149.52757803097538,0.875,0.0,0.475,5.2730394054581,5.2730394054581
gaussian30,drastic_die,20261021,DUCB-H1,28.385876676170263,0.0,53.14476867528393,0.925,0.0,0.8,5.2730394054581,5.2730394054581
gaussian30,drastic_die,20261021,DUCB-H2,28.385876676170263,0.0,53.14476867528393,0.925,0.0,0.8,10.5460788109162,5.2730394054581
gaussian30,gradual_nonlin,20261018,UCB,20.656647769048277,1.5826178239737085,2.482288797543079,0.7142857142857143,0.7586206896551724,0.7333333333333333,0.0,5.131485119354361
gaussian30,gradual_nonlin,20261018,DUCB,20.138408602377876,0.8734550722437462,0.12572231855556126,0.7619047619047619,0.9310344827586207,0.9,0.0,5.131485119354361
gaussian30,gradual_nonlin,20261018,TS,19.101260088335607,0.00844945747003295,9.77277854698511,0.8095238095238095,0.9655172413793104,0.03333333333333333,0.0,5.131485119354361
gaussian30,gradual_nonlin,20261018,EG05,18.71386374283552,5.8538921272250475,27.805167580783717,0.8571428571428571,0.896551724137931,0.03333333333333333,0.0,5.131485119354361
gaussian30,gradual_nonlin,20261018,EG10,19.207169587262992,19.739614266400796,8.944105077896248,0.8095238095238095,0.8620689655172413,0.1,0.0,5.131485119354361
gaussian30,gradual_nonlin,20261018,EG15,31.55369507781863,6.560195136467446,53.37252987919957,0.8095238095238095,0.8275862068965517,0.03333333333333333,0.0,5.131485119354361
gaussian30,gradual_nonlin,20261018,UCB-H0.5,20.470337341062454,1.5507947431533309,0.8724425110336823,0.7142857142857143,0.7931034482758621,0.8,2.5657425596771803,5.131485119354361
gaussian30,gradual_nonlin,20261018,UCB-H1,19.959433510023025,1.6501479015459815,0.4282957427472936,0.7619047619047619,0.7931034482758621,0.9,5.131485119354361,5.131485119354361
gaussian30,gradual_nonlin,20261018,UCB-H2,19.959433510023025,1.0681106902590658,0.3550211297332615,0.7619047619047619,0.8620689655172413,0.8666666666666667,10.262970238708721,5.131485119354361
gaussian30,gradual_nonlin,20261018,TS-H0.5,19.647626988027415,0.00844945747003295,9.77277854698511,0.8095238095238095,0.9655172413793104,0.03333333333333333,2.5657425596771803,5.131485119354361
gaussian30,gradual_nonlin,20261018,TS-H1,19.380319454931318,0.00844945747003295,9.77277854698511,0.8095238095238095,0.9655172413793104,0.03333333333333333,5.131485119354361,5.131485119354361
gaussian30,gradual_nonlin,20261018,TS-H2,19.647626988027415,0.00844945747003295,9.77277854698511,0.8095238095238095,0.9655172413793104,0.03333333333333333,10.262970238708721,5.131485119354361
gaussian30,gradual_nonlin,20261018,UCB-L5,20.506045255019167,1.1683890870383746,0.35657510985202795,0.7142857142857143,0.8275862068965517,0.9,5.0,5.131485119354361
gaussian30,gradual_nonlin,20261018,TS-L5,19.327738556186514,0.00844945747003295,9.77277854698511,0.8095238095238095,0.9655172413793104,0.03333333333333333,5.0,5.131485119354361
gaussian30,gradual_nonlin,20261018,EG10-H1,24.31808967183329,0.4126762405092908,36.81896829404047,0.8095238095238095,0.9310344827586207,0.03333333333333333,5.131485119354361,5.131485119354361
gaussian30,gradual_nonlin,20261018,DUCB-H1,20.138408602377876,0.38671831644960786,0.3215313306916227,0.7619047619047619,0.9310344827586207,0.8666666666666667,5.131485119354361,5.131485119354361
gaussian30,gradual_nonlin,20261018,DUCB-H2,20.138408602377876,0.03974727964149827,0.4031074613121514,0.7619047619047619,0.9655172413793104,0.8666666666666667,10.262970238708721,5.131485119354361
gaussian30,gradual_nonlin,20261019,UCB,21.672000107280205,1.375781424873639,2.0967846924211435,0.7142857142857143,0.8275862068965517,0.7666666666666667,0.0,5.027550322142357
gaussian30,gradual_nonlin,20261019,DUCB,21.02028270091522,0.6218377363968568,0.21644241408629156,0.7619047619047619,0.8620689655172413,0.8666666666666667,0.0,5.027550322142357
gaussian30,gradual_nonlin,20261019,TS,20.24045813854029,0.02817680649493831,10.383216894699947,0.8095238095238095,0.9655172413793104,0.03333333333333333,0.0,5.027550322142357
gaussian30,gradual_nonlin,20261019,EG05,19.70553903934561,0.02817680649493831,9.86015799132854,0.8571428571428571,0.9655172413793104,0.06666666666666667,0.0,5.027550322142357
gaussian30,gradual_nonlin,20261019,EG10,31.68088779371533,0.7860138391635345,10.103071195863789,0.8095238095238095,0.896551724137931,0.06666666666666667,0.0,5.027550322142357
gaussian30,gradual_nonlin,20261019,EG15,32.908847434117895,23.38310862337328,49.2528546166607,0.7619047619047619,0.8275862068965517,0.0,0.0,5.027550322142357
gaussian30,gradual_nonlin,20261019,UCB-H0.5,20.944310930946532,1.8076335614691412,0.990692561406273,0.7619047619047619,0.7931034482758621,0.8666666666666667,2.5137751610711785,5.027550322142357
gaussian30,gradual_nonlin,20261019,UCB-H1,20.944310930946532,1.441509464378333,0.4979532266023639,0.7619047619047619,0.7586206896551724,0.9,5.027550322142357,5.027550322142357
gaussian30,gradual_nonlin,20261019,UCB-H2,20.944310930946532,0.9994346863167858,0.21644241408629156,0.7619047619047619,0.7586206896551724,0.8666666666666667,10.055100644284714,5.027550322142357
gaussian30,gradual_nonlin,20261019,TS-H0.5,20.24045813854029,0.02817680649493831,10.383216894699947,0.8095238095238095,0.9655172413793104,0.03333333333333333,2.5137751610711785,5.027550322142357
gaussian30,gradual_nonlin,20261019,TS-H1,20.2975635242536,0.02817680649493831,10.383216894699947,0.8095238095238095,0.9655172413793104,0.03333333333333333,5.027550322142357,5.027550322142357
gaussian30,gradual_nonlin,20261019,TS-H2,19.70553903934561,0.35280412228826313,6.829746916359039,0.8571428571428571,0.9310344827586207,0.23333333333333334,10.055100644284714,5.027550322142357
gaussian30,gradual_nonlin,20261019,UCB-L5,20.944310930946532,1.5020599596712134,0.624166424458577,0.7619047619047619,0.7586206896551724,0.8,5.0,5.027550322142357
gaussian30,gradual_nonlin,20261019,TS-L5,20.56808961789044,0.02817680649493831,10.383216894699947,0.8095238095238095,0.9655172413793104,0.03333333333333333,5.0,5.027550322142357
gaussian30,gradual_nonlin,20261019,EG10-H1,27.106510297815703,25.172040771748687,48.78855867529941,0.7619047619047619,0.896551724137931,0.06666666666666667,5.027550322142357,5.027550322142357
gaussian30,gradual_nonlin,20261019,DUCB-H1,21.02028270091522,0.3425344239728696,0.2846423352820763,0.7619047619047619,0.896551724137931,0.8333333333333334,5.027550322142357,5.027550322142357
gaussian30,gradual_nonlin,20261019,DUCB-H2,21.02028270091522,0.1380123846913755,0.14834171224546866,0.7619047619047619,0.9310344827586207,0.9666666666666667,10.055100644284714,5.027550322142357
gaussian30,gradual_nonlin,20261020,UCB,21.66223491425522,1.3150134397763316,2.1205786372144244,0.7142857142857143,0.8275862068965517,0.6666666666666666,0.0,5.4191494687743855
gaussian30,gradual_nonlin,20261020,DUCB,21.006098002124833,0.47967690093035065,0.38501039079342897,0.7619047619047619,0.896551724137931,0.9,0.0,5.4191494687743855
gaussian30,gradual_nonlin,20261020,TS,19.981808346346938,0.05398177219242012,10.105421191090288,0.8095238095238095,0.9655172413793104,0.03333333333333333,0.0,5.4191494687743855
gaussian30,gradual_nonlin,20261020,EG05,32.95802172392591,0.5492152806861156,10.105421191090288,0.8095238095238095,0.896551724137931,0.03333333333333333,0.0,5.4191494687743855
gaussian30,gradual_nonlin,20261020,EG10,31.889324102553147,19.136659720659335,34.398444251048424,0.7619047619047619,0.8620689655172413,0.06666666666666667,0.0,5.4191494687743855
gaussian30,gradual_nonlin,20261020,EG15,31.92010129018122,0.15626978587382545,16.200908326926324,0.7619047619047619,0.9310344827586207,0.1,0.0,5.4191494687743855
gaussian30,gradual_nonlin,20261020,UCB-H0.5,21.315792941535744,1.1959234889777037,1.2402499769659354,0.7142857142857143,0.7931034482758621,0.8333333333333334,2.7095747343871928,5.4191494687743855
gaussian30,gradual_nonlin,20261020,UCB-H1,20.683910667981284,1.3835547371500279,0.37269284942545705,0.7619047619047619,0.7586206896551724,0.8666666666666667,5.4191494687743855,5.4191494687743855
gaussian30,gradual_nonlin,20261020,UCB-H2,20.683910667981284,1.1338087290191943,0.5537239650371628,0.7619047619047619,0.7931034482758621,0.8666666666666667,10.838298937548771,5.4191494687743855
gaussian30,gradual_nonlin,20261020,TS-H0.5,20.11954691492385,0.05398177219242012,10.105421191090288,0.8095238095238095,0.9655172413793104,0.03333333333333333,2.7095747343871928,5.4191494687743855
gaussian30,gradual_nonlin,20261020,TS-H1,19.442056126897985,0.7570858887591778,10.105421191090288,0.8571428571428571,0.9310344827586207,0.03333333333333333,5.4191494687743855,5.4191494687743855
gaussian30,gradual_nonlin,20261020,TS-H2,20.108515766862094,0.05398177219242012,10.105421191090288,0.8095238095238095,0.9655172413793104,0.03333333333333333,10.838298937548771,5.4191494687743855
gaussian30,gradual_nonlin,20261020,UCB-L5,20.683910667981284,1.6045912910064501,0.5537239650371628,0.7619047619047619,0.7931034482758621,0.8666666666666667,5.0,5.4191494687743855
gaussian30,gradual_nonlin,20261020,TS-L5,20.108515766862094,0.05398177219242012,10.105421191090288,0.8095238095238095,0.9655172413793104,0.03333333333333333,5.0,5.4191494687743855
gaussian30,gradual_nonlin,20261020,EG10-H1,38.48632714776755,39.23980896450617,10.105421191090288,0.7142857142857143,0.896551724137931,0.03333333333333333,5.4191494687743855,5.4191494687743855
gaussian30,gradual_nonlin,20261020,DUCB-H1,21.006098002124833,0.10618169412366552,0.1745576769528973,0.7619047619047619,0.9310344827586207,0.9,5.4191494687743855,5.4191494687743855
gaussian30,gradual_nonlin,20261020,DUCB-H2,21.006098002124833,0.001488200283570551,0.35558879256460313,0.7619047619047619,0.9655172413793104,0.9,10.838298937548771,5.4191494687743855
gaussian30,gradual_nonlin,20261021,UCB,20.440091492490982,1.5093934774176254,2.6654209209221906,0.7142857142857143,0.8275862068965517,0.6666666666666666,0.0,5.457306727122919
gaussian30,gradual_nonlin,20261021,DUCB,19.873940833338175,0.9156470926356205,0.3988110830125657,0.7619047619047619,0.9310344827586207,0.9,0.0,5.457306727122919
gaussian30,gradual_nonlin,20261021,TS,19.190548130044487,0.04055955294858293,11.37211642901076,0.8095238095238095,0.9655172413793104,0.06666666666666667,0.0,5.457306727122919
gaussian30,gradual_nonlin,20261021,EG05,18.41500499538381,0.7041321141810619,17.709690662777167,0.8571428571428571,0.9310344827586207,0.1,0.0,5.457306727122919
gaussian30,gradual_nonlin,20261021,EG10,18.41500499538381,0.07869914602260375,10.855282549224587,0.8571428571428571,0.9310344827586207,0.1,0.0,5.457306727122919
gaussian30,gradual_nonlin,20261021,EG15,18.41500499538381,11.9474647387481,36.91481904836064,0.8571428571428571,0.7931034482758621,0.13333333333333333,0.0,5.457306727122919
gaussian30,gradual_nonlin,20261021,UCB-H0.5,20.527773507948133,1.400979533778786,0.5909392961331816,0.7142857142857143,0.7586206896551724,0.8666666666666667,2.7286533635614596,5.457306727122919
gaussian30,gradual_nonlin,20261021,UCB-H1,19.781883618478837,1.8947939584752844,0.589867733064589,0.7619047619047619,0.7586206896551724,0.8333333333333334,5.457306727122919,5.457306727122919
gaussian30,gradual_nonlin,20261021,UCB-H2,19.781883618478837,1.4169977479283231,0.5968527172354096,0.7619047619047619,0.7586206896551724,0.8666666666666667,10.914613454245838,5.457306727122919
gaussian30,gradual_nonlin,20261021,TS-H0.5,18.41500499538381,0.6956600543019438,11.37211642901076,0.8571428571428571,0.9310344827586207,0.06666666666666667,2.7286533635614596,5.457306727122919
gaussian30,gradual_nonlin,20261021,TS-H1,19.190548130044487,0.04055955294858293,11.37211642901076,0.8095238095238095,0.9655172413793104,0.06666666666666667,5.457306727122919,5.457306727122919
gaussian30,gradual_nonlin,20261021,TS-H2,18.973707106237722,0.04055955294858293,11.37211642901076,0.8095238095238095,0.9655172413793104,0.06666666666666667,10.914613454245838,5.457306727122919
gaussian30,gradual_nonlin,20261021,UCB-L5,19.781883618478837,1.882731238427432,1.0163952723520462,0.7619047619047619,0.7586206896551724,0.8,5.0,5.457306727122919
gaussian30,gradual_nonlin,20261021,TS-L5,18.973707106237722,0.04055955294858293,11.37211642901076,0.8095238095238095,0.9655172413793104,0.06666666666666667,5.0,5.457306727122919
gaussian30,gradual_nonlin,20261021,EG10-H1,18.41500499538381,13.708378947469072,19.988364974078166,0.8571428571428571,0.896551724137931,0.36666666666666664,5.457306727122919,5.457306727122919
gaussian30,gradual_nonlin,20261021,DUCB-H1,19.873940833338175,0.7700294459732515,0.2903517140154344,0.7619047619047619,0.8275862068965517,0.9,5.457306727122919,5.457306727122919
gaussian30,gradual_nonlin,20261021,DUCB-H2,19.873940833338175,0.5129996332256668,0.2903517140154344,0.7619047619047619,0.8620689655172413,0.9,10.914613454245838,5.457306727122919
gaussian30,drastic_nonlin,20261018,UCB,21.934899570541397,0.0,4.182872295736322,0.8,0.0,0.825,0.0,5.131485119354361
gaussian30,drastic_nonlin,20261018,DUCB,20.994347642681106,0.0,1.3886806477361433,0.85,0.0,0.95,0.0,5.131485119354361
gaussian30,drastic_nonlin,20261018,TS,19.101260088335607,0.0,26.739709563380256,0.9,0.0,0.0,0.0,5.131485119354361
gaussian30,drastic_nonlin,20261018,EG05,24.88464086123153,0.0,44.47181720953193,0.875,0.0,0.0,0.0,5.131485119354361
gaussian30,drastic_nonlin,20261018,EG10,39.70959202455581,0.0,25.48460913687619,0.825,0.0,0.05,0.0,5.131485119354361
gaussian30,drastic_nonlin,20261018,EG15,32.77331146392581,0.0,74.55004950798379,0.85,0.0,0.025,0.0,5.131485119354361
gaussian30,drastic_nonlin,20261018,UCB-H0.5,21.326276381365684,0.0,1.6060413178087414,0.825,0.0,0.95,2.5657425596771803,5.131485119354361
gaussian30,drastic_nonlin,20261018,UCB-H1,21.26738942710521,0.0,3.3197632997517017,0.825,0.0,0.875,5.131485119354361,5.131485119354361
gaussian30,drastic_nonlin,20261018,UCB-H2,20.527554133985557,0.0,4.3549599200346885,0.85,0.0,0.85,10.262970238708721,5.131485119354361
gaussian30,drastic_nonlin,20261018,TS-H0.5,19.647626988027415,0.0,26.739709563380256,0.9,0.0,0.0,2.5657425596771803,5.131485119354361
gaussian30,drastic_nonlin,20261018,TS-H1,19.380319454931318,0.0,26.739709563380256,0.9,0.0,0.0,5.131485119354361,5.131485119354361
gaussian30,drastic_nonlin,20261018,TS-H2,19.647626988027415,0.0,10.486640647296154,0.9,0.0,0.625,10.262970238708721,5.131485119354361
gaussian30,drastic_nonlin,20261018,UCB-L5,21.172497927848596,0.0,2.605195194733252,0.825,0.0,0.9,5.0,5.131485119354361
gaussian30,drastic_nonlin,20261018,TS-L5,19.327738556186514,0.0,26.739709563380256,0.9,0.0,0.0,5.0,5.131485119354361
gaussian30,drastic_nonlin,20261018,EG10-H1,24.936865475767437,0.0,53.29185240108535,0.875,0.0,0.0,5.131485119354361,5.131485119354361
gaussian30,drastic_nonlin,20261018,DUCB-H1,20.138408602377876,0.0,1.3886806477361433,0.875,0.0,0.95,5.131485119354361,5.131485119354361
gaussian30,drastic_nonlin,20261018,DUCB-H2,20.138408602377876,0.0,3.9996573029409546,0.875,0.0,0.85,10.262970238708721,5.131485119354361
gaussian30,drastic_nonlin,20261019,UCB,22.989717979036055,0.0,4.746416750919636,0.8,0.0,0.825,0.0,5.027550322142357
gaussian30,drastic_nonlin,20261019,DUCB,21.836546218770444,0.0,1.9034588672148536,0.85,0.0,0.925,0.0,5.027550322142357
gaussian30,drastic_nonlin,20261019,TS,20.24045813854029,0.0,27.611481674903324,0.9,0.0,0.0,0.0,5.027550322142357
gaussian30,drastic_nonlin,20261019,EG05,19.70553903934561,0.0,26.845134946950775,0.925,0.0,0.025,0.0,5.027550322142357
gaussian30,drastic_nonlin,20261019,EG10,32.488344187671366,0.0,26.416605896613127,0.875,0.0,0.05,0.0,5.027550322142357
gaussian30,drastic_nonlin,20261019,EG15,56.45636091042501,0.0,66.2334949094249,0.775,0.0,0.0,0.0,5.027550322142357
gaussian30,drastic_nonlin,20261019,UCB-H0.5,22.147056528295476,0.0,1.4039806452403403,0.825,0.0,0.95,2.5137751610711785,5.027550322142357
gaussian30,drastic_nonlin,20261019,UCB-H1,21.827295512711505,0.0,2.0135058315120795,0.85,0.0,0.925,5.027550322142357,5.027550322142357
gaussian30,drastic_nonlin,20261019,UCB-H2,20.944310930946532,0.0,2.710717587446589,0.875,0.0,0.9,10.055100644284714,5.027550322142357
gaussian30,drastic_nonlin,20261019,TS-H0.5,20.24045813854029,0.0,26.887628901287318,0.9,0.0,0.025,2.5137751610711785,5.027550322142357
gaussian30,drastic_nonlin,20261019,TS-H1,20.2975635242536,0.0,27.611481674903324,0.9,0.0,0.0,5.027550322142357,5.027550322142357
gaussian30,drastic_nonlin,20261019,TS-H2,20.4554433431494,0.0,25.53048440010399,0.9,0.0,0.075,10.055100644284714,5.027550322142357
gaussian30,drastic_nonlin,20261019,UCB-L5,21.827295512711505,0.0,2.0135058315120795,0.85,0.0,0.925,5.0,5.027550322142357
gaussian30,drastic_nonlin,20261019,TS-L5,20.56808961789044,0.0,27.611481674903324,0.9,0.0,0.0,5.0,5.027550322142357
gaussian30,drastic_nonlin,20261019,EG10-H1,40.08364858733981,0.0,75.58288330865216,0.85,0.0,0.075,5.027550322142357,5.027550322142357
gaussian30,drastic_nonlin,20261019,DUCB-H1,21.02028270091522,0.0,1.2443095367798755,0.875,0.0,0.95,5.027550322142357,5.027550322142357
gaussian30,drastic_nonlin,20261019,DUCB-H2,21.02028270091522,0.0,3.7151391482898175,0.875,0.0,0.85,10.055100644284714,5.027550322142357
gaussian30,drastic_nonlin,20261020,UCB,23.238574149131555,0.0,5.382255074653766,0.8,0.0,0.8,0.0,5.4191494687743855
gaussian30,drastic_nonlin,20261020,DUCB,21.639017664182195,0.0,1.951865026444562,0.85,0.0,0.925,0.0,5.4191494687743855
gaussian30,drastic_nonlin,20261020,TS,19.981808346346938,0.0,27.682468680673164,0.9,0.0,0.0,0.0,5.4191494687743855
gaussian30,drastic_nonlin,20261020,EG05,33.60689343728226,0.0,26.771355500454852,0.875,0.0,0.025,0.0,5.4191494687743855
gaussian30,drastic_nonlin,20261020,EG10,51.31986983202853,0.0,50.68895562654134,0.8,0.0,0.025,0.0,5.4191494687743855
gaussian30,drastic_nonlin,20261020,EG15,32.36706583057494,0.0,32.83966585418841,0.85,0.0,0.05,0.0,5.4191494687743855
gaussian30,drastic_nonlin,20261020,UCB-H0.5,21.958066104612595,0.0,1.348549566879342,0.825,0.0,0.95,2.7095747343871928,5.4191494687743855
gaussian30,drastic_nonlin,20261020,UCB-H1,21.88602602661091,0.0,1.951865026444562,0.825,0.0,0.925,5.4191494687743855,5.4191494687743855
gaussian30,drastic_nonlin,20261020,UCB-H2,21.332782381337637,0.0,3.9633365564538146,0.85,0.0,0.85,10.838298937548771,5.4191494687743855
gaussian30,drastic_nonlin,20261020,TS-H0.5,20.11954691492385,0.0,27.682468680673164,0.9,0.0,0.0,2.7095747343871928,5.4191494687743855
gaussian30,drastic_nonlin,20261020,TS-H1,20.25245824492637,0.0,27.682468680673164,0.9,0.0,0.0,5.4191494687743855,5.4191494687743855
gaussian30,drastic_nonlin,20261020,TS-H2,20.108515766862094,0.0,11.349274210332382,0.9,0.0,0.625,10.838298937548771,5.4191494687743855
gaussian30,drastic_nonlin,20261020,UCB-L5,22.041049694705272,0.0,2.6362550055486142,0.825,0.0,0.9,5.0,5.4191494687743855
gaussian30,drastic_nonlin,20261020,TS-L5,20.108515766862094,0.0,27.682468680673164,0.9,0.0,0.0,5.0,5.4191494687743855
gaussian30,drastic_nonlin,20261020,EG10-H1,65.84983192901471,0.0,39.03509332550812,0.8,0.0,0.0,5.4191494687743855,5.4191494687743855
gaussian30,drastic_nonlin,20261020,DUCB-H1,21.006098002124833,0.0,1.951865026444562,0.875,0.0,0.925,5.4191494687743855,5.4191494687743855
gaussian30,drastic_nonlin,20261020,DUCB-H2,21.006098002124833,0.0,4.175118800222018,0.875,0.0,0.85,10.838298937548771,5.4191494687743855
gaussian30,drastic_nonlin,20261021,UCB,21.678909184076026,0.0,4.452576251087829,0.8,0.0,0.825,0.0,5.457306727122919
gaussian30,drastic_nonlin,20261021,DUCB,20.813668782580606,0.0,1.7696219701696352,0.85,0.0,0.925,0.0,5.457306727122919
gaussian30,drastic_nonlin,20261021,TS,19.190548130044487,0.0,16.51983773994554,0.9,0.0,0.4,0.0,5.457306727122919
gaussian30,drastic_nonlin,20261021,EG05,19.153859931377422,0.0,34.52584690513347,0.9,0.0,0.025,0.0,5.457306727122919
gaussian30,drastic_nonlin,20261021,EG10,18.41500499538381,0.0,15.410541165321069,0.925,0.0,0.425,0.0,5.457306727122919
gaussian30,drastic_nonlin,20261021,EG15,30.733208942657292,0.0,42.79927023944994,0.825,0.0,0.375,0.0,5.457306727122919
gaussian30,drastic_nonlin,20261021,UCB-H0.5,21.45508510680921,0.0,1.7696219701696352,0.825,0.0,0.925,2.7286533635614596,5.457306727122919
gaussian30,drastic_nonlin,20261021,UCB-H1,20.681810767567402,0.0,0.7029970154254188,0.85,0.0,0.975,5.457306727122919,5.457306727122919
gaussian30,drastic_nonlin,20261021,UCB-H2,20.274019834053277,0.0,2.478813253270351,0.85,0.0,0.9,10.914613454245838,5.457306727122919
gaussian30,drastic_nonlin,20261021,TS-H0.5,19.15706027149727,0.0,26.642399552824045,0.9,0.0,0.075,2.7286533635614596,5.457306727122919
gaussian30,drastic_nonlin,20261021,TS-H1,19.190548130044487,0.0,13.926084610356058,0.9,0.0,0.475,5.457306727122919,5.457306727122919
gaussian30,drastic_nonlin,20261021,TS-H2,18.973707106237722,0.0,6.660030669730278,0.9,0.0,0.725,10.914613454245838,5.457306727122919
gaussian30,drastic_nonlin,20261021,UCB-L5,20.681810767567402,0.0,0.8182469504312511,0.85,0.0,0.975,5.0,5.457306727122919
gaussian30,drastic_nonlin,20261021,TS-L5,18.973707106237722,0.0,17.358535918063293,0.9,0.0,0.35,5.0,5.457306727122919
gaussian30,drastic_nonlin,20261021,EG10-H1,19.776964811516176,0.0,39.705653678193755,0.875,0.0,0.475,5.457306727122919,5.457306727122919
gaussian30,drastic_nonlin,20261021,DUCB-H1,19.873940833338175,0.0,1.4183173432186138,0.875,0.0,0.95,5.457306727122919,5.457306727122919
gaussian30,drastic_nonlin,20261021,DUCB-H2,19.873940833338175,0.0,2.3877212366928857,0.875,0.0,0.9,10.914613454245838,5.457306727122919
gaussian30,gradual_noise,20261018,UCB,21.38857732697487,1.631470121309695,2.663435404710678,0.8095238095238095,0.9655172413793104,0.9333333333333333,0.0,4.927937466536905
gaussian30,gradual_noise,20261018,DUCB,20.002750040752986,3.02799932770901,5.170974711227988,0.8571428571428571,0.9310344827586207,0.9,0.0,4.927937466536905
gaussian30,gradual_noise,20261018,TS,20.002750040752986,0.0,1.45146839574631,0.8571428571428571,1.0,0.9666666666666667,0.0,4.927937466536905
gaussian30,gradual_noise,20261018,EG05,20.002750040752986,7.579436711274186,13.942244549218115,0.8571428571428571,0.9310344827586207,0.9333333333333333,0.0,4.927937466536905
gaussian30,gradual_noise,20261018,EG10,27.068986152379125,20.63905048692081,13.320632972083427,0.8095238095238095,0.896551724137931,0.9333333333333333,0.0,4.927937466536905
gaussian30,gradual_noise,20261018,EG15,32.8331542549101,20.24002319306414,42.297933812504255,0.8095238095238095,0.8620689655172413,0.8666666666666667,0.0,4.927937466536905
gaussian30,gradual_noise,20261018,UCB-H0.5,21.38857732697487,1.631470121309695,2.6173542466727695,0.8095238095238095,0.9655172413793104,0.9333333333333333,2.4639687332684526,4.927937466536905
gaussian30,gradual_noise,20261018,UCB-H1,21.38857732697487,1.631470121309695,3.1454729443926324,0.8095238095238095,0.9655172413793104,0.9333333333333333,4.927937466536905,4.927937466536905
gaussian30,gradual_noise,20261018,UCB-H2,21.38857732697487,1.631470121309695,2.780027120029666,0.8095238095238095,0.9655172413793104,0.9333333333333333,9.85587493307381,4.927937466536905
gaussian30,gradual_noise,20261018,TS-H0.5,21.64869910724316,0.0,0.0,0.8095238095238095,1.0,1.0,2.4639687332684526,4.927937466536905
gaussian30,gradual_noise,20261018,TS-H1,21.584998636020345,0.0,0.0,0.8095238095238095,1.0,1.0,4.927937466536905,4.927937466536905
gaussian30,gradual_noise,20261018,TS-H2,20.002750040752986,1.6113496220297456,0.0,0.8571428571428571,0.9655172413793104,1.0,9.85587493307381,4.927937466536905
gaussian30,gradual_noise,20261018,UCB-L5,21.38857732697487,1.631470121309695,3.1454729443926324,0.8095238095238095,0.9655172413793104,0.9333333333333333,5.0,4.927937466536905
gaussian30,gradual_noise,20261018,TS-L5,21.437242626058833,0.0,0.0,0.8095238095238095,1.0,1.0,5.0,4.927937466536905
gaussian30,gradual_noise,20261018,EG10-H1,21.386356161169928,6.874558221093088,28.97677865359755,0.8095238095238095,0.9655172413793104,0.9333333333333333,4.927937466536905,4.927937466536905
gaussian30,gradual_noise,20261018,DUCB-H1,20.002750040752986,3.02799932770901,5.562563329248573,0.8571428571428571,0.9310344827586207,0.8666666666666667,4.927937466536905,4.927937466536905
gaussian30,gradual_noise,20261018,DUCB-H2,20.002750040752986,3.02799932770901,5.491432169540357,0.8571428571428571,0.9310344827586207,0.8666666666666667,9.85587493307381,4.927937466536905
gaussian30,gradual_noise,20261019,UCB,21.46470782515194,1.6564193774405824,2.837210007277392,0.8095238095238095,0.9655172413793104,0.9333333333333333,0.0,4.862266783572404
gaussian30,gradual_noise,20261019,DUCB,21.729950176421482,1.6695827738115134,6.033144427935343,0.8095238095238095,0.9655172413793104,0.9,0.0,4.862266783572404
gaussian30,gradual_noise,20261019,TS,21.633345740541575,0.0,0.0,0.8095238095238095,1.0,1.0,0.0,4.862266783572404
gaussian30,gradual_noise,20261019,EG05,19.873349606388416,0.0,7.011912530127753,0.8571428571428571,1.0,0.9666666666666667,0.0,4.862266783572404
gaussian30,gradual_noise,20261019,EG10,31.826609093801274,12.155096753685273,5.954214438850183,0.8095238095238095,0.9310344827586207,0.9666666666666667,0.0,4.862266783572404
gaussian30,gradual_noise,20261019,EG15,23.215538444785995,31.621487894659893,28.245405931283877,0.7619047619047619,0.8620689655172413,0.8666666666666667,0.0,4.862266783572404
gaussian30,gradual_noise,20261019,UCB-H0.5,21.46470782515194,1.6564193774405824,2.837210007277392,0.8095238095238095,0.9655172413793104,0.9333333333333333,2.431133391786202,4.862266783572404
gaussian30,gradual_noise,20261019,UCB-H1,21.46470782515194,1.6564193774405824,2.888794905292689,0.8095238095238095,0.9655172413793104,0.9333333333333333,4.862266783572404,4.862266783572404
gaussian30,gradual_noise,20261019,UCB-H2,21.46470782515194,1.6564193774405824,2.888794905292689,0.8095238095238095,0.9655172413793104,0.9333333333333333,9.724533567144809,4.862266783572404
gaussian30,gradual_noise,20261019,TS-H0.5,21.578498283537733,0.0,0.0,0.8095238095238095,1.0,1.0,2.431133391786202,4.862266783572404
gaussian30,gradual_noise,20261019,TS-H1,21.468091530643097,0.0,0.0,0.8095238095238095,1.0,1.0,4.862266783572404,4.862266783572404
gaussian30,gradual_noise,20261019,TS-H2,21.625363062288407,0.0,0.0,0.8095238095238095,1.0,1.0,9.724533567144809,4.862266783572404
gaussian30,gradual_noise,20261019,UCB-L5,21.46470782515194,1.6564193774405824,2.888794905292689,0.8095238095238095,0.9655172413793104,0.9333333333333333,5.0,4.862266783572404
gaussian30,gradual_noise,20261019,TS-L5,19.873349606388416,1.3507756050694883,0.0,0.8571428571428571,0.9655172413793104,1.0,5.0,4.862266783572404
gaussian30,gradual_noise,20261019,EG10-H1,27.79462303927177,25.52162640629632,46.223334315524156,0.7619047619047619,0.9310344827586207,0.8666666666666667,4.862266783572404,4.862266783572404
gaussian30,gradual_noise,20261019,DUCB-H1,21.729950176421482,1.6108385114750032,6.6699688794616785,0.8095238095238095,0.9655172413793104,0.8666666666666667,4.862266783572404,4.862266783572404
gaussian30,gradual_noise,20261019,DUCB-H2,21.729950176421482,1.6108385114750032,7.187098562922386,0.8095238095238095,0.9655172413793104,0.8666666666666667,9.724533567144809,4.862266783572404
gaussian30,gradual_noise,20261020,UCB,22.65591405156594,1.4037691131217191,2.691215203222753,0.8095238095238095,0.9655172413793104,0.9333333333333333,0.0,5.254993830373007
gaussian30,gradual_noise,20261020,DUCB,22.52127814846852,1.4527632418250762,6.284270257322349,0.8095238095238095,0.9655172413793104,0.8666666666666667,0.0,5.254993830373007
gaussian30,gradual_noise,20261020,TS,22.648938260663645,0.0,0.0,0.8095238095238095,1.0,1.0,0.0,5.254993830373007
gaussian30,gradual_noise,20261020,EG05,34.5069497304383,12.41967842044447,0.0,0.8095238095238095,0.9310344827586207,1.0,0.0,5.254993830373007
gaussian30,gradual_noise,20261020,EG10,24.006643251616683,20.20780442921627,32.61903261062164,0.7619047619047619,0.896551724137931,0.9,0.0,5.254993830373007
gaussian30,gradual_noise,20261020,EG15,39.469902613699354,6.503672953882875,15.21394725521624,0.7619047619047619,0.9655172413793104,0.9,0.0,5.254993830373007
gaussian30,gradual_noise,20261020,UCB-H0.5,22.65591405156594,1.4037691131217191,3.3638904671097327,0.8095238095238095,0.9655172413793104,0.9333333333333333,2.6274969151865033,5.254993830373007
gaussian30,gradual_noise,20261020,UCB-H1,22.65591405156594,1.526969218069418,3.383162257600665,0.8095238095238095,0.9655172413793104,0.9333333333333333,5.254993830373007,5.254993830373007
gaussian30,gradual_noise,20261020,UCB-H2,22.65591405156594,1.526969218069418,2.662457067898739,0.8095238095238095,0.9655172413793104,0.9333333333333333,10.509987660746013,5.254993830373007
gaussian30,gradual_noise,20261020,TS-H0.5,22.378399319720323,0.0,0.0,0.8095238095238095,1.0,1.0,2.6274969151865033,5.254993830373007
gaussian30,gradual_noise,20261020,TS-H1,22.287306661795714,0.0,0.0,0.8095238095238095,1.0,1.0,5.254993830373007,5.254993830373007
gaussian30,gradual_noise,20261020,TS-H2,22.40562855060189,0.0,0.0,0.8095238095238095,1.0,1.0,10.509987660746013,5.254993830373007
gaussian30,gradual_noise,20261020,UCB-L5,22.65591405156594,1.526969218069418,3.383162257600665,0.8095238095238095,0.9655172413793104,0.9333333333333333,5.0,5.254993830373007
gaussian30,gradual_noise,20261020,TS-L5,22.287306661795714,0.0,0.0,0.8095238095238095,1.0,1.0,5.0,5.254993830373007
gaussian30,gradual_noise,20261020,EG10-H1,41.18547243934841,39.45843306883346,0.0,0.7142857142857143,0.896551724137931,1.0,5.254993830373007,5.254993830373007
gaussian30,gradual_noise,20261020,DUCB-H1,22.52127814846852,1.4527632418250762,6.118783027470212,0.8095238095238095,0.9655172413793104,0.8666666666666667,5.254993830373007,5.254993830373007
gaussian30,gradual_noise,20261020,DUCB-H2,22.52127814846852,1.4527632418250762,5.647298558577128,0.8095238095238095,0.9655172413793104,0.8666666666666667,10.509987660746013,5.254993830373007
gaussian30,gradual_noise,20261021,UCB,22.407413195055515,1.5439528564182665,3.797482871447153,0.8095238095238095,0.9655172413793104,0.9333333333333333,0.0,5.232145826013773
gaussian30,gradual_noise,20261021,DUCB,22.642013208388242,1.244176970424017,7.404727099025312,0.8095238095238095,0.9655172413793104,0.8666666666666667,0.0,5.232145826013773
gaussian30,gradual_noise,20261021,TS,22.672976871090597,0.0,0.0,0.8095238095238095,1.0,1.0,0.0,5.232145826013773
gaussian30,gradual_noise,20261021,EG05,20.973006374005962,5.537369678682035,10.494633596944581,0.8571428571428571,0.9655172413793104,0.9333333333333333,0.0,5.232145826013773
gaussian30,gradual_noise,20261021,EG10,20.973006374005962,5.369690181068081,5.946541781206793,0.8571428571428571,0.9655172413793104,0.9666666666666667,0.0,5.232145826013773
gaussian30,gradual_noise,20261021,EG15,20.973006374005962,19.476321750955552,40.12473959844485,0.8571428571428571,0.8275862068965517,0.8666666666666667,0.0,5.232145826013773
gaussian30,gradual_noise,20261021,UCB-H0.5,22.407413195055515,1.5439528564182665,3.797482871447153,0.8095238095238095,0.9655172413793104,0.9333333333333333,2.6160729130068865,5.232145826013773
gaussian30,gradual_noise,20261021,UCB-H1,22.407413195055515,1.5439528564182665,3.2901613537373,0.8095238095238095,0.9655172413793104,0.9333333333333333,5.232145826013773,5.232145826013773
gaussian30,gradual_noise,20261021,UCB-H2,22.407413195055515,1.5316100205876273,2.8186996667483726,0.8095238095238095,0.9655172413793104,0.9333333333333333,10.464291652027546,5.232145826013773
gaussian30,gradual_noise,20261021,TS-H0.5,20.973006374005962,1.3217095103352927,0.0,0.8571428571428571,0.9655172413793104,1.0,2.6160729130068865,5.232145826013773
gaussian30,gradual_noise,20261021,TS-H1,22.628775095047622,0.0,0.0,0.8095238095238095,1.0,1.0,5.232145826013773,5.232145826013773
gaussian30,gradual_noise,20261021,TS-H2,20.973006374005962,1.811690150631096,0.0,0.8571428571428571,0.9655172413793104,1.0,10.464291652027546,5.232145826013773
gaussian30,gradual_noise,20261021,UCB-L5,22.407413195055515,1.5439528564182665,3.2901613537373,0.8095238095238095,0.9655172413793104,0.9333333333333333,5.0,5.232145826013773
gaussian30,gradual_noise,20261021,TS-L5,20.973006374005962,1.6891236724639966,0.0,0.8571428571428571,0.9655172413793104,1.0,5.0,5.232145826013773
gaussian30,gradual_noise,20261021,EG10-H1,20.973006374005962,32.09084120043534,17.424436563778514,0.8571428571428571,0.8620689655172413,0.8666666666666667,5.232145826013773,5.232145826013773
gaussian30,gradual_noise,20261021,DUCB-H1,22.642013208388242,1.244176970424017,5.323367980410338,0.8095238095238095,0.9655172413793104,0.9,5.232145826013773,5.232145826013773
gaussian30,gradual_noise,20261021,DUCB-H2,22.642013208388242,2.2978828053135545,4.164007857483802,0.8095238095238095,0.9655172413793104,0.9333333333333333,10.464291652027546,5.232145826013773
gaussian30,drastic_noise,20261018,UCB,21.38857732697487,0.0,4.229642431447145,0.9,0.0,0.95,0.0,4.927937466536905
gaussian30,drastic_noise,20261018,DUCB,21.24840481701691,0.0,6.87006532613622,0.9,0.0,0.9,0.0,4.927937466536905
gaussian30,drastic_noise,20261018,TS,20.002750040752986,0.0,4.43976645539229,0.925,0.0,0.925,0.0,4.927937466536905
gaussian30,drastic_noise,20261018,EG05,27.449977270274044,0.0,14.001578503763785,0.875,0.0,0.95,0.0,4.927937466536905
gaussian30,drastic_noise,20261018,EG10,47.53072484092776,0.0,15.548227606639115,0.825,0.0,0.925,0.0,4.927937466536905
gaussian30,drastic_noise,20261018,EG15,45.691800903325536,0.0,50.15969382997375,0.85,0.0,0.85,0.0,4.927937466536905
gaussian30,drastic_noise,20261018,UCB-H0.5,21.38857732697487,0.0,4.123097748476915,0.9,0.0,0.95,2.4639687332684526,4.927937466536905
gaussian30,drastic_noise,20261018,UCB-H1,21.38857732697487,0.0,4.183623913137132,0.9,0.0,0.95,4.927937466536905,4.927937466536905
gaussian30,drastic_noise,20261018,UCB-H2,21.38857732697487,0.0,3.250360858226574,0.9,0.0,0.95,9.85587493307381,4.927937466536905
gaussian30,drastic_noise,20261018,TS-H0.5,21.64869910724316,0.0,2.595607685571336,0.9,0.0,0.95,2.4639687332684526,4.927937466536905
gaussian30,drastic_noise,20261018,TS-H1,21.584998636020345,0.0,4.406465133015024,0.9,0.0,0.925,4.927937466536905,4.927937466536905
gaussian30,drastic_noise,20261018,TS-H2,21.568873076438166,0.0,3.327800134223031,0.9,0.0,0.95,9.85587493307381,4.927937466536905
gaussian30,drastic_noise,20261018,UCB-L5,21.38857732697487,0.0,3.430854228828145,0.9,0.0,0.95,5.0,4.927937466536905
gaussian30,drastic_noise,20261018,TS-L5,21.437242626058833,0.0,4.213272012356719,0.9,0.0,0.925,5.0,4.927937466536905
gaussian30,drastic_noise,20261018,EG10-H1,28.29130451084489,0.0,30.51384690953733,0.875,0.0,0.925,4.927937466536905,4.927937466536905
gaussian30,drastic_noise,20261018,DUCB-H1,21.24840481701691,0.0,6.820082701366793,0.9,0.0,0.9,4.927937466536905,4.927937466536905
gaussian30,drastic_noise,20261018,DUCB-H2,21.24840481701691,0.0,7.594235338381283,0.9,0.0,0.9,9.85587493307381,4.927937466536905
gaussian30,drastic_noise,20261019,UCB,21.46470782515194,0.0,3.2508495058771407,0.9,0.0,0.95,0.0,4.862266783572404
gaussian30,drastic_noise,20261019,DUCB,21.729950176421482,0.0,11.343911264015702,0.9,0.0,0.9,0.0,4.862266783572404
gaussian30,drastic_noise,20261019,TS,21.633345740541575,0.0,3.2413663946860365,0.9,0.0,0.95,0.0,4.862266783572404
gaussian30,drastic_noise,20261019,EG05,19.873349606388416,0.0,8.779767155205661,0.925,0.0,0.95,0.0,4.862266783572404
gaussian30,drastic_noise,20261019,EG10,37.94575050658008,0.0,13.129887577873868,0.875,0.0,0.925,0.0,4.862266783572404
gaussian30,drastic_noise,20261019,EG15,54.55502729073669,0.0,27.765813052530902,0.775,0.0,0.9,0.0,4.862266783572404
gaussian30,drastic_noise,20261019,UCB-H0.5,21.46470782515194,0.0,3.2508495058771407,0.9,0.0,0.95,2.431133391786202,4.862266783572404
gaussian30,drastic_noise,20261019,UCB-H1,21.46470782515194,0.0,3.2508495058771407,0.9,0.0,0.95,4.862266783572404,4.862266783572404
gaussian30,drastic_noise,20261019,UCB-H2,21.46470782515194,0.0,3.2508495058771407,0.9,0.0,0.95,9.724533567144809,4.862266783572404
gaussian30,drastic_noise,20261019,TS-H0.5,21.578498283537733,0.0,3.9272957934666994,0.9,0.0,0.925,2.431133391786202,4.862266783572404
gaussian30,drastic_noise,20261019,TS-H1,21.468091530643097,0.0,3.422273731544894,0.9,0.0,0.95,4.862266783572404,4.862266783572404
gaussian30,drastic_noise,20261019,TS-H2,21.625363062288407,0.0,4.281805235973082,0.9,0.0,0.925,9.724533567144809,4.862266783572404
gaussian30,drastic_noise,20261019,UCB-L5,21.46470782515194,0.0,3.2508495058771407,0.9,0.0,0.95,5.0,4.862266783572404
gaussian30,drastic_noise,20261019,TS-L5,21.328070382322952,0.0,2.7910206473276076,0.9,0.0,0.95,5.0,4.862266783572404
gaussian30,drastic_noise,20261019,EG10-H1,40.78948234347945,0.0,60.117200425998604,0.85,0.0,0.85,4.862266783572404,4.862266783572404
gaussian30,drastic_noise,20261019,DUCB-H1,21.729950176421482,0.0,6.248566788638791,0.9,0.0,0.925,4.862266783572404,4.862266783572404
gaussian30,drastic_noise,20261019,DUCB-H2,21.729950176421482,0.0,6.248566788638791,0.9,0.0,0.925,9.724533567144809,4.862266783572404
gaussian30,drastic_noise,20261020,UCB,22.65591405156594,0.0,2.968899972237956,0.9,0.0,0.95,0.0,5.254993830373007
gaussian30,drastic_noise,20261020,DUCB,22.52127814846852,0.0,6.8042441803420175,0.9,0.0,0.9,0.0,5.254993830373007
gaussian30,drastic_noise,20261020,TS,22.648938260663645,0.0,3.38501271672542,0.9,0.0,0.925,0.0,5.254993830373007
gaussian30,drastic_noise,20261020,EG05,40.44654488326464,0.0,7.545357103700169,0.875,0.0,0.95,0.0,5.254993830373007
gaussian30,drastic_noise,20261020,EG10,44.14359938861098,0.0,34.73293692003299,0.8,0.0,0.9,0.0,5.254993830373007
gaussian30,drastic_noise,20261020,EG15,45.8176396256067,0.0,16.422237199990064,0.85,0.0,0.9,0.0,5.254993830373007
gaussian30,drastic_noise,20261020,UCB-H0.5,22.65591405156594,0.0,2.968899972237956,0.9,0.0,0.95,2.6274969151865033,5.254993830373007
gaussian30,drastic_noise,20261020,UCB-H1,22.65591405156594,0.0,2.968899972237956,0.9,0.0,0.95,5.254993830373007,5.254993830373007
gaussian30,drastic_noise,20261020,UCB-H2,22.65591405156594,0.0,2.910262613534444,0.9,0.0,0.95,10.509987660746013,5.254993830373007
gaussian30,drastic_noise,20261020,TS-H0.5,22.378399319720323,0.0,2.1118271689697017,0.9,0.0,0.95,2.6274969151865033,5.254993830373007
gaussian30,drastic_noise,20261020,TS-H1,22.287306661795714,0.0,5.482250289509177,0.9,0.0,0.925,5.254993830373007,5.254993830373007
gaussian30,drastic_noise,20261020,TS-H2,22.40562855060189,0.0,4.06804569537004,0.9,0.0,0.925,10.509987660746013,5.254993830373007
gaussian30,drastic_noise,20261020,UCB-L5,22.65591405156594,0.0,2.968899972237956,0.9,0.0,0.95,5.0,5.254993830373007
gaussian30,drastic_noise,20261020,TS-L5,22.287306661795714,0.0,2.694334600024299,0.9,0.0,0.95,5.0,5.254993830373007
gaussian30,drastic_noise,20261020,EG10-H1,68.5041458040258,0.0,13.58264490662351,0.8,0.0,0.95,5.254993830373007,5.254993830373007
gaussian30,drastic_noise,20261020,DUCB-H1,22.52127814846852,0.0,6.980256558628479,0.9,0.0,0.9,5.254993830373007,5.254993830373007
gaussian30,drastic_noise,20261020,DUCB-H2,22.52127814846852,0.0,6.980256558628479,0.9,0.0,0.9,10.509987660746013,5.254993830373007
gaussian30,drastic_noise,20261021,UCB,22.407413195055515,0.0,3.4565689199089373,0.9,0.0,0.95,0.0,5.232145826013773
gaussian30,drastic_noise,20261021,DUCB,22.642013208388242,0.0,6.753831569434817,0.9,0.0,0.9,0.0,5.232145826013773
gaussian30,drastic_noise,20261021,TS,22.672976871090597,0.0,4.795568223964343,0.9,0.0,0.925,0.0,5.232145826013773
gaussian30,drastic_noise,20261021,EG05,26.575494508357345,0.0,10.797335495902503,0.9,0.0,0.95,0.0,5.232145826013773
gaussian30,drastic_noise,20261021,EG10,20.973006374005962,0.0,12.792936830695982,0.925,0.0,0.925,0.0,5.232145826013773
gaussian30,drastic_noise,20261021,EG15,34.910583934905034,0.0,48.27338962032757,0.825,0.0,0.85,0.0,5.232145826013773
gaussian30,drastic_noise,20261021,UCB-H0.5,22.407413195055515,0.0,3.4565689199089373,0.9,0.0,0.95,2.6160729130068865,5.232145826013773
gaussian30,drastic_noise,20261021,UCB-H1,22.407413195055515,0.0,3.127681221835,0.9,0.0,0.95,5.232145826013773,5.232145826013773
gaussian30,drastic_noise,20261021,UCB-H2,22.407413195055515,0.0,3.127681221835,0.9,0.0,0.95,10.464291652027546,5.232145826013773
gaussian30,drastic_noise,20261021,TS-H0.5,22.274348097653444,0.0,4.4342891293851725,0.9,0.0,0.925,2.6160729130068865,5.232145826013773
gaussian30,drastic_noise,20261021,TS-H1,22.628775095047622,0.0,4.503072427922957,0.9,0.0,0.925,5.232145826013773,5.232145826013773
gaussian30,drastic_noise,20261021,TS-H2,22.79539437351052,0.0,3.7846442422285382,0.9,0.0,0.95,10.464291652027546,5.232145826013773
gaussian30,drastic_noise,20261021,UCB-L5,22.407413195055515,0.0,3.127681221835,0.9,0.0,0.95,5.0,5.232145826013773
gaussian30,drastic_noise,20261021,TS-L5,20.973006374005962,0.0,5.429157760024725,0.925,0.0,0.925,5.0,5.232145826013773
gaussian30,drastic_noise,20261021,EG10-H1,33.9335763307285,0.0,37.34532965013906,0.875,0.0,0.85,5.232145826013773,5.232145826013773
gaussian30,drastic_noise,20261021,DUCB-H1,22.642013208388242,0.0,6.753831569434817,0.9,0.0,0.9,5.232145826013773,5.232145826013773
gaussian30,drastic_noise,20261021,DUCB-H2,22.642013208388242,0.0,6.753831569434817,0.9,0.0,0.9,10.464291652027546,5.232145826013773
gaussian12,gradual_relocate,20261018,UCB,10.576886643966251,1.6269904991110875,22.880160661298824,0.8095238095238095,0.896551724137931,0.4666666666666667,0.0,2.0343117641573225
gaussian12,gradual_relocate,20261018,DUCB,10.490558618526675,1.9437750092857793,14.662196117320303,0.8095238095238095,0.7241379310344828,0.5,0.0,2.0343117641573225
gaussian12,gradual_relocate,20261018,TS,9.21215695139523,9.034416071424026,31.527451225825043,0.8571428571428571,0.4482758620689655,0.26666666666666666,0.0,2.0343117641573225
gaussian12,gradual_relocate,20261018,EG05,9.21215695139523,11.28177027314837,45.49689268294516,0.8571428571428571,0.4827586206896552,0.03333333333333333,0.0,2.0343117641573225
gaussian12,gradual_relocate,20261018,EG10,14.253525253219827,13.442773080986251,66.39258447448128,0.8095238095238095,0.3793103448275862,0.06666666666666667,0.0,2.0343117641573225
gaussian12,gradual_relocate,20261018,EG15,12.053211208972579,14.648069662023458,40.12198613555239,0.8095238095238095,0.41379310344827586,0.1,0.0,2.0343117641573225
gaussian12,gradual_relocate,20261018,UCB-H0.5,10.576886643966251,0.9179771922918478,15.851511719229393,0.8095238095238095,0.7931034482758621,0.5,1.0171558820786613,2.0343117641573225
gaussian12,gradual_relocate,20261018,UCB-H1,10.576886643966251,0.9179771922918478,10.301378948380489,0.8095238095238095,0.7931034482758621,0.5,2.0343117641573225,2.0343117641573225
gaussian12,gradual_relocate,20261018,UCB-H2,10.576886643966251,0.9179771922918478,10.301378948380489,0.8095238095238095,0.7931034482758621,0.5,4.068623528314645,2.0343117641573225
gaussian12,gradual_relocate,20261018,TS-H0.5,10.581672763614575,9.034416071424026,81.10154654485541,0.8095238095238095,0.4482758620689655,0.0,1.0171558820786613,2.0343117641573225
gaussian12,gradual_relocate,20261018,TS-H1,10.631952834486947,9.034416071424026,41.0745423154601,0.8095238095238095,0.4482758620689655,0.03333333333333333,2.0343117641573225,2.0343117641573225
gaussian12,gradual_relocate,20261018,TS-H2,11.498651356107864,5.641050524289749,10.301378948380489,0.8095238095238095,0.5517241379310345,0.5,4.068623528314645,2.0343117641573225
gaussian12,gradual_relocate,20261018,UCB-L5,10.576886643966251,0.9179771922918478,10.301378948380489,0.8095238095238095,0.7931034482758621,0.5,5.0,2.0343117641573225
gaussian12,gradual_relocate,20261018,TS-L5,10.553894468581909,9.034416071424026,22.47456625065911,0.8095238095238095,0.4482758620689655,0.23333333333333334,5.0,2.0343117641573225
gaussian12,gradual_relocate,20261018,EG10-H1,10.516898679676302,12.60070008178826,63.60429878199108,0.8095238095238095,0.41379310344827586,0.0,2.0343117641573225,2.0343117641573225
gaussian12,gradual_relocate,20261018,DUCB-H1,9.21215695139523,1.0433539299903583,13.829152681375653,0.8571428571428571,0.7931034482758621,0.5,2.0343117641573225,2.0343117641573225
gaussian12,gradual_relocate,20261018,DUCB-H2,9.21215695139523,0.5915717557356113,10.301378948380489,0.8571428571428571,0.8275862068965517,0.5,4.068623528314645,2.0343117641573225
gaussian12,gradual_relocate,20261019,UCB,11.691370571509191,2.7202106046142456,23.426771888250943,0.8095238095238095,0.7931034482758621,0.43333333333333335,0.0,2.153286358764297
gaussian12,gradual_relocate,20261019,DUCB,11.508302235225042,0.5118872948893177,16.83195600317615,0.8095238095238095,0.896551724137931,0.5,0.0,2.153286358764297
gaussian12,gradual_relocate,20261019,TS,14.556742729674074,9.637128362142533,84.72835191221891,0.7619047619047619,0.4827586206896552,0.0,0.0,2.153286358764297
gaussian12,gradual_relocate,20261019,EG05,10.335751202437494,9.637128362142533,85.79614065060363,0.8571428571428571,0.4827586206896552,0.03333333333333333,0.0,2.153286358764297
gaussian12,gradual_relocate,20261019,EG10,12.762257288265857,14.19434905949978,86.83507519477344,0.8095238095238095,0.4482758620689655,0.0,0.0,2.153286358764297
gaussian12,gradual_relocate,20261019,EG15,13.176932150623907,22.906718708102872,55.73590167753068,0.7619047619047619,0.3448275862068966,0.06666666666666667,0.0,2.153286358764297
gaussian12,gradual_relocate,20261019,UCB-H0.5,11.691370571509191,0.589070357297597,13.473406302780731,0.8095238095238095,0.896551724137931,0.5,1.0766431793821485,2.153286358764297
gaussian12,gradual_relocate,20261019,UCB-H1,11.691370571509191,0.8109836600478795,10.440973423199306,0.8095238095238095,0.8620689655172413,0.5,2.153286358764297,2.153286358764297
gaussian12,gradual_relocate,20261019,UCB-H2,11.691370571509191,1.0868918260552998,10.440973423199306,0.8095238095238095,0.8275862068965517,0.5,4.306572717528594,2.153286358764297
gaussian12,gradual_relocate,20261019,TS-H0.5,11.710112890090924,9.637128362142533,67.8234012223416,0.8095238095238095,0.4827586206896552,0.0,1.0766431793821485,2.153286358764297
gaussian12,gradual_relocate,20261019,TS-H1,12.826594091904123,6.8455083942562345,13.236455725340763,0.8095238095238095,0.5517241379310345,0.43333333333333335,2.153286358764297,2.153286358764297
gaussian12,gradual_relocate,20261019,TS-H2,11.691370571509191,9.637128362142533,19.61363165800066,0.8095238095238095,0.4827586206896552,0.3,4.306572717528594,2.153286358764297
gaussian12,gradual_relocate,20261019,UCB-L5,11.691370571509191,1.0868918260552998,10.440973423199306,0.8095238095238095,0.8275862068965517,0.5,5.0,2.153286358764297
gaussian12,gradual_relocate,20261019,TS-L5,11.564518090648766,9.637128362142533,19.61363165800066,0.8095238095238095,0.4827586206896552,0.3,5.0,2.153286358764297
gaussian12,gradual_relocate,20261019,EG10-H1,17.24429212793326,12.483745097494014,44.29446227156189,0.7619047619047619,0.4482758620689655,0.03333333333333333,2.153286358764297,2.153286358764297
gaussian12,gradual_relocate,20261019,DUCB-H1,11.508302235225042,1.0868918260552998,10.440973423199306,0.8095238095238095,0.8275862068965517,0.5,2.153286358764297,2.153286358764297
gaussian12,gradual_relocate,20261019,DUCB-H2,11.508302235225042,1.0868918260552998,10.440973423199306,0.8095238095238095,0.8275862068965517,0.5,4.306572717528594,2.153286358764297
gaussian12,gradual_relocate,20261020,UCB,9.097745862700947,2.4467682568570144,22.771399649912023,0.8095238095238095,0.8620689655172413,0.43333333333333335,0.0,1.8026807596946766
gaussian12,gradual_relocate,20261020,DUCB,9.005615188163038,0.9728102035286088,16.415333765513065,0.8095238095238095,0.8620689655172413,0.4666666666666667,0.0,1.8026807596946766
gaussian12,gradual_relocate,20261020,TS,9.175885147451137,9.303297014212962,76.99349336537767,0.8095238095238095,0.4827586206896552,0.0,0.0,1.8026807596946766
gaussian12,gradual_relocate,20261020,EG05,11.13656345397768,14.420399297322762,72.26675289588165,0.8095238095238095,0.4482758620689655,0.0,0.0,1.8026807596946766
gaussian12,gradual_relocate,20261020,EG10,10.829791954573754,16.107886785732497,80.8961917955683,0.7619047619047619,0.41379310344827586,0.0,0.0,1.8026807596946766
gaussian12,gradual_relocate,20261020,EG15,15.236568137804664,10.79196504514463,43.014795073524546,0.7619047619047619,0.4827586206896552,0.03333333333333333,0.0,1.8026807596946766
gaussian12,gradual_relocate,20261020,UCB-H0.5,9.097745862700947,1.458389374744583,17.421518516065262,0.8095238095238095,0.7931034482758621,0.4666666666666667,0.9013403798473383,1.8026807596946766
gaussian12,gradual_relocate,20261020,UCB-H1,9.097745862700947,0.7554497276270811,10.371605266252478,0.8095238095238095,0.8620689655172413,0.4666666666666667,1.8026807596946766,1.8026807596946766
gaussian12,gradual_relocate,20261020,UCB-H2,9.097745862700947,0.8170480355755656,10.371605266252478,0.8095238095238095,0.8620689655172413,0.4666666666666667,3.605361519389353,1.8026807596946766
gaussian12,gradual_relocate,20261020,TS-H0.5,11.813853684412454,9.303297014212962,44.28705745954853,0.7619047619047619,0.4827586206896552,0.0,0.9013403798473383,1.8026807596946766
gaussian12,gradual_relocate,20261020,TS-H1,9.329163821109507,9.303297014212962,38.98526219195941,0.8095238095238095,0.4827586206896552,0.0,1.8026807596946766,1.8026807596946766
gaussian12,gradual_relocate,20261020,TS-H2,9.147215759038101,9.303297014212962,23.135295056973966,0.8095238095238095,0.4827586206896552,0.2,3.605361519389353,1.8026807596946766
gaussian12,gradual_relocate,20261020,UCB-L5,9.097745862700947,1.093349928559973,10.371605266252478,0.8095238095238095,0.8275862068965517,0.4666666666666667,5.0,1.8026807596946766
gaussian12,gradual_relocate,20261020,TS-L5,9.329163821109507,9.303297014212962,21.257216344836678,0.8095238095238095,0.4827586206896552,0.23333333333333334,5.0,1.8026807596946766
gaussian12,gradual_relocate,20261020,EG10-H1,17.30069918077689,12.335069584058688,41.867198154963944,0.7142857142857143,0.41379310344827586,0.0,1.8026807596946766,1.8026807596946766
gaussian12,gradual_relocate,20261020,DUCB-H1,9.005615188163038,0.41073928919852126,13.819398655675457,0.8095238095238095,0.896551724137931,0.4666666666666667,1.8026807596946766,1.8026807596946766
gaussian12,gradual_relocate,20261020,DUCB-H2,9.005615188163038,1.093349928559973,10.371605266252478,0.8095238095238095,0.8275862068965517,0.4666666666666667,3.605361519389353,1.8026807596946766
gaussian12,gradual_relocate,20261021,UCB,10.30660126903784,1.8260848686355138,22.39793989259736,0.8095238095238095,0.8275862068965517,0.43333333333333335,0.0,2.0299376069581205
gaussian12,gradual_relocate,20261021,DUCB,10.17300196192766,0.15200568310497076,17.79425594330065,0.8095238095238095,0.9655172413793104,0.5,0.0,2.0299376069581205
gaussian12,gradual_relocate,20261021,TS,10.226271474368065,9.7364412909808,83.42962236555593,0.8095238095238095,0.4827586206896552,0.0,0.0,2.0299376069581205
gaussian12,gradual_relocate,20261021,EG05,9.077128702723488,13.597656646931167,42.576301870613555,0.8571428571428571,0.4482758620689655,0.1,0.0,2.0299376069581205
gaussian12,gradual_relocate,20261021,EG10,9.077128702723488,10.480416604629365,84.99137563445282,0.8571428571428571,0.4827586206896552,0.0,0.0,2.0299376069581205
gaussian12,gradual_relocate,20261021,EG15,9.077128702723488,19.007095633704935,59.68787358934347,0.8571428571428571,0.3793103448275862,0.0,0.0,2.0299376069581205
gaussian12,gradual_relocate,20261021,UCB-H0.5,10.30660126903784,0.9148098922424704,14.974355111880168,0.8095238095238095,0.8620689655172413,0.5333333333333333,1.0149688034790603,2.0299376069581205
gaussian12,gradual_relocate,20261021,UCB-H1,10.30660126903784,0.3795502160448589,10.138966539758222,0.8095238095238095,0.896551724137931,0.5333333333333333,2.0299376069581205,2.0299376069581205
gaussian12,gradual_relocate,20261021,UCB-H2,10.30660126903784,1.0671821617355235,10.138966539758222,0.8095238095238095,0.8275862068965517,0.5333333333333333,4.059875213916241,2.0299376069581205
gaussian12,gradual_relocate,20261021,TS-H0.5,10.30660126903784,9.7364412909808,63.034006880544744,0.8095238095238095,0.4827586206896552,0.0,1.0149688034790603,2.0299376069581205
gaussian12,gradual_relocate,20261021,TS-H1,10.769679934512064,9.7364412909808,57.22717218902638,0.8095238095238095,0.4827586206896552,0.0,2.0299376069581205,2.0299376069581205
gaussian12,gradual_relocate,20261021,TS-H2,10.769679934512064,9.7364412909808,27.488037737155103,0.8095238095238095,0.4827586206896552,0.2,4.059875213916241,2.0299376069581205
gaussian12,gradual_relocate,20261021,UCB-L5,10.30660126903784,1.0671821617355235,10.138966539758222,0.8095238095238095,0.8275862068965517,0.5333333333333333,5.0,2.0299376069581205
gaussian12,gradual_relocate,20261021,TS-L5,9.077128702723488,8.096743124287597,11.139840734924583,0.8571428571428571,0.5517241379310345,0.5,5.0,2.0299376069581205
gaussian12,gradual_relocate,20261021,EG10-H1,9.077128702723488,15.87830195942239,32.724500841076626,0.8571428571428571,0.4482758620689655,0.06666666666666667,2.0299376069581205,2.0299376069581205
gaussian12,gradual_relocate,20261021,DUCB-H1,10.17300196192766,1.0671821617355235,10.138966539758222,0.8095238095238095,0.8275862068965517,0.5333333333333333,2.0299376069581205,2.0299376069581205
gaussian12,gradual_relocate,20261021,DUCB-H2,10.17300196192766,1.0671821617355235,10.138966539758222,0.8095238095238095,0.8275862068965517,0.5333333333333333,4.059875213916241,2.0299376069581205
gaussian12,drastic_relocate,20261018,UCB,11.846801705428467,0.0,92.26262243443539,0.875,0.0,0.0,0.0,2.0343117641573225
gaussian12,drastic_relocate,20261018,DUCB,10.490558618526675,0.0,62.753171263838205,0.9,0.0,0.0,0.0,2.0343117641573225
gaussian12,drastic_relocate,20261018,TS,9.21215695139523,0.0,117.98459113605972,0.925,0.0,0.0,0.0,2.0343117641573225
gaussian12,drastic_relocate,20261018,EG05,15.568886205868354,0.0,112.62291236475254,0.875,0.0,0.0,0.0,2.0343117641573225
gaussian12,drastic_relocate,20261018,EG10,23.297543644392114,0.0,109.59690667449257,0.825,0.0,0.05,0.0,2.0343117641573225
gaussian12,drastic_relocate,20261018,EG15,21.42343742703902,0.0,113.61457557233462,0.85,0.0,0.025,0.0,2.0343117641573225
gaussian12,drastic_relocate,20261018,UCB-H0.5,10.576886643966251,0.0,89.35001594535653,0.9,0.0,0.0,1.0171558820786613,2.0343117641573225
gaussian12,drastic_relocate,20261018,UCB-H1,10.576886643966251,0.0,83.93333780844179,0.9,0.0,0.0,2.0343117641573225,2.0343117641573225
gaussian12,drastic_relocate,20261018,UCB-H2,10.576886643966251,0.0,75.4589828272324,0.9,0.0,0.0,4.068623528314645,2.0343117641573225
gaussian12,drastic_relocate,20261018,TS-H0.5,10.581672763614575,0.0,113.76268765082693,0.9,0.0,0.0,1.0171558820786613,2.0343117641573225
gaussian12,drastic_relocate,20261018,TS-H1,10.631952834486947,0.0,101.32715854670249,0.9,0.0,0.0,2.0343117641573225,2.0343117641573225
gaussian12,drastic_relocate,20261018,TS-H2,11.498651356107864,0.0,89.30479748386496,0.9,0.0,0.0,4.068623528314645,2.0343117641573225
gaussian12,drastic_relocate,20261018,UCB-L5,10.576886643966251,0.0,77.20577491544796,0.9,0.0,0.0,5.0,2.0343117641573225
gaussian12,drastic_relocate,20261018,TS-L5,10.553894468581909,0.0,85.86599194185554,0.9,0.0,0.0,5.0,2.0343117641573225
gaussian12,drastic_relocate,20261018,EG10-H1,15.837400142473316,0.0,103.57926231147114,0.875,0.0,0.0,2.0343117641573225,2.0343117641573225
gaussian12,drastic_relocate,20261018,DUCB-H1,9.21215695139523,0.0,62.322677115599795,0.925,0.0,0.0,2.0343117641573225,2.0343117641573225
gaussian12,drastic_relocate,20261018,DUCB-H2,9.21215695139523,0.0,65.54687927928876,0.925,0.0,0.0,4.068623528314645,2.0343117641573225
gaussian12,drastic_relocate,20261019,UCB,12.92984098398069,0.0,96.71674325437668,0.875,0.0,0.0,0.0,2.153286358764297
gaussian12,drastic_relocate,20261019,DUCB,11.508302235225042,0.0,66.50492310013632,0.9,0.0,0.0,0.0,2.153286358764297
gaussian12,drastic_relocate,20261019,TS,14.556742729674074,0.0,120.85388184221404,0.875,0.0,0.0,0.0,2.153286358764297
gaussian12,drastic_relocate,20261019,EG05,10.335751202437494,0.0,104.47429658904744,0.925,0.0,0.025,0.0,2.153286358764297
gaussian12,drastic_relocate,20261019,EG10,18.06571648794099,0.0,108.31918112515525,0.875,0.0,0.05,0.0,2.153286358764297
gaussian12,drastic_relocate,20261019,EG15,28.832995061597693,0.0,109.28458986669044,0.775,0.0,0.0,0.0,2.153286358764297
gaussian12,drastic_relocate,20261019,UCB-H0.5,11.691370571509191,0.0,91.52325297433524,0.9,0.0,0.0,1.0766431793821485,2.153286358764297
gaussian12,drastic_relocate,20261019,UCB-H1,11.691370571509191,0.0,81.27381632003406,0.9,0.0,0.0,2.153286358764297,2.153286358764297
gaussian12,drastic_relocate,20261019,UCB-H2,11.691370571509191,0.0,80.76497200314077,0.9,0.0,0.0,4.306572717528594,2.153286358764297
gaussian12,drastic_relocate,20261019,TS-H0.5,11.710112890090924,0.0,109.94911011841992,0.9,0.0,0.0,1.0766431793821485,2.153286358764297
gaussian12,drastic_relocate,20261019,TS-H1,13.905332266485836,0.0,100.95029177631368,0.875,0.0,0.0,2.153286358764297,2.153286358764297
gaussian12,drastic_relocate,20261019,TS-H2,11.691370571509191,0.0,90.85174861205338,0.9,0.0,0.0,4.306572717528594,2.153286358764297
gaussian12,drastic_relocate,20261019,UCB-L5,11.691370571509191,0.0,80.09232752756743,0.9,0.0,0.0,5.0,2.153286358764297
gaussian12,drastic_relocate,20261019,TS-L5,11.564518090648766,0.0,90.87922884473274,0.9,0.0,0.0,5.0,2.153286358764297
gaussian12,drastic_relocate,20261019,EG10-H1,19.73864867956167,0.0,91.29436411440126,0.85,0.0,0.025,2.153286358764297,2.153286358764297
gaussian12,drastic_relocate,20261019,DUCB-H1,11.508302235225042,0.0,64.20299536799374,0.9,0.0,0.0,2.153286358764297,2.153286358764297
gaussian12,drastic_relocate,20261019,DUCB-H2,11.508302235225042,0.0,67.23123908577132,0.9,0.0,0.0,4.306572717528594,2.153286358764297
gaussian12,drastic_relocate,20261020,UCB,10.289384004719224,0.0,94.02714366549738,0.875,0.0,0.0,0.0,1.8026807596946766
gaussian12,drastic_relocate,20261020,DUCB,10.265587982667185,0.0,62.73576932226496,0.875,0.0,0.0,0.0,1.8026807596946766
gaussian12,drastic_relocate,20261020,TS,9.175885147451137,0.0,116.3286528576485,0.9,0.0,0.0,0.0,1.8026807596946766
gaussian12,drastic_relocate,20261020,EG05,18.114571047669955,0.0,97.89379211855292,0.875,0.0,0.025,0.0,1.8026807596946766
gaussian12,drastic_relocate,20261020,EG10,19.645768810703714,0.0,104.62390517350886,0.8,0.0,0.025,0.0,1.8026807596946766
gaussian12,drastic_relocate,20261020,EG15,19.689603961958664,0.0,101.56579221535364,0.85,0.0,0.05,0.0,1.8026807596946766
gaussian12,drastic_relocate,20261020,UCB-H0.5,10.36736299276277,0.0,89.35453932681423,0.875,0.0,0.0,0.9013403798473383,1.8026807596946766
gaussian12,drastic_relocate,20261020,UCB-H1,10.173621012935069,0.0,85.1793768376627,0.875,0.0,0.0,1.8026807596946766,1.8026807596946766
gaussian12,drastic_relocate,20261020,UCB-H2,9.097745862700947,0.0,52.82721024681039,0.9,0.0,0.4,3.605361519389353,1.8026807596946766
gaussian12,drastic_relocate,20261020,TS-H0.5,11.813853684412454,0.0,109.97186108815293,0.875,0.0,0.0,0.9013403798473383,1.8026807596946766
gaussian12,drastic_relocate,20261020,TS-H1,9.329163821109507,0.0,103.13369878107599,0.9,0.0,0.0,1.8026807596946766,1.8026807596946766
gaussian12,drastic_relocate,20261020,TS-H2,9.147215759038101,0.0,96.41941720353317,0.9,0.0,0.0,3.605361519389353,1.8026807596946766
gaussian12,drastic_relocate,20261020,UCB-L5,9.097745862700947,0.0,46.2816252939962,0.9,0.0,0.575,5.0,1.8026807596946766
gaussian12,drastic_relocate,20261020,TS-L5,9.329163821109507,0.0,83.7425729255709,0.9,0.0,0.0,5.0,1.8026807596946766
gaussian12,drastic_relocate,20261020,EG10-H1,22.067600590657534,0.0,88.322091394709,0.8,0.0,0.0,1.8026807596946766,1.8026807596946766
gaussian12,drastic_relocate,20261020,DUCB-H1,9.005615188163038,0.0,62.49555742744849,0.9,0.0,0.0,1.8026807596946766,1.8026807596946766
gaussian12,drastic_relocate,20261020,DUCB-H2,9.005615188163038,0.0,65.85619895047185,0.9,0.0,0.0,3.605361519389353,1.8026807596946766
gaussian12,drastic_relocate,20261021,UCB,11.54235181898857,0.0,94.31485154141367,0.875,0.0,0.0,0.0,2.0299376069581205
gaussian12,drastic_relocate,20261021,DUCB,10.17300196192766,0.0,65.10036935537636,0.9,0.0,0.0,0.0,2.0299376069581205
gaussian12,drastic_relocate,20261021,TS,10.226271474368065,0.0,127.26515805253007,0.9,0.0,0.0,0.0,2.0299376069581205
gaussian12,drastic_relocate,20261021,EG05,13.424985221513513,0.0,101.33667569583278,0.9,0.0,0.025,0.0,2.0299376069581205
gaussian12,drastic_relocate,20261021,EG10,9.077128702723488,0.0,111.17199564814385,0.925,0.0,0.05,0.0,2.0299376069581205
gaussian12,drastic_relocate,20261021,EG15,23.03701462256361,0.0,103.93846239276479,0.825,0.0,0.075,0.0,2.0299376069581205
gaussian12,drastic_relocate,20261021,UCB-H0.5,10.30660126903784,0.0,91.90561700728396,0.9,0.0,0.0,1.0149688034790603,2.0299376069581205
gaussian12,drastic_relocate,20261021,UCB-H1,10.30660126903784,0.0,83.42516835193476,0.9,0.0,0.0,2.0299376069581205,2.0299376069581205
gaussian12,drastic_relocate,20261021,UCB-H2,10.30660126903784,0.0,80.8880598079555,0.9,0.0,0.0,4.059875213916241,2.0299376069581205
gaussian12,drastic_relocate,20261021,TS-H0.5,10.30660126903784,0.0,115.03892647494465,0.9,0.0,0.0,1.0149688034790603,2.0299376069581205
gaussian12,drastic_relocate,20261021,TS-H1,10.769679934512064,0.0,114.27285836386307,0.9,0.0,0.0,2.0299376069581205,2.0299376069581205
gaussian12,drastic_relocate,20261021,TS-H2,10.769679934512064,0.0,98.41841929318728,0.9,0.0,0.0,4.059875213916241,2.0299376069581205
gaussian12,drastic_relocate,20261021,UCB-L5,10.30660126903784,0.0,80.74756476906077,0.9,0.0,0.0,5.0,2.0299376069581205
gaussian12,drastic_relocate,20261021,TS-L5,9.077128702723488,0.0,88.94533097323877,0.925,0.0,0.0,5.0,2.0299376069581205
gaussian12,drastic_relocate,20261021,EG10-H1,20.644392330706914,0.0,92.9121365843662,0.875,0.0,0.075,2.0299376069581205,2.0299376069581205
gaussian12,drastic_relocate,20261021,DUCB-H1,10.17300196192766,0.0,64.77367056560132,0.9,0.0,0.0,2.0299376069581205,2.0299376069581205
gaussian12,drastic_relocate,20261021,DUCB-H2,10.17300196192766,0.0,68.91477234878704,0.9,0.0,0.0,4.059875213916241,2.0299376069581205
gaussian12,gradual_flip,20261018,UCB,17.85197405933145,6.4430542342716866,72.5293192825111,0.6666666666666666,0.5862068965517241,0.03333333333333333,0.0,4.393198052184851
gaussian12,gradual_flip,20261018,DUCB,17.32141942682688,3.9142702590428584,57.26377469732402,0.7142857142857143,0.6551724137931034,0.06666666666666667,0.0,4.393198052184851
gaussian12,gradual_flip,20261018,TS,18.12896294664422,23.020531470613104,98.5656938598181,0.6666666666666666,0.20689655172413793,0.06666666666666667,0.0,4.393198052184851
gaussian12,gradual_flip,20261018,EG05,15.465133155046772,27.005028532001646,90.77606464864004,0.8571428571428571,0.20689655172413793,0.03333333333333333,0.0,4.393198052184851
gaussian12,gradual_flip,20261018,EG10,24.456754985634934,24.868716931762908,127.11823408833763,0.8095238095238095,0.2413793103448276,0.06666666666666667,0.0,4.393198052184851
gaussian12,gradual_flip,20261018,EG15,16.22616334947842,34.68068209723184,88.21655994723163,0.8095238095238095,0.20689655172413793,0.03333333333333333,0.0,4.393198052184851
gaussian12,gradual_flip,20261018,UCB-H0.5,17.85197405933145,6.532028008181801,108.30838719256994,0.6666666666666666,0.5862068965517241,0.0,2.1965990260924255,4.393198052184851
gaussian12,gradual_flip,20261018,UCB-H1,17.85197405933145,6.755765893125681,111.83200223086568,0.6666666666666666,0.6206896551724138,0.0,4.393198052184851,4.393198052184851
gaussian12,gradual_flip,20261018,UCB-H2,17.85197405933145,7.006335900269479,107.93361726827102,0.6666666666666666,0.5862068965517241,0.0,8.786396104369702,4.393198052184851
gaussian12,gradual_flip,20261018,TS-H0.5,16.739324651756814,23.020531470613104,140.71730847464218,0.7619047619047619,0.20689655172413793,0.0,2.1965990260924255,4.393198052184851
gaussian12,gradual_flip,20261018,TS-H1,16.739324651756814,23.020531470613104,147.7786511973242,0.7619047619047619,0.20689655172413793,0.0,4.393198052184851,4.393198052184851
gaussian12,gradual_flip,20261018,TS-H2,16.152002595466506,23.020531470613104,145.20888515198857,0.8095238095238095,0.20689655172413793,0.0,8.786396104369702,4.393198052184851
gaussian12,gradual_flip,20261018,UCB-L5,17.85197405933145,7.518043253531345,108.75895814083455,0.6666666666666666,0.6206896551724138,0.0,5.0,4.393198052184851
gaussian12,gradual_flip,20261018,TS-L5,16.167902009514442,23.020531470613104,143.88391851555733,0.8095238095238095,0.20689655172413793,0.0,5.0,4.393198052184851
gaussian12,gradual_flip,20261018,EG10-H1,18.323838758220514,29.933747595907725,155.0968918225288,0.8095238095238095,0.20689655172413793,0.0,4.393198052184851,4.393198052184851
gaussian12,gradual_flip,20261018,DUCB-H1,17.32141942682688,4.129748531351281,98.6781476513291,0.7142857142857143,0.6551724137931034,0.0,4.393198052184851,4.393198052184851
gaussian12,gradual_flip,20261018,DUCB-H2,17.32141942682688,4.019119312148362,105.7412165984663,0.7142857142857143,0.6896551724137931,0.0,8.786396104369702,4.393198052184851
gaussian12,gradual_flip,20261019,UCB,18.494657211460538,8.76823301500362,60.86024327313082,0.7142857142857143,0.5517241379310345,0.16666666666666666,0.0,4.664962691541524
gaussian12,gradual_flip,20261019,DUCB,17.915289635808207,4.8409269739882905,51.586103050787784,0.7619047619047619,0.6206896551724138,0.13333333333333333,0.0,4.664962691541524
gaussian12,gradual_flip,20261019,TS,18.683947953914057,24.585802482391003,72.20382949781894,0.7142857142857143,0.2413793103448276,0.13333333333333333,0.0,4.664962691541524
gaussian12,gradual_flip,20261019,EG05,16.658787690301445,24.585802482391003,150.4405093919348,0.8571428571428571,0.2413793103448276,0.03333333333333333,0.0,4.664962691541524
gaussian12,gradual_flip,20261019,EG10,17.25250598057697,34.6317190871209,146.12265102855096,0.8095238095238095,0.2413793103448276,0.0,0.0,4.664962691541524
gaussian12,gradual_flip,20261019,EG15,22.14568763921041,37.98294086376132,114.59686022156272,0.7619047619047619,0.1724137931034483,0.06666666666666667,0.0,4.664962691541524
gaussian12,gradual_flip,20261019,UCB-H0.5,18.494657211460538,8.396679388419598,91.19429537190385,0.7142857142857143,0.5517241379310345,0.1,2.332481345770762,4.664962691541524
gaussian12,gradual_flip,20261019,UCB-H1,18.494657211460538,6.528032633382995,105.83158481444524,0.7142857142857143,0.5517241379310345,0.06666666666666667,4.664962691541524,4.664962691541524
gaussian12,gradual_flip,20261019,UCB-H2,18.494657211460538,5.844557200172597,109.90751644197623,0.7142857142857143,0.4827586206896552,0.03333333333333333,9.329925383083047,4.664962691541524
gaussian12,gradual_flip,20261019,TS-H0.5,18.118775214035843,24.585802482391003,116.69929207133085,0.7619047619047619,0.2413793103448276,0.2,2.332481345770762,4.664962691541524
gaussian12,gradual_flip,20261019,TS-H1,17.22396043017966,22.695421041833008,132.93597439788087,0.8095238095238095,0.2413793103448276,0.0,4.664962691541524,4.664962691541524
gaussian12,gradual_flip,20261019,TS-H2,16.658787690301445,19.32260935556893,136.26034382511614,0.8571428571428571,0.20689655172413793,0.0,9.329925383083047,4.664962691541524
gaussian12,gradual_flip,20261019,UCB-L5,18.494657211460538,6.444552789300678,105.83158481444524,0.7142857142857143,0.5517241379310345,0.06666666666666667,5.0,4.664962691541524
gaussian12,gradual_flip,20261019,TS-L5,17.22396043017966,22.746341652820284,123.32272985609214,0.8095238095238095,0.2413793103448276,0.13333333333333333,5.0,4.664962691541524
gaussian12,gradual_flip,20261019,EG10-H1,29.948097954271972,19.806392919406658,126.46672647116395,0.7619047619047619,0.20689655172413793,0.03333333333333333,4.664962691541524,4.664962691541524
gaussian12,gradual_flip,20261019,DUCB-H1,18.489231091700518,5.294578488591659,88.3299538625373,0.7142857142857143,0.5862068965517241,0.1,4.664962691541524,4.664962691541524
gaussian12,gradual_flip,20261019,DUCB-H2,18.489231091700518,4.378537149937248,97.59290794610082,0.7142857142857143,0.5172413793103449,0.06666666666666667,9.329925383083047,4.664962691541524
gaussian12,gradual_flip,20261020,UCB,15.513042466890553,3.9139779263901273,49.85735402152738,0.7142857142857143,0.6896551724137931,0.43333333333333335,0.0,4.0855633633284585
gaussian12,gradual_flip,20261020,DUCB,14.844344724223534,4.841098395968752,40.06182791397084,0.7619047619047619,0.6206896551724138,0.3333333333333333,0.0,4.0855633633284585
gaussian12,gradual_flip,20261020,TS,14.055291319092065,23.746696312978802,108.52792817902089,0.8095238095238095,0.2413793103448276,0.0,0.0,4.0855633633284585
gaussian12,gradual_flip,20261020,EG05,14.305748986406849,33.58526164891485,153.0347631425201,0.8095238095238095,0.2413793103448276,0.0,0.0,4.0855633633284585
gaussian12,gradual_flip,20261020,EG10,19.003244372787822,26.92442966269244,126.08435304959737,0.7619047619047619,0.20689655172413793,0.0,0.0,4.0855633633284585
gaussian12,gradual_flip,20261020,EG15,26.5104424961782,26.719312670781804,101.98471264569567,0.7619047619047619,0.2413793103448276,0.03333333333333333,0.0,4.0855633633284585
gaussian12,gradual_flip,20261020,UCB-H0.5,15.513042466890553,8.135398916180707,73.36829351715149,0.7142857142857143,0.5517241379310345,0.4,2.0427816816642292,4.0855633633284585
gaussian12,gradual_flip,20261020,UCB-H1,15.513042466890553,5.911001126345081,88.29830909738563,0.7142857142857143,0.5517241379310345,0.26666666666666666,4.0855633633284585,4.0855633633284585
gaussian12,gradual_flip,20261020,UCB-H2,15.513042466890553,6.331323284062518,94.71705618813347,0.7142857142857143,0.5172413793103449,0.23333333333333334,8.171126726656917,4.0855633633284585
gaussian12,gradual_flip,20261020,TS-H0.5,14.151255232869776,16.83980470115242,101.95151200737442,0.8095238095238095,0.3448275862068966,0.16666666666666666,2.0427816816642292,4.0855633633284585
gaussian12,gradual_flip,20261020,TS-H1,13.464676562858095,15.691900809475708,121.20740090126802,0.8571428571428571,0.20689655172413793,0.03333333333333333,4.0855633633284585,4.0855633633284585
gaussian12,gradual_flip,20261020,TS-H2,14.102875808100064,21.56142659238347,133.82934114195047,0.8095238095238095,0.2413793103448276,0.0,8.171126726656917,4.0855633633284585
gaussian12,gradual_flip,20261020,UCB-L5,15.513042466890553,7.55146291547938,86.27523823114103,0.7142857142857143,0.5517241379310345,0.26666666666666666,5.0,4.0855633633284585
gaussian12,gradual_flip,20261020,TS-L5,14.102875808100064,19.994859011935485,133.260719440528,0.8095238095238095,0.2413793103448276,0.0,5.0,4.0855633633284585
gaussian12,gradual_flip,20261020,EG10-H1,28.69318148909185,15.87635168840182,124.47748392498947,0.7142857142857143,0.3103448275862069,0.0,4.0855633633284585,4.0855633633284585
gaussian12,gradual_flip,20261020,DUCB-H1,14.844344724223534,4.339256655668761,74.1656633973401,0.7619047619047619,0.6206896551724138,0.23333333333333334,4.0855633633284585,4.0855633633284585
gaussian12,gradual_flip,20261020,DUCB-H2,14.844344724223534,3.8343513314966753,93.39081362534696,0.7619047619047619,0.5862068965517241,0.16666666666666666,8.171126726656917,4.0855633633284585
gaussian12,gradual_flip,20261021,UCB,13.41412983370608,6.344250497434833,70.781379515988,0.7142857142857143,0.5862068965517241,0.1,0.0,4.311871386533821
gaussian12,gradual_flip,20261021,DUCB,12.730548700777042,4.360966022740652,50.296141907204245,0.7619047619047619,0.6551724137931034,0.13333333333333333,0.0,4.311871386533821
gaussian12,gradual_flip,20261021,TS,13.010059476202773,23.1681289210043,109.2945359244486,0.7619047619047619,0.2413793103448276,0.03333333333333333,0.0,4.311871386533821
gaussian12,gradual_flip,20261021,EG05,11.476639616343059,32.376571212093864,94.20233170925765,0.8571428571428571,0.20689655172413793,0.06666666666666667,0.0,4.311871386533821
gaussian12,gradual_flip,20261021,EG10,11.476639616343059,24.276508076590538,152.77966702151963,0.8571428571428571,0.2413793103448276,0.03333333333333333,0.0,4.311871386533821
gaussian12,gradual_flip,20261021,EG15,11.476639616343059,40.61169081784917,124.09234926401875,0.8571428571428571,0.20689655172413793,0.0,0.0,4.311871386533821
gaussian12,gradual_flip,20261021,UCB-H0.5,13.378464661924992,6.728472294133874,105.87703969199856,0.7142857142857143,0.5862068965517241,0.0,2.1559356932669105,4.311871386533821
gaussian12,gradual_flip,20261021,UCB-H1,13.378464661924992,7.586972764085435,103.79295998386365,0.7142857142857143,0.6206896551724138,0.0,4.311871386533821,4.311871386533821
gaussian12,gradual_flip,20261021,UCB-H2,13.633040593266573,6.289241370961594,104.76874016306039,0.7142857142857143,0.5862068965517241,0.0,8.623742773067642,4.311871386533821
gaussian12,gradual_flip,20261021,TS-H0.5,12.034529393160184,19.957735750153404,142.9729345327925,0.8095238095238095,0.2413793103448276,0.0,2.1559356932669105,4.311871386533821
gaussian12,gradual_flip,20261021,TS-H1,12.118388163944541,23.1681289210043,139.82224504549376,0.8095238095238095,0.2413793103448276,0.0,4.311871386533821,4.311871386533821
gaussian12,gradual_flip,20261021,TS-H2,12.08314326122671,23.1681289210043,133.20340251499277,0.8095238095238095,0.2413793103448276,0.1,8.623742773067642,4.311871386533821
gaussian12,gradual_flip,20261021,UCB-L5,13.378464661924992,7.746667660406803,103.69937880687218,0.7142857142857143,0.6206896551724138,0.0,5.0,4.311871386533821
gaussian12,gradual_flip,20261021,TS-L5,12.097503232959529,21.434915375698566,138.56638988332787,0.8095238095238095,0.2413793103448276,0.0,5.0,4.311871386533821
gaussian12,gradual_flip,20261021,EG10-H1,11.476639616343059,32.76989637767844,138.11796169494565,0.8571428571428571,0.2413793103448276,0.03333333333333333,4.311871386533821,4.311871386533821
gaussian12,gradual_flip,20261021,DUCB-H1,12.730548700777042,5.589956684931796,89.80844773338629,0.7619047619047619,0.6896551724137931,0.03333333333333333,4.311871386533821,4.311871386533821
gaussian12,gradual_flip,20261021,DUCB-H2,12.730548700777042,3.813576360249362,102.8465554810914,0.7619047619047619,0.6896551724137931,0.0,8.623742773067642,4.311871386533821
gaussian12,drastic_flip,20261018,UCB,18.884773863219333,0.0,207.08169261184926,0.775,0.0,0.0,0.0,4.393198052184851
gaussian12,drastic_flip,20261018,DUCB,17.32141942682688,0.0,142.34950774544063,0.85,0.0,0.0,0.0,4.393198052184851
gaussian12,drastic_flip,20261018,TS,18.12896294664422,0.0,268.18105977561777,0.825,0.0,0.0,0.0,4.393198052184851
gaussian12,drastic_flip,20261018,EG05,27.648250138308185,0.0,220.79680555533307,0.875,0.0,0.0,0.0,4.393198052184851
gaussian12,drastic_flip,20261018,EG10,38.51892362349958,0.0,222.3254548517488,0.825,0.0,0.05,0.0,4.393198052184851
gaussian12,drastic_flip,20261018,EG15,34.60125830707295,0.0,229.08180388639803,0.85,0.0,0.025,0.0,4.393198052184851
gaussian12,drastic_flip,20261018,UCB-H0.5,18.851067868382525,0.0,291.01402070601245,0.775,0.0,0.0,2.1965990260924255,4.393198052184851
gaussian12,drastic_flip,20261018,UCB-H1,19.02180085234696,0.0,321.9041695568054,0.775,0.0,0.0,4.393198052184851,4.393198052184851
gaussian12,drastic_flip,20261018,UCB-H2,19.02180085234696,0.0,329.14672134672674,0.775,0.0,0.0,8.786396104369702,4.393198052184851
gaussian12,drastic_flip,20261018,TS-H0.5,16.739324651756814,0.0,343.09581395530114,0.875,0.0,0.0,2.1965990260924255,4.393198052184851
gaussian12,drastic_flip,20261018,TS-H1,16.739324651756814,0.0,360.8342118438424,0.875,0.0,0.0,4.393198052184851,4.393198052184851
gaussian12,drastic_flip,20261018,TS-H2,16.152002595466506,0.0,363.7956306427093,0.9,0.0,0.0,8.786396104369702,4.393198052184851
gaussian12,drastic_flip,20261018,UCB-L5,19.02180085234696,0.0,325.82687290116877,0.775,0.0,0.0,5.0,4.393198052184851
gaussian12,drastic_flip,20261018,TS-L5,16.167902009514442,0.0,358.57707445585964,0.9,0.0,0.0,5.0,4.393198052184851
gaussian12,drastic_flip,20261018,EG10-H1,28.71189462194208,0.0,386.9097857630969,0.875,0.0,0.0,4.393198052184851,4.393198052184851
gaussian12,drastic_flip,20261018,DUCB-H1,17.32141942682688,0.0,231.1551448848487,0.85,0.0,0.0,4.393198052184851,4.393198052184851
gaussian12,drastic_flip,20261018,DUCB-H2,17.32141942682688,0.0,271.7835360434194,0.85,0.0,0.0,8.786396104369702,4.393198052184851
gaussian12,drastic_flip,20261019,UCB,20.33894247027752,0.0,205.04654020722856,0.775,0.0,0.0,0.0,4.664962691541524
gaussian12,drastic_flip,20261019,DUCB,18.533227647565937,0.0,139.62480524997753,0.85,0.0,0.0,0.0,4.664962691541524
gaussian12,drastic_flip,20261019,TS,18.683947953914057,0.0,260.7060106070425,0.85,0.0,0.0,0.0,4.664962691541524
gaussian12,drastic_flip,20261019,EG05,16.658787690301445,0.0,215.3109863554312,0.925,0.0,0.025,0.0,4.664962691541524
gaussian12,drastic_flip,20261019,EG10,28.955786209384534,0.0,224.86594188107438,0.875,0.0,0.05,0.0,4.664962691541524
gaussian12,drastic_flip,20261019,EG15,47.83533960939874,0.0,217.81209148412862,0.775,0.0,0.0,0.0,4.664962691541524
gaussian12,drastic_flip,20261019,UCB-H0.5,19.817317424211392,0.0,286.60473767085097,0.8,0.0,0.0,2.332481345770762,4.664962691541524
gaussian12,drastic_flip,20261019,UCB-H1,19.817317424211392,0.0,334.83539821360836,0.8,0.0,0.0,4.664962691541524,4.664962691541524
gaussian12,drastic_flip,20261019,UCB-H2,19.87330923100703,0.0,338.16197411910616,0.8,0.0,0.0,9.329925383083047,4.664962691541524
gaussian12,drastic_flip,20261019,TS-H0.5,18.118775214035843,0.0,340.07929739847805,0.875,0.0,0.0,2.332481345770762,4.664962691541524
gaussian12,drastic_flip,20261019,TS-H1,17.22396043017966,0.0,371.1925191238611,0.9,0.0,0.0,4.664962691541524,4.664962691541524
gaussian12,drastic_flip,20261019,TS-H2,17.257428818175832,0.0,383.33494627224167,0.9,0.0,0.0,9.329925383083047,4.664962691541524
gaussian12,drastic_flip,20261019,UCB-L5,19.817317424211392,0.0,333.6486928187946,0.8,0.0,0.0,5.0,4.664962691541524
gaussian12,drastic_flip,20261019,TS-L5,17.22396043017966,0.0,367.7745549862003,0.9,0.0,0.0,5.0,4.664962691541524
gaussian12,drastic_flip,20261019,EG10-H1,30.566035966029702,0.0,376.73453477885784,0.85,0.0,0.025,4.664962691541524,4.664962691541524
gaussian12,drastic_flip,20261019,DUCB-H1,18.489231091700518,0.0,238.99695436172038,0.85,0.0,0.0,4.664962691541524,4.664962691541524
gaussian12,drastic_flip,20261019,DUCB-H2,18.489231091700518,0.0,273.75238615343915,0.85,0.0,0.0,9.329925383083047,4.664962691541524
gaussian12,drastic_flip,20261020,UCB,16.77451008482661,0.0,197.82390726651124,0.8,0.0,0.0,0.0,4.0855633633284585
gaussian12,drastic_flip,20261020,DUCB,15.524339385155207,0.0,138.45747481601683,0.85,0.0,0.0,0.0,4.0855633633284585
gaussian12,drastic_flip,20261020,TS,14.055291319092065,0.0,244.33262902834363,0.9,0.0,0.0,0.0,4.0855633633284585
gaussian12,drastic_flip,20261020,EG05,27.59882476037694,0.0,205.51664465401004,0.875,0.0,0.025,0.0,4.0855633633284585
gaussian12,drastic_flip,20261020,EG10,31.869000300301856,0.0,217.97802730373166,0.8,0.0,0.025,0.0,4.0855633633284585
gaussian12,drastic_flip,20261020,EG15,35.461091950757705,0.0,209.45581606042515,0.85,0.0,0.05,0.0,4.0855633633284585
gaussian12,drastic_flip,20261020,UCB-H0.5,16.77451008482661,0.0,268.8802312310224,0.8,0.0,0.0,2.0427816816642292,4.0855633633284585
gaussian12,drastic_flip,20261020,UCB-H1,16.81582423985031,0.0,316.21314178997994,0.8,0.0,0.0,4.0855633633284585,4.0855633633284585
gaussian12,drastic_flip,20261020,UCB-H2,16.637244377905276,0.0,326.52556047269786,0.8,0.0,0.0,8.171126726656917,4.0855633633284585
gaussian12,drastic_flip,20261020,TS-H0.5,14.151255232869776,0.0,313.7159531812888,0.9,0.0,0.0,2.0427816816642292,4.0855633633284585
gaussian12,drastic_flip,20261020,TS-H1,14.071692103109307,0.0,363.0301510628819,0.9,0.0,0.0,4.0855633633284585,4.0855633633284585
gaussian12,drastic_flip,20261020,TS-H2,14.102875808100064,0.0,351.18006813201106,0.9,0.0,0.0,8.171126726656917,4.0855633633284585
gaussian12,drastic_flip,20261020,UCB-L5,16.81582423985031,0.0,319.9099830832134,0.8,0.0,0.0,5.0,4.0855633633284585
gaussian12,drastic_flip,20261020,TS-L5,14.102875808100064,0.0,363.3085209649956,0.9,0.0,0.0,5.0,4.0855633633284585
gaussian12,drastic_flip,20261020,EG10-H1,29.887379725192204,0.0,342.8248869791353,0.8,0.0,0.0,4.0855633633284585,4.0855633633284585
gaussian12,drastic_flip,20261020,DUCB-H1,15.404787721597927,0.0,210.78258273213066,0.85,0.0,0.0,4.0855633633284585,4.0855633633284585
gaussian12,drastic_flip,20261020,DUCB-H2,15.404787721597927,0.0,266.2929893905705,0.85,0.0,0.0,8.171126726656917,4.0855633633284585
gaussian12,drastic_flip,20261021,UCB,14.76726372480299,0.0,203.10887161733842,0.8,0.0,0.0,0.0,4.311871386533821
gaussian12,drastic_flip,20261021,DUCB,13.392902363599609,0.0,136.52943135075083,0.85,0.0,0.0,0.0,4.311871386533821
gaussian12,drastic_flip,20261021,TS,13.010059476202773,0.0,264.2429028130393,0.875,0.0,0.0,0.0,4.311871386533821
gaussian12,drastic_flip,20261021,EG05,21.754420553863994,0.0,219.38446740072547,0.9,0.0,0.025,0.0,4.311871386533821
gaussian12,drastic_flip,20261021,EG10,11.476639616343059,0.0,234.95732992656275,0.925,0.0,0.05,0.0,4.311871386533821
gaussian12,drastic_flip,20261021,EG15,37.18641678442489,0.0,218.37982406956075,0.825,0.0,0.075,0.0,4.311871386533821
gaussian12,drastic_flip,20261021,UCB-H0.5,14.846801450192379,0.0,286.4674466755724,0.8,0.0,0.0,2.1559356932669105,4.311871386533821
gaussian12,drastic_flip,20261021,UCB-H1,14.846801450192379,0.0,329.1190052564166,0.8,0.0,0.0,4.311871386533821,4.311871386533821
gaussian12,drastic_flip,20261021,UCB-H2,15.191624796592468,0.0,335.9980939582253,0.8,0.0,0.0,8.623742773067642,4.311871386533821
gaussian12,drastic_flip,20261021,TS-H0.5,12.034529393160184,0.0,339.2605721417041,0.9,0.0,0.0,2.1559356932669105,4.311871386533821
gaussian12,drastic_flip,20261021,TS-H1,12.118388163944541,0.0,355.3811438688426,0.9,0.0,0.0,4.311871386533821,4.311871386533821
gaussian12,drastic_flip,20261021,TS-H2,12.08314326122671,0.0,372.38747526233146,0.9,0.0,0.0,8.623742773067642,4.311871386533821
gaussian12,drastic_flip,20261021,UCB-L5,14.846801450192379,0.0,329.9508224748788,0.8,0.0,0.0,5.0,4.311871386533821
gaussian12,drastic_flip,20261021,TS-L5,12.097503232959529,0.0,367.2088638414652,0.9,0.0,0.0,5.0,4.311871386533821
gaussian12,drastic_flip,20261021,EG10-H1,32.59284269467774,0.0,352.03858302267645,0.875,0.0,0.075,4.311871386533821,4.311871386533821
gaussian12,drastic_flip,20261021,DUCB-H1,13.443603702969913,0.0,233.13491874722448,0.85,0.0,0.0,4.311871386533821,4.311871386533821
gaussian12,drastic_flip,20261021,DUCB-H2,13.443603702969913,0.0,270.0144345479752,0.85,0.0,0.0,8.623742773067642,4.311871386533821
gaussian12,gradual_die,20261018,UCB,10.45139177172996,0.02361222116775341,0.3275263857333972,0.8571428571428571,0.9655172413793104,0.9,0.0,1.9349382047759276
gaussian12,gradual_die,20261018,DUCB,10.45139177172996,0.02361222116775341,3.676404022012286,0.8571428571428571,0.9655172413793104,0.7,0.0,1.9349382047759276
gaussian12,gradual_die,20261018,TS,10.45139177172996,0.02361222116775341,36.76360833592147,0.8571428571428571,0.9655172413793104,0.0,0.0,1.9349382047759276
gaussian12,gradual_die,20261018,EG05,10.45139177172996,4.166675612093518,41.938097436580605,0.8571428571428571,0.896551724137931,0.0,0.0,1.9349382047759276
gaussian12,gradual_die,20261018,EG10,13.017022000086133,7.732114791102272,33.679383072968484,0.8095238095238095,0.8620689655172413,0.06666666666666667,0.0,1.9349382047759276
gaussian12,gradual_die,20261018,EG15,15.931932642094317,6.35996738040924,44.192374773990814,0.8095238095238095,0.8275862068965517,0.0,0.0,1.9349382047759276
gaussian12,gradual_die,20261018,UCB-H0.5,10.45139177172996,0.02361222116775341,1.5949665976763603,0.8571428571428571,0.9655172413793104,0.8,0.9674691023879638,1.9349382047759276
gaussian12,gradual_die,20261018,UCB-H1,10.45139177172996,0.02361222116775341,1.5949665976763603,0.8571428571428571,0.9655172413793104,0.8,1.9349382047759276,1.9349382047759276
gaussian12,gradual_die,20261018,UCB-H2,10.45139177172996,0.02361222116775341,2.7820736631230814,0.8571428571428571,0.9655172413793104,0.7333333333333333,3.869876409551855,1.9349382047759276
gaussian12,gradual_die,20261018,TS-H0.5,10.45139177172996,0.02361222116775341,26.269554700424337,0.8571428571428571,0.9655172413793104,0.16666666666666666,0.9674691023879638,1.9349382047759276
gaussian12,gradual_die,20261018,TS-H1,10.45139177172996,0.02361222116775341,36.76360833592147,0.8571428571428571,0.9655172413793104,0.0,1.9349382047759276,1.9349382047759276
gaussian12,gradual_die,20261018,TS-H2,10.45139177172996,0.3182235691169195,17.664425969145412,0.8571428571428571,0.9310344827586207,0.4,3.869876409551855,1.9349382047759276
gaussian12,gradual_die,20261018,UCB-L5,10.45139177172996,0.02361222116775341,3.676404022012286,0.8571428571428571,0.9655172413793104,0.7,5.0,1.9349382047759276
gaussian12,gradual_die,20261018,TS-L5,10.45139177172996,0.02361222116775341,29.598344398888187,0.8571428571428571,0.9655172413793104,0.1,5.0,1.9349382047759276
gaussian12,gradual_die,20261018,EG10-H1,13.310097374903702,1.5537686961352197,39.698408169726775,0.8095238095238095,0.9310344827586207,0.0,1.9349382047759276,1.9349382047759276
gaussian12,gradual_die,20261018,DUCB-H1,10.45139177172996,0.02361222116775341,3.676404022012286,0.8571428571428571,0.9655172413793104,0.7,1.9349382047759276,1.9349382047759276
gaussian12,gradual_die,20261018,DUCB-H2,10.45139177172996,0.02361222116775341,4.165425527136978,0.8571428571428571,0.9655172413793104,0.6666666666666666,3.869876409551855,1.9349382047759276
gaussian12,gradual_die,20261019,UCB,10.57410654078998,0.0,1.379740374946897,0.8571428571428571,1.0,0.9,0.0,1.9007389438569147
gaussian12,gradual_die,20261019,DUCB,10.57410654078998,0.0,2.2456159914613316,0.8571428571428571,1.0,0.8,0.0,1.9007389438569147
gaussian12,gradual_die,20261019,TS,10.57410654078998,0.0,22.616859143701653,0.8571428571428571,1.0,0.3333333333333333,0.0,1.9007389438569147
gaussian12,gradual_die,20261019,EG05,10.57410654078998,0.0,35.9298567783717,0.8571428571428571,1.0,0.06666666666666667,0.0,1.9007389438569147
gaussian12,gradual_die,20261019,EG10,14.802146175816427,2.7517588164060056,36.246845709494714,0.8095238095238095,0.9310344827586207,0.06666666666666667,0.0,1.9007389438569147
gaussian12,gradual_die,20261019,EG15,16.061006489698947,11.927168018115541,45.16763168400048,0.7619047619047619,0.8620689655172413,0.03333333333333333,0.0,1.9007389438569147
gaussian12,gradual_die,20261019,UCB-H0.5,10.57410654078998,0.0,0.8877965447561538,0.8571428571428571,1.0,0.9,0.9503694719284573,1.9007389438569147
gaussian12,gradual_die,20261019,UCB-H1,10.57410654078998,0.0,1.5856871962406558,0.8571428571428571,1.0,0.8333333333333334,1.9007389438569147,1.9007389438569147
gaussian12,gradual_die,20261019,UCB-H2,10.57410654078998,0.0,1.5856871962406558,0.8571428571428571,1.0,0.8333333333333334,3.8014778877138293,1.9007389438569147
gaussian12,gradual_die,20261019,TS-H0.5,10.57410654078998,0.0,37.65025519219945,0.8571428571428571,1.0,0.03333333333333333,0.9503694719284573,1.9007389438569147
gaussian12,gradual_die,20261019,TS-H1,10.57410654078998,0.21691059853419625,21.621447944530964,0.8571428571428571,0.9655172413793104,0.36666666666666664,1.9007389438569147,1.9007389438569147
gaussian12,gradual_die,20261019,TS-H2,10.57410654078998,0.0,30.679665354255953,0.8571428571428571,1.0,0.13333333333333333,3.8014778877138293,1.9007389438569147
gaussian12,gradual_die,20261019,UCB-L5,10.57410654078998,0.0,1.5856871962406558,0.8571428571428571,1.0,0.8333333333333334,5.0,1.9007389438569147
gaussian12,gradual_die,20261019,TS-L5,10.57410654078998,0.0,37.65025519219945,0.8571428571428571,1.0,0.03333333333333333,5.0,1.9007389438569147
gaussian12,gradual_die,20261019,EG10-H1,15.107863886132309,8.00783659798836,41.81583864073212,0.7619047619047619,0.9310344827586207,0.06666666666666667,1.9007389438569147,1.9007389438569147
gaussian12,gradual_die,20261019,DUCB-H1,10.57410654078998,0.0,2.2456159914613316,0.8571428571428571,1.0,0.8,1.9007389438569147,1.9007389438569147
gaussian12,gradual_die,20261019,DUCB-H2,10.57410654078998,0.0,2.8612337103915575,0.8571428571428571,1.0,0.7666666666666667,3.8014778877138293,1.9007389438569147
gaussian12,gradual_die,20261020,UCB,10.121716610187304,2.4077187597425502,4.331668633516229,0.8571428571428571,0.9655172413793104,0.7,0.0,1.9229036651627065
gaussian12,gradual_die,20261020,DUCB,10.121716610187304,0.0,8.430392500611003,0.8571428571428571,1.0,0.6333333333333333,0.0,1.9229036651627065
gaussian12,gradual_die,20261020,TS,10.121716610187304,0.0,38.710715233612376,0.8571428571428571,1.0,0.03333333333333333,0.0,1.9229036651627065
gaussian12,gradual_die,20261020,EG05,17.10474991285485,1.938573687321142,38.710715233612376,0.8095238095238095,0.9310344827586207,0.03333333333333333,0.0,1.9229036651627065
gaussian12,gradual_die,20261020,EG10,15.660284420117033,8.705911100783487,40.23488271745728,0.7619047619047619,0.896551724137931,0.06666666666666667,0.0,1.9229036651627065
gaussian12,gradual_die,20261020,EG15,18.104880368158668,0.7785805311303341,39.81561863342249,0.7619047619047619,0.9655172413793104,0.1,0.0,1.9229036651627065
gaussian12,gradual_die,20261020,UCB-H0.5,10.121716610187304,0.0,7.975131252257413,0.8571428571428571,1.0,0.6666666666666666,0.9614518325813532,1.9229036651627065
gaussian12,gradual_die,20261020,UCB-H1,10.121716610187304,0.0,5.292255309763272,0.8571428571428571,1.0,0.6666666666666666,1.9229036651627065,1.9229036651627065
gaussian12,gradual_die,20261020,UCB-H2,10.121716610187304,0.0,6.1749190011254775,0.8571428571428571,1.0,0.6333333333333333,3.845807330325413,1.9229036651627065
gaussian12,gradual_die,20261020,TS-H0.5,10.121716610187304,2.6134409556366998,21.301435784838745,0.8571428571428571,0.9310344827586207,0.36666666666666664,0.9614518325813532,1.9229036651627065
gaussian12,gradual_die,20261020,TS-H1,10.121716610187304,0.0,38.710715233612376,0.8571428571428571,1.0,0.03333333333333333,1.9229036651627065,1.9229036651627065
gaussian12,gradual_die,20261020,TS-H2,10.121716610187304,0.0,38.710715233612376,0.8571428571428571,1.0,0.03333333333333333,3.845807330325413,1.9229036651627065
gaussian12,gradual_die,20261020,UCB-L5,10.121716610187304,0.0,7.084275159642496,0.8571428571428571,1.0,0.6,5.0,1.9229036651627065
gaussian12,gradual_die,20261020,TS-L5,10.121716610187304,0.0,38.710715233612376,0.8571428571428571,1.0,0.03333333333333333,5.0,1.9229036651627065
gaussian12,gradual_die,20261020,EG10-H1,19.4549667310122,10.766751578045245,38.710715233612376,0.7142857142857143,0.896551724137931,0.03333333333333333,1.9229036651627065,1.9229036651627065
gaussian12,gradual_die,20261020,DUCB-H1,10.121716610187304,0.0,6.1749190011254775,0.8571428571428571,1.0,0.6333333333333333,1.9229036651627065,1.9229036651627065
gaussian12,gradual_die,20261020,DUCB-H2,10.121716610187304,0.0,7.084275159642496,0.8571428571428571,1.0,0.6,3.845807330325413,1.9229036651627065
gaussian12,gradual_die,20261021,UCB,10.49779017338112,0.0,1.7804912643421296,0.8571428571428571,1.0,0.8,0.0,1.8903357387988622
gaussian12,gradual_die,20261021,DUCB,10.49779017338112,0.0,3.85898387939105,0.8571428571428571,1.0,0.7,0.0,1.8903357387988622
gaussian12,gradual_die,20261021,TS,10.49779017338112,0.0,23.719964430266266,0.8571428571428571,1.0,0.3,0.0,1.8903357387988622
gaussian12,gradual_die,20261021,EG05,10.49779017338112,2.2378051170916193,39.346249519940635,0.8571428571428571,0.9655172413793104,0.03333333333333333,0.0,1.8903357387988622
gaussian12,gradual_die,20261021,EG10,10.49779017338112,0.08915260230100186,37.19788633950814,0.8571428571428571,0.9655172413793104,0.03333333333333333,0.0,1.8903357387988622
gaussian12,gradual_die,20261021,EG15,10.49779017338112,8.497148315149799,38.939072130158095,0.8571428571428571,0.8275862068965517,0.06666666666666667,0.0,1.8903357387988622
gaussian12,gradual_die,20261021,UCB-H0.5,10.49779017338112,0.0,2.174490434369627,0.8571428571428571,1.0,0.7666666666666667,0.9451678693994311,1.8903357387988622
gaussian12,gradual_die,20261021,UCB-H1,10.49779017338112,0.0,2.8787556095739246,0.8571428571428571,1.0,0.7333333333333333,1.8903357387988622,1.8903357387988622
gaussian12,gradual_die,20261021,UCB-H2,10.49779017338112,0.0,3.85898387939105,0.8571428571428571,1.0,0.7,3.7806714775977244,1.8903357387988622
gaussian12,gradual_die,20261021,TS-H0.5,10.49779017338112,0.0,38.83846634228622,0.8571428571428571,1.0,0.0,0.9451678693994311,1.8903357387988622
gaussian12,gradual_die,20261021,TS-H1,10.49779017338112,0.0,38.83846634228622,0.8571428571428571,1.0,0.0,1.8903357387988622,1.8903357387988622
gaussian12,gradual_die,20261021,TS-H2,10.49779017338112,0.0,41.05035516431906,0.8571428571428571,1.0,0.0,3.7806714775977244,1.8903357387988622
gaussian12,gradual_die,20261021,UCB-L5,10.49779017338112,0.0,4.631920100789956,0.8571428571428571,1.0,0.6666666666666666,5.0,1.8903357387988622
gaussian12,gradual_die,20261021,TS-L5,10.49779017338112,0.0,14.840466487857965,0.8571428571428571,1.0,0.4,5.0,1.8903357387988622
gaussian12,gradual_die,20261021,EG10-H1,10.49779017338112,5.737198244705542,42.19901867747532,0.8571428571428571,0.8620689655172413,0.06666666666666667,1.8903357387988622,1.8903357387988622
gaussian12,gradual_die,20261021,DUCB-H1,10.49779017338112,0.0,4.631920100789956,0.8571428571428571,1.0,0.6666666666666666,1.8903357387988622,1.8903357387988622
gaussian12,gradual_die,20261021,DUCB-H2,10.49779017338112,0.0,5.836593154834585,0.8571428571428571,1.0,0.6333333333333333,3.7806714775977244,1.8903357387988622
gaussian12,drastic_die,20261018,UCB,10.45139177172996,0.0,11.643984126963051,0.925,0.0,0.875,0.0,1.9349382047759276
gaussian12,drastic_die,20261018,DUCB,10.45139177172996,0.0,9.26931736007937,0.925,0.0,0.9,0.0,1.9349382047759276
gaussian12,drastic_die,20261018,TS,10.45139177172996,0.0,98.276751378904,0.925,0.0,0.025,0.0,1.9349382047759276
gaussian12,drastic_die,20261018,EG05,16.259582835012345,0.0,100.82404486083996,0.875,0.0,0.0,0.0,1.9349382047759276
gaussian12,drastic_die,20261018,EG10,22.545184571586656,0.0,93.14590098893596,0.825,0.0,0.05,0.0,1.9349382047759276
gaussian12,drastic_die,20261018,EG15,21.15682351636054,0.0,101.30356793359016,0.85,0.0,0.025,0.0,1.9349382047759276
gaussian12,drastic_die,20261018,UCB-H0.5,10.45139177172996,0.0,18.508049370913476,0.925,0.0,0.8,0.9674691023879638,1.9349382047759276
gaussian12,drastic_die,20261018,UCB-H1,10.45139177172996,0.0,18.508049370913476,0.925,0.0,0.8,1.9349382047759276,1.9349382047759276
gaussian12,drastic_die,20261018,UCB-H2,10.45139177172996,0.0,18.508049370913476,0.925,0.0,0.8,3.869876409551855,1.9349382047759276
gaussian12,drastic_die,20261018,TS-H0.5,10.45139177172996,0.0,68.95643828836589,0.925,0.0,0.3,0.9674691023879638,1.9349382047759276
gaussian12,drastic_die,20261018,TS-H1,10.45139177172996,0.0,66.6327902712471,0.925,0.0,0.325,1.9349382047759276,1.9349382047759276
gaussian12,drastic_die,20261018,TS-H2,10.45139177172996,0.0,22.144453499525362,0.925,0.0,0.775,3.869876409551855,1.9349382047759276
gaussian12,drastic_die,20261018,UCB-L5,10.45139177172996,0.0,18.508049370913476,0.925,0.0,0.8,5.0,1.9349382047759276
gaussian12,drastic_die,20261018,TS-L5,10.45139177172996,0.0,31.78895107218215,0.925,0.0,0.675,5.0,1.9349382047759276
gaussian12,drastic_die,20261018,EG10-H1,15.664395970592567,0.0,97.6162619644151,0.875,0.0,0.0,1.9349382047759276,1.9349382047759276
gaussian12,drastic_die,20261018,DUCB-H1,10.45139177172996,0.0,16.730836736230753,0.925,0.0,0.825,1.9349382047759276,1.9349382047759276
gaussian12,drastic_die,20261018,DUCB-H2,10.45139177172996,0.0,18.508049370913476,0.925,0.0,0.8,3.869876409551855,1.9349382047759276
gaussian12,drastic_die,20261019,UCB,10.57410654078998,0.0,10.280806487020598,0.925,0.0,0.9,0.0,1.9007389438569147
gaussian12,drastic_die,20261019,DUCB,10.57410654078998,0.0,7.777397485926347,0.925,0.0,0.925,0.0,1.9007389438569147
gaussian12,drastic_die,20261019,TS,10.57410654078998,0.0,43.137306512870225,0.925,0.0,0.6,0.0,1.9007389438569147
gaussian12,drastic_die,20261019,EG05,10.57410654078998,0.0,93.01179976220551,0.925,0.0,0.075,0.0,1.9007389438569147
gaussian12,drastic_die,20261019,EG10,18.000248438930722,0.0,94.94331456513378,0.875,0.0,0.05,0.0,1.9007389438569147
gaussian12,drastic_die,20261019,EG15,29.596321663396864,0.0,104.27708426235046,0.775,0.0,0.0,0.0,1.9007389438569147
gaussian12,drastic_die,20261019,UCB-H0.5,10.57410654078998,0.0,17.698455320824277,0.925,0.0,0.825,0.9503694719284573,1.9007389438569147
gaussian12,drastic_die,20261019,UCB-H1,10.57410654078998,0.0,20.371541346728414,0.925,0.0,0.8,1.9007389438569147,1.9007389438569147
gaussian12,drastic_die,20261019,UCB-H2,10.57410654078998,0.0,20.371541346728414,0.925,0.0,0.8,3.8014778877138293,1.9007389438569147
gaussian12,drastic_die,20261019,TS-H0.5,10.57410654078998,0.0,71.26515832574559,0.925,0.0,0.325,0.9503694719284573,1.9007389438569147
gaussian12,drastic_die,20261019,TS-H1,10.57410654078998,0.0,26.012849733366615,0.925,0.0,0.75,1.9007389438569147,1.9007389438569147
gaussian12,drastic_die,20261019,TS-H2,10.57410654078998,0.0,43.60849936863043,0.925,0.0,0.575,3.8014778877138293,1.9007389438569147
gaussian12,drastic_die,20261019,UCB-L5,10.57410654078998,0.0,20.371541346728414,0.925,0.0,0.8,5.0,1.9007389438569147
gaussian12,drastic_die,20261019,TS-L5,10.57410654078998,0.0,41.15953257958055,0.925,0.0,0.6,5.0,1.9007389438569147
gaussian12,drastic_die,20261019,EG10-H1,20.031925717226535,0.0,95.81463269542515,0.85,0.0,0.05,1.9007389438569147,1.9007389438569147
gaussian12,drastic_die,20261019,DUCB-H1,10.57410654078998,0.0,15.397850160238718,0.925,0.0,0.85,1.9007389438569147,1.9007389438569147
gaussian12,drastic_die,20261019,DUCB-H2,10.57410654078998,0.0,20.371541346728414,0.925,0.0,0.8,3.8014778877138293,1.9007389438569147
gaussian12,drastic_die,20261020,UCB,10.121716610187304,0.0,22.945216746552582,0.925,0.0,0.8,0.0,1.9229036651627065
gaussian12,drastic_die,20261020,DUCB,10.121716610187304,0.0,15.302403899030864,0.925,0.0,0.875,0.0,1.9229036651627065
gaussian12,drastic_die,20261020,TS,10.121716610187304,0.0,103.018226985448,0.925,0.0,0.025,0.0,1.9229036651627065
gaussian12,drastic_die,20261020,EG05,19.58444516497909,0.0,100.87739504163771,0.875,0.0,0.025,0.0,1.9229036651627065
gaussian12,drastic_die,20261020,EG10,26.1120007686393,0.0,100.22322821734716,0.8,0.0,0.025,0.0,1.9229036651627065
gaussian12,drastic_die,20261020,EG15,20.321239871602497,0.0,101.60067132345289,0.85,0.0,0.05,0.0,1.9229036651627065
gaussian12,drastic_die,20261020,UCB-H0.5,10.121716610187304,0.0,23.06450025162387,0.925,0.0,0.8,0.9614518325813532,1.9229036651627065
gaussian12,drastic_die,20261020,UCB-H1,10.121716610187304,0.0,23.51099851773258,0.925,0.0,0.8,1.9229036651627065,1.9229036651627065
gaussian12,drastic_die,20261020,UCB-H2,10.121716610187304,0.0,20.77793204052655,0.925,0.0,0.8,3.845807330325413,1.9229036651627065
gaussian12,drastic_die,20261020,TS-H0.5,10.121716610187304,0.0,36.97354135366749,0.925,0.0,0.675,0.9614518325813532,1.9229036651627065
gaussian12,drastic_die,20261020,TS-H1,10.121716610187304,0.0,56.766908417209955,0.925,0.0,0.475,1.9229036651627065,1.9229036651627065
gaussian12,drastic_die,20261020,TS-H2,10.121716610187304,0.0,34.07629030542544,0.925,0.0,0.675,3.845807330325413,1.9229036651627065
gaussian12,drastic_die,20261020,UCB-L5,10.121716610187304,0.0,20.77793204052655,0.925,0.0,0.8,5.0,1.9229036651627065
gaussian12,drastic_die,20261020,TS-L5,10.121716610187304,0.0,20.77793204052655,0.925,0.0,0.8,5.0,1.9229036651627065
gaussian12,drastic_die,20261020,EG10-H1,29.665911318620296,0.0,103.42782689696088,0.8,0.0,0.0,1.9229036651627065,1.9229036651627065
gaussian12,drastic_die,20261020,DUCB-H1,10.121716610187304,0.0,23.06450025162387,0.925,0.0,0.8,1.9229036651627065,1.9229036651627065
gaussian12,drastic_die,20261020,DUCB-H2,10.121716610187304,0.0,23.51099851773258,0.925,0.0,0.8,3.845807330325413,1.9229036651627065
gaussian12,drastic_die,20261021,UCB,10.49779017338112,0.0,12.691892550743175,0.925,0.0,0.875,0.0,1.8903357387988622
gaussian12,drastic_die,20261021,DUCB,10.49779017338112,0.0,10.08863256700469,0.925,0.0,0.9,0.0,1.8903357387988622
gaussian12,drastic_die,20261021,TS,10.49779017338112,0.0,45.71756608675453,0.925,0.0,0.55,0.0,1.8903357387988622
gaussian12,drastic_die,20261021,EG05,12.952846016225806,0.0,100.54965011380673,0.9,0.0,0.025,0.0,1.8903357387988622
gaussian12,drastic_die,20261021,EG10,10.49779017338112,0.0,65.86566125887688,0.925,0.0,0.35,0.0,1.8903357387988622
gaussian12,drastic_die,20261021,EG15,20.67782294267959,0.0,90.16132043704161,0.825,0.0,0.1,0.0,1.8903357387988622
gaussian12,drastic_die,20261021,UCB-H0.5,10.49779017338112,0.0,20.42365136848522,0.925,0.0,0.8,0.9451678693994311,1.8903357387988622
gaussian12,drastic_die,20261021,UCB-H1,10.49779017338112,0.0,20.42365136848522,0.925,0.0,0.8,1.8903357387988622,1.8903357387988622
gaussian12,drastic_die,20261021,UCB-H2,10.49779017338112,0.0,20.42365136848522,0.925,0.0,0.8,3.7806714775977244,1.8903357387988622
gaussian12,drastic_die,20261021,TS-H0.5,10.49779017338112,0.0,52.13820627945234,0.925,0.0,0.475,0.9451678693994311,1.8903357387988622
gaussian12,drastic_die,20261021,TS-H1,10.49779017338112,0.0,48.12368521560609,0.925,0.0,0.525,1.8903357387988622,1.8903357387988622
gaussian12,drastic_die,20261021,TS-H2,10.49779017338112,0.0,40.55704565142991,0.925,0.0,0.6,3.7806714775977244,1.8903357387988622
gaussian12,drastic_die,20261021,UCB-L5,10.49779017338112,0.0,20.42365136848522,0.925,0.0,0.8,5.0,1.8903357387988622
gaussian12,drastic_die,20261021,TS-L5,10.49779017338112,0.0,42.82554528250396,0.925,0.0,0.575,5.0,1.8903357387988622
gaussian12,drastic_die,20261021,EG10-H1,15.922057615432376,0.0,76.63536158426872,0.875,0.0,0.3,1.8903357387988622,1.8903357387988622
gaussian12,drastic_die,20261021,DUCB-H1,10.49779017338112,0.0,15.217350475304933,0.925,0.0,0.85,1.8903357387988622,1.8903357387988622
gaussian12,drastic_die,20261021,DUCB-H2,10.49779017338112,0.0,20.42365136848522,0.925,0.0,0.8,3.7806714775977244,1.8903357387988622
gaussian12,gradual_nonlin,20261018,UCB,11.433559881918294,1.4999242216229063,2.328955531596584,0.7142857142857143,0.8275862068965517,0.7333333333333333,0.0,2.119788847741082
gaussian12,gradual_nonlin,20261018,DUCB,10.915222076005055,0.5152925674537352,0.09641486209278166,0.7619047619047619,0.8620689655172413,0.9666666666666667,0.0,2.119788847741082
gaussian12,gradual_nonlin,20261018,TS,10.00282847018769,0.038742201484012806,10.524420308949331,0.8095238095238095,0.9310344827586207,0.0,0.0,2.119788847741082
gaussian12,gradual_nonlin,20261018,EG05,9.236774563616402,3.2522334957781593,17.45856101201138,0.8571428571428571,0.8620689655172413,0.0,0.0,2.119788847741082
gaussian12,gradual_nonlin,20261018,EG10,10.306144629035012,7.146674061426283,9.659887127295397,0.8095238095238095,0.8275862068965517,0.06666666666666667,0.0,2.119788847741082
gaussian12,gradual_nonlin,20261018,EG15,15.03333167963482,3.5414093024742206,27.349522107056423,0.8095238095238095,0.7931034482758621,0.0,0.0,2.119788847741082
gaussian12,gradual_nonlin,20261018,UCB-H0.5,11.272312118071518,1.3199807202424683,1.0624560791473032,0.7142857142857143,0.8275862068965517,0.8333333333333334,1.059894423870541,2.119788847741082
gaussian12,gradual_nonlin,20261018,UCB-H1,10.606013219647279,1.764588739161835,0.37978738605123663,0.7619047619047619,0.7931034482758621,0.8666666666666667,2.119788847741082,2.119788847741082
gaussian12,gradual_nonlin,20261018,UCB-H2,10.606013219647279,1.2861873559399095,0.2829532658557509,0.7619047619047619,0.7931034482758621,0.9,4.239577695482164,2.119788847741082
gaussian12,gradual_nonlin,20261018,TS-H0.5,10.251327497033888,0.038742201484012806,10.524420308949331,0.8095238095238095,0.9310344827586207,0.0,1.059894423870541,2.119788847741082
gaussian12,gradual_nonlin,20261018,TS-H1,10.057030036883233,0.038742201484012806,10.524420308949331,0.8095238095238095,0.9310344827586207,0.0,2.119788847741082,2.119788847741082
gaussian12,gradual_nonlin,20261018,TS-H2,10.251327497033888,0.038742201484012806,10.524420308949331,0.8095238095238095,0.9310344827586207,0.0,4.239577695482164,2.119788847741082
gaussian12,gradual_nonlin,20261018,UCB-L5,10.606013219647279,1.2661132908275352,0.16155352476199775,0.7619047619047619,0.8275862068965517,0.9333333333333333,5.0,2.119788847741082
gaussian12,gradual_nonlin,20261018,TS-L5,9.89450424753862,0.038742201484012806,10.524420308949331,0.8095238095238095,0.9310344827586207,0.0,5.0,2.119788847741082
gaussian12,gradual_nonlin,20261018,EG10-H1,12.095480166790145,0.5137527048924058,18.52116103624917,0.8095238095238095,0.896551724137931,0.0,2.119788847741082,2.119788847741082
gaussian12,gradual_nonlin,20261018,DUCB-H1,10.915222076005055,0.17080552915597025,0.1883620325628123,0.7619047619047619,0.9655172413793104,0.9333333333333333,2.119788847741082,2.119788847741082
gaussian12,gradual_nonlin,20261018,DUCB-H2,10.915222076005055,0.0,0.21572800307403667,0.7619047619047619,1.0,0.9333333333333333,4.239577695482164,2.119788847741082
gaussian12,gradual_nonlin,20261019,UCB,11.194614999003688,1.5445152266911475,1.9649102349478111,0.7142857142857143,0.7586206896551724,0.7,0.0,2.2642088249116847
gaussian12,gradual_nonlin,20261019,DUCB,11.185067014030983,0.0301630832256784,0.17703836468064377,0.7619047619047619,0.9655172413793104,0.9333333333333333,0.0,2.2642088249116847
gaussian12,gradual_nonlin,20261019,TS,9.955065118591921,0.0301630832256784,12.115930705604695,0.8095238095238095,0.9655172413793104,0.0,0.0,2.2642088249116847
gaussian12,gradual_nonlin,20261019,EG05,9.287881618298766,0.0301630832256784,9.365186981972144,0.8571428571428571,0.9655172413793104,0.03333333333333333,0.0,2.2642088249116847
gaussian12,gradual_nonlin,20261019,EG10,15.098067309431219,0.6587637137705113,9.490043691181413,0.8095238095238095,0.896551724137931,0.03333333333333333,0.0,2.2642088249116847
gaussian12,gradual_nonlin,20261019,EG15,14.77478156720773,8.276121736112215,23.026795625867624,0.7619047619047619,0.8275862068965517,0.0,0.0,2.2642088249116847
gaussian12,gradual_nonlin,20261019,UCB-H0.5,10.646667593309008,1.7744412861604468,1.1864484731653153,0.7619047619047619,0.6896551724137931,0.7666666666666667,1.1321044124558424,2.2642088249116847
gaussian12,gradual_nonlin,20261019,UCB-H1,10.646667593309008,1.5510550326901833,0.7074779685476139,0.7619047619047619,0.7586206896551724,0.8666666666666667,2.2642088249116847,2.2642088249116847
gaussian12,gradual_nonlin,20261019,UCB-H2,10.646667593309008,1.1738029075657468,0.33108914125492583,0.7619047619047619,0.7586206896551724,0.9666666666666667,4.5284176498233695,2.2642088249116847
gaussian12,gradual_nonlin,20261019,TS-H0.5,9.955065118591921,0.0301630832256784,9.761563269977447,0.8095238095238095,0.9655172413793104,0.0,1.1321044124558424,2.2642088249116847
gaussian12,gradual_nonlin,20261019,TS-H1,9.990521294942136,0.0301630832256784,9.761563269977447,0.8095238095238095,0.9655172413793104,0.0,2.2642088249116847,2.2642088249116847
gaussian12,gradual_nonlin,20261019,TS-H2,9.287881618298766,0.2599666147536713,6.46710468323065,0.8571428571428571,0.9310344827586207,0.23333333333333334,4.5284176498233695,2.2642088249116847
gaussian12,gradual_nonlin,20261019,UCB-L5,10.646667593309008,1.0993216132916748,0.07319873103705804,0.7619047619047619,0.7586206896551724,0.9666666666666667,5.0,2.2642088249116847
gaussian12,gradual_nonlin,20261019,TS-L5,9.92937263261654,0.0301630832256784,9.761563269977447,0.8095238095238095,0.9655172413793104,0.0,5.0,2.2642088249116847
gaussian12,gradual_nonlin,20261019,EG10-H1,12.222872811657684,9.871906217500445,22.2736358933825,0.7619047619047619,0.896551724137931,0.03333333333333333,2.2642088249116847,2.2642088249116847
gaussian12,gradual_nonlin,20261019,DUCB-H1,10.074414357391383,1.0292141926097802,0.07319873103705804,0.8095238095238095,0.8275862068965517,0.9666666666666667,2.2642088249116847,2.2642088249116847
gaussian12,gradual_nonlin,20261019,DUCB-H2,10.074414357391383,0.7847497215735699,0.07319873103705804,0.8095238095238095,0.7931034482758621,0.9666666666666667,4.5284176498233695,2.2642088249116847
gaussian12,gradual_nonlin,20261020,UCB,9.842738584989792,4.326173481155964,2.926133623013068,0.7142857142857143,0.7586206896551724,0.7333333333333333,0.0,1.8830852098121882
gaussian12,gradual_nonlin,20261020,DUCB,10.156345926709319,0.05789382396787207,0.014427746500254468,0.7142857142857143,0.9310344827586207,0.9666666666666667,0.0,1.8830852098121882
gaussian12,gradual_nonlin,20261020,TS,8.904187858668818,0.012856530629963614,11.286200136217216,0.8095238095238095,0.9310344827586207,0.1,0.0,1.8830852098121882
gaussian12,gradual_nonlin,20261020,EG05,12.725012969219353,0.5518127049579651,11.286200136217216,0.8095238095238095,0.9310344827586207,0.1,0.0,1.8830852098121882
gaussian12,gradual_nonlin,20261020,EG10,13.675111333244391,8.654776907230127,19.396196207810814,0.7619047619047619,0.8275862068965517,0.06666666666666667,0.0,1.8830852098121882
gaussian12,gradual_nonlin,20261020,EG15,13.491857475207091,0.1490413992820867,13.823121808395955,0.7619047619047619,0.896551724137931,0.16666666666666666,0.0,1.8830852098121882
gaussian12,gradual_nonlin,20261020,UCB-H0.5,10.112337303482965,1.2292970787753392,0.9337606051839743,0.7142857142857143,0.8275862068965517,0.8333333333333334,0.9415426049060941,1.8830852098121882
gaussian12,gradual_nonlin,20261020,UCB-H1,9.326639049026557,1.8052682773379412,0.55694581751831,0.7619047619047619,0.7586206896551724,0.8666666666666667,1.8830852098121882,1.8830852098121882
gaussian12,gradual_nonlin,20261020,UCB-H2,9.326639049026557,1.3485233653019684,0.3679676396515323,0.7619047619047619,0.7931034482758621,0.8333333333333334,3.7661704196243764,1.8830852098121882
gaussian12,gradual_nonlin,20261020,TS-H0.5,8.682507059659347,2.4851991325995355,11.286200136217216,0.8095238095238095,0.9310344827586207,0.1,0.9415426049060941,1.8830852098121882
gaussian12,gradual_nonlin,20261020,TS-H1,8.136543523314662,0.6742266365372879,11.286200136217216,0.8571428571428571,0.896551724137931,0.1,1.8830852098121882,1.8830852098121882
gaussian12,gradual_nonlin,20261020,TS-H2,8.774701961818364,0.012856530629963614,11.286200136217216,0.8095238095238095,0.9310344827586207,0.1,3.7661704196243764,1.8830852098121882
gaussian12,gradual_nonlin,20261020,UCB-L5,9.326639049026557,1.01698585144525,0.34895912175757265,0.7619047619047619,0.7931034482758621,0.8333333333333334,5.0,1.8830852098121882
gaussian12,gradual_nonlin,20261020,TS-L5,8.774701961818364,0.012856530629963614,11.286200136217216,0.8095238095238095,0.9310344827586207,0.1,5.0,1.8830852098121882
gaussian12,gradual_nonlin,20261020,EG10-H1,16.187619156975824,14.212796778275585,11.286200136217216,0.7142857142857143,0.8620689655172413,0.1,1.8830852098121882,1.8830852098121882
gaussian12,gradual_nonlin,20261020,DUCB-H1,9.290001072963655,0.7382671558800815,0.05322617858776557,0.7619047619047619,0.8275862068965517,0.9333333333333333,1.8830852098121882,1.8830852098121882
gaussian12,gradual_nonlin,20261020,DUCB-H2,9.290001072963655,0.4351118395476588,0.06765392508802004,0.7619047619047619,0.8620689655172413,0.9,3.7661704196243764,1.8830852098121882
gaussian12,gradual_nonlin,20261021,UCB,10.339145454629865,1.8444500768836363,1.85023185292133,0.7142857142857143,0.7586206896551724,0.7,0.0,2.1397840571775366
gaussian12,gradual_nonlin,20261021,DUCB,9.657198781707729,0.991424894114274,0.37065878959118076,0.7619047619047619,0.896551724137931,0.8333333333333334,0.0,2.1397840571775366
gaussian12,gradual_nonlin,20261021,TS,9.103949935809233,0.1034639258574665,10.792198680230417,0.8095238095238095,0.9310344827586207,0.1,0.0,2.1397840571775366
gaussian12,gradual_nonlin,20261021,EG05,8.450028718394558,0.7566547829332033,12.802569288141157,0.8571428571428571,0.896551724137931,0.13333333333333333,0.0,2.1397840571775366
gaussian12,gradual_nonlin,20261021,EG10,8.450028718394558,0.264612071110701,10.371430026159222,0.8571428571428571,0.896551724137931,0.13333333333333333,0.0,2.1397840571775366
gaussian12,gradual_nonlin,20261021,EG15,8.450028718394558,6.474944901668007,19.07065011044657,0.8571428571428571,0.7586206896551724,0.16666666666666666,0.0,2.1397840571775366
gaussian12,gradual_nonlin,20261021,UCB-H0.5,10.339145454629865,1.3679169325405853,1.0182639699211236,0.7142857142857143,0.7931034482758621,0.7666666666666667,1.0698920285887683,2.1397840571775366
gaussian12,gradual_nonlin,20261021,UCB-H1,10.339145454629865,1.0630641513580465,0.48722735587018906,0.7142857142857143,0.896551724137931,0.9,2.1397840571775366,2.1397840571775366
gaussian12,gradual_nonlin,20261021,UCB-H2,10.339145454629865,0.6606205347999785,0.5094292309794737,0.7142857142857143,0.896551724137931,0.8666666666666667,4.279568114355073,2.1397840571775366
gaussian12,gradual_nonlin,20261021,TS-H0.5,8.450028718394558,0.6055281943071393,10.792198680230417,0.8571428571428571,0.896551724137931,0.1,1.0698920285887683,2.1397840571775366
gaussian12,gradual_nonlin,20261021,TS-H1,9.103949935809233,0.1034639258574665,10.792198680230417,0.8095238095238095,0.9310344827586207,0.1,2.1397840571775366,2.1397840571775366
gaussian12,gradual_nonlin,20261021,TS-H2,9.216947766318333,0.1034639258574665,10.792198680230417,0.8095238095238095,0.9310344827586207,0.1,4.279568114355073,2.1397840571775366
gaussian12,gradual_nonlin,20261021,UCB-L5,10.339145454629865,0.5248309924565142,0.1695959481820296,0.7142857142857143,0.896551724137931,0.9,5.0,2.1397840571775366
gaussian12,gradual_nonlin,20261021,TS-L5,9.216947766318333,0.1034639258574665,10.792198680230417,0.8095238095238095,0.9310344827586207,0.1,5.0,2.1397840571775366
gaussian12,gradual_nonlin,20261021,EG10-H1,8.450028718394558,5.329998619995009,14.99452908416351,0.8571428571428571,0.896551724137931,0.16666666666666666,2.1397840571775366,2.1397840571775366
gaussian12,gradual_nonlin,20261021,DUCB-H1,9.657198781707729,0.6650592475023704,0.21788145623526672,0.7619047619047619,0.8620689655172413,0.8666666666666667,2.1397840571775366,2.1397840571775366
gaussian12,gradual_nonlin,20261021,DUCB-H2,9.657198781707729,0.3103198745299436,0.1788666701641189,0.7619047619047619,0.9655172413793104,0.9,4.279568114355073,2.1397840571775366
gaussian12,drastic_nonlin,20261018,UCB,12.617172868736601,0.0,4.363351789708493,0.8,0.0,0.85,0.0,2.119788847741082
gaussian12,drastic_nonlin,20261018,DUCB,11.901499690785908,0.0,2.865036019173825,0.85,0.0,0.875,0.0,2.119788847741082
gaussian12,drastic_nonlin,20261018,TS,10.00282847018769,0.0,26.794206577690673,0.9,0.0,0.0,0.0,2.119788847741082
gaussian12,drastic_nonlin,20261018,EG05,12.83932986416582,0.0,33.33484528895931,0.875,0.0,0.0,0.0,2.119788847741082
gaussian12,drastic_nonlin,20261018,EG10,17.945305465989644,0.0,25.542693873143165,0.825,0.0,0.05,0.0,2.119788847741082
gaussian12,drastic_nonlin,20261018,EG15,16.422655820890103,0.0,44.963157403342635,0.85,0.0,0.025,0.0,2.119788847741082
gaussian12,drastic_nonlin,20261018,UCB-H0.5,12.319278443037177,0.0,2.28439322508848,0.825,0.0,0.9,1.059894423870541,2.119788847741082
gaussian12,drastic_nonlin,20261018,UCB-H1,11.971639307678316,0.0,1.6382934824671922,0.825,0.0,0.925,2.119788847741082,2.119788847741082
gaussian12,drastic_nonlin,20261018,UCB-H2,11.20501709297397,0.0,2.5903828565598834,0.85,0.0,0.9,4.239577695482164,2.119788847741082
gaussian12,drastic_nonlin,20261018,TS-H0.5,10.251327497033888,0.0,26.794206577690673,0.9,0.0,0.0,1.059894423870541,2.119788847741082
gaussian12,drastic_nonlin,20261018,TS-H1,10.057030036883233,0.0,26.794206577690673,0.9,0.0,0.0,2.119788847741082,2.119788847741082
gaussian12,drastic_nonlin,20261018,TS-H2,10.251327497033888,0.0,11.74072556463809,0.9,0.0,0.575,4.239577695482164,2.119788847741082
gaussian12,drastic_nonlin,20261018,UCB-L5,11.652979544612938,0.0,5.000439173003863,0.85,0.0,0.8,5.0,2.119788847741082
gaussian12,drastic_nonlin,20261018,TS-L5,9.89450424753862,0.0,12.776030521982987,0.9,0.0,0.525,5.0,2.119788847741082
gaussian12,drastic_nonlin,20261018,EG10-H1,12.77732939672603,0.0,34.29119126253925,0.875,0.0,0.0,2.119788847741082,2.119788847741082
gaussian12,drastic_nonlin,20261018,DUCB-H1,10.915222076005055,0.0,1.5949101464037707,0.875,0.0,0.925,2.119788847741082,2.119788847741082
gaussian12,drastic_nonlin,20261018,DUCB-H2,10.915222076005055,0.0,3.685364937244053,0.875,0.0,0.85,4.239577695482164,2.119788847741082
gaussian12,drastic_nonlin,20261019,UCB,13.028410086194508,0.0,4.263588444162329,0.8,0.0,0.825,0.0,2.2642088249116847
gaussian12,drastic_nonlin,20261019,DUCB,11.185067014030983,0.0,1.5645553572696556,0.875,0.0,0.925,0.0,2.2642088249116847
gaussian12,drastic_nonlin,20261019,TS,9.955065118591921,0.0,28.81477423609723,0.9,0.0,0.0,0.0,2.2642088249116847
gaussian12,drastic_nonlin,20261019,EG05,9.287881618298766,0.0,25.795802363232152,0.925,0.0,0.025,0.0,2.2642088249116847
gaussian12,drastic_nonlin,20261019,EG10,15.717266059507066,0.0,25.301664662518586,0.875,0.0,0.05,0.0,2.2642088249116847
gaussian12,drastic_nonlin,20261019,EG15,23.248441485072807,0.0,39.34249128428872,0.775,0.0,0.0,0.0,2.2642088249116847
gaussian12,drastic_nonlin,20261019,UCB-H0.5,11.868302571283902,0.0,1.6186358072093106,0.825,0.0,0.925,1.1321044124558424,2.2642088249116847
gaussian12,drastic_nonlin,20261019,UCB-H1,11.506960350719453,0.0,1.9501829156084853,0.85,0.0,0.925,2.2642088249116847,2.2642088249116847
gaussian12,drastic_nonlin,20261019,UCB-H2,11.259912842638208,0.0,4.075322639393555,0.85,0.0,0.825,4.5284176498233695,2.2642088249116847
gaussian12,drastic_nonlin,20261019,TS-H0.5,9.955065118591921,0.0,26.409469600984337,0.9,0.0,0.0,1.1321044124558424,2.2642088249116847
gaussian12,drastic_nonlin,20261019,TS-H1,9.990521294942136,0.0,26.409469600984337,0.9,0.0,0.0,2.2642088249116847,2.2642088249116847
gaussian12,drastic_nonlin,20261019,TS-H2,9.847389426997678,0.0,11.357448195478845,0.9,0.0,0.575,4.5284176498233695,2.2642088249116847
gaussian12,drastic_nonlin,20261019,UCB-L5,11.418392537740548,0.0,4.930285468525223,0.85,0.0,0.8,5.0,2.2642088249116847
gaussian12,drastic_nonlin,20261019,TS-L5,9.92937263261654,0.0,10.666857550721327,0.9,0.0,0.6,5.0,2.2642088249116847
gaussian12,drastic_nonlin,20261019,EG10-H1,17.226570696483236,0.0,40.808464041782855,0.85,0.0,0.075,2.2642088249116847,2.2642088249116847
gaussian12,drastic_nonlin,20261019,DUCB-H1,10.599034678918922,0.0,1.0952200864768176,0.875,0.0,0.95,2.2642088249116847,2.2642088249116847
gaussian12,drastic_nonlin,20261019,DUCB-H2,11.047916687171758,0.0,4.930285468525223,0.875,0.0,0.8,4.5284176498233695,2.2642088249116847
gaussian12,drastic_nonlin,20261020,UCB,11.285349009281964,0.0,8.10400148342323,0.8,0.0,0.825,0.0,1.8830852098121882
gaussian12,drastic_nonlin,20261020,DUCB,10.156345926709319,0.0,0.9810837911234351,0.85,0.0,0.975,0.0,1.8830852098121882
gaussian12,drastic_nonlin,20261020,TS,8.904187858668818,0.0,29.229738447313444,0.9,0.0,0.0,0.0,1.8830852098121882
gaussian12,drastic_nonlin,20261020,EG05,13.576675118610101,0.0,28.29139934478723,0.875,0.0,0.025,0.0,1.8830852098121882
gaussian12,drastic_nonlin,20261020,EG10,22.467867176657037,0.0,36.21262838232224,0.8,0.0,0.025,0.0,1.8830852098121882
gaussian12,drastic_nonlin,20261020,EG15,13.99619407158671,0.0,28.151687023369316,0.85,0.0,0.15,0.0,1.8830852098121882
gaussian12,drastic_nonlin,20261020,UCB-H0.5,10.963999452873713,0.0,2.3232479947205467,0.825,0.0,0.925,0.9415426049060941,1.8830852098121882
gaussian12,drastic_nonlin,20261020,UCB-H1,10.555004058202018,0.0,2.531271519752252,0.825,0.0,0.925,1.8830852098121882,1.8830852098121882
gaussian12,drastic_nonlin,20261020,UCB-H2,10.002268839826492,0.0,2.859353485805055,0.85,0.0,0.9,3.7661704196243764,1.8830852098121882
gaussian12,drastic_nonlin,20261020,TS-H0.5,8.682507059659347,0.0,31.781937951529095,0.9,0.0,0.0,0.9415426049060941,1.8830852098121882
gaussian12,drastic_nonlin,20261020,TS-H1,8.891930094509856,0.0,29.229738447313444,0.9,0.0,0.0,1.8830852098121882,1.8830852098121882
gaussian12,drastic_nonlin,20261020,TS-H2,8.774701961818364,0.0,15.391191529319787,0.9,0.0,0.475,3.7661704196243764,1.8830852098121882
gaussian12,drastic_nonlin,20261020,UCB-L5,9.97673118441452,0.0,4.3422663951427936,0.85,0.0,0.85,5.0,1.8830852098121882
gaussian12,drastic_nonlin,20261020,TS-L5,8.774701961818364,0.0,5.916303584381727,0.9,0.0,0.8,5.0,1.8830852098121882
gaussian12,drastic_nonlin,20261020,EG10-H1,25.878221802905358,0.0,33.573149985059615,0.8,0.0,0.0,1.8830852098121882,1.8830852098121882
gaussian12,drastic_nonlin,20261020,DUCB-H1,9.940093208351618,0.0,2.311442301258773,0.85,0.0,0.925,1.8830852098121882,1.8830852098121882
gaussian12,drastic_nonlin,20261020,DUCB-H2,9.290001072963655,0.0,1.6995936751561662,0.875,0.0,0.95,3.7661704196243764,1.8830852098121882
gaussian12,drastic_nonlin,20261021,UCB,11.701911330387759,0.0,4.65680265617563,0.8,0.0,0.825,0.0,2.1397840571775366
gaussian12,drastic_nonlin,20261021,DUCB,10.522770746327767,0.0,1.3990329627006461,0.85,0.0,0.95,0.0,2.1397840571775366
gaussian12,drastic_nonlin,20261021,TS,9.103949935809233,0.0,28.18215089384272,0.9,0.0,0.0,0.0,2.1397840571775366
gaussian12,drastic_nonlin,20261021,EG05,9.180409471444186,0.0,30.06791142062671,0.9,0.0,0.025,0.0,2.1397840571775366
gaussian12,drastic_nonlin,20261021,EG10,8.450028718394558,0.0,18.29367940982939,0.925,0.0,0.35,0.0,2.1397840571775366
gaussian12,drastic_nonlin,20261021,EG15,15.414339934446197,0.0,34.5641296300265,0.825,0.0,0.075,0.0,2.1397840571775366
gaussian12,drastic_nonlin,20261021,UCB-H0.5,11.495201395326156,0.0,1.9409692851988516,0.8,0.0,0.925,1.0698920285887683,2.1397840571775366
gaussian12,drastic_nonlin,20261021,UCB-H1,11.098624657341324,0.0,3.2109520508705787,0.825,0.0,0.875,2.1397840571775366,2.1397840571775366
gaussian12,drastic_nonlin,20261021,UCB-H2,10.339145454629865,0.0,4.046729194572273,0.85,0.0,0.85,4.279568114355073,2.1397840571775366
gaussian12,drastic_nonlin,20261021,TS-H0.5,9.037822718256864,0.0,28.18215089384272,0.9,0.0,0.0,1.0698920285887683,2.1397840571775366
gaussian12,drastic_nonlin,20261021,TS-H1,9.103949935809233,0.0,28.18215089384272,0.9,0.0,0.0,2.1397840571775366,2.1397840571775366
gaussian12,drastic_nonlin,20261021,TS-H2,9.216947766318333,0.0,18.127020299987766,0.9,0.0,0.35,4.279568114355073,2.1397840571775366
gaussian12,drastic_nonlin,20261021,UCB-L5,10.339145454629865,0.0,4.683663367168722,0.85,0.0,0.825,5.0,2.1397840571775366
gaussian12,drastic_nonlin,20261021,TS-L5,9.216947766318333,0.0,18.127020299987766,0.9,0.0,0.35,5.0,2.1397840571775366
gaussian12,drastic_nonlin,20261021,EG10-H1,9.985558639030415,0.0,24.68493359174716,0.875,0.0,0.425,2.1397840571775366,2.1397840571775366
gaussian12,drastic_nonlin,20261021,DUCB-H1,10.299645547287989,0.0,2.63618110929741,0.85,0.0,0.9,2.1397840571775366,2.1397840571775366
gaussian12,drastic_nonlin,20261021,DUCB-H2,9.657198781707729,0.0,3.2109520508705787,0.875,0.0,0.875,4.279568114355073,2.1397840571775366
gaussian12,gradual_noise,20261018,UCB,11.048333901931823,2.7981507291559513,5.7105427481012825,0.7142857142857143,0.8620689655172413,0.8333333333333334,0.0,2.137002155348196
gaussian12,gradual_noise,20261018,DUCB,10.501321855027541,2.598849843672558,8.118689419524642,0.7619047619047619,0.8620689655172413,0.6666666666666666,0.0,2.137002155348196
gaussian12,gradual_noise,20261018,TS,9.138187862350737,0.712996127674561,2.934422063355264,0.8571428571428571,0.9655172413793104,0.9,0.0,2.137002155348196
gaussian12,gradual_noise,20261018,EG05,9.138187862350737,3.077460870362589,5.8988895031525725,0.8571428571428571,0.9310344827586207,0.9333333333333333,0.0,2.137002155348196
gaussian12,gradual_noise,20261018,EG10,11.386166125818356,7.982928890036552,5.322249682213677,0.8095238095238095,0.896551724137931,0.9,0.0,2.137002155348196
gaussian12,gradual_noise,20261018,EG15,14.881127669689237,8.096022769701339,15.576663111261709,0.8095238095238095,0.8620689655172413,0.8666666666666667,0.0,2.137002155348196
gaussian12,gradual_noise,20261018,UCB-H0.5,11.048333901931823,2.7981507291559513,6.564367139574202,0.7142857142857143,0.8620689655172413,0.8333333333333334,1.068501077674098,2.137002155348196
gaussian12,gradual_noise,20261018,UCB-H1,11.048333901931823,2.8431637269038346,5.905902788944113,0.7142857142857143,0.8275862068965517,0.8333333333333334,2.137002155348196,2.137002155348196
gaussian12,gradual_noise,20261018,UCB-H2,11.048333901931823,2.9531250985666935,6.817139165176215,0.7142857142857143,0.8275862068965517,0.8333333333333334,4.274004310696392,2.137002155348196
gaussian12,gradual_noise,20261018,TS-H0.5,10.414229705074167,0.0,1.6752381020152165,0.7619047619047619,1.0,0.9333333333333333,1.068501077674098,2.137002155348196
gaussian12,gradual_noise,20261018,TS-H1,9.83223523719697,0.0,2.29379852192875,0.8095238095238095,1.0,0.9,2.137002155348196,2.137002155348196
gaussian12,gradual_noise,20261018,TS-H2,9.80851345775734,0.0,1.7576594422904122,0.8095238095238095,1.0,0.9333333333333333,4.274004310696392,2.137002155348196
gaussian12,gradual_noise,20261018,UCB-L5,11.048333901931823,2.9531250985666935,6.810066688228625,0.7142857142857143,0.8275862068965517,0.8,5.0,2.137002155348196
gaussian12,gradual_noise,20261018,TS-L5,9.801916045087285,0.0,2.6587724269778494,0.8095238095238095,1.0,0.9,5.0,2.137002155348196
gaussian12,gradual_noise,20261018,EG10-H1,9.836180086919953,2.6548338657396773,9.83228875257662,0.8095238095238095,0.9655172413793104,0.9,2.137002155348196,2.137002155348196
gaussian12,gradual_noise,20261018,DUCB-H1,10.501321855027541,2.598849843672558,8.25590869222455,0.7619047619047619,0.8620689655172413,0.7,2.137002155348196,2.137002155348196
gaussian12,gradual_noise,20261018,DUCB-H2,10.501321855027541,2.5691794377521564,8.53256542301066,0.7619047619047619,0.8620689655172413,0.6666666666666666,4.274004310696392,2.137002155348196
gaussian12,gradual_noise,20261019,UCB,11.583396919921448,3.1023816735134275,5.246519777927743,0.7142857142857143,0.8620689655172413,0.8333333333333334,0.0,2.2549654493554834
gaussian12,gradual_noise,20261019,DUCB,10.992358960326182,2.6941007460787576,7.611089257606559,0.7619047619047619,0.8620689655172413,0.6666666666666666,0.0,2.2549654493554834
gaussian12,gradual_noise,20261019,TS,10.367067341449841,0.0,2.086049099476872,0.8095238095238095,1.0,0.9,0.0,2.2549654493554834
gaussian12,gradual_noise,20261019,EG05,9.726705767498716,0.0,3.6000038873352076,0.8571428571428571,1.0,0.9333333333333333,0.0,2.2549654493554834
gaussian12,gradual_noise,20261019,EG10,15.550018163440882,5.250524101868878,4.77528601211107,0.8095238095238095,0.9310344827586207,0.9333333333333333,0.0,2.2549654493554834
gaussian12,gradual_noise,20261019,EG15,11.092901638956858,11.042129014566502,11.434815531215092,0.7619047619047619,0.8620689655172413,0.8333333333333334,0.0,2.2549654493554834
gaussian12,gradual_noise,20261019,UCB-H0.5,11.583396919921448,3.1023816735134275,4.795510460588288,0.7142857142857143,0.8620689655172413,0.8333333333333334,1.1274827246777417,2.2549654493554834
gaussian12,gradual_noise,20261019,UCB-H1,11.583396919921448,3.1023816735134275,2.709471221204971,0.7142857142857143,0.8620689655172413,0.8666666666666667,2.2549654493554834,2.2549654493554834
gaussian12,gradual_noise,20261019,UCB-H2,11.583396919921448,3.123511316234569,2.817443003411131,0.7142857142857143,0.8620689655172413,0.8666666666666667,4.509930898710967,2.2549654493554834
gaussian12,gradual_noise,20261019,TS-H0.5,10.367067341449841,0.0,2.351260772710639,0.8095238095238095,1.0,0.9,1.1274827246777417,2.2549654493554834
gaussian12,gradual_noise,20261019,TS-H1,10.407884580960102,0.0,1.4753868507035457,0.8095238095238095,1.0,0.9,2.2549654493554834,2.2549654493554834
gaussian12,gradual_noise,20261019,TS-H2,10.463139981445682,0.0,2.2643435543066963,0.8095238095238095,1.0,0.9,4.509930898710967,2.2549654493554834
gaussian12,gradual_noise,20261019,UCB-L5,11.583396919921448,3.123511316234569,2.817443003411131,0.7142857142857143,0.8620689655172413,0.8666666666666667,5.0,2.2549654493554834
gaussian12,gradual_noise,20261019,TS-L5,10.441804065060495,0.0,1.5679877034726304,0.8095238095238095,1.0,0.9333333333333333,5.0,2.2549654493554834
gaussian12,gradual_noise,20261019,EG10-H1,13.029887357720472,10.123142124595107,16.850987290563104,0.7619047619047619,0.9310344827586207,0.8333333333333334,2.2549654493554834,2.2549654493554834
gaussian12,gradual_noise,20261019,DUCB-H1,10.992358960326182,2.6941007460787576,8.150384242497221,0.7619047619047619,0.8620689655172413,0.6666666666666666,2.2549654493554834,2.2549654493554834
gaussian12,gradual_noise,20261019,DUCB-H2,10.992358960326182,3.2381900357306916,7.121654964683291,0.7619047619047619,0.8275862068965517,0.7,4.509930898710967,2.2549654493554834
gaussian12,gradual_noise,20261020,UCB,10.185755613272779,5.48284123806491,3.176191126081469,0.7142857142857143,0.8275862068965517,0.8333333333333334,0.0,1.8927735849027347
gaussian12,gradual_noise,20261020,DUCB,9.562163317077944,5.815917335925677,9.371270260194514,0.7619047619047619,0.7931034482758621,0.6666666666666666,0.0,1.8927735849027347
gaussian12,gradual_noise,20261020,TS,8.774178427549986,0.0,6.010000354592214,0.8095238095238095,1.0,0.8666666666666667,0.0,1.8927735849027347
gaussian12,gradual_noise,20261020,EG05,12.704219234084597,6.079413817783612,0.5373550622801027,0.8095238095238095,0.9310344827586207,0.9666666666666667,0.0,1.8927735849027347
gaussian12,gradual_noise,20261020,EG10,9.52145764899675,8.594725088486374,12.72861690453827,0.7619047619047619,0.896551724137931,0.8333333333333334,0.0,1.8927735849027347
gaussian12,gradual_noise,20261020,EG15,16.12980478386926,2.0174409174562697,6.696931817064861,0.7619047619047619,0.9655172413793104,0.8666666666666667,0.0,1.8927735849027347
gaussian12,gradual_noise,20261020,UCB-H0.5,10.185755613272779,2.9092474438423617,5.685864576761374,0.7142857142857143,0.8620689655172413,0.8,0.9463867924513674,1.8927735849027347
gaussian12,gradual_noise,20261020,UCB-H1,10.185755613272779,2.9092474438423617,6.037691551175526,0.7142857142857143,0.8620689655172413,0.8,1.8927735849027347,1.8927735849027347
gaussian12,gradual_noise,20261020,UCB-H2,10.185755613272779,2.977914139231718,4.798089142579445,0.7142857142857143,0.8620689655172413,0.8333333333333334,3.7855471698054695,1.8927735849027347
gaussian12,gradual_noise,20261020,TS-H0.5,8.679376247024802,2.6703789934805267,2.136777652427666,0.8095238095238095,0.9655172413793104,0.9,0.9463867924513674,1.8927735849027347
gaussian12,gradual_noise,20261020,TS-H1,8.722458213035534,0.0,5.567302809230628,0.8095238095238095,1.0,0.8333333333333334,1.8927735849027347,1.8927735849027347
gaussian12,gradual_noise,20261020,TS-H2,8.722458213035534,0.0,1.776863685974675,0.8095238095238095,1.0,0.9,3.7855471698054695,1.8927735849027347
gaussian12,gradual_noise,20261020,UCB-L5,10.185755613272779,2.6560209135175796,5.236550022058399,0.7142857142857143,0.8620689655172413,0.8333333333333334,5.0,1.8927735849027347
gaussian12,gradual_noise,20261020,TS-L5,8.77382401056569,0.0,2.323702317412452,0.8095238095238095,1.0,0.9,5.0,1.8927735849027347
gaussian12,gradual_noise,20261020,EG10-H1,16.44130336336013,14.788420814103782,0.9758853038765678,0.7142857142857143,0.896551724137931,0.9666666666666667,1.8927735849027347,1.8927735849027347
gaussian12,gradual_noise,20261020,DUCB-H1,9.562163317077944,3.290738017502906,10.614013104798158,0.7619047619047619,0.8275862068965517,0.6666666666666666,1.8927735849027347,1.8927735849027347
gaussian12,gradual_noise,20261020,DUCB-H2,9.562163317077944,3.290738017502906,8.409974659506332,0.7619047619047619,0.8275862068965517,0.6666666666666666,3.7855471698054695,1.8927735849027347
gaussian12,gradual_noise,20261021,UCB,9.54189544516687,5.489419321863219,5.937080487656992,0.7142857142857143,0.8275862068965517,0.8,0.0,2.123908752816316
gaussian12,gradual_noise,20261021,DUCB,8.990805731662965,5.363663015652564,8.270961463305948,0.7619047619047619,0.8275862068965517,0.6666666666666666,0.0,2.123908752816316
gaussian12,gradual_noise,20261021,TS,11.234536851200199,0.0,2.6077281562182963,0.7619047619047619,1.0,0.8666666666666667,0.0,2.123908752816316
gaussian12,gradual_noise,20261021,EG05,7.676966687854043,2.5145254035312528,2.109314021664793,0.8571428571428571,0.9655172413793104,0.9,0.0,2.123908752816316
gaussian12,gradual_noise,20261021,EG10,7.676966687854043,2.6962277372306254,4.656518597523101,0.8571428571428571,0.9655172413793104,0.9,0.0,2.123908752816316
gaussian12,gradual_noise,20261021,EG15,7.676966687854043,9.382973095537956,16.41144881030055,0.8571428571428571,0.8275862068965517,0.8,0.0,2.123908752816316
gaussian12,gradual_noise,20261021,UCB-H0.5,9.54189544516687,5.6034802465025395,5.1963727810640385,0.7142857142857143,0.8275862068965517,0.8,1.061954376408158,2.123908752816316
gaussian12,gradual_noise,20261021,UCB-H1,9.54189544516687,5.270290414617928,2.5882556153343286,0.7142857142857143,0.8275862068965517,0.8333333333333334,2.123908752816316,2.123908752816316
gaussian12,gradual_noise,20261021,UCB-H2,9.54189544516687,2.9840870638132238,5.37930214707831,0.7142857142857143,0.8620689655172413,0.8,4.247817505632632,2.123908752816316
gaussian12,gradual_noise,20261021,TS-H0.5,8.543868215968846,0.0,3.280521514013419,0.8095238095238095,1.0,0.9,1.061954376408158,2.123908752816316
gaussian12,gradual_noise,20261021,TS-H1,8.543868215968846,0.0,5.177836877192895,0.8095238095238095,1.0,0.8333333333333334,2.123908752816316,2.123908752816316
gaussian12,gradual_noise,20261021,TS-H2,8.327641368485665,0.0,2.783016306203268,0.8095238095238095,1.0,0.8666666666666667,4.247817505632632,2.123908752816316
gaussian12,gradual_noise,20261021,UCB-L5,9.54189544516687,2.9840870638132238,5.3716199855254265,0.7142857142857143,0.8620689655172413,0.8,5.0,2.123908752816316
gaussian12,gradual_noise,20261021,TS-L5,10.869816564976773,0.0,1.6892938572453384,0.7619047619047619,1.0,0.8666666666666667,5.0,2.123908752816316
gaussian12,gradual_noise,20261021,EG10-H1,7.676966687854043,12.33230853229915,5.958970757764389,0.8571428571428571,0.8620689655172413,0.8333333333333334,2.123908752816316,2.123908752816316
gaussian12,gradual_noise,20261021,DUCB-H1,8.990805731662965,5.747911202913304,9.084226806960437,0.7619047619047619,0.8275862068965517,0.6333333333333333,2.123908752816316,2.123908752816316
gaussian12,gradual_noise,20261021,DUCB-H2,8.990805731662965,3.1559688670881787,9.88643359340457,0.7619047619047619,0.8620689655172413,0.7,4.247817505632632,2.123908752816316
gaussian12,drastic_noise,20261018,UCB,12.239804995317641,0.0,6.837610532216044,0.8,0.0,0.825,0.0,2.137002155348196
gaussian12,drastic_noise,20261018,DUCB,11.063110122616271,0.0,15.588158770826409,0.85,0.0,0.675,0.0,2.137002155348196
gaussian12,drastic_noise,20261018,TS,9.852094166118032,0.0,5.73100005855234,0.9,0.0,0.85,0.0,2.137002155348196
gaussian12,drastic_noise,20261018,EG05,12.190831751914581,0.0,6.553219024349868,0.875,0.0,0.925,0.0,2.137002155348196
gaussian12,drastic_noise,20261018,EG10,19.263246695000273,0.0,5.600657724327899,0.825,0.0,0.9,0.0,2.137002155348196
gaussian12,drastic_noise,20261018,EG15,19.485210384489356,0.0,19.14272339272835,0.85,0.0,0.85,0.0,2.137002155348196
gaussian12,drastic_noise,20261018,UCB-H0.5,12.239804995317641,0.0,5.626951584531731,0.8,0.0,0.825,1.068501077674098,2.137002155348196
gaussian12,drastic_noise,20261018,UCB-H1,12.183692496010266,0.0,6.316396703198123,0.8,0.0,0.825,2.137002155348196,2.137002155348196
gaussian12,drastic_noise,20261018,UCB-H2,12.183692496010266,0.0,5.3886409980121455,0.8,0.0,0.825,4.274004310696392,2.137002155348196
gaussian12,drastic_noise,20261018,TS-H0.5,10.414229705074167,0.0,7.832613867548189,0.875,0.0,0.85,1.068501077674098,2.137002155348196
gaussian12,drastic_noise,20261018,TS-H1,9.83223523719697,0.0,9.141103588083,0.9,0.0,0.825,2.137002155348196,2.137002155348196
gaussian12,drastic_noise,20261018,TS-H2,9.80851345775734,0.0,5.5336532598629296,0.9,0.0,0.875,4.274004310696392,2.137002155348196
gaussian12,drastic_noise,20261018,UCB-L5,12.183692496010266,0.0,6.468701326731881,0.8,0.0,0.825,5.0,2.137002155348196
gaussian12,drastic_noise,20261018,TS-L5,9.801916045087285,0.0,5.815067703772565,0.9,0.0,0.85,5.0,2.137002155348196
gaussian12,drastic_noise,20261018,EG10-H1,12.453785848154656,0.0,10.465986229845875,0.875,0.0,0.9,2.137002155348196,2.137002155348196
gaussian12,drastic_noise,20261018,DUCB-H1,11.18811782869468,0.0,8.760407188952799,0.85,0.0,0.775,2.137002155348196,2.137002155348196
gaussian12,drastic_noise,20261018,DUCB-H2,11.18811782869468,0.0,9.055664103171928,0.85,0.0,0.75,4.274004310696392,2.137002155348196
gaussian12,drastic_noise,20261019,UCB,13.155942959873359,0.0,8.308372342787475,0.8,0.0,0.825,0.0,2.2549654493554834
gaussian12,drastic_noise,20261019,DUCB,11.599809971018415,0.0,14.915764976529886,0.85,0.0,0.7,0.0,2.2549654493554834
gaussian12,drastic_noise,20261019,TS,10.367067341449841,0.0,5.453504245661616,0.9,0.0,0.875,0.0,2.2549654493554834
gaussian12,drastic_noise,20261019,EG05,9.726705767498716,0.0,2.851877534413601,0.925,0.0,0.95,0.0,2.2549654493554834
gaussian12,drastic_noise,20261019,EG10,18.469889477103568,0.0,6.959399475827916,0.875,0.0,0.925,0.0,2.2549654493554834
gaussian12,drastic_noise,20261019,EG15,22.028207467923792,0.0,11.656893518214499,0.775,0.0,0.875,0.0,2.2549654493554834
gaussian12,drastic_noise,20261019,UCB-H0.5,13.155942959873359,0.0,6.146472600966061,0.8,0.0,0.825,1.1274827246777417,2.2549654493554834
gaussian12,drastic_noise,20261019,UCB-H1,12.984914208490954,0.0,6.386711672918456,0.8,0.0,0.825,2.2549654493554834,2.2549654493554834
gaussian12,drastic_noise,20261019,UCB-H2,12.984914208490954,0.0,5.685833397048598,0.8,0.0,0.85,4.509930898710967,2.2549654493554834
gaussian12,drastic_noise,20261019,TS-H0.5,10.367067341449841,0.0,3.2943081876684155,0.9,0.0,0.9,1.1274827246777417,2.2549654493554834
gaussian12,drastic_noise,20261019,TS-H1,10.407884580960102,0.0,2.544341884111449,0.9,0.0,0.9,2.2549654493554834,2.2549654493554834
gaussian12,drastic_noise,20261019,TS-H2,10.463139981445682,0.0,2.6046940734988464,0.9,0.0,0.9,4.509930898710967,2.2549654493554834
gaussian12,drastic_noise,20261019,UCB-L5,12.984914208490954,0.0,5.296406919458634,0.8,0.0,0.85,5.0,2.2549654493554834
gaussian12,drastic_noise,20261019,TS-L5,10.441804065060495,0.0,3.6418651125852617,0.9,0.0,0.875,5.0,2.2549654493554834
gaussian12,drastic_noise,20261019,EG10-H1,18.050121570848795,0.0,21.985246815649266,0.85,0.0,0.85,2.2549654493554834,2.2549654493554834
gaussian12,drastic_noise,20261019,DUCB-H1,11.599809971018415,0.0,8.54452251174939,0.85,0.0,0.725,2.2549654493554834,2.2549654493554834
gaussian12,drastic_noise,20261019,DUCB-H2,11.599809971018415,0.0,9.404838111281041,0.85,0.0,0.725,4.509930898710967,2.2549654493554834
gaussian12,drastic_noise,20261020,UCB,11.476515094742084,0.0,5.5583003400837185,0.8,0.0,0.85,0.0,1.8927735849027347
gaussian12,drastic_noise,20261020,DUCB,10.188279030813158,0.0,14.092916991310153,0.85,0.0,0.7,0.0,1.8927735849027347
gaussian12,drastic_noise,20261020,TS,8.774178427549986,0.0,9.395110193999127,0.9,0.0,0.85,0.0,1.8927735849027347
gaussian12,drastic_noise,20261020,EG05,16.088568595671887,0.0,3.332736861430869,0.875,0.0,0.95,0.0,1.8927735849027347
gaussian12,drastic_noise,20261020,EG10,18.188817901856687,0.0,13.14222158661659,0.8,0.0,0.85,0.0,1.8927735849027347
gaussian12,drastic_noise,20261020,EG15,18.317812120793903,0.0,6.747498646825471,0.85,0.0,0.9,0.0,1.8927735849027347
gaussian12,drastic_noise,20261020,UCB-H0.5,11.476515094742084,0.0,5.474315331830969,0.8,0.0,0.85,0.9463867924513674,1.8927735849027347
gaussian12,drastic_noise,20261020,UCB-H1,11.476515094742084,0.0,5.474315331830969,0.8,0.0,0.85,1.8927735849027347,1.8927735849027347
gaussian12,drastic_noise,20261020,UCB-H2,11.477147152363006,0.0,6.662971998900165,0.8,0.0,0.825,3.7855471698054695,1.8927735849027347
gaussian12,drastic_noise,20261020,TS-H0.5,8.679376247024802,0.0,7.700566626456862,0.9,0.0,0.85,0.9463867924513674,1.8927735849027347
gaussian12,drastic_noise,20261020,TS-H1,8.722458213035534,0.0,8.75737733541873,0.9,0.0,0.85,1.8927735849027347,1.8927735849027347
gaussian12,drastic_noise,20261020,TS-H2,8.722458213035534,0.0,5.006700441952557,0.9,0.0,0.85,3.7855471698054695,1.8927735849027347
gaussian12,drastic_noise,20261020,UCB-L5,11.477147152363006,0.0,5.992376256727109,0.8,0.0,0.85,5.0,1.8927735849027347
gaussian12,drastic_noise,20261020,TS-L5,8.77382401056569,0.0,2.775988408561631,0.9,0.0,0.9,5.0,1.8927735849027347
gaussian12,drastic_noise,20261020,EG10-H1,26.14428032270296,0.0,6.386232316664747,0.8,0.0,0.925,1.8927735849027347,1.8927735849027347
gaussian12,drastic_noise,20261020,DUCB-H1,10.169126183114102,0.0,12.559072788968454,0.85,0.0,0.75,1.8927735849027347,1.8927735849027347
gaussian12,drastic_noise,20261020,DUCB-H2,10.169126183114102,0.0,15.067963439079776,0.85,0.0,0.725,3.7855471698054695,1.8927735849027347
gaussian12,drastic_noise,20261021,UCB,13.494166820600318,0.0,7.649553414328594,0.775,0.0,0.8,0.0,2.123908752816316
gaussian12,drastic_noise,20261021,DUCB,9.63516739488546,0.0,18.01852854714558,0.85,0.0,0.675,0.0,2.123908752816316
gaussian12,drastic_noise,20261021,TS,11.234536851200199,0.0,10.302936496477473,0.875,0.0,0.825,0.0,2.123908752816316
gaussian12,drastic_noise,20261021,EG05,10.210804559376147,0.0,2.8538005389655434,0.9,0.0,0.9,0.0,2.123908752816316
gaussian12,drastic_noise,20261021,EG10,7.676966687854043,0.0,7.832040948044331,0.925,0.0,0.9,0.0,2.123908752816316
gaussian12,drastic_noise,20261021,EG15,14.19279975173842,0.0,20.059939544315515,0.825,0.0,0.8,0.0,2.123908752816316
gaussian12,drastic_noise,20261021,UCB-H0.5,11.077208719994985,0.0,6.49237454040599,0.8,0.0,0.85,1.061954376408158,2.123908752816316
gaussian12,drastic_noise,20261021,UCB-H1,10.838834537047319,0.0,7.137628741702454,0.8,0.0,0.8,2.123908752816316,2.123908752816316
gaussian12,drastic_noise,20261021,UCB-H2,10.838834537047319,0.0,6.945755040859765,0.8,0.0,0.8,4.247817505632632,2.123908752816316
gaussian12,drastic_noise,20261021,TS-H0.5,8.543868215968846,0.0,7.662628383558015,0.9,0.0,0.825,1.061954376408158,2.123908752816316
gaussian12,drastic_noise,20261021,TS-H1,8.543868215968846,0.0,9.613028497822462,0.9,0.0,0.825,2.123908752816316,2.123908752816316
gaussian12,drastic_noise,20261021,TS-H2,8.327641368485665,0.0,5.341924461370324,0.9,0.0,0.85,4.247817505632632,2.123908752816316
gaussian12,drastic_noise,20261021,UCB-L5,10.838834537047319,0.0,6.945755040859765,0.8,0.0,0.8,5.0,2.123908752816316
gaussian12,drastic_noise,20261021,TS-L5,10.869816564976773,0.0,2.3710591893255253,0.875,0.0,0.875,5.0,2.123908752816316
gaussian12,drastic_noise,20261021,EG10-H1,13.03865581704281,0.0,13.077751567280828,0.875,0.0,0.8,2.123908752816316,2.123908752816316
gaussian12,drastic_noise,20261021,DUCB-H1,9.63516739488546,0.0,16.519993936735805,0.85,0.0,0.675,2.123908752816316,2.123908752816316
gaussian12,drastic_noise,20261021,DUCB-H2,9.63516739488546,0.0,14.875486267925389,0.85,0.0,0.7,4.247817505632632,2.123908752816316
student_t5,gradual_relocate,20261018,UCB,21.933124963952935,24.447165516986967,50.654067328050395,0.8571428571428571,0.4827586206896552,0.4,0.0,4.668469295269229
student_t5,gradual_relocate,20261018,DUCB,21.933124963952935,12.693317149068887,34.0781096712817,0.8571428571428571,0.6206896551724138,0.4666666666666667,0.0,4.668469295269229
student_t5,gradual_relocate,20261018,TS,21.933124963952935,24.447165516986967,78.43584674708293,0.8571428571428571,0.4827586206896552,0.2,0.0,4.668469295269229
student_t5,gradual_relocate,20261018,EG05,21.933124963952935,29.275110564436094,89.91606754046605,0.8571428571428571,0.5172413793103449,0.06666666666666667,0.0,4.668469295269229
student_t5,gradual_relocate,20261018,EG10,32.93131799149609,35.16497008873063,125.39727005306806,0.8095238095238095,0.41379310344827586,0.06666666666666667,0.0,4.668469295269229
student_t5,gradual_relocate,20261018,EG15,28.770889037184517,38.09025122957976,89.01016119359872,0.8095238095238095,0.4482758620689655,0.16666666666666666,0.0,4.668469295269229
student_t5,gradual_relocate,20261018,UCB-H0.5,21.933124963952935,18.160178733140164,26.449013596604598,0.8571428571428571,0.5517241379310345,0.4666666666666667,2.3342346476346143,4.668469295269229
student_t5,gradual_relocate,20261018,UCB-H1,21.933124963952935,18.160178733140164,26.449013596604598,0.8571428571428571,0.5517241379310345,0.4666666666666667,4.668469295269229,4.668469295269229
student_t5,gradual_relocate,20261018,UCB-H2,21.933124963952935,18.160178733140164,26.449013596604598,0.8571428571428571,0.5517241379310345,0.4666666666666667,9.336938590538457,4.668469295269229
student_t5,gradual_relocate,20261018,TS-H0.5,21.933124963952935,24.447165516986967,76.90711591908477,0.8571428571428571,0.4827586206896552,0.13333333333333333,2.3342346476346143,4.668469295269229
student_t5,gradual_relocate,20261018,TS-H1,21.933124963952935,24.447165516986967,50.24279558270406,0.8571428571428571,0.4827586206896552,0.26666666666666666,4.668469295269229,4.668469295269229
student_t5,gradual_relocate,20261018,TS-H2,21.933124963952935,15.677467837024889,26.449013596604598,0.8571428571428571,0.5862068965517241,0.4666666666666667,9.336938590538457,4.668469295269229
student_t5,gradual_relocate,20261018,UCB-L5,21.933124963952935,18.160178733140164,26.449013596604598,0.8571428571428571,0.5517241379310345,0.4666666666666667,5.0,4.668469295269229
student_t5,gradual_relocate,20261018,TS-L5,21.933124963952935,24.447165516986967,50.24279558270406,0.8571428571428571,0.4827586206896552,0.26666666666666666,5.0,4.668469295269229
student_t5,gradual_relocate,20261018,EG10-H1,25.276797553997852,33.731902862918886,119.23417750563986,0.8095238095238095,0.4482758620689655,0.0,4.668469295269229,4.668469295269229
student_t5,gradual_relocate,20261018,DUCB-H1,21.933124963952935,12.693317149068887,26.449013596604598,0.8571428571428571,0.6206896551724138,0.4666666666666667,4.668469295269229,4.668469295269229
student_t5,gradual_relocate,20261018,DUCB-H2,21.933124963952935,12.693317149068887,26.449013596604598,0.8571428571428571,0.6206896551724138,0.4666666666666667,9.336938590538457,4.668469295269229
student_t5,gradual_relocate,20261019,UCB,22.514316192925968,14.280412753802944,39.64366334790314,0.8571428571428571,0.6206896551724138,0.4666666666666667,0.0,5.185774004827599
student_t5,gradual_relocate,20261019,DUCB,22.514316192925968,8.307766484172674,31.682323832900494,0.8571428571428571,0.7241379310344828,0.4666666666666667,0.0,5.185774004827599
student_t5,gradual_relocate,20261019,TS,22.514316192925968,23.604073284696064,75.83441677857338,0.8571428571428571,0.5172413793103449,0.13333333333333333,0.0,5.185774004827599
student_t5,gradual_relocate,20261019,EG05,22.514316192925968,23.604073284696064,181.91632747640986,0.8571428571428571,0.5172413793103449,0.03333333333333333,0.0,5.185774004827599
student_t5,gradual_relocate,20261019,EG10,29.31720641267077,36.30327030224015,183.3435084403905,0.8095238095238095,0.4827586206896552,0.03333333333333333,0.0,5.185774004827599
student_t5,gradual_relocate,20261019,EG15,28.290174743713074,49.62332911669473,110.42638414163471,0.7619047619047619,0.3793103448275862,0.06666666666666667,0.0,5.185774004827599
student_t5,gradual_relocate,20261019,UCB-H0.5,22.514316192925968,14.280412753802944,24.182411797682157,0.8571428571428571,0.6206896551724138,0.4666666666666667,2.5928870024137995,5.185774004827599
student_t5,gradual_relocate,20261019,UCB-H1,22.514316192925968,16.612888500485738,24.182411797682157,0.8571428571428571,0.5862068965517241,0.4666666666666667,5.185774004827599,5.185774004827599
student_t5,gradual_relocate,20261019,UCB-H2,22.514316192925968,16.612888500485738,24.182411797682157,0.8571428571428571,0.5862068965517241,0.4666666666666667,10.371548009655198,5.185774004827599
student_t5,gradual_relocate,20261019,TS-H0.5,22.514316192925968,23.604073284696064,46.75756268758403,0.8571428571428571,0.5172413793103449,0.26666666666666666,2.5928870024137995,5.185774004827599
student_t5,gradual_relocate,20261019,TS-H1,22.514316192925968,14.258119191462672,24.182411797682157,0.8571428571428571,0.6206896551724138,0.4666666666666667,5.185774004827599,5.185774004827599
student_t5,gradual_relocate,20261019,TS-H2,22.514316192925968,23.604073284696064,30.545836501641205,0.8571428571428571,0.5172413793103449,0.4,10.371548009655198,5.185774004827599
student_t5,gradual_relocate,20261019,UCB-L5,22.514316192925968,14.280412753802944,24.182411797682157,0.8571428571428571,0.6206896551724138,0.4666666666666667,5.0,5.185774004827599
student_t5,gradual_relocate,20261019,TS-L5,22.514316192925968,23.604073284696064,43.26818136163608,0.8571428571428571,0.5172413793103449,0.3,5.0,5.185774004827599
student_t5,gradual_relocate,20261019,EG10-H1,36.713643487506125,31.515959619230774,107.6063743782567,0.7619047619047619,0.4827586206896552,0.03333333333333333,5.185774004827599,5.185774004827599
student_t5,gradual_relocate,20261019,DUCB-H1,22.514316192925968,8.307766484172674,24.182411797682157,0.8571428571428571,0.7241379310344828,0.4666666666666667,5.185774004827599,5.185774004827599
student_t5,gradual_relocate,20261019,DUCB-H2,22.514316192925968,8.307766484172674,24.182411797682157,0.8571428571428571,0.7241379310344828,0.4666666666666667,10.371548009655198,5.185774004827599
student_t5,gradual_relocate,20261020,UCB,21.536900578414496,23.492671525905635,46.70904299469345,0.8571428571428571,0.4827586206896552,0.3333333333333333,0.0,4.593275702714045
student_t5,gradual_relocate,20261020,DUCB,21.536900578414496,16.861728780785448,33.51874005522935,0.8571428571428571,0.5517241379310345,0.4666666666666667,0.0,4.593275702714045
student_t5,gradual_relocate,20261020,TS,21.536900578414496,23.492671525905635,128.21941893905174,0.8571428571428571,0.4827586206896552,0.0,0.0,4.593275702714045
student_t5,gradual_relocate,20261020,EG05,28.20597241106896,31.76906004498189,210.52135706541821,0.8095238095238095,0.4482758620689655,0.0,0.0,4.593275702714045
student_t5,gradual_relocate,20261020,EG10,28.430541473495374,41.64122034902264,205.5235918318439,0.7619047619047619,0.41379310344827586,0.0,0.0,4.593275702714045
student_t5,gradual_relocate,20261020,EG15,40.906038595785134,27.222915810981053,121.9993486706972,0.7619047619047619,0.4827586206896552,0.03333333333333333,0.0,4.593275702714045
student_t5,gradual_relocate,20261020,UCB-H0.5,21.536900578414496,20.006950067353422,25.15061147573407,0.8571428571428571,0.5172413793103449,0.4666666666666667,2.2966378513570227,4.593275702714045
student_t5,gradual_relocate,20261020,UCB-H1,21.536900578414496,16.861728780785448,25.15061147573407,0.8571428571428571,0.5517241379310345,0.4666666666666667,4.593275702714045,4.593275702714045
student_t5,gradual_relocate,20261020,UCB-H2,21.536900578414496,16.861728780785448,25.15061147573407,0.8571428571428571,0.5517241379310345,0.4666666666666667,9.18655140542809,4.593275702714045
student_t5,gradual_relocate,20261020,TS-H0.5,21.536900578414496,23.492671525905635,106.66899509771474,0.8571428571428571,0.4827586206896552,0.0,2.2966378513570227,4.593275702714045
student_t5,gradual_relocate,20261020,TS-H1,21.536900578414496,23.492671525905635,51.22216418653784,0.8571428571428571,0.4827586206896552,0.23333333333333334,4.593275702714045,4.593275702714045
student_t5,gradual_relocate,20261020,TS-H2,21.536900578414496,23.492671525905635,42.42030383475186,0.8571428571428571,0.4827586206896552,0.3,9.18655140542809,4.593275702714045
student_t5,gradual_relocate,20261020,UCB-L5,21.536900578414496,16.861728780785448,25.15061147573407,0.8571428571428571,0.5517241379310345,0.4666666666666667,5.0,4.593275702714045
student_t5,gradual_relocate,20261020,TS-L5,21.536900578414496,23.492671525905635,40.062026270091614,0.8571428571428571,0.4827586206896552,0.3333333333333333,5.0,4.593275702714045
student_t5,gradual_relocate,20261020,EG10-H1,44.356205161553504,32.824880435760036,92.83857245750283,0.7142857142857143,0.41379310344827586,0.0,4.593275702714045,4.593275702714045
student_t5,gradual_relocate,20261020,DUCB-H1,21.536900578414496,16.861728780785448,25.15061147573407,0.8571428571428571,0.5517241379310345,0.4666666666666667,4.593275702714045,4.593275702714045
student_t5,gradual_relocate,20261020,DUCB-H2,21.536900578414496,16.861728780785448,25.15061147573407,0.8571428571428571,0.5517241379310345,0.4666666666666667,9.18655140542809,4.593275702714045
student_t5,gradual_relocate,20261021,UCB,21.28080049502254,2.8610580152410554,48.15510147637649,0.8571428571428571,0.8275862068965517,0.4666666666666667,0.0,4.521800988259574
student_t5,gradual_relocate,20261021,DUCB,21.28080049502254,2.8610580152410554,40.11113157460099,0.8571428571428571,0.8275862068965517,0.4666666666666667,0.0,4.521800988259574
student_t5,gradual_relocate,20261021,TS,21.28080049502254,22.372204505029238,80.44739760092763,0.8571428571428571,0.4827586206896552,0.2,0.0,4.521800988259574
student_t5,gradual_relocate,20261021,EG05,21.28080049502254,33.87697912645345,76.2477112279612,0.8571428571428571,0.4482758620689655,0.16666666666666666,0.0,4.521800988259574
student_t5,gradual_relocate,20261021,EG10,21.28080049502254,23.178953907118903,166.42666407032283,0.8571428571428571,0.4827586206896552,0.03333333333333333,0.0,4.521800988259574
student_t5,gradual_relocate,20261021,EG15,21.28080049502254,42.32047282976925,141.05324492617893,0.8571428571428571,0.3793103448275862,0.0,0.0,4.521800988259574
student_t5,gradual_relocate,20261021,UCB-H0.5,21.28080049502254,2.8610580152410554,24.123265386249674,0.8571428571428571,0.8275862068965517,0.4666666666666667,2.260900494129787,4.521800988259574
student_t5,gradual_relocate,20261021,UCB-H1,21.28080049502254,2.8610580152410554,24.123265386249674,0.8571428571428571,0.8275862068965517,0.4666666666666667,4.521800988259574,4.521800988259574
student_t5,gradual_relocate,20261021,UCB-H2,21.28080049502254,2.8610580152410554,24.123265386249674,0.8571428571428571,0.8275862068965517,0.4666666666666667,9.043601976519149,4.521800988259574
student_t5,gradual_relocate,20261021,TS-H0.5,21.28080049502254,22.372204505029238,50.57921438006272,0.8571428571428571,0.4827586206896552,0.23333333333333334,2.260900494129787,4.521800988259574
student_t5,gradual_relocate,20261021,TS-H1,21.28080049502254,22.372204505029238,46.447926246678506,0.8571428571428571,0.4827586206896552,0.26666666666666666,4.521800988259574,4.521800988259574
student_t5,gradual_relocate,20261021,TS-H2,21.28080049502254,22.372204505029238,32.23589067326011,0.8571428571428571,0.4827586206896552,0.4,9.043601976519149,4.521800988259574
student_t5,gradual_relocate,20261021,UCB-L5,21.28080049502254,2.8610580152410554,24.123265386249674,0.8571428571428571,0.8275862068965517,0.4666666666666667,5.0,4.521800988259574
student_t5,gradual_relocate,20261021,TS-L5,21.28080049502254,19.5232894573587,27.578445121577996,0.8571428571428571,0.5172413793103449,0.43333333333333335,5.0,4.521800988259574
student_t5,gradual_relocate,20261021,EG10-H1,21.28080049502254,35.67617120230314,77.86953142329612,0.8571428571428571,0.4482758620689655,0.0,4.521800988259574,4.521800988259574
student_t5,gradual_relocate,20261021,DUCB-H1,21.28080049502254,2.8610580152410554,24.123265386249674,0.8571428571428571,0.8275862068965517,0.4666666666666667,4.521800988259574,4.521800988259574
student_t5,gradual_relocate,20261021,DUCB-H2,21.28080049502254,2.8610580152410554,24.123265386249674,0.8571428571428571,0.8275862068965517,0.4666666666666667,9.043601976519149,4.521800988259574
student_t5,drastic_relocate,20261018,UCB,21.933124963952935,0.0,243.80890277206387,0.925,0.0,0.0,0.0,4.668469295269229
student_t5,drastic_relocate,20261018,DUCB,21.933124963952935,0.0,156.13373580458443,0.925,0.0,0.0,0.0,4.668469295269229
student_t5,drastic_relocate,20261018,TS,21.933124963952935,0.0,287.7085470147938,0.925,0.0,0.0,0.0,4.668469295269229
student_t5,drastic_relocate,20261018,EG05,36.25953290151174,0.0,257.7744881490999,0.875,0.0,0.0,0.0,4.668469295269229
student_t5,drastic_relocate,20261018,EG10,54.19568024335571,0.0,248.67470064296793,0.825,0.0,0.05,0.0,4.668469295269229
student_t5,drastic_relocate,20261018,EG15,50.03301273690521,0.0,275.10092230534553,0.85,0.0,0.025,0.0,4.668469295269229
student_t5,drastic_relocate,20261018,UCB-H0.5,21.933124963952935,0.0,224.06732840613302,0.925,0.0,0.0,2.3342346476346143,4.668469295269229
student_t5,drastic_relocate,20261018,UCB-H1,21.933124963952935,0.0,206.1286396529486,0.925,0.0,0.0,4.668469295269229,4.668469295269229
student_t5,drastic_relocate,20261018,UCB-H2,21.933124963952935,0.0,207.74420502504444,0.925,0.0,0.0,9.336938590538457,4.668469295269229
student_t5,drastic_relocate,20261018,TS-H0.5,21.933124963952935,0.0,281.95560628589664,0.925,0.0,0.0,2.3342346476346143,4.668469295269229
student_t5,drastic_relocate,20261018,TS-H1,21.933124963952935,0.0,246.48529136666082,0.925,0.0,0.0,4.668469295269229,4.668469295269229
student_t5,drastic_relocate,20261018,TS-H2,21.933124963952935,0.0,227.9140336608997,0.925,0.0,0.0,9.336938590538457,4.668469295269229
student_t5,drastic_relocate,20261018,UCB-L5,21.933124963952935,0.0,198.07640116818067,0.925,0.0,0.0,5.0,4.668469295269229
student_t5,drastic_relocate,20261018,TS-L5,21.933124963952935,0.0,273.58404165421985,0.925,0.0,0.0,5.0,4.668469295269229
student_t5,drastic_relocate,20261018,EG10-H1,39.36610676865424,0.0,252.5756275013052,0.875,0.0,0.0,4.668469295269229,4.668469295269229
student_t5,drastic_relocate,20261018,DUCB-H1,21.933124963952935,0.0,165.9486947659658,0.925,0.0,0.0,4.668469295269229,4.668469295269229
student_t5,drastic_relocate,20261018,DUCB-H2,21.933124963952935,0.0,177.18702939989515,0.925,0.0,0.0,9.336938590538457,4.668469295269229
student_t5,drastic_relocate,20261019,UCB,22.514316192925968,0.0,237.04411985573495,0.925,0.0,0.0,0.0,5.185774004827599
student_t5,drastic_relocate,20261019,DUCB,22.514316192925968,0.0,151.17077002227586,0.925,0.0,0.0,0.0,5.185774004827599
student_t5,drastic_relocate,20261019,TS,22.514316192925968,0.0,290.317451904904,0.925,0.0,0.0,0.0,5.185774004827599
student_t5,drastic_relocate,20261019,EG05,22.514316192925968,0.0,237.17201522296423,0.925,0.0,0.025,0.0,5.185774004827599
student_t5,drastic_relocate,20261019,EG10,41.86084220739867,0.0,256.5588380304787,0.875,0.0,0.05,0.0,5.185774004827599
student_t5,drastic_relocate,20261019,EG15,59.76825394317977,0.0,247.9690984471848,0.775,0.0,0.0,0.0,5.185774004827599
student_t5,drastic_relocate,20261019,UCB-H0.5,22.514316192925968,0.0,216.24261033235598,0.925,0.0,0.0,2.5928870024137995,5.185774004827599
student_t5,drastic_relocate,20261019,UCB-H1,22.514316192925968,0.0,190.32485610344864,0.925,0.0,0.0,5.185774004827599,5.185774004827599
student_t5,drastic_relocate,20261019,UCB-H2,22.514316192925968,0.0,198.49953659088132,0.925,0.0,0.0,10.371548009655198,5.185774004827599
student_t5,drastic_relocate,20261019,TS-H0.5,22.514316192925968,0.0,260.00591610923755,0.925,0.0,0.0,2.5928870024137995,5.185774004827599
student_t5,drastic_relocate,20261019,TS-H1,22.514316192925968,0.0,243.43966664586807,0.925,0.0,0.0,5.185774004827599,5.185774004827599
student_t5,drastic_relocate,20261019,TS-H2,22.514316192925968,0.0,206.66754791840307,0.925,0.0,0.0,10.371548009655198,5.185774004827599
student_t5,drastic_relocate,20261019,UCB-L5,22.514316192925968,0.0,190.32485610344864,0.925,0.0,0.0,5.0,5.185774004827599
student_t5,drastic_relocate,20261019,TS-L5,22.514316192925968,0.0,247.10607948119207,0.925,0.0,0.0,5.0,5.185774004827599
student_t5,drastic_relocate,20261019,EG10-H1,43.01570573490315,0.0,215.7085947312519,0.85,0.0,0.025,5.185774004827599,5.185774004827599
student_t5,drastic_relocate,20261019,DUCB-H1,22.514316192925968,0.0,154.21945821864048,0.925,0.0,0.0,5.185774004827599,5.185774004827599
student_t5,drastic_relocate,20261019,DUCB-H2,22.514316192925968,0.0,163.07496487826305,0.925,0.0,0.0,10.371548009655198,5.185774004827599
student_t5,drastic_relocate,20261020,UCB,21.536900578414496,0.0,242.44241325603454,0.925,0.0,0.0,0.0,4.593275702714045
student_t5,drastic_relocate,20261020,DUCB,21.536900578414496,0.0,151.40962478818506,0.925,0.0,0.0,0.0,4.593275702714045
student_t5,drastic_relocate,20261020,TS,21.536900578414496,0.0,297.023087071923,0.925,0.0,0.0,0.0,4.593275702714045
student_t5,drastic_relocate,20261020,EG05,38.74211431120021,0.0,241.0325719502545,0.875,0.0,0.025,0.0,4.593275702714045
student_t5,drastic_relocate,20261020,EG10,51.65304075453361,0.0,268.73876709216546,0.8,0.0,0.025,0.0,4.593275702714045
student_t5,drastic_relocate,20261020,EG15,51.470290317057206,0.0,265.24872924180363,0.85,0.0,0.05,0.0,4.593275702714045
student_t5,drastic_relocate,20261020,UCB-H0.5,21.536900578414496,0.0,222.70313182282146,0.925,0.0,0.0,2.2966378513570227,4.593275702714045
student_t5,drastic_relocate,20261020,UCB-H1,21.536900578414496,0.0,206.35283791625878,0.925,0.0,0.0,4.593275702714045,4.593275702714045
student_t5,drastic_relocate,20261020,UCB-H2,21.536900578414496,0.0,196.74495760520145,0.925,0.0,0.0,9.18655140542809,4.593275702714045
student_t5,drastic_relocate,20261020,TS-H0.5,21.536900578414496,0.0,269.71363130776973,0.925,0.0,0.0,2.2966378513570227,4.593275702714045
student_t5,drastic_relocate,20261020,TS-H1,21.536900578414496,0.0,250.67663628518767,0.925,0.0,0.0,4.593275702714045,4.593275702714045
student_t5,drastic_relocate,20261020,TS-H2,21.536900578414496,0.0,222.86349823313554,0.925,0.0,0.0,9.18655140542809,4.593275702714045
student_t5,drastic_relocate,20261020,UCB-L5,21.536900578414496,0.0,196.5400426113644,0.925,0.0,0.0,5.0,4.593275702714045
student_t5,drastic_relocate,20261020,TS-L5,21.536900578414496,0.0,251.89439945286037,0.925,0.0,0.0,5.0,4.593275702714045
student_t5,drastic_relocate,20261020,EG10-H1,59.310957057845854,0.0,217.79247734867462,0.8,0.0,0.0,4.593275702714045,4.593275702714045
student_t5,drastic_relocate,20261020,DUCB-H1,21.536900578414496,0.0,159.6324914950757,0.925,0.0,0.0,4.593275702714045,4.593275702714045
student_t5,drastic_relocate,20261020,DUCB-H2,21.536900578414496,0.0,160.42238617295376,0.925,0.0,0.0,9.18655140542809,4.593275702714045
student_t5,drastic_relocate,20261021,UCB,21.28080049502254,0.0,230.1569828295806,0.925,0.0,0.0,0.0,4.521800988259574
student_t5,drastic_relocate,20261021,DUCB,21.28080049502254,0.0,146.17799379886037,0.925,0.0,0.0,0.0,4.521800988259574
student_t5,drastic_relocate,20261021,TS,21.28080049502254,0.0,290.0055890243911,0.925,0.0,0.0,0.0,4.521800988259574
student_t5,drastic_relocate,20261021,EG05,34.07546480978682,0.0,226.053442485643,0.9,0.0,0.025,0.0,4.521800988259574
student_t5,drastic_relocate,20261021,EG10,21.28080049502254,0.0,265.2443621672706,0.925,0.0,0.05,0.0,4.521800988259574
student_t5,drastic_relocate,20261021,EG15,51.6043110024673,0.0,253.44478214964855,0.825,0.0,0.075,0.0,4.521800988259574
student_t5,drastic_relocate,20261021,UCB-H0.5,21.28080049502254,0.0,209.08673869023326,0.925,0.0,0.0,2.260900494129787,4.521800988259574
student_t5,drastic_relocate,20261021,UCB-H1,21.28080049502254,0.0,191.95368553021424,0.925,0.0,0.0,4.521800988259574,4.521800988259574
student_t5,drastic_relocate,20261021,UCB-H2,21.28080049502254,0.0,183.50674594348342,0.925,0.0,0.0,9.043601976519149,4.521800988259574
student_t5,drastic_relocate,20261021,TS-H0.5,21.28080049502254,0.0,268.79667880465024,0.925,0.0,0.0,2.260900494129787,4.521800988259574
student_t5,drastic_relocate,20261021,TS-H1,21.28080049502254,0.0,261.94581133237034,0.925,0.0,0.0,4.521800988259574,4.521800988259574
student_t5,drastic_relocate,20261021,TS-H2,21.28080049502254,0.0,209.13051720435965,0.925,0.0,0.0,9.043601976519149,4.521800988259574
student_t5,drastic_relocate,20261021,UCB-L5,21.28080049502254,0.0,189.8676830724226,0.925,0.0,0.0,5.0,4.521800988259574
student_t5,drastic_relocate,20261021,TS-L5,21.28080049502254,0.0,237.01885026846975,0.925,0.0,0.0,5.0,4.521800988259574
student_t5,drastic_relocate,20261021,EG10-H1,44.53458842009497,0.0,211.1844330454127,0.875,0.0,0.075,4.521800988259574,4.521800988259574
student_t5,drastic_relocate,20261021,DUCB-H1,21.28080049502254,0.0,155.19020952833372,0.925,0.0,0.0,4.521800988259574,4.521800988259574
student_t5,drastic_relocate,20261021,DUCB-H2,21.28080049502254,0.0,155.48896719253375,0.925,0.0,0.0,9.043601976519149,4.521800988259574
student_t5,gradual_flip,20261018,UCB,37.09613763282415,18.26676448192386,284.29055315841276,0.8095238095238095,0.4827586206896552,0.0,0.0,10.807579714108837
student_t5,gradual_flip,20261018,DUCB,35.37384513573527,14.629153023404092,179.9881361342747,0.8571428571428571,0.5862068965517241,0.0,0.0,10.807579714108837
student_t5,gradual_flip,20261018,TS,37.047030009533024,60.11698321680421,329.403788085941,0.8095238095238095,0.2413793103448276,0.0,0.0,10.807579714108837
student_t5,gradual_flip,20261018,EG05,35.37384513573527,70.70174666946403,207.177195528526,0.8571428571428571,0.2413793103448276,0.03333333333333333,0.0,10.807579714108837
student_t5,gradual_flip,20261018,EG10,57.82298781619129,65.92582549557913,298.318270193064,0.8095238095238095,0.20689655172413793,0.06666666666666667,0.0,10.807579714108837
student_t5,gradual_flip,20261018,EG15,37.09613763282415,90.1103363461973,216.67191585438994,0.8095238095238095,0.2413793103448276,0.03333333333333333,0.0,10.807579714108837
student_t5,gradual_flip,20261018,UCB-H0.5,37.09613763282415,18.26676448192386,290.0386081989501,0.8095238095238095,0.4827586206896552,0.0,5.403789857054418,10.807579714108837
student_t5,gradual_flip,20261018,UCB-H1,37.09613763282415,21.246776702161547,279.7700046639964,0.8095238095238095,0.5172413793103449,0.0,10.807579714108837,10.807579714108837
student_t5,gradual_flip,20261018,UCB-H2,37.09613763282415,22.013407308119064,279.1517053753868,0.8095238095238095,0.5172413793103449,0.0,21.615159428217673,10.807579714108837
student_t5,gradual_flip,20261018,TS-H0.5,35.37384513573527,51.402269071685346,336.06708633927326,0.8571428571428571,0.27586206896551724,0.0,5.403789857054418,10.807579714108837
student_t5,gradual_flip,20261018,TS-H1,35.37384513573527,41.10675215279816,320.9703992200011,0.8571428571428571,0.3103448275862069,0.0,10.807579714108837,10.807579714108837
student_t5,gradual_flip,20261018,TS-H2,37.09306194969607,60.11698321680421,358.6388792617425,0.8095238095238095,0.2413793103448276,0.0,21.615159428217673,10.807579714108837
student_t5,gradual_flip,20261018,UCB-L5,37.09613763282415,18.26676448192386,290.0386081989501,0.8095238095238095,0.4827586206896552,0.0,5.0,10.807579714108837
student_t5,gradual_flip,20261018,TS-L5,37.047030009533024,60.11698321680421,344.6244327511724,0.8095238095238095,0.2413793103448276,0.0,5.0,10.807579714108837
student_t5,gradual_flip,20261018,EG10-H1,40.957698861191304,80.3544368875617,387.8212620946707,0.8095238095238095,0.2413793103448276,0.0,10.807579714108837,10.807579714108837
student_t5,gradual_flip,20261018,DUCB-H1,35.37384513573527,14.629153023404092,258.00030144623787,0.8571428571428571,0.5862068965517241,0.0,10.807579714108837,10.807579714108837
student_t5,gradual_flip,20261018,DUCB-H2,35.37384513573527,14.629153023404092,258.06741499045745,0.8571428571428571,0.5862068965517241,0.0,21.615159428217673,10.807579714108837
student_t5,gradual_flip,20261019,UCB,36.92379541827968,16.680283192655654,268.2270404616046,0.8095238095238095,0.4827586206896552,0.0,0.0,11.916015144464515
student_t5,gradual_flip,20261019,DUCB,35.21927873358087,14.743110145654775,143.57420953431065,0.8571428571428571,0.5517241379310345,0.0,0.0,11.916015144464515
student_t5,gradual_flip,20261019,TS,36.80507830229122,58.65216215576316,318.6544250462289,0.8095238095238095,0.2413793103448276,0.0,0.0,11.916015144464515
student_t5,gradual_flip,20261019,EG05,35.21927873358087,58.65216215576316,354.6897442800972,0.8571428571428571,0.2413793103448276,0.03333333333333333,0.0,11.916015144464515
student_t5,gradual_flip,20261019,EG10,36.92379541827968,83.80898912828775,335.4871324929517,0.8095238095238095,0.2413793103448276,0.03333333333333333,0.0,11.916015144464515
student_t5,gradual_flip,20261019,EG15,47.70414710060794,84.0861251514885,244.8484220297733,0.7619047619047619,0.1724137931034483,0.06666666666666667,0.0,11.916015144464515
student_t5,gradual_flip,20261019,UCB-H0.5,36.92379541827968,17.666928100749676,264.86019449996377,0.8095238095238095,0.4827586206896552,0.0,5.958007572232257,11.916015144464515
student_t5,gradual_flip,20261019,UCB-H1,36.92379541827968,17.676285281193653,265.9171088922869,0.8095238095238095,0.4827586206896552,0.0,11.916015144464515,11.916015144464515
student_t5,gradual_flip,20261019,UCB-H2,36.92379541827968,14.63634701899649,281.0460970867206,0.8095238095238095,0.4482758620689655,0.0,23.83203028892903,11.916015144464515
student_t5,gradual_flip,20261019,TS-H0.5,35.21927873358087,40.41957621461764,309.2534694097486,0.8571428571428571,0.3103448275862069,0.0,5.958007572232257,11.916015144464515
student_t5,gradual_flip,20261019,TS-H1,36.52442383923382,53.86886954037742,329.0176462206541,0.8095238095238095,0.2413793103448276,0.0,11.916015144464515,11.916015144464515
student_t5,gradual_flip,20261019,TS-H2,35.21927873358087,51.29015815597209,332.2292658495336,0.8571428571428571,0.20689655172413793,0.0,23.83203028892903,11.916015144464515
student_t5,gradual_flip,20261019,UCB-L5,36.92379541827968,17.666928100749676,272.24579225255906,0.8095238095238095,0.4827586206896552,0.0,5.0,11.916015144464515
student_t5,gradual_flip,20261019,TS-L5,36.803956544175506,58.65216215576316,340.51134426609883,0.8095238095238095,0.2413793103448276,0.0,5.0,11.916015144464515
student_t5,gradual_flip,20261019,EG10-H1,65.96922552082849,47.05704339357675,303.37792331934963,0.7619047619047619,0.20689655172413793,0.03333333333333333,11.916015144464515,11.916015144464515
student_t5,gradual_flip,20261019,DUCB-H1,35.21927873358087,14.752467326098753,236.16713048763302,0.8571428571428571,0.5517241379310345,0.0,11.916015144464515,11.916015144464515
student_t5,gradual_flip,20261019,DUCB-H2,35.21927873358087,11.336194496113663,244.2096980807366,0.8571428571428571,0.5172413793103449,0.0,23.83203028892903,11.916015144464515
student_t5,gradual_flip,20261020,UCB,33.575650831780045,14.337355161298278,282.24710885101746,0.8571428571428571,0.5517241379310345,0.0,0.0,10.065264857827227
student_t5,gradual_flip,20261020,DUCB,33.575650831780045,11.397985753945894,159.54556634111998,0.8571428571428571,0.6551724137931034,0.0,0.0,10.065264857827227
student_t5,gradual_flip,20261020,TS,33.575650831780045,54.85427312788369,343.9791554762335,0.8571428571428571,0.27586206896551724,0.0,0.0,10.065264857827227
student_t5,gradual_flip,20261020,EG05,35.22910943187793,75.5503442953753,376.46672549233733,0.8095238095238095,0.27586206896551724,0.0,0.0,10.065264857827227
student_t5,gradual_flip,20261020,EG10,46.32384170550483,76.73828519774116,321.18314696430343,0.7619047619047619,0.2413793103448276,0.0,0.0,10.065264857827227
student_t5,gradual_flip,20261020,EG15,61.88904078108779,67.3974708148208,288.18066919373615,0.7619047619047619,0.27586206896551724,0.03333333333333333,0.0,10.065264857827227
student_t5,gradual_flip,20261020,UCB-H0.5,33.575650831780045,14.337355161298278,281.1521236765282,0.8571428571428571,0.5517241379310345,0.0,5.0326324289136135,10.065264857827227
student_t5,gradual_flip,20261020,UCB-H1,33.575650831780045,14.337355161298278,277.01540997690563,0.8571428571428571,0.5517241379310345,0.0,10.065264857827227,10.065264857827227
student_t5,gradual_flip,20261020,UCB-H2,33.575650831780045,15.833478292253831,274.15696417815246,0.8571428571428571,0.6551724137931034,0.0,20.130529715654454,10.065264857827227
student_t5,gradual_flip,20261020,TS-H0.5,35.069692953586234,54.17641606080498,343.2672993601201,0.8095238095238095,0.27586206896551724,0.0,5.0326324289136135,10.065264857827227
student_t5,gradual_flip,20261020,TS-H1,33.575650831780045,60.77308068332144,369.94382145778894,0.8571428571428571,0.2413793103448276,0.0,10.065264857827227,10.065264857827227
student_t5,gradual_flip,20261020,TS-H2,33.575650831780045,47.59007306504264,334.5472686014179,0.8571428571428571,0.3103448275862069,0.0,20.130529715654454,10.065264857827227
student_t5,gradual_flip,20261020,UCB-L5,33.575650831780045,14.337355161298278,281.1521236765282,0.8571428571428571,0.5517241379310345,0.0,5.0,10.065264857827227
student_t5,gradual_flip,20261020,TS-L5,33.575650831780045,52.31690907650791,333.9750480420047,0.8571428571428571,0.2413793103448276,0.0,5.0,10.065264857827227
student_t5,gradual_flip,20261020,EG10-H1,65.21046766581298,39.01497516165572,315.7930619764862,0.7142857142857143,0.3448275862068966,0.0,10.065264857827227,10.065264857827227
student_t5,gradual_flip,20261020,DUCB-H1,33.575650831780045,11.397985753945894,263.2201165445962,0.8571428571428571,0.6551724137931034,0.0,10.065264857827227,10.065264857827227
student_t5,gradual_flip,20261020,DUCB-H2,33.575650831780045,11.397985753945894,261.84075852091013,0.8571428571428571,0.6551724137931034,0.0,20.130529715654454,10.065264857827227
student_t5,gradual_flip,20261021,UCB,29.589501759501694,17.563885941553323,239.8388000185489,0.8095238095238095,0.5862068965517241,0.0,0.0,9.609637864472722
student_t5,gradual_flip,20261021,DUCB,28.1952548624348,11.895533038089518,139.99319275642742,0.8571428571428571,0.6206896551724138,0.0,0.0,9.609637864472722
student_t5,gradual_flip,20261021,TS,29.51532667796448,59.57178475570612,331.50482350378894,0.8095238095238095,0.2413793103448276,0.0,0.0,9.609637864472722
student_t5,gradual_flip,20261021,EG05,28.1952548624348,86.08611535504751,173.86189987848866,0.8571428571428571,0.20689655172413793,0.06666666666666667,0.0,9.609637864472722
student_t5,gradual_flip,20261021,EG10,28.1952548624348,61.25211164000033,355.1310010805015,0.8571428571428571,0.2413793103448276,0.03333333333333333,0.0,9.609637864472722
student_t5,gradual_flip,20261021,EG15,28.1952548624348,101.94230280894473,274.0235944460185,0.8571428571428571,0.20689655172413793,0.0,0.0,9.609637864472722
student_t5,gradual_flip,20261021,UCB-H0.5,29.589501759501694,13.074563201660581,261.36146423427687,0.8095238095238095,0.5862068965517241,0.0,4.804818932236361,9.609637864472722
student_t5,gradual_flip,20261021,UCB-H1,29.589501759501694,12.092218044364813,250.82975599391997,0.8095238095238095,0.6206896551724138,0.0,9.609637864472722,9.609637864472722
student_t5,gradual_flip,20261021,UCB-H2,29.589501759501694,12.497513891804074,247.33997621048272,0.8095238095238095,0.6206896551724138,0.0,19.219275728945444,9.609637864472722
student_t5,gradual_flip,20261021,TS-H0.5,28.1952548624348,36.80141210065155,306.47402241160466,0.8571428571428571,0.2413793103448276,0.0,4.804818932236361,9.609637864472722
student_t5,gradual_flip,20261021,TS-H1,29.51532667796448,59.57178475570612,312.77595222564287,0.8095238095238095,0.2413793103448276,0.0,9.609637864472722,9.609637864472722
student_t5,gradual_flip,20261021,TS-H2,29.81475000932859,59.57178475570612,317.93300592717367,0.8095238095238095,0.2413793103448276,0.0,19.219275728945444,9.609637864472722
student_t5,gradual_flip,20261021,UCB-L5,29.589501759501694,13.074563201660581,261.36146423427687,0.8095238095238095,0.5862068965517241,0.0,5.0,9.609637864472722
student_t5,gradual_flip,20261021,TS-L5,29.81475000932859,55.08246201581338,320.9908505515749,0.8095238095238095,0.2413793103448276,0.0,5.0,9.609637864472722
student_t5,gradual_flip,20261021,EG10-H1,28.1952548624348,82.67332194052051,295.0087529203056,0.8571428571428571,0.2413793103448276,0.03333333333333333,9.609637864472722,9.609637864472722
student_t5,gradual_flip,20261021,DUCB-H1,28.1952548624348,14.49496594882667,236.20690996011712,0.8571428571428571,0.5517241379310345,0.0,9.609637864472722,9.609637864472722
student_t5,gradual_flip,20261021,DUCB-H2,28.1952548624348,11.347116171931791,233.51374045053134,0.8571428571428571,0.6551724137931034,0.0,19.219275728945444,9.609637864472722
student_t5,drastic_flip,20261018,UCB,37.09613763282415,0.0,512.5596852079054,0.9,0.0,0.0,0.0,10.807579714108837
student_t5,drastic_flip,20261018,DUCB,36.82920553686985,0.0,336.6015950072093,0.9,0.0,0.0,0.0,10.807579714108837
student_t5,drastic_flip,20261018,TS,37.047030009533024,0.0,632.3790171740923,0.9,0.0,0.0,0.0,10.807579714108837
student_t5,drastic_flip,20261018,EG05,65.71562491922637,0.0,509.20984838013686,0.875,0.0,0.0,0.0,10.807579714108837
student_t5,drastic_flip,20261018,EG10,88.17488680713959,0.0,535.9887877284712,0.825,0.0,0.05,0.0,10.807579714108837
student_t5,drastic_flip,20261018,EG15,84.99177210098337,0.0,560.2153567119366,0.85,0.0,0.025,0.0,10.807579714108837
student_t5,drastic_flip,20261018,UCB-H0.5,37.09613763282415,0.0,820.241766160216,0.9,0.0,0.0,5.403789857054418,10.807579714108837
student_t5,drastic_flip,20261018,UCB-H1,37.09613763282415,0.0,918.6017058791009,0.9,0.0,0.0,10.807579714108837,10.807579714108837
student_t5,drastic_flip,20261018,UCB-H2,37.09613763282415,0.0,918.6017058791009,0.9,0.0,0.0,21.615159428217673,10.807579714108837
student_t5,drastic_flip,20261018,TS-H0.5,35.37384513573527,0.0,886.7312364652068,0.925,0.0,0.0,5.403789857054418,10.807579714108837
student_t5,drastic_flip,20261018,TS-H1,35.37384513573527,0.0,949.2606828569362,0.925,0.0,0.0,10.807579714108837,10.807579714108837
student_t5,drastic_flip,20261018,TS-H2,37.09306194969607,0.0,909.8677708913885,0.9,0.0,0.0,21.615159428217673,10.807579714108837
student_t5,drastic_flip,20261018,UCB-L5,37.09613763282415,0.0,765.5849565080374,0.9,0.0,0.0,5.0,10.807579714108837
student_t5,drastic_flip,20261018,TS-L5,37.047030009533024,0.0,850.6495556233831,0.9,0.0,0.0,5.0,10.807579714108837
student_t5,drastic_flip,20261018,EG10-H1,71.83719913752435,0.0,950.7371805912746,0.875,0.0,0.0,10.807579714108837,10.807579714108837
student_t5,drastic_flip,20261018,DUCB-H1,36.82920553686985,0.0,671.7344496584631,0.9,0.0,0.0,10.807579714108837,10.807579714108837
student_t5,drastic_flip,20261018,DUCB-H2,36.82920553686985,0.0,670.6006348889612,0.9,0.0,0.0,21.615159428217673,10.807579714108837
student_t5,drastic_flip,20261019,UCB,36.92379541827968,0.0,497.89337210854455,0.9,0.0,0.0,0.0,11.916015144464515
student_t5,drastic_flip,20261019,DUCB,36.88006047457389,0.0,329.3305476831976,0.9,0.0,0.0,0.0,11.916015144464515
student_t5,drastic_flip,20261019,TS,36.80507830229122,0.0,627.0628387435174,0.9,0.0,0.0,0.0,11.916015144464515
student_t5,drastic_flip,20261019,EG05,35.21927873358087,0.0,558.3533248385299,0.925,0.0,0.025,0.0,11.916015144464515
student_t5,drastic_flip,20261019,EG10,63.8459498639611,0.0,522.2219520866524,0.875,0.0,0.05,0.0,11.916015144464515
student_t5,drastic_flip,20261019,EG15,100.89390103224615,0.0,530.6569491255159,0.775,0.0,0.0,0.0,11.916015144464515
student_t5,drastic_flip,20261019,UCB-H0.5,36.92379541827968,0.0,792.7896061854218,0.9,0.0,0.0,5.958007572232257,11.916015144464515
student_t5,drastic_flip,20261019,UCB-H1,36.92379541827968,0.0,892.5996532159276,0.9,0.0,0.0,11.916015144464515,11.916015144464515
student_t5,drastic_flip,20261019,UCB-H2,36.92379541827968,0.0,885.0874688085721,0.9,0.0,0.0,23.83203028892903,11.916015144464515
student_t5,drastic_flip,20261019,TS-H0.5,35.21927873358087,0.0,875.6090506056458,0.925,0.0,0.0,5.958007572232257,11.916015144464515
student_t5,drastic_flip,20261019,TS-H1,36.52442383923382,0.0,874.3234931438191,0.9,0.0,0.0,11.916015144464515,11.916015144464515
student_t5,drastic_flip,20261019,TS-H2,36.88006047457389,0.0,906.8576245312179,0.9,0.0,0.0,23.83203028892903,11.916015144464515
student_t5,drastic_flip,20261019,UCB-L5,36.92379541827968,0.0,731.1160179183788,0.9,0.0,0.0,5.0,11.916015144464515
student_t5,drastic_flip,20261019,TS-L5,36.803956544175506,0.0,816.921587260918,0.9,0.0,0.0,5.0,11.916015144464515
student_t5,drastic_flip,20261019,EG10-H1,67.56794155840433,0.0,883.9549908166958,0.85,0.0,0.025,11.916015144464515,11.916015144464515
student_t5,drastic_flip,20261019,DUCB-H1,36.88006047457389,0.0,645.7690427961064,0.9,0.0,0.0,11.916015144464515,11.916015144464515
student_t5,drastic_flip,20261019,DUCB-H2,36.81799477115671,0.0,645.7690427961064,0.9,0.0,0.0,23.83203028892903,11.916015144464515
student_t5,drastic_flip,20261020,UCB,35.26396615118034,0.0,508.19047923220444,0.9,0.0,0.0,0.0,10.065264857827227
student_t5,drastic_flip,20261020,DUCB,33.575650831780045,0.0,331.79667879814247,0.925,0.0,0.0,0.0,10.065264857827227
student_t5,drastic_flip,20261020,TS,33.575650831780045,0.0,646.8139923744847,0.925,0.0,0.0,0.0,10.065264857827227
student_t5,drastic_flip,20261020,EG05,55.90602895071134,0.0,498.84620355209944,0.875,0.0,0.025,0.0,10.065264857827227
student_t5,drastic_flip,20261020,EG10,82.85345341520568,0.0,537.2057785173293,0.8,0.0,0.025,0.0,10.065264857827227
student_t5,drastic_flip,20261020,EG15,84.64222815911197,0.0,553.3288733376077,0.85,0.0,0.05,0.0,10.065264857827227
student_t5,drastic_flip,20261020,UCB-H0.5,35.26396615118034,0.0,747.6626305720584,0.9,0.0,0.0,5.0326324289136135,10.065264857827227
student_t5,drastic_flip,20261020,UCB-H1,35.26396615118034,0.0,930.0805867030513,0.9,0.0,0.0,10.065264857827227,10.065264857827227
student_t5,drastic_flip,20261020,UCB-H2,34.933624349544594,0.0,930.0805867030513,0.9,0.0,0.0,20.130529715654454,10.065264857827227
student_t5,drastic_flip,20261020,TS-H0.5,35.069692953586234,0.0,862.9663277939007,0.9,0.0,0.0,5.0326324289136135,10.065264857827227
student_t5,drastic_flip,20261020,TS-H1,35.382211838429996,0.0,935.9015107014116,0.9,0.0,0.0,10.065264857827227,10.065264857827227
student_t5,drastic_flip,20261020,TS-H2,33.575650831780045,0.0,911.4775404005472,0.925,0.0,0.0,20.130529715654454,10.065264857827227
student_t5,drastic_flip,20261020,UCB-L5,35.26396615118034,0.0,750.8534922585591,0.9,0.0,0.0,5.0,10.065264857827227
student_t5,drastic_flip,20261020,TS-L5,35.382211838429996,0.0,867.0447267043035,0.9,0.0,0.0,5.0,10.065264857827227
student_t5,drastic_flip,20261020,EG10-H1,68.8649736878446,0.0,865.4338555037561,0.8,0.0,0.0,10.065264857827227,10.065264857827227
student_t5,drastic_flip,20261020,DUCB-H1,33.575650831780045,0.0,622.0768557912595,0.925,0.0,0.0,10.065264857827227,10.065264857827227
student_t5,drastic_flip,20261020,DUCB-H2,33.575650831780045,0.0,671.78180860732,0.925,0.0,0.0,20.130529715654454,10.065264857827227
student_t5,drastic_flip,20261021,UCB,29.589501759501694,0.0,476.1304028587352,0.9,0.0,0.0,0.0,9.609637864472722
student_t5,drastic_flip,20261021,DUCB,29.515879804580127,0.0,322.4200763252933,0.9,0.0,0.0,0.0,9.609637864472722
student_t5,drastic_flip,20261021,TS,29.51532667796448,0.0,613.2387049762792,0.9,0.0,0.0,0.0,9.609637864472722
student_t5,drastic_flip,20261021,EG05,57.70492363080463,0.0,485.57057699491327,0.9,0.0,0.025,0.0,9.609637864472722
student_t5,drastic_flip,20261021,EG10,28.1952548624348,0.0,527.9891626742773,0.925,0.0,0.05,0.0,9.609637864472722
student_t5,drastic_flip,20261021,EG15,91.31041932765541,0.0,480.3841007171767,0.825,0.0,0.075,0.0,9.609637864472722
student_t5,drastic_flip,20261021,UCB-H0.5,29.589501759501694,0.0,705.9865080980692,0.9,0.0,0.0,4.804818932236361,9.609637864472722
student_t5,drastic_flip,20261021,UCB-H1,29.589501759501694,0.0,858.4563303258066,0.9,0.0,0.0,9.609637864472722,9.609637864472722
student_t5,drastic_flip,20261021,UCB-H2,29.589501759501694,0.0,875.5357232401833,0.9,0.0,0.0,19.219275728945444,9.609637864472722
student_t5,drastic_flip,20261021,TS-H0.5,29.515879804580127,0.0,803.4757990618796,0.9,0.0,0.0,4.804818932236361,9.609637864472722
student_t5,drastic_flip,20261021,TS-H1,29.51532667796448,0.0,846.7856210807688,0.9,0.0,0.0,9.609637864472722,9.609637864472722
student_t5,drastic_flip,20261021,TS-H2,29.81475000932859,0.0,877.2779783725421,0.9,0.0,0.0,19.219275728945444,9.609637864472722
student_t5,drastic_flip,20261021,UCB-L5,29.589501759501694,0.0,727.8060666152704,0.9,0.0,0.0,5.0,9.609637864472722
student_t5,drastic_flip,20261021,TS-L5,29.81475000932859,0.0,784.8774374520284,0.9,0.0,0.0,5.0,9.609637864472722
student_t5,drastic_flip,20261021,EG10-H1,80.22981081819151,0.0,831.9481104995758,0.875,0.0,0.075,9.609637864472722,9.609637864472722
student_t5,drastic_flip,20261021,DUCB-H1,29.818926060629696,0.0,596.7071031069581,0.9,0.0,0.0,9.609637864472722,9.609637864472722
student_t5,drastic_flip,20261021,DUCB-H2,29.818926060629696,0.0,641.3483036828229,0.9,0.0,0.0,19.219275728945444,9.609637864472722
student_t5,gradual_die,20261018,UCB,26.15530001766201,0.0,96.40687953221726,0.8571428571428571,1.0,0.0,0.0,4.944423770765298
student_t5,gradual_die,20261018,DUCB,26.15530001766201,0.0,71.37313940425211,0.8571428571428571,1.0,0.13333333333333333,0.0,4.944423770765298
student_t5,gradual_die,20261018,TS,26.15530001766201,0.0,96.40687953221726,0.8571428571428571,1.0,0.0,0.0,4.944423770765298
student_t5,gradual_die,20261018,EG05,26.15530001766201,8.619177397078293,108.44428655516705,0.8571428571428571,0.9310344827586207,0.0,0.0,4.944423770765298
student_t5,gradual_die,20261018,EG10,31.217256270101373,19.980794532792064,89.05437024356601,0.8095238095238095,0.896551724137931,0.06666666666666667,0.0,4.944423770765298
student_t5,gradual_die,20261018,EG15,37.802031215416676,12.920044208325216,112.05388215245648,0.8095238095238095,0.8620689655172413,0.0,0.0,4.944423770765298
student_t5,gradual_die,20261018,UCB-H0.5,26.15530001766201,0.0,96.40687953221726,0.8571428571428571,1.0,0.0,2.472211885382649,4.944423770765298
student_t5,gradual_die,20261018,UCB-H1,26.15530001766201,0.0,96.40687953221726,0.8571428571428571,1.0,0.0,4.944423770765298,4.944423770765298
student_t5,gradual_die,20261018,UCB-H2,26.15530001766201,0.0,96.40687953221726,0.8571428571428571,1.0,0.0,9.888847541530597,4.944423770765298
student_t5,gradual_die,20261018,TS-H0.5,26.15530001766201,0.0,96.40687953221726,0.8571428571428571,1.0,0.0,2.472211885382649,4.944423770765298
student_t5,gradual_die,20261018,TS-H1,26.15530001766201,0.0,96.40687953221726,0.8571428571428571,1.0,0.0,4.944423770765298,4.944423770765298
student_t5,gradual_die,20261018,TS-H2,26.15530001766201,0.0,96.40687953221726,0.8571428571428571,1.0,0.0,9.888847541530597,4.944423770765298
student_t5,gradual_die,20261018,UCB-L5,26.15530001766201,0.0,96.40687953221726,0.8571428571428571,1.0,0.0,5.0,4.944423770765298
student_t5,gradual_die,20261018,TS-L5,26.15530001766201,0.0,96.40687953221726,0.8571428571428571,1.0,0.0,5.0,4.944423770765298
student_t5,gradual_die,20261018,EG10-H1,31.739153743118038,4.449520159172899,103.16915529991718,0.8095238095238095,0.9655172413793104,0.0,4.944423770765298,4.944423770765298
student_t5,gradual_die,20261018,DUCB-H1,26.15530001766201,0.0,53.13097526348872,0.8571428571428571,1.0,0.26666666666666666,4.944423770765298,4.944423770765298
student_t5,gradual_die,20261018,DUCB-H2,26.15530001766201,0.0,53.13097526348872,0.8571428571428571,1.0,0.26666666666666666,9.888847541530597,4.944423770765298
student_t5,gradual_die,20261019,UCB,27.031185777580227,0.0,96.7061587199504,0.8571428571428571,1.0,0.0,0.0,5.184095712153495
student_t5,gradual_die,20261019,DUCB,27.031185777580227,0.0,102.61840425671305,0.8571428571428571,1.0,0.0,0.0,5.184095712153495
student_t5,gradual_die,20261019,TS,27.031185777580227,0.0,96.7061587199504,0.8571428571428571,1.0,0.0,0.0,5.184095712153495
student_t5,gradual_die,20261019,EG05,27.031185777580227,0.0,91.18364505079815,0.8571428571428571,1.0,0.03333333333333333,0.0,5.184095712153495
student_t5,gradual_die,20261019,EG10,38.624565676327485,5.969661762782106,93.46119765253475,0.8095238095238095,0.9310344827586207,0.03333333333333333,0.0,5.184095712153495
student_t5,gradual_die,20261019,EG15,39.516054144607295,26.18757608542454,119.16320644864837,0.7619047619047619,0.8620689655172413,0.0,0.0,5.184095712153495
student_t5,gradual_die,20261019,UCB-H0.5,27.031185777580227,0.0,96.7061587199504,0.8571428571428571,1.0,0.0,2.5920478560767477,5.184095712153495
student_t5,gradual_die,20261019,UCB-H1,27.031185777580227,0.0,96.7061587199504,0.8571428571428571,1.0,0.0,5.184095712153495,5.184095712153495
student_t5,gradual_die,20261019,UCB-H2,27.031185777580227,0.0,96.7061587199504,0.8571428571428571,1.0,0.0,10.36819142430699,5.184095712153495
student_t5,gradual_die,20261019,TS-H0.5,27.031185777580227,0.0,96.7061587199504,0.8571428571428571,1.0,0.0,2.5920478560767477,5.184095712153495
student_t5,gradual_die,20261019,TS-H1,27.031185777580227,0.0,96.7061587199504,0.8571428571428571,1.0,0.0,5.184095712153495,5.184095712153495
student_t5,gradual_die,20261019,TS-H2,27.031185777580227,0.0,96.7061587199504,0.8571428571428571,1.0,0.0,10.36819142430699,5.184095712153495
student_t5,gradual_die,20261019,UCB-L5,27.031185777580227,0.0,96.7061587199504,0.8571428571428571,1.0,0.0,5.0,5.184095712153495
student_t5,gradual_die,20261019,TS-L5,27.031185777580227,0.0,96.7061587199504,0.8571428571428571,1.0,0.0,5.0,5.184095712153495
student_t5,gradual_die,20261019,EG10-H1,38.34941921055104,21.577877638280412,105.84529186344339,0.7619047619047619,0.9310344827586207,0.03333333333333333,5.184095712153495,5.184095712153495
student_t5,gradual_die,20261019,DUCB-H1,27.031185777580227,0.0,79.6171461069526,0.8571428571428571,1.0,0.1,5.184095712153495,5.184095712153495
student_t5,gradual_die,20261019,DUCB-H2,27.031185777580227,0.0,57.42557755543285,0.8571428571428571,1.0,0.23333333333333334,10.36819142430699,5.184095712153495
student_t5,gradual_die,20261020,UCB,26.621828599890037,0.0,96.18415163537284,0.8571428571428571,1.0,0.0,0.0,4.68855794178776
student_t5,gradual_die,20261020,DUCB,26.621828599890037,0.0,52.21589502522143,0.8571428571428571,1.0,0.26666666666666666,0.0,4.68855794178776
student_t5,gradual_die,20261020,TS,26.621828599890037,0.0,96.18415163537284,0.8571428571428571,1.0,0.0,0.0,4.68855794178776
student_t5,gradual_die,20261020,EG05,39.65767536394105,4.113535069037428,96.18415163537284,0.8095238095238095,0.9310344827586207,0.0,0.0,4.68855794178776
student_t5,gradual_die,20261020,EG10,39.370019473614825,20.854755644474977,100.06907755106121,0.7619047619047619,0.896551724137931,0.03333333333333333,0.0,4.68855794178776
student_t5,gradual_die,20261020,EG15,46.982632363865704,1.5963743934043626,97.03326636578213,0.7619047619047619,0.9655172413793104,0.06666666666666667,0.0,4.68855794178776
student_t5,gradual_die,20261020,UCB-H0.5,26.621828599890037,0.0,96.18415163537284,0.8571428571428571,1.0,0.0,2.34427897089388,4.68855794178776
student_t5,gradual_die,20261020,UCB-H1,26.621828599890037,0.0,96.18415163537284,0.8571428571428571,1.0,0.0,4.68855794178776,4.68855794178776
student_t5,gradual_die,20261020,UCB-H2,26.621828599890037,0.0,89.61904457958991,0.8571428571428571,1.0,0.03333333333333333,9.37711588357552,4.68855794178776
student_t5,gradual_die,20261020,TS-H0.5,26.621828599890037,0.0,96.18415163537284,0.8571428571428571,1.0,0.0,2.34427897089388,4.68855794178776
student_t5,gradual_die,20261020,TS-H1,26.621828599890037,0.0,96.18415163537284,0.8571428571428571,1.0,0.0,4.68855794178776,4.68855794178776
student_t5,gradual_die,20261020,TS-H2,26.621828599890037,0.0,96.18415163537284,0.8571428571428571,1.0,0.0,9.37711588357552,4.68855794178776
student_t5,gradual_die,20261020,UCB-L5,26.621828599890037,0.0,96.18415163537284,0.8571428571428571,1.0,0.0,5.0,4.68855794178776
student_t5,gradual_die,20261020,TS-L5,26.621828599890037,0.0,96.18415163537284,0.8571428571428571,1.0,0.0,5.0,4.68855794178776
student_t5,gradual_die,20261020,EG10-H1,52.27693570623005,29.461063408819818,96.18415163537284,0.7142857142857143,0.896551724137931,0.0,4.68855794178776,4.68855794178776
student_t5,gradual_die,20261020,DUCB-H1,26.621828599890037,0.0,42.14456211293216,0.8571428571428571,1.0,0.3333333333333333,4.68855794178776,4.68855794178776
student_t5,gradual_die,20261020,DUCB-H2,26.621828599890037,0.0,34.1728415803186,0.8571428571428571,1.0,0.4,9.37711588357552,4.68855794178776
student_t5,gradual_die,20261021,UCB,25.61658980992116,0.0,97.49307089166274,0.8571428571428571,1.0,0.0,0.0,4.2951463651428385
student_t5,gradual_die,20261021,DUCB,25.61658980992116,0.0,88.6010704788635,0.8571428571428571,1.0,0.06666666666666667,0.0,4.2951463651428385
student_t5,gradual_die,20261021,TS,25.61658980992116,0.0,97.49307089166274,0.8571428571428571,1.0,0.0,0.0,4.2951463651428385
student_t5,gradual_die,20261021,EG05,25.61658980992116,5.213015428331579,97.31212575161379,0.8571428571428571,0.9655172413793104,0.03333333333333333,0.0,4.2951463651428385
student_t5,gradual_die,20261021,EG10,25.61658980992116,0.40918876319762076,93.92214643235219,0.8571428571428571,0.9655172413793104,0.03333333333333333,0.0,4.2951463651428385
student_t5,gradual_die,20261021,EG15,25.61658980992116,19.510896368152363,96.14424865525683,0.8571428571428571,0.8275862068965517,0.06666666666666667,0.0,4.2951463651428385
student_t5,gradual_die,20261021,UCB-H0.5,25.61658980992116,0.0,97.49307089166274,0.8571428571428571,1.0,0.0,2.1475731825714193,4.2951463651428385
student_t5,gradual_die,20261021,UCB-H1,25.61658980992116,0.0,97.49307089166274,0.8571428571428571,1.0,0.0,4.2951463651428385,4.2951463651428385
student_t5,gradual_die,20261021,UCB-H2,25.61658980992116,0.0,97.49307089166274,0.8571428571428571,1.0,0.0,8.590292730285677,4.2951463651428385
student_t5,gradual_die,20261021,TS-H0.5,25.61658980992116,0.0,97.49307089166274,0.8571428571428571,1.0,0.0,2.1475731825714193,4.2951463651428385
student_t5,gradual_die,20261021,TS-H1,25.61658980992116,0.0,97.49307089166274,0.8571428571428571,1.0,0.0,4.2951463651428385,4.2951463651428385
student_t5,gradual_die,20261021,TS-H2,25.61658980992116,0.0,97.49307089166274,0.8571428571428571,1.0,0.0,8.590292730285677,4.2951463651428385
student_t5,gradual_die,20261021,UCB-L5,25.61658980992116,0.0,97.49307089166274,0.8571428571428571,1.0,0.0,5.0,4.2951463651428385
student_t5,gradual_die,20261021,TS-L5,25.61658980992116,0.0,97.49307089166274,0.8571428571428571,1.0,0.0,5.0,4.2951463651428385
student_t5,gradual_die,20261021,EG10-H1,25.61658980992116,14.417434317882288,103.34731339247291,0.8571428571428571,0.8620689655172413,0.06666666666666667,4.2951463651428385,4.2951463651428385
student_t5,gradual_die,20261021,DUCB-H1,25.61658980992116,0.0,61.67672450652279,0.8571428571428571,1.0,0.2,4.2951463651428385,4.2951463651428385
student_t5,gradual_die,20261021,DUCB-H2,25.61658980992116,0.0,51.82563571073695,0.8571428571428571,1.0,0.26666666666666666,8.590292730285677,4.2951463651428385
student_t5,drastic_die,20261018,UCB,26.15530001766201,0.0,232.52995762932554,0.925,0.0,0.1,0.0,4.944423770765298
student_t5,drastic_die,20261018,DUCB,26.15530001766201,0.0,53.82008911733965,0.925,0.0,0.8,0.0,4.944423770765298
student_t5,drastic_die,20261018,TS,26.15530001766201,0.0,258.8703803641573,0.925,0.0,0.0,0.0,4.944423770765298
student_t5,drastic_die,20261018,EG05,38.30136607313507,0.0,265.48781060907913,0.875,0.0,0.0,0.0,4.944423770765298
student_t5,drastic_die,20261018,EG10,56.8095274925647,0.0,241.6308074361565,0.825,0.0,0.075,0.0,4.944423770765298
student_t5,drastic_die,20261018,EG15,49.825438817322,0.0,261.1409195719724,0.85,0.0,0.025,0.0,4.944423770765298
student_t5,drastic_die,20261018,UCB-H0.5,26.15530001766201,0.0,178.96600810551416,0.925,0.0,0.325,2.472211885382649,4.944423770765298
student_t5,drastic_die,20261018,UCB-H1,26.15530001766201,0.0,134.53131966904266,0.925,0.0,0.5,4.944423770765298,4.944423770765298
student_t5,drastic_die,20261018,UCB-H2,26.15530001766201,0.0,72.71922090732313,0.925,0.0,0.725,9.888847541530597,4.944423770765298
student_t5,drastic_die,20261018,TS-H0.5,26.15530001766201,0.0,205.05823128935947,0.925,0.0,0.225,2.472211885382649,4.944423770765298
student_t5,drastic_die,20261018,TS-H1,26.15530001766201,0.0,252.95349740875548,0.925,0.0,0.025,4.944423770765298,4.944423770765298
student_t5,drastic_die,20261018,TS-H2,26.15530001766201,0.0,102.24540726305308,0.925,0.0,0.625,9.888847541530597,4.944423770765298
student_t5,drastic_die,20261018,UCB-L5,26.15530001766201,0.0,134.53131966904266,0.925,0.0,0.5,5.0,4.944423770765298
student_t5,drastic_die,20261018,TS-L5,26.15530001766201,0.0,232.52995762932554,0.925,0.0,0.1,5.0,4.944423770765298
student_t5,drastic_die,20261018,EG10-H1,38.55924362852145,0.0,258.2525498392072,0.875,0.0,0.0,4.944423770765298,4.944423770765298
student_t5,drastic_die,20261018,DUCB-H1,26.15530001766201,0.0,53.82008911733965,0.925,0.0,0.8,4.944423770765298,4.944423770765298
student_t5,drastic_die,20261018,DUCB-H2,26.15530001766201,0.0,53.82008911733965,0.925,0.0,0.8,9.888847541530597,4.944423770765298
student_t5,drastic_die,20261019,UCB,27.031185777580227,0.0,255.5868968462798,0.925,0.0,0.0,0.0,5.184095712153495
student_t5,drastic_die,20261019,DUCB,27.031185777580227,0.0,106.67181047830924,0.925,0.0,0.625,0.0,5.184095712153495
student_t5,drastic_die,20261019,TS,27.031185777580227,0.0,255.5868968462798,0.925,0.0,0.0,0.0,5.184095712153495
student_t5,drastic_die,20261019,EG05,27.031185777580227,0.0,247.5856619817234,0.925,0.0,0.025,0.0,5.184095712153495
student_t5,drastic_die,20261019,EG10,45.19396934115392,0.0,240.84969622938794,0.875,0.0,0.05,0.0,5.184095712153495
student_t5,drastic_die,20261019,EG15,69.28017756591025,0.0,270.7727743788014,0.775,0.0,0.0,0.0,5.184095712153495
student_t5,drastic_die,20261019,UCB-H0.5,27.031185777580227,0.0,255.5868968462798,0.925,0.0,0.0,2.5920478560767477,5.184095712153495
student_t5,drastic_die,20261019,UCB-H1,27.031185777580227,0.0,231.30189343843796,0.925,0.0,0.1,5.184095712153495,5.184095712153495
student_t5,drastic_die,20261019,UCB-H2,27.031185777580227,0.0,133.79245617611429,0.925,0.0,0.475,10.36819142430699,5.184095712153495
student_t5,drastic_die,20261019,TS-H0.5,27.031185777580227,0.0,255.5868968462798,0.925,0.0,0.0,2.5920478560767477,5.184095712153495
student_t5,drastic_die,20261019,TS-H1,27.031185777580227,0.0,255.5868968462798,0.925,0.0,0.0,5.184095712153495,5.184095712153495
student_t5,drastic_die,20261019,TS-H2,27.031185777580227,0.0,237.27183303802508,0.925,0.0,0.075,10.36819142430699,5.184095712153495
student_t5,drastic_die,20261019,UCB-L5,27.031185777580227,0.0,231.30189343843796,0.925,0.0,0.1,5.0,5.184095712153495
student_t5,drastic_die,20261019,TS-L5,27.031185777580227,0.0,255.5868968462798,0.925,0.0,0.0,5.0,5.184095712153495
student_t5,drastic_die,20261019,EG10-H1,51.51550451275772,0.0,226.79299702046202,0.85,0.0,0.125,5.184095712153495,5.184095712153495
student_t5,drastic_die,20261019,DUCB-H1,27.031185777580227,0.0,60.8470571381135,0.925,0.0,0.775,5.184095712153495,5.184095712153495
student_t5,drastic_die,20261019,DUCB-H2,27.031185777580227,0.0,53.96543620538425,0.925,0.0,0.8,10.36819142430699,5.184095712153495
student_t5,drastic_die,20261020,UCB,26.621828599890037,0.0,176.2657618971032,0.925,0.0,0.3,0.0,4.68855794178776
student_t5,drastic_die,20261020,DUCB,26.621828599890037,0.0,44.71539579538629,0.925,0.0,0.825,0.0,4.68855794178776
student_t5,drastic_die,20261020,TS,26.621828599890037,0.0,246.0397153275671,0.925,0.0,0.025,0.0,4.68855794178776
student_t5,drastic_die,20261020,EG05,45.354399168688076,0.0,245.26228248067932,0.875,0.0,0.025,0.0,4.68855794178776
student_t5,drastic_die,20261020,EG10,63.787514298286574,0.0,244.6126856757379,0.8,0.0,0.025,0.0,4.68855794178776
student_t5,drastic_die,20261020,EG15,51.5892624017891,0.0,245.61315325394318,0.85,0.0,0.05,0.0,4.68855794178776
student_t5,drastic_die,20261020,UCB-H0.5,26.621828599890037,0.0,138.84399053328144,0.925,0.0,0.45,2.34427897089388,4.68855794178776
student_t5,drastic_die,20261020,UCB-H1,26.621828599890037,0.0,107.00144002072756,0.925,0.0,0.575,4.68855794178776,4.68855794178776
student_t5,drastic_die,20261020,UCB-H2,26.621828599890037,0.0,64.96388367121433,0.925,0.0,0.75,9.37711588357552,4.68855794178776
student_t5,drastic_die,20261020,TS-H0.5,26.621828599890037,0.0,252.7091367857465,0.925,0.0,0.0,2.34427897089388,4.68855794178776
student_t5,drastic_die,20261020,TS-H1,26.621828599890037,0.0,232.49574381846628,0.925,0.0,0.075,4.68855794178776,4.68855794178776
student_t5,drastic_die,20261020,TS-H2,26.621828599890037,0.0,131.6186273146347,0.925,0.0,0.475,9.37711588357552,4.68855794178776
student_t5,drastic_die,20261020,UCB-L5,26.621828599890037,0.0,100.31628287420033,0.925,0.0,0.6,5.0,4.68855794178776
student_t5,drastic_die,20261020,TS-L5,26.621828599890037,0.0,252.7091367857465,0.925,0.0,0.0,5.0,4.68855794178776
student_t5,drastic_die,20261020,EG10-H1,80.72914011860784,0.0,251.86870631153275,0.8,0.0,0.0,4.68855794178776,4.68855794178776
student_t5,drastic_die,20261020,DUCB-H1,26.621828599890037,0.0,52.110400681392875,0.925,0.0,0.8,4.68855794178776,4.68855794178776
student_t5,drastic_die,20261020,DUCB-H2,26.621828599890037,0.0,52.110400681392875,0.925,0.0,0.8,9.37711588357552,4.68855794178776
student_t5,drastic_die,20261021,UCB,25.61658980992116,0.0,257.83558792126934,0.925,0.0,0.0,0.0,4.2951463651428385
student_t5,drastic_die,20261021,DUCB,25.61658980992116,0.0,74.85491496836009,0.925,0.0,0.725,0.0,4.2951463651428385
student_t5,drastic_die,20261021,TS,25.61658980992116,0.0,252.74384124796904,0.925,0.0,0.0,0.0,4.2951463651428385
student_t5,drastic_die,20261021,EG05,31.429153469059163,0.0,249.70189378980731,0.9,0.0,0.025,0.0,4.2951463651428385
student_t5,drastic_die,20261021,EG10,25.61658980992116,0.0,165.89762816504185,0.925,0.0,0.35,0.0,4.2951463651428385
student_t5,drastic_die,20261021,EG15,49.396247078347216,0.0,206.6994382832592,0.825,0.0,0.175,0.0,4.2951463651428385
student_t5,drastic_die,20261021,UCB-H0.5,25.61658980992116,0.0,227.14890323276128,0.925,0.0,0.1,2.1475731825714193,4.2951463651428385
student_t5,drastic_die,20261021,UCB-H1,25.61658980992116,0.0,182.5945513956274,0.925,0.0,0.275,4.2951463651428385,4.2951463651428385
student_t5,drastic_die,20261021,UCB-H2,25.61658980992116,0.0,112.76543075627603,0.925,0.0,0.55,8.590292730285677,4.2951463651428385
student_t5,drastic_die,20261021,TS-H0.5,25.61658980992116,0.0,252.74384124796904,0.925,0.0,0.0,2.1475731825714193,4.2951463651428385
student_t5,drastic_die,20261021,TS-H1,25.61658980992116,0.0,252.74384124796904,0.925,0.0,0.0,4.2951463651428385,4.2951463651428385
student_t5,drastic_die,20261021,TS-H2,25.61658980992116,0.0,252.74384124796904,0.925,0.0,0.0,8.590292730285677,4.2951463651428385
student_t5,drastic_die,20261021,UCB-L5,25.61658980992116,0.0,172.1757043916942,0.925,0.0,0.325,5.0,4.2951463651428385
student_t5,drastic_die,20261021,TS-L5,25.61658980992116,0.0,165.94002756052623,0.925,0.0,0.35,5.0,4.2951463651428385
student_t5,drastic_die,20261021,EG10-H1,38.30564587733221,0.0,164.43516003448346,0.875,0.0,0.4,4.2951463651428385,4.2951463651428385
student_t5,drastic_die,20261021,DUCB-H1,25.61658980992116,0.0,49.32478032065527,0.925,0.0,0.8,4.2951463651428385,4.2951463651428385
student_t5,drastic_die,20261021,DUCB-H2,25.61658980992116,0.0,49.32478032065527,0.925,0.0,0.8,8.590292730285677,4.2951463651428385
student_t5,gradual_nonlin,20261018,UCB,23.33055827988959,3.4739238268643144,25.779555546448712,0.7619047619047619,0.9310344827586207,0.0,0.0,5.032280479875791
student_t5,gradual_nonlin,20261018,DUCB,23.178241820330026,0.5457570202663462,1.098536720755162,0.7619047619047619,0.8620689655172413,0.8666666666666667,0.0,5.032280479875791
student_t5,gradual_nonlin,20261018,TS,22.175938414285266,0.008849203242467962,25.779555546448712,0.8095238095238095,0.9655172413793104,0.0,0.0,5.032280479875791
student_t5,gradual_nonlin,20261018,EG05,21.30370818209675,6.482247973603246,45.416024376563335,0.8571428571428571,0.896551724137931,0.0,0.0,5.032280479875791
student_t5,gradual_nonlin,20261018,EG10,22.530534600169066,18.87770356349985,23.100961645998847,0.8095238095238095,0.8620689655172413,0.06666666666666667,0.0,5.032280479875791
student_t5,gradual_nonlin,20261018,EG15,34.687254675402016,6.700259552542454,64.81795805087691,0.8095238095238095,0.8275862068965517,0.0,0.0,5.032280479875791
student_t5,gradual_nonlin,20261018,UCB-H0.5,22.618956660034435,1.8731806944101175,1.8148949774408965,0.8095238095238095,0.9310344827586207,0.8,2.5161402399378954,5.032280479875791
student_t5,gradual_nonlin,20261018,UCB-H1,22.618956660034435,1.5388121629580025,0.7766889380171598,0.8095238095238095,0.8275862068965517,0.9,5.032280479875791,5.032280479875791
student_t5,gradual_nonlin,20261018,UCB-H2,22.618956660034435,1.0565629175463984,1.152526765773615,0.8095238095238095,0.896551724137931,0.8666666666666667,10.064560959751581,5.032280479875791
student_t5,gradual_nonlin,20261018,TS-H0.5,22.5310051003168,0.008849203242467962,25.779555546448712,0.8095238095238095,0.9655172413793104,0.0,2.5161402399378954,5.032280479875791
student_t5,gradual_nonlin,20261018,TS-H1,23.26030668770384,0.008849203242467962,15.174724942661634,0.8095238095238095,0.9655172413793104,0.3,5.032280479875791,5.032280479875791
student_t5,gradual_nonlin,20261018,TS-H2,22.5310051003168,0.008849203242467962,6.471117574603112,0.8095238095238095,0.9655172413793104,0.5333333333333333,10.064560959751581,5.032280479875791
student_t5,gradual_nonlin,20261018,UCB-L5,22.618956660034435,1.5388121629580025,0.7766889380171598,0.8095238095238095,0.8275862068965517,0.9,5.0,5.032280479875791
student_t5,gradual_nonlin,20261018,TS-L5,22.383433900121627,0.008849203242467962,19.51898411489003,0.8095238095238095,0.9655172413793104,0.2,5.0,5.032280479875791
student_t5,gradual_nonlin,20261018,EG10-H1,26.88756190755278,1.0500622393281676,47.775873904068526,0.8095238095238095,0.9310344827586207,0.0,5.032280479875791,5.032280479875791
student_t5,gradual_nonlin,20261018,DUCB-H1,22.383433900121627,0.5408423283888635,0.872356482301796,0.8095238095238095,0.9310344827586207,0.8666666666666667,5.032280479875791,5.032280479875791
student_t5,gradual_nonlin,20261018,DUCB-H2,22.383433900121627,0.2744085369708014,0.7766889380171598,0.8095238095238095,0.9655172413793104,0.9,10.064560959751581,5.032280479875791
student_t5,gradual_nonlin,20261019,UCB,22.38009114686414,1.1257840739516536,2.673179043741942,0.7619047619047619,0.8620689655172413,0.7,0.0,5.602443850945326
student_t5,gradual_nonlin,20261019,DUCB,21.259456253209294,1.208656757304964,0.7832376424660673,0.8095238095238095,0.8620689655172413,0.8,0.0,5.602443850945326
student_t5,gradual_nonlin,20261019,TS,21.244910747291982,0.46406410678846555,21.791654749344524,0.8095238095238095,0.9655172413793104,0.03333333333333333,0.0,5.602443850945326
student_t5,gradual_nonlin,20261019,EG05,19.890555574266667,0.0,12.35989062713561,0.8571428571428571,1.0,0.16666666666666666,0.0,5.602443850945326
student_t5,gradual_nonlin,20261019,EG10,34.29045010112458,1.4103472695692947,21.712892733435034,0.8095238095238095,0.9310344827586207,0.03333333333333333,0.0,5.602443850945326
student_t5,gradual_nonlin,20261019,EG15,32.37542394129374,19.4892392031092,64.08099818307976,0.7619047619047619,0.8620689655172413,0.0,0.0,5.602443850945326
student_t5,gradual_nonlin,20261019,UCB-H0.5,22.38009114686414,0.860975284482306,0.3486502776809178,0.7619047619047619,0.8275862068965517,0.8333333333333334,2.801221925472663,5.602443850945326
student_t5,gradual_nonlin,20261019,UCB-H1,22.38009114686414,0.6540658089144744,0.042388679466635715,0.7619047619047619,0.8620689655172413,0.9333333333333333,5.602443850945326,5.602443850945326
student_t5,gradual_nonlin,20261019,UCB-H2,22.38009114686414,0.1919796530551791,0.0,0.7619047619047619,0.896551724137931,1.0,11.204887701890652,5.602443850945326
student_t5,gradual_nonlin,20261019,TS-H0.5,20.511608495734563,0.0,19.291090501644334,0.8095238095238095,1.0,0.03333333333333333,2.801221925472663,5.602443850945326
student_t5,gradual_nonlin,20261019,TS-H1,25.034596287139784,0.14231193816580856,17.435816404619853,0.7619047619047619,0.9655172413793104,0.2,5.602443850945326,5.602443850945326
student_t5,gradual_nonlin,20261019,TS-H2,19.890555574266667,0.46406410678846555,5.444242152678253,0.8571428571428571,0.9655172413793104,0.5,11.204887701890652,5.602443850945326
student_t5,gradual_nonlin,20261019,UCB-L5,22.38009114686414,0.7963777470802829,0.406635077397786,0.7619047619047619,0.8275862068965517,0.8666666666666667,5.0,5.602443850945326
student_t5,gradual_nonlin,20261019,TS-L5,20.437062066208135,0.0,13.787909334897162,0.8095238095238095,1.0,0.13333333333333333,5.0,5.602443850945326
student_t5,gradual_nonlin,20261019,EG10-H1,27.770780154543118,22.74675046586254,57.662307035205664,0.7619047619047619,0.9310344827586207,0.03333333333333333,5.602443850945326,5.602443850945326
student_t5,gradual_nonlin,20261019,DUCB-H1,21.259456253209294,0.6911811648436315,0.13574065337583402,0.8095238095238095,0.896551724137931,0.9333333333333333,5.602443850945326,5.602443850945326
student_t5,gradual_nonlin,20261019,DUCB-H2,21.259456253209294,0.30749154309993876,0.0,0.8095238095238095,0.8620689655172413,1.0,11.204887701890652,5.602443850945326
student_t5,gradual_nonlin,20261020,UCB,23.156208737278362,2.151936135719533,3.7508070972756027,0.7619047619047619,0.9655172413793104,0.6333333333333333,0.0,4.807138878107525
student_t5,gradual_nonlin,20261020,DUCB,22.900230829583982,1.2664162943085804,1.415931424733445,0.7619047619047619,0.9655172413793104,0.8,0.0,4.807138878107525
student_t5,gradual_nonlin,20261020,TS,22.255879828372915,0.0,26.271025586945143,0.8095238095238095,1.0,0.06666666666666667,0.0,4.807138878107525
student_t5,gradual_nonlin,20261020,EG05,34.78825005080024,0.8257944421109938,27.06188216878754,0.8095238095238095,0.9310344827586207,0.03333333333333333,0.0,4.807138878107525
student_t5,gradual_nonlin,20261020,EG10,34.43004094914439,19.87292633697768,46.86286488266697,0.7619047619047619,0.896551724137931,0.06666666666666667,0.0,4.807138878107525
student_t5,gradual_nonlin,20261020,EG15,33.32933963813722,0.29291591491433305,32.73037591640682,0.7619047619047619,0.9655172413793104,0.1,0.0,4.807138878107525
student_t5,gradual_nonlin,20261020,UCB-H0.5,23.156208737278362,1.434817178827807,2.309329123908122,0.7619047619047619,0.8275862068965517,0.8333333333333334,2.4035694390537623,4.807138878107525
student_t5,gradual_nonlin,20261020,UCB-H1,23.156208737278362,1.403910041692907,1.116268478268448,0.7619047619047619,0.896551724137931,0.8,4.807138878107525,4.807138878107525
student_t5,gradual_nonlin,20261020,UCB-H2,23.156208737278362,0.5005836272974522,0.06699383667486758,0.7619047619047619,0.896551724137931,0.9666666666666667,9.61427775621505,4.807138878107525
student_t5,gradual_nonlin,20261020,TS-H0.5,22.495623552243934,0.0,27.06188216878754,0.8095238095238095,1.0,0.03333333333333333,2.4035694390537623,4.807138878107525
student_t5,gradual_nonlin,20261020,TS-H1,21.681850075419607,0.37430329346075436,11.983303674230868,0.8571428571428571,0.9655172413793104,0.3,4.807138878107525,4.807138878107525
student_t5,gradual_nonlin,20261020,TS-H2,23.88555870880908,0.0,17.701004161568747,0.8095238095238095,1.0,0.16666666666666666,9.61427775621505,4.807138878107525
student_t5,gradual_nonlin,20261020,UCB-L5,23.156208737278362,1.403910041692907,1.116268478268448,0.7619047619047619,0.896551724137931,0.8,5.0,4.807138878107525
student_t5,gradual_nonlin,20261020,TS-L5,22.255879828372915,0.0,15.22926897021323,0.8095238095238095,1.0,0.26666666666666666,5.0,4.807138878107525
student_t5,gradual_nonlin,20261020,EG10-H1,39.69710420437084,39.38492506947682,27.06188216878754,0.7142857142857143,0.896551724137931,0.03333333333333333,4.807138878107525,4.807138878107525
student_t5,gradual_nonlin,20261020,DUCB-H1,22.255879828372915,1.048786144066349,0.11716799102073727,0.8095238095238095,0.7931034482758621,0.9666666666666667,4.807138878107525,4.807138878107525
student_t5,gradual_nonlin,20261020,DUCB-H2,22.255879828372915,0.4161508971437757,0.06699383667486758,0.8095238095238095,0.896551724137931,0.9666666666666667,9.61427775621505,4.807138878107525
student_t5,gradual_nonlin,20261021,UCB,22.267960530969333,0.19510676946834804,20.375703809580724,0.8571428571428571,0.9310344827586207,0.03333333333333333,0.0,4.687502737711477
student_t5,gradual_nonlin,20261021,DUCB,22.267960530969333,0.19510676946834804,20.375703809580724,0.8571428571428571,0.9310344827586207,0.03333333333333333,0.0,4.687502737711477
student_t5,gradual_nonlin,20261021,TS,22.267960530969333,0.19510676946834804,20.375703809580724,0.8571428571428571,0.9310344827586207,0.03333333333333333,0.0,4.687502737711477
student_t5,gradual_nonlin,20261021,EG05,22.267960530969333,1.0415016430991697,25.99728789511036,0.8571428571428571,0.896551724137931,0.06666666666666667,0.0,4.687502737711477
student_t5,gradual_nonlin,20261021,EG10,22.267960530969333,0.3620883400298817,19.43640223843442,0.8571428571428571,0.896551724137931,0.06666666666666667,0.0,4.687502737711477
student_t5,gradual_nonlin,20261021,EG15,22.267960530969333,13.256499503372556,43.57696708454095,0.8571428571428571,0.7586206896551724,0.1,0.0,4.687502737711477
student_t5,gradual_nonlin,20261021,UCB-H0.5,22.267960530969333,0.19510676946834804,20.375703809580724,0.8571428571428571,0.9310344827586207,0.03333333333333333,2.3437513688557385,4.687502737711477
student_t5,gradual_nonlin,20261021,UCB-H1,22.267960530969333,0.19510676946834804,20.375703809580724,0.8571428571428571,0.9310344827586207,0.03333333333333333,4.687502737711477,4.687502737711477
student_t5,gradual_nonlin,20261021,UCB-H2,22.267960530969333,0.19510676946834804,20.375703809580724,0.8571428571428571,0.9310344827586207,0.03333333333333333,9.375005475422954,4.687502737711477
student_t5,gradual_nonlin,20261021,TS-H0.5,22.267960530969333,0.19510676946834804,20.375703809580724,0.8571428571428571,0.9310344827586207,0.03333333333333333,2.3437513688557385,4.687502737711477
student_t5,gradual_nonlin,20261021,TS-H1,22.267960530969333,0.19510676946834804,20.375703809580724,0.8571428571428571,0.9310344827586207,0.03333333333333333,4.687502737711477,4.687502737711477
student_t5,gradual_nonlin,20261021,TS-H2,22.267960530969333,0.19510676946834804,20.375703809580724,0.8571428571428571,0.9310344827586207,0.03333333333333333,9.375005475422954,4.687502737711477
student_t5,gradual_nonlin,20261021,UCB-L5,22.267960530969333,0.19510676946834804,20.375703809580724,0.8571428571428571,0.9310344827586207,0.03333333333333333,5.0,4.687502737711477
student_t5,gradual_nonlin,20261021,TS-L5,22.267960530969333,0.19510676946834804,20.375703809580724,0.8571428571428571,0.9310344827586207,0.03333333333333333,5.0,4.687502737711477
student_t5,gradual_nonlin,20261021,EG10-H1,22.267960530969333,11.664347035961704,30.46321821622362,0.8571428571428571,0.896551724137931,0.1,4.687502737711477,4.687502737711477
student_t5,gradual_nonlin,20261021,DUCB-H1,22.267960530969333,0.19510676946834804,20.375703809580724,0.8571428571428571,0.9310344827586207,0.03333333333333333,4.687502737711477,4.687502737711477
student_t5,gradual_nonlin,20261021,DUCB-H2,22.267960530969333,0.19510676946834804,20.375703809580724,0.8571428571428571,0.9310344827586207,0.03333333333333333,9.375005475422954,4.687502737711477
student_t5,drastic_nonlin,20261018,UCB,28.07373959198294,0.0,53.838544474892075,0.85,0.0,0.175,0.0,5.032280479875791
student_t5,drastic_nonlin,20261018,DUCB,23.178241820330026,0.0,1.2649329225021562,0.875,0.0,0.975,0.0,5.032280479875791
student_t5,drastic_nonlin,20261018,TS,22.175938414285266,0.0,53.838544474892075,0.9,0.0,0.175,0.0,5.032280479875791
student_t5,drastic_nonlin,20261018,EG05,28.554874428788416,0.0,80.18465170301157,0.875,0.0,0.0,0.0,5.032280479875791
student_t5,drastic_nonlin,20261018,EG10,41.80771879720293,0.0,41.54427841748433,0.825,0.0,0.275,0.0,5.032280479875791
student_t5,drastic_nonlin,20261018,EG15,36.64263280200391,0.0,95.04964433339615,0.85,0.0,0.2,0.0,5.032280479875791
student_t5,drastic_nonlin,20261018,UCB-H0.5,24.62257202157637,0.0,9.801613423385824,0.875,0.0,0.8,2.5161402399378954,5.032280479875791
student_t5,drastic_nonlin,20261018,UCB-H1,22.618956660034435,0.0,0.9187473322067974,0.9,0.0,0.975,5.032280479875791,5.032280479875791
student_t5,drastic_nonlin,20261018,UCB-H2,22.618956660034435,0.0,7.667359824516547,0.9,0.0,0.85,10.064560959751581,5.032280479875791
student_t5,drastic_nonlin,20261018,TS-H0.5,22.5310051003168,0.0,36.96505270062823,0.9,0.0,0.375,2.5161402399378954,5.032280479875791
student_t5,drastic_nonlin,20261018,TS-H1,23.26030668770384,0.0,23.11181872577667,0.9,0.0,0.6,5.032280479875791,5.032280479875791
student_t5,drastic_nonlin,20261018,TS-H2,22.5310051003168,0.0,19.565439713512024,0.9,0.0,0.625,10.064560959751581,5.032280479875791
student_t5,drastic_nonlin,20261018,UCB-L5,22.618956660034435,0.0,0.9187473322067974,0.9,0.0,0.975,5.0,5.032280479875791
student_t5,drastic_nonlin,20261018,TS-L5,22.383433900121627,0.0,23.643120565488694,0.9,0.0,0.575,5.0,5.032280479875791
student_t5,drastic_nonlin,20261018,EG10-H1,28.512589295823837,0.0,72.05338359419562,0.875,0.0,0.175,5.032280479875791,5.032280479875791
student_t5,drastic_nonlin,20261018,DUCB-H1,22.383433900121627,0.0,2.1836802547089533,0.9,0.0,0.95,5.032280479875791,5.032280479875791
student_t5,drastic_nonlin,20261018,DUCB-H2,22.383433900121627,0.0,5.428460984254878,0.9,0.0,0.9,10.064560959751581,5.032280479875791
student_t5,drastic_nonlin,20261019,UCB,23.55002354129248,0.0,4.58388331469628,0.85,0.0,0.875,0.0,5.602443850945326
student_t5,drastic_nonlin,20261019,DUCB,21.85997581306493,0.0,0.509549380098324,0.875,0.0,0.975,0.0,5.602443850945326
student_t5,drastic_nonlin,20261019,TS,22.068968499828948,0.0,32.80440510635611,0.875,0.0,0.325,0.0,5.602443850945326
student_t5,drastic_nonlin,20261019,EG05,19.890555574266667,0.0,31.439540198249432,0.925,0.0,0.375,0.0,5.602443850945326
student_t5,drastic_nonlin,20261019,EG10,36.05699004641755,0.0,39.741867630832935,0.875,0.0,0.25,0.0,5.602443850945326
student_t5,drastic_nonlin,20261019,EG15,52.13798883837951,0.0,94.62921962662732,0.775,0.0,0.0,0.0,5.602443850945326
student_t5,drastic_nonlin,20261019,UCB-H0.5,22.38009114686414,0.0,0.8666065652603494,0.875,0.0,0.975,2.801221925472663,5.602443850945326
student_t5,drastic_nonlin,20261019,UCB-H1,22.38009114686414,0.0,3.149497106995094,0.875,0.0,0.9,5.602443850945326,5.602443850945326
student_t5,drastic_nonlin,20261019,UCB-H2,22.38009114686414,0.0,8.343334777802752,0.875,0.0,0.8,11.204887701890652,5.602443850945326
student_t5,drastic_nonlin,20261019,TS-H0.5,20.511608495734563,0.0,16.301998271458338,0.9,0.0,0.675,2.801221925472663,5.602443850945326
student_t5,drastic_nonlin,20261019,TS-H1,25.034596287139784,0.0,18.6513220549225,0.875,0.0,0.575,5.602443850945326,5.602443850945326
student_t5,drastic_nonlin,20261019,TS-H2,21.108147491370136,0.0,9.875802705823752,0.9,0.0,0.75,11.204887701890652,5.602443850945326
student_t5,drastic_nonlin,20261019,UCB-L5,22.38009114686414,0.0,2.494711136631538,0.875,0.0,0.925,5.0,5.602443850945326
student_t5,drastic_nonlin,20261019,TS-L5,20.437062066208135,0.0,12.275449077228062,0.9,0.0,0.775,5.0,5.602443850945326
student_t5,drastic_nonlin,20261019,EG10-H1,38.71791889171668,0.0,91.23149921079481,0.85,0.0,0.125,5.602443850945326,5.602443850945326
student_t5,drastic_nonlin,20261019,DUCB-H1,21.259456253209294,0.0,1.7234055860531448,0.9,0.0,0.95,5.602443850945326,5.602443850945326
student_t5,drastic_nonlin,20261019,DUCB-H2,21.259456253209294,0.0,4.58388331469628,0.9,0.0,0.875,11.204887701890652,5.602443850945326
student_t5,drastic_nonlin,20261020,UCB,25.76217535636731,0.0,15.879556555306483,0.85,0.0,0.75,0.0,4.807138878107525
student_t5,drastic_nonlin,20261020,DUCB,22.900230829583982,0.0,1.1880772653703653,0.875,0.0,0.975,0.0,4.807138878107525
student_t5,drastic_nonlin,20261020,TS,22.255879828372915,0.0,48.36686095732247,0.9,0.0,0.2,0.0,4.807138878107525
student_t5,drastic_nonlin,20261020,EG05,35.812690803423095,0.0,50.044949761389724,0.875,0.0,0.15,0.0,4.807138878107525
student_t5,drastic_nonlin,20261020,EG10,54.592214980821566,0.0,63.75241140595171,0.8,0.0,0.225,0.0,4.807138878107525
student_t5,drastic_nonlin,20261020,EG15,33.95562797076328,0.0,43.38181708382875,0.85,0.0,0.4,0.0,4.807138878107525
student_t5,drastic_nonlin,20261020,UCB-H0.5,23.624803201077984,0.0,2.7216418407451934,0.85,0.0,0.95,2.4035694390537623,4.807138878107525
student_t5,drastic_nonlin,20261020,UCB-H1,23.156208737278362,0.0,3.7752024672822566,0.875,0.0,0.925,4.807138878107525,4.807138878107525
student_t5,drastic_nonlin,20261020,UCB-H2,23.156208737278362,0.0,13.217584758263545,0.875,0.0,0.8,9.61427775621505,4.807138878107525
student_t5,drastic_nonlin,20261020,TS-H0.5,22.495623552243934,0.0,23.537403352350534,0.9,0.0,0.6,2.4035694390537623,4.807138878107525
student_t5,drastic_nonlin,20261020,TS-H1,22.573496822499,0.0,15.879556555306483,0.9,0.0,0.75,4.807138878107525,4.807138878107525
student_t5,drastic_nonlin,20261020,TS-H2,23.88555870880908,0.0,15.879556555306483,0.9,0.0,0.75,9.61427775621505,4.807138878107525
student_t5,drastic_nonlin,20261020,UCB-L5,23.156208737278362,0.0,3.0024520704459112,0.875,0.0,0.925,5.0,4.807138878107525
student_t5,drastic_nonlin,20261020,TS-L5,22.255879828372915,0.0,13.217584758263545,0.9,0.0,0.8,5.0,4.807138878107525
student_t5,drastic_nonlin,20261020,EG10-H1,65.59469512000635,0.0,38.329793573777295,0.8,0.0,0.675,4.807138878107525,4.807138878107525
student_t5,drastic_nonlin,20261020,DUCB-H1,22.255879828372915,0.0,2.7216418407451934,0.9,0.0,0.95,4.807138878107525,4.807138878107525
student_t5,drastic_nonlin,20261020,DUCB-H2,22.255879828372915,0.0,6.157992133096132,0.9,0.0,0.875,9.61427775621505,4.807138878107525
student_t5,drastic_nonlin,20261021,UCB,22.267960530969333,0.0,52.66359862738835,0.925,0.0,0.0,0.0,4.687502737711477
student_t5,drastic_nonlin,20261021,DUCB,22.267960530969333,0.0,52.66359862738835,0.925,0.0,0.0,0.0,4.687502737711477
student_t5,drastic_nonlin,20261021,TS,22.267960530969333,0.0,34.8180245469501,0.925,0.0,0.3,0.0,4.687502737711477
student_t5,drastic_nonlin,20261021,EG05,23.193972997585057,0.0,58.06410964469376,0.9,0.0,0.025,0.0,4.687502737711477
student_t5,drastic_nonlin,20261021,EG10,22.267960530969333,0.0,50.49602832191635,0.925,0.0,0.05,0.0,4.687502737711477
student_t5,drastic_nonlin,20261021,EG15,35.98442141941491,0.0,73.51131344649721,0.825,0.0,0.075,0.0,4.687502737711477
student_t5,drastic_nonlin,20261021,UCB-H0.5,22.267960530969333,0.0,52.66359862738835,0.925,0.0,0.0,2.3437513688557385,4.687502737711477
student_t5,drastic_nonlin,20261021,UCB-H1,22.267960530969333,0.0,37.23736690733134,0.925,0.0,0.325,4.687502737711477,4.687502737711477
student_t5,drastic_nonlin,20261021,UCB-H2,22.267960530969333,0.0,19.62639138658213,0.925,0.0,0.575,9.375005475422954,4.687502737711477
student_t5,drastic_nonlin,20261021,TS-H0.5,22.267960530969333,0.0,52.66359862738835,0.925,0.0,0.0,2.3437513688557385,4.687502737711477
student_t5,drastic_nonlin,20261021,TS-H1,22.267960530969333,0.0,52.66359862738835,0.925,0.0,0.0,4.687502737711477,4.687502737711477
student_t5,drastic_nonlin,20261021,TS-H2,22.267960530969333,0.0,52.66359862738835,0.925,0.0,0.0,9.375005475422954,4.687502737711477
student_t5,drastic_nonlin,20261021,UCB-L5,22.267960530969333,0.0,35.66942757741066,0.925,0.0,0.35,5.0,4.687502737711477
student_t5,drastic_nonlin,20261021,TS-L5,22.267960530969333,0.0,52.66359862738835,0.925,0.0,0.0,5.0,4.687502737711477
student_t5,drastic_nonlin,20261021,EG10-H1,24.240222619764857,0.0,51.86035849882568,0.875,0.0,0.4,4.687502737711477,4.687502737711477
student_t5,drastic_nonlin,20261021,DUCB-H1,22.267960530969333,0.0,26.687384231671963,0.925,0.0,0.5,4.687502737711477,4.687502737711477
student_t5,drastic_nonlin,20261021,DUCB-H2,22.267960530969333,0.0,19.62639138658213,0.925,0.0,0.575,9.375005475422954,4.687502737711477
student_t5,gradual_noise,20261018,UCB,21.505299581855855,2.9054332224860957,1.1973816246517068,0.8571428571428571,0.9310344827586207,0.9666666666666667,0.0,4.867809401681277
student_t5,gradual_noise,20261018,DUCB,21.505299581855855,3.2059071498876115,4.569724126871415,0.8571428571428571,0.9310344827586207,0.9,0.0,4.867809401681277
student_t5,gradual_noise,20261018,TS,21.505299581855855,0.0,1.4115805080765411,0.8571428571428571,1.0,0.9666666666666667,0.0,4.867809401681277
student_t5,gradual_noise,20261018,EG05,21.505299581855855,7.727864201021523,15.233917756997721,0.8571428571428571,0.9310344827586207,0.9333333333333333,0.0,4.867809401681277
student_t5,gradual_noise,20261018,EG10,27.152756310215818,19.71576406521078,12.2757870811657,0.8095238095238095,0.896551724137931,0.9333333333333333,0.0,4.867809401681277
student_t5,gradual_noise,20261018,EG15,34.86835882461874,19.27934080363939,35.68893963566241,0.8095238095238095,0.8620689655172413,0.8666666666666667,0.0,4.867809401681277
student_t5,gradual_noise,20261018,UCB-H0.5,21.505299581855855,2.9054332224860957,1.4079250450819414,0.8571428571428571,0.9310344827586207,0.9666666666666667,2.4339047008406385,4.867809401681277
student_t5,gradual_noise,20261018,UCB-H1,21.505299581855855,2.9054332224860957,1.4079250450819414,0.8571428571428571,0.9310344827586207,0.9666666666666667,4.867809401681277,4.867809401681277
student_t5,gradual_noise,20261018,UCB-H2,21.505299581855855,3.0804057234338496,1.1973816246517068,0.8571428571428571,0.9310344827586207,0.9666666666666667,9.735618803362554,4.867809401681277
student_t5,gradual_noise,20261018,TS-H0.5,21.505299581855855,1.2335152969037382,0.0,0.8571428571428571,0.9655172413793104,1.0,2.4339047008406385,4.867809401681277
student_t5,gradual_noise,20261018,TS-H1,23.16524869789887,0.0,0.0,0.8095238095238095,1.0,1.0,4.867809401681277,4.867809401681277
student_t5,gradual_noise,20261018,TS-H2,21.505299581855855,1.6710440423023332,0.0,0.8571428571428571,0.9655172413793104,1.0,9.735618803362554,4.867809401681277
student_t5,gradual_noise,20261018,UCB-L5,21.505299581855855,2.9054332224860957,1.4079250450819414,0.8571428571428571,0.9310344827586207,0.9666666666666667,5.0,4.867809401681277
student_t5,gradual_noise,20261018,TS-L5,22.948508474448605,0.0,0.0,0.8095238095238095,1.0,1.0,5.0,4.867809401681277
student_t5,gradual_noise,20261018,EG10-H1,22.91075506505737,7.5031589729586186,23.81110481830642,0.8095238095238095,0.9655172413793104,0.9333333333333333,4.867809401681277,4.867809401681277
student_t5,gradual_noise,20261018,DUCB-H1,21.505299581855855,1.5392361858070183,6.828961662546979,0.8571428571428571,0.9655172413793104,0.8666666666666667,4.867809401681277,4.867809401681277
student_t5,gradual_noise,20261018,DUCB-H2,21.505299581855855,1.5392361858070183,6.297661253187785,0.8571428571428571,0.9655172413793104,0.8666666666666667,9.735618803362554,4.867809401681277
student_t5,gradual_noise,20261019,UCB,23.411651593870378,1.1827955429709418,4.2605567784253,0.8095238095238095,0.9655172413793104,0.9,0.0,5.41594787537996
student_t5,gradual_noise,20261019,DUCB,23.06864352550949,1.6851467993552132,6.200795318181809,0.8095238095238095,0.9655172413793104,0.8666666666666667,0.0,5.41594787537996
student_t5,gradual_noise,20261019,TS,23.33877245509785,0.0,0.0,0.8095238095238095,1.0,1.0,0.0,5.41594787537996
student_t5,gradual_noise,20261019,EG05,21.895836155118637,0.0,5.109114326305839,0.8571428571428571,1.0,0.9666666666666667,0.0,5.41594787537996
student_t5,gradual_noise,20261019,EG10,36.243923983003924,13.935850322041608,5.869035109005392,0.8095238095238095,0.9310344827586207,0.9666666666666667,0.0,5.41594787537996
student_t5,gradual_noise,20261019,EG15,25.025313506182123,25.43815497005634,30.498756655489032,0.7619047619047619,0.8620689655172413,0.8666666666666667,0.0,5.41594787537996
student_t5,gradual_noise,20261019,UCB-H0.5,23.411651593870378,1.1827955429709418,3.473317565583717,0.8095238095238095,0.9655172413793104,0.9333333333333333,2.70797393768998,5.41594787537996
student_t5,gradual_noise,20261019,UCB-H1,23.411651593870378,1.1827955429709418,3.473317565583717,0.8095238095238095,0.9655172413793104,0.9333333333333333,5.41594787537996,5.41594787537996
student_t5,gradual_noise,20261019,UCB-H2,23.411651593870378,1.6851467993552132,1.8349547156339314,0.8095238095238095,0.9655172413793104,0.9666666666666667,10.83189575075992,5.41594787537996
student_t5,gradual_noise,20261019,TS-H0.5,23.696108659685535,0.0,0.0,0.8095238095238095,1.0,1.0,2.70797393768998,5.41594787537996
student_t5,gradual_noise,20261019,TS-H1,23.06864352550949,0.0,0.0,0.8095238095238095,1.0,1.0,5.41594787537996,5.41594787537996
student_t5,gradual_noise,20261019,TS-H2,23.528031426507575,0.0,0.0,0.8095238095238095,1.0,1.0,10.83189575075992,5.41594787537996
student_t5,gradual_noise,20261019,UCB-L5,23.411651593870378,1.1827955429709418,3.473317565583717,0.8095238095238095,0.9655172413793104,0.9333333333333333,5.0,5.41594787537996
student_t5,gradual_noise,20261019,TS-L5,21.895836155118637,1.435225162444556,0.0,0.8571428571428571,0.9655172413793104,1.0,5.0,5.41594787537996
student_t5,gradual_noise,20261019,EG10-H1,29.505219557117922,23.181383031405815,42.635894704820195,0.7619047619047619,0.9310344827586207,0.8666666666666667,5.41594787537996,5.41594787537996
student_t5,gradual_noise,20261019,DUCB-H1,23.06864352550949,1.6851467993552132,6.200795318181809,0.8095238095238095,0.9655172413793104,0.8666666666666667,5.41594787537996,5.41594787537996
student_t5,gradual_noise,20261019,DUCB-H2,23.283956158644777,1.7097943636923103,5.747455685383434,0.8095238095238095,0.9655172413793104,0.8666666666666667,10.83189575075992,5.41594787537996
student_t5,gradual_noise,20261020,UCB,23.4151267617556,1.3322760642446232,3.8174866281676247,0.8095238095238095,0.9655172413793104,0.9333333333333333,0.0,4.823652961570933
student_t5,gradual_noise,20261020,DUCB,21.843299493873435,3.305602352599074,6.011386940811271,0.8571428571428571,0.9310344827586207,0.8666666666666667,0.0,4.823652961570933
student_t5,gradual_noise,20261020,TS,23.657880553908985,0.0,0.0,0.8095238095238095,1.0,1.0,0.0,4.823652961570933
student_t5,gradual_noise,20261020,EG05,35.0268558579653,11.841263491106613,0.0,0.8095238095238095,0.9310344827586207,1.0,0.0,4.823652961570933
student_t5,gradual_noise,20261020,EG10,25.082746688949445,21.77762304714196,30.010304610726187,0.7619047619047619,0.896551724137931,0.9,0.0,4.823652961570933
student_t5,gradual_noise,20261020,EG15,39.619436981580506,5.537108543589621,13.988092253798039,0.7619047619047619,0.9655172413793104,0.9,0.0,4.823652961570933
student_t5,gradual_noise,20261020,UCB-H0.5,23.4151267617556,1.3322760642446232,3.5844254017145736,0.8095238095238095,0.9655172413793104,0.9333333333333333,2.4118264807854666,4.823652961570933
student_t5,gradual_noise,20261020,UCB-H1,23.4151267617556,1.5983465808266932,1.687706007441328,0.8095238095238095,0.9655172413793104,0.9666666666666667,4.823652961570933,4.823652961570933
student_t5,gradual_noise,20261020,UCB-H2,23.4151267617556,1.5983465808266932,1.687706007441328,0.8095238095238095,0.9655172413793104,0.9666666666666667,9.647305923141866,4.823652961570933
student_t5,gradual_noise,20261020,TS-H0.5,21.843299493873435,1.706132030236762,0.0,0.8571428571428571,0.9655172413793104,1.0,2.4118264807854666,4.823652961570933
student_t5,gradual_noise,20261020,TS-H1,21.843299493873435,1.8815487599115075,0.0,0.8571428571428571,0.9655172413793104,1.0,4.823652961570933,4.823652961570933
student_t5,gradual_noise,20261020,TS-H2,23.161947465627758,0.0,0.0,0.8095238095238095,1.0,1.0,9.647305923141866,4.823652961570933
student_t5,gradual_noise,20261020,UCB-L5,23.4151267617556,1.5983465808266932,1.687706007441328,0.8095238095238095,0.9655172413793104,0.9666666666666667,5.0,4.823652961570933
student_t5,gradual_noise,20261020,TS-L5,23.580421281999044,0.0,0.0,0.8095238095238095,1.0,1.0,5.0,4.823652961570933
student_t5,gradual_noise,20261020,EG10-H1,41.07950526060357,39.869873794793655,0.0,0.7142857142857143,0.896551724137931,1.0,4.823652961570933,4.823652961570933
student_t5,gradual_noise,20261020,DUCB-H1,21.843299493873435,3.305602352599074,6.899607283582558,0.8571428571428571,0.9310344827586207,0.8666666666666667,4.823652961570933,4.823652961570933
student_t5,gradual_noise,20261020,DUCB-H2,21.843299493873435,3.305602352599074,6.899607283582558,0.8571428571428571,0.9310344827586207,0.8666666666666667,9.647305923141866,4.823652961570933
student_t5,gradual_noise,20261021,UCB,20.991491950066518,2.021864795328761,3.0828040084279182,0.8095238095238095,0.9655172413793104,0.9333333333333333,0.0,4.750627829379545
student_t5,gradual_noise,20261021,DUCB,21.026013931792285,1.9391631699559073,4.964460867104396,0.8095238095238095,0.9655172413793104,0.8666666666666667,0.0,4.750627829379545
student_t5,gradual_noise,20261021,TS,20.991491950066518,0.0,0.0,0.8095238095238095,1.0,1.0,0.0,4.750627829379545
student_t5,gradual_noise,20261021,EG05,19.62396489309357,7.3902597844722,6.077629136520992,0.8571428571428571,0.9655172413793104,0.9333333333333333,0.0,4.750627829379545
student_t5,gradual_noise,20261021,EG10,19.62396489309357,5.836628573882784,4.651112308093534,0.8571428571428571,0.9655172413793104,0.9666666666666667,0.0,4.750627829379545
student_t5,gradual_noise,20261021,EG15,19.62396489309357,22.500678136962755,37.19581438091054,0.8571428571428571,0.8275862068965517,0.8666666666666667,0.0,4.750627829379545
student_t5,gradual_noise,20261021,UCB-H0.5,20.991491950066518,2.021864795328761,3.366571923743732,0.8095238095238095,0.9655172413793104,0.9333333333333333,2.3753139146897726,4.750627829379545
student_t5,gradual_noise,20261021,UCB-H1,20.991491950066518,2.021864795328761,3.366571923743732,0.8095238095238095,0.9655172413793104,0.9333333333333333,4.750627829379545,4.750627829379545
student_t5,gradual_noise,20261021,UCB-H2,20.991491950066518,2.021864795328761,2.50701896324785,0.8095238095238095,0.9655172413793104,0.9333333333333333,9.50125565875909,4.750627829379545
student_t5,gradual_noise,20261021,TS-H0.5,21.199406421823955,0.0,0.0,0.8095238095238095,1.0,1.0,2.3753139146897726,4.750627829379545
student_t5,gradual_noise,20261021,TS-H1,21.088589251316147,0.0,0.0,0.8095238095238095,1.0,1.0,4.750627829379545,4.750627829379545
student_t5,gradual_noise,20261021,TS-H2,19.62396489309357,1.9391631699559073,1.0094011655226858,0.8571428571428571,0.9655172413793104,0.9666666666666667,9.50125565875909,4.750627829379545
student_t5,gradual_noise,20261021,UCB-L5,20.991491950066518,2.021864795328761,3.366571923743732,0.8095238095238095,0.9655172413793104,0.9333333333333333,5.0,4.750627829379545
student_t5,gradual_noise,20261021,TS-L5,19.62396489309357,1.8683347930443683,1.4367483210210743,0.8571428571428571,0.9655172413793104,0.9666666666666667,5.0,4.750627829379545
student_t5,gradual_noise,20261021,EG10-H1,19.62396489309357,30.46862636214662,13.334471804932766,0.8571428571428571,0.8620689655172413,0.8666666666666667,4.750627829379545,4.750627829379545
student_t5,gradual_noise,20261021,DUCB-H1,21.026013931792285,1.9391631699559073,4.964460867104396,0.8095238095238095,0.9655172413793104,0.8666666666666667,4.750627829379545,4.750627829379545
student_t5,gradual_noise,20261021,DUCB-H2,21.026013931792285,1.9391631699559073,6.2219990215697,0.8095238095238095,0.9655172413793104,0.8666666666666667,9.50125565875909,4.750627829379545
student_t5,drastic_noise,20261018,UCB,23.076029177971883,0.0,4.0200286342392815,0.9,0.0,0.95,0.0,4.867809401681277
student_t5,drastic_noise,20261018,DUCB,21.505299581855855,0.0,4.5965518737248425,0.925,0.0,0.925,0.0,4.867809401681277
student_t5,drastic_noise,20261018,TS,21.505299581855855,0.0,5.29746091505128,0.925,0.0,0.925,0.0,4.867809401681277
student_t5,drastic_noise,20261018,EG05,29.127084089225374,0.0,14.863243483882812,0.875,0.0,0.95,0.0,4.867809401681277
student_t5,drastic_noise,20261018,EG10,46.67169920066743,0.0,13.924643524145978,0.825,0.0,0.925,0.0,4.867809401681277
student_t5,drastic_noise,20261018,EG15,46.816141830047144,0.0,42.583338217863016,0.85,0.0,0.85,0.0,4.867809401681277
student_t5,drastic_noise,20261018,UCB-H0.5,23.076029177971883,0.0,3.4052757236296327,0.9,0.0,0.95,2.4339047008406385,4.867809401681277
student_t5,drastic_noise,20261018,UCB-H1,23.076029177971883,0.0,3.268720396091402,0.9,0.0,0.95,4.867809401681277,4.867809401681277
student_t5,drastic_noise,20261018,UCB-H2,23.076029177971883,0.0,3.0247209621411852,0.9,0.0,0.95,9.735618803362554,4.867809401681277
student_t5,drastic_noise,20261018,TS-H0.5,22.84394182744628,0.0,2.4298603812490813,0.9,0.0,0.95,2.4339047008406385,4.867809401681277
student_t5,drastic_noise,20261018,TS-H1,23.16524869789887,0.0,6.030907960963054,0.9,0.0,0.925,4.867809401681277,4.867809401681277
student_t5,drastic_noise,20261018,TS-H2,23.13727621855021,0.0,2.645884938712433,0.9,0.0,0.95,9.735618803362554,4.867809401681277
student_t5,drastic_noise,20261018,UCB-L5,23.076029177971883,0.0,3.268720396091402,0.9,0.0,0.95,5.0,4.867809401681277
student_t5,drastic_noise,20261018,TS-L5,22.948508474448605,0.0,3.916018131300474,0.9,0.0,0.925,5.0,4.867809401681277
student_t5,drastic_noise,20261018,EG10-H1,30.553449552623405,0.0,24.594846992812744,0.875,0.0,0.925,4.867809401681277,4.867809401681277
student_t5,drastic_noise,20261018,DUCB-H1,21.505299581855855,0.0,5.1997505694729735,0.925,0.0,0.925,4.867809401681277,4.867809401681277
student_t5,drastic_noise,20261018,DUCB-H2,21.505299581855855,0.0,5.8752119111894725,0.925,0.0,0.9,9.735618803362554,4.867809401681277
student_t5,drastic_noise,20261019,UCB,23.411651593870378,0.0,3.361670563377812,0.9,0.0,0.95,0.0,5.41594787537996
student_t5,drastic_noise,20261019,DUCB,23.06864352550949,0.0,6.428776433197834,0.9,0.0,0.925,0.0,5.41594787537996
student_t5,drastic_noise,20261019,TS,23.33877245509785,0.0,2.5009544147626253,0.9,0.0,0.95,0.0,5.41594787537996
student_t5,drastic_noise,20261019,EG05,21.895836155118637,0.0,6.262171928269796,0.925,0.0,0.95,0.0,5.41594787537996
student_t5,drastic_noise,20261019,EG10,42.99446659990223,0.0,14.237304749256596,0.875,0.0,0.925,0.0,5.41594787537996
student_t5,drastic_noise,20261019,EG15,50.244361075822,0.0,30.835648094958238,0.775,0.0,0.9,0.0,5.41594787537996
student_t5,drastic_noise,20261019,UCB-H0.5,23.411651593870378,0.0,3.361670563377812,0.9,0.0,0.95,2.70797393768998,5.41594787537996
student_t5,drastic_noise,20261019,UCB-H1,23.411651593870378,0.0,3.5104523027136034,0.9,0.0,0.95,5.41594787537996,5.41594787537996
student_t5,drastic_noise,20261019,UCB-H2,23.411651593870378,0.0,3.456711719269303,0.9,0.0,0.95,10.83189575075992,5.41594787537996
student_t5,drastic_noise,20261019,TS-H0.5,23.696108659685535,0.0,4.218858912179199,0.9,0.0,0.925,2.70797393768998,5.41594787537996
student_t5,drastic_noise,20261019,TS-H1,23.06864352550949,0.0,4.583466594508026,0.9,0.0,0.925,5.41594787537996,5.41594787537996
student_t5,drastic_noise,20261019,TS-H2,23.528031426507575,0.0,5.523353475194646,0.9,0.0,0.925,10.83189575075992,5.41594787537996
student_t5,drastic_noise,20261019,UCB-L5,23.411651593870378,0.0,3.5104523027136034,0.9,0.0,0.95,5.0,5.41594787537996
student_t5,drastic_noise,20261019,TS-L5,23.39115568065677,0.0,2.68626916305601,0.9,0.0,0.95,5.0,5.41594787537996
student_t5,drastic_noise,20261019,EG10-H1,40.439359614958235,0.0,55.93195996714941,0.85,0.0,0.85,5.41594787537996,5.41594787537996
student_t5,drastic_noise,20261019,DUCB-H1,23.06864352550949,0.0,6.428776433197834,0.9,0.0,0.925,5.41594787537996,5.41594787537996
student_t5,drastic_noise,20261019,DUCB-H2,23.283956158644777,0.0,6.916063126893146,0.9,0.0,0.9,10.83189575075992,5.41594787537996
student_t5,drastic_noise,20261020,UCB,23.4151267617556,0.0,2.3849964510348984,0.9,0.0,0.95,0.0,4.823652961570933
student_t5,drastic_noise,20261020,DUCB,23.383683337416716,0.0,4.7294718933414455,0.9,0.0,0.9,0.0,4.823652961570933
student_t5,drastic_noise,20261020,TS,23.657880553908985,0.0,2.493311202448127,0.9,0.0,0.95,0.0,4.823652961570933
student_t5,drastic_noise,20261020,EG05,40.183525848916084,0.0,8.264958344905684,0.875,0.0,0.95,0.0,4.823652961570933
student_t5,drastic_noise,20261020,EG10,46.783863689415455,0.0,32.35246589297818,0.8,0.0,0.9,0.0,4.823652961570933
student_t5,drastic_noise,20261020,EG15,45.273644234669725,0.0,14.30201135796618,0.85,0.0,0.925,0.0,4.823652961570933
student_t5,drastic_noise,20261020,UCB-H0.5,23.4151267617556,0.0,2.646579326718528,0.9,0.0,0.95,2.4118264807854666,4.823652961570933
student_t5,drastic_noise,20261020,UCB-H1,23.4151267617556,0.0,2.646579326718528,0.9,0.0,0.95,4.823652961570933,4.823652961570933
student_t5,drastic_noise,20261020,UCB-H2,23.4151267617556,0.0,2.255899507746939,0.9,0.0,0.95,9.647305923141866,4.823652961570933
student_t5,drastic_noise,20261020,TS-H0.5,23.578303256747255,0.0,2.9298601587028426,0.9,0.0,0.95,2.4118264807854666,4.823652961570933
student_t5,drastic_noise,20261020,TS-H1,21.843299493873435,0.0,3.3692506563905207,0.925,0.0,0.95,4.823652961570933,4.823652961570933
student_t5,drastic_noise,20261020,TS-H2,23.161947465627758,0.0,4.160456893451661,0.9,0.0,0.925,9.647305923141866,4.823652961570933
student_t5,drastic_noise,20261020,UCB-L5,23.4151267617556,0.0,2.646579326718528,0.9,0.0,0.95,5.0,4.823652961570933
student_t5,drastic_noise,20261020,TS-L5,23.580421281999044,0.0,3.486123304041668,0.9,0.0,0.95,5.0,4.823652961570933
student_t5,drastic_noise,20261020,EG10-H1,67.04906249457618,0.0,15.818706995676134,0.8,0.0,0.95,4.823652961570933,4.823652961570933
student_t5,drastic_noise,20261020,DUCB-H1,23.383683337416716,0.0,5.736366926399456,0.9,0.0,0.9,4.823652961570933,4.823652961570933
student_t5,drastic_noise,20261020,DUCB-H2,23.383683337416716,0.0,5.543353204232089,0.9,0.0,0.9,9.647305923141866,4.823652961570933
student_t5,drastic_noise,20261021,UCB,22.413292454608936,0.0,4.743300984932765,0.875,0.0,0.925,0.0,4.750627829379545
student_t5,drastic_noise,20261021,DUCB,21.026013931792285,0.0,11.133512031843942,0.9,0.0,0.9,0.0,4.750627829379545
student_t5,drastic_noise,20261021,TS,20.991491950066518,0.0,5.1796223527285274,0.9,0.0,0.925,0.0,4.750627829379545
student_t5,drastic_noise,20261021,EG05,27.009708601124544,0.0,6.022365791171005,0.9,0.0,0.95,0.0,4.750627829379545
student_t5,drastic_noise,20261021,EG10,19.62396489309357,0.0,11.382979422823928,0.925,0.0,0.925,0.0,4.750627829379545
student_t5,drastic_noise,20261021,EG15,35.409178838196574,0.0,45.849744532710716,0.825,0.0,0.85,0.0,4.750627829379545
student_t5,drastic_noise,20261021,UCB-H0.5,22.413292454608936,0.0,4.743300984932765,0.875,0.0,0.925,2.3753139146897726,4.750627829379545
student_t5,drastic_noise,20261021,UCB-H1,22.413292454608936,0.0,3.784051020569253,0.875,0.0,0.925,4.750627829379545,4.750627829379545
student_t5,drastic_noise,20261021,UCB-H2,22.413292454608936,0.0,3.784051020569253,0.875,0.0,0.925,9.50125565875909,4.750627829379545
student_t5,drastic_noise,20261021,TS-H0.5,21.199406421823955,0.0,3.7891632536173807,0.9,0.0,0.925,2.3753139146897726,4.750627829379545
student_t5,drastic_noise,20261021,TS-H1,21.088589251316147,0.0,4.1269430655663975,0.9,0.0,0.925,4.750627829379545,4.750627829379545
student_t5,drastic_noise,20261021,TS-H2,21.52912197538725,0.0,4.089218877903286,0.9,0.0,0.925,9.50125565875909,4.750627829379545
student_t5,drastic_noise,20261021,UCB-L5,22.413292454608936,0.0,3.784051020569253,0.875,0.0,0.925,5.0,4.750627829379545
student_t5,drastic_noise,20261021,TS-L5,19.62396489309357,0.0,5.074508358931611,0.925,0.0,0.925,5.0,4.750627829379545
student_t5,drastic_noise,20261021,EG10-H1,32.69019497211361,0.0,30.660787440533554,0.875,0.0,0.85,4.750627829379545,4.750627829379545
student_t5,drastic_noise,20261021,DUCB-H1,21.026013931792285,0.0,5.975760072520806,0.9,0.0,0.925,4.750627829379545,4.750627829379545
student_t5,drastic_noise,20261021,DUCB-H2,21.026013931792285,0.0,5.250246351184108,0.9,0.0,0.925,9.50125565875909,4.750627829379545
ar1_gaussian,gradual_relocate,20261018,UCB,9.424045284112829,2.6896680494678136,18.595717514271843,0.7619047619047619,0.896551724137931,0.4,0.0,1.6005921233909677
ar1_gaussian,gradual_relocate,20261018,DUCB,8.36369631787177,1.437008866313878,14.558355693029696,0.8095238095238095,0.8275862068965517,0.5,0.0,1.6005921233909677
ar1_gaussian,gradual_relocate,20261018,TS,7.231030992276276,8.616251925940006,62.928783915689095,0.8571428571428571,0.4827586206896552,0.0,0.0,1.6005921233909677
ar1_gaussian,gradual_relocate,20261018,EG05,7.231030992276276,9.415274505864623,29.985270327137698,0.8571428571428571,0.5517241379310345,0.13333333333333333,0.0,1.6005921233909677
ar1_gaussian,gradual_relocate,20261018,EG10,11.009800267087355,10.765726904822024,46.5346994973268,0.8095238095238095,0.4482758620689655,0.06666666666666667,0.0,1.6005921233909677
ar1_gaussian,gradual_relocate,20261018,EG15,9.29418677103513,12.620355008896247,30.03610832113704,0.8095238095238095,0.4827586206896552,0.13333333333333333,0.0,1.6005921233909677
ar1_gaussian,gradual_relocate,20261018,UCB-H0.5,8.376672158935579,2.0584638005953604,14.49164990307439,0.8095238095238095,0.8275862068965517,0.5,0.8002960616954838,1.6005921233909677
ar1_gaussian,gradual_relocate,20261018,UCB-H1,8.376672158935579,0.972896766343353,13.680287248861028,0.8095238095238095,0.7931034482758621,0.4666666666666667,1.6005921233909677,1.6005921233909677
ar1_gaussian,gradual_relocate,20261018,UCB-H2,8.376672158935579,0.6663786157088826,9.39383197678097,0.8095238095238095,0.8620689655172413,0.5,3.2011842467819354,1.6005921233909677
ar1_gaussian,gradual_relocate,20261018,TS-H0.5,8.313260193009839,7.568803218190709,49.97804063134867,0.8095238095238095,0.5172413793103449,0.0,0.8002960616954838,1.6005921233909677
ar1_gaussian,gradual_relocate,20261018,TS-H1,8.396322467057923,7.568803218190709,34.25330143297461,0.8095238095238095,0.5172413793103449,0.0,1.6005921233909677,1.6005921233909677
ar1_gaussian,gradual_relocate,20261018,TS-H2,9.046533653212544,8.088769019290817,10.572819580518047,0.8095238095238095,0.4827586206896552,0.43333333333333335,3.2011842467819354,1.6005921233909677
ar1_gaussian,gradual_relocate,20261018,UCB-L5,8.376672158935579,0.7952637626771054,8.544969619653212,0.8095238095238095,0.8620689655172413,0.5,5.0,1.6005921233909677
ar1_gaussian,gradual_relocate,20261018,TS-L5,8.343968549211391,7.568803218190709,16.03322543457021,0.8095238095238095,0.5172413793103449,0.3,5.0,1.6005921233909677
ar1_gaussian,gradual_relocate,20261018,EG10-H1,8.267641019372409,9.836935062038243,39.96839639353147,0.8095238095238095,0.4827586206896552,0.0,1.6005921233909677,1.6005921233909677
ar1_gaussian,gradual_relocate,20261018,DUCB-H1,8.36369631787177,0.015317296939591718,13.23316584147696,0.8095238095238095,0.9655172413793104,0.5,1.6005921233909677,1.6005921233909677
ar1_gaussian,gradual_relocate,20261018,DUCB-H2,8.36369631787177,0.7952637626771054,8.544969619653212,0.8095238095238095,0.8620689655172413,0.5,3.2011842467819354,1.6005921233909677
ar1_gaussian,gradual_relocate,20261019,UCB,9.037448053502837,3.86864116161918,16.738024300183163,0.7619047619047619,0.7586206896551724,0.43333333333333335,0.0,1.5337284709776537
ar1_gaussian,gradual_relocate,20261019,DUCB,9.085080944469905,1.7766466308203264,13.254949936882971,0.7619047619047619,0.8620689655172413,0.4666666666666667,0.0,1.5337284709776537
ar1_gaussian,gradual_relocate,20261019,TS,9.841775701055003,6.7834649710257455,54.54208946841533,0.7619047619047619,0.5172413793103449,0.0,0.0,1.5337284709776537
ar1_gaussian,gradual_relocate,20261019,EG05,7.118639561163045,6.7834649710257455,49.468432570576624,0.8571428571428571,0.5172413793103449,0.03333333333333333,0.0,1.5337284709776537
ar1_gaussian,gradual_relocate,20261019,EG10,8.955475202516034,10.497551632037975,53.41013268431502,0.8095238095238095,0.4827586206896552,0.03333333333333333,0.0,1.5337284709776537
ar1_gaussian,gradual_relocate,20261019,EG15,9.336287104748118,16.32568323644365,39.34227776402153,0.7619047619047619,0.3793103448275862,0.06666666666666667,0.0,1.5337284709776537
ar1_gaussian,gradual_relocate,20261019,UCB-H0.5,9.037448053502837,2.2245888169558743,15.128853998748863,0.7619047619047619,0.7931034482758621,0.4666666666666667,0.7668642354888269,1.5337284709776537
ar1_gaussian,gradual_relocate,20261019,UCB-H1,9.037448053502837,0.6089701845111029,9.73112433094425,0.7619047619047619,0.8620689655172413,0.43333333333333335,1.5337284709776537,1.5337284709776537
ar1_gaussian,gradual_relocate,20261019,UCB-H2,9.037448053502837,0.7263636523915324,8.4506623985248,0.7619047619047619,0.8620689655172413,0.4666666666666667,3.0674569419553075,1.5337284709776537
ar1_gaussian,gradual_relocate,20261019,TS-H0.5,8.120216643114214,7.045227171079301,36.0826625248219,0.8095238095238095,0.5172413793103449,0.0,0.7668642354888269,1.5337284709776537
ar1_gaussian,gradual_relocate,20261019,TS-H1,10.077502509723805,6.7834649710257455,31.063400949935815,0.7619047619047619,0.5172413793103449,0.0,1.5337284709776537,1.5337284709776537
ar1_gaussian,gradual_relocate,20261019,TS-H2,8.06478457182764,6.7834649710257455,15.31902051955255,0.8095238095238095,0.5172413793103449,0.26666666666666666,3.0674569419553075,1.5337284709776537
ar1_gaussian,gradual_relocate,20261019,UCB-L5,9.037448053502837,0.7263636523915324,7.559871219277339,0.7619047619047619,0.8620689655172413,0.4666666666666667,5.0,1.5337284709776537
ar1_gaussian,gradual_relocate,20261019,TS-L5,7.9787336420620605,6.7834649710257455,15.31902051955255,0.8095238095238095,0.5172413793103449,0.26666666666666666,5.0,1.5337284709776537
ar1_gaussian,gradual_relocate,20261019,EG10-H1,12.951568224256683,8.842184304597595,29.893540967233477,0.7619047619047619,0.4827586206896552,0.03333333333333333,1.5337284709776537,1.5337284709776537
ar1_gaussian,gradual_relocate,20261019,DUCB-H1,8.120216643114214,0.4386391344255104,11.303519011460727,0.8095238095238095,0.896551724137931,0.4666666666666667,1.5337284709776537,1.5337284709776537
ar1_gaussian,gradual_relocate,20261019,DUCB-H2,8.120216643114214,0.7263636523915324,7.559871219277339,0.8095238095238095,0.8620689655172413,0.4666666666666667,3.0674569419553075,1.5337284709776537
ar1_gaussian,gradual_relocate,20261020,UCB,8.760315236721857,2.9778233603955275,19.3579369820515,0.7619047619047619,0.7931034482758621,0.43333333333333335,0.0,1.604830830327932
ar1_gaussian,gradual_relocate,20261020,DUCB,7.737049102306254,1.6973791825447386,13.343654875587259,0.8095238095238095,0.896551724137931,0.5,0.0,1.604830830327932
ar1_gaussian,gradual_relocate,20261020,TS,7.8005852559746645,7.6339814294401265,57.58958848207947,0.8095238095238095,0.5172413793103449,0.0,0.0,1.604830830327932
ar1_gaussian,gradual_relocate,20261020,EG05,8.522925086280933,9.966310660103042,67.55721021376658,0.8095238095238095,0.4827586206896552,0.0,0.0,1.604830830327932
ar1_gaussian,gradual_relocate,20261020,EG10,8.80935435614257,13.189234664525316,61.84577798370383,0.7619047619047619,0.4482758620689655,0.0,0.0,1.604830830327932
ar1_gaussian,gradual_relocate,20261020,EG15,12.834732657536719,8.942358899228672,37.41393370097501,0.7619047619047619,0.5172413793103449,0.03333333333333333,0.0,1.604830830327932
ar1_gaussian,gradual_relocate,20261020,UCB-H0.5,7.737049102306254,2.5441605264166025,14.965427896510132,0.8095238095238095,0.8275862068965517,0.5333333333333333,0.802415415163966,1.604830830327932
ar1_gaussian,gradual_relocate,20261020,UCB-H1,7.737049102306254,1.4493552821086473,10.053516778161736,0.8095238095238095,0.8275862068965517,0.5,1.604830830327932,1.604830830327932
ar1_gaussian,gradual_relocate,20261020,UCB-H2,7.737049102306254,1.1711769464290915,9.087299180298864,0.8095238095238095,0.8275862068965517,0.5333333333333333,3.209661660655864,1.604830830327932
ar1_gaussian,gradual_relocate,20261020,TS-H0.5,9.762243392582604,7.619760057925335,51.2622880243127,0.7619047619047619,0.5172413793103449,0.0,0.802415415163966,1.604830830327932
ar1_gaussian,gradual_relocate,20261020,TS-H1,7.852060639011954,7.619760057925335,40.3737409154225,0.8095238095238095,0.5172413793103449,0.0,1.604830830327932,1.604830830327932
ar1_gaussian,gradual_relocate,20261020,TS-H2,8.05809321330064,7.619760057925335,26.185772958324495,0.8095238095238095,0.5172413793103449,0.1,3.209661660655864,1.604830830327932
ar1_gaussian,gradual_relocate,20261020,UCB-L5,7.737049102306254,0.8134151402403051,8.246323716596054,0.8095238095238095,0.8620689655172413,0.5333333333333333,5.0,1.604830830327932
ar1_gaussian,gradual_relocate,20261020,TS-L5,7.852060639011954,7.619760057925335,15.869359415305308,0.8095238095238095,0.5172413793103449,0.3333333333333333,5.0,1.604830830327932
ar1_gaussian,gradual_relocate,20261020,EG10-H1,13.476995775859793,10.405992650490182,37.78170494679434,0.7142857142857143,0.4482758620689655,0.0,1.604830830327932,1.604830830327932
ar1_gaussian,gradual_relocate,20261020,DUCB-H1,7.737049102306254,0.5529024799742936,12.28613008490797,0.8095238095238095,0.8620689655172413,0.5333333333333333,1.604830830327932,1.604830830327932
ar1_gaussian,gradual_relocate,20261020,DUCB-H2,7.737049102306254,0.8134151402403051,8.962518578234693,0.8095238095238095,0.8620689655172413,0.5333333333333333,3.209661660655864,1.604830830327932
ar1_gaussian,gradual_relocate,20261021,UCB,8.583082073176191,3.7294822789571462,18.170189229180522,0.8095238095238095,0.7586206896551724,0.43333333333333335,0.0,1.670398219572625
ar1_gaussian,gradual_relocate,20261021,DUCB,8.583082073176191,0.23882228266429212,14.275984160808083,0.8095238095238095,0.9310344827586207,0.4666666666666667,0.0,1.670398219572625
ar1_gaussian,gradual_relocate,20261021,TS,8.134322416910361,8.844098593470356,47.20450217075838,0.8095238095238095,0.41379310344827586,0.03333333333333333,0.0,1.670398219572625
ar1_gaussian,gradual_relocate,20261021,EG05,7.361411323714098,10.75740680462081,32.50859488421389,0.8571428571428571,0.41379310344827586,0.06666666666666667,0.0,1.670398219572625
ar1_gaussian,gradual_relocate,20261021,EG10,7.361411323714098,7.847260106494354,67.89791769542323,0.8571428571428571,0.4482758620689655,0.03333333333333333,0.0,1.670398219572625
ar1_gaussian,gradual_relocate,20261021,EG15,7.361411323714098,14.706496356875714,47.9930069563848,0.8571428571428571,0.3448275862068966,0.0,0.0,1.670398219572625
ar1_gaussian,gradual_relocate,20261021,UCB-H0.5,8.583082073176191,1.2600064165739293,15.447143784960183,0.8095238095238095,0.7931034482758621,0.4666666666666667,0.8351991097863125,1.670398219572625
ar1_gaussian,gradual_relocate,20261021,UCB-H1,8.583082073176191,0.7163572411323573,8.891071507162122,0.8095238095238095,0.8275862068965517,0.5,1.670398219572625,1.670398219572625
ar1_gaussian,gradual_relocate,20261021,UCB-H2,8.583082073176191,0.47886159243710585,8.28343502872425,0.8095238095238095,0.8275862068965517,0.5,3.34079643914525,1.670398219572625
ar1_gaussian,gradual_relocate,20261021,TS-H0.5,8.454980082832352,7.398626776145696,51.14025036093998,0.8095238095238095,0.4482758620689655,0.0,0.8351991097863125,1.670398219572625
ar1_gaussian,gradual_relocate,20261021,TS-H1,8.465035587587757,7.398626776145696,30.04698178874031,0.8095238095238095,0.4482758620689655,0.03333333333333333,1.670398219572625,1.670398219572625
ar1_gaussian,gradual_relocate,20261021,TS-H2,8.465035587587757,7.398626776145696,23.947230337417064,0.8095238095238095,0.4482758620689655,0.13333333333333333,3.34079643914525,1.670398219572625
ar1_gaussian,gradual_relocate,20261021,UCB-L5,8.583082073176191,0.8355107687936358,8.28343502872425,0.8095238095238095,0.7931034482758621,0.5,5.0,1.670398219572625
ar1_gaussian,gradual_relocate,20261021,TS-L5,8.41028289000989,7.398626776145696,14.586319678501585,0.8095238095238095,0.4482758620689655,0.3333333333333333,5.0,1.670398219572625
ar1_gaussian,gradual_relocate,20261021,EG10-H1,7.361411323714098,12.026199737526413,26.90486123293884,0.8571428571428571,0.41379310344827586,0.03333333333333333,1.670398219572625,1.670398219572625
ar1_gaussian,gradual_relocate,20261021,DUCB-H1,8.583082073176191,0.8355107687936358,9.313656253676765,0.8095238095238095,0.7931034482758621,0.5,1.670398219572625,1.670398219572625
ar1_gaussian,gradual_relocate,20261021,DUCB-H2,8.583082073176191,0.8355107687936358,8.28343502872425,0.8095238095238095,0.7931034482758621,0.5,3.34079643914525,1.670398219572625
ar1_gaussian,drastic_relocate,20261018,UCB,12.091732018167052,0.0,76.76905044986817,0.825,0.0,0.0,0.0,1.6005921233909677
ar1_gaussian,drastic_relocate,20261018,DUCB,9.405572926752383,0.0,52.86636064893132,0.875,0.0,0.0,0.0,1.6005921233909677
ar1_gaussian,drastic_relocate,20261018,TS,8.450972492322306,0.0,95.81856606236386,0.9,0.0,0.0,0.0,1.6005921233909677
ar1_gaussian,drastic_relocate,20261018,EG05,12.572153835482457,0.0,81.28531167083834,0.875,0.0,0.0,0.0,1.6005921233909677
ar1_gaussian,drastic_relocate,20261018,EG10,18.084709224351148,0.0,85.27445228395459,0.825,0.0,0.05,0.0,1.6005921233909677
ar1_gaussian,drastic_relocate,20261018,EG15,16.90805287410431,0.0,92.16960651538729,0.85,0.0,0.025,0.0,1.6005921233909677
ar1_gaussian,drastic_relocate,20261018,UCB-H0.5,11.46410714852165,0.0,73.74576113148132,0.85,0.0,0.0,0.8002960616954838,1.6005921233909677
ar1_gaussian,drastic_relocate,20261018,UCB-H1,9.455505002396192,0.0,71.3387337173382,0.875,0.0,0.0,1.6005921233909677,1.6005921233909677
ar1_gaussian,drastic_relocate,20261018,UCB-H2,8.376672158935579,0.0,64.95099925416858,0.9,0.0,0.0,3.2011842467819354,1.6005921233909677
ar1_gaussian,drastic_relocate,20261018,TS-H0.5,8.313260193009839,0.0,93.81900213080117,0.9,0.0,0.0,0.8002960616954838,1.6005921233909677
ar1_gaussian,drastic_relocate,20261018,TS-H1,8.396322467057923,0.0,82.433981275601,0.9,0.0,0.0,1.6005921233909677,1.6005921233909677
ar1_gaussian,drastic_relocate,20261018,TS-H2,10.08527930734518,0.0,74.88550984894928,0.875,0.0,0.0,3.2011842467819354,1.6005921233909677
ar1_gaussian,drastic_relocate,20261018,UCB-L5,8.376672158935579,0.0,54.33582183501672,0.9,0.0,0.2,5.0,1.6005921233909677
ar1_gaussian,drastic_relocate,20261018,TS-L5,8.343968549211391,0.0,69.50142696540034,0.9,0.0,0.0,5.0,1.6005921233909677
ar1_gaussian,drastic_relocate,20261018,EG10-H1,11.835036357721261,0.0,79.90574050289685,0.875,0.0,0.0,1.6005921233909677,1.6005921233909677
ar1_gaussian,drastic_relocate,20261018,DUCB-H1,8.36369631787177,0.0,52.38250092629336,0.9,0.0,0.0,1.6005921233909677,1.6005921233909677
ar1_gaussian,drastic_relocate,20261018,DUCB-H2,8.36369631787177,0.0,54.50120277095108,0.9,0.0,0.0,3.2011842467819354,1.6005921233909677
ar1_gaussian,drastic_relocate,20261019,UCB,12.053983496218516,0.0,72.60127160717585,0.825,0.0,0.0,0.0,1.5337284709776537
ar1_gaussian,drastic_relocate,20261019,DUCB,9.085080944469905,0.0,51.977386616668795,0.875,0.0,0.0,0.0,1.5337284709776537
ar1_gaussian,drastic_relocate,20261019,TS,9.841775701055003,0.0,92.73173252341853,0.875,0.0,0.0,0.0,1.5337284709776537
ar1_gaussian,drastic_relocate,20261019,EG05,7.118639561163045,0.0,81.0213482060462,0.925,0.0,0.025,0.0,1.5337284709776537
ar1_gaussian,drastic_relocate,20261019,EG10,13.297276155523159,0.0,83.43171983872809,0.875,0.0,0.05,0.0,1.5337284709776537
ar1_gaussian,drastic_relocate,20261019,EG15,20.675426124713624,0.0,81.92617787610816,0.775,0.0,0.0,0.0,1.5337284709776537
ar1_gaussian,drastic_relocate,20261019,UCB-H0.5,12.539700597491137,0.0,67.90009966095137,0.825,0.0,0.0,0.7668642354888269,1.5337284709776537
ar1_gaussian,drastic_relocate,20261019,UCB-H1,9.037448053502837,0.0,65.84228991611091,0.875,0.0,0.0,1.5337284709776537,1.5337284709776537
ar1_gaussian,drastic_relocate,20261019,UCB-H2,9.037448053502837,0.0,58.59379561195509,0.875,0.0,0.0,3.0674569419553075,1.5337284709776537
ar1_gaussian,drastic_relocate,20261019,TS-H0.5,8.120216643114214,0.0,87.82400640788912,0.9,0.0,0.0,0.7668642354888269,1.5337284709776537
ar1_gaussian,drastic_relocate,20261019,TS-H1,10.077502509723805,0.0,78.79230836662138,0.875,0.0,0.0,1.5337284709776537,1.5337284709776537
ar1_gaussian,drastic_relocate,20261019,TS-H2,8.06478457182764,0.0,72.61243269439326,0.9,0.0,0.0,3.0674569419553075,1.5337284709776537
ar1_gaussian,drastic_relocate,20261019,UCB-L5,9.037448053502837,0.0,61.656854497567764,0.875,0.0,0.0,5.0,1.5337284709776537
ar1_gaussian,drastic_relocate,20261019,TS-L5,7.9787336420620605,0.0,63.476316168321304,0.9,0.0,0.0,5.0,1.5337284709776537
ar1_gaussian,drastic_relocate,20261019,EG10-H1,14.681741408260075,0.0,73.34072292564217,0.85,0.0,0.025,1.5337284709776537,1.5337284709776537
ar1_gaussian,drastic_relocate,20261019,DUCB-H1,8.120216643114214,0.0,50.08421434093228,0.9,0.0,0.0,1.5337284709776537,1.5337284709776537
ar1_gaussian,drastic_relocate,20261019,DUCB-H2,8.120216643114214,0.0,49.86008563355489,0.9,0.0,0.0,3.0674569419553075,1.5337284709776537
ar1_gaussian,drastic_relocate,20261020,UCB,11.915307529997422,0.0,76.55401557793506,0.825,0.0,0.0,0.0,1.604830830327932
ar1_gaussian,drastic_relocate,20261020,DUCB,8.940124834566333,0.0,52.2636965833482,0.875,0.0,0.0,0.0,1.604830830327932
ar1_gaussian,drastic_relocate,20261020,TS,7.8005852559746645,0.0,98.10343334321878,0.9,0.0,0.0,0.0,1.604830830327932
ar1_gaussian,drastic_relocate,20261020,EG05,11.858858399294828,0.0,83.01994332727425,0.875,0.0,0.025,0.0,1.604830830327932
ar1_gaussian,drastic_relocate,20261020,EG10,16.015719755151615,0.0,84.60659099686175,0.8,0.0,0.025,0.0,1.604830830327932
ar1_gaussian,drastic_relocate,20261020,EG15,16.55807493029219,0.0,84.7912104234587,0.85,0.0,0.05,0.0,1.604830830327932
ar1_gaussian,drastic_relocate,20261020,UCB-H0.5,10.760235864207374,0.0,72.25820131147826,0.85,0.0,0.0,0.802415415163966,1.604830830327932
ar1_gaussian,drastic_relocate,20261020,UCB-H1,8.824647020165092,0.0,68.10328265079659,0.875,0.0,0.0,1.604830830327932,1.604830830327932
ar1_gaussian,drastic_relocate,20261020,UCB-H2,7.737049102306254,0.0,48.524835754873955,0.9,0.0,0.3,3.209661660655864,1.604830830327932
ar1_gaussian,drastic_relocate,20261020,TS-H0.5,9.762243392582604,0.0,90.50964095318663,0.875,0.0,0.0,0.802415415163966,1.604830830327932
ar1_gaussian,drastic_relocate,20261020,TS-H1,7.852060639011954,0.0,86.51549661859,0.9,0.0,0.0,1.604830830327932,1.604830830327932
ar1_gaussian,drastic_relocate,20261020,TS-H2,8.05809321330064,0.0,81.38336575568127,0.9,0.0,0.0,3.209661660655864,1.604830830327932
ar1_gaussian,drastic_relocate,20261020,UCB-L5,7.737049102306254,0.0,38.569641500254875,0.9,0.0,0.6,5.0,1.604830830327932
ar1_gaussian,drastic_relocate,20261020,TS-L5,7.852060639011954,0.0,69.51838650539801,0.9,0.0,0.0,5.0,1.604830830327932
ar1_gaussian,drastic_relocate,20261020,EG10-H1,17.811980086653662,0.0,74.03438399468125,0.8,0.0,0.0,1.604830830327932,1.604830830327932
ar1_gaussian,drastic_relocate,20261020,DUCB-H1,7.737049102306254,0.0,51.549259946687805,0.9,0.0,0.0,1.604830830327932,1.604830830327932
ar1_gaussian,drastic_relocate,20261020,DUCB-H2,7.737049102306254,0.0,51.68538871623465,0.9,0.0,0.0,3.209661660655864,1.604830830327932
ar1_gaussian,drastic_relocate,20261021,UCB,12.041406392504847,0.0,74.10281522343436,0.825,0.0,0.0,0.0,1.670398219572625
ar1_gaussian,drastic_relocate,20261021,DUCB,8.583082073176191,0.0,54.71320056081382,0.9,0.0,0.0,0.0,1.670398219572625
ar1_gaussian,drastic_relocate,20261021,TS,10.057070075093668,0.0,95.83518528843202,0.875,0.0,0.0,0.0,1.670398219572625
ar1_gaussian,drastic_relocate,20261021,EG05,11.130935178445704,0.0,84.81945639448507,0.9,0.0,0.025,0.0,1.670398219572625
ar1_gaussian,drastic_relocate,20261021,EG10,7.361411323714098,0.0,88.0013069878342,0.925,0.0,0.05,0.0,1.670398219572625
ar1_gaussian,drastic_relocate,20261021,EG15,18.23993017150468,0.0,83.27173212946204,0.825,0.0,0.075,0.0,1.670398219572625
ar1_gaussian,drastic_relocate,20261021,UCB-H0.5,9.431843213882448,0.0,74.35219494442292,0.875,0.0,0.0,0.8351991097863125,1.670398219572625
ar1_gaussian,drastic_relocate,20261021,UCB-H1,9.6897537249151,0.0,69.40138137901812,0.875,0.0,0.0,1.670398219572625,1.670398219572625
ar1_gaussian,drastic_relocate,20261021,UCB-H2,8.583082073176191,0.0,63.03135442071336,0.9,0.0,0.0,3.34079643914525,1.670398219572625
ar1_gaussian,drastic_relocate,20261021,TS-H0.5,8.454980082832352,0.0,93.15470062002058,0.9,0.0,0.0,0.8351991097863125,1.670398219572625
ar1_gaussian,drastic_relocate,20261021,TS-H1,8.465035587587757,0.0,87.76365872209851,0.9,0.0,0.0,1.670398219572625,1.670398219572625
ar1_gaussian,drastic_relocate,20261021,TS-H2,8.465035587587757,0.0,77.50310399587636,0.9,0.0,0.0,3.34079643914525,1.670398219572625
ar1_gaussian,drastic_relocate,20261021,UCB-L5,8.583082073176191,0.0,46.24311691003012,0.9,0.0,0.4,5.0,1.670398219572625
ar1_gaussian,drastic_relocate,20261021,TS-L5,8.41028289000989,0.0,52.43664927788406,0.9,0.0,0.3,5.0,1.670398219572625
ar1_gaussian,drastic_relocate,20261021,EG10-H1,16.059928388154706,0.0,71.63298063402353,0.875,0.0,0.075,1.670398219572625,1.670398219572625
ar1_gaussian,drastic_relocate,20261021,DUCB-H1,8.583082073176191,0.0,50.32553148653633,0.9,0.0,0.0,1.670398219572625,1.670398219572625
ar1_gaussian,drastic_relocate,20261021,DUCB-H2,8.583082073176191,0.0,54.20087100384961,0.9,0.0,0.0,3.34079643914525,1.670398219572625
ar1_gaussian,gradual_flip,20261018,UCB,11.819491748921541,4.827601177046043,38.19531086974699,0.6666666666666666,0.5172413793103449,0.3333333333333333,0.0,3.2032248366430096
ar1_gaussian,gradual_flip,20261018,DUCB,11.740828639477467,3.8510277222205582,34.27913520638374,0.6666666666666666,0.6551724137931034,0.4,0.0,3.2032248366430096
ar1_gaussian,gradual_flip,20261018,TS,12.246703825575361,16.00078872274293,64.53398559963716,0.6190476190476191,0.20689655172413793,0.1,0.0,3.2032248366430096
ar1_gaussian,gradual_flip,20261018,EG05,9.852724679583869,21.021566672280258,63.18977209998794,0.8571428571428571,0.20689655172413793,0.03333333333333333,0.0,3.2032248366430096
ar1_gaussian,gradual_flip,20261018,EG10,16.59268487793829,18.40151120903385,97.53961563362004,0.8095238095238095,0.2413793103448276,0.06666666666666667,0.0,3.2032248366430096
ar1_gaussian,gradual_flip,20261018,EG15,10.391938510292958,27.41878779726569,64.48048745484746,0.8095238095238095,0.20689655172413793,0.03333333333333333,0.0,3.2032248366430096
ar1_gaussian,gradual_flip,20261018,UCB-H0.5,11.819491748921541,4.737022061387545,58.2228229096651,0.6666666666666666,0.6551724137931034,0.43333333333333335,1.6016124183215048,3.2032248366430096
ar1_gaussian,gradual_flip,20261018,UCB-H1,11.819491748921541,4.492227554798053,68.38055303971733,0.6666666666666666,0.5517241379310345,0.43333333333333335,3.2032248366430096,3.2032248366430096
ar1_gaussian,gradual_flip,20261018,UCB-H2,11.819491748921541,4.555261054978837,67.5774622735107,0.6666666666666666,0.5517241379310345,0.4,6.406449673286019,3.2032248366430096
ar1_gaussian,gradual_flip,20261018,TS-H0.5,10.856152602988104,14.017978353551815,77.98893083371371,0.7619047619047619,0.27586206896551724,0.16666666666666666,1.6016124183215048,3.2032248366430096
ar1_gaussian,gradual_flip,20261018,TS-H1,10.856152602988104,17.449120880370195,94.83703160115228,0.7619047619047619,0.20689655172413793,0.16666666666666666,3.2032248366430096,3.2032248366430096
ar1_gaussian,gradual_flip,20261018,TS-H2,10.308738025342068,17.449120880370195,106.39509537163758,0.8095238095238095,0.20689655172413793,0.0,6.406449673286019,3.2032248366430096
ar1_gaussian,gradual_flip,20261018,UCB-L5,11.819491748921541,4.902639020555945,70.13347309139012,0.6666666666666666,0.5172413793103449,0.4,5.0,3.2032248366430096
ar1_gaussian,gradual_flip,20261018,TS-L5,10.365576621706055,17.449120880370195,108.05221578869146,0.8095238095238095,0.20689655172413793,0.0,5.0,3.2032248366430096
ar1_gaussian,gradual_flip,20261018,EG10-H1,11.76482895836885,22.33573232736863,115.9753191471665,0.8095238095238095,0.20689655172413793,0.0,3.2032248366430096,3.2032248366430096
ar1_gaussian,gradual_flip,20261018,DUCB-H1,11.740828639477467,3.162351471673218,58.1678539789381,0.6666666666666666,0.6896551724137931,0.3333333333333333,3.2032248366430096,3.2032248366430096
ar1_gaussian,gradual_flip,20261018,DUCB-H2,11.740828639477467,3.51555479368792,69.42080654746029,0.6666666666666666,0.6896551724137931,0.23333333333333334,6.406449673286019,3.2032248366430096
ar1_gaussian,gradual_flip,20261019,UCB,13.174499902886918,5.775108147698062,36.62532811695411,0.6190476190476191,0.5172413793103449,0.3333333333333333,0.0,2.9466602258701697
ar1_gaussian,gradual_flip,20261019,DUCB,12.966433870873615,3.7253432712136325,38.37420334527405,0.6666666666666666,0.6551724137931034,0.13333333333333333,0.0,2.9466602258701697
ar1_gaussian,gradual_flip,20261019,TS,12.7298226436161,14.367018724717703,91.8327532522916,0.6666666666666666,0.2413793103448276,0.0,0.0,2.9466602258701697
ar1_gaussian,gradual_flip,20261019,EG05,9.388418941149666,16.749852816740738,101.92851299268804,0.8571428571428571,0.2413793103448276,0.03333333333333333,0.0,2.9466602258701697
ar1_gaussian,gradual_flip,20261019,EG10,9.88911197367675,23.906049236647714,104.999392998789,0.8095238095238095,0.2413793103448276,0.03333333333333333,0.0,2.9466602258701697
ar1_gaussian,gradual_flip,20261019,EG15,13.488257107655485,26.454745670380458,79.83858771426208,0.7619047619047619,0.1724137931034483,0.06666666666666667,0.0,2.9466602258701697
ar1_gaussian,gradual_flip,20261019,UCB-H0.5,13.062644518855336,5.764156121997006,58.156557549785255,0.6190476190476191,0.5862068965517241,0.26666666666666666,1.4733301129350849,2.9466602258701697
ar1_gaussian,gradual_flip,20261019,UCB-H1,13.062644518855336,5.684663051948056,68.38148779758777,0.6190476190476191,0.5862068965517241,0.23333333333333334,2.9466602258701697,2.9466602258701697
ar1_gaussian,gradual_flip,20261019,UCB-H2,13.062644518855336,5.0630711241484745,67.85416476379244,0.6190476190476191,0.5517241379310345,0.26666666666666666,5.8933204517403395,2.9466602258701697
ar1_gaussian,gradual_flip,20261019,TS-H0.5,11.805075047305197,13.068566553273495,96.6805108543724,0.7142857142857143,0.2413793103448276,0.0,1.4733301129350849,2.9466602258701697
ar1_gaussian,gradual_flip,20261019,TS-H1,9.937912137313887,13.824128331873068,87.65210958669087,0.8095238095238095,0.3103448275862069,0.16666666666666666,2.9466602258701697,2.9466602258701697
ar1_gaussian,gradual_flip,20261019,TS-H2,11.94099320840058,16.749852816740738,110.7352449331739,0.7619047619047619,0.2413793103448276,0.0,5.8933204517403395,2.9466602258701697
ar1_gaussian,gradual_flip,20261019,UCB-L5,13.062644518855336,5.1349411084443926,67.6591193034183,0.6190476190476191,0.5517241379310345,0.26666666666666666,5.0,2.9466602258701697
ar1_gaussian,gradual_flip,20261019,TS-L5,9.937912137313887,16.749852816740738,100.80615543125842,0.8095238095238095,0.2413793103448276,0.13333333333333333,5.0,2.9466602258701697
ar1_gaussian,gradual_flip,20261019,EG10-H1,19.25425869024046,13.764494982289733,92.91328130064156,0.7619047619047619,0.20689655172413793,0.03333333333333333,2.9466602258701697,2.9466602258701697
ar1_gaussian,gradual_flip,20261019,DUCB-H1,10.882185254580774,2.270992961965992,50.019010372619086,0.7142857142857143,0.7241379310344828,0.4666666666666667,2.9466602258701697,2.9466602258701697
ar1_gaussian,gradual_flip,20261019,DUCB-H2,10.882185254580774,2.915508764813877,60.61625851328076,0.7142857142857143,0.6896551724137931,0.36666666666666664,5.8933204517403395,2.9466602258701697
ar1_gaussian,gradual_flip,20261020,UCB,11.611600732098216,4.7546367666178275,33.65111793543955,0.6666666666666666,0.5517241379310345,0.5,0.0,3.1430957227749694
ar1_gaussian,gradual_flip,20261020,DUCB,11.124900295959756,3.7422875258527517,35.39480179756236,0.7142857142857143,0.6551724137931034,0.26666666666666666,0.0,3.1430957227749694
ar1_gaussian,gradual_flip,20261020,TS,10.158103432295432,17.484852876218767,96.60208184407327,0.8095238095238095,0.20689655172413793,0.0,0.0,3.1430957227749694
ar1_gaussian,gradual_flip,20261020,EG05,10.075410170046233,22.708625788300743,106.33675304822985,0.8095238095238095,0.20689655172413793,0.0,0.0,3.1430957227749694
ar1_gaussian,gradual_flip,20261020,EG10,13.809157530145796,19.330486995367202,94.85821814114841,0.7619047619047619,0.1724137931034483,0.0,0.0,3.1430957227749694
ar1_gaussian,gradual_flip,20261020,EG15,16.9511577845969,20.02510740078749,91.7590421179898,0.7619047619047619,0.20689655172413793,0.03333333333333333,0.0,3.1430957227749694
ar1_gaussian,gradual_flip,20261020,UCB-H0.5,11.611600732098216,5.5066591170720205,54.18379204957859,0.6666666666666666,0.5517241379310345,0.4,1.5715478613874847,3.1430957227749694
ar1_gaussian,gradual_flip,20261020,UCB-H1,11.611600732098216,5.495059499464803,67.17939630444374,0.6666666666666666,0.5517241379310345,0.3333333333333333,3.1430957227749694,3.1430957227749694
ar1_gaussian,gradual_flip,20261020,UCB-H2,11.611600732098216,5.5624704378331336,70.43229723840783,0.6666666666666666,0.5517241379310345,0.2,6.286191445549939,3.1430957227749694
ar1_gaussian,gradual_flip,20261020,TS-H0.5,10.10929609960197,12.582130560297385,75.74171215625474,0.8095238095238095,0.3103448275862069,0.16666666666666666,1.5715478613874847,3.1430957227749694
ar1_gaussian,gradual_flip,20261020,TS-H1,10.061310159336305,16.28068500733709,94.31664789130174,0.8095238095238095,0.20689655172413793,0.06666666666666667,3.1430957227749694,3.1430957227749694
ar1_gaussian,gradual_flip,20261020,TS-H2,10.047711535966753,16.049722662632337,100.3928019973987,0.8095238095238095,0.20689655172413793,0.0,6.286191445549939,3.1430957227749694
ar1_gaussian,gradual_flip,20261020,UCB-L5,11.611600732098216,5.615161396371715,67.71710862562257,0.6666666666666666,0.5517241379310345,0.26666666666666666,5.0,3.1430957227749694
ar1_gaussian,gradual_flip,20261020,TS-L5,10.047711535966753,15.018700836686515,94.23272178425368,0.8095238095238095,0.20689655172413793,0.0,5.0,3.1430957227749694
ar1_gaussian,gradual_flip,20261020,EG10-H1,20.345892217115484,10.946368809449366,92.07250838860638,0.7142857142857143,0.27586206896551724,0.0,3.1430957227749694,3.1430957227749694
ar1_gaussian,gradual_flip,20261020,DUCB-H1,11.124900295959756,4.286569768099837,58.97299754190117,0.7142857142857143,0.6206896551724138,0.13333333333333333,3.1430957227749694,3.1430957227749694
ar1_gaussian,gradual_flip,20261020,DUCB-H2,11.124900295959756,3.7432486627650574,72.2165453492433,0.7142857142857143,0.6206896551724138,0.06666666666666667,6.286191445549939,3.1430957227749694
ar1_gaussian,gradual_flip,20261021,UCB,14.35019259423078,6.329201008207481,50.70702058184789,0.6190476190476191,0.5172413793103449,0.06666666666666667,0.0,3.2472157812149613
ar1_gaussian,gradual_flip,20261021,DUCB,11.5842186077059,5.826639412471399,32.69977057882627,0.7142857142857143,0.5517241379310345,0.23333333333333334,0.0,3.2472157812149613
ar1_gaussian,gradual_flip,20261021,TS,13.464839408473047,17.110695526198725,104.2219399874277,0.6666666666666666,0.20689655172413793,0.0,0.0,3.2472157812149613
ar1_gaussian,gradual_flip,20261021,EG05,10.132206373640384,23.4328471271566,58.90555621910612,0.8571428571428571,0.1724137931034483,0.1,0.0,3.2472157812149613
ar1_gaussian,gradual_flip,20261021,EG10,10.132206373640384,18.215261948990733,108.12478977281096,0.8571428571428571,0.20689655172413793,0.03333333333333333,0.0,3.2472157812149613
ar1_gaussian,gradual_flip,20261021,EG15,10.132206373640384,29.32359416496663,88.76344123349999,0.8571428571428571,0.1724137931034483,0.0,0.0,3.2472157812149613
ar1_gaussian,gradual_flip,20261021,UCB-H0.5,12.19301909131669,3.5704380744928916,58.379265248690984,0.6666666666666666,0.5517241379310345,0.4,1.6236078906074807,3.2472157812149613
ar1_gaussian,gradual_flip,20261021,UCB-H1,12.114156280509048,5.575421667518688,63.11093579438786,0.6666666666666666,0.5172413793103449,0.43333333333333335,3.2472157812149613,3.2472157812149613
ar1_gaussian,gradual_flip,20261021,UCB-H2,12.114156280509048,5.1606717498884205,64.65709959283481,0.6666666666666666,0.5172413793103449,0.36666666666666664,6.494431562429923,3.2472157812149613
ar1_gaussian,gradual_flip,20261021,TS-H0.5,10.715693480079088,17.110695526198725,76.61138780722013,0.8095238095238095,0.20689655172413793,0.23333333333333334,1.6236078906074807,3.2472157812149613
ar1_gaussian,gradual_flip,20261021,TS-H1,12.773159660240756,17.110695526198725,102.00014881235452,0.7619047619047619,0.20689655172413793,0.0,3.2472157812149613,3.2472157812149613
ar1_gaussian,gradual_flip,20261021,TS-H2,10.704635640001188,17.110695526198725,101.34387693472475,0.8095238095238095,0.20689655172413793,0.1,6.494431562429923,3.2472157812149613
ar1_gaussian,gradual_flip,20261021,UCB-L5,12.114156280509048,5.550698308947622,66.55080149858,0.6666666666666666,0.5172413793103449,0.4,5.0,3.2472157812149613
ar1_gaussian,gradual_flip,20261021,TS-L5,10.668065709897368,15.698075543921355,97.85895894128348,0.8095238095238095,0.2413793103448276,0.2,5.0,3.2472157812149613
ar1_gaussian,gradual_flip,20261021,EG10-H1,10.132206373640384,23.669344402939192,102.19068575240783,0.8571428571428571,0.20689655172413793,0.03333333333333333,3.2472157812149613,3.2472157812149613
ar1_gaussian,gradual_flip,20261021,DUCB-H1,11.5842186077059,2.3167322744470735,53.315786714586594,0.7142857142857143,0.6551724137931034,0.4,3.2472157812149613,3.2472157812149613
ar1_gaussian,gradual_flip,20261021,DUCB-H2,11.726046330154363,3.332507234543715,64.58469150220999,0.7142857142857143,0.6551724137931034,0.3333333333333333,6.494431562429923,3.2472157812149613
ar1_gaussian,drastic_flip,20261018,UCB,15.22010041734022,0.0,154.4056434341795,0.725,0.0,0.0,0.0,3.2032248366430096
ar1_gaussian,drastic_flip,20261018,DUCB,12.25301405601646,0.0,107.31421323998876,0.8,0.0,0.0,0.0,3.2032248366430096
ar1_gaussian,drastic_flip,20261018,TS,12.246703825575361,0.0,192.49914326746818,0.8,0.0,0.0,0.0,3.2032248366430096
ar1_gaussian,drastic_flip,20261018,EG05,20.505590127995173,0.0,163.57611572983487,0.875,0.0,0.0,0.0,3.2032248366430096
ar1_gaussian,drastic_flip,20261018,EG10,27.240801124331373,0.0,170.34655840296568,0.825,0.0,0.05,0.0,3.2032248366430096
ar1_gaussian,drastic_flip,20261018,EG15,26.204890202719685,0.0,165.33355547271765,0.85,0.0,0.025,0.0,3.2032248366430096
ar1_gaussian,drastic_flip,20261018,UCB-H0.5,13.092030147079575,0.0,199.117333750342,0.75,0.0,0.0,1.6016124183215048,3.2032248366430096
ar1_gaussian,drastic_flip,20261018,UCB-H1,13.07756019361191,0.0,232.415352129977,0.75,0.0,0.0,3.2032248366430096,3.2032248366430096
ar1_gaussian,drastic_flip,20261018,UCB-H2,13.07756019361191,0.0,243.50287732131642,0.75,0.0,0.0,6.406449673286019,3.2032248366430096
ar1_gaussian,drastic_flip,20261018,TS-H0.5,10.856152602988104,0.0,238.47892041010985,0.875,0.0,0.0,1.6016124183215048,3.2032248366430096
ar1_gaussian,drastic_flip,20261018,TS-H1,10.856152602988104,0.0,267.5640747084197,0.875,0.0,0.0,3.2032248366430096,3.2032248366430096
ar1_gaussian,drastic_flip,20261018,TS-H2,10.308738025342068,0.0,267.79876794261196,0.9,0.0,0.0,6.406449673286019,3.2032248366430096
ar1_gaussian,drastic_flip,20261018,UCB-L5,13.07756019361191,0.0,243.50287732131642,0.75,0.0,0.0,5.0,3.2032248366430096
ar1_gaussian,drastic_flip,20261018,TS-L5,10.365576621706055,0.0,268.09077254117994,0.9,0.0,0.0,5.0,3.2032248366430096
ar1_gaussian,drastic_flip,20261018,EG10-H1,19.182469389778536,0.0,286.59769019724496,0.875,0.0,0.0,3.2032248366430096,3.2032248366430096
ar1_gaussian,drastic_flip,20261018,DUCB-H1,12.2341941672958,0.0,164.30226355630617,0.8,0.0,0.0,3.2032248366430096,3.2032248366430096
ar1_gaussian,drastic_flip,20261018,DUCB-H2,12.2341941672958,0.0,201.01874590728536,0.8,0.0,0.0,6.406449673286019,3.2032248366430096
ar1_gaussian,drastic_flip,20261019,UCB,14.666747358668534,0.0,147.20459539450243,0.725,0.0,0.0,0.0,2.9466602258701697
ar1_gaussian,drastic_flip,20261019,DUCB,13.406206795641578,0.0,100.4195281965563,0.8,0.0,0.0,0.0,2.9466602258701697
ar1_gaussian,drastic_flip,20261019,TS,12.7298226436161,0.0,193.0439230844073,0.825,0.0,0.0,0.0,2.9466602258701697
ar1_gaussian,drastic_flip,20261019,EG05,9.388418941149666,0.0,153.90325012260038,0.925,0.0,0.025,0.0,2.9466602258701697
ar1_gaussian,drastic_flip,20261019,EG10,18.310502671939616,0.0,155.9578688527491,0.875,0.0,0.05,0.0,2.9466602258701697
ar1_gaussian,drastic_flip,20261019,EG15,31.756741950652604,0.0,159.7358050539326,0.775,0.0,0.0,0.0,2.9466602258701697
ar1_gaussian,drastic_flip,20261019,UCB-H0.5,14.516874936310787,0.0,190.26926502456033,0.725,0.0,0.0,1.4733301129350849,2.9466602258701697
ar1_gaussian,drastic_flip,20261019,UCB-H1,14.655644404012307,0.0,223.25693111129888,0.725,0.0,0.0,2.9466602258701697,2.9466602258701697
ar1_gaussian,drastic_flip,20261019,UCB-H2,14.186691092512392,0.0,243.05826376343256,0.75,0.0,0.0,5.8933204517403395,2.9466602258701697
ar1_gaussian,drastic_flip,20261019,TS-H0.5,11.805075047305197,0.0,224.75720228420485,0.85,0.0,0.0,1.4733301129350849,2.9466602258701697
ar1_gaussian,drastic_flip,20261019,TS-H1,9.937912137313887,0.0,262.27183544587774,0.9,0.0,0.0,2.9466602258701697,2.9466602258701697
ar1_gaussian,drastic_flip,20261019,TS-H2,11.94099320840058,0.0,275.57158053536523,0.875,0.0,0.0,5.8933204517403395,2.9466602258701697
ar1_gaussian,drastic_flip,20261019,UCB-L5,14.186691092512392,0.0,243.05826376343256,0.75,0.0,0.0,5.0,2.9466602258701697
ar1_gaussian,drastic_flip,20261019,TS-L5,9.937912137313887,0.0,266.3284002096482,0.9,0.0,0.0,5.0,2.9466602258701697
ar1_gaussian,drastic_flip,20261019,EG10-H1,19.696199893363755,0.0,270.4557127884173,0.85,0.0,0.025,2.9466602258701697,2.9466602258701697
ar1_gaussian,drastic_flip,20261019,DUCB-H1,11.490150340830445,0.0,152.39458487935295,0.825,0.0,0.0,2.9466602258701697,2.9466602258701697
ar1_gaussian,drastic_flip,20261019,DUCB-H2,11.490150340830445,0.0,193.0804927814115,0.825,0.0,0.0,5.8933204517403395,2.9466602258701697
ar1_gaussian,drastic_flip,20261020,UCB,12.968636616175448,0.0,142.121417290187,0.75,0.0,0.0,0.0,3.1430957227749694
ar1_gaussian,drastic_flip,20261020,DUCB,12.071239140535857,0.0,99.24228247952963,0.8,0.0,0.0,0.0,3.1430957227749694
ar1_gaussian,drastic_flip,20261020,TS,10.158103432295432,0.0,185.8957863136261,0.9,0.0,0.0,0.0,3.1430957227749694
ar1_gaussian,drastic_flip,20261020,EG05,17.359111162370716,0.0,174.85895274725007,0.875,0.0,0.025,0.0,3.1430957227749694
ar1_gaussian,drastic_flip,20261020,EG10,23.629590079622318,0.0,168.9627995273164,0.8,0.0,0.025,0.0,3.1430957227749694
ar1_gaussian,drastic_flip,20261020,EG15,24.338576773725023,0.0,181.11560723487523,0.85,0.0,0.05,0.0,3.1430957227749694
ar1_gaussian,drastic_flip,20261020,UCB-H0.5,12.96220438741654,0.0,196.03261630189863,0.75,0.0,0.0,1.5715478613874847,3.1430957227749694
ar1_gaussian,drastic_flip,20261020,UCB-H1,12.96220438741654,0.0,229.9148993384274,0.75,0.0,0.0,3.1430957227749694,3.1430957227749694
ar1_gaussian,drastic_flip,20261020,UCB-H2,12.96220438741654,0.0,238.28789561640264,0.75,0.0,0.0,6.286191445549939,3.1430957227749694
ar1_gaussian,drastic_flip,20261020,TS-H0.5,10.10929609960197,0.0,234.83703146367895,0.9,0.0,0.0,1.5715478613874847,3.1430957227749694
ar1_gaussian,drastic_flip,20261020,TS-H1,10.061310159336305,0.0,268.26779821010257,0.9,0.0,0.0,3.1430957227749694,3.1430957227749694
ar1_gaussian,drastic_flip,20261020,TS-H2,10.047711535966753,0.0,258.6143395042551,0.9,0.0,0.0,6.286191445549939,3.1430957227749694
ar1_gaussian,drastic_flip,20261020,UCB-L5,12.96220438741654,0.0,238.28789561640264,0.75,0.0,0.0,5.0,3.1430957227749694
ar1_gaussian,drastic_flip,20261020,TS-L5,10.047711535966753,0.0,263.01279337153034,0.9,0.0,0.0,5.0,3.1430957227749694
ar1_gaussian,drastic_flip,20261020,EG10-H1,21.45989752200332,0.0,254.8812720920828,0.8,0.0,0.0,3.1430957227749694,3.1430957227749694
ar1_gaussian,drastic_flip,20261020,DUCB-H1,12.039798486319283,0.0,153.96660455785928,0.8,0.0,0.0,3.1430957227749694,3.1430957227749694
ar1_gaussian,drastic_flip,20261020,DUCB-H2,12.003165786170872,0.0,198.15825924341024,0.8,0.0,0.0,6.286191445549939,3.1430957227749694
ar1_gaussian,drastic_flip,20261021,UCB,15.823265845890933,0.0,148.21246970431505,0.725,0.0,0.0,0.0,3.2472157812149613
ar1_gaussian,drastic_flip,20261021,DUCB,14.189895774132662,0.0,103.64360665088299,0.8,0.0,0.0,0.0,3.2472157812149613
ar1_gaussian,drastic_flip,20261021,TS,13.464839408473047,0.0,192.73403718465968,0.825,0.0,0.0,0.0,3.2472157812149613
ar1_gaussian,drastic_flip,20261021,EG05,17.170935546111338,0.0,152.7136730831505,0.9,0.0,0.025,0.0,3.2472157812149613
ar1_gaussian,drastic_flip,20261021,EG10,10.132206373640384,0.0,155.64127927033547,0.925,0.0,0.05,0.0,3.2472157812149613
ar1_gaussian,drastic_flip,20261021,EG15,28.104232902414843,0.0,159.52518777837744,0.825,0.0,0.075,0.0,3.2472157812149613
ar1_gaussian,drastic_flip,20261021,UCB-H0.5,13.601828387544543,0.0,197.40955212253914,0.75,0.0,0.0,1.6236078906074807,3.2472157812149613
ar1_gaussian,drastic_flip,20261021,UCB-H1,13.568760498711704,0.0,228.3717329255502,0.75,0.0,0.0,3.2472157812149613,3.2472157812149613
ar1_gaussian,drastic_flip,20261021,UCB-H2,13.630688433662014,0.0,234.55519853766523,0.75,0.0,0.0,6.494431562429923,3.2472157812149613
ar1_gaussian,drastic_flip,20261021,TS-H0.5,10.715693480079088,0.0,243.42813616994053,0.9,0.0,0.0,1.6236078906074807,3.2472157812149613
ar1_gaussian,drastic_flip,20261021,TS-H1,12.773159660240756,0.0,262.5616147462675,0.875,0.0,0.0,3.2472157812149613,3.2472157812149613
ar1_gaussian,drastic_flip,20261021,TS-H2,10.704635640001188,0.0,270.8096618812445,0.9,0.0,0.0,6.494431562429923,3.2472157812149613
ar1_gaussian,drastic_flip,20261021,UCB-L5,13.669203411955806,0.0,233.4471868323991,0.75,0.0,0.0,5.0,3.2472157812149613
ar1_gaussian,drastic_flip,20261021,TS-L5,10.668065709897368,0.0,265.18254607304186,0.9,0.0,0.0,5.0,3.2472157812149613
ar1_gaussian,drastic_flip,20261021,EG10-H1,25.159993879062036,0.0,257.57952887372056,0.875,0.0,0.075,3.2472157812149613,3.2472157812149613
ar1_gaussian,drastic_flip,20261021,DUCB-H1,12.108986794338136,0.0,167.98369202147268,0.825,0.0,0.0,3.2472157812149613,3.2472157812149613
ar1_gaussian,drastic_flip,20261021,DUCB-H2,12.43267026177397,0.0,195.9257598777404,0.8,0.0,0.0,6.494431562429923,3.2472157812149613
ar1_gaussian,gradual_die,20261018,UCB,9.611677685872062,1.9598040094144409,7.563206173852414,0.8095238095238095,0.9310344827586207,0.5333333333333333,0.0,1.2126485654398562
ar1_gaussian,gradual_die,20261018,DUCB,7.388801102621482,3.6663265426763827,2.134574786362733,0.8571428571428571,0.9310344827586207,0.7666666666666667,0.0,1.2126485654398562
ar1_gaussian,gradual_die,20261018,TS,9.334061643934009,0.00028466960249529105,32.75206741639798,0.8095238095238095,0.9655172413793104,0.0,0.0,1.2126485654398562
ar1_gaussian,gradual_die,20261018,EG05,7.388801102621482,2.7316966014752455,35.49235109809597,0.8571428571428571,0.896551724137931,0.0,0.0,1.2126485654398562
ar1_gaussian,gradual_die,20261018,EG10,9.223244083357397,6.381243588265277,28.50705526119857,0.8095238095238095,0.8620689655172413,0.06666666666666667,0.0,1.2126485654398562
ar1_gaussian,gradual_die,20261018,EG15,11.259847387305857,3.834864472940699,35.71940439579336,0.8095238095238095,0.8275862068965517,0.0,0.0,1.2126485654398562
ar1_gaussian,gradual_die,20261018,UCB-H0.5,9.611677685872062,1.7574492401232416,7.563206173852414,0.8095238095238095,0.9310344827586207,0.5333333333333333,0.6063242827199281,1.2126485654398562
ar1_gaussian,gradual_die,20261018,UCB-H1,9.611677685872062,0.00028466960249529105,8.979561842668963,0.8095238095238095,0.9655172413793104,0.5333333333333333,1.2126485654398562,1.2126485654398562
ar1_gaussian,gradual_die,20261018,UCB-H2,9.611677685872062,0.00028466960249529105,7.563206173852414,0.8095238095238095,0.9655172413793104,0.5333333333333333,2.4252971308797124,1.2126485654398562
ar1_gaussian,gradual_die,20261018,TS-H0.5,9.565729263855825,1.7833064077459668,31.297347509194466,0.8095238095238095,0.9310344827586207,0.0,0.6063242827199281,1.2126485654398562
ar1_gaussian,gradual_die,20261018,TS-H1,9.505754200798068,0.00028466960249529105,31.297347509194466,0.8095238095238095,0.9655172413793104,0.0,1.2126485654398562,1.2126485654398562
ar1_gaussian,gradual_die,20261018,TS-H2,9.295256159991625,2.1090441690154407,31.297347509194466,0.8095238095238095,0.9310344827586207,0.0,2.4252971308797124,1.2126485654398562
ar1_gaussian,gradual_die,20261018,UCB-L5,9.611677685872062,0.00028466960249529105,7.563206173852414,0.8095238095238095,0.9655172413793104,0.5333333333333333,5.0,1.2126485654398562
ar1_gaussian,gradual_die,20261018,TS-L5,9.334061643934009,0.00028466960249529105,31.297347509194466,0.8095238095238095,0.9655172413793104,0.0,5.0,1.2126485654398562
ar1_gaussian,gradual_die,20261018,EG10-H1,9.300905381406464,1.4305017733248842,33.760003939990284,0.8095238095238095,0.9310344827586207,0.0,1.2126485654398562,1.2126485654398562
ar1_gaussian,gradual_die,20261018,DUCB-H1,7.388801102621482,0.9200400573602975,0.5335750401606025,0.8571428571428571,0.9310344827586207,0.9333333333333333,1.2126485654398562,1.2126485654398562
ar1_gaussian,gradual_die,20261018,DUCB-H2,7.388801102621482,0.5677588460972863,1.0954830275501268,0.8571428571428571,0.9310344827586207,0.8666666666666667,2.4252971308797124,1.2126485654398562
ar1_gaussian,gradual_die,20261019,UCB,8.85230915234197,1.244899964321671,1.4553929777552477,0.8095238095238095,0.9310344827586207,0.9,0.0,1.202948307377462
ar1_gaussian,gradual_die,20261019,DUCB,8.542069024564055,0.06444105726489802,0.12526942149094078,0.8095238095238095,0.9655172413793104,0.9666666666666667,0.0,1.202948307377462
ar1_gaussian,gradual_die,20261019,TS,8.904758582916108,1.2619106587409676,29.909221194630177,0.8095238095238095,0.9310344827586207,0.0,0.0,1.202948307377462
ar1_gaussian,gradual_die,20261019,EG05,6.820509966623266,0.0058352633357208195,28.698632143339545,0.8571428571428571,0.9655172413793104,0.03333333333333333,0.0,1.202948307377462
ar1_gaussian,gradual_die,20261019,EG10,10.36259018692426,1.6710177713761631,28.83487740166857,0.8095238095238095,0.896551724137931,0.03333333333333333,0.0,1.202948307377462
ar1_gaussian,gradual_die,20261019,EG15,10.920348133129085,8.551996377651118,35.635686261446295,0.7619047619047619,0.8275862068965517,0.0,0.0,1.202948307377462
ar1_gaussian,gradual_die,20261019,UCB-H0.5,8.85230915234197,0.9306069359173278,1.3913481564807615,0.8095238095238095,0.9310344827586207,0.8666666666666667,0.601474153688731,1.202948307377462
ar1_gaussian,gradual_die,20261019,UCB-H1,8.85230915234197,0.6423173770285509,0.909169982881914,0.8095238095238095,0.9310344827586207,0.8666666666666667,1.202948307377462,1.202948307377462
ar1_gaussian,gradual_die,20261019,UCB-H2,8.85230915234197,0.14363903862529237,0.7773112366423647,0.8095238095238095,0.9310344827586207,0.8666666666666667,2.405896614754924,1.202948307377462
ar1_gaussian,gradual_die,20261019,TS-H0.5,10.199500311243733,0.0058352633357208195,29.909221194630177,0.7619047619047619,0.9655172413793104,0.0,0.601474153688731,1.202948307377462
ar1_gaussian,gradual_die,20261019,TS-H1,11.754827698116376,1.997026462555909,29.909221194630177,0.7619047619047619,0.9310344827586207,0.0,1.202948307377462,1.202948307377462
ar1_gaussian,gradual_die,20261019,TS-H2,8.826018493483694,0.0058352633357208195,21.258022393572205,0.8095238095238095,0.9655172413793104,0.2,2.405896614754924,1.202948307377462
ar1_gaussian,gradual_die,20261019,UCB-L5,8.85230915234197,0.0058352633357208195,0.5229258878729671,0.8095238095238095,0.9655172413793104,0.9,5.0,1.202948307377462
ar1_gaussian,gradual_die,20261019,TS-L5,6.820509966623266,0.0058352633357208195,28.074750886866138,0.8571428571428571,0.9655172413793104,0.06666666666666667,5.0,1.202948307377462
ar1_gaussian,gradual_die,20261019,EG10-H1,10.653706495203473,5.857199635803527,31.2656238119654,0.7619047619047619,0.896551724137931,0.03333333333333333,1.202948307377462,1.202948307377462
ar1_gaussian,gradual_die,20261019,DUCB-H1,6.820509966623266,1.807715545171774,0.12336297171527533,0.8571428571428571,0.9310344827586207,0.9666666666666667,1.202948307377462,1.202948307377462
ar1_gaussian,gradual_die,20261019,DUCB-H2,6.820509966623266,0.0058352633357208195,2.8692723435118777,0.8571428571428571,0.9655172413793104,0.8333333333333334,2.405896614754924,1.202948307377462
ar1_gaussian,gradual_die,20261020,UCB,8.18066309303034,3.5968739457707244,0.9106948037737101,0.8571428571428571,0.9310344827586207,0.8333333333333334,0.0,1.3183538369572385
ar1_gaussian,gradual_die,20261020,DUCB,8.18066309303034,0.49544645631373496,0.4026159389606603,0.8571428571428571,0.9310344827586207,0.9333333333333333,0.0,1.3183538369572385
ar1_gaussian,gradual_die,20261020,TS,10.123317073613354,0.0,29.645566612305814,0.8095238095238095,1.0,0.0,0.0,1.3183538369572385
ar1_gaussian,gradual_die,20261020,EG05,11.535430706471818,1.5204105191545676,29.645566612305814,0.8095238095238095,0.9310344827586207,0.0,0.0,1.3183538369572385
ar1_gaussian,gradual_die,20261020,EG10,12.357707753223318,6.313118637675194,30.882626181068225,0.7619047619047619,0.896551724137931,0.03333333333333333,0.0,1.3183538369572385
ar1_gaussian,gradual_die,20261020,EG15,13.398786053534913,0.6268377431357617,30.24546043222128,0.7619047619047619,0.9655172413793104,0.06666666666666667,0.0,1.3183538369572385
ar1_gaussian,gradual_die,20261020,UCB-H0.5,8.18066309303034,1.098576502871633,3.1479524323852823,0.8571428571428571,0.9310344827586207,0.8666666666666667,0.6591769184786193,1.3183538369572385
ar1_gaussian,gradual_die,20261020,UCB-H1,8.18066309303034,0.8672016903444385,0.875235015630433,0.8571428571428571,0.9310344827586207,0.8666666666666667,1.3183538369572385,1.3183538369572385
ar1_gaussian,gradual_die,20261020,UCB-H2,8.18066309303034,0.448757526512664,0.5613516723248215,0.8571428571428571,0.9310344827586207,0.8666666666666667,2.636707673914477,1.3183538369572385
ar1_gaussian,gradual_die,20261020,TS-H0.5,10.456872949256525,1.6006817934497095,29.645566612305814,0.8095238095238095,0.9655172413793104,0.0,0.6591769184786193,1.3183538369572385
ar1_gaussian,gradual_die,20261020,TS-H1,8.18066309303034,0.0,20.564361000817648,0.8571428571428571,1.0,0.2,1.3183538369572385,1.3183538369572385
ar1_gaussian,gradual_die,20261020,TS-H2,8.18066309303034,0.0,24.271823185728785,0.8571428571428571,1.0,0.1,2.636707673914477,1.3183538369572385
ar1_gaussian,gradual_die,20261020,UCB-L5,8.18066309303034,0.08848196831967226,1.0262198415805495,0.8571428571428571,0.9655172413793104,0.8333333333333334,5.0,1.3183538369572385
ar1_gaussian,gradual_die,20261020,TS-L5,8.18066309303034,0.0,17.43137864048199,0.8571428571428571,1.0,0.23333333333333334,5.0,1.3183538369572385
ar1_gaussian,gradual_die,20261020,EG10-H1,15.053579245964755,8.104582973322692,29.645566612305814,0.7142857142857143,0.896551724137931,0.0,1.3183538369572385,1.3183538369572385
ar1_gaussian,gradual_die,20261020,DUCB-H1,8.18066309303034,0.08848196831967226,0.4026159389606603,0.8571428571428571,0.9655172413793104,0.9333333333333333,1.3183538369572385,1.3183538369572385
ar1_gaussian,gradual_die,20261020,DUCB-H2,8.18066309303034,0.0,0.45119999701439906,0.8571428571428571,1.0,0.9,2.636707673914477,1.3183538369572385
ar1_gaussian,gradual_die,20261021,UCB,11.652438326137212,0.0,21.27081729903263,0.7619047619047619,1.0,0.23333333333333334,0.0,1.2912565655995047
ar1_gaussian,gradual_die,20261021,DUCB,7.02457307790783,2.740874332829624,0.14284460169250313,0.8571428571428571,0.9310344827586207,0.9333333333333333,0.0,1.2912565655995047
ar1_gaussian,gradual_die,20261021,TS,10.373482425715206,0.0,28.798416424212412,0.7619047619047619,1.0,0.03333333333333333,0.0,1.2912565655995047
ar1_gaussian,gradual_die,20261021,EG05,7.02457307790783,1.9998455338207024,29.49577481365066,0.8571428571428571,0.9655172413793104,0.06666666666666667,0.0,1.2912565655995047
ar1_gaussian,gradual_die,20261021,EG10,7.02457307790783,0.23951719343899291,27.514550920541772,0.8571428571428571,0.9655172413793104,0.06666666666666667,0.0,1.2912565655995047
ar1_gaussian,gradual_die,20261021,EG15,7.02457307790783,6.249952546460838,29.391617430889458,0.8571428571428571,0.8275862068965517,0.1,0.0,1.2912565655995047
ar1_gaussian,gradual_die,20261021,UCB-H0.5,9.276732107082186,1.6313352834000998,1.255939339654481,0.8095238095238095,0.9655172413793104,0.8333333333333334,0.6456282827997524,1.2912565655995047
ar1_gaussian,gradual_die,20261021,UCB-H1,9.276732107082186,1.077758000435462,1.0056328604522138,0.8095238095238095,0.9310344827586207,0.9,1.2912565655995047,1.2912565655995047
ar1_gaussian,gradual_die,20261021,UCB-H2,9.276732107082186,0.6532897786785531,1.2003110545555873,0.8095238095238095,0.9310344827586207,0.8666666666666667,2.5825131311990095,1.2912565655995047
ar1_gaussian,gradual_die,20261021,TS-H0.5,7.02457307790783,0.0,22.513493186895044,0.8571428571428571,1.0,0.23333333333333334,0.6456282827997524,1.2912565655995047
ar1_gaussian,gradual_die,20261021,TS-H1,11.132243217752428,0.0,28.798416424212412,0.7619047619047619,1.0,0.03333333333333333,1.2912565655995047,1.2912565655995047
ar1_gaussian,gradual_die,20261021,TS-H2,7.02457307790783,0.5956740218172215,27.02115315902466,0.8571428571428571,0.9655172413793104,0.1,2.5825131311990095,1.2912565655995047
ar1_gaussian,gradual_die,20261021,UCB-L5,9.276732107082186,0.10671663719776181,1.255939339654481,0.8095238095238095,0.9310344827586207,0.8333333333333334,5.0,1.2912565655995047
ar1_gaussian,gradual_die,20261021,TS-L5,9.259096767048792,0.0,31.066162724768745,0.8095238095238095,1.0,0.03333333333333333,5.0,1.2912565655995047
ar1_gaussian,gradual_die,20261021,EG10-H1,7.02457307790783,3.843488942276878,31.59906738156148,0.8571428571428571,0.8620689655172413,0.1,1.2912565655995047,1.2912565655995047
ar1_gaussian,gradual_die,20261021,DUCB-H1,7.02457307790783,2.5475486444898365,0.5444131401455222,0.8571428571428571,0.9310344827586207,0.9333333333333333,1.2912565655995047,1.2912565655995047
ar1_gaussian,gradual_die,20261021,DUCB-H2,7.02457307790783,0.05761575686133158,1.148477462144717,0.8571428571428571,0.9655172413793104,0.8333333333333334,2.5825131311990095,1.2912565655995047
ar1_gaussian,drastic_die,20261018,UCB,11.549983983334364,0.0,17.394213087033368,0.875,0.0,0.775,0.0,1.2126485654398562
ar1_gaussian,drastic_die,20261018,DUCB,9.159818756293348,0.0,10.73232425017179,0.9,0.0,0.875,0.0,1.2126485654398562
ar1_gaussian,drastic_die,20261018,TS,9.334061643934009,0.0,85.14086422108593,0.9,0.0,0.0,0.0,1.2126485654398562
ar1_gaussian,drastic_die,20261018,EG05,11.057617962317481,0.0,82.87702734985461,0.875,0.0,0.0,0.0,1.2126485654398562
ar1_gaussian,drastic_die,20261018,EG10,17.07783238001109,0.0,76.33880541082848,0.825,0.0,0.05,0.0,1.2126485654398562
ar1_gaussian,drastic_die,20261018,EG15,14.43775184280926,0.0,81.72884062607574,0.85,0.0,0.025,0.0,1.2126485654398562
ar1_gaussian,drastic_die,20261018,UCB-H0.5,9.611677685872062,0.0,17.50447780468763,0.9,0.0,0.8,0.6063242827199281,1.2126485654398562
ar1_gaussian,drastic_die,20261018,UCB-H1,9.611677685872062,0.0,17.09857786798281,0.9,0.0,0.8,1.2126485654398562,1.2126485654398562
ar1_gaussian,drastic_die,20261018,UCB-H2,9.611677685872062,0.0,15.539109845806435,0.9,0.0,0.8,2.4252971308797124,1.2126485654398562
ar1_gaussian,drastic_die,20261018,TS-H0.5,9.565729263855825,0.0,82.31628700182719,0.9,0.0,0.0,0.6063242827199281,1.2126485654398562
ar1_gaussian,drastic_die,20261018,TS-H1,9.505754200798068,0.0,82.52722534843977,0.9,0.0,0.0,1.2126485654398562,1.2126485654398562
ar1_gaussian,drastic_die,20261018,TS-H2,9.295256159991625,0.0,82.97650096257246,0.9,0.0,0.0,2.4252971308797124,1.2126485654398562
ar1_gaussian,drastic_die,20261018,UCB-L5,9.611677685872062,0.0,15.539109845806435,0.9,0.0,0.8,5.0,1.2126485654398562
ar1_gaussian,drastic_die,20261018,TS-L5,9.334061643934009,0.0,29.72305824576869,0.9,0.0,0.625,5.0,1.2126485654398562
ar1_gaussian,drastic_die,20261018,EG10-H1,11.340985392613012,0.0,80.49831855683817,0.875,0.0,0.0,1.2126485654398562,1.2126485654398562
ar1_gaussian,drastic_die,20261018,DUCB-H1,7.388801102621482,0.0,1.83409205439205,0.925,0.0,0.975,1.2126485654398562,1.2126485654398562
ar1_gaussian,drastic_die,20261018,DUCB-H2,7.388801102621482,0.0,4.2320984640666595,0.925,0.0,0.95,2.4252971308797124,1.2126485654398562
ar1_gaussian,drastic_die,20261019,UCB,10.772346836827449,0.0,24.05820122478594,0.875,0.0,0.7,0.0,1.202948307377462
ar1_gaussian,drastic_die,20261019,DUCB,8.542069024564055,0.0,3.493090555230422,0.9,0.0,0.95,0.0,1.202948307377462
ar1_gaussian,drastic_die,20261019,TS,11.100925721399221,0.0,76.44560756281048,0.875,0.0,0.0,0.0,1.202948307377462
ar1_gaussian,drastic_die,20261019,EG05,6.820509966623266,0.0,74.77133529855597,0.925,0.0,0.025,0.0,1.202948307377462
ar1_gaussian,drastic_die,20261019,EG10,12.369556874629763,0.0,72.75853359978565,0.875,0.0,0.05,0.0,1.202948307377462
ar1_gaussian,drastic_die,20261019,EG15,20.601571987204704,0.0,80.66601072982579,0.775,0.0,0.0,0.0,1.202948307377462
ar1_gaussian,drastic_die,20261019,UCB-H0.5,10.858535135473902,0.0,22.378175022588547,0.875,0.0,0.725,0.601474153688731,1.202948307377462
ar1_gaussian,drastic_die,20261019,UCB-H1,8.85230915234197,0.0,3.493090555230422,0.9,0.0,0.95,1.202948307377462,1.202948307377462
ar1_gaussian,drastic_die,20261019,UCB-H2,8.85230915234197,0.0,12.800083535807808,0.9,0.0,0.825,2.405896614754924,1.202948307377462
ar1_gaussian,drastic_die,20261019,TS-H0.5,10.199500311243733,0.0,76.48566771923439,0.875,0.0,0.0,0.601474153688731,1.202948307377462
ar1_gaussian,drastic_die,20261019,TS-H1,13.67160845229181,0.0,76.48566771923439,0.85,0.0,0.0,1.202948307377462,1.202948307377462
ar1_gaussian,drastic_die,20261019,TS-H2,8.826018493483694,0.0,32.123177977340134,0.9,0.0,0.575,2.405896614754924,1.202948307377462
ar1_gaussian,drastic_die,20261019,UCB-L5,8.85230915234197,0.0,14.749074890753594,0.9,0.0,0.8,5.0,1.202948307377462
ar1_gaussian,drastic_die,20261019,TS-L5,6.820509966623266,0.0,20.674933845885025,0.925,0.0,0.75,5.0,1.202948307377462
ar1_gaussian,drastic_die,20261019,EG10-H1,14.259421849062782,0.0,73.49531441014683,0.85,0.0,0.025,1.202948307377462,1.202948307377462
ar1_gaussian,drastic_die,20261019,DUCB-H1,8.697658901706095,0.0,5.577882771496046,0.9,0.0,0.925,1.202948307377462,1.202948307377462
ar1_gaussian,drastic_die,20261019,DUCB-H2,6.820509966623266,0.0,13.356029975715533,0.925,0.0,0.85,2.405896614754924,1.202948307377462
ar1_gaussian,drastic_die,20261020,UCB,9.964727508534494,0.0,21.33475088048965,0.9,0.0,0.75,0.0,1.3183538369572385
ar1_gaussian,drastic_die,20261020,DUCB,8.18066309303034,0.0,2.01127778353876,0.925,0.0,0.975,0.0,1.3183538369572385
ar1_gaussian,drastic_die,20261020,TS,10.123317073613354,0.0,78.8961475136584,0.9,0.0,0.0,0.0,1.3183538369572385
ar1_gaussian,drastic_die,20261020,EG05,13.295354336141404,0.0,74.95814822375219,0.875,0.0,0.025,0.0,1.3183538369572385
ar1_gaussian,drastic_die,20261020,EG10,19.913598877786548,0.0,74.93463795534717,0.8,0.0,0.025,0.0,1.3183538369572385
ar1_gaussian,drastic_die,20261020,EG15,15.277688989968727,0.0,75.24195668015082,0.85,0.0,0.05,0.0,1.3183538369572385
ar1_gaussian,drastic_die,20261020,UCB-H0.5,10.089283626907877,0.0,19.63036804600306,0.9,0.0,0.775,0.6591769184786193,1.3183538369572385
ar1_gaussian,drastic_die,20261020,UCB-H1,8.18066309303034,0.0,3.921287373577088,0.925,0.0,0.95,1.3183538369572385,1.3183538369572385
ar1_gaussian,drastic_die,20261020,UCB-H2,8.18066309303034,0.0,13.543612527707955,0.925,0.0,0.825,2.636707673914477,1.3183538369572385
ar1_gaussian,drastic_die,20261020,TS-H0.5,10.456872949256525,0.0,78.74772962611182,0.9,0.0,0.0,0.6591769184786193,1.3183538369572385
ar1_gaussian,drastic_die,20261020,TS-H1,8.18066309303034,0.0,40.27434708354419,0.925,0.0,0.5,1.3183538369572385,1.3183538369572385
ar1_gaussian,drastic_die,20261020,TS-H2,8.18066309303034,0.0,25.09234561240222,0.925,0.0,0.675,2.636707673914477,1.3183538369572385
ar1_gaussian,drastic_die,20261020,UCB-L5,8.18066309303034,0.0,15.59661036998479,0.925,0.0,0.8,5.0,1.3183538369572385
ar1_gaussian,drastic_die,20261020,TS-L5,8.18066309303034,0.0,15.59661036998479,0.925,0.0,0.8,5.0,1.3183538369572385
ar1_gaussian,drastic_die,20261020,EG10-H1,22.51518261890778,0.0,76.93727685991537,0.8,0.0,0.0,1.3183538369572385,1.3183538369572385
ar1_gaussian,drastic_die,20261020,DUCB-H1,8.18066309303034,0.0,5.402484322562156,0.925,0.0,0.925,1.3183538369572385,1.3183538369572385
ar1_gaussian,drastic_die,20261020,DUCB-H2,8.18066309303034,0.0,9.39590710493021,0.925,0.0,0.875,2.636707673914477,1.3183538369572385
ar1_gaussian,drastic_die,20261021,UCB,11.652438326137212,0.0,29.30091966263686,0.875,0.0,0.65,0.0,1.2912565655995047
ar1_gaussian,drastic_die,20261021,DUCB,10.942043930182145,0.0,16.51714430364736,0.875,0.0,0.8,0.0,1.2912565655995047
ar1_gaussian,drastic_die,20261021,TS,10.373482425715206,0.0,76.61328117394577,0.875,0.0,0.0,0.0,1.2912565655995047
ar1_gaussian,drastic_die,20261021,EG05,9.22074278954747,0.0,77.11641324558585,0.9,0.0,0.025,0.0,1.2912565655995047
ar1_gaussian,drastic_die,20261021,EG10,7.02457307790783,0.0,51.11016692618233,0.925,0.0,0.35,0.0,1.2912565655995047
ar1_gaussian,drastic_die,20261021,EG15,14.430599624766135,0.0,63.26619692367346,0.825,0.0,0.175,0.0,1.2912565655995047
ar1_gaussian,drastic_die,20261021,UCB-H0.5,11.222214412583776,0.0,14.95069680349099,0.875,0.0,0.8,0.6456282827997524,1.2912565655995047
ar1_gaussian,drastic_die,20261021,UCB-H1,11.079844942271956,0.0,14.95069680349099,0.875,0.0,0.8,1.2912565655995047,1.2912565655995047
ar1_gaussian,drastic_die,20261021,UCB-H2,9.276732107082186,0.0,7.321249026841098,0.9,0.0,0.9,2.5825131311990095,1.2912565655995047
ar1_gaussian,drastic_die,20261021,TS-H0.5,7.02457307790783,0.0,43.154251770500004,0.925,0.0,0.5,0.6456282827997524,1.2912565655995047
ar1_gaussian,drastic_die,20261021,TS-H1,11.132243217752428,0.0,76.61328117394577,0.875,0.0,0.0,1.2912565655995047,1.2912565655995047
ar1_gaussian,drastic_die,20261021,TS-H2,7.02457307790783,0.0,19.408406413256007,0.925,0.0,0.775,2.5825131311990095,1.2912565655995047
ar1_gaussian,drastic_die,20261021,UCB-L5,9.276732107082186,0.0,14.95069680349099,0.9,0.0,0.8,5.0,1.2912565655995047
ar1_gaussian,drastic_die,20261021,TS-L5,9.259096767048792,0.0,45.10668753977799,0.9,0.0,0.45,5.0,1.2912565655995047
ar1_gaussian,drastic_die,20261021,EG10-H1,10.501411013703702,0.0,45.21958269421926,0.875,0.0,0.475,1.2912565655995047,1.2912565655995047
ar1_gaussian,drastic_die,20261021,DUCB-H1,7.02457307790783,0.0,8.164803953809402,0.925,0.0,0.925,1.2912565655995047,1.2912565655995047
ar1_gaussian,drastic_die,20261021,DUCB-H2,7.02457307790783,0.0,11.800369942238,0.925,0.0,0.875,2.5825131311990095,1.2912565655995047
ar1_gaussian,gradual_nonlin,20261018,UCB,8.83324615726011,3.129157538180063,2.0805536105981544,0.7142857142857143,0.7931034482758621,0.7,0.0,1.6528153898347449
ar1_gaussian,gradual_nonlin,20261018,DUCB,8.258282517936308,0.7300527426039818,0.10121862905997231,0.7619047619047619,0.896551724137931,0.9666666666666667,0.0,1.6528153898347449
ar1_gaussian,gradual_nonlin,20261018,TS,7.4347106445464775,0.0,12.467857653288076,0.8095238095238095,1.0,0.06666666666666667,0.0,1.6528153898347449
ar1_gaussian,gradual_nonlin,20261018,EG05,6.864565944549644,2.0902179193574515,17.78047725676047,0.8571428571428571,0.9310344827586207,0.06666666666666667,0.0,1.6528153898347449
ar1_gaussian,gradual_nonlin,20261018,EG10,7.544530570012508,6.6220665390973075,9.501172181002225,0.8095238095238095,0.896551724137931,0.13333333333333333,0.0,1.6528153898347449
ar1_gaussian,gradual_nonlin,20261018,EG15,11.588907636463873,2.4745543439797704,23.07607029675171,0.8095238095238095,0.8620689655172413,0.06666666666666667,0.0,1.6528153898347449
ar1_gaussian,gradual_nonlin,20261018,UCB-H0.5,8.164678907483612,1.9792737666608162,2.9468460619684795,0.7619047619047619,0.7586206896551724,0.8333333333333334,0.8264076949173724,1.6528153898347449
ar1_gaussian,gradual_nonlin,20261018,UCB-H1,8.164678907483612,1.6533746652953663,0.5834380780028905,0.7619047619047619,0.7931034482758621,0.8333333333333334,1.6528153898347449,1.6528153898347449
ar1_gaussian,gradual_nonlin,20261018,UCB-H2,8.164678907483612,1.332713342211238,0.23732512087462898,0.7619047619047619,0.8275862068965517,0.8666666666666667,3.3056307796694897,1.6528153898347449
ar1_gaussian,gradual_nonlin,20261018,TS-H0.5,7.511241365518072,1.7738697474880252,10.635388519489362,0.8095238095238095,0.9655172413793104,0.06666666666666667,0.8264076949173724,1.6528153898347449
ar1_gaussian,gradual_nonlin,20261018,TS-H1,7.571207055733179,0.0,10.635388519489362,0.8095238095238095,1.0,0.06666666666666667,1.6528153898347449,1.6528153898347449
ar1_gaussian,gradual_nonlin,20261018,TS-H2,7.511241365518072,0.0,10.635388519489362,0.8095238095238095,1.0,0.06666666666666667,3.3056307796694897,1.6528153898347449
ar1_gaussian,gradual_nonlin,20261018,UCB-L5,8.164678907483612,1.0686893346494462,0.29815378434883444,0.7619047619047619,0.8275862068965517,0.8666666666666667,5.0,1.6528153898347449
ar1_gaussian,gradual_nonlin,20261018,TS-L5,7.607657129479739,0.0,10.635388519489362,0.8095238095238095,1.0,0.06666666666666667,5.0,1.6528153898347449
ar1_gaussian,gradual_nonlin,20261018,EG10-H1,8.776670223334625,0.4769546911533888,19.551880123151804,0.8095238095238095,0.9655172413793104,0.06666666666666667,1.6528153898347449,1.6528153898347449
ar1_gaussian,gradual_nonlin,20261018,DUCB-H1,8.258282517936308,0.43797511757156043,0.30044258362211523,0.7619047619047619,0.896551724137931,0.9,1.6528153898347449,1.6528153898347449
ar1_gaussian,gradual_nonlin,20261018,DUCB-H2,8.258282517936308,0.2756951324343029,0.18857776496039919,0.7619047619047619,0.896551724137931,0.9333333333333333,3.3056307796694897,1.6528153898347449
ar1_gaussian,gradual_nonlin,20261019,UCB,10.46350999842694,1.4116319197321034,4.125377847816818,0.6666666666666666,0.7931034482758621,0.6666666666666666,0.0,1.5760395669111773
ar1_gaussian,gradual_nonlin,20261019,DUCB,10.093720941516585,0.8442046465444057,0.1473112398116282,0.7142857142857143,0.8620689655172413,0.9,0.0,1.5760395669111773
ar1_gaussian,gradual_nonlin,20261019,TS,9.510158461138069,0.0,10.224818384879901,0.7619047619047619,1.0,0.03333333333333333,0.0,1.5760395669111773
ar1_gaussian,gradual_nonlin,20261019,EG05,6.668999538697272,0.0,9.67354171946869,0.8571428571428571,1.0,0.06666666666666667,0.0,1.5760395669111773
ar1_gaussian,gradual_nonlin,20261019,EG10,10.991647573804402,0.4556647542009016,9.903846446631405,0.8095238095238095,0.9310344827586207,0.06666666666666667,0.0,1.5760395669111773
ar1_gaussian,gradual_nonlin,20261019,EG15,10.76883770520309,7.217882513693583,20.69053983853103,0.7619047619047619,0.8620689655172413,0.0,0.0,1.5760395669111773
ar1_gaussian,gradual_nonlin,20261019,UCB-H0.5,10.725242348961396,1.0881997413861277,1.0137786190939115,0.6666666666666666,0.8275862068965517,0.8,0.7880197834555887,1.5760395669111773
ar1_gaussian,gradual_nonlin,20261019,UCB-H1,9.799612770883522,1.8709936982076254,0.40750558842028844,0.7142857142857143,0.7586206896551724,0.8333333333333334,1.5760395669111773,1.5760395669111773
ar1_gaussian,gradual_nonlin,20261019,UCB-H2,9.799612770883522,1.4951988044146745,0.39458448372373744,0.7142857142857143,0.7931034482758621,0.8666666666666667,3.1520791338223546,1.5760395669111773
ar1_gaussian,gradual_nonlin,20261019,TS-H0.5,9.134904060991387,0.0,10.224818384879901,0.7619047619047619,1.0,0.03333333333333333,0.7880197834555887,1.5760395669111773
ar1_gaussian,gradual_nonlin,20261019,TS-H1,7.536400920166564,1.9564021003059402,10.224818384879901,0.8095238095238095,0.9655172413793104,0.03333333333333333,1.5760395669111773,1.5760395669111773
ar1_gaussian,gradual_nonlin,20261019,TS-H2,8.6745080655577,0.4821066576652371,10.224818384879901,0.8095238095238095,0.9655172413793104,0.03333333333333333,3.1520791338223546,1.5760395669111773
ar1_gaussian,gradual_nonlin,20261019,UCB-L5,9.799612770883522,1.2305264535301,0.2837026054331506,0.7142857142857143,0.8275862068965517,0.9,5.0,1.5760395669111773
ar1_gaussian,gradual_nonlin,20261019,TS-L5,7.262645166623494,0.0,11.929723551869161,0.8095238095238095,1.0,0.03333333333333333,5.0,1.5760395669111773
ar1_gaussian,gradual_nonlin,20261019,EG10-H1,8.99708093812415,8.338046620937348,22.041071750661168,0.7619047619047619,0.9310344827586207,0.06666666666666667,1.5760395669111773,1.5760395669111773
ar1_gaussian,gradual_nonlin,20261019,DUCB-H1,8.164093729346222,0.7187248528501857,0.1473112398116282,0.7619047619047619,0.8620689655172413,0.9,1.5760395669111773,1.5760395669111773
ar1_gaussian,gradual_nonlin,20261019,DUCB-H2,8.164093729346222,0.4943052924115714,0.21032493437464345,0.7619047619047619,0.896551724137931,0.9,3.1520791338223546,1.5760395669111773
ar1_gaussian,gradual_nonlin,20261020,UCB,9.021508218826906,1.5430917510863174,4.390003412707982,0.7142857142857143,0.7586206896551724,0.6666666666666666,0.0,1.6617484154716449
ar1_gaussian,gradual_nonlin,20261020,DUCB,8.925406038800427,0.46201521182579897,0.06326551085391979,0.7142857142857143,0.896551724137931,0.9666666666666667,0.0,1.6617484154716449
ar1_gaussian,gradual_nonlin,20261020,TS,7.9107260126897865,0.011270046496191288,9.666674962527635,0.8095238095238095,0.9655172413793104,0.03333333333333333,0.0,1.6617484154716449
ar1_gaussian,gradual_nonlin,20261020,EG05,11.392262887167563,0.5136426496291757,9.666674962527635,0.8095238095238095,0.896551724137931,0.03333333333333333,0.0,1.6617484154716449
ar1_gaussian,gradual_nonlin,20261020,EG10,11.37958211501658,6.620073011389255,16.84090000559696,0.7619047619047619,0.8620689655172413,0.06666666666666667,0.0,1.6617484154716449
ar1_gaussian,gradual_nonlin,20261020,EG15,11.899234564905498,0.2447912964569443,10.693877523496749,0.7619047619047619,0.9310344827586207,0.1,0.0,1.6617484154716449
ar1_gaussian,gradual_nonlin,20261020,UCB-H0.5,9.141221013371073,1.2073228457000353,1.2915471202102644,0.7142857142857143,0.7931034482758621,0.8,0.8308742077358224,1.6617484154716449
ar1_gaussian,gradual_nonlin,20261020,UCB-H1,8.518834358781836,1.5215620175548557,0.4560770423031428,0.7619047619047619,0.7931034482758621,0.8333333333333334,1.6617484154716449,1.6617484154716449
ar1_gaussian,gradual_nonlin,20261020,UCB-H2,8.518834358781836,1.0548212720669192,0.3887573535373495,0.7619047619047619,0.8275862068965517,0.8666666666666667,3.3234968309432897,1.6617484154716449
ar1_gaussian,gradual_nonlin,20261020,TS-H0.5,7.948811758043147,1.4478938228874105,9.666674962527635,0.8095238095238095,0.9310344827586207,0.03333333333333333,0.8308742077358224,1.6617484154716449
ar1_gaussian,gradual_nonlin,20261020,TS-H1,7.202537454823604,0.4135104380533798,9.666674962527635,0.8571428571428571,0.9310344827586207,0.03333333333333333,1.6617484154716449,1.6617484154716449
ar1_gaussian,gradual_nonlin,20261020,TS-H2,8.002149989044481,0.011270046496191288,9.666674962527635,0.8095238095238095,0.9655172413793104,0.03333333333333333,3.3234968309432897,1.6617484154716449
ar1_gaussian,gradual_nonlin,20261020,UCB-L5,8.518834358781836,0.7459894287902816,0.29396110626923183,0.7619047619047619,0.896551724137931,0.9333333333333333,5.0,1.6617484154716449
ar1_gaussian,gradual_nonlin,20261020,TS-L5,8.002149989044481,0.011270046496191288,9.666674962527635,0.8095238095238095,0.9655172413793104,0.03333333333333333,5.0,1.6617484154716449
ar1_gaussian,gradual_nonlin,20261020,EG10-H1,13.599568072141155,12.394307632642713,9.666674962527635,0.7142857142857143,0.8620689655172413,0.03333333333333333,1.6617484154716449,1.6617484154716449
ar1_gaussian,gradual_nonlin,20261020,DUCB-H1,8.267147643395603,0.7272137341422219,0.22980649902650574,0.7619047619047619,0.896551724137931,0.8666666666666667,1.6617484154716449,1.6617484154716449
ar1_gaussian,gradual_nonlin,20261020,DUCB-H2,8.267147643395603,0.43570274200332026,0.3887573535373495,0.7619047619047619,0.9310344827586207,0.8666666666666667,3.3234968309432897,1.6617484154716449
ar1_gaussian,gradual_nonlin,20261021,UCB,11.095415588541618,1.625073060692525,4.676711727736027,0.6666666666666666,0.7586206896551724,0.7,0.0,1.7350759902024426
ar1_gaussian,gradual_nonlin,20261021,DUCB,8.616844544830688,2.9810285770062537,0.09315155984861928,0.7619047619047619,0.896551724137931,0.9333333333333333,0.0,1.7350759902024426
ar1_gaussian,gradual_nonlin,20261021,TS,10.022591750955755,0.024198263329460012,10.93551316784665,0.7619047619047619,0.9655172413793104,0.03333333333333333,0.0,1.7350759902024426
ar1_gaussian,gradual_nonlin,20261021,EG05,7.299917007947196,0.4647652063596994,11.977515232425425,0.8571428571428571,0.9310344827586207,0.06666666666666667,0.0,1.7350759902024426
ar1_gaussian,gradual_nonlin,20261021,EG10,7.299917007947196,0.060624963716024494,10.613987617585783,0.8571428571428571,0.9310344827586207,0.06666666666666667,0.0,1.7350759902024426
ar1_gaussian,gradual_nonlin,20261021,EG15,7.299917007947196,4.554898035971788,17.827111850754456,0.8571428571428571,0.7931034482758621,0.1,0.0,1.7350759902024426
ar1_gaussian,gradual_nonlin,20261021,UCB-H0.5,8.874851823124756,3.1414058435186423,0.9218134342117872,0.7619047619047619,0.7241379310344828,0.8,0.8675379951012213,1.7350759902024426
ar1_gaussian,gradual_nonlin,20261021,UCB-H1,8.874851823124756,3.533044024103235,0.17836970705200372,0.7619047619047619,0.7241379310344828,0.9333333333333333,1.7350759902024426,1.7350759902024426
ar1_gaussian,gradual_nonlin,20261021,UCB-H2,8.874851823124756,1.2904078186102272,0.25951310717769654,0.7619047619047619,0.7586206896551724,0.9,3.4701519804048853,1.7350759902024426
ar1_gaussian,gradual_nonlin,20261021,TS-H0.5,7.299917007947196,0.6956395101177788,12.487430900315546,0.8571428571428571,0.9310344827586207,0.03333333333333333,0.8675379951012213,1.7350759902024426
ar1_gaussian,gradual_nonlin,20261021,TS-H1,10.272148457056845,0.024198263329460012,10.93551316784665,0.7619047619047619,0.9655172413793104,0.03333333333333333,1.7350759902024426,1.7350759902024426
ar1_gaussian,gradual_nonlin,20261021,TS-H2,7.975320594231912,0.024198263329460012,12.487430900315546,0.8095238095238095,0.9655172413793104,0.03333333333333333,3.4701519804048853,1.7350759902024426
ar1_gaussian,gradual_nonlin,20261021,UCB-L5,8.874851823124756,1.0545851888609228,0.3025208148800058,0.7619047619047619,0.8275862068965517,0.9,5.0,1.7350759902024426
ar1_gaussian,gradual_nonlin,20261021,TS-L5,7.975320594231912,0.024198263329460012,10.93551316784665,0.8095238095238095,0.9655172413793104,0.03333333333333333,5.0,1.7350759902024426
ar1_gaussian,gradual_nonlin,20261021,EG10-H1,7.299917007947196,4.757205986178317,13.871666412500609,0.8571428571428571,0.896551724137931,0.1,1.7350759902024426,1.7350759902024426
ar1_gaussian,gradual_nonlin,20261021,DUCB-H1,8.616844544830688,0.7442489067179625,0.06355602907132624,0.7619047619047619,0.9310344827586207,0.9666666666666667,1.7350759902024426,1.7350759902024426
ar1_gaussian,gradual_nonlin,20261021,DUCB-H2,8.616844544830688,0.47569417370918354,0.221377414754313,0.7619047619047619,0.9310344827586207,0.9333333333333333,3.4701519804048853,1.7350759902024426
ar1_gaussian,drastic_nonlin,20261018,UCB,11.537631176364464,0.0,4.1321395272976345,0.8,0.0,0.85,0.0,1.6528153898347449
ar1_gaussian,drastic_nonlin,20261018,DUCB,8.911370639910114,0.0,1.1057257407352996,0.85,0.0,0.95,0.0,1.6528153898347449
ar1_gaussian,drastic_nonlin,20261018,TS,7.4347106445464775,0.0,28.08181127413703,0.9,0.0,0.0,0.0,1.6528153898347449
ar1_gaussian,drastic_nonlin,20261018,EG05,9.313139985090995,0.0,33.7274824564263,0.875,0.0,0.0,0.0,1.6528153898347449
ar1_gaussian,drastic_nonlin,20261018,EG10,14.696418461209932,0.0,25.107547240924923,0.825,0.0,0.05,0.0,1.6528153898347449
ar1_gaussian,drastic_nonlin,20261018,EG15,12.8334492231477,0.0,39.59012807506487,0.85,0.0,0.025,0.0,1.6528153898347449
ar1_gaussian,drastic_nonlin,20261018,UCB-H0.5,9.55671781742567,0.0,4.787867368405834,0.825,0.0,0.9,0.8264076949173724,1.6528153898347449
ar1_gaussian,drastic_nonlin,20261018,UCB-H1,9.454483477315978,0.0,1.840199678270518,0.825,0.0,0.925,1.6528153898347449,1.6528153898347449
ar1_gaussian,drastic_nonlin,20261018,UCB-H2,8.86012419434074,0.0,2.420720331812747,0.85,0.0,0.9,3.3056307796694897,1.6528153898347449
ar1_gaussian,drastic_nonlin,20261018,TS-H0.5,7.511241365518072,0.0,28.53117147785307,0.9,0.0,0.0,0.8264076949173724,1.6528153898347449
ar1_gaussian,drastic_nonlin,20261018,TS-H1,7.571207055733179,0.0,26.756268180887766,0.9,0.0,0.0,1.6528153898347449,1.6528153898347449
ar1_gaussian,drastic_nonlin,20261018,TS-H2,7.511241365518072,0.0,22.974830284441243,0.9,0.0,0.15,3.3056307796694897,1.6528153898347449
ar1_gaussian,drastic_nonlin,20261018,UCB-L5,8.631325788865592,0.0,3.84194518060159,0.85,0.0,0.85,5.0,1.6528153898347449
ar1_gaussian,drastic_nonlin,20261018,TS-L5,7.607657129479739,0.0,13.369120467715481,0.9,0.0,0.475,5.0,1.6528153898347449
ar1_gaussian,drastic_nonlin,20261018,EG10-H1,9.500986606711225,0.0,35.42947050377269,0.875,0.0,0.0,1.6528153898347449,1.6528153898347449
ar1_gaussian,drastic_nonlin,20261018,DUCB-H1,8.258282517936308,0.0,0.5949290856001361,0.875,0.0,0.975,1.6528153898347449,1.6528153898347449
ar1_gaussian,drastic_nonlin,20261018,DUCB-H2,8.258282517936308,0.0,1.840199678270518,0.875,0.0,0.925,3.3056307796694897,1.6528153898347449
ar1_gaussian,drastic_nonlin,20261019,UCB,12.00421814440974,0.0,6.854102130624316,0.775,0.0,0.825,0.0,1.5760395669111773
ar1_gaussian,drastic_nonlin,20261019,DUCB,10.73009458138398,0.0,1.4006830794179868,0.825,0.0,0.95,0.0,1.5760395669111773
ar1_gaussian,drastic_nonlin,20261019,TS,9.510158461138069,0.0,27.20519837475241,0.875,0.0,0.0,0.0,1.5760395669111773
ar1_gaussian,drastic_nonlin,20261019,EG05,6.668999538697272,0.0,20.716525192785497,0.925,0.0,0.25,0.0,1.5760395669111773
ar1_gaussian,drastic_nonlin,20261019,EG10,11.601063311651615,0.0,20.78313253770785,0.875,0.0,0.25,0.0,1.5760395669111773
ar1_gaussian,drastic_nonlin,20261019,EG15,18.26787623957721,0.0,37.18974254146211,0.775,0.0,0.0,0.0,1.5760395669111773
ar1_gaussian,drastic_nonlin,20261019,UCB-H0.5,11.265431988842945,0.0,2.080577306456875,0.8,0.0,0.925,0.7880197834555887,1.5760395669111773
ar1_gaussian,drastic_nonlin,20261019,UCB-H1,10.927602489215728,0.0,2.1035162787778288,0.8,0.0,0.925,1.5760395669111773,1.5760395669111773
ar1_gaussian,drastic_nonlin,20261019,UCB-H2,10.61361273049607,0.0,2.934171307200519,0.825,0.0,0.9,3.1520791338223546,1.5760395669111773
ar1_gaussian,drastic_nonlin,20261019,TS-H0.5,9.134904060991387,0.0,27.20519837475241,0.875,0.0,0.0,0.7880197834555887,1.5760395669111773
ar1_gaussian,drastic_nonlin,20261019,TS-H1,7.536400920166564,0.0,29.030290538274908,0.9,0.0,0.0,1.5760395669111773,1.5760395669111773
ar1_gaussian,drastic_nonlin,20261019,TS-H2,9.234913157630709,0.0,12.433065096476202,0.875,0.0,0.55,3.1520791338223546,1.5760395669111773
ar1_gaussian,drastic_nonlin,20261019,UCB-L5,9.799612770883522,0.0,3.236088955855056,0.85,0.0,0.875,5.0,1.5760395669111773
ar1_gaussian,drastic_nonlin,20261019,TS-L5,7.262645166623494,0.0,9.574369234280782,0.9,0.0,0.7,5.0,1.5760395669111773
ar1_gaussian,drastic_nonlin,20261019,EG10-H1,13.209869697738657,0.0,39.68582583362192,0.85,0.0,0.125,1.5760395669111773,1.5760395669111773
ar1_gaussian,drastic_nonlin,20261019,DUCB-H1,8.164093729346222,0.0,0.6942439228447743,0.875,0.0,0.975,1.5760395669111773,1.5760395669111773
ar1_gaussian,drastic_nonlin,20261019,DUCB-H2,8.164093729346222,0.0,2.3596355938384557,0.875,0.0,0.925,3.1520791338223546,1.5760395669111773
ar1_gaussian,drastic_nonlin,20261020,UCB,10.277440450904534,0.0,6.695573368901467,0.8,0.0,0.8,0.0,1.6617484154716449
ar1_gaussian,drastic_nonlin,20261020,DUCB,9.646528117779768,0.0,1.4673605533263157,0.825,0.0,0.95,0.0,1.6617484154716449
ar1_gaussian,drastic_nonlin,20261020,TS,7.9107260126897865,0.0,26.0292026127299,0.9,0.0,0.0,0.0,1.6617484154716449
ar1_gaussian,drastic_nonlin,20261020,EG05,12.079490523716297,0.0,25.168177722851706,0.875,0.0,0.025,0.0,1.6617484154716449
ar1_gaussian,drastic_nonlin,20261020,EG10,18.268613001449673,0.0,32.33908861778148,0.8,0.0,0.025,0.0,1.6617484154716449
ar1_gaussian,drastic_nonlin,20261020,EG15,12.52079315482776,0.0,26.143632934441253,0.85,0.0,0.05,0.0,1.6617484154716449
ar1_gaussian,drastic_nonlin,20261020,UCB-H0.5,10.129684478032052,0.0,2.6727711686745166,0.8,0.0,0.9,0.8308742077358224,1.6617484154716449
ar1_gaussian,drastic_nonlin,20261020,UCB-H1,9.833393865755346,0.0,2.6125377523010678,0.825,0.0,0.9,1.6617484154716449,1.6617484154716449
ar1_gaussian,drastic_nonlin,20261020,UCB-H2,9.193971325388338,0.0,3.473562642179264,0.85,0.0,0.875,3.3234968309432897,1.6617484154716449
ar1_gaussian,drastic_nonlin,20261020,TS-H0.5,7.948811758043147,0.0,27.349325138804183,0.9,0.0,0.0,0.8308742077358224,1.6617484154716449
ar1_gaussian,drastic_nonlin,20261020,TS-H1,7.668521361310615,0.0,13.683280987413871,0.9,0.0,0.475,1.6617484154716449,1.6617484154716449
ar1_gaussian,drastic_nonlin,20261020,TS-H2,8.002149989044481,0.0,23.65789607424327,0.9,0.0,0.1,3.3234968309432897,1.6617484154716449
ar1_gaussian,drastic_nonlin,20261020,UCB-L5,8.518834358781836,0.0,3.7583832718703882,0.875,0.0,0.875,5.0,1.6617484154716449
ar1_gaussian,drastic_nonlin,20261020,TS-L5,8.002149989044481,0.0,12.657714863419235,0.9,0.0,0.525,5.0,1.6617484154716449
ar1_gaussian,drastic_nonlin,20261020,EG10-H1,22.653021299726532,0.0,29.267231258082084,0.8,0.0,0.0,1.6617484154716449,1.6617484154716449
ar1_gaussian,drastic_nonlin,20261020,DUCB-H1,9.010243330134431,0.0,1.970669190919136,0.85,0.0,0.925,1.6617484154716449,1.6617484154716449
ar1_gaussian,drastic_nonlin,20261020,DUCB-H2,8.267147643395603,0.0,2.0639143704814296,0.875,0.0,0.925,3.3234968309432897,1.6617484154716449
ar1_gaussian,drastic_nonlin,20261021,UCB,12.464906908376374,0.0,6.683444892969854,0.775,0.0,0.825,0.0,1.7350759902024426
ar1_gaussian,drastic_nonlin,20261021,DUCB,11.487571052684693,0.0,1.3769099389596706,0.825,0.0,0.95,0.0,1.7350759902024426
ar1_gaussian,drastic_nonlin,20261021,TS,10.022591750955755,0.0,17.972865528694168,0.875,0.0,0.325,0.0,1.7350759902024426
ar1_gaussian,drastic_nonlin,20261021,EG05,7.7967543953864045,0.0,28.0620407817832,0.9,0.0,0.025,0.0,1.7350759902024426
ar1_gaussian,drastic_nonlin,20261021,EG10,7.299917007947196,0.0,17.06782083436177,0.925,0.0,0.35,0.0,1.7350759902024426
ar1_gaussian,drastic_nonlin,20261021,EG15,12.34992366796002,0.0,28.495901470184382,0.825,0.0,0.2,0.0,1.7350759902024426
ar1_gaussian,drastic_nonlin,20261021,UCB-H0.5,11.447680230671894,0.0,2.1979940249148253,0.8,0.0,0.925,0.8675379951012213,1.7350759902024426
ar1_gaussian,drastic_nonlin,20261021,UCB-H1,10.124899600201037,0.0,5.138852528225435,0.825,0.0,0.875,1.7350759902024426,1.7350759902024426
ar1_gaussian,drastic_nonlin,20261021,UCB-H2,9.469612446698221,0.0,3.139144256404582,0.85,0.0,0.875,3.4701519804048853,1.7350759902024426
ar1_gaussian,drastic_nonlin,20261021,TS-H0.5,8.082863476330406,0.0,28.73889899494861,0.9,0.0,0.0,0.8675379951012213,1.7350759902024426
ar1_gaussian,drastic_nonlin,20261021,TS-H1,10.272148457056845,0.0,24.355698604761248,0.875,0.0,0.1,1.7350759902024426,1.7350759902024426
ar1_gaussian,drastic_nonlin,20261021,TS-H2,7.975320594231912,0.0,18.472169759787782,0.9,0.0,0.35,3.4701519804048853,1.7350759902024426
ar1_gaussian,drastic_nonlin,20261021,UCB-L5,8.874851823124756,0.0,3.073041693898774,0.875,0.0,0.875,5.0,1.7350759902024426
ar1_gaussian,drastic_nonlin,20261021,TS-L5,7.975320594231912,0.0,10.011909349573104,0.9,0.0,0.625,5.0,1.7350759902024426
ar1_gaussian,drastic_nonlin,20261021,EG10-H1,9.223208505951039,0.0,25.058575219909823,0.875,0.0,0.3,1.7350759902024426,1.7350759902024426
ar1_gaussian,drastic_nonlin,20261021,DUCB-H1,9.441944761841928,0.0,2.9656606272313266,0.85,0.0,0.875,1.7350759902024426,1.7350759902024426
ar1_gaussian,drastic_nonlin,20261021,DUCB-H2,8.616844544830688,0.0,2.5668286032176852,0.875,0.0,0.9,3.4701519804048853,1.7350759902024426
ar1_gaussian,gradual_noise,20261018,UCB,8.18186681999691,5.700150154121219,5.514789096525146,0.6666666666666666,0.7586206896551724,0.7333333333333333,0.0,1.686842976048512
ar1_gaussian,gradual_noise,20261018,DUCB,7.6847918788231935,4.68674366166514,15.47355281499342,0.7142857142857143,0.7586206896551724,0.5666666666666667,0.0,1.686842976048512
ar1_gaussian,gradual_noise,20261018,TS,8.526708183202723,0.0,1.840004303528927,0.7619047619047619,1.0,0.8666666666666667,0.0,1.686842976048512
ar1_gaussian,gradual_noise,20261018,EG05,6.221605229478191,2.5667429422344483,6.168343577909115,0.8571428571428571,0.9310344827586207,0.9333333333333333,0.0,1.686842976048512
ar1_gaussian,gradual_noise,20261018,EG10,7.910301786891116,6.71347672884808,4.20011190477586,0.8095238095238095,0.896551724137931,0.9,0.0,1.686842976048512
ar1_gaussian,gradual_noise,20261018,EG15,10.924874687318944,6.225772061804869,11.875083672641225,0.8095238095238095,0.8620689655172413,0.8666666666666667,0.0,1.686842976048512
ar1_gaussian,gradual_noise,20261018,UCB-H0.5,8.18186681999691,4.498587320379107,4.730110189089599,0.6666666666666666,0.7931034482758621,0.7666666666666667,0.843421488024256,1.686842976048512
ar1_gaussian,gradual_noise,20261018,UCB-H1,8.18186681999691,4.23335712042547,4.458718151027988,0.6666666666666666,0.7586206896551724,0.7666666666666667,1.686842976048512,1.686842976048512
ar1_gaussian,gradual_noise,20261018,UCB-H2,8.18186681999691,4.42652787194316,5.781854255300017,0.6666666666666666,0.7586206896551724,0.7333333333333333,3.373685952097024,1.686842976048512
ar1_gaussian,gradual_noise,20261018,TS-H0.5,8.765265595354096,0.0,1.665036576614768,0.7619047619047619,1.0,0.9,0.843421488024256,1.686842976048512
ar1_gaussian,gradual_noise,20261018,TS-H1,8.562893980882102,0.0,2.618332506500734,0.7619047619047619,1.0,0.8666666666666667,1.686842976048512,1.686842976048512
ar1_gaussian,gradual_noise,20261018,TS-H2,8.61118899765405,0.0,1.1155021956136109,0.7619047619047619,1.0,0.9,3.373685952097024,1.686842976048512
ar1_gaussian,gradual_noise,20261018,UCB-L5,8.18186681999691,2.5788315632983876,4.849360092276658,0.6666666666666666,0.7931034482758621,0.7333333333333333,5.0,1.686842976048512
ar1_gaussian,gradual_noise,20261018,TS-L5,8.54326864632505,0.0,2.1567806827039324,0.7619047619047619,1.0,0.8333333333333334,5.0,1.686842976048512
ar1_gaussian,gradual_noise,20261018,EG10-H1,6.68642366481161,1.8338161662558579,11.23253621592,0.8095238095238095,0.9655172413793104,0.8666666666666667,1.686842976048512,1.686842976048512
ar1_gaussian,gradual_noise,20261018,DUCB-H1,7.6847918788231935,4.390503404743421,11.789085833466073,0.7142857142857143,0.7586206896551724,0.6333333333333333,1.686842976048512,1.686842976048512
ar1_gaussian,gradual_noise,20261018,DUCB-H2,7.6847918788231935,4.889619609331223,12.451317062956681,0.7142857142857143,0.7586206896551724,0.6,3.373685952097024,1.686842976048512
ar1_gaussian,gradual_noise,20261019,UCB,8.53996489261777,5.405687806951953,4.017596315091276,0.6666666666666666,0.7586206896551724,0.7666666666666667,0.0,1.6193764045998453
ar1_gaussian,gradual_noise,20261019,DUCB,8.53694349465603,4.682359012695207,7.96798502427118,0.6666666666666666,0.7931034482758621,0.6,0.0,1.6193764045998453
ar1_gaussian,gradual_noise,20261019,TS,7.152688866467972,2.120884563104401,1.6906815260469876,0.8095238095238095,0.9655172413793104,0.8666666666666667,0.0,1.6193764045998453
ar1_gaussian,gradual_noise,20261019,EG05,6.717714819866233,0.0,2.6342733581549576,0.8571428571428571,1.0,0.9,0.0,1.6193764045998453
ar1_gaussian,gradual_noise,20261019,EG10,10.998927544327774,3.714687470270806,2.688433072026992,0.8095238095238095,0.9310344827586207,0.9,0.0,1.6193764045998453
ar1_gaussian,gradual_noise,20261019,EG15,7.770607532330843,8.756678015256323,9.575302959483768,0.7619047619047619,0.8620689655172413,0.8333333333333334,0.0,1.6193764045998453
ar1_gaussian,gradual_noise,20261019,UCB-H0.5,8.53996489261777,5.238566890402284,4.411857740405926,0.6666666666666666,0.7586206896551724,0.7666666666666667,0.8096882022999227,1.6193764045998453
ar1_gaussian,gradual_noise,20261019,UCB-H1,8.53996489261777,5.2626146962856115,4.266325995259043,0.6666666666666666,0.7586206896551724,0.7666666666666667,1.6193764045998453,1.6193764045998453
ar1_gaussian,gradual_noise,20261019,UCB-H2,8.53996489261777,5.150145718774025,2.2197444450344452,0.6666666666666666,0.7586206896551724,0.8,3.2387528091996907,1.6193764045998453
ar1_gaussian,gradual_noise,20261019,TS-H0.5,9.337339950267712,0.0,2.701928981437491,0.7619047619047619,1.0,0.8333333333333334,0.8096882022999227,1.6193764045998453
ar1_gaussian,gradual_noise,20261019,TS-H1,8.958332707402056,0.5895834693301274,1.030487966349516,0.7619047619047619,0.9655172413793104,0.9,1.6193764045998453,1.6193764045998453
ar1_gaussian,gradual_noise,20261019,TS-H2,7.099913054851328,0.6316462275282497,3.0481243786268464,0.8095238095238095,0.9655172413793104,0.8333333333333334,3.2387528091996907,1.6193764045998453
ar1_gaussian,gradual_noise,20261019,UCB-L5,8.53996489261777,3.123307265549503,4.682690353286563,0.6666666666666666,0.7931034482758621,0.7666666666666667,5.0,1.6193764045998453
ar1_gaussian,gradual_noise,20261019,TS-L5,7.064761232269847,1.1739112905716074,0.9093890266372449,0.8095238095238095,0.9310344827586207,0.9,5.0,1.6193764045998453
ar1_gaussian,gradual_noise,20261019,EG10-H1,9.190829233185731,8.614525036688079,17.407185865116247,0.7619047619047619,0.9310344827586207,0.8,1.6193764045998453,1.6193764045998453
ar1_gaussian,gradual_noise,20261019,DUCB-H1,8.53694349465603,4.968014715539496,6.186604140458247,0.6666666666666666,0.7931034482758621,0.6333333333333333,1.6193764045998453,1.6193764045998453
ar1_gaussian,gradual_noise,20261019,DUCB-H2,8.53694349465603,4.648548311786979,6.603734493998861,0.6666666666666666,0.7931034482758621,0.6333333333333333,3.2387528091996907,1.6193764045998453
ar1_gaussian,gradual_noise,20261020,UCB,9.884212871220837,4.666259647326673,4.361075061708824,0.6190476190476191,0.7586206896551724,0.7666666666666667,0.0,1.6955209903400432
ar1_gaussian,gradual_noise,20261020,DUCB,7.8323500096624725,5.735148939143134,12.246437666540153,0.7142857142857143,0.7586206896551724,0.6,0.0,1.6955209903400432
ar1_gaussian,gradual_noise,20261020,TS,8.769159267950918,0.0,1.78512203595069,0.7619047619047619,1.0,0.8666666666666667,0.0,1.6955209903400432
ar1_gaussian,gradual_noise,20261020,EG05,10.567682002273957,3.338960487012272,0.27056306603772784,0.8095238095238095,0.9310344827586207,0.9666666666666667,0.0,1.6955209903400432
ar1_gaussian,gradual_noise,20261020,EG10,7.440133571371738,6.813512957713885,10.696963771707631,0.7619047619047619,0.896551724137931,0.8333333333333334,0.0,1.6955209903400432
ar1_gaussian,gradual_noise,20261020,EG15,11.993706675016119,1.7547558683708622,4.307739146071269,0.7619047619047619,0.9655172413793104,0.8666666666666667,0.0,1.6955209903400432
ar1_gaussian,gradual_noise,20261020,UCB-H0.5,8.238161275178008,4.8840176564883535,5.055518254655044,0.6666666666666666,0.7586206896551724,0.7666666666666667,0.8477604951700216,1.6955209903400432
ar1_gaussian,gradual_noise,20261020,UCB-H1,8.238161275178008,4.79041173028074,5.345255430668848,0.6666666666666666,0.7586206896551724,0.7666666666666667,1.6955209903400432,1.6955209903400432
ar1_gaussian,gradual_noise,20261020,UCB-H2,8.238161275178008,4.973640155807908,4.240550106863193,0.6666666666666666,0.7586206896551724,0.7666666666666667,3.3910419806800864,1.6955209903400432
ar1_gaussian,gradual_noise,20261020,TS-H0.5,8.755757895792502,0.0,1.5771503392217683,0.7619047619047619,1.0,0.9,0.8477604951700216,1.6955209903400432
ar1_gaussian,gradual_noise,20261020,TS-H1,6.9258569016090386,0.0,5.063638653942878,0.8095238095238095,1.0,0.8,1.6955209903400432,1.6955209903400432
ar1_gaussian,gradual_noise,20261020,TS-H2,8.974810052989492,0.0,2.394608451993407,0.7619047619047619,1.0,0.8666666666666667,3.3910419806800864,1.6955209903400432
ar1_gaussian,gradual_noise,20261020,UCB-L5,8.238161275178008,2.868109766426662,4.312319034035667,0.6666666666666666,0.7931034482758621,0.8,5.0,1.6955209903400432
ar1_gaussian,gradual_noise,20261020,TS-L5,6.8913589496325525,0.0,1.1958700784630887,0.8095238095238095,1.0,0.9,5.0,1.6955209903400432
ar1_gaussian,gradual_noise,20261020,EG10-H1,13.178803088339238,13.312320940095542,1.011874611167639,0.7142857142857143,0.896551724137931,0.9333333333333333,1.6955209903400432,1.6955209903400432
ar1_gaussian,gradual_noise,20261020,DUCB-H1,7.8323500096624725,4.545591260113919,12.442010202606378,0.7142857142857143,0.7586206896551724,0.6,1.6955209903400432,1.6955209903400432
ar1_gaussian,gradual_noise,20261020,DUCB-H2,7.8323500096624725,4.530422962938682,7.0577037943307035,0.7142857142857143,0.7586206896551724,0.6,3.3910419806800864,1.6955209903400432
ar1_gaussian,gradual_noise,20261021,UCB,9.622923623023103,5.901977737002678,5.5199704449287665,0.6666666666666666,0.7586206896551724,0.7666666666666667,0.0,1.7607743580596478
ar1_gaussian,gradual_noise,20261021,DUCB,9.067063889454573,4.595053571529773,8.783219519297486,0.7142857142857143,0.7586206896551724,0.6,0.0,1.7607743580596478
ar1_gaussian,gradual_noise,20261021,TS,9.915424214215205,0.0,2.288687643203952,0.7619047619047619,1.0,0.8666666666666667,0.0,1.7607743580596478
ar1_gaussian,gradual_noise,20261021,EG05,7.459261490555196,1.757920067149703,2.5231003655953406,0.8571428571428571,0.9655172413793104,0.9,0.0,1.7607743580596478
ar1_gaussian,gradual_noise,20261021,EG10,7.459261490555196,2.5177965708955075,2.263713680245108,0.8571428571428571,0.9655172413793104,0.9333333333333333,0.0,1.7607743580596478
ar1_gaussian,gradual_noise,20261021,EG15,7.459261490555196,6.440027716489968,13.009850263820944,0.8571428571428571,0.8275862068965517,0.8,0.0,1.7607743580596478
ar1_gaussian,gradual_noise,20261021,UCB-H0.5,9.622923623023103,4.380700037603023,4.9179352303559085,0.6666666666666666,0.7931034482758621,0.7666666666666667,0.8803871790298239,1.7607743580596478
ar1_gaussian,gradual_noise,20261021,UCB-H1,9.622923623023103,4.3742207404879405,5.3733623804084445,0.6666666666666666,0.7931034482758621,0.7666666666666667,1.7607743580596478,1.7607743580596478
ar1_gaussian,gradual_noise,20261021,UCB-H2,9.622923623023103,2.809629634722805,4.124777371008976,0.6666666666666666,0.7931034482758621,0.7666666666666667,3.5215487161192955,1.7607743580596478
ar1_gaussian,gradual_noise,20261021,TS-H0.5,7.986265800759814,0.0,4.014359185582567,0.8095238095238095,1.0,0.8,0.8803871790298239,1.7607743580596478
ar1_gaussian,gradual_noise,20261021,TS-H1,7.986265800759814,0.0,4.484015885995779,0.8095238095238095,1.0,0.8,1.7607743580596478,1.7607743580596478
ar1_gaussian,gradual_noise,20261021,TS-H2,7.870355661285356,0.0,1.7020966725794782,0.8095238095238095,1.0,0.8666666666666667,3.5215487161192955,1.7607743580596478
ar1_gaussian,gradual_noise,20261021,UCB-L5,9.622923623023103,2.61276908650959,4.556886139701005,0.6666666666666666,0.7931034482758621,0.7666666666666667,5.0,1.7607743580596478
ar1_gaussian,gradual_noise,20261021,TS-L5,9.811350295869374,0.501476201086571,1.2786482892513198,0.7619047619047619,0.9655172413793104,0.9,5.0,1.7607743580596478
ar1_gaussian,gradual_noise,20261021,EG10-H1,7.459261490555196,9.730400851522292,5.286942503682273,0.8571428571428571,0.8620689655172413,0.8333333333333334,1.7607743580596478,1.7607743580596478
ar1_gaussian,gradual_noise,20261021,DUCB-H1,9.067063889454573,5.451153005219227,6.489773353661272,0.7142857142857143,0.7586206896551724,0.6333333333333333,1.7607743580596478,1.7607743580596478
ar1_gaussian,gradual_noise,20261021,DUCB-H2,9.067063889454573,2.93335643432372,8.751015992955915,0.7142857142857143,0.7931034482758621,0.6,3.5215487161192955,1.7607743580596478
ar1_gaussian,drastic_noise,20261018,UCB,11.040889414566593,0.0,10.434605519497318,0.725,0.0,0.75,0.0,1.686842976048512
ar1_gaussian,drastic_noise,20261018,DUCB,10.498077935165048,0.0,17.77362914237357,0.775,0.0,0.575,0.0,1.686842976048512
ar1_gaussian,drastic_noise,20261018,TS,8.526708183202723,0.0,6.28006923298968,0.875,0.0,0.825,0.0,1.686842976048512
ar1_gaussian,drastic_noise,20261018,EG05,8.860081855220258,0.0,6.699719113303182,0.875,0.0,0.925,0.0,1.686842976048512
ar1_gaussian,drastic_noise,20261018,EG10,14.717375269443249,0.0,4.409242517799146,0.825,0.0,0.9,0.0,1.686842976048512
ar1_gaussian,drastic_noise,20261018,EG15,14.928004427614086,0.0,14.136298090322516,0.85,0.0,0.85,0.0,1.686842976048512
ar1_gaussian,drastic_noise,20261018,UCB-H0.5,11.594890693309765,0.0,12.624076077054829,0.725,0.0,0.725,0.843421488024256,1.686842976048512
ar1_gaussian,drastic_noise,20261018,UCB-H1,9.450954702228184,0.0,9.270112601627277,0.75,0.0,0.775,1.686842976048512,1.686842976048512
ar1_gaussian,drastic_noise,20261018,UCB-H2,9.450954702228184,0.0,8.956576451206175,0.75,0.0,0.75,3.373685952097024,1.686842976048512
ar1_gaussian,drastic_noise,20261018,TS-H0.5,8.765265595354096,0.0,11.610411523498422,0.875,0.0,0.825,0.843421488024256,1.686842976048512
ar1_gaussian,drastic_noise,20261018,TS-H1,8.562893980882102,0.0,6.903998820784556,0.875,0.0,0.825,1.686842976048512,1.686842976048512
ar1_gaussian,drastic_noise,20261018,TS-H2,8.61118899765405,0.0,1.540736026478433,0.875,0.0,0.9,3.373685952097024,1.686842976048512
ar1_gaussian,drastic_noise,20261018,UCB-L5,9.450954702228184,0.0,10.398991388779855,0.75,0.0,0.75,5.0,1.686842976048512
ar1_gaussian,drastic_noise,20261018,TS-L5,8.54326864632505,0.0,2.055084900104007,0.875,0.0,0.875,5.0,1.686842976048512
ar1_gaussian,drastic_noise,20261018,EG10-H1,8.533499511773504,0.0,10.65600613877102,0.875,0.0,0.9,1.686842976048512,1.686842976048512
ar1_gaussian,drastic_noise,20261018,DUCB-H1,8.585809249994204,0.0,14.281024639565745,0.8,0.0,0.6,1.686842976048512,1.686842976048512
ar1_gaussian,drastic_noise,20261018,DUCB-H2,8.585809249994204,0.0,15.382854753413808,0.8,0.0,0.575,3.373685952097024,1.686842976048512
ar1_gaussian,drastic_noise,20261019,UCB,12.365655747919176,0.0,11.577111771420045,0.725,0.0,0.75,0.0,1.6193764045998453
ar1_gaussian,drastic_noise,20261019,DUCB,8.94866657314303,0.0,15.458809278016526,0.8,0.0,0.65,0.0,1.6193764045998453
ar1_gaussian,drastic_noise,20261019,TS,9.33196756450967,0.0,4.91008660959881,0.875,0.0,0.825,0.0,1.6193764045998453
ar1_gaussian,drastic_noise,20261019,EG05,6.717714819866233,0.0,2.702569588262031,0.925,0.0,0.95,0.0,1.6193764045998453
ar1_gaussian,drastic_noise,20261019,EG10,13.096070873906257,0.0,4.147232880897322,0.875,0.0,0.925,0.0,1.6193764045998453
ar1_gaussian,drastic_noise,20261019,EG15,16.456775529830654,0.0,12.352859435851773,0.775,0.0,0.85,0.0,1.6193764045998453
ar1_gaussian,drastic_noise,20261019,UCB-H0.5,9.980779441140985,0.0,5.583955533923355,0.75,0.0,0.775,0.8096882022999227,1.6193764045998453
ar1_gaussian,drastic_noise,20261019,UCB-H1,10.072397348909538,0.0,5.600681010334293,0.75,0.0,0.775,1.6193764045998453,1.6193764045998453
ar1_gaussian,drastic_noise,20261019,UCB-H2,10.072397348909538,0.0,5.44194401204216,0.75,0.0,0.775,3.2387528091996907,1.6193764045998453
ar1_gaussian,drastic_noise,20261019,TS-H0.5,9.337339950267712,0.0,7.149693692232484,0.875,0.0,0.825,0.8096882022999227,1.6193764045998453
ar1_gaussian,drastic_noise,20261019,TS-H1,8.958332707402056,0.0,3.1270125939587294,0.875,0.0,0.875,1.6193764045998453,1.6193764045998453
ar1_gaussian,drastic_noise,20261019,TS-H2,7.099913054851328,0.0,5.854986932682037,0.9,0.0,0.825,3.2387528091996907,1.6193764045998453
ar1_gaussian,drastic_noise,20261019,UCB-L5,10.072397348909538,0.0,5.952854734635639,0.75,0.0,0.8,5.0,1.6193764045998453
ar1_gaussian,drastic_noise,20261019,TS-L5,7.064761232269847,0.0,6.254013177865101,0.9,0.0,0.825,5.0,1.6193764045998453
ar1_gaussian,drastic_noise,20261019,EG10-H1,13.366661989936482,0.0,22.522376168188295,0.85,0.0,0.85,1.6193764045998453,1.6193764045998453
ar1_gaussian,drastic_noise,20261019,DUCB-H1,9.065199448198664,0.0,15.510997375207616,0.8,0.0,0.65,1.6193764045998453,1.6193764045998453
ar1_gaussian,drastic_noise,20261019,DUCB-H2,9.055759763725828,0.0,11.477705252329937,0.8,0.0,0.675,3.2387528091996907,1.6193764045998453
ar1_gaussian,drastic_noise,20261020,UCB,11.413585317522148,0.0,13.352179344138325,0.725,0.0,0.725,0.0,1.6955209903400432
ar1_gaussian,drastic_noise,20261020,DUCB,10.307821742712518,0.0,14.292751790305726,0.8,0.0,0.6,0.0,1.6955209903400432
ar1_gaussian,drastic_noise,20261020,TS,8.769159267950918,0.0,7.91285571342968,0.875,0.0,0.825,0.0,1.6955209903400432
ar1_gaussian,drastic_noise,20261020,EG05,12.43249647995505,0.0,1.7766381725127371,0.875,0.0,0.95,0.0,1.6955209903400432
ar1_gaussian,drastic_noise,20261020,EG10,14.26850270464421,0.0,10.642264469085859,0.8,0.0,0.85,0.0,1.6955209903400432
ar1_gaussian,drastic_noise,20261020,EG15,13.819795178263401,0.0,4.628509134370113,0.85,0.0,0.9,0.0,1.6955209903400432
ar1_gaussian,drastic_noise,20261020,UCB-H0.5,11.421533675526533,0.0,13.164810957956018,0.725,0.0,0.725,0.8477604951700216,1.6955209903400432
ar1_gaussian,drastic_noise,20261020,UCB-H1,9.592983865486357,0.0,11.613196737460772,0.75,0.0,0.75,1.6955209903400432,1.6955209903400432
ar1_gaussian,drastic_noise,20261020,UCB-H2,9.65173265135057,0.0,8.543106937889036,0.75,0.0,0.75,3.3910419806800864,1.6955209903400432
ar1_gaussian,drastic_noise,20261020,TS-H0.5,8.755757895792502,0.0,4.318512924441066,0.875,0.0,0.875,0.8477604951700216,1.6955209903400432
ar1_gaussian,drastic_noise,20261020,TS-H1,6.9258569016090386,0.0,5.384780481002234,0.9,0.0,0.825,1.6955209903400432,1.6955209903400432
ar1_gaussian,drastic_noise,20261020,TS-H2,8.974810052989492,0.0,5.825961614252128,0.875,0.0,0.825,3.3910419806800864,1.6955209903400432
ar1_gaussian,drastic_noise,20261020,UCB-L5,9.704036389332767,0.0,4.931200501460184,0.75,0.0,0.775,5.0,1.6955209903400432
ar1_gaussian,drastic_noise,20261020,TS-L5,6.8913589496325525,0.0,3.8748474197246825,0.9,0.0,0.875,5.0,1.6955209903400432
ar1_gaussian,drastic_noise,20261020,EG10-H1,22.167527228860628,0.0,4.806240619611936,0.8,0.0,0.925,1.6955209903400432,1.6955209903400432
ar1_gaussian,drastic_noise,20261020,DUCB-H1,8.334014591287183,0.0,11.808006190809856,0.825,0.0,0.7,1.6955209903400432,1.6955209903400432
ar1_gaussian,drastic_noise,20261020,DUCB-H2,8.264724537078077,0.0,10.409047999570788,0.825,0.0,0.675,3.3910419806800864,1.6955209903400432
ar1_gaussian,drastic_noise,20261021,UCB,13.063266144638828,0.0,5.895094486428437,0.725,0.0,0.775,0.0,1.7607743580596478
ar1_gaussian,drastic_noise,20261021,DUCB,9.775853732275667,0.0,11.251507133888458,0.8,0.0,0.675,0.0,1.7607743580596478
ar1_gaussian,drastic_noise,20261021,TS,9.915424214215205,0.0,8.983517563087174,0.875,0.0,0.8,0.0,1.7607743580596478
ar1_gaussian,drastic_noise,20261021,EG05,9.21780124156179,0.0,2.6054071228958153,0.9,0.0,0.925,0.0,1.7607743580596478
ar1_gaussian,drastic_noise,20261021,EG10,7.459261490555196,0.0,5.35748352598028,0.925,0.0,0.925,0.0,1.7607743580596478
ar1_gaussian,drastic_noise,20261021,EG15,11.918260737804022,0.0,15.245277479340134,0.825,0.0,0.825,0.0,1.7607743580596478
ar1_gaussian,drastic_noise,20261021,UCB-H0.5,11.11087813644429,0.0,5.237802139014054,0.75,0.0,0.775,0.8803871790298239,1.7607743580596478
ar1_gaussian,drastic_noise,20261021,UCB-H1,11.11087813644429,0.0,6.423808248027586,0.75,0.0,0.775,1.7607743580596478,1.7607743580596478
ar1_gaussian,drastic_noise,20261021,UCB-H2,11.135905587896524,0.0,5.876342793283985,0.75,0.0,0.775,3.5215487161192955,1.7607743580596478
ar1_gaussian,drastic_noise,20261021,TS-H0.5,7.986265800759814,0.0,5.752364905501752,0.9,0.0,0.85,0.8803871790298239,1.7607743580596478
ar1_gaussian,drastic_noise,20261021,TS-H1,7.986265800759814,0.0,5.829769054760662,0.9,0.0,0.825,1.7607743580596478,1.7607743580596478
ar1_gaussian,drastic_noise,20261021,TS-H2,7.870355661285356,0.0,5.490037374199456,0.9,0.0,0.825,3.5215487161192955,1.7607743580596478
ar1_gaussian,drastic_noise,20261021,UCB-L5,11.135905587896524,0.0,5.876342793283985,0.75,0.0,0.775,5.0,1.7607743580596478
ar1_gaussian,drastic_noise,20261021,TS-L5,9.811350295869374,0.0,6.31210229458566,0.875,0.0,0.85,5.0,1.7607743580596478
ar1_gaussian,drastic_noise,20261021,EG10-H1,11.175690478725922,0.0,11.721979787479004,0.875,0.0,0.825,1.7607743580596478,1.7607743580596478
ar1_gaussian,drastic_noise,20261021,DUCB-H1,9.860956793122236,0.0,11.794513449907704,0.8,0.0,0.65,1.7607743580596478,1.7607743580596478
ar1_gaussian,drastic_noise,20261021,DUCB-H2,9.88598424457447,0.0,11.729085002254942,0.8,0.0,0.65,3.5215487161192955,1.7607743580596478
california,gradual_relocate,20261018,UCB,7.082238344753864,3.5824990617326526,4.537851942235697,0.5714285714285714,0.5172413793103449,0.5,0.0,0.6599085617438257
california,gradual_relocate,20261018,DUCB,7.767476748241402,0.4498332746599593,3.8086992750400066,0.5714285714285714,0.8620689655172413,0.5333333333333333,0.0,0.6599085617438257
california,gradual_relocate,20261018,TS,6.0785978835349965,2.3863926569805005,9.720082544975462,0.7142857142857143,0.5517241379310345,0.1,0.0,0.6599085617438257
california,gradual_relocate,20261018,EG05,3.3691235481475075,3.222002091478597,11.20074062192604,0.8571428571428571,0.5517241379310345,0.03333333333333333,0.0,0.6599085617438257
california,gradual_relocate,20261018,EG10,4.757423878570721,4.1009436210202574,16.360216086278296,0.8095238095238095,0.4827586206896552,0.06666666666666667,0.0,0.6599085617438257
california,gradual_relocate,20261018,EG15,4.893394741008471,4.005009144932743,10.422605593496332,0.8095238095238095,0.5172413793103449,0.06666666666666667,0.0,0.6599085617438257
california,gradual_relocate,20261018,UCB-H0.5,7.212611475107565,2.1558717321981087,4.683410331774317,0.5714285714285714,0.6551724137931034,0.5333333333333333,0.32995428087191286,0.6599085617438257
california,gradual_relocate,20261018,UCB-H1,7.212611475107565,2.5033664947665217,5.078568738696297,0.5714285714285714,0.7241379310344828,0.5,0.6599085617438257,0.6599085617438257
california,gradual_relocate,20261018,UCB-H2,7.261629914753341,1.1304392453552357,1.1695228871924632,0.5714285714285714,0.7586206896551724,0.7,1.3198171234876515,0.6599085617438257
california,gradual_relocate,20261018,TS-H0.5,5.030270099115656,2.3863926569805005,16.57945515582013,0.7619047619047619,0.5517241379310345,0.0,0.32995428087191286,0.6599085617438257
california,gradual_relocate,20261018,TS-H1,4.652252928962731,3.2052743132267825,4.073880257747461,0.7619047619047619,0.5517241379310345,0.36666666666666664,0.6599085617438257,0.6599085617438257
california,gradual_relocate,20261018,TS-H2,6.271437446688111,2.3863926569805005,8.878490260621438,0.7142857142857143,0.5517241379310345,0.03333333333333333,1.3198171234876515,0.6599085617438257
california,gradual_relocate,20261018,UCB-L5,6.8363740536292585,0.5364793586957406,0.08620659508556466,0.6190476190476191,0.8275862068965517,0.9333333333333333,5.0,0.6599085617438257
california,gradual_relocate,20261018,TS-L5,6.137609761532145,1.9647995360044568,2.229312751552088,0.7142857142857143,0.6206896551724138,0.5333333333333333,5.0,0.6599085617438257
california,gradual_relocate,20261018,EG10-H1,3.762876756834622,3.2919330142642735,18.546297480263625,0.8095238095238095,0.5172413793103449,0.0,0.6599085617438257,0.6599085617438257
california,gradual_relocate,20261018,DUCB-H1,4.8998910637389965,2.244680974802876,0.29756564178474715,0.6666666666666666,0.7931034482758621,0.8666666666666667,0.6599085617438257,0.6599085617438257
california,gradual_relocate,20261018,DUCB-H2,4.474635202614914,2.0550279748005558,0.08620659508556466,0.7142857142857143,0.6896551724137931,0.9333333333333333,1.3198171234876515,0.6599085617438257
california,gradual_relocate,20261019,UCB,7.03345157650139,3.3513972045662497,4.649427311733125,0.5238095238095238,0.5862068965517241,0.6333333333333333,0.0,0.6451413843541519
california,gradual_relocate,20261019,DUCB,5.746780335755641,1.9054252749600837,1.5227228770354584,0.6190476190476191,0.6896551724137931,0.7,0.0,0.6451413843541519
california,gradual_relocate,20261019,TS,7.325072906267436,2.26784942550286,16.730315101107163,0.6666666666666666,0.5172413793103449,0.0,0.0,0.6451413843541519
california,gradual_relocate,20261019,EG05,3.1324599272259093,2.26784942550286,19.506486699959147,0.8571428571428571,0.5172413793103449,0.03333333333333333,0.0,0.6451413843541519
california,gradual_relocate,20261019,EG10,4.505950173455237,3.4322914465268073,19.685275661577478,0.8095238095238095,0.4827586206896552,0.0,0.0,0.6451413843541519
california,gradual_relocate,20261019,EG15,4.184765357433834,6.1316422890387035,16.06205168423671,0.7619047619047619,0.3793103448275862,0.06666666666666667,0.0,0.6451413843541519
california,gradual_relocate,20261019,UCB-H0.5,5.951086861708172,3.5525130254680746,1.6030395256481285,0.5714285714285714,0.5862068965517241,0.8666666666666667,0.32257069217707596,0.6451413843541519
california,gradual_relocate,20261019,UCB-H1,5.682367641827913,2.750746330644482,2.849635648717929,0.6190476190476191,0.5862068965517241,0.5666666666666667,0.6451413843541519,0.6451413843541519
california,gradual_relocate,20261019,UCB-H2,5.682367641827913,2.090394293657544,2.277013830662191,0.6190476190476191,0.5862068965517241,0.7666666666666667,1.2902827687083038,0.6451413843541519
california,gradual_relocate,20261019,TS-H0.5,6.769655077493025,2.26784942550286,15.922230781249505,0.7142857142857143,0.5172413793103449,0.0,0.32257069217707596,0.6451413843541519
california,gradual_relocate,20261019,TS-H1,5.966668398737675,2.26784942550286,16.274248805315764,0.7142857142857143,0.5172413793103449,0.0,0.6451413843541519,0.6451413843541519
california,gradual_relocate,20261019,TS-H2,3.454078896716103,3.7470265565088647,5.134183274156346,0.8095238095238095,0.4827586206896552,0.36666666666666664,1.2902827687083038,0.6451413843541519
california,gradual_relocate,20261019,UCB-L5,5.682367641827913,0.27738590465038865,0.7388917771759327,0.6190476190476191,0.7586206896551724,0.8,5.0,0.6451413843541519
california,gradual_relocate,20261019,TS-L5,4.936589665500928,2.747933114371674,5.3277991981661925,0.7619047619047619,0.5172413793103449,0.3,5.0,0.6451413843541519
california,gradual_relocate,20261019,EG10-H1,6.492636154720771,4.2741829948693315,19.89291518936664,0.7619047619047619,0.4827586206896552,0.03333333333333333,0.6451413843541519,0.6451413843541519
california,gradual_relocate,20261019,DUCB-H1,5.762185342387602,1.702356250123202,0.03539695898485162,0.6190476190476191,0.7241379310344828,0.9666666666666667,0.6451413843541519,0.6451413843541519
california,gradual_relocate,20261019,DUCB-H2,5.44890490856928,1.0129687886314016,0.7419425903051597,0.6666666666666666,0.6896551724137931,0.8,1.2902827687083038,0.6451413843541519
california,gradual_relocate,20261020,UCB,7.090382393093789,3.250600339716029,4.45439595423087,0.5238095238095238,0.5517241379310345,0.4,0.0,0.7036115542740055
california,gradual_relocate,20261020,DUCB,6.747300900404246,0.9203925616203654,0.6988986926179048,0.5714285714285714,0.7931034482758621,0.8333333333333334,0.0,0.7036115542740055
california,gradual_relocate,20261020,TS,5.752723522992528,2.128647859279404,13.355293377970712,0.7142857142857143,0.5172413793103449,0.0,0.0,0.7036115542740055
california,gradual_relocate,20261020,EG05,4.28942711463814,2.9407351737594976,13.960008426750747,0.8095238095238095,0.4827586206896552,0.0,0.0,0.7036115542740055
california,gradual_relocate,20261020,EG10,3.5191668487874317,4.799564874649483,19.041012309902204,0.7619047619047619,0.4482758620689655,0.0,0.0,0.7036115542740055
california,gradual_relocate,20261020,EG15,5.39353524800713,2.6364262710657087,8.032308339780775,0.7619047619047619,0.5172413793103449,0.06666666666666667,0.0,0.7036115542740055
california,gradual_relocate,20261020,UCB-H0.5,7.090382393093789,2.1785231707127197,3.0400794663549293,0.5238095238095238,0.6551724137931034,0.6333333333333333,0.35180577713700273,0.7036115542740055
california,gradual_relocate,20261020,UCB-H1,7.042141751765779,1.7787523638328453,1.641413873628241,0.5238095238095238,0.6551724137931034,0.6666666666666666,0.7036115542740055,0.7036115542740055
california,gradual_relocate,20261020,UCB-H2,6.812110228562649,1.2773686066688361,0.9547234813395805,0.5714285714285714,0.6896551724137931,0.7333333333333333,1.407223108548011,0.7036115542740055
california,gradual_relocate,20261020,TS-H0.5,5.757659786869325,2.128647859279404,9.44281608312439,0.7142857142857143,0.5172413793103449,0.0,0.35180577713700273,0.7036115542740055
california,gradual_relocate,20261020,TS-H1,3.1806874709966486,3.6317012937960476,8.133358731172954,0.8095238095238095,0.4827586206896552,0.13333333333333333,0.7036115542740055,0.7036115542740055
california,gradual_relocate,20261020,TS-H2,5.832452689667592,2.128647859279404,6.08573474441023,0.7142857142857143,0.5172413793103449,0.16666666666666666,1.407223108548011,0.7036115542740055
california,gradual_relocate,20261020,UCB-L5,6.812110228562649,0.3567214767488829,0.04894205256979606,0.5714285714285714,0.7931034482758621,0.9666666666666667,5.0,0.7036115542740055
california,gradual_relocate,20261020,TS-L5,4.652360729003854,2.128647859279404,2.809796226960276,0.7619047619047619,0.5172413793103449,0.4666666666666667,5.0,0.7036115542740055
california,gradual_relocate,20261020,EG10-H1,6.258937667489824,4.5338698661291374,19.243941035860423,0.7142857142857143,0.4482758620689655,0.0,0.7036115542740055,0.7036115542740055
california,gradual_relocate,20261020,DUCB-H1,5.593598904593991,1.8052949418660689,0.46037858594661246,0.6190476190476191,0.7931034482758621,0.7666666666666667,0.7036115542740055,0.7036115542740055
california,gradual_relocate,20261020,DUCB-H2,5.5634442285219015,1.2660411804309708,0.01639300898629703,0.6190476190476191,0.7931034482758621,0.9666666666666667,1.407223108548011,0.7036115542740055
california,gradual_relocate,20261021,UCB,7.043282169564161,3.57721352112461,3.2945701349497285,0.5238095238095238,0.5517241379310345,0.5666666666666667,0.0,0.5962553638563989
california,gradual_relocate,20261021,DUCB,6.434208374886067,1.1712239480566347,0.5513225533343922,0.5714285714285714,0.7931034482758621,0.9333333333333333,0.0,0.5962553638563989
california,gradual_relocate,20261021,TS,5.968177036730477,2.220302200776613,20.508242565838824,0.7142857142857143,0.5172413793103449,0.0,0.0,0.5962553638563989
california,gradual_relocate,20261021,EG05,2.6876248784469157,3.314423867184295,9.099173534468918,0.8571428571428571,0.4827586206896552,0.06666666666666667,0.0,0.5962553638563989
california,gradual_relocate,20261021,EG10,2.6876248784469157,2.3469365087303786,19.8947332692486,0.8571428571428571,0.5172413793103449,0.03333333333333333,0.0,0.5962553638563989
california,gradual_relocate,20261021,EG15,2.6876248784469157,4.031367075926019,14.737976761182606,0.8571428571428571,0.41379310344827586,0.0,0.0,0.5962553638563989
california,gradual_relocate,20261021,UCB-H0.5,7.043282169564161,3.0807201735990337,2.837717315314136,0.5238095238095238,0.6206896551724138,0.6333333333333333,0.29812768192819944,0.5962553638563989
california,gradual_relocate,20261021,UCB-H1,7.00297406899493,2.123721983795204,2.533077173223546,0.5238095238095238,0.6896551724137931,0.6333333333333333,0.5962553638563989,0.5962553638563989
california,gradual_relocate,20261021,UCB-H2,6.719616046522041,1.3795965022169536,1.5740478077426006,0.5714285714285714,0.7241379310344828,0.7333333333333333,1.1925107277127978,0.5962553638563989
california,gradual_relocate,20261021,TS-H0.5,2.920980297031317,4.054643693510142,9.713275420712218,0.8095238095238095,0.4827586206896552,0.03333333333333333,0.29812768192819944,0.5962553638563989
california,gradual_relocate,20261021,TS-H1,6.076148089528539,2.220302200776613,9.810974024744072,0.7142857142857143,0.5172413793103449,0.03333333333333333,0.5962553638563989,0.5962553638563989
california,gradual_relocate,20261021,TS-H2,6.154456979724851,2.220302200776613,10.960666524365603,0.7142857142857143,0.5172413793103449,0.0,1.1925107277127978,0.5962553638563989
california,gradual_relocate,20261021,UCB-L5,6.719616046522041,0.2015468149504978,0.03797765408253628,0.5714285714285714,0.8620689655172413,0.9666666666666667,5.0,0.5962553638563989
california,gradual_relocate,20261021,TS-L5,6.0632637287462865,2.220302200776613,4.331240766964077,0.7142857142857143,0.5172413793103449,0.3,5.0,0.5962553638563989
california,gradual_relocate,20261021,EG10-H1,2.6876248784469157,4.059533965334576,7.467410183991953,0.8571428571428571,0.4827586206896552,0.03333333333333333,0.5962553638563989,0.5962553638563989
california,gradual_relocate,20261021,DUCB-H1,6.323848620264788,0.6033333635164408,0.2656109989578938,0.5714285714285714,0.8620689655172413,0.8666666666666667,0.5962553638563989,0.5962553638563989
california,gradual_relocate,20261021,DUCB-H2,6.31634647100043,0.2684050599724583,0.03797765408253628,0.5714285714285714,0.8275862068965517,0.9666666666666667,1.1925107277127978,0.5962553638563989
california,drastic_relocate,20261018,UCB,9.614540369600412,0.0,8.974753464910254,0.625,0.0,0.725,0.0,0.6599085617438257
california,drastic_relocate,20261018,DUCB,8.082739461136907,0.0,15.745468470839453,0.75,0.0,0.0,0.0,0.6599085617438257
california,drastic_relocate,20261018,TS,6.0785978835349965,0.0,26.289214568250372,0.85,0.0,0.0,0.0,0.6599085617438257
california,drastic_relocate,20261018,EG05,5.324722749430107,0.0,26.17221222277374,0.875,0.0,0.0,0.0,0.6599085617438257
california,drastic_relocate,20261018,EG10,7.500041958416308,0.0,26.611530904254884,0.825,0.0,0.05,0.0,0.6599085617438257
california,drastic_relocate,20261018,EG15,7.432671840619185,0.0,25.64137749958807,0.85,0.0,0.025,0.0,0.6599085617438257
california,drastic_relocate,20261018,UCB-H0.5,10.142545430284223,0.0,10.203741002082285,0.65,0.0,0.675,0.32995428087191286,0.6599085617438257
california,drastic_relocate,20261018,UCB-H1,8.405275894161967,0.0,4.465754319109206,0.675,0.0,0.8,0.6599085617438257,0.6599085617438257
california,drastic_relocate,20261018,UCB-H2,8.195666339682358,0.0,7.179668878336484,0.7,0.0,0.8,1.3198171234876515,0.6599085617438257
california,drastic_relocate,20261018,TS-H0.5,5.030270099115656,0.0,27.435341487457794,0.875,0.0,0.0,0.32995428087191286,0.6599085617438257
california,drastic_relocate,20261018,TS-H1,4.652252928962731,0.0,23.254794615187333,0.875,0.0,0.0,0.6599085617438257,0.6599085617438257
california,drastic_relocate,20261018,TS-H2,6.271437446688111,0.0,21.913438446695913,0.85,0.0,0.0,1.3198171234876515,0.6599085617438257
california,drastic_relocate,20261018,UCB-L5,7.4271950208309665,0.0,9.869440835674133,0.75,0.0,0.8,5.0,0.6599085617438257
california,drastic_relocate,20261018,TS-L5,6.137609761532145,0.0,21.913438446695913,0.85,0.0,0.0,5.0,0.6599085617438257
california,drastic_relocate,20261018,EG10-H1,5.062627893327434,0.0,25.020770596290543,0.875,0.0,0.0,0.6599085617438257,0.6599085617438257
california,drastic_relocate,20261018,DUCB-H1,7.836335179137782,0.0,7.329572530818743,0.75,0.0,0.775,0.6599085617438257,0.6599085617438257
california,drastic_relocate,20261018,DUCB-H2,5.0821160604318605,0.0,4.06115656664171,0.8,0.0,0.9,1.3198171234876515,0.6599085617438257
california,drastic_relocate,20261019,UCB,10.970337174485762,0.0,10.599663053716748,0.6,0.0,0.625,0.0,0.6451413843541519
california,drastic_relocate,20261019,DUCB,7.505111619797966,0.0,7.949195065718551,0.725,0.0,0.65,0.0,0.6451413843541519
california,drastic_relocate,20261019,TS,7.325072906267436,0.0,29.174451300563636,0.825,0.0,0.0,0.0,0.6451413843541519
california,drastic_relocate,20261019,EG05,3.1324599272259093,0.0,31.856662714764862,0.925,0.0,0.025,0.0,0.6451413843541519
california,drastic_relocate,20261019,EG10,5.937613586448602,0.0,37.22577183940219,0.875,0.0,0.05,0.0,0.6451413843541519
california,drastic_relocate,20261019,EG15,8.815617086622433,0.0,29.593118517604974,0.775,0.0,0.0,0.0,0.6451413843541519
california,drastic_relocate,20261019,UCB-H0.5,8.798992784833102,0.0,7.227318257708568,0.65,0.0,0.75,0.32257069217707596,0.6451413843541519
california,drastic_relocate,20261019,UCB-H1,8.70844004939899,0.0,6.855597684966368,0.65,0.0,0.8,0.6451413843541519,0.6451413843541519
california,drastic_relocate,20261019,UCB-H2,8.368293986116283,0.0,7.127895532384683,0.675,0.0,0.775,1.2902827687083038,0.6451413843541519
california,drastic_relocate,20261019,TS-H0.5,6.769655077493025,0.0,25.947812708589424,0.85,0.0,0.0,0.32257069217707596,0.6451413843541519
california,drastic_relocate,20261019,TS-H1,5.966668398737675,0.0,27.461974313061,0.85,0.0,0.0,0.6451413843541519,0.6451413843541519
california,drastic_relocate,20261019,TS-H2,5.009137754748455,0.0,16.68777752266863,0.875,0.0,0.475,1.2902827687083038,0.6451413843541519
california,drastic_relocate,20261019,UCB-L5,6.26578143886995,0.0,7.870121964299534,0.75,0.0,0.8,5.0,0.6451413843541519
california,drastic_relocate,20261019,TS-L5,4.936589665500928,0.0,11.134693312482813,0.875,0.0,0.775,5.0,0.6451413843541519
california,drastic_relocate,20261019,EG10-H1,7.9277090411321565,0.0,26.147525419861683,0.85,0.0,0.025,0.6451413843541519,0.6451413843541519
california,drastic_relocate,20261019,DUCB-H1,6.342831990067983,0.0,1.4750857568339217,0.75,0.0,0.95,0.6451413843541519,0.6451413843541519
california,drastic_relocate,20261019,DUCB-H2,6.106152982452839,0.0,3.550419655419378,0.775,0.0,0.875,1.2902827687083038,0.6451413843541519
california,drastic_relocate,20261020,UCB,10.287092326238714,0.0,13.759268410326676,0.6,0.0,0.425,0.0,0.7036115542740055
california,drastic_relocate,20261020,DUCB,7.61424725246663,0.0,2.4929069315425396,0.7,0.0,0.875,0.0,0.7036115542740055
california,drastic_relocate,20261020,TS,5.752723522992528,0.0,28.20742797679919,0.85,0.0,0.0,0.0,0.7036115542740055
california,drastic_relocate,20261020,EG05,5.384989681043532,0.0,23.794942189771618,0.875,0.0,0.025,0.0,0.7036115542740055
california,drastic_relocate,20261020,EG10,6.882273141741869,0.0,24.46257540775883,0.8,0.0,0.025,0.0,0.7036115542740055
california,drastic_relocate,20261020,EG15,6.770577712785869,0.0,22.976243279837412,0.85,0.0,0.05,0.0,0.7036115542740055
california,drastic_relocate,20261020,UCB-H0.5,9.764022669752734,0.0,8.708210564408255,0.625,0.0,0.65,0.35180577713700273,0.7036115542740055
california,drastic_relocate,20261020,UCB-H1,7.999122041673727,0.0,4.3536780708378195,0.65,0.0,0.8,0.7036115542740055,0.7036115542740055
california,drastic_relocate,20261020,UCB-H2,7.912171752574141,0.0,5.39748456430679,0.675,0.0,0.8,1.407223108548011,0.7036115542740055
california,drastic_relocate,20261020,TS-H0.5,5.757659786869325,0.0,23.474629925359828,0.85,0.0,0.0,0.35180577713700273,0.7036115542740055
california,drastic_relocate,20261020,TS-H1,4.751227564959201,0.0,14.534074440918292,0.875,0.0,0.5,0.7036115542740055,0.7036115542740055
california,drastic_relocate,20261020,TS-H2,5.832452689667592,0.0,20.754794500117306,0.85,0.0,0.0,1.407223108548011,0.7036115542740055
california,drastic_relocate,20261020,UCB-L5,7.115886286807804,0.0,6.348938286967049,0.75,0.0,0.8,5.0,0.7036115542740055
california,drastic_relocate,20261020,TS-L5,4.652360729003854,0.0,8.954839632249243,0.875,0.0,0.8,5.0,0.7036115542740055
california,drastic_relocate,20261020,EG10-H1,8.702915245412255,0.0,25.686901272616783,0.8,0.0,0.0,0.7036115542740055,0.7036115542740055
california,drastic_relocate,20261020,DUCB-H1,7.614534625899196,0.0,3.9860802211818562,0.725,0.0,0.8,0.7036115542740055,0.7036115542740055
california,drastic_relocate,20261020,DUCB-H2,7.115996457130622,0.0,3.8999717525406514,0.75,0.0,0.8,1.407223108548011,0.7036115542740055
california,drastic_relocate,20261021,UCB,9.84340827021348,0.0,6.76722345786056,0.625,0.0,0.75,0.0,0.5962553638563989
california,drastic_relocate,20261021,DUCB,7.412451383649698,0.0,1.0860456764666393,0.7,0.0,0.975,0.0,0.5962553638563989
california,drastic_relocate,20261021,TS,5.968177036730477,0.0,28.322265250562346,0.85,0.0,0.0,0.0,0.5962553638563989
california,drastic_relocate,20261021,EG05,3.8944563225869473,0.0,23.57899536740686,0.9,0.0,0.025,0.0,0.5962553638563989
california,drastic_relocate,20261021,EG10,2.6876248784469157,0.0,25.502881246094535,0.925,0.0,0.05,0.0,0.5962553638563989
california,drastic_relocate,20261021,EG15,5.518108330974165,0.0,24.105887210731467,0.825,0.0,0.075,0.0,0.5962553638563989
california,drastic_relocate,20261021,UCB-H0.5,9.922835467158698,0.0,5.591745502208073,0.625,0.0,0.775,0.29812768192819944,0.5962553638563989
california,drastic_relocate,20261021,UCB-H1,8.202323049740505,0.0,6.611684503553731,0.7,0.0,0.75,0.5962553638563989,0.5962553638563989
california,drastic_relocate,20261021,UCB-H2,8.044721081804035,0.0,7.145015617594229,0.7,0.0,0.775,1.1925107277127978,0.5962553638563989
california,drastic_relocate,20261021,TS-H0.5,5.499593642074639,0.0,26.066732977774763,0.85,0.0,0.0,0.29812768192819944,0.5962553638563989
california,drastic_relocate,20261021,TS-H1,6.076148089528539,0.0,26.29823523072606,0.85,0.0,0.0,0.5962553638563989,0.5962553638563989
california,drastic_relocate,20261021,TS-H2,6.154456979724851,0.0,23.028441091376944,0.85,0.0,0.0,1.1925107277127978,0.5962553638563989
california,drastic_relocate,20261021,UCB-L5,6.719616046522041,0.0,7.271876633467196,0.775,0.0,0.8,5.0,0.5962553638563989
california,drastic_relocate,20261021,TS-L5,6.0632637287462865,0.0,19.46770133746022,0.85,0.0,0.0,5.0,0.5962553638563989
california,drastic_relocate,20261021,EG10-H1,5.20068714882707,0.0,21.74824299194846,0.875,0.0,0.075,0.5962553638563989,0.5962553638563989
california,drastic_relocate,20261021,DUCB-H1,6.764004261262647,0.0,3.704351750935798,0.75,0.0,0.85,0.5962553638563989,0.5962553638563989
california,drastic_relocate,20261021,DUCB-H2,6.5338639737140864,0.0,4.377094691206681,0.75,0.0,0.8,1.1925107277127978,0.5962553638563989
california,gradual_flip,20261018,UCB,9.995902411869407,3.50384661558851,29.9070874139446,0.5714285714285714,0.5517241379310345,0.3333333333333333,0.0,2.296563924944097
california,gradual_flip,20261018,DUCB,9.745705423839864,3.2716726942555434,23.568797844964173,0.6190476190476191,0.5862068965517241,0.4666666666666667,0.0,2.296563924944097
california,gradual_flip,20261018,TS,8.432946780170244,12.196061269282746,65.99697301839642,0.6190476190476191,0.1724137931034483,0.0,0.0,2.296563924944097
california,gradual_flip,20261018,EG05,6.836884223292131,15.234460829303716,36.324013129627815,0.8571428571428571,0.20689655172413793,0.16666666666666666,0.0,2.296563924944097
california,gradual_flip,20261018,EG10,11.997881040462529,13.106286967596679,54.26874729645222,0.8095238095238095,0.2413793103448276,0.06666666666666667,0.0,2.296563924944097
california,gradual_flip,20261018,EG15,7.235161077870324,20.594678765429904,34.58908755151929,0.8095238095238095,0.20689655172413793,0.2,0.0,2.296563924944097
california,gradual_flip,20261018,UCB-H0.5,9.995902411869407,4.0526230402215315,38.02902950743047,0.5714285714285714,0.5517241379310345,0.43333333333333335,1.1482819624720484,2.296563924944097
california,gradual_flip,20261018,UCB-H1,9.995902411869407,3.228655082366388,46.15324040725499,0.5714285714285714,0.5517241379310345,0.43333333333333335,2.296563924944097,2.296563924944097
california,gradual_flip,20261018,UCB-H2,9.995902411869407,3.8421620199226147,45.48514644105477,0.5714285714285714,0.5862068965517241,0.43333333333333335,4.593127849888194,2.296563924944097
california,gradual_flip,20261018,TS-H0.5,8.431459360590505,12.512076140467679,74.74223357021717,0.7619047619047619,0.20689655172413793,0.0,1.1482819624720484,2.296563924944097
california,gradual_flip,20261018,TS-H1,8.560443851371952,12.512076140467679,73.76877666778577,0.7142857142857143,0.20689655172413793,0.0,2.296563924944097,2.296563924944097
california,gradual_flip,20261018,TS-H2,7.131019489914013,9.441918900569025,66.48964438459235,0.8095238095238095,0.27586206896551724,0.13333333333333333,4.593127849888194,2.296563924944097
california,gradual_flip,20261018,UCB-L5,9.995902411869407,3.8282233902977065,46.22906237085583,0.5714285714285714,0.5517241379310345,0.43333333333333335,5.0,2.296563924944097
california,gradual_flip,20261018,TS-L5,8.462860414422641,6.275628646717289,65.54517574985093,0.7619047619047619,0.3103448275862069,0.0,5.0,2.296563924944097
california,gradual_flip,20261018,EG10-H1,8.087219176118076,16.271385772580246,81.30869668133752,0.8095238095238095,0.20689655172413793,0.0,2.296563924944097,2.296563924944097
california,gradual_flip,20261018,DUCB-H1,9.745705423839864,2.976221511389877,35.41684067486083,0.6190476190476191,0.6206896551724138,0.3,2.296563924944097,2.296563924944097
california,gradual_flip,20261018,DUCB-H2,9.745705423839864,2.774888490296382,43.25152932945983,0.6190476190476191,0.6206896551724138,0.26666666666666666,4.593127849888194,2.296563924944097
california,gradual_flip,20261019,UCB,10.174574165766163,5.529962076461221,28.74195335882046,0.5714285714285714,0.4827586206896552,0.3,0.0,2.4248698082582067
california,gradual_flip,20261019,DUCB,8.189018519239148,4.746444919643838,22.956140123325397,0.6666666666666666,0.5517241379310345,0.26666666666666666,0.0,2.4248698082582067
california,gradual_flip,20261019,TS,7.931590109985398,13.236743948766602,42.23626114676762,0.7142857142857143,0.2413793103448276,0.13333333333333333,0.0,2.4248698082582067
california,gradual_flip,20261019,EG05,6.660026570850238,13.113391679488949,78.94391804507245,0.8571428571428571,0.2413793103448276,0.03333333333333333,0.0,2.4248698082582067
california,gradual_flip,20261019,EG10,6.983369292063355,17.91042478760329,77.67453398664058,0.8095238095238095,0.2413793103448276,0.0,0.0,2.4248698082582067
california,gradual_flip,20261019,EG15,9.515254334366418,20.16663305783587,64.39398468447502,0.7619047619047619,0.1724137931034483,0.06666666666666667,0.0,2.4248698082582067
california,gradual_flip,20261019,UCB-H0.5,8.44608087403171,3.5953543676875372,37.4951247404802,0.6190476190476191,0.5517241379310345,0.4,1.2124349041291034,2.4248698082582067
california,gradual_flip,20261019,UCB-H1,8.44608087403171,2.923356579634933,45.85283207800158,0.6190476190476191,0.5517241379310345,0.4666666666666667,2.4248698082582067,2.4248698082582067
california,gradual_flip,20261019,UCB-H2,8.470302491268574,3.453555826465222,47.845212563615895,0.6190476190476191,0.6206896551724138,0.4666666666666667,4.8497396165164135,2.4248698082582067
california,gradual_flip,20261019,TS-H0.5,8.78407594337345,13.113391679488949,77.96424307375179,0.7142857142857143,0.2413793103448276,0.0,1.2124349041291034,2.4248698082582067
california,gradual_flip,20261019,TS-H1,7.069898795480148,9.505682840202759,62.365922002233006,0.8095238095238095,0.3103448275862069,0.13333333333333333,2.4248698082582067,2.4248698082582067
california,gradual_flip,20261019,TS-H2,7.031120567840744,12.176301502413594,68.25232166275099,0.8095238095238095,0.2413793103448276,0.2,4.8497396165164135,2.4248698082582067
california,gradual_flip,20261019,UCB-L5,8.470302491268574,3.453555826465222,47.845212563615895,0.6190476190476191,0.6206896551724138,0.4666666666666667,5.0,2.4248698082582067
california,gradual_flip,20261019,TS-L5,7.069898795480148,12.176301502413594,70.9497512928321,0.8095238095238095,0.2413793103448276,0.13333333333333333,5.0,2.4248698082582067
california,gradual_flip,20261019,EG10-H1,13.821440067666213,10.719308122702857,68.76629277257975,0.7619047619047619,0.20689655172413793,0.03333333333333333,2.4248698082582067,2.4248698082582067
california,gradual_flip,20261019,DUCB-H1,8.189018519239148,2.0336217642102903,37.40793980910868,0.6666666666666666,0.7241379310344828,0.4666666666666667,2.4248698082582067,2.4248698082582067
california,gradual_flip,20261019,DUCB-H2,8.093951216590275,1.7851567643296082,44.38269049207217,0.6666666666666666,0.6551724137931034,0.43333333333333335,4.8497396165164135,2.4248698082582067
california,gradual_flip,20261020,UCB,11.37736784080972,4.995186499053782,23.70239095398616,0.5714285714285714,0.4827586206896552,0.43333333333333335,0.0,2.399707863164628
california,gradual_flip,20261020,DUCB,9.543647946620844,4.79311166898866,21.46357695254192,0.6666666666666666,0.5862068965517241,0.4,0.0,2.399707863164628
california,gradual_flip,20261020,TS,9.748576858752319,13.334658406691588,68.74041292162576,0.7619047619047619,0.2413793103448276,0.0,0.0,2.399707863164628
california,gradual_flip,20261020,EG05,8.355651740546444,17.41897209726814,77.44550592538528,0.8095238095238095,0.2413793103448276,0.0,0.0,2.399707863164628
california,gradual_flip,20261020,EG10,10.924976176968125,14.040599650974986,63.26784856019807,0.7619047619047619,0.20689655172413793,0.0,0.0,2.399707863164628
california,gradual_flip,20261020,EG15,13.44893993351548,15.480504164910233,58.617040791161024,0.7619047619047619,0.2413793103448276,0.03333333333333333,0.0,2.399707863164628
california,gradual_flip,20261020,UCB-H0.5,9.867659617415024,3.280941115650247,36.18640043084787,0.6190476190476191,0.5862068965517241,0.36666666666666664,1.199853931582314,2.399707863164628
california,gradual_flip,20261020,UCB-H1,9.867659617415024,3.692182707043555,41.70312668999416,0.6190476190476191,0.5172413793103449,0.4,2.399707863164628,2.399707863164628
california,gradual_flip,20261020,UCB-H2,9.867659617415024,4.24240292942933,44.00087880338237,0.6190476190476191,0.5517241379310345,0.43333333333333335,4.799415726329256,2.399707863164628
california,gradual_flip,20261020,TS-H0.5,8.256309676840294,9.329977156299414,49.72232265911643,0.8095238095238095,0.3448275862068966,0.16666666666666666,1.199853931582314,2.399707863164628
california,gradual_flip,20261020,TS-H1,8.336913460796968,12.35538497086144,59.6255132350499,0.8095238095238095,0.2413793103448276,0.2,2.399707863164628,2.399707863164628
california,gradual_flip,20261020,TS-H2,9.956272987238878,11.206603820068949,64.00459155988995,0.7619047619047619,0.2413793103448276,0.0,4.799415726329256,2.399707863164628
california,gradual_flip,20261020,UCB-L5,9.867659617415024,4.24240292942933,43.77497831309092,0.6190476190476191,0.5517241379310345,0.43333333333333335,5.0,2.399707863164628
california,gradual_flip,20261020,TS-L5,9.745773014935008,10.235985713798321,67.25245372318687,0.7619047619047619,0.2413793103448276,0.0,5.0,2.399707863164628
california,gradual_flip,20261020,EG10-H1,15.749622438854809,8.99425699357391,64.35221798685149,0.7142857142857143,0.3103448275862069,0.0,2.399707863164628,2.399707863164628
california,gradual_flip,20261020,DUCB-H1,9.543647946620844,1.942319663665671,33.51128775043376,0.6666666666666666,0.6896551724137931,0.43333333333333335,2.399707863164628,2.399707863164628
california,gradual_flip,20261020,DUCB-H2,9.505165767354342,1.7974684864052222,39.4171134253248,0.6666666666666666,0.6896551724137931,0.4,4.799415726329256,2.399707863164628
california,gradual_flip,20261021,UCB,10.541674753471787,1.9354802668525082,29.82600132616682,0.5714285714285714,0.6551724137931034,0.3333333333333333,0.0,2.272779129225361
california,gradual_flip,20261021,DUCB,10.345518610772277,3.5959609705487106,21.61533256619663,0.6190476190476191,0.6206896551724138,0.3333333333333333,0.0,2.272779129225361
california,gradual_flip,20261021,TS,9.476121993924725,13.1068360268991,74.33437181422407,0.6666666666666666,0.2413793103448276,0.0,0.0,2.272779129225361
california,gradual_flip,20261021,EG05,7.128432345444584,18.827136904086473,38.591727525735,0.8571428571428571,0.20689655172413793,0.13333333333333333,0.0,2.272779129225361
california,gradual_flip,20261021,EG10,7.128432345444584,13.67995101163796,76.49524093141977,0.8571428571428571,0.2413793103448276,0.03333333333333333,0.0,2.272779129225361
california,gradual_flip,20261021,EG15,7.128432345444584,22.22277268512712,58.47398905570748,0.8571428571428571,0.20689655172413793,0.0,0.0,2.272779129225361
california,gradual_flip,20261021,UCB-H0.5,10.541674753471787,4.3594527274147765,37.3663091252281,0.5714285714285714,0.5517241379310345,0.43333333333333335,1.1363895646126805,2.272779129225361
california,gradual_flip,20261021,UCB-H1,10.541674753471787,4.197168569635582,44.8882108393947,0.5714285714285714,0.5517241379310345,0.4,2.272779129225361,2.272779129225361
california,gradual_flip,20261021,UCB-H2,10.282744159325041,5.1158132555990035,48.081506450560035,0.6190476190476191,0.4482758620689655,0.3333333333333333,4.545558258450722,2.272779129225361
california,gradual_flip,20261021,TS-H0.5,9.219350424306501,13.1068360268991,78.0912804881961,0.7619047619047619,0.2413793103448276,0.0,1.1363895646126805,2.272779129225361
california,gradual_flip,20261021,TS-H1,9.13293877296559,13.1068360268991,73.58720453901826,0.7619047619047619,0.2413793103448276,0.0,2.272779129225361,2.272779129225361
california,gradual_flip,20261021,TS-H2,9.090625769317779,11.104922770210655,71.4199493660913,0.7619047619047619,0.2413793103448276,0.0,4.545558258450722,2.272779129225361
california,gradual_flip,20261021,UCB-L5,10.282744159325041,5.252531895915166,48.29523364448743,0.6190476190476191,0.4482758620689655,0.3333333333333333,5.0,2.272779129225361
california,gradual_flip,20261021,TS-L5,8.914348386209994,11.301148947177293,72.53240927230105,0.7619047619047619,0.2413793103448276,0.0,5.0,2.272779129225361
california,gradual_flip,20261021,EG10-H1,7.128432345444584,18.689769891884048,72.19574753781572,0.8571428571428571,0.2413793103448276,0.03333333333333333,2.272779129225361,2.272779129225361
california,gradual_flip,20261021,DUCB-H1,10.281762922258482,3.1454684657488734,37.7434128937304,0.6190476190476191,0.6206896551724138,0.23333333333333334,2.272779129225361,2.272779129225361
california,gradual_flip,20261021,DUCB-H2,10.228749292125572,3.1454684657488734,48.42366324823787,0.6190476190476191,0.6206896551724138,0.16666666666666666,4.545558258450722,2.272779129225361
california,drastic_flip,20261018,UCB,12.698711370513603,0.0,104.58883469349135,0.65,0.0,0.0,0.0,2.296563924944097
california,drastic_flip,20261018,DUCB,10.482960154489279,0.0,74.80468560818416,0.75,0.0,0.0,0.0,2.296563924944097
california,drastic_flip,20261018,TS,10.058291094583222,0.0,143.32286144784996,0.775,0.0,0.0,0.0,2.296563924944097
california,drastic_flip,20261018,EG05,14.464175785592618,0.0,112.74749545366178,0.875,0.0,0.0,0.0,2.296563924944097
california,drastic_flip,20261018,EG10,18.653248126794676,0.0,119.34921533416359,0.825,0.0,0.05,0.0,2.296563924944097
california,drastic_flip,20261018,EG15,19.73607880411571,0.0,115.46438623875211,0.85,0.0,0.025,0.0,2.296563924944097
california,drastic_flip,20261018,UCB-H0.5,11.335384496288427,0.0,133.81678616776665,0.675,0.0,0.0,1.1482819624720484,2.296563924944097
california,drastic_flip,20261018,UCB-H1,11.282501683822986,0.0,152.5098466022567,0.675,0.0,0.0,2.296563924944097,2.296563924944097
california,drastic_flip,20261018,UCB-H2,11.31352936139078,0.0,170.45697515687272,0.675,0.0,0.0,4.593127849888194,2.296563924944097
california,drastic_flip,20261018,TS-H0.5,8.431459360590505,0.0,156.36251173704534,0.875,0.0,0.0,1.1482819624720484,2.296563924944097
california,drastic_flip,20261018,TS-H1,8.560443851371952,0.0,189.11532055220974,0.85,0.0,0.0,2.296563924944097,2.296563924944097
california,drastic_flip,20261018,TS-H2,7.131019489914013,0.0,195.6064225133354,0.9,0.0,0.0,4.593127849888194,2.296563924944097
california,drastic_flip,20261018,UCB-L5,11.31352936139078,0.0,170.45697515687272,0.675,0.0,0.0,5.0,2.296563924944097
california,drastic_flip,20261018,TS-L5,8.462860414422641,0.0,190.55230952439308,0.875,0.0,0.0,5.0,2.296563924944097
california,drastic_flip,20261018,EG10-H1,13.63823318474935,0.0,197.5350744776161,0.875,0.0,0.0,2.296563924944097,2.296563924944097
california,drastic_flip,20261018,DUCB-H1,10.460437277172907,0.0,105.17270531603124,0.75,0.0,0.0,2.296563924944097,2.296563924944097
california,drastic_flip,20261018,DUCB-H2,10.45695781481362,0.0,140.4061213874256,0.75,0.0,0.0,4.593127849888194,2.296563924944097
california,drastic_flip,20261019,UCB,11.668196907444138,0.0,110.616533049975,0.675,0.0,0.0,0.0,2.4248698082582067
california,drastic_flip,20261019,DUCB,10.43233987942965,0.0,76.91795105363398,0.75,0.0,0.0,0.0,2.4248698082582067
california,drastic_flip,20261019,TS,9.416182693457023,0.0,146.44046815981085,0.825,0.0,0.0,0.0,2.4248698082582067
california,drastic_flip,20261019,EG05,6.660026570850238,0.0,120.10058040755754,0.925,0.0,0.025,0.0,2.4248698082582067
california,drastic_flip,20261019,EG10,12.534941528141427,0.0,126.18613151375654,0.875,0.0,0.05,0.0,2.4248698082582067
california,drastic_flip,20261019,EG15,24.106070518189814,0.0,122.910969712223,0.775,0.0,0.0,0.0,2.4248698082582067
california,drastic_flip,20261019,UCB-H0.5,10.014209072197888,0.0,137.7465200221158,0.7,0.0,0.0,1.2124349041291034,2.4248698082582067
california,drastic_flip,20261019,UCB-H1,10.014209072197888,0.0,160.13412109000265,0.7,0.0,0.0,2.4248698082582067,2.4248698082582067
california,drastic_flip,20261019,UCB-H2,9.711436040611597,0.0,173.93978357319565,0.725,0.0,0.0,4.8497396165164135,2.4248698082582067
california,drastic_flip,20261019,TS-H0.5,8.78407594337345,0.0,168.86408104711106,0.85,0.0,0.0,1.2124349041291034,2.4248698082582067
california,drastic_flip,20261019,TS-H1,7.069898795480148,0.0,197.69957911935805,0.9,0.0,0.0,2.4248698082582067,2.4248698082582067
california,drastic_flip,20261019,TS-H2,7.031120567840744,0.0,208.4686882714334,0.9,0.0,0.0,4.8497396165164135,2.4248698082582067
california,drastic_flip,20261019,UCB-L5,9.711436040611597,0.0,173.3499203926676,0.725,0.0,0.0,5.0,2.4248698082582067
california,drastic_flip,20261019,TS-L5,7.069898795480148,0.0,201.60774913573195,0.9,0.0,0.0,5.0,2.4248698082582067
california,drastic_flip,20261019,EG10-H1,14.133953595712958,0.0,201.59291400640035,0.85,0.0,0.025,2.4248698082582067,2.4248698082582067
california,drastic_flip,20261019,DUCB-H1,8.516392073798327,0.0,113.27618213818104,0.8,0.0,0.05,2.4248698082582067,2.4248698082582067
california,drastic_flip,20261019,DUCB-H2,8.488185274732704,0.0,88.96476135523496,0.8,0.0,0.425,4.8497396165164135,2.4248698082582067
california,drastic_flip,20261020,UCB,12.626878250530641,0.0,102.28187344800776,0.675,0.0,0.0,0.0,2.399707863164628
california,drastic_flip,20261020,DUCB,11.70358658458051,0.0,74.40873439568948,0.75,0.0,0.0,0.0,2.399707863164628
california,drastic_flip,20261020,TS,9.748576858752319,0.0,134.95075042639357,0.875,0.0,0.0,0.0,2.399707863164628
california,drastic_flip,20261020,EG05,13.741433427237695,0.0,118.1067375613961,0.875,0.0,0.025,0.0,2.399707863164628
california,drastic_flip,20261020,EG10,18.922363737291242,0.0,117.97675014242813,0.8,0.0,0.025,0.0,2.399707863164628
california,drastic_flip,20261020,EG15,19.577208764694102,0.0,123.70015990416812,0.85,0.0,0.05,0.0,2.399707863164628
california,drastic_flip,20261020,UCB-H0.5,11.189064440982964,0.0,133.61179431598256,0.7,0.0,0.0,1.199853931582314,2.399707863164628
california,drastic_flip,20261020,UCB-H1,11.189064440982964,0.0,154.22427588633246,0.7,0.0,0.0,2.399707863164628,2.399707863164628
california,drastic_flip,20261020,UCB-H2,11.44884357047578,0.0,163.55360299595472,0.7,0.0,0.0,4.799415726329256,2.399707863164628
california,drastic_flip,20261020,TS-H0.5,8.256309676840294,0.0,164.16837040175193,0.9,0.0,0.0,1.199853931582314,2.399707863164628
california,drastic_flip,20261020,TS-H1,8.336913460796968,0.0,194.58450124526706,0.9,0.0,0.0,2.399707863164628,2.399707863164628
california,drastic_flip,20261020,TS-H2,9.956272987238878,0.0,187.483460354408,0.875,0.0,0.0,4.799415726329256,2.399707863164628
california,drastic_flip,20261020,UCB-L5,11.44884357047578,0.0,163.05014866051502,0.7,0.0,0.0,5.0,2.399707863164628
california,drastic_flip,20261020,TS-L5,9.745773014935008,0.0,191.99953324243688,0.875,0.0,0.0,5.0,2.399707863164628
california,drastic_flip,20261020,EG10-H1,16.37337382140976,0.0,186.68385566969758,0.8,0.0,0.0,2.399707863164628,2.399707863164628
california,drastic_flip,20261020,DUCB-H1,10.32629898803157,0.0,107.0871007221208,0.775,0.0,0.0,2.399707863164628,2.399707863164628
california,drastic_flip,20261020,DUCB-H2,10.306175369280815,0.0,138.58974117788887,0.775,0.0,0.0,4.799415726329256,2.399707863164628
california,drastic_flip,20261021,UCB,13.557476614794364,0.0,102.8879485595292,0.65,0.0,0.0,0.0,2.272779129225361
california,drastic_flip,20261021,DUCB,11.051902070847781,0.0,75.20463667387483,0.75,0.0,0.0,0.0,2.272779129225361
california,drastic_flip,20261021,TS,9.476121993924725,0.0,142.46818448014437,0.825,0.0,0.0,0.0,2.272779129225361
california,drastic_flip,20261021,EG05,13.490270956818597,0.0,110.83704778468044,0.9,0.0,0.025,0.0,2.272779129225361
california,drastic_flip,20261021,EG10,7.128432345444584,0.0,113.83737517841686,0.925,0.0,0.05,0.0,2.272779129225361
california,drastic_flip,20261021,EG15,20.7996644063947,0.0,115.49765612844426,0.825,0.0,0.075,0.0,2.272779129225361
california,drastic_flip,20261021,UCB-H0.5,12.144158363203793,0.0,133.3060505900267,0.675,0.0,0.0,1.1363895646126805,2.272779129225361
california,drastic_flip,20261021,UCB-H1,12.080957635857114,0.0,156.74725294829005,0.675,0.0,0.0,2.272779129225361,2.272779129225361
california,drastic_flip,20261021,UCB-H2,12.32509517636068,0.0,169.1122693187925,0.675,0.0,0.0,4.545558258450722,2.272779129225361
california,drastic_flip,20261021,TS-H0.5,9.219350424306501,0.0,164.47882326115354,0.875,0.0,0.0,1.1363895646126805,2.272779129225361
california,drastic_flip,20261021,TS-H1,9.13293877296559,0.0,193.67012055859078,0.875,0.0,0.0,2.272779129225361,2.272779129225361
california,drastic_flip,20261021,TS-H2,9.090625769317779,0.0,200.96826912159332,0.875,0.0,0.0,4.545558258450722,2.272779129225361
california,drastic_flip,20261021,UCB-L5,12.347659182041284,0.0,169.1122693187925,0.675,0.0,0.0,5.0,2.272779129225361
california,drastic_flip,20261021,TS-L5,8.914348386209994,0.0,199.06315920259743,0.875,0.0,0.0,5.0,2.272779129225361
california,drastic_flip,20261021,EG10-H1,19.342411060590113,0.0,185.62311468438637,0.875,0.0,0.075,2.272779129225361,2.272779129225361
california,drastic_flip,20261021,DUCB-H1,11.117185311909534,0.0,108.41053246942415,0.75,0.0,0.0,2.272779129225361,2.272779129225361
california,drastic_flip,20261021,DUCB-H2,11.091265214823814,0.0,145.9398336306977,0.75,0.0,0.0,4.545558258450722,2.272779129225361
california,gradual_die,20261018,UCB,8.167312400295058,2.9626466659173385,2.9775361388098354,0.6666666666666666,0.8275862068965517,0.7666666666666667,0.0,1.2319116584603191
california,gradual_die,20261018,DUCB,7.757627601381059,1.9390254399659934,0.1613622565926474,0.7142857142857143,0.8620689655172413,0.9333333333333333,0.0,1.2319116584603191
california,gradual_die,20261018,TS,7.108032605556759,1.6390160595119283,12.956013431010714,0.8095238095238095,0.9310344827586207,0.03333333333333333,0.0,1.2319116584603191
california,gradual_die,20261018,EG05,4.9119166146066675,1.6418259992919666,15.110762796816633,0.8571428571428571,0.896551724137931,0.03333333333333333,0.0,1.2319116584603191
california,gradual_die,20261018,EG10,6.021941151544471,4.2466991054463445,12.035286479673324,0.8095238095238095,0.8620689655172413,0.1,0.0,1.2319116584603191
california,gradual_die,20261018,EG15,8.55325976046755,2.220241292299549,18.85203338553819,0.8095238095238095,0.8275862068965517,0.03333333333333333,0.0,1.2319116584603191
california,gradual_die,20261018,UCB-H0.5,8.177122376449343,2.527856694868061,1.4207775466761068,0.6666666666666666,0.7931034482758621,0.8666666666666667,0.6159558292301596,1.2319116584603191
california,gradual_die,20261018,UCB-H1,7.5916379170065404,2.604235953578007,0.24101505275720247,0.7142857142857143,0.8275862068965517,0.9,1.2319116584603191,1.2319116584603191
california,gradual_die,20261018,UCB-H2,7.5916379170065404,1.4296003535552897,0.30244988791144434,0.7142857142857143,0.8275862068965517,0.8666666666666667,2.4638233169206383,1.2319116584603191
california,gradual_die,20261018,TS-H0.5,6.98594375276476,0.04809150695894532,12.956013431010714,0.7619047619047619,0.9655172413793104,0.03333333333333333,0.6159558292301596,1.2319116584603191
california,gradual_die,20261018,TS-H1,6.687484351838602,0.04809150695894532,12.956013431010714,0.7619047619047619,0.9655172413793104,0.03333333333333333,1.2319116584603191,1.2319116584603191
california,gradual_die,20261018,TS-H2,8.487557572506931,1.4386114968451105,12.956013431010714,0.7619047619047619,0.9310344827586207,0.03333333333333333,2.4638233169206383,1.2319116584603191
california,gradual_die,20261018,UCB-L5,7.5916379170065404,0.6079614561392237,0.40080484086113555,0.7142857142857143,0.896551724137931,0.8666666666666667,5.0,1.2319116584603191
california,gradual_die,20261018,TS-L5,6.909806642295675,0.04809150695894532,12.956013431010714,0.7619047619047619,0.9655172413793104,0.03333333333333333,5.0,1.2319116584603191
california,gradual_die,20261018,EG10-H1,6.162251567432612,0.5936652236618443,15.036423688034432,0.8095238095238095,0.9310344827586207,0.03333333333333333,1.2319116584603191,1.2319116584603191
california,gradual_die,20261018,DUCB-H1,7.757627601381059,0.6452817438754637,0.21231566042584538,0.7142857142857143,0.896551724137931,0.9,1.2319116584603191,1.2319116584603191
california,gradual_die,20261018,DUCB-H2,7.757627601381059,0.2993205874584924,0.37210544852977845,0.7142857142857143,0.9310344827586207,0.8666666666666667,2.4638233169206383,1.2319116584603191
california,gradual_die,20261019,UCB,8.715392700795567,1.7344309473812052,4.255341908590632,0.7142857142857143,0.7586206896551724,0.7666666666666667,0.0,1.1695160938140485
california,gradual_die,20261019,DUCB,7.428535985001746,0.7368963949631192,0.9627789567094698,0.7619047619047619,0.8620689655172413,0.8333333333333334,0.0,1.1695160938140485
california,gradual_die,20261019,TS,9.351385117813098,1.3156248448931445,11.609196463248487,0.7619047619047619,0.8275862068965517,0.0,0.0,1.1695160938140485
california,gradual_die,20261019,EG05,5.119502723759873,0.056737916471466865,11.187913282594938,0.8571428571428571,0.8620689655172413,0.03333333333333333,0.0,1.1695160938140485
california,gradual_die,20261019,EG10,8.421379030991272,0.9363301178166155,11.278230071271079,0.8095238095238095,0.7931034482758621,0.03333333333333333,0.0,1.1695160938140485
california,gradual_die,20261019,EG15,7.974730487276053,5.260428816954103,16.446090027458734,0.7619047619047619,0.7241379310344828,0.0,0.0,1.1695160938140485
california,gradual_die,20261019,UCB-H0.5,8.715392700795567,0.7665337048062639,2.0766685843991493,0.7142857142857143,0.7586206896551724,0.8,0.5847580469070243,1.1695160938140485
california,gradual_die,20261019,UCB-H1,8.715392700795567,0.5643233745042029,0.7015875027646876,0.7142857142857143,0.8275862068965517,0.8666666666666667,1.1695160938140485,1.1695160938140485
california,gradual_die,20261019,UCB-H2,8.715392700795567,0.03943246440195197,1.501885339134216,0.7142857142857143,0.9310344827586207,0.7666666666666667,2.339032187628097,1.1695160938140485
california,gradual_die,20261019,TS-H0.5,7.402562820709978,0.056737916471466865,11.609196463248487,0.7619047619047619,0.8620689655172413,0.0,0.5847580469070243,1.1695160938140485
california,gradual_die,20261019,TS-H1,8.446886546937163,1.394061135369229,11.609196463248487,0.7619047619047619,0.8275862068965517,0.0,1.1695160938140485,1.1695160938140485
california,gradual_die,20261019,TS-H2,5.119502723759873,0.3725383029453401,7.863272157274645,0.8571428571428571,0.8275862068965517,0.2,2.339032187628097,1.1695160938140485
california,gradual_die,20261019,UCB-L5,8.715392700795567,0.03943246440195197,2.105430715817417,0.7142857142857143,0.9310344827586207,0.7,5.0,1.1695160938140485
california,gradual_die,20261019,TS-L5,5.618119124452991,0.056737916471466865,10.585288011058555,0.8095238095238095,0.8620689655172413,0.06666666666666667,5.0,1.1695160938140485
california,gradual_die,20261019,EG10-H1,9.265162237262645,5.18331802703831,16.23633729025296,0.7619047619047619,0.7931034482758621,0.03333333333333333,1.1695160938140485,1.1695160938140485
california,gradual_die,20261019,DUCB-H1,6.140204762692015,1.6158643469474947,0.47348912633378615,0.8095238095238095,0.896551724137931,0.9666666666666667,1.1695160938140485,1.1695160938140485
california,gradual_die,20261019,DUCB-H2,6.140204762692015,0.298209423471942,0.47348912633378615,0.8095238095238095,0.896551724137931,0.9666666666666667,2.339032187628097,1.1695160938140485
california,gradual_die,20261020,UCB,8.506736247242516,1.81459475109601,3.0387207577287563,0.6666666666666666,0.7586206896551724,0.7666666666666667,0.0,1.3611501994731972
california,gradual_die,20261020,DUCB,6.925004882297184,1.9837357426974502,0.41067691232283926,0.7142857142857143,0.896551724137931,0.8666666666666667,0.0,1.3611501994731972
california,gradual_die,20261020,TS,7.367070163135696,0.05769927470384867,10.907840171272063,0.7619047619047619,0.9655172413793104,0.06666666666666667,0.0,1.3611501994731972
california,gradual_die,20261020,EG05,8.081034056842627,0.6617636385815382,10.907840171272063,0.8095238095238095,0.896551724137931,0.06666666666666667,0.0,1.3611501994731972
california,gradual_die,20261020,EG10,8.222594665411298,4.832925773615202,13.384071352080133,0.7619047619047619,0.8620689655172413,0.1,0.0,1.3611501994731972
california,gradual_die,20261020,EG15,8.63277666716866,0.2740130453699365,11.160045378226384,0.7619047619047619,0.9310344827586207,0.13333333333333333,0.0,1.3611501994731972
california,gradual_die,20261020,UCB-H0.5,8.368628301413958,1.404156539296523,2.3746728723737776,0.6666666666666666,0.7931034482758621,0.7333333333333333,0.6805750997365986,1.3611501994731972
california,gradual_die,20261020,UCB-H1,6.946901690100793,2.5493246078579475,1.0341278616826806,0.7142857142857143,0.8275862068965517,0.7666666666666667,1.3611501994731972,1.3611501994731972
california,gradual_die,20261020,UCB-H2,6.946901690100793,1.916846654800041,0.92863650432405,0.7142857142857143,0.8620689655172413,0.8333333333333334,2.7223003989463943,1.3611501994731972
california,gradual_die,20261020,TS-H0.5,9.441750095828223,1.5901209782470282,10.907840171272063,0.7619047619047619,0.9310344827586207,0.06666666666666667,0.6805750997365986,1.3611501994731972
california,gradual_die,20261020,TS-H1,5.263110893572148,0.47624534606273683,11.636253937861909,0.8571428571428571,0.9310344827586207,0.06666666666666667,1.3611501994731972,1.3611501994731972
california,gradual_die,20261020,TS-H2,7.427181108899379,0.05769927470384867,10.907840171272063,0.7619047619047619,0.9655172413793104,0.06666666666666667,2.7223003989463943,1.3611501994731972
california,gradual_die,20261020,UCB-L5,6.946901690100793,0.4629210586152136,1.17670636187416,0.7142857142857143,0.9310344827586207,0.8333333333333334,5.0,1.3611501994731972
california,gradual_die,20261020,TS-L5,7.265274174926902,0.05769927470384867,10.907840171272063,0.7619047619047619,0.9655172413793104,0.06666666666666667,5.0,1.3611501994731972
california,gradual_die,20261020,EG10-H1,10.445173272086278,6.667265567100909,10.907840171272063,0.7142857142857143,0.8620689655172413,0.06666666666666667,1.3611501994731972,1.3611501994731972
california,gradual_die,20261020,DUCB-H1,6.283538628779245,1.7964556207048967,0.16688792003963865,0.7619047619047619,0.8275862068965517,0.9333333333333333,1.3611501994731972,1.3611501994731972
california,gradual_die,20261020,DUCB-H2,6.283538628779245,0.42748634305319005,0.41067691232283926,0.7619047619047619,0.9310344827586207,0.8666666666666667,2.7223003989463943,1.3611501994731972
california,gradual_die,20261021,UCB,8.868445574372597,2.689473052969671,0.9085234262228934,0.6666666666666666,0.9310344827586207,0.7333333333333333,0.0,1.1402240409887423
california,gradual_die,20261021,DUCB,8.249341313491612,0.40116239033101264,0.18483127723495857,0.6666666666666666,0.8620689655172413,0.9333333333333333,0.0,1.1402240409887423
california,gradual_die,20261021,TS,6.914839369516546,0.0,10.966557184884246,0.7619047619047619,1.0,0.03333333333333333,0.0,1.1402240409887423
california,gradual_die,20261021,EG05,4.7973670965645185,0.3313006785591539,11.236801900216582,0.8571428571428571,0.9655172413793104,0.06666666666666667,0.0,1.1402240409887423
california,gradual_die,20261021,EG10,4.7973670965645185,0.0905103466167429,10.540297586344472,0.8571428571428571,0.9655172413793104,0.06666666666666667,0.0,1.1402240409887423
california,gradual_die,20261021,EG15,4.7973670965645185,3.9272507289816843,12.956960802852706,0.8571428571428571,0.8275862068965517,0.03333333333333333,0.0,1.1402240409887423
california,gradual_die,20261021,UCB-H0.5,8.868445574372597,1.0052856610398568,3.134394893685009,0.6666666666666666,0.8275862068965517,0.7,0.5701120204943712,1.1402240409887423
california,gradual_die,20261021,UCB-H1,8.868445574372597,0.8124585718403786,0.8972716683265318,0.6666666666666666,0.8275862068965517,0.8333333333333334,1.1402240409887423,1.1402240409887423
california,gradual_die,20261021,UCB-H2,8.868445574372597,0.369267881118644,0.19497834443022116,0.6666666666666666,0.8620689655172413,0.9,2.2804480819774846,1.1402240409887423
california,gradual_die,20261021,TS-H0.5,6.436546414935324,1.1392972551645764,10.966557184884246,0.8095238095238095,0.9655172413793104,0.03333333333333333,0.5701120204943712,1.1402240409887423
california,gradual_die,20261021,TS-H1,7.214028675293067,0.0,10.966557184884246,0.7619047619047619,1.0,0.03333333333333333,1.1402240409887423,1.1402240409887423
california,gradual_die,20261021,TS-H2,5.709737977255699,1.1422348007131675,10.966557184884246,0.8095238095238095,0.9655172413793104,0.03333333333333333,2.2804480819774846,1.1402240409887423
california,gradual_die,20261021,UCB-L5,8.868445574372597,0.09994017965116858,0.2911539470360796,0.6666666666666666,0.9310344827586207,0.8333333333333334,5.0,1.1402240409887423
california,gradual_die,20261021,TS-L5,6.976848821078386,0.0,10.966557184884246,0.7619047619047619,1.0,0.03333333333333333,5.0,1.1402240409887423
california,gradual_die,20261021,EG10-H1,4.7973670965645185,2.734508853049706,11.531242643286474,0.8571428571428571,0.8620689655172413,0.1,1.1402240409887423,1.1402240409887423
california,gradual_die,20261021,DUCB-H1,7.512220803456099,0.7488598059185388,0.13646449857967552,0.7142857142857143,0.896551724137931,0.9333333333333333,1.1402240409887423,1.1402240409887423
california,gradual_die,20261021,DUCB-H2,7.512220803456099,0.6142285531661614,0.13646449857967552,0.7142857142857143,0.9310344827586207,0.9333333333333333,2.2804480819774846,1.1402240409887423
california,drastic_die,20261018,UCB,10.66062915788075,0.0,5.49497103083834,0.775,0.0,0.825,0.0,1.2319116584603191
california,drastic_die,20261018,DUCB,8.585078244021652,0.0,3.2222374074309466,0.825,0.0,0.9,0.0,1.2319116584603191
california,drastic_die,20261018,TS,8.733376919969738,0.0,35.39996821235877,0.875,0.0,0.0,0.0,1.2319116584603191
california,drastic_die,20261018,EG05,7.558982574762613,0.0,36.57609374697107,0.875,0.0,0.0,0.0,1.2319116584603191
california,drastic_die,20261018,EG10,10.949722451059847,0.0,34.0640190741233,0.825,0.0,0.05,0.0,1.2319116584603191
california,drastic_die,20261018,EG15,10.097398083928983,0.0,38.28817279489872,0.85,0.0,0.025,0.0,1.2319116584603191
california,drastic_die,20261018,UCB-H0.5,11.353310627033771,0.0,6.850144062877133,0.75,0.0,0.875,0.6159558292301596,1.2319116584603191
california,drastic_die,20261018,UCB-H1,9.152027076670345,0.0,7.625281716270372,0.8,0.0,0.875,1.2319116584603191,1.2319116584603191
california,drastic_die,20261018,UCB-H2,8.361497205155462,0.0,3.2852387445658704,0.825,0.0,0.875,2.4638233169206383,1.2319116584603191
california,drastic_die,20261018,TS-H0.5,6.98594375276476,0.0,35.39996821235877,0.875,0.0,0.0,0.6159558292301596,1.2319116584603191
california,drastic_die,20261018,TS-H1,6.687484351838602,0.0,35.39996821235877,0.875,0.0,0.0,1.2319116584603191,1.2319116584603191
california,drastic_die,20261018,TS-H2,9.992899369368478,0.0,16.002205377336413,0.85,0.0,0.6,2.4638233169206383,1.2319116584603191
california,drastic_die,20261018,UCB-L5,7.5916379170065404,0.0,7.642178229416932,0.85,0.0,0.85,5.0,1.2319116584603191
california,drastic_die,20261018,TS-L5,6.909806642295675,0.0,9.335703186756646,0.875,0.0,0.8,5.0,1.2319116584603191
california,drastic_die,20261018,EG10-H1,6.989702210073205,0.0,36.37404447678916,0.875,0.0,0.0,1.2319116584603191,1.2319116584603191
california,drastic_die,20261018,DUCB-H1,7.757627601381059,0.0,1.322797393916944,0.85,0.0,0.95,1.2319116584603191,1.2319116584603191
california,drastic_die,20261018,DUCB-H2,7.757627601381059,0.0,2.7040817069356007,0.85,0.0,0.9,2.4638233169206383,1.2319116584603191
california,drastic_die,20261019,UCB,9.532822963847622,0.0,6.650362467743278,0.825,0.0,0.85,0.0,1.1695160938140485
california,drastic_die,20261019,DUCB,8.006643955206181,0.0,0.877123512244766,0.85,0.0,0.975,0.0,1.1695160938140485
california,drastic_die,20261019,TS,10.835977701284722,0.0,32.737893577252756,0.85,0.0,0.0,0.0,1.1695160938140485
california,drastic_die,20261019,EG05,5.119502723759873,0.0,32.1106632009655,0.925,0.0,0.025,0.0,1.1695160938140485
california,drastic_die,20261019,EG10,9.599008606177206,0.0,31.61603371319253,0.875,0.0,0.05,0.0,1.1695160938140485
california,drastic_die,20261019,EG15,13.849943466848952,0.0,35.47310450183564,0.775,0.0,0.0,0.0,1.1695160938140485
california,drastic_die,20261019,UCB-H0.5,8.715392700795567,0.0,3.067224662852617,0.85,0.0,0.9,0.5847580469070243,1.1695160938140485
california,drastic_die,20261019,UCB-H1,8.715392700795567,0.0,3.976419244025279,0.85,0.0,0.9,1.1695160938140485,1.1695160938140485
california,drastic_die,20261019,UCB-H2,8.715392700795567,0.0,6.482552739958374,0.85,0.0,0.825,2.339032187628097,1.1695160938140485
california,drastic_die,20261019,TS-H0.5,7.402562820709978,0.0,32.737893577252756,0.875,0.0,0.0,0.5847580469070243,1.1695160938140485
california,drastic_die,20261019,TS-H1,9.882009069126433,0.0,11.240476378069026,0.85,0.0,0.675,1.1695160938140485,1.1695160938140485
california,drastic_die,20261019,TS-H2,5.745403948602697,0.0,18.076899686693213,0.9,0.0,0.55,2.339032187628097,1.1695160938140485
california,drastic_die,20261019,UCB-L5,8.715392700795567,0.0,7.176543542797327,0.85,0.0,0.8,5.0,1.1695160938140485
california,drastic_die,20261019,TS-L5,5.618119124452991,0.0,9.131041440988374,0.9,0.0,0.75,5.0,1.1695160938140485
california,drastic_die,20261019,EG10-H1,12.42417627928736,0.0,35.77856010100275,0.85,0.0,0.025,1.1695160938140485,1.1695160938140485
california,drastic_die,20261019,DUCB-H1,7.872126784955977,0.0,0.877123512244766,0.875,0.0,0.975,1.1695160938140485,1.1695160938140485
california,drastic_die,20261019,DUCB-H2,6.140204762692015,0.0,3.1868863506632756,0.9,0.0,0.9,2.339032187628097,1.1695160938140485
california,drastic_die,20261020,UCB,10.074756923578017,0.0,5.957685229741314,0.775,0.0,0.825,0.0,1.3611501994731972
california,drastic_die,20261020,DUCB,8.495544976259737,0.0,1.2234536274001895,0.825,0.0,0.975,0.0,1.3611501994731972
california,drastic_die,20261020,TS,7.367070163135696,0.0,29.623608835201704,0.875,0.0,0.0,0.0,1.3611501994731972
california,drastic_die,20261020,EG05,8.934468552735147,0.0,29.073729040654026,0.875,0.0,0.025,0.0,1.3611501994731972
california,drastic_die,20261020,EG10,13.79409602277587,0.0,30.29017219774877,0.8,0.0,0.025,0.0,1.3611501994731972
california,drastic_die,20261020,EG15,9.339820470228812,0.0,28.573913860854756,0.85,0.0,0.05,0.0,1.3611501994731972
california,drastic_die,20261020,UCB-H0.5,9.724136572514235,0.0,4.15333784327304,0.775,0.0,0.875,0.6805750997365986,1.3611501994731972
california,drastic_die,20261020,UCB-H1,9.177623782542252,0.0,2.2070394779610614,0.8,0.0,0.95,1.3611501994731972,1.3611501994731972
california,drastic_die,20261020,UCB-H2,8.56069364573716,0.0,2.137355895163922,0.825,0.0,0.925,2.7223003989463943,1.3611501994731972
california,drastic_die,20261020,TS-H0.5,11.126132588753071,0.0,29.623608835201704,0.85,0.0,0.0,0.6805750997365986,1.3611501994731972
california,drastic_die,20261020,TS-H1,6.048544924837957,0.0,29.98535790130074,0.9,0.0,0.0,1.3611501994731972,1.3611501994731972
california,drastic_die,20261020,TS-H2,7.427181108899379,0.0,15.047236859965867,0.875,0.0,0.525,2.7223003989463943,1.3611501994731972
california,drastic_die,20261020,UCB-L5,6.946901690100793,0.0,5.694290354830429,0.85,0.0,0.8,5.0,1.3611501994731972
california,drastic_die,20261020,TS-L5,7.265274174926902,0.0,5.694290354830429,0.875,0.0,0.8,5.0,1.3611501994731972
california,drastic_die,20261020,EG10-H1,15.648563503002732,0.0,30.37502838392069,0.8,0.0,0.0,1.3611501994731972,1.3611501994731972
california,drastic_die,20261020,DUCB-H1,6.876514754835745,0.0,3.0495335878867964,0.85,0.0,0.925,1.3611501994731972,1.3611501994731972
california,drastic_die,20261020,DUCB-H2,6.283538628779245,0.0,1.932380327311827,0.875,0.0,0.95,2.7223003989463943,1.3611501994731972
california,drastic_die,20261021,UCB,11.319309216055476,0.0,13.295932402615199,0.8,0.0,0.6,0.0,1.1402240409887423
california,drastic_die,20261021,DUCB,8.249341313491612,0.0,0.8365912268838736,0.825,0.0,0.975,0.0,1.1402240409887423
california,drastic_die,20261021,TS,6.914839369516546,0.0,29.5223851434044,0.875,0.0,0.0,0.0,1.1402240409887423
california,drastic_die,20261021,EG05,5.174304816149526,0.0,29.179948757905,0.9,0.0,0.025,0.0,1.1402240409887423
california,drastic_die,20261021,EG10,4.7973670965645185,0.0,19.230146728777108,0.925,0.0,0.35,0.0,1.1402240409887423
california,drastic_die,20261021,EG15,9.633934873170011,0.0,29.18841254349719,0.825,0.0,0.075,0.0,1.1402240409887423
california,drastic_die,20261021,UCB-H0.5,9.658449257828572,0.0,4.592953167210273,0.8,0.0,0.85,0.5701120204943712,1.1402240409887423
california,drastic_die,20261021,UCB-H1,9.487926787129517,0.0,2.343567178171636,0.8,0.0,0.925,1.1402240409887423,1.1402240409887423
california,drastic_die,20261021,UCB-H2,8.868445574372597,0.0,2.4290922686920764,0.825,0.0,0.925,2.2804480819774846,1.1402240409887423
california,drastic_die,20261021,TS-H0.5,7.738229608676647,0.0,29.5223851434044,0.875,0.0,0.0,0.5701120204943712,1.1402240409887423
california,drastic_die,20261021,TS-H1,7.214028675293067,0.0,29.5223851434044,0.875,0.0,0.0,1.1402240409887423,1.1402240409887423
california,drastic_die,20261021,TS-H2,7.2036737019170864,0.0,29.5223851434044,0.875,0.0,0.0,2.2804480819774846,1.1402240409887423
california,drastic_die,20261021,UCB-L5,8.868445574372597,0.0,6.630770642561989,0.825,0.0,0.8,5.0,1.1402240409887423
california,drastic_die,20261021,TS-L5,6.976848821078386,0.0,16.162235783509182,0.875,0.0,0.45,5.0,1.1402240409887423
california,drastic_die,20261021,EG10-H1,6.4271011398600795,0.0,25.336629415854127,0.875,0.0,0.2,1.1402240409887423,1.1402240409887423
california,drastic_die,20261021,DUCB-H1,8.316152383662658,0.0,2.343567178171636,0.825,0.0,0.925,1.1402240409887423,1.1402240409887423
california,drastic_die,20261021,DUCB-H2,7.512220803456099,0.0,2.009396273814615,0.85,0.0,0.95,2.2804480819774846,1.1402240409887423
california,gradual_nonlin,20261018,UCB,28.248176544144243,8.973820924520163,5964.950910122915,0.7142857142857143,0.7586206896551724,0.0,0.0,264.391062646402
california,gradual_nonlin,20261018,DUCB,27.886660314512415,15.79476183734318,5972.035911837558,0.7142857142857143,0.6551724137931034,0.0,0.0,264.391062646402
california,gradual_nonlin,20261018,TS,20.180096056971568,5.182173467280027,110.19033291471588,0.6666666666666666,0.7586206896551724,0.36666666666666664,0.0,264.391062646402
california,gradual_nonlin,20261018,EG05,2.7415576443665755,20.475483474124648,5972.733782195107,0.8571428571428571,0.7931034482758621,0.0,0.0,264.391062646402
california,gradual_nonlin,20261018,EG10,108.8655433159563,3.128869691795301,5951.924982116917,0.8095238095238095,0.8275862068965517,0.06666666666666667,0.0,264.391062646402
california,gradual_nonlin,20261018,EG15,3.762172545207348,13.307923476500187,161.57259061291848,0.8095238095238095,0.7241379310344828,0.13333333333333333,0.0,264.391062646402
california,gradual_nonlin,20261018,UCB-H0.5,28.248176544144243,0.09847298825752854,89.76828721731758,0.7142857142857143,0.9310344827586207,0.26666666666666666,132.195531323201,264.391062646402
california,gradual_nonlin,20261018,UCB-H1,28.248176544144243,0.09847298825752854,90.90392030524544,0.7142857142857143,0.9310344827586207,0.26666666666666666,264.391062646402,264.391062646402
california,gradual_nonlin,20261018,UCB-H2,28.248176544144243,0.0,14.743677888520137,0.7142857142857143,1.0,0.7333333333333333,528.782125292804,264.391062646402
california,gradual_nonlin,20261018,TS-H0.5,37.528017809135775,0.09847298825752854,75.47668217115353,0.7142857142857143,0.9310344827586207,0.43333333333333335,132.195531323201,264.391062646402
california,gradual_nonlin,20261018,TS-H1,26.659593278617038,0.09847298825752854,30.22066749350582,0.7142857142857143,0.9310344827586207,0.5333333333333333,264.391062646402,264.391062646402
california,gradual_nonlin,20261018,TS-H2,26.796613307744447,0.0,6.222790153454567,0.7142857142857143,1.0,0.7333333333333333,528.782125292804,264.391062646402
california,gradual_nonlin,20261018,UCB-L5,28.248176544144243,4.582868559973777,5981.318142323474,0.7142857142857143,0.896551724137931,0.0,5.0,264.391062646402
california,gradual_nonlin,20261018,TS-L5,4.5099914336332265,2.319428776874861,84.48710476886119,0.7619047619047619,0.896551724137931,0.3333333333333333,5.0,264.391062646402
california,gradual_nonlin,20261018,EG10-H1,3.9918925971925203,0.10439434037169218,73.7449677586995,0.8095238095238095,0.9655172413793104,0.6,264.391062646402,264.391062646402
california,gradual_nonlin,20261018,DUCB-H1,27.886660314512415,0.09847298825752854,28.793197190641923,0.7142857142857143,0.9310344827586207,0.6333333333333333,264.391062646402,264.391062646402
california,gradual_nonlin,20261018,DUCB-H2,27.886660314512415,0.0,13.910177852707331,0.7142857142857143,1.0,0.7333333333333333,528.782125292804,264.391062646402
california,gradual_nonlin,20261019,UCB,118.78987438300372,151.4801467342201,404.08042375147284,0.7619047619047619,0.2413793103448276,0.0,0.0,39.63101834980288
california,gradual_nonlin,20261019,DUCB,118.70471535908413,34.61219675143882,456.6556055257774,0.7619047619047619,0.3103448275862069,0.0,0.0,39.63101834980288
california,gradual_nonlin,20261019,TS,120.02490318083214,133.717095655599,424.5375598784228,0.7142857142857143,0.7586206896551724,0.0,0.0,39.63101834980288
california,gradual_nonlin,20261019,EG05,116.2197877643629,10.077794035774943,451.532654656285,0.8571428571428571,0.7241379310344828,0.03333333333333333,0.0,39.63101834980288
california,gradual_nonlin,20261019,EG10,117.11852048277375,418.63367188555395,448.9998305744684,0.8095238095238095,0.7241379310344828,0.03333333333333333,0.0,39.63101834980288
california,gradual_nonlin,20261019,EG15,119.07501552787909,5208.8636187759685,462.56928896842885,0.7619047619047619,0.6206896551724138,0.0,0.0,39.63101834980288
california,gradual_nonlin,20261019,UCB-H0.5,118.78987438300372,26.100244959130926,456.54222378095136,0.7619047619047619,0.4827586206896552,0.0,19.81550917490144,39.63101834980288
california,gradual_nonlin,20261019,UCB-H1,118.78987438300372,26.534358913619336,463.5842572615539,0.7619047619047619,0.4827586206896552,0.0,39.63101834980288,39.63101834980288
california,gradual_nonlin,20261019,UCB-H2,118.78987438300372,24.97398727174901,458.19545832894465,0.7619047619047619,0.4827586206896552,0.0,79.26203669960576,39.63101834980288
california,gradual_nonlin,20261019,TS-H0.5,118.76999086889536,24.438285269125068,449.58578061637456,0.7619047619047619,0.5172413793103449,0.0,19.81550917490144,39.63101834980288
california,gradual_nonlin,20261019,TS-H1,117.52372972168229,25.496082424758228,455.5819715000839,0.8095238095238095,0.4827586206896552,0.0,39.63101834980288,39.63101834980288
california,gradual_nonlin,20261019,TS-H2,116.2197877643629,21.233306940235263,448.94078817466226,0.8571428571428571,0.5517241379310345,0.0,79.26203669960576,39.63101834980288
california,gradual_nonlin,20261019,UCB-L5,118.78987438300372,26.197088353576284,455.667312173939,0.7619047619047619,0.4827586206896552,0.0,5.0,39.63101834980288
california,gradual_nonlin,20261019,TS-L5,117.52372972168229,22.182690758616104,445.3065811568433,0.8095238095238095,0.5517241379310345,0.0,5.0,39.63101834980288
california,gradual_nonlin,20261019,EG10-H1,118.84953961215912,26.387358974766904,449.5212359976759,0.7619047619047619,0.4482758620689655,0.03333333333333333,39.63101834980288,39.63101834980288
california,gradual_nonlin,20261019,DUCB-H1,117.4163841367744,26.000500073852265,458.00532881993934,0.8095238095238095,0.4827586206896552,0.0,39.63101834980288,39.63101834980288
california,gradual_nonlin,20261019,DUCB-H2,117.4163841367744,25.88658295231088,458.83983252760015,0.8095238095238095,0.4827586206896552,0.0,79.26203669960576,39.63101834980288
california,gradual_nonlin,20261020,UCB,13.57276343301164,6.241726228565982,482.2891257162256,0.7619047619047619,0.8620689655172413,0.1,0.0,3826.554229634148
california,gradual_nonlin,20261020,DUCB,11.998702235758147,8.62231546789392,301.75565634856116,0.8095238095238095,0.8275862068965517,0.5,0.0,3826.554229634148
california,gradual_nonlin,20261020,TS,13.241309294365422,1.4962764138581326,499.91943459459,0.7619047619047619,0.9655172413793104,0.06666666666666667,0.0,3826.554229634148
california,gradual_nonlin,20261020,EG05,12.018870834964083,0.2855266964565024,142.61586608533256,0.8095238095238095,0.9310344827586207,0.7333333333333333,0.0,3826.554229634148
california,gradual_nonlin,20261020,EG10,13.749402677022314,10.774121295642837,369.39181844375236,0.7619047619047619,0.896551724137931,0.43333333333333335,0.0,3826.554229634148
california,gradual_nonlin,20261020,EG15,11.83847366400779,1.6638293851623454,144.9650929039614,0.7619047619047619,0.9655172413793104,0.6333333333333333,0.0,3826.554229634148
california,gradual_nonlin,20261020,UCB-H0.5,13.57276343301164,1.5427036445377338,224.8241401405642,0.7619047619047619,0.896551724137931,0.6666666666666666,1913.277114817074,3826.554229634148
california,gradual_nonlin,20261020,UCB-H1,13.57276343301164,0.04642723067960125,224.8241401405642,0.7619047619047619,0.9310344827586207,0.6666666666666666,3826.554229634148,3826.554229634148
california,gradual_nonlin,20261020,UCB-H2,13.57276343301164,0.04642723067960125,224.8241401405642,0.7619047619047619,0.9310344827586207,0.6666666666666666,7653.108459268296,3826.554229634148
california,gradual_nonlin,20261020,TS-H0.5,12.187112609675818,1.9715287425170342,224.8241401405642,0.8095238095238095,0.896551724137931,0.6666666666666666,1913.277114817074,3826.554229634148
california,gradual_nonlin,20261020,TS-H1,10.789918905183164,1.1694729324151008,224.8241401405642,0.8571428571428571,0.896551724137931,0.6666666666666666,3826.554229634148,3826.554229634148
california,gradual_nonlin,20261020,TS-H2,13.585092182669056,0.04642723067960125,224.8241401405642,0.7619047619047619,0.9310344827586207,0.6666666666666666,7653.108459268296,3826.554229634148
california,gradual_nonlin,20261020,UCB-L5,13.57276343301164,5.594066947091861,384.5826849549163,0.7619047619047619,0.896551724137931,0.3333333333333333,5.0,3826.554229634148
california,gradual_nonlin,20261020,TS-L5,13.42318524869658,1.7652621714448546,494.0167554758957,0.7619047619047619,0.9655172413793104,0.06666666666666667,5.0,3826.554229634148
california,gradual_nonlin,20261020,EG10-H1,20.170837898822207,4.119704600573781,224.9320039826646,0.7142857142857143,0.8620689655172413,0.6333333333333333,3826.554229634148,3826.554229634148
california,gradual_nonlin,20261020,DUCB-H1,11.998702235758147,1.9958399975974004,224.8241401405642,0.8095238095238095,0.896551724137931,0.6666666666666666,3826.554229634148,3826.554229634148
california,gradual_nonlin,20261020,DUCB-H2,11.998702235758147,0.04642723067960125,224.8241401405642,0.8095238095238095,0.9310344827586207,0.6666666666666666,7653.108459268296,3826.554229634148
california,gradual_nonlin,20261021,UCB,9.67170998917599,8.050233847686293,129.67820140535116,0.7142857142857143,0.7586206896551724,0.03333333333333333,0.0,1172.0525816549177
california,gradual_nonlin,20261021,DUCB,9.67170998917599,24.4968451886363,52.76869431721015,0.7142857142857143,0.5517241379310345,0.5333333333333333,0.0,1172.0525816549177
california,gradual_nonlin,20261021,TS,77.86125010174213,321.3523342500397,128.3688702015237,0.6190476190476191,0.8275862068965517,0.16666666666666666,0.0,1172.0525816549177
california,gradual_nonlin,20261021,EG05,2.288141545848925,1.3441892799539124,110.49058825816874,0.8571428571428571,0.8620689655172413,0.1,0.0,1172.0525816549177
california,gradual_nonlin,20261021,EG10,2.288141545848925,1.187910552797642,107.97665072358605,0.8571428571428571,0.896551724137931,0.1,0.0,1172.0525816549177
california,gradual_nonlin,20261021,EG15,2.288141545848925,14.580231654160059,131.7199740201255,0.8571428571428571,0.7241379310344828,0.23333333333333334,0.0,1172.0525816549177
california,gradual_nonlin,20261021,UCB-H0.5,9.67170998917599,0.2500977100837764,23.610194317108526,0.7142857142857143,0.9310344827586207,0.7,586.0262908274589,1172.0525816549177
california,gradual_nonlin,20261021,UCB-H1,9.67170998917599,0.2500977100837764,23.610194317108526,0.7142857142857143,0.9310344827586207,0.7,1172.0525816549177,1172.0525816549177
california,gradual_nonlin,20261021,UCB-H2,9.67170998917599,0.2500977100837764,23.610194317108526,0.7142857142857143,0.9310344827586207,0.7,2344.1051633098355,1172.0525816549177
california,gradual_nonlin,20261021,TS-H0.5,4.016116228808284,0.2500977100837764,20.987206759227913,0.7619047619047619,0.9310344827586207,0.7,586.0262908274589,1172.0525816549177
california,gradual_nonlin,20261021,TS-H1,15.396925233111926,0.2500977100837764,19.171828197299565,0.6666666666666666,0.9310344827586207,0.8333333333333334,1172.0525816549177,1172.0525816549177
california,gradual_nonlin,20261021,TS-H2,4.676701754497208,0.2500977100837764,1.0482320727398138,0.7619047619047619,0.9310344827586207,0.9333333333333333,2344.1051633098355,1172.0525816549177
california,gradual_nonlin,20261021,UCB-L5,9.67170998917599,3.1802662631459717,109.58078897639719,0.7142857142857143,0.8620689655172413,0.06666666666666667,5.0,1172.0525816549177
california,gradual_nonlin,20261021,TS-L5,24.837284528830217,4.543776572040185,42.27595083769509,0.6666666666666666,0.8620689655172413,0.6333333333333333,5.0,1172.0525816549177
california,gradual_nonlin,20261021,EG10-H1,2.288141545848925,4.991177919313103,21.7715479878607,0.8571428571428571,0.8275862068965517,0.7,1172.0525816549177,1172.0525816549177
california,gradual_nonlin,20261021,DUCB-H1,9.67170998917599,0.2500977100837764,23.610194317108526,0.7142857142857143,0.9310344827586207,0.7,1172.0525816549177,1172.0525816549177
california,gradual_nonlin,20261021,DUCB-H2,9.67170998917599,0.2500977100837764,9.665636710789013,0.7142857142857143,0.9310344827586207,0.8333333333333334,2344.1051633098355,1172.0525816549177
california,drastic_nonlin,20261018,UCB,30.895457990431225,0.0,6522.275413745977,0.8,0.0,0.0,0.0,264.391062646402
california,drastic_nonlin,20261018,DUCB,27.886660314512415,0.0,557.1287808870835,0.85,0.0,0.6,0.0,264.391062646402
california,drastic_nonlin,20261018,TS,22.264572691180184,0.0,662.3161358494144,0.725,0.0,0.375,0.0,264.391062646402
california,drastic_nonlin,20261018,EG05,5.368566533903701,0.0,182.57515166250062,0.875,0.0,0.775,0.0,264.391062646402
california,drastic_nonlin,20261018,EG10,111.64549566887914,0.0,6495.3725587557865,0.825,0.0,0.05,0.0,264.391062646402
california,drastic_nonlin,20261018,EG15,4.980799828808499,0.0,189.49808826444195,0.85,0.0,0.7,0.0,264.391062646402
california,drastic_nonlin,20261018,UCB-H0.5,28.248176544144243,0.0,182.11286735485945,0.85,0.0,0.775,132.195531323201,264.391062646402
california,drastic_nonlin,20261018,UCB-H1,28.248176544144243,0.0,179.36370021168594,0.85,0.0,0.8,264.391062646402,264.391062646402
california,drastic_nonlin,20261018,UCB-H2,28.248176544144243,0.0,179.36370021168594,0.85,0.0,0.8,528.782125292804,264.391062646402
california,drastic_nonlin,20261018,TS-H0.5,37.528017809135775,0.0,195.09610906204344,0.85,0.0,0.725,132.195531323201,264.391062646402
california,drastic_nonlin,20261018,TS-H1,26.659593278617038,0.0,179.36370021168594,0.85,0.0,0.8,264.391062646402,264.391062646402
california,drastic_nonlin,20261018,TS-H2,26.796613307744447,0.0,179.36370021168594,0.85,0.0,0.8,528.782125292804,264.391062646402
california,drastic_nonlin,20261018,UCB-L5,28.248176544144243,0.0,756.111212020371,0.85,0.0,0.1,5.0,264.391062646402
california,drastic_nonlin,20261018,TS-L5,4.5099914336332265,0.0,180.16288968472205,0.875,0.0,0.725,5.0,264.391062646402
california,drastic_nonlin,20261018,EG10-H1,4.178126353990606,0.0,414.4422953584248,0.875,0.0,0.675,264.391062646402,264.391062646402
california,drastic_nonlin,20261018,DUCB-H1,27.886660314512415,0.0,179.36370021168594,0.85,0.0,0.8,264.391062646402,264.391062646402
california,drastic_nonlin,20261018,DUCB-H2,27.886660314512415,0.0,179.36370021168594,0.85,0.0,0.8,528.782125292804,264.391062646402
california,drastic_nonlin,20261019,UCB,120.33105320609951,0.0,19635.199436678675,0.85,0.0,0.0,0.0,39.63101834980288
california,drastic_nonlin,20261019,DUCB,118.70471535908413,0.0,19898.289461705015,0.875,0.0,0.0,0.0,39.63101834980288
california,drastic_nonlin,20261019,TS,121.50949576430376,0.0,19628.58783703541,0.825,0.0,0.0,0.0,39.63101834980288
california,drastic_nonlin,20261019,EG05,116.2197877643629,0.0,19611.983595046757,0.925,0.0,0.025,0.0,39.63101834980288
california,drastic_nonlin,20261019,EG10,771.8547959174621,0.0,19615.129880807683,0.875,0.0,0.05,0.0,39.63101834980288
california,drastic_nonlin,20261019,EG15,5903.3405006481535,0.0,19634.26074491681,0.775,0.0,0.0,0.0,39.63101834980288
california,drastic_nonlin,20261019,UCB-H0.5,118.78987438300372,0.0,19634.055945329634,0.875,0.0,0.0,19.81550917490144,39.63101834980288
california,drastic_nonlin,20261019,UCB-H1,118.78987438300372,0.0,19636.5417905644,0.875,0.0,0.0,39.63101834980288,39.63101834980288
california,drastic_nonlin,20261019,UCB-H2,118.78987438300372,0.0,19629.429112921294,0.875,0.0,0.0,79.26203669960576,39.63101834980288
california,drastic_nonlin,20261019,TS-H0.5,118.76999086889536,0.0,19621.3991725107,0.875,0.0,0.0,19.81550917490144,39.63101834980288
california,drastic_nonlin,20261019,TS-H1,117.52372972168229,0.0,19626.041647854618,0.9,0.0,0.0,39.63101834980288,39.63101834980288
california,drastic_nonlin,20261019,TS-H2,116.2197877643629,0.0,19622.870155377634,0.925,0.0,0.0,79.26203669960576,39.63101834980288
california,drastic_nonlin,20261019,UCB-L5,118.78987438300372,0.0,19630.668954692952,0.875,0.0,0.0,5.0,39.63101834980288
california,drastic_nonlin,20261019,TS-L5,117.52372972168229,0.0,19613.008143978146,0.9,0.0,0.0,5.0,39.63101834980288
california,drastic_nonlin,20261019,EG10-H1,120.39071843525491,0.0,19626.6717973536,0.85,0.0,0.025,39.63101834980288,39.63101834980288
california,drastic_nonlin,20261019,DUCB-H1,117.4163841367744,0.0,19627.932684443585,0.9,0.0,0.0,39.63101834980288,39.63101834980288
california,drastic_nonlin,20261019,DUCB-H2,117.4163841367744,0.0,19629.277860578397,0.9,0.0,0.0,79.26203669960576,39.63101834980288
california,drastic_nonlin,20261020,UCB,14.722819319779273,0.0,622.6029147389396,0.85,0.0,0.5,0.0,3826.554229634148
california,drastic_nonlin,20261020,DUCB,13.178673921358167,0.0,612.0296796928808,0.875,0.0,0.525,0.0,3826.554229634148
california,drastic_nonlin,20261020,TS,13.241309294365422,0.0,1044.1102403346545,0.875,0.0,0.125,0.0,3826.554229634148
california,drastic_nonlin,20261020,EG05,12.136622626445881,0.0,602.2053715455272,0.875,0.0,0.55,0.0,3826.554229634148
california,drastic_nonlin,20261020,EG10,23.004936774435446,0.0,713.2738634078279,0.8,0.0,0.425,0.0,3826.554229634148
california,drastic_nonlin,20261020,EG15,16.72046556844423,0.0,628.1152765962536,0.85,0.0,0.425,0.0,3826.554229634148
california,drastic_nonlin,20261020,UCB-H0.5,13.57276343301164,0.0,80.08944900535586,0.875,0.0,0.8,1913.277114817074,3826.554229634148
california,drastic_nonlin,20261020,UCB-H1,13.57276343301164,0.0,80.08944900535586,0.875,0.0,0.8,3826.554229634148,3826.554229634148
california,drastic_nonlin,20261020,UCB-H2,13.57276343301164,0.0,81.1740216740734,0.875,0.0,0.8,7653.108459268296,3826.554229634148
california,drastic_nonlin,20261020,TS-H0.5,12.187112609675818,0.0,80.25454339684558,0.9,0.0,0.8,1913.277114817074,3826.554229634148
california,drastic_nonlin,20261020,TS-H1,10.789918905183164,0.0,82.78761505419268,0.925,0.0,0.8,3826.554229634148,3826.554229634148
california,drastic_nonlin,20261020,TS-H2,13.585092182669056,0.0,79.49419479550937,0.875,0.0,0.8,7653.108459268296,3826.554229634148
california,drastic_nonlin,20261020,UCB-L5,13.57276343301164,0.0,604.94078905318,0.875,0.0,0.525,5.0,3826.554229634148
california,drastic_nonlin,20261020,TS-L5,13.42318524869658,0.0,630.0076489568552,0.875,0.0,0.425,5.0,3826.554229634148
california,drastic_nonlin,20261020,EG10-H1,22.431314902066237,0.0,77.94990063830188,0.8,0.0,0.725,3826.554229634148,3826.554229634148
california,drastic_nonlin,20261020,DUCB-H1,11.998702235758147,0.0,78.29245580461159,0.9,0.0,0.8,3826.554229634148,3826.554229634148
california,drastic_nonlin,20261020,DUCB-H2,11.998702235758147,0.0,87.08667109620256,0.9,0.0,0.8,7653.108459268296,3826.554229634148
california,drastic_nonlin,20261021,UCB,12.56836026122354,0.0,746.5201812007963,0.8,0.0,0.725,0.0,1172.0525816549177
california,drastic_nonlin,20261021,DUCB,9.67170998917599,0.0,89.26076081826844,0.85,0.0,0.8,0.0,1172.0525816549177
california,drastic_nonlin,20261021,TS,540.8339683525747,0.0,969.6421815299393,0.75,0.0,0.15,0.0,1172.0525816549177
california,drastic_nonlin,20261021,EG05,2.4617785626621385,0.0,13.253230907815555,0.9,0.0,0.85,0.0,1172.0525816549177
california,drastic_nonlin,20261021,EG10,2.288141545848925,0.0,14.120895954660938,0.925,0.0,0.825,0.0,1172.0525816549177
california,drastic_nonlin,20261021,EG15,7.016314499427166,0.0,749.9089299000717,0.825,0.0,0.75,0.0,1172.0525816549177
california,drastic_nonlin,20261021,UCB-H0.5,9.67170998917599,0.0,84.19670513145667,0.85,0.0,0.8,586.0262908274589,1172.0525816549177
california,drastic_nonlin,20261021,UCB-H1,9.67170998917599,0.0,84.19670513145667,0.85,0.0,0.8,1172.0525816549177,1172.0525816549177
california,drastic_nonlin,20261021,UCB-H2,9.67170998917599,0.0,84.19670513145667,0.85,0.0,0.8,2344.1051633098355,1172.0525816549177
california,drastic_nonlin,20261021,TS-H0.5,4.016116228808284,0.0,84.19670513145667,0.875,0.0,0.8,586.0262908274589,1172.0525816549177
california,drastic_nonlin,20261021,TS-H1,15.396925233111926,0.0,84.19670513145667,0.825,0.0,0.8,1172.0525816549177,1172.0525816549177
california,drastic_nonlin,20261021,TS-H2,4.676701754497208,0.0,84.19670513145667,0.875,0.0,0.8,2344.1051633098355,1172.0525816549177
california,drastic_nonlin,20261021,UCB-L5,9.67170998917599,0.0,88.04134521757665,0.85,0.0,0.8,5.0,1172.0525816549177
california,drastic_nonlin,20261021,TS-L5,30.004665646374885,0.0,911.1064516072324,0.8,0.0,0.4,5.0,1172.0525816549177
california,drastic_nonlin,20261021,EG10-H1,8.409263079933917,0.0,95.3036429783421,0.875,0.0,0.7,1172.0525816549177,1172.0525816549177
california,drastic_nonlin,20261021,DUCB-H1,9.67170998917599,0.0,84.19670513145667,0.85,0.0,0.8,1172.0525816549177,1172.0525816549177
california,drastic_nonlin,20261021,DUCB-H2,9.67170998917599,0.0,84.19670513145667,0.85,0.0,0.8,2344.1051633098355,1172.0525816549177
california,gradual_noise,20261018,UCB,7.32967423582946,5.977431186072588,7.464849090059484,0.5238095238095238,0.6896551724137931,0.6333333333333333,0.0,0.6625780458069297
california,gradual_noise,20261018,DUCB,6.790399622726141,6.313591576122284,11.827538801235967,0.5714285714285714,0.6896551724137931,0.5,0.0,0.6625780458069297
california,gradual_noise,20261018,TS,5.5264975631148525,0.8054044935790816,4.014428667979777,0.7142857142857143,0.9310344827586207,0.8333333333333334,0.0,0.6625780458069297
california,gradual_noise,20261018,EG05,2.872374366287308,1.9021208649126018,1.5471649634556703,0.8571428571428571,0.9310344827586207,0.9333333333333333,0.0,0.6625780458069297
california,gradual_noise,20261018,EG10,4.162102658107406,2.7770935543086877,2.4680189092462568,0.8095238095238095,0.896551724137931,0.9,0.0,0.6625780458069297
california,gradual_noise,20261018,EG15,3.8924167424848886,5.199181981836786,4.497991535277453,0.8095238095238095,0.8620689655172413,0.8666666666666667,0.0,0.6625780458069297
california,gradual_noise,20261018,UCB-H0.5,7.32967423582946,5.044382097210522,7.508625863132954,0.5238095238095238,0.6896551724137931,0.6666666666666666,0.33128902290346485,0.6625780458069297
california,gradual_noise,20261018,UCB-H1,7.32967423582946,5.267496301626516,8.158155045195917,0.5238095238095238,0.6896551724137931,0.6333333333333333,0.6625780458069297,0.6625780458069297
california,gradual_noise,20261018,UCB-H2,7.32967423582946,5.4492176876754845,7.287913156378947,0.5238095238095238,0.6896551724137931,0.6666666666666666,1.3251560916138594,0.6625780458069297
california,gradual_noise,20261018,TS-H0.5,4.583497730981606,2.283561982315528,2.974662974987554,0.7619047619047619,0.896551724137931,0.8666666666666667,0.33128902290346485,0.6625780458069297
california,gradual_noise,20261018,TS-H1,4.584110272644487,2.1572019908874887,1.4016311058474067,0.7619047619047619,0.9310344827586207,0.8666666666666667,0.6625780458069297,0.6625780458069297
california,gradual_noise,20261018,TS-H2,5.583090434175044,0.9584891908160209,2.033782101151833,0.7142857142857143,0.9310344827586207,0.9,1.3251560916138594,0.6625780458069297
california,gradual_noise,20261018,UCB-L5,7.32967423582946,2.9078596136574095,6.7725146430364465,0.5238095238095238,0.7586206896551724,0.6666666666666666,5.0,0.6625780458069297
california,gradual_noise,20261018,TS-L5,5.516834325971464,0.877959917680674,1.9759237928891424,0.7142857142857143,0.9310344827586207,0.8666666666666667,5.0,0.6625780458069297
california,gradual_noise,20261018,EG10-H1,3.1738890215430313,1.7725866062053615,2.6175492868718053,0.8095238095238095,0.9310344827586207,0.9,0.6625780458069297,0.6625780458069297
california,gradual_noise,20261018,DUCB-H1,6.790399622726141,5.181049346628171,11.280918413092895,0.5714285714285714,0.7241379310344828,0.5,0.6625780458069297,0.6625780458069297
california,gradual_noise,20261018,DUCB-H2,6.790399622726141,5.667096827699754,12.074200266295477,0.5714285714285714,0.6896551724137931,0.5,1.3251560916138594,0.6625780458069297
california,gradual_noise,20261019,UCB,6.880559037678109,6.397755581443487,8.306363338348605,0.5714285714285714,0.6551724137931034,0.6333333333333333,0.0,0.6381689925309391
california,gradual_noise,20261019,DUCB,7.302525547039424,4.974414443117521,11.089099479330326,0.5714285714285714,0.6896551724137931,0.5,0.0,0.6381689925309391
california,gradual_noise,20261019,TS,6.504831160572187,0.0,4.6608491154064655,0.6666666666666666,1.0,0.7666666666666667,0.0,0.6381689925309391
california,gradual_noise,20261019,EG05,2.5931651749715376,0.0,3.1937090274381186,0.8571428571428571,1.0,0.8666666666666667,0.0,0.6381689925309391
california,gradual_noise,20261019,EG10,3.514690389716119,2.5224066024041267,3.8194302896254526,0.8095238095238095,0.9310344827586207,0.8666666666666667,0.0,0.6381689925309391
california,gradual_noise,20261019,EG15,3.2839517639520377,4.505349998947642,4.386536979118868,0.7619047619047619,0.8620689655172413,0.8,0.0,0.6381689925309391
california,gradual_noise,20261019,UCB-H0.5,6.880559037678109,6.467074728477199,7.690305846541509,0.5714285714285714,0.6551724137931034,0.6666666666666666,0.31908449626546953,0.6381689925309391
california,gradual_noise,20261019,UCB-H1,6.880559037678109,5.828390309645073,7.020468531553552,0.5714285714285714,0.6551724137931034,0.6666666666666666,0.6381689925309391,0.6381689925309391
california,gradual_noise,20261019,UCB-H2,6.880559037678109,4.907477017820691,9.844540717520639,0.5714285714285714,0.7241379310344828,0.6666666666666666,1.2763379850618781,0.6381689925309391
california,gradual_noise,20261019,TS-H0.5,6.077214176248582,0.46164512590213436,4.413770430103473,0.7142857142857143,0.9655172413793104,0.8,0.31908449626546953,0.6381689925309391
california,gradual_noise,20261019,TS-H1,6.199528157549956,0.22246779060461863,1.668581163357032,0.7142857142857143,0.9655172413793104,0.8666666666666667,0.6381689925309391,0.6381689925309391
california,gradual_noise,20261019,TS-H2,3.051674076116103,1.6096409720928335,5.793455102837716,0.8095238095238095,0.9310344827586207,0.7666666666666667,1.2763379850618781,0.6381689925309391
california,gradual_noise,20261019,UCB-L5,6.880559037678109,2.5268263872798333,6.575457721218376,0.5714285714285714,0.7586206896551724,0.6666666666666666,5.0,0.6381689925309391
california,gradual_noise,20261019,TS-L5,6.177411025649096,0.7227477827084827,1.3308111105559046,0.7142857142857143,0.9310344827586207,0.9,5.0,0.6381689925309391
california,gradual_noise,20261019,EG10-H1,4.3732798346120125,2.640302746709231,6.395691113696899,0.7619047619047619,0.9310344827586207,0.8,0.6381689925309391,0.6381689925309391
california,gradual_noise,20261019,DUCB-H1,7.302525547039424,4.585691617646759,10.746402039558776,0.5714285714285714,0.7241379310344828,0.5,0.6381689925309391,0.6381689925309391
california,gradual_noise,20261019,DUCB-H2,7.302525547039424,4.753361774414524,10.423772631422633,0.5714285714285714,0.6896551724137931,0.5333333333333333,1.2763379850618781,0.6381689925309391
california,gradual_noise,20261020,UCB,7.096897195256358,6.7266685667909165,8.37055286665905,0.5714285714285714,0.6551724137931034,0.6333333333333333,0.0,0.6943240597268594
california,gradual_noise,20261020,DUCB,7.084072961906436,5.044027217037027,12.421054991472094,0.5714285714285714,0.6896551724137931,0.5,0.0,0.6943240597268594
california,gradual_noise,20261020,TS,6.031175193465385,0.0,5.089919367958341,0.7142857142857143,1.0,0.7666666666666667,0.0,0.6943240597268594
california,gradual_noise,20261020,EG05,4.177717832203831,2.862746537079575,1.0134406749109586,0.8095238095238095,0.9310344827586207,0.9333333333333333,0.0,0.6943240597268594
california,gradual_noise,20261020,EG10,3.7208707382532897,3.1124452373184357,4.909915702690267,0.7619047619047619,0.896551724137931,0.8,0.0,0.6943240597268594
california,gradual_noise,20261020,EG15,5.2943094161161355,1.4955001830381178,4.487675174927619,0.7619047619047619,0.9655172413793104,0.8333333333333334,0.0,0.6943240597268594
california,gradual_noise,20261020,UCB-H0.5,7.096897195256358,6.655821918141453,8.066412822071833,0.5714285714285714,0.6551724137931034,0.6333333333333333,0.3471620298634297,0.6943240597268594
california,gradual_noise,20261020,UCB-H1,7.096897195256358,5.750144423725666,7.632642509869638,0.5714285714285714,0.6551724137931034,0.6333333333333333,0.6943240597268594,0.6943240597268594
california,gradual_noise,20261020,UCB-H2,7.096897195256358,5.32822204990855,6.2720728544164475,0.5714285714285714,0.6896551724137931,0.6666666666666666,1.3886481194537188,0.6943240597268594
california,gradual_noise,20261020,TS-H0.5,6.374222123566324,0.1544590779591699,1.8124270394187252,0.7142857142857143,0.9655172413793104,0.8666666666666667,0.3471620298634297,0.6943240597268594
california,gradual_noise,20261020,TS-H1,3.4011633877599023,1.2742322227265406,3.9883352097122065,0.8095238095238095,0.9655172413793104,0.7666666666666667,0.6943240597268594,0.6943240597268594
california,gradual_noise,20261020,TS-H2,6.029774236599605,0.0,2.026738411552773,0.7142857142857143,1.0,0.8333333333333334,1.3886481194537188,0.6943240597268594
california,gradual_noise,20261020,UCB-L5,7.096897195256358,3.9687176188990008,6.2378707444584975,0.5714285714285714,0.6896551724137931,0.7333333333333333,5.0,0.6943240597268594
california,gradual_noise,20261020,TS-L5,4.50226767626941,0.3511230056213661,2.880796355028403,0.7619047619047619,0.9655172413793104,0.8666666666666667,5.0,0.6943240597268594
california,gradual_noise,20261020,EG10-H1,6.101204736494333,3.545233366418832,0.8196105506721787,0.7142857142857143,0.896551724137931,0.9333333333333333,0.6943240597268594,0.6943240597268594
california,gradual_noise,20261020,DUCB-H1,5.707156911476419,5.33255950426888,11.952590644147728,0.6190476190476191,0.6896551724137931,0.5,0.6943240597268594,0.6943240597268594
california,gradual_noise,20261020,DUCB-H2,5.707156911476419,5.0110643314362955,10.846802530465888,0.6190476190476191,0.6896551724137931,0.5333333333333333,1.3886481194537188,0.6943240597268594
california,gradual_noise,20261021,UCB,7.9446984303327755,5.215497936768658,7.1020135457576945,0.5238095238095238,0.6896551724137931,0.6666666666666666,0.0,0.5921269958231932
california,gradual_noise,20261021,DUCB,7.2622311328681715,5.607118923619377,11.70181268701642,0.5714285714285714,0.7241379310344828,0.5,0.0,0.5921269958231932
california,gradual_noise,20261021,TS,6.089401316122737,0.7979097023584569,0.9927715635727605,0.7142857142857143,0.9310344827586207,0.9,0.0,0.5921269958231932
california,gradual_noise,20261021,EG05,2.779621639596414,2.021862418227295,3.285084689910347,0.8571428571428571,0.9310344827586207,0.9,0.0,0.5921269958231932
california,gradual_noise,20261021,EG10,2.779621639596414,1.9882450071660671,2.66297377123786,0.8571428571428571,0.9310344827586207,0.9333333333333333,0.0,0.5921269958231932
california,gradual_noise,20261021,EG15,2.779621639596414,4.851699049025759,6.232162517618105,0.8571428571428571,0.8275862068965517,0.8,0.0,0.5921269958231932
california,gradual_noise,20261021,UCB-H0.5,7.670635110388065,5.318854574115168,6.0348813131359575,0.5714285714285714,0.6896551724137931,0.6666666666666666,0.2960634979115966,0.5921269958231932
california,gradual_noise,20261021,UCB-H1,7.852330412898716,4.924717460724912,6.50322944884998,0.5238095238095238,0.6896551724137931,0.6666666666666666,0.5921269958231932,0.5921269958231932
california,gradual_noise,20261021,UCB-H2,7.852330412898716,3.8476723250742113,7.943448097265042,0.5238095238095238,0.7241379310344828,0.6333333333333333,1.1842539916463863,0.5921269958231932
california,gradual_noise,20261021,TS-H0.5,3.1561581959811695,2.8508069481428384,2.770792246403535,0.8095238095238095,0.896551724137931,0.8333333333333334,0.2960634979115966,0.5921269958231932
california,gradual_noise,20261021,TS-H1,5.99736472081934,0.39486920615331234,4.906145863981143,0.7142857142857143,0.9655172413793104,0.8,0.5921269958231932,0.5921269958231932
california,gradual_noise,20261021,TS-H2,4.378794752051714,2.286025745220056,2.357036736680453,0.7619047619047619,0.896551724137931,0.8666666666666667,1.1842539916463863,0.5921269958231932
california,gradual_noise,20261021,UCB-L5,7.578267092954006,2.8006294147523203,6.094562787951792,0.5714285714285714,0.7586206896551724,0.6666666666666666,5.0,0.5921269958231932
california,gradual_noise,20261021,TS-L5,5.6843942403918915,0.39486920615331234,1.416522264795464,0.7142857142857143,0.9655172413793104,0.9,5.0,0.5921269958231932
california,gradual_noise,20261021,EG10-H1,2.779621639596414,5.78753540333349,4.297670711893922,0.8571428571428571,0.8620689655172413,0.8333333333333334,0.5921269958231932,0.5921269958231932
california,gradual_noise,20261021,DUCB-H1,5.930874151361178,6.7303552072761965,11.343352930931099,0.6190476190476191,0.6896551724137931,0.5,0.5921269958231932,0.5921269958231932
california,gradual_noise,20261021,DUCB-H2,5.930874151361178,5.897581816613495,9.575174988768698,0.6190476190476191,0.6896551724137931,0.5333333333333333,1.1842539916463863,0.5921269958231932
california,drastic_noise,20261018,UCB,11.427822387450739,0.0,11.806395805186348,0.6,0.0,0.65,0.0,0.6625780458069297
california,drastic_noise,20261018,DUCB,7.503390483077741,0.0,15.560050686465326,0.725,0.0,0.5,0.0,0.6625780458069297
california,drastic_noise,20261018,TS,5.5264975631148525,0.0,12.509854296695643,0.85,0.0,0.725,0.0,0.6625780458069297
california,drastic_noise,20261018,EG05,4.77793100338799,0.0,3.6609589645257645,0.875,0.0,0.9,0.0,0.6625780458069297
california,drastic_noise,20261018,EG10,6.980740141845278,0.0,5.705082069522824,0.825,0.0,0.85,0.0,0.6625780458069297
california,drastic_noise,20261018,EG15,7.055490960929527,0.0,6.715129953640693,0.85,0.0,0.85,0.0,0.6625780458069297
california,drastic_noise,20261018,UCB-H0.5,8.669407122835393,0.0,10.260699191764663,0.65,0.0,0.65,0.33128902290346485,0.6625780458069297
california,drastic_noise,20261018,UCB-H1,8.669407122835393,0.0,9.33937796731937,0.65,0.0,0.65,0.6625780458069297,0.6625780458069297
california,drastic_noise,20261018,UCB-H2,8.669407122835393,0.0,9.641583732013501,0.65,0.0,0.65,1.3251560916138594,0.6625780458069297
california,drastic_noise,20261018,TS-H0.5,4.583497730981606,0.0,11.027917614817444,0.875,0.0,0.725,0.33128902290346485,0.6625780458069297
california,drastic_noise,20261018,TS-H1,4.584110272644487,0.0,9.305666268033448,0.875,0.0,0.75,0.6625780458069297,0.6625780458069297
california,drastic_noise,20261018,TS-H2,5.583090434175044,0.0,7.896291129627682,0.85,0.0,0.8,1.3251560916138594,0.6625780458069297
california,drastic_noise,20261018,UCB-L5,8.667069515855918,0.0,9.488327125636856,0.65,0.0,0.675,5.0,0.6625780458069297
california,drastic_noise,20261018,TS-L5,5.516834325971464,0.0,9.005954077681814,0.85,0.0,0.75,5.0,0.6625780458069297
california,drastic_noise,20261018,EG10-H1,4.601465438386013,0.0,4.342577815679297,0.875,0.0,0.875,0.6625780458069297,0.6625780458069297
california,drastic_noise,20261018,DUCB-H1,7.503390483077741,0.0,15.21020551592502,0.725,0.0,0.55,0.6625780458069297,0.6625780458069297
california,drastic_noise,20261018,DUCB-H2,7.495903876797662,0.0,14.217906042584824,0.725,0.0,0.55,1.3251560916138594,0.6625780458069297
california,drastic_noise,20261019,UCB,10.901449232359555,0.0,9.96114751525583,0.625,0.0,0.675,0.0,0.6381689925309391
california,drastic_noise,20261019,DUCB,7.997500170724461,0.0,15.055759659969734,0.725,0.0,0.55,0.0,0.6381689925309391
california,drastic_noise,20261019,TS,6.504831160572187,0.0,9.727141835573608,0.825,0.0,0.725,0.0,0.6381689925309391
california,drastic_noise,20261019,EG05,2.5931651749715376,0.0,5.191330697715491,0.925,0.0,0.9,0.0,0.6381689925309391
california,drastic_noise,20261019,EG10,4.898796898774959,0.0,4.637440637141045,0.875,0.0,0.9,0.0,0.6381689925309391
california,drastic_noise,20261019,EG15,7.821576014896855,0.0,9.961196120182013,0.775,0.0,0.825,0.0,0.6381689925309391
california,drastic_noise,20261019,UCB-H0.5,9.734160747398668,0.0,9.797729935802094,0.65,0.0,0.65,0.31908449626546953,0.6381689925309391
california,drastic_noise,20261019,UCB-H1,9.377212174654534,0.0,9.266055819221181,0.65,0.0,0.65,0.6381689925309391,0.6381689925309391
california,drastic_noise,20261019,UCB-H2,8.356005097299668,0.0,7.474009430672622,0.675,0.0,0.7,1.2763379850618781,0.6381689925309391
california,drastic_noise,20261019,TS-H0.5,6.077214176248582,0.0,10.915483207450405,0.85,0.0,0.775,0.31908449626546953,0.6381689925309391
california,drastic_noise,20261019,TS-H1,6.199528157549956,0.0,6.822569282427909,0.85,0.0,0.775,0.6381689925309391,0.6381689925309391
california,drastic_noise,20261019,TS-H2,4.375935231742701,0.0,9.300672600905074,0.875,0.0,0.775,1.2763379850618781,0.6381689925309391
california,drastic_noise,20261019,UCB-L5,8.35848529385941,0.0,7.93838402671827,0.675,0.0,0.7,5.0,0.6381689925309391
california,drastic_noise,20261019,TS-L5,6.177411025649096,0.0,7.463126190938829,0.85,0.0,0.775,5.0,0.6381689925309391
california,drastic_noise,20261019,EG10-H1,5.938471203511148,0.0,9.229450291748728,0.85,0.0,0.825,0.6381689925309391,0.6381689925309391
california,drastic_noise,20261019,DUCB-H1,7.997500170724461,0.0,13.139021981436482,0.725,0.0,0.55,0.6381689925309391,0.6381689925309391
california,drastic_noise,20261019,DUCB-H2,8.010460341366676,0.0,12.723065296817813,0.725,0.0,0.575,1.2763379850618781,0.6381689925309391
california,drastic_noise,20261020,UCB,9.619339245309941,0.0,9.85752609240241,0.65,0.0,0.65,0.0,0.6943240597268594
california,drastic_noise,20261020,DUCB,7.862212234087921,0.0,15.188296067865824,0.725,0.0,0.575,0.0,0.6943240597268594
california,drastic_noise,20261020,TS,6.031175193465385,0.0,9.600451740827365,0.85,0.0,0.725,0.0,0.6943240597268594
california,drastic_noise,20261020,EG05,5.502847474125238,0.0,3.296755783571948,0.875,0.0,0.9,0.0,0.6943240597268594
california,drastic_noise,20261020,EG10,6.796137207612765,0.0,6.122636664260205,0.8,0.0,0.8,0.0,0.6943240597268594
california,drastic_noise,20261020,EG15,6.8181315750166425,0.0,5.152990069679015,0.85,0.0,0.85,0.0,0.6943240597268594
california,drastic_noise,20261020,UCB-H0.5,9.76464520297117,0.0,10.330338069497728,0.65,0.0,0.65,0.3471620298634297,0.6943240597268594
california,drastic_noise,20261020,UCB-H1,9.608190677792217,0.0,10.003267716140229,0.65,0.0,0.65,0.6943240597268594,0.6943240597268594
california,drastic_noise,20261020,UCB-H2,8.833670612844312,0.0,9.82506845292572,0.65,0.0,0.65,1.3886481194537188,0.6943240597268594
california,drastic_noise,20261020,TS-H0.5,6.374222123566324,0.0,7.809043130471974,0.85,0.0,0.775,0.3471620298634297,0.6943240597268594
california,drastic_noise,20261020,TS-H1,4.667476339006982,0.0,6.946530902968439,0.875,0.0,0.775,0.6943240597268594,0.6943240597268594
california,drastic_noise,20261020,TS-H2,6.029774236599605,0.0,8.764332105414987,0.85,0.0,0.725,1.3886481194537188,0.6943240597268594
california,drastic_noise,20261020,UCB-L5,8.88476423837647,0.0,7.873990321132791,0.65,0.0,0.675,5.0,0.6943240597268594
california,drastic_noise,20261020,TS-L5,4.50226767626941,0.0,6.856455888625687,0.875,0.0,0.775,5.0,0.6943240597268594
california,drastic_noise,20261020,EG10-H1,8.335636499437983,0.0,4.097170531521452,0.8,0.0,0.85,0.6943240597268594,0.6943240597268594
california,drastic_noise,20261020,DUCB-H1,7.731816047232611,0.0,12.854522852624818,0.725,0.0,0.55,0.6943240597268594,0.6943240597268594
california,drastic_noise,20261020,DUCB-H2,6.41010911190832,0.0,13.03517989103323,0.75,0.0,0.525,1.3886481194537188,0.6943240597268594
california,drastic_noise,20261021,UCB,10.211631238975304,0.0,10.635497700197963,0.65,0.0,0.675,0.0,0.5921269958231932
california,drastic_noise,20261021,DUCB,8.099048208592132,0.0,14.44389939200008,0.725,0.0,0.575,0.0,0.5921269958231932
california,drastic_noise,20261021,TS,6.089401316122737,0.0,10.375971521675,0.85,0.0,0.725,0.0,0.5921269958231932
california,drastic_noise,20261021,EG05,4.378088926220729,0.0,4.271336087842011,0.9,0.0,0.875,0.0,0.5921269958231932
california,drastic_noise,20261021,EG10,2.779621639596414,0.0,5.2671375138449505,0.925,0.0,0.9,0.0,0.5921269958231932
california,drastic_noise,20261021,EG15,6.174581202619326,0.0,9.013386415042287,0.825,0.0,0.8,0.0,0.5921269958231932
california,drastic_noise,20261021,UCB-H0.5,9.435987861561419,0.0,9.657200607894131,0.65,0.0,0.65,0.2960634979115966,0.5921269958231932
california,drastic_noise,20261021,UCB-H1,9.430820667489476,0.0,9.858601354930899,0.65,0.0,0.625,0.5921269958231932,0.5921269958231932
california,drastic_noise,20261021,UCB-H2,9.430820667489476,0.0,8.365367730823651,0.65,0.0,0.675,1.1842539916463863,0.5921269958231932
california,drastic_noise,20261021,TS-H0.5,4.257697626932624,0.0,8.469682159930564,0.875,0.0,0.75,0.2960634979115966,0.5921269958231932
california,drastic_noise,20261021,TS-H1,5.99736472081934,0.0,8.69031877417618,0.85,0.0,0.75,0.5921269958231932,0.5921269958231932
california,drastic_noise,20261021,TS-H2,5.977262038676029,0.0,6.9025710339872415,0.85,0.0,0.8,1.1842539916463863,0.5921269958231932
california,drastic_noise,20261021,UCB-L5,9.130943100210468,0.0,7.7985967956752695,0.675,0.0,0.7,5.0,0.5921269958231932
california,drastic_noise,20261021,TS-L5,5.6843942403918915,0.0,10.659081201216486,0.85,0.0,0.725,5.0,0.5921269958231932
california,drastic_noise,20261021,EG10-H1,5.843888182505728,0.0,7.008175363543565,0.875,0.0,0.825,0.5921269958231932,0.5921269958231932
california,drastic_noise,20261021,DUCB-H1,8.049494458218259,0.0,13.022210240270454,0.725,0.0,0.55,0.5921269958231932,0.5921269958231932
california,drastic_noise,20261021,DUCB-H2,6.5751679960193385,0.0,13.123292733106242,0.75,0.0,0.55,1.1842539916463863,0.5921269958231932
covertype,gradual_relocate,20261018,UCB,33.59864759871023,28.221768383463257,67.85198123854373,0.8571428571428571,0.4827586206896552,0.4,0.0,6.438846481958082
covertype,gradual_relocate,20261018,DUCB,33.59864759871023,15.05025133936781,41.984021320458176,0.8571428571428571,0.6206896551724138,0.5333333333333333,0.0,6.438846481958082
covertype,gradual_relocate,20261018,TS,33.59864759871023,28.221768383463257,94.57275413223815,0.8571428571428571,0.4827586206896552,0.26666666666666666,0.0,6.438846481958082
covertype,gradual_relocate,20261018,EG05,33.59864759871023,33.71687666402349,101.84278487738104,0.8571428571428571,0.5172413793103449,0.16666666666666666,0.0,6.438846481958082
covertype,gradual_relocate,20261018,EG10,52.32290767339906,44.52715359242585,153.33131160507276,0.8095238095238095,0.41379310344827586,0.06666666666666667,0.0,6.438846481958082
covertype,gradual_relocate,20261018,EG15,41.80029769520448,47.92723377058349,102.70304834640807,0.8095238095238095,0.4482758620689655,0.23333333333333334,0.0,6.438846481958082
covertype,gradual_relocate,20261018,UCB-H0.5,33.59864759871023,21.022897325864495,30.628172323207732,0.8571428571428571,0.5517241379310345,0.5333333333333333,3.219423240979041,6.438846481958082
covertype,gradual_relocate,20261018,UCB-H1,33.59864759871023,21.022897325864495,30.628172323207732,0.8571428571428571,0.5517241379310345,0.5333333333333333,6.438846481958082,6.438846481958082
covertype,gradual_relocate,20261018,UCB-H2,33.59864759871023,21.022897325864495,30.628172323207732,0.8571428571428571,0.5517241379310345,0.5333333333333333,12.877692963916164,6.438846481958082
covertype,gradual_relocate,20261018,TS-H0.5,33.59864759871023,28.221768383463257,77.44591131620437,0.8571428571428571,0.4827586206896552,0.23333333333333334,3.219423240979041,6.438846481958082
covertype,gradual_relocate,20261018,TS-H1,33.59864759871023,28.221768383463257,57.40341814945286,0.8571428571428571,0.4827586206896552,0.3333333333333333,6.438846481958082,6.438846481958082
covertype,gradual_relocate,20261018,TS-H2,33.59864759871023,15.05025133936781,30.628172323207732,0.8571428571428571,0.6206896551724138,0.5333333333333333,12.877692963916164,6.438846481958082
covertype,gradual_relocate,20261018,UCB-L5,33.59864759871023,21.022897325864495,30.628172323207732,0.8571428571428571,0.5517241379310345,0.5333333333333333,5.0,6.438846481958082
covertype,gradual_relocate,20261018,TS-L5,33.59864759871023,28.221768383463257,89.92230968816362,0.8571428571428571,0.4827586206896552,0.16666666666666666,5.0,6.438846481958082
covertype,gradual_relocate,20261018,EG10-H1,37.34271165678143,35.77304981387325,119.86280009021655,0.8095238095238095,0.4482758620689655,0.13333333333333333,6.438846481958082,6.438846481958082
covertype,gradual_relocate,20261018,DUCB-H1,33.59864759871023,15.05025133936781,30.628172323207732,0.8571428571428571,0.6206896551724138,0.5333333333333333,6.438846481958082,6.438846481958082
covertype,gradual_relocate,20261018,DUCB-H2,33.59864759871023,12.381235627528742,30.628172323207732,0.8571428571428571,0.6551724137931034,0.5333333333333333,12.877692963916164,6.438846481958082
covertype,gradual_relocate,20261019,UCB,31.67801331263425,28.95884246873083,103.65892259580308,0.8571428571428571,0.5172413793103449,0.2,0.0,8.112857763609446
covertype,gradual_relocate,20261019,DUCB,31.67801331263425,28.95884246873083,42.143829479495174,0.8571428571428571,0.5172413793103449,0.4,0.0,8.112857763609446
covertype,gradual_relocate,20261019,TS,31.67801331263425,28.95884246873083,169.63593583188447,0.8571428571428571,0.5172413793103449,0.0,0.0,8.112857763609446
covertype,gradual_relocate,20261019,EG05,31.67801331263425,28.95884246873083,277.8915105614324,0.8571428571428571,0.5172413793103449,0.03333333333333333,0.0,8.112857763609446
covertype,gradual_relocate,20261019,EG10,38.77192254137989,43.16647186123047,279.6746729428384,0.8095238095238095,0.4827586206896552,0.03333333333333333,0.0,8.112857763609446
covertype,gradual_relocate,20261019,EG15,37.61027054878648,66.39218492801905,122.83253074139883,0.7619047619047619,0.3793103448275862,0.23333333333333334,0.0,8.112857763609446
covertype,gradual_relocate,20261019,UCB-H0.5,31.67801331263425,28.95884246873083,56.802609511483276,0.8571428571428571,0.5172413793103449,0.3,4.056428881804723,8.112857763609446
covertype,gradual_relocate,20261019,UCB-H1,31.67801331263425,28.95884246873083,33.153851075660214,0.8571428571428571,0.5172413793103449,0.4666666666666667,8.112857763609446,8.112857763609446
covertype,gradual_relocate,20261019,UCB-H2,31.67801331263425,20.911178384116802,29.803360984711958,0.8571428571428571,0.5862068965517241,0.5,16.22571552721889,8.112857763609446
covertype,gradual_relocate,20261019,TS-H0.5,31.67801331263425,28.95884246873083,94.8346534126703,0.8571428571428571,0.5172413793103449,0.23333333333333334,4.056428881804723,8.112857763609446
covertype,gradual_relocate,20261019,TS-H1,31.67801331263425,28.95884246873083,151.57733331270833,0.8571428571428571,0.5172413793103449,0.0,8.112857763609446,8.112857763609446
covertype,gradual_relocate,20261019,TS-H2,31.67801331263425,28.95884246873083,37.01419199598243,0.8571428571428571,0.5172413793103449,0.43333333333333335,16.22571552721889,8.112857763609446
covertype,gradual_relocate,20261019,UCB-L5,31.67801331263425,28.95884246873083,56.802609511483276,0.8571428571428571,0.5172413793103449,0.3,5.0,8.112857763609446
covertype,gradual_relocate,20261019,TS-L5,31.67801331263425,28.95884246873083,109.97297648729882,0.8571428571428571,0.5172413793103449,0.16666666666666666,5.0,8.112857763609446
covertype,gradual_relocate,20261019,EG10-H1,48.109540587002655,41.0839300247075,121.54401268206718,0.7619047619047619,0.4827586206896552,0.16666666666666666,8.112857763609446,8.112857763609446
covertype,gradual_relocate,20261019,DUCB-H1,31.67801331263425,20.911178384116802,29.803360984711958,0.8571428571428571,0.5862068965517241,0.5,8.112857763609446,8.112857763609446
covertype,gradual_relocate,20261019,DUCB-H2,31.67801331263425,20.911178384116802,29.803360984711958,0.8571428571428571,0.5862068965517241,0.5,16.22571552721889,8.112857763609446
covertype,gradual_relocate,20261020,UCB,20.30730653881551,12.966527993741533,59.59377049181634,0.8571428571428571,0.6551724137931034,0.4666666666666667,0.0,5.637802036843056
covertype,gradual_relocate,20261020,DUCB,20.30730653881551,5.658546764876475,43.11596989437614,0.8571428571428571,0.7586206896551724,0.4666666666666667,0.0,5.637802036843056
covertype,gradual_relocate,20261020,TS,20.30730653881551,28.34089813324371,115.64363340820647,0.8571428571428571,0.4827586206896552,0.06666666666666667,0.0,5.637802036843056
covertype,gradual_relocate,20261020,EG05,26.54267763945899,41.33418171583868,182.7360042923838,0.8095238095238095,0.4482758620689655,0.0,0.0,5.637802036843056
covertype,gradual_relocate,20261020,EG10,27.568113313474093,49.82758455382381,220.32722399267922,0.7619047619047619,0.41379310344827586,0.0,0.0,5.637802036843056
covertype,gradual_relocate,20261020,EG15,41.212839344589646,33.05856942378114,122.21012488904877,0.7619047619047619,0.4827586206896552,0.03333333333333333,0.0,5.637802036843056
covertype,gradual_relocate,20261020,UCB-H0.5,20.30730653881551,17.918193966806037,32.32618065691939,0.8571428571428571,0.5862068965517241,0.4666666666666667,2.818901018421528,5.637802036843056
covertype,gradual_relocate,20261020,UCB-H1,20.30730653881551,21.108357303447402,32.32618065691939,0.8571428571428571,0.5517241379310345,0.4666666666666667,5.637802036843056,5.637802036843056
covertype,gradual_relocate,20261020,UCB-H2,20.30730653881551,21.108357303447402,32.32618065691939,0.8571428571428571,0.5517241379310345,0.4666666666666667,11.275604073686113,5.637802036843056
covertype,gradual_relocate,20261020,TS-H0.5,20.30730653881551,15.243901415744574,46.03213235965052,0.8571428571428571,0.6206896551724138,0.4666666666666667,2.818901018421528,5.637802036843056
covertype,gradual_relocate,20261020,TS-H1,20.30730653881551,28.34089813324371,41.05157565345548,0.8571428571428571,0.4827586206896552,0.4,5.637802036843056,5.637802036843056
covertype,gradual_relocate,20261020,TS-H2,20.30730653881551,28.34089813324371,36.86968842414773,0.8571428571428571,0.4827586206896552,0.43333333333333335,11.275604073686113,5.637802036843056
covertype,gradual_relocate,20261020,UCB-L5,20.30730653881551,17.918193966806037,32.32618065691939,0.8571428571428571,0.5862068965517241,0.4666666666666667,5.0,5.637802036843056
covertype,gradual_relocate,20261020,TS-L5,20.30730653881551,28.34089813324371,52.15082221349339,0.8571428571428571,0.4827586206896552,0.3333333333333333,5.0,5.637802036843056
covertype,gradual_relocate,20261020,EG10-H1,43.43178012757997,38.0254278691797,109.10875309003576,0.7142857142857143,0.41379310344827586,0.03333333333333333,5.637802036843056,5.637802036843056
covertype,gradual_relocate,20261020,DUCB-H1,20.30730653881551,8.286412910798575,32.32618065691939,0.8571428571428571,0.7241379310344828,0.4666666666666667,5.637802036843056,5.637802036843056
covertype,gradual_relocate,20261020,DUCB-H2,20.30730653881551,8.286412910798575,32.32618065691939,0.8571428571428571,0.7241379310344828,0.4666666666666667,11.275604073686113,5.637802036843056
covertype,gradual_relocate,20261021,UCB,23.749131033275116,28.16868917463633,61.287112583174334,0.8571428571428571,0.5172413793103449,0.4666666666666667,0.0,5.766264958838885
covertype,gradual_relocate,20261021,DUCB,23.749131033275116,13.216040778732587,41.63159399107962,0.8571428571428571,0.6896551724137931,0.5,0.0,5.766264958838885
covertype,gradual_relocate,20261021,TS,23.749131033275116,28.16868917463633,120.85887267341435,0.8571428571428571,0.5172413793103449,0.23333333333333334,0.0,5.766264958838885
covertype,gradual_relocate,20261021,EG05,23.749131033275116,42.09337726209596,95.67737604758436,0.8571428571428571,0.4827586206896552,0.26666666666666666,0.0,5.766264958838885
covertype,gradual_relocate,20261021,EG10,23.749131033275116,28.954006691679403,213.02385921500456,0.8571428571428571,0.5172413793103449,0.03333333333333333,0.0,5.766264958838885
covertype,gradual_relocate,20261021,EG15,23.749131033275116,53.32229020811945,192.76529742691616,0.8571428571428571,0.41379310344827586,0.0,0.0,5.766264958838885
covertype,gradual_relocate,20261021,UCB-H0.5,23.749131033275116,21.735670006260275,31.907809102039494,0.8571428571428571,0.5862068965517241,0.5,2.8831324794194426,5.766264958838885
covertype,gradual_relocate,20261021,UCB-H1,23.749131033275116,21.735670006260275,31.907809102039494,0.8571428571428571,0.5862068965517241,0.5,5.766264958838885,5.766264958838885
covertype,gradual_relocate,20261021,UCB-H2,23.749131033275116,21.735670006260275,31.907809102039494,0.8571428571428571,0.5862068965517241,0.5,11.53252991767777,5.766264958838885
covertype,gradual_relocate,20261021,TS-H0.5,23.749131033275116,28.16868917463633,72.25337132441928,0.8571428571428571,0.5172413793103449,0.3,2.8831324794194426,5.766264958838885
covertype,gradual_relocate,20261021,TS-H1,23.749131033275116,28.16868917463633,67.32070980564168,0.8571428571428571,0.5172413793103449,0.3333333333333333,5.766264958838885,5.766264958838885
covertype,gradual_relocate,20261021,TS-H2,23.749131033275116,28.16868917463633,36.0979421325909,0.8571428571428571,0.5172413793103449,0.4666666666666667,11.53252991767777,5.766264958838885
covertype,gradual_relocate,20261021,UCB-L5,23.749131033275116,21.735670006260275,31.907809102039494,0.8571428571428571,0.5862068965517241,0.5,5.0,5.766264958838885
covertype,gradual_relocate,20261021,TS-L5,23.749131033275116,25.3787350180947,50.33594237620352,0.8571428571428571,0.5517241379310345,0.4666666666666667,5.0,5.766264958838885
covertype,gradual_relocate,20261021,EG10-H1,23.749131033275116,45.51364763721234,80.9760245470346,0.8571428571428571,0.4827586206896552,0.2,5.766264958838885,5.766264958838885
covertype,gradual_relocate,20261021,DUCB-H1,23.749131033275116,13.216040778732587,31.907809102039494,0.8571428571428571,0.6896551724137931,0.5,5.766264958838885,5.766264958838885
covertype,gradual_relocate,20261021,DUCB-H2,23.749131033275116,10.26112652110658,31.907809102039494,0.8571428571428571,0.7241379310344828,0.5,11.53252991767777,5.766264958838885
covertype,drastic_relocate,20261018,UCB,33.59864759871023,0.0,293.2150281894599,0.925,0.0,0.0,0.0,6.438846481958082
covertype,drastic_relocate,20261018,DUCB,33.59864759871023,0.0,198.1096629493358,0.925,0.0,0.0,0.0,6.438846481958082
covertype,drastic_relocate,20261018,TS,33.59864759871023,0.0,351.2053193433451,0.925,0.0,0.0,0.0,6.438846481958082
covertype,drastic_relocate,20261018,EG05,52.26623747034628,0.0,327.4616360577635,0.875,0.0,0.0,0.0,6.438846481958082
covertype,drastic_relocate,20261018,EG10,85.16161152965871,0.0,322.31621530425775,0.825,0.0,0.05,0.0,6.438846481958082
covertype,drastic_relocate,20261018,EG15,74.1069351146964,0.0,335.0827495515856,0.85,0.0,0.025,0.0,6.438846481958082
covertype,drastic_relocate,20261018,UCB-H0.5,33.59864759871023,0.0,278.0397038855731,0.925,0.0,0.0,3.219423240979041,6.438846481958082
covertype,drastic_relocate,20261018,UCB-H1,33.59864759871023,0.0,254.3713034818698,0.925,0.0,0.0,6.438846481958082,6.438846481958082
covertype,drastic_relocate,20261018,UCB-H2,33.59864759871023,0.0,242.91907523931147,0.925,0.0,0.0,12.877692963916164,6.438846481958082
covertype,drastic_relocate,20261018,TS-H0.5,33.59864759871023,0.0,333.6575821155127,0.925,0.0,0.0,3.219423240979041,6.438846481958082
covertype,drastic_relocate,20261018,TS-H1,33.59864759871023,0.0,288.97680710803996,0.925,0.0,0.0,6.438846481958082,6.438846481958082
covertype,drastic_relocate,20261018,TS-H2,33.59864759871023,0.0,242.91907523931147,0.925,0.0,0.0,12.877692963916164,6.438846481958082
covertype,drastic_relocate,20261018,UCB-L5,33.59864759871023,0.0,263.9555122722589,0.925,0.0,0.0,5.0,6.438846481958082
covertype,drastic_relocate,20261018,TS-L5,33.59864759871023,0.0,333.30110875049115,0.925,0.0,0.0,5.0,6.438846481958082
covertype,drastic_relocate,20261018,EG10-H1,48.77095033266274,0.0,296.12864327508004,0.875,0.0,0.0,6.438846481958082,6.438846481958082
covertype,drastic_relocate,20261018,DUCB-H1,33.59864759871023,0.0,194.90163705369943,0.925,0.0,0.0,6.438846481958082,6.438846481958082
covertype,drastic_relocate,20261018,DUCB-H2,33.59864759871023,0.0,206.90546700254362,0.925,0.0,0.0,12.877692963916164,6.438846481958082
covertype,drastic_relocate,20261019,UCB,31.67801331263425,0.0,357.49861661803754,0.925,0.0,0.0,0.0,8.112857763609446
covertype,drastic_relocate,20261019,DUCB,31.67801331263425,0.0,255.08354418051857,0.925,0.0,0.0,0.0,8.112857763609446
covertype,drastic_relocate,20261019,TS,31.67801331263425,0.0,448.1578282094438,0.925,0.0,0.0,0.0,8.112857763609446
covertype,drastic_relocate,20261019,EG05,31.67801331263425,0.0,455.2441925041246,0.925,0.0,0.025,0.0,8.112857763609446
covertype,drastic_relocate,20261019,EG10,53.733395433956616,0.0,461.6054746567248,0.875,0.0,0.05,0.0,8.112857763609446
covertype,drastic_relocate,20261019,EG15,80.90381529174381,0.0,381.167329206555,0.775,0.0,0.0,0.0,8.112857763609446
covertype,drastic_relocate,20261019,UCB-H0.5,31.67801331263425,0.0,371.55346406888987,0.925,0.0,0.0,4.056428881804723,8.112857763609446
covertype,drastic_relocate,20261019,UCB-H1,31.67801331263425,0.0,378.6744453111668,0.925,0.0,0.0,8.112857763609446,8.112857763609446
covertype,drastic_relocate,20261019,UCB-H2,31.67801331263425,0.0,355.74042612661106,0.925,0.0,0.0,16.22571552721889,8.112857763609446
covertype,drastic_relocate,20261019,TS-H0.5,31.67801331263425,0.0,398.55368637623997,0.925,0.0,0.0,4.056428881804723,8.112857763609446
covertype,drastic_relocate,20261019,TS-H1,31.67801331263425,0.0,406.6661747360449,0.925,0.0,0.0,8.112857763609446,8.112857763609446
covertype,drastic_relocate,20261019,TS-H2,31.67801331263425,0.0,366.5620020413854,0.925,0.0,0.0,16.22571552721889,8.112857763609446
covertype,drastic_relocate,20261019,UCB-L5,31.67801331263425,0.0,406.70166609670775,0.925,0.0,0.0,5.0,8.112857763609446
covertype,drastic_relocate,20261019,TS-L5,31.67801331263425,0.0,414.40303136020964,0.925,0.0,0.0,5.0,8.112857763609446
covertype,drastic_relocate,20261019,EG10-H1,56.145223750598944,0.0,416.28109257491474,0.85,0.0,0.025,8.112857763609446,8.112857763609446
covertype,drastic_relocate,20261019,DUCB-H1,31.67801331263425,0.0,249.82522069864342,0.925,0.0,0.0,8.112857763609446,8.112857763609446
covertype,drastic_relocate,20261019,DUCB-H2,31.67801331263425,0.0,285.58716027108414,0.925,0.0,0.0,16.22571552721889,8.112857763609446
covertype,drastic_relocate,20261020,UCB,20.30730653881551,0.0,288.24283165929063,0.925,0.0,0.0,0.0,5.637802036843056
covertype,drastic_relocate,20261020,DUCB,20.30730653881551,0.0,193.4916171435906,0.925,0.0,0.0,0.0,5.637802036843056
covertype,drastic_relocate,20261020,TS,20.30730653881551,0.0,341.5664997492027,0.925,0.0,0.0,0.0,5.637802036843056
covertype,drastic_relocate,20261020,EG05,44.523506464133305,0.0,288.2596050800891,0.875,0.0,0.025,0.0,5.637802036843056
covertype,drastic_relocate,20261020,EG10,55.51587908320197,0.0,318.03765164599514,0.8,0.0,0.025,0.0,5.637802036843056
covertype,drastic_relocate,20261020,EG15,54.07906171409786,0.0,313.11709716453964,0.85,0.0,0.05,0.0,5.637802036843056
covertype,drastic_relocate,20261020,UCB-H0.5,20.30730653881551,0.0,281.85315282714924,0.925,0.0,0.0,2.818901018421528,5.637802036843056
covertype,drastic_relocate,20261020,UCB-H1,20.30730653881551,0.0,273.2449540580679,0.925,0.0,0.0,5.637802036843056,5.637802036843056
covertype,drastic_relocate,20261020,UCB-H2,20.30730653881551,0.0,260.69491897176744,0.925,0.0,0.0,11.275604073686113,5.637802036843056
covertype,drastic_relocate,20261020,TS-H0.5,20.30730653881551,0.0,318.14793347426627,0.925,0.0,0.0,2.818901018421528,5.637802036843056
covertype,drastic_relocate,20261020,TS-H1,20.30730653881551,0.0,315.86218814398086,0.925,0.0,0.0,5.637802036843056,5.637802036843056
covertype,drastic_relocate,20261020,TS-H2,20.30730653881551,0.0,283.0540038742104,0.925,0.0,0.0,11.275604073686113,5.637802036843056
covertype,drastic_relocate,20261020,UCB-L5,20.30730653881551,0.0,272.1109399083404,0.925,0.0,0.0,5.0,5.637802036843056
covertype,drastic_relocate,20261020,TS-L5,20.30730653881551,0.0,337.81223737478257,0.925,0.0,0.0,5.0,5.637802036843056
covertype,drastic_relocate,20261020,EG10-H1,57.84308714963161,0.0,280.4133818353892,0.8,0.0,0.0,5.637802036843056,5.637802036843056
covertype,drastic_relocate,20261020,DUCB-H1,20.30730653881551,0.0,201.7186259202805,0.925,0.0,0.0,5.637802036843056,5.637802036843056
covertype,drastic_relocate,20261020,DUCB-H2,20.30730653881551,0.0,213.75756724688358,0.925,0.0,0.0,11.275604073686113,5.637802036843056
covertype,drastic_relocate,20261021,UCB,23.749131033275116,0.0,319.59846073620355,0.925,0.0,0.0,0.0,5.766264958838885
covertype,drastic_relocate,20261021,DUCB,23.749131033275116,0.0,221.39580021379632,0.925,0.0,0.0,0.0,5.766264958838885
covertype,drastic_relocate,20261021,TS,23.749131033275116,0.0,484.9544305094673,0.925,0.0,0.0,0.0,5.766264958838885
covertype,drastic_relocate,20261021,EG05,39.31372426621964,0.0,436.47911771178997,0.9,0.0,0.025,0.0,5.766264958838885
covertype,drastic_relocate,20261021,EG10,23.749131033275116,0.0,308.0949048036962,0.925,0.0,0.35,0.0,5.766264958838885
covertype,drastic_relocate,20261021,EG15,61.67979672224821,0.0,459.0067163179905,0.825,0.0,0.075,0.0,5.766264958838885
covertype,drastic_relocate,20261021,UCB-H0.5,23.749131033275116,0.0,305.1084062947303,0.925,0.0,0.0,2.8831324794194426,5.766264958838885
covertype,drastic_relocate,20261021,UCB-H1,23.749131033275116,0.0,315.01625511512776,0.925,0.0,0.0,5.766264958838885,5.766264958838885
covertype,drastic_relocate,20261021,UCB-H2,23.749131033275116,0.0,288.5013151985722,0.925,0.0,0.0,11.53252991767777,5.766264958838885
covertype,drastic_relocate,20261021,TS-H0.5,23.749131033275116,0.0,398.9364834771747,0.925,0.0,0.0,2.8831324794194426,5.766264958838885
covertype,drastic_relocate,20261021,TS-H1,23.749131033275116,0.0,353.38807333519463,0.925,0.0,0.0,5.766264958838885,5.766264958838885
covertype,drastic_relocate,20261021,TS-H2,23.749131033275116,0.0,336.6271433476435,0.925,0.0,0.0,11.53252991767777,5.766264958838885
covertype,drastic_relocate,20261021,UCB-L5,23.749131033275116,0.0,325.0586788186153,0.925,0.0,0.0,5.0,5.766264958838885
covertype,drastic_relocate,20261021,TS-L5,23.749131033275116,0.0,378.7057701675895,0.925,0.0,0.0,5.0,5.766264958838885
covertype,drastic_relocate,20261021,EG10-H1,52.38467159509187,0.0,377.1174984773649,0.875,0.0,0.075,5.766264958838885,5.766264958838885
covertype,drastic_relocate,20261021,DUCB-H1,23.749131033275116,0.0,218.74351981332515,0.925,0.0,0.0,5.766264958838885,5.766264958838885
covertype,drastic_relocate,20261021,DUCB-H2,23.749131033275116,0.0,222.4825033175662,0.925,0.0,0.0,11.53252991767777,5.766264958838885
covertype,gradual_flip,20261018,UCB,40.318855105968844,22.916381305790935,340.2044001576532,0.8571428571428571,0.5172413793103449,0.0,0.0,13.2856251436477
covertype,gradual_flip,20261018,DUCB,40.318855105968844,14.353888523868184,221.40052255414207,0.8571428571428571,0.6206896551724138,0.0,0.0,13.2856251436477
covertype,gradual_flip,20261018,TS,40.318855105968844,63.65758259427806,408.3669568883177,0.8571428571428571,0.20689655172413793,0.0,0.0,13.2856251436477
covertype,gradual_flip,20261018,EG05,40.318855105968844,89.44332254356301,251.7019535300905,0.8571428571428571,0.20689655172413793,0.03333333333333333,0.0,13.2856251436477
covertype,gradual_flip,20261018,EG10,77.75345630033591,76.24192508241241,368.210519077309,0.8095238095238095,0.2413793103448276,0.06666666666666667,0.0,13.2856251436477
covertype,gradual_flip,20261018,EG15,42.381176186550626,117.03265904580421,234.4925776519413,0.8095238095238095,0.20689655172413793,0.13333333333333333,0.0,13.2856251436477
covertype,gradual_flip,20261018,UCB-H0.5,40.318855105968844,22.916381305790935,344.5491225424782,0.8571428571428571,0.5172413793103449,0.0,6.64281257182385,13.2856251436477
covertype,gradual_flip,20261018,UCB-H1,40.318855105968844,22.58209846658943,337.5146444620065,0.8571428571428571,0.5172413793103449,0.0,13.2856251436477,13.2856251436477
covertype,gradual_flip,20261018,UCB-H2,40.318855105968844,21.289221094533733,340.79131209729024,0.8571428571428571,0.5172413793103449,0.0,26.5712502872954,13.2856251436477
covertype,gradual_flip,20261018,TS-H0.5,40.318855105968844,61.366302133446226,401.83949011900495,0.8571428571428571,0.20689655172413793,0.0,6.64281257182385,13.2856251436477
covertype,gradual_flip,20261018,TS-H1,40.318855105968844,52.60307291591028,399.52286793545437,0.8571428571428571,0.2413793103448276,0.0,13.2856251436477,13.2856251436477
covertype,gradual_flip,20261018,TS-H2,42.35004869955959,75.5751821575685,425.0181675401577,0.8095238095238095,0.20689655172413793,0.0,26.5712502872954,13.2856251436477
covertype,gradual_flip,20261018,UCB-L5,40.318855105968844,22.916381305790935,344.5491225424782,0.8571428571428571,0.5172413793103449,0.0,5.0,13.2856251436477
covertype,gradual_flip,20261018,TS-L5,40.318855105968844,57.12416688911279,388.9744949312381,0.8571428571428571,0.2413793103448276,0.0,5.0,13.2856251436477
covertype,gradual_flip,20261018,EG10-H1,47.42658577580617,97.28634679439773,467.1982847357139,0.8095238095238095,0.20689655172413793,0.0,13.2856251436477,13.2856251436477
covertype,gradual_flip,20261018,DUCB-H1,40.318855105968844,14.01960568466668,324.24742684155063,0.8571428571428571,0.6206896551724138,0.0,13.2856251436477,13.2856251436477
covertype,gradual_flip,20261018,DUCB-H2,40.318855105968844,14.01960568466668,320.61945612110577,0.8571428571428571,0.6206896551724138,0.0,26.5712502872954,13.2856251436477
covertype,gradual_flip,20261019,UCB,42.19167417921576,22.693139178100388,347.98864784146207,0.8095238095238095,0.4827586206896552,0.0,0.0,11.395597610472436
covertype,gradual_flip,20261019,DUCB,40.5289701651787,17.315812571806237,191.8811804741802,0.8571428571428571,0.7241379310344828,0.0,0.0,11.395597610472436
covertype,gradual_flip,20261019,TS,42.195778949292475,74.69552473705252,434.7124495753014,0.8095238095238095,0.2413793103448276,0.0,0.0,11.395597610472436
covertype,gradual_flip,20261019,EG05,40.5289701651787,74.69552473705252,445.7834644144985,0.8571428571428571,0.2413793103448276,0.03333333333333333,0.0,11.395597610472436
covertype,gradual_flip,20261019,EG10,42.2930713311723,107.26033484479467,458.2197581824988,0.8095238095238095,0.2413793103448276,0.03333333333333333,0.0,11.395597610472436
covertype,gradual_flip,20261019,EG15,57.63545714537875,110.9716718554621,360.5629896836922,0.7619047619047619,0.1724137931034483,0.06666666666666667,0.0,11.395597610472436
covertype,gradual_flip,20261019,UCB-H0.5,42.19167417921576,22.693139178100388,372.59799744993995,0.8095238095238095,0.4827586206896552,0.0,5.697798805236218,11.395597610472436
covertype,gradual_flip,20261019,UCB-H1,42.19167417921576,22.693139178100388,372.04029879328425,0.8095238095238095,0.4827586206896552,0.0,11.395597610472436,11.395597610472436
covertype,gradual_flip,20261019,UCB-H2,42.19167417921576,22.693139178100388,372.0561339959845,0.8095238095238095,0.4827586206896552,0.0,22.79119522094487,11.395597610472436
covertype,gradual_flip,20261019,TS-H0.5,40.5289701651787,53.44988410602667,410.2550616182245,0.8571428571428571,0.3103448275862069,0.0,5.697798805236218,11.395597610472436
covertype,gradual_flip,20261019,TS-H1,42.454563843898185,68.37739976576046,439.6418093392644,0.8095238095238095,0.2413793103448276,0.0,11.395597610472436,11.395597610472436
covertype,gradual_flip,20261019,TS-H2,40.5289701651787,64.61914347476272,452.0676938326958,0.8571428571428571,0.20689655172413793,0.0,22.79119522094487,11.395597610472436
covertype,gradual_flip,20261019,UCB-L5,42.19167417921576,22.693139178100388,362.37847997996306,0.8095238095238095,0.4827586206896552,0.0,5.0,11.395597610472436
covertype,gradual_flip,20261019,TS-L5,42.19167417921576,68.20321842884627,443.57655978648256,0.8095238095238095,0.2413793103448276,0.0,5.0,11.395597610472436
covertype,gradual_flip,20261019,EG10-H1,88.80616428217488,65.57957776566514,407.87513877567255,0.7619047619047619,0.20689655172413793,0.03333333333333333,11.395597610472436,11.395597610472436
covertype,gradual_flip,20261019,DUCB-H1,40.5289701651787,16.96266715699122,325.5789613423461,0.8571428571428571,0.7586206896551724,0.0,11.395597610472436,11.395597610472436
covertype,gradual_flip,20261019,DUCB-H2,40.5289701651787,12.188259385277874,331.1790456655264,0.8571428571428571,0.7241379310344828,0.0,22.79119522094487,11.395597610472436
covertype,gradual_flip,20261020,UCB,34.345577569185785,18.485377875671144,356.1955872290463,0.8571428571428571,0.4827586206896552,0.0,0.0,13.60958781574508
covertype,gradual_flip,20261020,DUCB,34.345577569185785,11.856756008774084,184.05931517639104,0.8571428571428571,0.6896551724137931,0.0,0.0,13.60958781574508
covertype,gradual_flip,20261020,TS,34.345577569185785,67.5149197807957,417.30916282455746,0.8571428571428571,0.2413793103448276,0.0,0.0,13.60958781574508
covertype,gradual_flip,20261020,EG05,35.920260605428474,94.15343746147269,434.0003423966079,0.8095238095238095,0.2413793103448276,0.0,0.0,13.60958781574508
covertype,gradual_flip,20261020,EG10,51.17760901231356,81.60511841837427,410.1028271177666,0.7619047619047619,0.20689655172413793,0.0,0.0,13.60958781574508
covertype,gradual_flip,20261020,EG15,61.212746751971316,83.26744716145052,320.5188442142428,0.7619047619047619,0.2413793103448276,0.03333333333333333,0.0,13.60958781574508
covertype,gradual_flip,20261020,UCB-H0.5,34.345577569185785,25.13366662071312,376.48002841238934,0.8571428571428571,0.4827586206896552,0.0,6.80479390787254,13.60958781574508
covertype,gradual_flip,20261020,UCB-H1,34.345577569185785,21.44621005189264,382.19906418593115,0.8571428571428571,0.4482758620689655,0.0,13.60958781574508,13.60958781574508
covertype,gradual_flip,20261020,UCB-H2,34.345577569185785,28.094498796934616,379.02187069042134,0.8571428571428571,0.4482758620689655,0.0,27.21917563149016,13.60958781574508
covertype,gradual_flip,20261020,TS-H0.5,36.34312179312527,72.8353072453443,450.26789992037595,0.8095238095238095,0.2413793103448276,0.0,6.80479390787254,13.60958781574508
covertype,gradual_flip,20261020,TS-H1,34.345577569185785,64.52433211957086,452.14747231066184,0.8571428571428571,0.20689655172413793,0.0,13.60958781574508,13.60958781574508
covertype,gradual_flip,20261020,TS-H2,34.345577569185785,55.08107799386931,421.7314124134127,0.8571428571428571,0.27586206896551724,0.0,27.21917563149016,13.60958781574508
covertype,gradual_flip,20261020,UCB-L5,34.345577569185785,25.13366662071312,370.7534867481039,0.8571428571428571,0.4827586206896552,0.0,5.0,13.60958781574508
covertype,gradual_flip,20261020,TS-L5,34.345577569185785,64.68882286481785,423.5574183438769,0.8571428571428571,0.20689655172413793,0.0,5.0,13.60958781574508
covertype,gradual_flip,20261020,EG10-H1,82.59806831775556,47.28688523341276,399.00396694481066,0.7142857142857143,0.3103448275862069,0.0,13.60958781574508,13.60958781574508
covertype,gradual_flip,20261020,DUCB-H1,34.345577569185785,13.27467423481217,333.97775566488735,0.8571428571428571,0.6551724137931034,0.0,13.60958781574508,13.60958781574508
covertype,gradual_flip,20261020,DUCB-H2,34.345577569185785,18.962030244160992,326.2982557245296,0.8571428571428571,0.6551724137931034,0.0,27.21917563149016,13.60958781574508
covertype,gradual_flip,20261021,UCB,41.650003805535505,18.038851105536807,354.11578803618215,0.8095238095238095,0.5172413793103449,0.0,0.0,12.59800525308153
covertype,gradual_flip,20261021,DUCB,40.26003696531808,12.639106724877117,214.36435455277154,0.8571428571428571,0.7241379310344828,0.0,0.0,12.59800525308153
covertype,gradual_flip,20261021,TS,40.26003696531808,49.06591604520775,432.5419963588782,0.8571428571428571,0.20689655172413793,0.0,0.0,12.59800525308153
covertype,gradual_flip,20261021,EG05,40.26003696531808,104.6084729683034,281.23428332832043,0.8571428571428571,0.20689655172413793,0.06666666666666667,0.0,12.59800525308153
covertype,gradual_flip,20261021,EG10,40.26003696531808,76.63357392348718,484.75626494485033,0.8571428571428571,0.2413793103448276,0.03333333333333333,0.0,12.59800525308153
covertype,gradual_flip,20261021,EG15,40.26003696531808,128.14277905559405,403.8010103282402,0.8571428571428571,0.20689655172413793,0.0,0.0,12.59800525308153
covertype,gradual_flip,20261021,UCB-H0.5,40.26003696531808,23.208518858549837,386.62602119653707,0.8571428571428571,0.41379310344827586,0.0,6.299002626540765,12.59800525308153
covertype,gradual_flip,20261021,UCB-H1,40.26003696531808,23.070436057721658,379.4190993718955,0.8571428571428571,0.41379310344827586,0.0,12.59800525308153,12.59800525308153
covertype,gradual_flip,20261021,UCB-H2,40.26003696531808,20.76817096965702,364.97830154044675,0.8571428571428571,0.4482758620689655,0.0,25.19601050616306,12.59800525308153
covertype,gradual_flip,20261021,TS-H0.5,40.26003696531808,65.1240934714112,447.9771015360128,0.8571428571428571,0.20689655172413793,0.0,6.299002626540765,12.59800525308153
covertype,gradual_flip,20261021,TS-H1,40.26003696531808,56.24425509130475,408.6934282878337,0.8571428571428571,0.27586206896551724,0.0,12.59800525308153,12.59800525308153
covertype,gradual_flip,20261021,TS-H2,41.732540840937645,63.39165663365626,455.98912075263956,0.8095238095238095,0.2413793103448276,0.0,25.19601050616306,12.59800525308153
covertype,gradual_flip,20261021,UCB-L5,41.650003805535505,18.038851105536807,370.2161922252924,0.8095238095238095,0.5172413793103449,0.0,5.0,12.59800525308153
covertype,gradual_flip,20261021,TS-L5,41.732540840937645,68.77264182481684,440.5990659595311,0.8095238095238095,0.2413793103448276,0.0,5.0,12.59800525308153
covertype,gradual_flip,20261021,EG10-H1,40.26003696531808,104.6592444234531,453.5969149477033,0.8571428571428571,0.2413793103448276,0.03333333333333333,12.59800525308153,12.59800525308153
covertype,gradual_flip,20261021,DUCB-H1,40.26003696531808,13.004868630319123,334.29833427637726,0.8571428571428571,0.7241379310344828,0.0,12.59800525308153,12.59800525308153
covertype,gradual_flip,20261021,DUCB-H2,40.26003696531808,11.233905219405656,334.88715135649926,0.8571428571428571,0.7241379310344828,0.0,25.19601050616306,12.59800525308153
covertype,drastic_flip,20261018,UCB,42.33317930659065,0.0,630.6831124305636,0.9,0.0,0.0,0.0,13.2856251436477
covertype,drastic_flip,20261018,DUCB,40.318855105968844,0.0,400.94672142835265,0.925,0.0,0.0,0.0,13.2856251436477
covertype,drastic_flip,20261018,TS,40.318855105968844,0.0,745.5415159880642,0.925,0.0,0.0,0.0,13.2856251436477
covertype,drastic_flip,20261018,EG05,83.15815039560269,0.0,648.9768608454167,0.875,0.0,0.0,0.0,13.2856251436477
covertype,drastic_flip,20261018,EG10,123.60589559922309,0.0,630.26089615393,0.825,0.0,0.05,0.0,13.2856251436477
covertype,drastic_flip,20261018,EG15,108.45282253051042,0.0,692.0948622906039,0.85,0.0,0.025,0.0,13.2856251436477
covertype,drastic_flip,20261018,UCB-H0.5,42.33317930659065,0.0,1009.9071458885892,0.9,0.0,0.0,6.64281257182385,13.2856251436477
covertype,drastic_flip,20261018,UCB-H1,42.33317930659065,0.0,1145.8670868737445,0.9,0.0,0.0,13.2856251436477,13.2856251436477
covertype,drastic_flip,20261018,UCB-H2,42.33317930659065,0.0,1147.829497727632,0.9,0.0,0.0,26.5712502872954,13.2856251436477
covertype,drastic_flip,20261018,TS-H0.5,40.318855105968844,0.0,1054.681998190501,0.925,0.0,0.0,6.64281257182385,13.2856251436477
covertype,drastic_flip,20261018,TS-H1,40.318855105968844,0.0,1182.4237162844859,0.925,0.0,0.0,13.2856251436477,13.2856251436477
covertype,drastic_flip,20261018,TS-H2,42.35004869955959,0.0,1131.1810526703223,0.9,0.0,0.0,26.5712502872954,13.2856251436477
covertype,drastic_flip,20261018,UCB-L5,42.33317930659065,0.0,893.0382343747972,0.9,0.0,0.0,5.0,13.2856251436477
covertype,drastic_flip,20261018,TS-L5,40.318855105968844,0.0,1002.4921491365418,0.925,0.0,0.0,5.0,13.2856251436477
covertype,drastic_flip,20261018,EG10-H1,80.44722676719134,0.0,1189.8033496040125,0.875,0.0,0.0,13.2856251436477,13.2856251436477
covertype,drastic_flip,20261018,DUCB-H1,40.318855105968844,0.0,828.0754752325572,0.925,0.0,0.0,13.2856251436477,13.2856251436477
covertype,drastic_flip,20261018,DUCB-H2,40.318855105968844,0.0,842.4076445267588,0.925,0.0,0.0,26.5712502872954,13.2856251436477
covertype,drastic_flip,20261019,UCB,42.19167417921576,0.0,653.8255588866931,0.9,0.0,0.0,0.0,11.395597610472436
covertype,drastic_flip,20261019,DUCB,42.26656087070048,0.0,422.8214451704903,0.9,0.0,0.0,0.0,11.395597610472436
covertype,drastic_flip,20261019,TS,42.195778949292475,0.0,818.1675864474582,0.9,0.0,0.0,0.0,11.395597610472436
covertype,drastic_flip,20261019,EG05,40.5289701651787,0.0,656.180494640665,0.925,0.0,0.025,0.0,11.395597610472436
covertype,drastic_flip,20261019,EG10,77.0780903415968,0.0,684.2837805395529,0.875,0.0,0.05,0.0,11.395597610472436
covertype,drastic_flip,20261019,EG15,135.72368499835292,0.0,687.3861396065829,0.775,0.0,0.0,0.0,11.395597610472436
covertype,drastic_flip,20261019,UCB-H0.5,42.19167417921576,0.0,937.5661812828047,0.9,0.0,0.0,5.697798805236218,11.395597610472436
covertype,drastic_flip,20261019,UCB-H1,42.19167417921576,0.0,1173.3235481490428,0.9,0.0,0.0,11.395597610472436,11.395597610472436
covertype,drastic_flip,20261019,UCB-H2,42.19167417921576,0.0,1198.8188040572882,0.9,0.0,0.0,22.79119522094487,11.395597610472436
covertype,drastic_flip,20261019,TS-H0.5,40.5289701651787,0.0,1049.12303650342,0.925,0.0,0.0,5.697798805236218,11.395597610472436
covertype,drastic_flip,20261019,TS-H1,42.454563843898185,0.0,1150.9746105562624,0.9,0.0,0.0,11.395597610472436,11.395597610472436
covertype,drastic_flip,20261019,TS-H2,42.38047630604146,0.0,1181.0500993433698,0.9,0.0,0.0,22.79119522094487,11.395597610472436
covertype,drastic_flip,20261019,UCB-L5,42.19167417921576,0.0,903.4457458307012,0.9,0.0,0.0,5.0,11.395597610472436
covertype,drastic_flip,20261019,TS-L5,42.19167417921576,0.0,1042.5652095914909,0.9,0.0,0.0,5.0,11.395597610472436
covertype,drastic_flip,20261019,EG10-H1,90.7186988786093,0.0,1150.89480323785,0.85,0.0,0.025,11.395597610472436,11.395597610472436
covertype,drastic_flip,20261019,DUCB-H1,40.5289701651787,0.0,705.5980211608947,0.925,0.0,0.0,11.395597610472436,11.395597610472436
covertype,drastic_flip,20261019,DUCB-H2,40.5289701651787,0.0,859.6443795329427,0.925,0.0,0.0,22.79119522094487,11.395597610472436
covertype,drastic_flip,20261020,UCB,36.1890168599072,0.0,658.7514564856118,0.9,0.0,0.0,0.0,13.60958781574508
covertype,drastic_flip,20261020,DUCB,34.345577569185785,0.0,420.74173004029467,0.925,0.0,0.0,0.0,13.60958781574508
covertype,drastic_flip,20261020,TS,34.345577569185785,0.0,802.9011124510465,0.925,0.0,0.0,0.0,13.60958781574508
covertype,drastic_flip,20261020,EG05,64.92858104129824,0.0,666.6349634336796,0.875,0.0,0.025,0.0,13.60958781574508
covertype,drastic_flip,20261020,EG10,91.79838001685957,0.0,705.4437281545042,0.8,0.0,0.025,0.0,13.60958781574508
covertype,drastic_flip,20261020,EG15,90.09099734392282,0.0,653.5362241880857,0.85,0.0,0.05,0.0,13.60958781574508
covertype,drastic_flip,20261020,UCB-H0.5,36.1890168599072,0.0,1043.7463781079186,0.9,0.0,0.0,6.80479390787254,13.60958781574508
covertype,drastic_flip,20261020,UCB-H1,36.1890168599072,0.0,1198.4204550098175,0.9,0.0,0.0,13.60958781574508,13.60958781574508
covertype,drastic_flip,20261020,UCB-H2,36.1890168599072,0.0,1198.4204550098175,0.9,0.0,0.0,27.21917563149016,13.60958781574508
covertype,drastic_flip,20261020,TS-H0.5,36.34312179312527,0.0,1081.2824528153415,0.9,0.0,0.0,6.80479390787254,13.60958781574508
covertype,drastic_flip,20261020,TS-H1,36.1890168599072,0.0,1195.880952182893,0.9,0.0,0.0,13.60958781574508,13.60958781574508
covertype,drastic_flip,20261020,TS-H2,34.345577569185785,0.0,1179.3242324451458,0.925,0.0,0.0,27.21917563149016,13.60958781574508
covertype,drastic_flip,20261020,UCB-L5,36.1890168599072,0.0,944.5200695642249,0.9,0.0,0.0,5.0,13.60958781574508
covertype,drastic_flip,20261020,TS-L5,36.1890168599072,0.0,1038.856864748467,0.9,0.0,0.0,5.0,13.60958781574508
covertype,drastic_flip,20261020,EG10-H1,86.14032982585664,0.0,1131.0507833676188,0.8,0.0,0.0,13.60958781574508,13.60958781574508
covertype,drastic_flip,20261020,DUCB-H1,34.345577569185785,0.0,807.6460451865441,0.925,0.0,0.0,13.60958781574508,13.60958781574508
covertype,drastic_flip,20261020,DUCB-H2,34.345577569185785,0.0,875.4225382468196,0.925,0.0,0.0,27.21917563149016,13.60958781574508
covertype,drastic_flip,20261021,UCB,41.650003805535505,0.0,647.3874437295367,0.9,0.0,0.0,0.0,12.59800525308153
covertype,drastic_flip,20261021,DUCB,40.26003696531808,0.0,426.4558614285087,0.925,0.0,0.0,0.0,12.59800525308153
covertype,drastic_flip,20261021,TS,42.17878743852417,0.0,814.9821835845404,0.9,0.0,0.0,0.0,12.59800525308153
covertype,drastic_flip,20261021,EG05,74.09798951418423,0.0,637.4210289302324,0.9,0.0,0.025,0.0,12.59800525308153
covertype,drastic_flip,20261021,EG10,40.26003696531808,0.0,657.8152648203796,0.925,0.0,0.05,0.0,12.59800525308153
covertype,drastic_flip,20261021,EG15,123.65669549595992,0.0,681.730278107604,0.825,0.0,0.075,0.0,12.59800525308153
covertype,drastic_flip,20261021,UCB-H0.5,42.24318155672507,0.0,1052.7653128529703,0.9,0.0,0.0,6.299002626540765,12.59800525308153
covertype,drastic_flip,20261021,UCB-H1,42.24318155672507,0.0,1170.4218623681813,0.9,0.0,0.0,12.59800525308153,12.59800525308153
covertype,drastic_flip,20261021,UCB-H2,42.47340413614124,0.0,1180.2908850736853,0.9,0.0,0.0,25.19601050616306,12.59800525308153
covertype,drastic_flip,20261021,TS-H0.5,42.47340413614124,0.0,1053.1948130079754,0.9,0.0,0.0,6.299002626540765,12.59800525308153
covertype,drastic_flip,20261021,TS-H1,40.26003696531808,0.0,1190.5449366138334,0.925,0.0,0.0,12.59800525308153,12.59800525308153
covertype,drastic_flip,20261021,TS-H2,41.732540840937645,0.0,1194.497032829932,0.9,0.0,0.0,25.19601050616306,12.59800525308153
covertype,drastic_flip,20261021,UCB-L5,41.650003805535505,0.0,933.9069194994,0.9,0.0,0.0,5.0,12.59800525308153
covertype,drastic_flip,20261021,TS-L5,41.732540840937645,0.0,1020.2291274730751,0.9,0.0,0.0,5.0,12.59800525308153
covertype,drastic_flip,20261021,EG10-H1,108.27131948322901,0.0,1134.0939203381026,0.875,0.0,0.075,12.59800525308153,12.59800525308153
covertype,drastic_flip,20261021,DUCB-H1,42.3807765343295,0.0,811.1663442223969,0.9,0.0,0.0,12.59800525308153,12.59800525308153
covertype,drastic_flip,20261021,DUCB-H2,42.53535485342416,0.0,865.6098700375383,0.9,0.0,0.0,25.19601050616306,12.59800525308153
covertype,gradual_die,20261018,UCB,51.38640653097545,0.0,163.7143685424014,0.8571428571428571,1.0,0.0,0.0,8.427082299427834
covertype,gradual_die,20261018,DUCB,51.38640653097545,0.0,168.57831215946524,0.8571428571428571,1.0,0.0,0.0,8.427082299427834
covertype,gradual_die,20261018,TS,51.38640653097545,0.0,163.7143685424014,0.8571428571428571,1.0,0.0,0.0,8.427082299427834
covertype,gradual_die,20261018,EG05,51.38640653097545,11.691430751083118,176.81964613128602,0.8571428571428571,0.9310344827586207,0.0,0.0,8.427082299427834
covertype,gradual_die,20261018,EG10,62.663143027745136,27.5533994376798,145.28017906239197,0.8095238095238095,0.896551724137931,0.06666666666666667,0.0,8.427082299427834
covertype,gradual_die,20261018,EG15,96.55240603467121,20.89663952652178,181.56182128143988,0.8095238095238095,0.8620689655172413,0.0,0.0,8.427082299427834
covertype,gradual_die,20261018,UCB-H0.5,51.38640653097545,0.0,163.7143685424014,0.8571428571428571,1.0,0.0,4.213541149713917,8.427082299427834
covertype,gradual_die,20261018,UCB-H1,51.38640653097545,0.0,163.7143685424014,0.8571428571428571,1.0,0.0,8.427082299427834,8.427082299427834
covertype,gradual_die,20261018,UCB-H2,51.38640653097545,0.0,163.7143685424014,0.8571428571428571,1.0,0.0,16.854164598855668,8.427082299427834
covertype,gradual_die,20261018,TS-H0.5,51.38640653097545,0.0,163.7143685424014,0.8571428571428571,1.0,0.0,4.213541149713917,8.427082299427834
covertype,gradual_die,20261018,TS-H1,51.38640653097545,0.0,163.7143685424014,0.8571428571428571,1.0,0.0,8.427082299427834,8.427082299427834
covertype,gradual_die,20261018,TS-H2,51.38640653097545,0.0,163.7143685424014,0.8571428571428571,1.0,0.0,16.854164598855668,8.427082299427834
covertype,gradual_die,20261018,UCB-L5,51.38640653097545,0.0,163.7143685424014,0.8571428571428571,1.0,0.0,5.0,8.427082299427834
covertype,gradual_die,20261018,TS-L5,51.38640653097545,0.0,163.7143685424014,0.8571428571428571,1.0,0.0,5.0,8.427082299427834
covertype,gradual_die,20261018,EG10-H1,58.49413720081277,2.5823034613091567,166.59943743901758,0.8095238095238095,0.9655172413793104,0.0,8.427082299427834,8.427082299427834
covertype,gradual_die,20261018,DUCB-H1,51.38640653097545,0.0,163.7143685424014,0.8571428571428571,1.0,0.0,8.427082299427834,8.427082299427834
covertype,gradual_die,20261018,DUCB-H2,51.38640653097545,0.0,163.7143685424014,0.8571428571428571,1.0,0.0,16.854164598855668,8.427082299427834
covertype,gradual_die,20261019,UCB,49.644309631107404,0.0,160.73679039961056,0.8571428571428571,1.0,0.0,0.0,9.409334573437173
covertype,gradual_die,20261019,DUCB,49.644309631107404,0.0,167.20295797834646,0.8571428571428571,1.0,0.0,0.0,9.409334573437173
covertype,gradual_die,20261019,TS,49.644309631107404,0.0,160.73679039961056,0.8571428571428571,1.0,0.0,0.0,9.409334573437173
covertype,gradual_die,20261019,EG05,49.644309631107404,0.0,157.3225944140403,0.8571428571428571,1.0,0.03333333333333333,0.0,9.409334573437173
covertype,gradual_die,20261019,EG10,70.2994992162932,7.346063330851425,158.05809377045264,0.8095238095238095,0.9310344827586207,0.03333333333333333,0.0,9.409334573437173
covertype,gradual_die,20261019,EG15,66.75079661130745,41.086858816520305,179.60489159601698,0.7619047619047619,0.8620689655172413,0.0,0.0,9.409334573437173
covertype,gradual_die,20261019,UCB-H0.5,49.644309631107404,0.0,160.73679039961056,0.8571428571428571,1.0,0.0,4.704667286718586,9.409334573437173
covertype,gradual_die,20261019,UCB-H1,49.644309631107404,0.0,160.73679039961056,0.8571428571428571,1.0,0.0,9.409334573437173,9.409334573437173
covertype,gradual_die,20261019,UCB-H2,49.644309631107404,0.0,160.73679039961056,0.8571428571428571,1.0,0.0,18.818669146874345,9.409334573437173
covertype,gradual_die,20261019,TS-H0.5,49.644309631107404,0.0,160.73679039961056,0.8571428571428571,1.0,0.0,4.704667286718586,9.409334573437173
covertype,gradual_die,20261019,TS-H1,49.644309631107404,0.0,160.73679039961056,0.8571428571428571,1.0,0.0,9.409334573437173,9.409334573437173
covertype,gradual_die,20261019,TS-H2,49.644309631107404,0.0,160.73679039961056,0.8571428571428571,1.0,0.0,18.818669146874345,9.409334573437173
covertype,gradual_die,20261019,UCB-L5,49.644309631107404,0.0,160.73679039961056,0.8571428571428571,1.0,0.0,5.0,9.409334573437173
covertype,gradual_die,20261019,TS-L5,49.644309631107404,0.0,160.73679039961056,0.8571428571428571,1.0,0.0,5.0,9.409334573437173
covertype,gradual_die,20261019,EG10-H1,63.883204158068835,36.12053588471055,165.46069621200428,0.7619047619047619,0.9310344827586207,0.03333333333333333,9.409334573437173,9.409334573437173
covertype,gradual_die,20261019,DUCB-H1,49.644309631107404,0.0,160.73679039961056,0.8571428571428571,1.0,0.0,9.409334573437173,9.409334573437173
covertype,gradual_die,20261019,DUCB-H2,49.644309631107404,0.0,160.73679039961056,0.8571428571428571,1.0,0.0,18.818669146874345,9.409334573437173
covertype,gradual_die,20261020,UCB,29.853636836356625,0.0,85.59554621922445,0.8571428571428571,1.0,0.2,0.0,7.851039463674664
covertype,gradual_die,20261020,DUCB,29.853636836356625,0.0,19.447458786549525,0.8571428571428571,1.0,0.6,0.0,7.851039463674664
covertype,gradual_die,20261020,TS,29.853636836356625,0.0,129.70525384598878,0.8571428571428571,1.0,0.03333333333333333,0.0,7.851039463674664
covertype,gradual_die,20261020,EG05,48.90241721661664,9.835448645356461,141.93319969777028,0.8095238095238095,0.9310344827586207,0.0,0.0,7.851039463674664
covertype,gradual_die,20261020,EG10,46.6856682794844,32.40372419372256,145.87730242527684,0.7619047619047619,0.896551724137931,0.03333333333333333,0.0,7.851039463674664
covertype,gradual_die,20261020,EG15,63.67762951745772,2.8404881116009606,140.41127785402662,0.7619047619047619,0.9655172413793104,0.06666666666666667,0.0,7.851039463674664
covertype,gradual_die,20261020,UCB-H0.5,29.853636836356625,0.0,71.52450911941843,0.8571428571428571,1.0,0.26666666666666666,3.925519731837332,7.851039463674664
covertype,gradual_die,20261020,UCB-H1,29.853636836356625,0.0,61.6939461589057,0.8571428571428571,1.0,0.3333333333333333,7.851039463674664,7.851039463674664
covertype,gradual_die,20261020,UCB-H2,29.853636836356625,0.0,37.307917672817304,0.8571428571428571,1.0,0.4666666666666667,15.702078927349328,7.851039463674664
covertype,gradual_die,20261020,TS-H0.5,29.853636836356625,0.0,141.93319969777028,0.8571428571428571,1.0,0.0,3.925519731837332,7.851039463674664
covertype,gradual_die,20261020,TS-H1,29.853636836356625,0.0,107.82610582834162,0.8571428571428571,1.0,0.1,7.851039463674664,7.851039463674664
covertype,gradual_die,20261020,TS-H2,29.853636836356625,0.0,99.4228690927437,0.8571428571428571,1.0,0.13333333333333333,15.702078927349328,7.851039463674664
covertype,gradual_die,20261020,UCB-L5,29.853636836356625,0.0,71.52450911941843,0.8571428571428571,1.0,0.26666666666666666,5.0,7.851039463674664
covertype,gradual_die,20261020,TS-L5,29.853636836356625,0.0,141.93319969777028,0.8571428571428571,1.0,0.0,5.0,7.851039463674664
covertype,gradual_die,20261020,EG10-H1,67.40468707746959,35.246912006431245,141.93319969777028,0.7142857142857143,0.896551724137931,0.0,7.851039463674664,7.851039463674664
covertype,gradual_die,20261020,DUCB-H1,29.853636836356625,0.0,22.635307498410743,0.8571428571428571,1.0,0.5666666666666667,7.851039463674664,7.851039463674664
covertype,gradual_die,20261020,DUCB-H2,29.853636836356625,0.0,28.295633208271067,0.8571428571428571,1.0,0.5333333333333333,15.702078927349328,7.851039463674664
covertype,gradual_die,20261021,UCB,34.34150200252712,0.2691677949298741,170.1326215781224,0.8571428571428571,0.9655172413793104,0.0,0.0,8.74725499712691
covertype,gradual_die,20261021,DUCB,34.34150200252712,0.2691677949298741,129.32607135046496,0.8571428571428571,0.9655172413793104,0.13333333333333333,0.0,8.74725499712691
covertype,gradual_die,20261021,TS,34.34150200252712,0.2691677949298741,170.1326215781224,0.8571428571428571,0.9655172413793104,0.0,0.0,8.74725499712691
covertype,gradual_die,20261021,EG05,34.34150200252712,10.64333412006416,170.70613110970953,0.8571428571428571,0.9310344827586207,0.03333333333333333,0.0,8.74725499712691
covertype,gradual_die,20261021,EG10,34.34150200252712,1.2995069073563592,165.16094152610975,0.8571428571428571,0.9310344827586207,0.03333333333333333,0.0,8.74725499712691
covertype,gradual_die,20261021,EG15,34.34150200252712,29.000578578297112,154.44943507494827,0.8571428571428571,0.7931034482758621,0.06666666666666667,0.0,8.74725499712691
covertype,gradual_die,20261021,UCB-H0.5,34.34150200252712,0.2691677949298741,170.1326215781224,0.8571428571428571,0.9655172413793104,0.0,4.373627498563455,8.74725499712691
covertype,gradual_die,20261021,UCB-H1,34.34150200252712,0.2691677949298741,170.1326215781224,0.8571428571428571,0.9655172413793104,0.0,8.74725499712691,8.74725499712691
covertype,gradual_die,20261021,UCB-H2,34.34150200252712,0.2691677949298741,170.1326215781224,0.8571428571428571,0.9655172413793104,0.0,17.49450999425382,8.74725499712691
covertype,gradual_die,20261021,TS-H0.5,34.34150200252712,0.2691677949298741,170.1326215781224,0.8571428571428571,0.9655172413793104,0.0,4.373627498563455,8.74725499712691
covertype,gradual_die,20261021,TS-H1,34.34150200252712,0.2691677949298741,170.1326215781224,0.8571428571428571,0.9655172413793104,0.0,8.74725499712691,8.74725499712691
covertype,gradual_die,20261021,TS-H2,34.34150200252712,0.2691677949298741,170.1326215781224,0.8571428571428571,0.9655172413793104,0.0,17.49450999425382,8.74725499712691
covertype,gradual_die,20261021,UCB-L5,34.34150200252712,0.2691677949298741,170.1326215781224,0.8571428571428571,0.9655172413793104,0.0,5.0,8.74725499712691
covertype,gradual_die,20261021,TS-L5,34.34150200252712,0.2691677949298741,170.1326215781224,0.8571428571428571,0.9655172413793104,0.0,5.0,8.74725499712691
covertype,gradual_die,20261021,EG10-H1,34.34150200252712,18.331613710864403,173.3836337506913,0.8571428571428571,0.896551724137931,0.06666666666666667,8.74725499712691,8.74725499712691
covertype,gradual_die,20261021,DUCB-H1,34.34150200252712,0.2691677949298741,89.1525487220719,0.8571428571428571,0.9655172413793104,0.3,8.74725499712691,8.74725499712691
covertype,gradual_die,20261021,DUCB-H2,34.34150200252712,0.2691677949298741,48.857768866583555,0.8571428571428571,0.9655172413793104,0.5333333333333333,17.49450999425382,8.74725499712691
covertype,drastic_die,20261018,UCB,51.38640653097545,0.0,403.29465489393334,0.925,0.0,0.0,0.0,8.427082299427834
covertype,drastic_die,20261018,DUCB,51.38640653097545,0.0,414.33027716122734,0.925,0.0,0.0,0.0,8.427082299427834
covertype,drastic_die,20261018,TS,51.38640653097545,0.0,403.29465489393334,0.925,0.0,0.0,0.0,8.427082299427834
covertype,drastic_die,20261018,EG05,67.33959970884574,0.0,404.0014476928148,0.875,0.0,0.0,0.0,8.427082299427834
covertype,drastic_die,20261018,EG10,99.56002417879884,0.0,375.1235992538321,0.825,0.0,0.05,0.0,8.427082299427834
covertype,drastic_die,20261018,EG15,117.80861420442346,0.0,399.4272294283058,0.85,0.0,0.025,0.0,8.427082299427834
covertype,drastic_die,20261018,UCB-H0.5,51.38640653097545,0.0,403.29465489393334,0.925,0.0,0.0,4.213541149713917,8.427082299427834
covertype,drastic_die,20261018,UCB-H1,51.38640653097545,0.0,403.29465489393334,0.925,0.0,0.0,8.427082299427834,8.427082299427834
covertype,drastic_die,20261018,UCB-H2,51.38640653097545,0.0,403.29465489393334,0.925,0.0,0.0,16.854164598855668,8.427082299427834
covertype,drastic_die,20261018,TS-H0.5,51.38640653097545,0.0,403.29465489393334,0.925,0.0,0.0,4.213541149713917,8.427082299427834
covertype,drastic_die,20261018,TS-H1,51.38640653097545,0.0,403.29465489393334,0.925,0.0,0.0,8.427082299427834,8.427082299427834
covertype,drastic_die,20261018,TS-H2,51.38640653097545,0.0,403.29465489393334,0.925,0.0,0.0,16.854164598855668,8.427082299427834
covertype,drastic_die,20261018,UCB-L5,51.38640653097545,0.0,403.29465489393334,0.925,0.0,0.0,5.0,8.427082299427834
covertype,drastic_die,20261018,TS-L5,51.38640653097545,0.0,403.29465489393334,0.925,0.0,0.0,5.0,8.427082299427834
covertype,drastic_die,20261018,EG10-H1,62.48396650331556,0.0,386.0577261845763,0.875,0.0,0.0,8.427082299427834,8.427082299427834
covertype,drastic_die,20261018,DUCB-H1,51.38640653097545,0.0,314.6708959271141,0.925,0.0,0.25,8.427082299427834,8.427082299427834
covertype,drastic_die,20261018,DUCB-H2,51.38640653097545,0.0,291.92487583263784,0.925,0.0,0.275,16.854164598855668,8.427082299427834
covertype,drastic_die,20261019,UCB,49.644309631107404,0.0,463.4002646983506,0.925,0.0,0.0,0.0,9.409334573437173
covertype,drastic_die,20261019,DUCB,49.644309631107404,0.0,203.40937198411757,0.925,0.0,0.575,0.0,9.409334573437173
covertype,drastic_die,20261019,TS,49.644309631107404,0.0,470.7154457603426,0.925,0.0,0.0,0.0,9.409334573437173
covertype,drastic_die,20261019,EG05,49.644309631107404,0.0,429.60973347394844,0.925,0.0,0.075,0.0,9.409334573437173
covertype,drastic_die,20261019,EG10,78.69193983452013,0.0,326.5160024924745,0.875,0.0,0.35,0.0,9.409334573437173
covertype,drastic_die,20261019,EG15,113.05164660533231,0.0,460.69953015141766,0.775,0.0,0.0,0.0,9.409334573437173
covertype,drastic_die,20261019,UCB-H0.5,49.644309631107404,0.0,462.9658611018839,0.925,0.0,0.0,4.704667286718586,9.409334573437173
covertype,drastic_die,20261019,UCB-H1,49.644309631107404,0.0,457.49069066281515,0.925,0.0,0.0,9.409334573437173,9.409334573437173
covertype,drastic_die,20261019,UCB-H2,49.644309631107404,0.0,425.375143231113,0.925,0.0,0.075,18.818669146874345,9.409334573437173
covertype,drastic_die,20261019,TS-H0.5,49.644309631107404,0.0,461.5675043531074,0.925,0.0,0.0,4.704667286718586,9.409334573437173
covertype,drastic_die,20261019,TS-H1,49.644309631107404,0.0,457.49069066281515,0.925,0.0,0.0,9.409334573437173,9.409334573437173
covertype,drastic_die,20261019,TS-H2,49.644309631107404,0.0,424.51046653001373,0.925,0.0,0.075,18.818669146874345,9.409334573437173
covertype,drastic_die,20261019,UCB-L5,49.644309631107404,0.0,462.9658611018839,0.925,0.0,0.0,5.0,9.409334573437173
covertype,drastic_die,20261019,TS-L5,49.644309631107404,0.0,457.49069066281515,0.925,0.0,0.0,5.0,9.409334573437173
covertype,drastic_die,20261019,EG10-H1,83.59191784024796,0.0,360.9420849460862,0.85,0.0,0.125,9.409334573437173,9.409334573437173
covertype,drastic_die,20261019,DUCB-H1,49.644309631107404,0.0,163.03894626434192,0.925,0.0,0.625,9.409334573437173,9.409334573437173
covertype,drastic_die,20261019,DUCB-H2,49.644309631107404,0.0,87.37302216510886,0.925,0.0,0.8,18.818669146874345,9.409334573437173
covertype,drastic_die,20261020,UCB,29.853636836356625,0.0,102.53383521497275,0.925,0.0,0.725,0.0,7.851039463674664
covertype,drastic_die,20261020,DUCB,29.853636836356625,0.0,34.34149767676992,0.925,0.0,0.925,0.0,7.851039463674664
covertype,drastic_die,20261020,TS,29.853636836356625,0.0,193.64538384394552,0.925,0.0,0.45,0.0,7.851039463674664
covertype,drastic_die,20261020,EG05,63.222060987611556,0.0,353.18694909761393,0.875,0.0,0.025,0.0,7.851039463674664
covertype,drastic_die,20261020,EG10,84.89287112452293,0.0,348.3962195027332,0.8,0.0,0.025,0.0,7.851039463674664
covertype,drastic_die,20261020,EG15,71.83068850111722,0.0,347.73489637687385,0.85,0.0,0.05,0.0,7.851039463674664
covertype,drastic_die,20261020,UCB-H0.5,29.853636836356625,0.0,75.45492315112233,0.925,0.0,0.8,3.925519731837332,7.851039463674664
covertype,drastic_die,20261020,UCB-H1,29.853636836356625,0.0,75.45492315112233,0.925,0.0,0.8,7.851039463674664,7.851039463674664
covertype,drastic_die,20261020,UCB-H2,29.853636836356625,0.0,75.45492315112233,0.925,0.0,0.8,15.702078927349328,7.851039463674664
covertype,drastic_die,20261020,TS-H0.5,29.853636836356625,0.0,135.2364596520398,0.925,0.0,0.625,3.925519731837332,7.851039463674664
covertype,drastic_die,20261020,TS-H1,29.853636836356625,0.0,118.37152434479017,0.925,0.0,0.675,7.851039463674664,7.851039463674664
covertype,drastic_die,20261020,TS-H2,29.853636836356625,0.0,84.1327540022954,0.925,0.0,0.775,15.702078927349328,7.851039463674664
covertype,drastic_die,20261020,UCB-L5,29.853636836356625,0.0,75.45492315112233,0.925,0.0,0.8,5.0,7.851039463674664
covertype,drastic_die,20261020,TS-L5,29.853636836356625,0.0,75.45492315112233,0.925,0.0,0.8,5.0,7.851039463674664
covertype,drastic_die,20261020,EG10-H1,104.76300989185141,0.0,255.77584393658563,0.8,0.0,0.275,7.851039463674664,7.851039463674664
covertype,drastic_die,20261020,DUCB-H1,29.853636836356625,0.0,75.45492315112233,0.925,0.0,0.8,7.851039463674664,7.851039463674664
covertype,drastic_die,20261020,DUCB-H2,29.853636836356625,0.0,75.45492315112233,0.925,0.0,0.8,15.702078927349328,7.851039463674664
covertype,drastic_die,20261021,UCB,34.34150200252712,0.0,431.44412072561323,0.925,0.0,0.05,0.0,8.74725499712691
covertype,drastic_die,20261021,DUCB,34.34150200252712,0.0,109.0127119062425,0.925,0.0,0.725,0.0,8.74725499712691
covertype,drastic_die,20261021,TS,34.34150200252712,0.0,235.21021726822636,0.925,0.0,0.475,0.0,8.74725499712691
covertype,drastic_die,20261021,EG05,45.85238451651055,0.0,450.51290755539594,0.9,0.0,0.025,0.0,8.74725499712691
covertype,drastic_die,20261021,EG10,34.34150200252712,0.0,258.3471368566211,0.925,0.0,0.425,0.0,8.74725499712691
covertype,drastic_die,20261021,EG15,67.4008360765524,0.0,265.343678235867,0.825,0.0,0.375,0.0,8.74725499712691
covertype,drastic_die,20261021,UCB-H0.5,34.34150200252712,0.0,293.8820575173675,0.925,0.0,0.4,4.373627498563455,8.74725499712691
covertype,drastic_die,20261021,UCB-H1,34.34150200252712,0.0,187.49668116228395,0.925,0.0,0.6,8.74725499712691,8.74725499712691
covertype,drastic_die,20261021,UCB-H2,34.34150200252712,0.0,157.37187859254317,0.925,0.0,0.675,17.49450999425382,8.74725499712691
covertype,drastic_die,20261021,TS-H0.5,34.34150200252712,0.0,419.78344127776813,0.925,0.0,0.075,4.373627498563455,8.74725499712691
covertype,drastic_die,20261021,TS-H1,34.34150200252712,0.0,235.21021726822636,0.925,0.0,0.475,8.74725499712691,8.74725499712691
covertype,drastic_die,20261021,TS-H2,34.34150200252712,0.0,187.49668116228395,0.925,0.0,0.6,17.49450999425382,8.74725499712691
covertype,drastic_die,20261021,UCB-L5,34.34150200252712,0.0,293.8820575173675,0.925,0.0,0.4,5.0,8.74725499712691
covertype,drastic_die,20261021,TS-L5,34.34150200252712,0.0,315.46089235813247,0.925,0.0,0.35,5.0,8.74725499712691
covertype,drastic_die,20261021,EG10-H1,50.65125588021301,0.0,250.82453295179596,0.875,0.0,0.475,8.74725499712691,8.74725499712691
covertype,drastic_die,20261021,DUCB-H1,34.34150200252712,0.0,75.83304595365824,0.925,0.0,0.8,8.74725499712691,8.74725499712691
covertype,drastic_die,20261021,DUCB-H2,34.34150200252712,0.0,75.83304595365824,0.925,0.0,0.8,17.49450999425382,8.74725499712691
covertype,gradual_nonlin,20261018,UCB,34.434491988902494,0.004182164345224726,271.8958651035292,0.8571428571428571,0.9310344827586207,0.03333333333333333,0.0,11.987798379951823
covertype,gradual_nonlin,20261018,DUCB,34.434491988902494,0.004182164345224726,53.558798198312346,0.8571428571428571,0.9310344827586207,0.5666666666666667,0.0,11.987798379951823
covertype,gradual_nonlin,20261018,TS,34.434491988902494,0.004182164345224726,271.8958651035292,0.8571428571428571,0.9310344827586207,0.03333333333333333,0.0,11.987798379951823
covertype,gradual_nonlin,20261018,EG05,34.434491988902494,15.026188175928215,298.95019929512534,0.8571428571428571,0.8620689655172413,0.03333333333333333,0.0,11.987798379951823
covertype,gradual_nonlin,20261018,EG10,55.08331515094996,23.948341000971148,245.00025255678997,0.8095238095238095,0.8275862068965517,0.1,0.0,11.987798379951823
covertype,gradual_nonlin,20261018,EG15,83.82495209860221,23.326605407231213,331.0665218974044,0.8095238095238095,0.7931034482758621,0.03333333333333333,0.0,11.987798379951823
covertype,gradual_nonlin,20261018,UCB-H0.5,34.434491988902494,0.004182164345224726,198.77754054352064,0.8571428571428571,0.9310344827586207,0.16666666666666666,5.993899189975911,11.987798379951823
covertype,gradual_nonlin,20261018,UCB-H1,34.434491988902494,0.004182164345224726,111.54942827721132,0.8571428571428571,0.9310344827586207,0.36666666666666664,11.987798379951823,11.987798379951823
covertype,gradual_nonlin,20261018,UCB-H2,34.434491988902494,0.004182164345224726,53.558798198312346,0.8571428571428571,0.9310344827586207,0.5666666666666667,23.975596759903645,11.987798379951823
covertype,gradual_nonlin,20261018,TS-H0.5,34.434491988902494,0.004182164345224726,271.8958651035292,0.8571428571428571,0.9310344827586207,0.03333333333333333,5.993899189975911,11.987798379951823
covertype,gradual_nonlin,20261018,TS-H1,34.434491988902494,0.004182164345224726,210.98477206124272,0.8571428571428571,0.9310344827586207,0.13333333333333333,11.987798379951823,11.987798379951823
covertype,gradual_nonlin,20261018,TS-H2,34.434491988902494,0.004182164345224726,53.558798198312346,0.8571428571428571,0.9310344827586207,0.5666666666666667,23.975596759903645,11.987798379951823
covertype,gradual_nonlin,20261018,UCB-L5,34.434491988902494,0.004182164345224726,198.77754054352064,0.8571428571428571,0.9310344827586207,0.16666666666666666,5.0,11.987798379951823
covertype,gradual_nonlin,20261018,TS-L5,34.434491988902494,0.004182164345224726,271.8958651035292,0.8571428571428571,0.9310344827586207,0.03333333333333333,5.0,11.987798379951823
covertype,gradual_nonlin,20261018,EG10-H1,41.54222265873982,4.337505989634411,248.21438657306558,0.8095238095238095,0.896551724137931,0.16666666666666666,11.987798379951823,11.987798379951823
covertype,gradual_nonlin,20261018,DUCB-H1,34.434491988902494,0.004182164345224726,29.38497596295857,0.8571428571428571,0.9310344827586207,0.6666666666666666,11.987798379951823,11.987798379951823
covertype,gradual_nonlin,20261018,DUCB-H2,34.434491988902494,0.004182164345224726,12.250874290707577,0.8571428571428571,0.9310344827586207,0.8333333333333334,23.975596759903645,11.987798379951823
covertype,gradual_nonlin,20261019,UCB,38.51324662271623,0.000379377766952127,185.99025656291593,0.8095238095238095,0.9655172413793104,0.1,0.0,9.051115073184295
covertype,gradual_nonlin,20261019,DUCB,38.51324662271623,0.000379377766952127,62.4702476282576,0.8095238095238095,0.9655172413793104,0.5,0.0,9.051115073184295
covertype,gradual_nonlin,20261019,TS,38.51324662271623,0.000379377766952127,185.99025656291593,0.8095238095238095,0.9655172413793104,0.1,0.0,9.051115073184295
covertype,gradual_nonlin,20261019,EG05,38.51324662271623,0.000379377766952127,181.24640191936885,0.8095238095238095,0.9655172413793104,0.13333333333333333,0.0,9.051115073184295
covertype,gradual_nonlin,20261019,EG10,54.15603962321784,10.583046250360425,178.99297061156506,0.7619047619047619,0.896551724137931,0.13333333333333333,0.0,9.051115073184295
covertype,gradual_nonlin,20261019,EG15,55.61973360291628,69.34056778712159,237.987567584673,0.7142857142857143,0.8275862068965517,0.1,0.0,9.051115073184295
covertype,gradual_nonlin,20261019,UCB-H0.5,38.51324662271623,0.000379377766952127,185.99025656291593,0.8095238095238095,0.9655172413793104,0.1,4.525557536592148,9.051115073184295
covertype,gradual_nonlin,20261019,UCB-H1,38.51324662271623,0.000379377766952127,90.57428000754034,0.8095238095238095,0.9655172413793104,0.36666666666666664,9.051115073184295,9.051115073184295
covertype,gradual_nonlin,20261019,UCB-H2,38.51324662271623,0.000379377766952127,57.219192729711615,0.8095238095238095,0.9655172413793104,0.5,18.10223014636859,9.051115073184295
covertype,gradual_nonlin,20261019,TS-H0.5,38.51324662271623,0.000379377766952127,185.99025656291593,0.8095238095238095,0.9655172413793104,0.1,4.525557536592148,9.051115073184295
covertype,gradual_nonlin,20261019,TS-H1,38.51324662271623,0.000379377766952127,185.99025656291593,0.8095238095238095,0.9655172413793104,0.1,9.051115073184295,9.051115073184295
covertype,gradual_nonlin,20261019,TS-H2,38.51324662271623,0.000379377766952127,57.219192729711615,0.8095238095238095,0.9655172413793104,0.5,18.10223014636859,9.051115073184295
covertype,gradual_nonlin,20261019,UCB-L5,38.51324662271623,0.000379377766952127,185.99025656291593,0.8095238095238095,0.9655172413793104,0.1,5.0,9.051115073184295
covertype,gradual_nonlin,20261019,TS-L5,38.51324662271623,0.000379377766952127,185.99025656291593,0.8095238095238095,0.9655172413793104,0.1,5.0,9.051115073184295
covertype,gradual_nonlin,20261019,EG10-H1,81.4641030884632,41.26579938618241,273.2121506086078,0.7142857142857143,0.896551724137931,0.13333333333333333,9.051115073184295,9.051115073184295
covertype,gradual_nonlin,20261019,DUCB-H1,38.51324662271623,0.000379377766952127,47.500542758631134,0.8095238095238095,0.9655172413793104,0.5333333333333333,9.051115073184295,9.051115073184295
covertype,gradual_nonlin,20261019,DUCB-H2,38.51324662271623,0.000379377766952127,57.219192729711615,0.8095238095238095,0.9655172413793104,0.5,18.10223014636859,9.051115073184295
covertype,gradual_nonlin,20261020,UCB,28.248048893441805,0.005032149451296319,236.60586677679007,0.8095238095238095,0.9310344827586207,0.03333333333333333,0.0,7.501363375190648
covertype,gradual_nonlin,20261020,DUCB,28.248048893441805,0.005032149451296319,49.95270162816623,0.8095238095238095,0.9310344827586207,0.6,0.0,7.501363375190648
covertype,gradual_nonlin,20261020,TS,28.248048893441805,0.005032149451296319,230.24302451031915,0.8095238095238095,0.9310344827586207,0.03333333333333333,0.0,7.501363375190648
covertype,gradual_nonlin,20261020,EG05,41.158950958768806,14.395493698149608,230.24302451031915,0.7619047619047619,0.8620689655172413,0.03333333333333333,0.0,7.501363375190648
covertype,gradual_nonlin,20261020,EG10,45.08008033656958,38.478536714893764,267.368688303034,0.7142857142857143,0.8275862068965517,0.06666666666666667,0.0,7.501363375190648
covertype,gradual_nonlin,20261020,EG15,56.99455759379766,4.842945047566872,217.87587823021147,0.7142857142857143,0.896551724137931,0.1,0.0,7.501363375190648
covertype,gradual_nonlin,20261020,UCB-H0.5,28.248048893441805,0.005032149451296319,230.24302451031915,0.8095238095238095,0.9310344827586207,0.03333333333333333,3.750681687595324,7.501363375190648
covertype,gradual_nonlin,20261020,UCB-H1,28.248048893441805,0.005032149451296319,223.58976933159803,0.8095238095238095,0.9310344827586207,0.06666666666666667,7.501363375190648,7.501363375190648
covertype,gradual_nonlin,20261020,UCB-H2,28.248048893441805,0.005032149451296319,49.01237427836859,0.8095238095238095,0.9310344827586207,0.5666666666666667,15.002726750381296,7.501363375190648
covertype,gradual_nonlin,20261020,TS-H0.5,28.248048893441805,0.005032149451296319,230.24302451031915,0.8095238095238095,0.9310344827586207,0.03333333333333333,3.750681687595324,7.501363375190648
covertype,gradual_nonlin,20261020,TS-H1,28.248048893441805,0.005032149451296319,230.24302451031915,0.8095238095238095,0.9310344827586207,0.03333333333333333,7.501363375190648,7.501363375190648
covertype,gradual_nonlin,20261020,TS-H2,28.248048893441805,0.005032149451296319,230.24302451031915,0.8095238095238095,0.9310344827586207,0.03333333333333333,15.002726750381296,7.501363375190648
covertype,gradual_nonlin,20261020,UCB-L5,28.248048893441805,0.005032149451296319,230.24302451031915,0.8095238095238095,0.9310344827586207,0.03333333333333333,5.0,7.501363375190648
covertype,gradual_nonlin,20261020,TS-L5,28.248048893441805,0.005032149451296319,230.24302451031915,0.8095238095238095,0.9310344827586207,0.03333333333333333,5.0,7.501363375190648
covertype,gradual_nonlin,20261020,EG10-H1,76.65493195443486,46.54471565054516,230.24302451031915,0.7142857142857143,0.8620689655172413,0.03333333333333333,7.501363375190648,7.501363375190648
covertype,gradual_nonlin,20261020,DUCB-H1,28.248048893441805,0.005032149451296319,36.753798747112235,0.8095238095238095,0.9310344827586207,0.6333333333333333,7.501363375190648,7.501363375190648
covertype,gradual_nonlin,20261020,DUCB-H2,28.248048893441805,0.005032149451296319,31.254139461248037,0.8095238095238095,0.9310344827586207,0.6666666666666666,15.002726750381296,7.501363375190648
covertype,gradual_nonlin,20261021,UCB,32.09462004355418,0.006600556004802111,219.24373039339926,0.8095238095238095,0.896551724137931,0.03333333333333333,0.0,7.517900513042438
covertype,gradual_nonlin,20261021,DUCB,32.09462004355418,0.006600556004802111,276.5846574023879,0.8095238095238095,0.896551724137931,0.0,0.0,7.517900513042438
covertype,gradual_nonlin,20261021,TS,32.09462004355418,0.006600556004802111,219.24373039339926,0.8095238095238095,0.896551724137931,0.03333333333333333,0.0,7.517900513042438
covertype,gradual_nonlin,20261021,EG05,32.09462004355418,0.006585488757530317,225.97127685422672,0.8095238095238095,0.9310344827586207,0.06666666666666667,0.0,7.517900513042438
covertype,gradual_nonlin,20261021,EG10,32.09462004355418,4.052391989235362,211.33859880054317,0.8095238095238095,0.8620689655172413,0.06666666666666667,0.0,7.517900513042438
covertype,gradual_nonlin,20261021,EG15,32.09462004355418,22.25776766169364,245.67656854193118,0.8095238095238095,0.7931034482758621,0.1,0.0,7.517900513042438
covertype,gradual_nonlin,20261021,UCB-H0.5,32.09462004355418,0.006600556004802111,219.24373039339926,0.8095238095238095,0.896551724137931,0.03333333333333333,3.758950256521219,7.517900513042438
covertype,gradual_nonlin,20261021,UCB-H1,32.09462004355418,0.006600556004802111,219.24373039339926,0.8095238095238095,0.896551724137931,0.03333333333333333,7.517900513042438,7.517900513042438
covertype,gradual_nonlin,20261021,UCB-H2,32.09462004355418,0.006600556004802111,219.24373039339926,0.8095238095238095,0.896551724137931,0.03333333333333333,15.035801026084876,7.517900513042438
covertype,gradual_nonlin,20261021,TS-H0.5,32.09462004355418,0.006600556004802111,219.24373039339926,0.8095238095238095,0.896551724137931,0.03333333333333333,3.758950256521219,7.517900513042438
covertype,gradual_nonlin,20261021,TS-H1,32.09462004355418,0.006600556004802111,219.24373039339926,0.8095238095238095,0.896551724137931,0.03333333333333333,7.517900513042438,7.517900513042438
covertype,gradual_nonlin,20261021,TS-H2,32.09462004355418,0.006600556004802111,219.24373039339926,0.8095238095238095,0.896551724137931,0.03333333333333333,15.035801026084876,7.517900513042438
covertype,gradual_nonlin,20261021,UCB-L5,32.09462004355418,0.006600556004802111,219.24373039339926,0.8095238095238095,0.896551724137931,0.03333333333333333,5.0,7.517900513042438
covertype,gradual_nonlin,20261021,TS-L5,32.09462004355418,0.006600556004802111,219.24373039339926,0.8095238095238095,0.896551724137931,0.03333333333333333,5.0,7.517900513042438
covertype,gradual_nonlin,20261021,EG10-H1,32.09462004355418,29.07689310439966,205.86415437553052,0.8095238095238095,0.8275862068965517,0.1,7.517900513042438,7.517900513042438
covertype,gradual_nonlin,20261021,DUCB-H1,32.09462004355418,0.006600556004802111,241.73449971043877,0.8095238095238095,0.896551724137931,0.0,7.517900513042438,7.517900513042438
covertype,gradual_nonlin,20261021,DUCB-H2,32.09462004355418,0.006600556004802111,123.35957756757213,0.8095238095238095,0.896551724137931,0.23333333333333334,15.035801026084876,7.517900513042438
covertype,drastic_nonlin,20261018,UCB,34.43787419295786,0.0,281.409253310346,0.875,0.0,0.475,0.0,11.987798379951823
covertype,drastic_nonlin,20261018,DUCB,34.43787419295786,0.0,82.68065086931574,0.875,0.0,0.85,0.0,11.987798379951823
covertype,drastic_nonlin,20261018,TS,34.43787419295786,0.0,408.2363004714646,0.875,0.0,0.3,0.0,11.987798379951823
covertype,drastic_nonlin,20261018,EG05,57.26188423517196,0.0,647.9700371831104,0.825,0.0,0.0,0.0,11.987798379951823
covertype,drastic_nonlin,20261018,EG10,83.7820224091465,0.0,474.9189054741766,0.775,0.0,0.175,0.0,11.987798379951823
covertype,drastic_nonlin,20261018,EG15,104.7401824783364,0.0,568.0661941003924,0.8,0.0,0.125,0.0,11.987798379951823
covertype,drastic_nonlin,20261018,UCB-H0.5,34.43787419295786,0.0,213.05346711839687,0.875,0.0,0.625,5.993899189975911,11.987798379951823
covertype,drastic_nonlin,20261018,UCB-H1,34.43787419295786,0.0,109.78293455236312,0.875,0.0,0.8,11.987798379951823,11.987798379951823
covertype,drastic_nonlin,20261018,UCB-H2,34.43787419295786,0.0,109.78293455236312,0.875,0.0,0.8,23.975596759903645,11.987798379951823
covertype,drastic_nonlin,20261018,TS-H0.5,34.43787419295786,0.0,281.409253310346,0.875,0.0,0.475,5.993899189975911,11.987798379951823
covertype,drastic_nonlin,20261018,TS-H1,34.43787419295786,0.0,226.7779935973105,0.875,0.0,0.6,11.987798379951823,11.987798379951823
covertype,drastic_nonlin,20261018,TS-H2,34.43787419295786,0.0,123.38707931991131,0.875,0.0,0.775,23.975596759903645,11.987798379951823
covertype,drastic_nonlin,20261018,UCB-L5,34.43787419295786,0.0,213.05346711839687,0.875,0.0,0.625,5.0,11.987798379951823
covertype,drastic_nonlin,20261018,TS-L5,34.43787419295786,0.0,261.16438655955494,0.875,0.0,0.5,5.0,11.987798379951823
covertype,drastic_nonlin,20261018,EG10-H1,48.22243872762257,0.0,396.8371726631958,0.825,0.0,0.4,11.987798379951823,11.987798379951823
covertype,drastic_nonlin,20261018,DUCB-H1,34.43787419295786,0.0,109.78293455236312,0.875,0.0,0.8,11.987798379951823,11.987798379951823
covertype,drastic_nonlin,20261018,DUCB-H2,34.43787419295786,0.0,109.78293455236312,0.875,0.0,0.8,23.975596759903645,11.987798379951823
covertype,drastic_nonlin,20261019,UCB,38.51324662271623,0.0,274.2409252313808,0.9,0.0,0.45,0.0,9.051115073184295
covertype,drastic_nonlin,20261019,DUCB,38.51324662271623,0.0,89.9175592446827,0.9,0.0,0.825,0.0,9.051115073184295
covertype,drastic_nonlin,20261019,TS,38.51324662271623,0.0,425.12954085843245,0.9,0.0,0.25,0.0,9.051115073184295
covertype,drastic_nonlin,20261019,EG05,38.51324662271623,0.0,442.76025884438485,0.9,0.0,0.2,0.0,9.051115073184295
covertype,drastic_nonlin,20261019,EG10,67.73233747412638,0.0,368.06422314298,0.85,0.0,0.3,0.0,9.051115073184295
covertype,drastic_nonlin,20261019,EG15,128.95345017871782,0.0,584.8823761425673,0.75,0.0,0.05,0.0,9.051115073184295
covertype,drastic_nonlin,20261019,UCB-H0.5,38.51324662271623,0.0,158.63990935044825,0.9,0.0,0.7,4.525557536592148,9.051115073184295
covertype,drastic_nonlin,20261019,UCB-H1,38.51324662271623,0.0,124.5150976426953,0.9,0.0,0.75,9.051115073184295,9.051115073184295
covertype,drastic_nonlin,20261019,UCB-H2,38.51324662271623,0.0,124.5150976426953,0.9,0.0,0.75,18.10223014636859,9.051115073184295
covertype,drastic_nonlin,20261019,TS-H0.5,38.51324662271623,0.0,311.8636118112709,0.9,0.0,0.4,4.525557536592148,9.051115073184295
covertype,drastic_nonlin,20261019,TS-H1,38.51324662271623,0.0,158.63990935044825,0.9,0.0,0.7,9.051115073184295,9.051115073184295
covertype,drastic_nonlin,20261019,TS-H2,38.51324662271623,0.0,158.63990935044825,0.9,0.0,0.7,18.10223014636859,9.051115073184295
covertype,drastic_nonlin,20261019,UCB-L5,38.51324662271623,0.0,151.74344962682255,0.9,0.0,0.725,5.0,9.051115073184295
covertype,drastic_nonlin,20261019,TS-L5,38.51324662271623,0.0,172.97893472146723,0.9,0.0,0.6,5.0,9.051115073184295
covertype,drastic_nonlin,20261019,EG10-H1,97.79631398570882,0.0,648.6795267869314,0.825,0.0,0.075,9.051115073184295,9.051115073184295
covertype,drastic_nonlin,20261019,DUCB-H1,38.51324662271623,0.0,97.62779592944841,0.9,0.0,0.8,9.051115073184295,9.051115073184295
covertype,drastic_nonlin,20261019,DUCB-H2,38.51324662271623,0.0,124.5150976426953,0.9,0.0,0.75,18.10223014636859,9.051115073184295
covertype,drastic_nonlin,20261020,UCB,28.25050251812041,0.0,267.46576351299245,0.875,0.0,0.525,0.0,7.501363375190648
covertype,drastic_nonlin,20261020,DUCB,28.25050251812041,0.0,115.4818401852412,0.875,0.0,0.875,0.0,7.501363375190648
covertype,drastic_nonlin,20261020,TS,28.25050251812041,0.0,315.03786933444434,0.875,0.0,0.45,0.0,7.501363375190648
covertype,drastic_nonlin,20261020,EG05,61.88562562517632,0.0,575.2447102949926,0.825,0.0,0.025,0.0,7.501363375190648
covertype,drastic_nonlin,20261020,EG10,84.76092980214136,0.0,534.3147023104704,0.75,0.0,0.175,0.0,7.501363375190648
covertype,drastic_nonlin,20261020,EG15,70.73961693765173,0.0,540.6239345663253,0.8,0.0,0.05,0.0,7.501363375190648
covertype,drastic_nonlin,20261020,UCB-H0.5,28.25050251812041,0.0,164.77507138301604,0.875,0.0,0.775,3.750681687595324,7.501363375190648
covertype,drastic_nonlin,20261020,UCB-H1,28.25050251812041,0.0,150.85057432576005,0.875,0.0,0.8,7.501363375190648,7.501363375190648
covertype,drastic_nonlin,20261020,UCB-H2,28.25050251812041,0.0,150.85057432576005,0.875,0.0,0.8,15.002726750381296,7.501363375190648
covertype,drastic_nonlin,20261020,TS-H0.5,28.25050251812041,0.0,212.30970518361585,0.875,0.0,0.625,3.750681687595324,7.501363375190648
covertype,drastic_nonlin,20261020,TS-H1,28.25050251812041,0.0,164.77993047597394,0.875,0.0,0.75,7.501363375190648,7.501363375190648
covertype,drastic_nonlin,20261020,TS-H2,28.25050251812041,0.0,150.85057432576005,0.875,0.0,0.8,15.002726750381296,7.501363375190648
covertype,drastic_nonlin,20261020,UCB-L5,28.25050251812041,0.0,150.85057432576005,0.875,0.0,0.8,5.0,7.501363375190648
covertype,drastic_nonlin,20261020,TS-L5,28.25050251812041,0.0,150.85057432576005,0.875,0.0,0.8,5.0,7.501363375190648
covertype,drastic_nonlin,20261020,EG10-H1,106.65253726102287,0.0,602.788827644909,0.8,0.0,0.0,7.501363375190648,7.501363375190648
covertype,drastic_nonlin,20261020,DUCB-H1,28.25050251812041,0.0,75.99603178029591,0.875,0.0,0.9,7.501363375190648,7.501363375190648
covertype,drastic_nonlin,20261020,DUCB-H2,28.25050251812041,0.0,109.75294147598535,0.875,0.0,0.875,15.002726750381296,7.501363375190648
covertype,drastic_nonlin,20261021,UCB,32.099070885929855,0.0,614.6807337329265,0.85,0.0,0.05,0.0,7.517900513042438
covertype,drastic_nonlin,20261021,DUCB,32.099070885929855,0.0,226.03509830308323,0.85,0.0,0.75,0.0,7.517900513042438
covertype,drastic_nonlin,20261021,TS,32.099070885929855,0.0,621.1674431486573,0.85,0.0,0.05,0.0,7.517900513042438
covertype,drastic_nonlin,20261021,EG05,32.099157712764466,0.0,476.95977074723504,0.825,0.0,0.25,0.0,7.517900513042438
covertype,drastic_nonlin,20261021,EG10,32.099070885929855,0.0,382.4421841639983,0.85,0.0,0.35,0.0,7.517900513042438
covertype,drastic_nonlin,20261021,EG15,49.237912608420125,0.0,242.73932974830885,0.8,0.0,0.675,0.0,7.517900513042438
covertype,drastic_nonlin,20261021,UCB-H0.5,32.099070885929855,0.0,610.8268408479169,0.85,0.0,0.05,3.758950256521219,7.517900513042438
covertype,drastic_nonlin,20261021,UCB-H1,32.099070885929855,0.0,615.021856587323,0.85,0.0,0.05,7.517900513042438,7.517900513042438
covertype,drastic_nonlin,20261021,UCB-H2,32.099070885929855,0.0,477.0454102597536,0.85,0.0,0.25,15.035801026084876,7.517900513042438
covertype,drastic_nonlin,20261021,TS-H0.5,32.099070885929855,0.0,637.7682758153202,0.85,0.0,0.05,3.758950256521219,7.517900513042438
covertype,drastic_nonlin,20261021,TS-H1,32.099070885929855,0.0,623.2599281871488,0.85,0.0,0.05,7.517900513042438,7.517900513042438
covertype,drastic_nonlin,20261021,TS-H2,32.099070885929855,0.0,618.5977638429835,0.85,0.0,0.05,15.035801026084876,7.517900513042438
covertype,drastic_nonlin,20261021,UCB-L5,32.099070885929855,0.0,610.8268408479169,0.85,0.0,0.05,5.0,7.517900513042438
covertype,drastic_nonlin,20261021,TS-L5,32.099070885929855,0.0,627.324380467563,0.85,0.0,0.05,5.0,7.517900513042438
covertype,drastic_nonlin,20261021,EG10-H1,53.048238667514866,0.0,364.22514759702386,0.85,0.0,0.475,7.517900513042438,7.517900513042438
covertype,drastic_nonlin,20261021,DUCB-H1,32.099070885929855,0.0,211.20080302691954,0.85,0.0,0.75,7.517900513042438,7.517900513042438
covertype,drastic_nonlin,20261021,DUCB-H2,32.099070885929855,0.0,183.27428923907513,0.85,0.0,0.775,15.035801026084876,7.517900513042438
covertype,gradual_noise,20261018,UCB,28.81697874731605,2.0136567658012647,2.1944752651986437,0.8571428571428571,0.9655172413793104,0.9666666666666667,0.0,6.736872266214468
covertype,gradual_noise,20261018,DUCB,28.81697874731605,1.9548699506752367,5.26886165661551,0.8571428571428571,0.9655172413793104,0.9,0.0,6.736872266214468
covertype,gradual_noise,20261018,TS,28.81697874731605,0.0,2.2003254248704045,0.8571428571428571,1.0,0.9666666666666667,0.0,6.736872266214468
covertype,gradual_noise,20261018,EG05,28.81697874731605,10.533463492422989,20.936039234519235,0.8571428571428571,0.9310344827586207,0.9333333333333333,0.0,6.736872266214468
covertype,gradual_noise,20261018,EG10,38.21131201127817,25.631473654872888,15.877843695184634,0.8095238095238095,0.896551724137931,0.9333333333333333,0.0,6.736872266214468
covertype,gradual_noise,20261018,EG15,78.1728889210959,28.086652697914083,49.69177171611952,0.8095238095238095,0.8620689655172413,0.8666666666666667,0.0,6.736872266214468
covertype,gradual_noise,20261018,UCB-H0.5,28.81697874731605,2.0136567658012647,2.1944752651986437,0.8571428571428571,0.9655172413793104,0.9666666666666667,3.368436133107234,6.736872266214468
covertype,gradual_noise,20261018,UCB-H1,28.81697874731605,2.0136567658012647,4.596578253762403,0.8571428571428571,0.9655172413793104,0.9333333333333333,6.736872266214468,6.736872266214468
covertype,gradual_noise,20261018,UCB-H2,28.81697874731605,2.0136567658012647,5.0842242414697765,0.8571428571428571,0.9655172413793104,0.9333333333333333,13.473744532428936,6.736872266214468
covertype,gradual_noise,20261018,TS-H0.5,28.81697874731605,1.9548699506752367,0.0,0.8571428571428571,0.9655172413793104,1.0,3.368436133107234,6.736872266214468
covertype,gradual_noise,20261018,TS-H1,30.811784896645108,0.0,0.0,0.8095238095238095,1.0,1.0,6.736872266214468,6.736872266214468
covertype,gradual_noise,20261018,TS-H2,28.81697874731605,2.121149028564238,0.0,0.8571428571428571,0.9655172413793104,1.0,13.473744532428936,6.736872266214468
covertype,gradual_noise,20261018,UCB-L5,28.81697874731605,2.0136567658012647,4.596578253762403,0.8571428571428571,0.9655172413793104,0.9333333333333333,5.0,6.736872266214468
covertype,gradual_noise,20261018,TS-L5,30.368244440514463,0.0,0.0,0.8095238095238095,1.0,1.0,5.0,6.736872266214468
covertype,gradual_noise,20261018,EG10-H1,30.54985180617651,8.110982125376978,43.98830762577363,0.8095238095238095,0.9655172413793104,0.9333333333333333,6.736872266214468,6.736872266214468
covertype,gradual_noise,20261018,DUCB-H1,28.81697874731605,1.9548699506752367,6.100989005387145,0.8571428571428571,0.9655172413793104,0.9,6.736872266214468,6.736872266214468
covertype,gradual_noise,20261018,DUCB-H2,28.81697874731605,1.9548699506752367,5.782327801410468,0.8571428571428571,0.9655172413793104,0.9,13.473744532428936,6.736872266214468
covertype,gradual_noise,20261019,UCB,35.99055715984399,1.9191938338049952,2.2661828459833893,0.8095238095238095,0.9655172413793104,0.9666666666666667,0.0,8.573364671834998
covertype,gradual_noise,20261019,DUCB,34.32386998647185,2.2419953428050965,6.652922485510482,0.8571428571428571,0.9655172413793104,0.9,0.0,8.573364671834998
covertype,gradual_noise,20261019,TS,34.32386998647185,1.7548432930263973,0.0,0.8571428571428571,0.9655172413793104,1.0,0.0,8.573364671834998
covertype,gradual_noise,20261019,EG05,34.32386998647185,0.0,8.387850779839148,0.8571428571428571,1.0,0.9666666666666667,0.0,8.573364671834998
covertype,gradual_noise,20261019,EG10,49.915215533724066,18.0762901332831,6.7643216127957775,0.8095238095238095,0.9310344827586207,0.9666666666666667,0.0,8.573364671834998
covertype,gradual_noise,20261019,EG15,38.624616680691055,29.242491531398848,37.690710961726666,0.7619047619047619,0.8620689655172413,0.8666666666666667,0.0,8.573364671834998
covertype,gradual_noise,20261019,UCB-H0.5,35.99055715984399,1.9191938338049952,1.5603251625984562,0.8095238095238095,0.9655172413793104,0.9666666666666667,4.286682335917499,8.573364671834998
covertype,gradual_noise,20261019,UCB-H1,36.13015897933067,2.2496349309704122,1.9342627754443238,0.8095238095238095,0.9655172413793104,0.9666666666666667,8.573364671834998,8.573364671834998
covertype,gradual_noise,20261019,UCB-H2,36.13015897933067,2.426582267339417,2.018935409151103,0.8095238095238095,0.9655172413793104,0.9666666666666667,17.146729343669996,8.573364671834998
covertype,gradual_noise,20261019,TS-H0.5,36.98443211656474,0.0,0.0,0.8095238095238095,1.0,1.0,4.286682335917499,8.573364671834998
covertype,gradual_noise,20261019,TS-H1,34.32386998647185,2.2419953428050965,0.0,0.8571428571428571,0.9655172413793104,1.0,8.573364671834998,8.573364671834998
covertype,gradual_noise,20261019,TS-H2,34.32386998647185,1.8997622604373539,0.0,0.8571428571428571,0.9655172413793104,1.0,17.146729343669996,8.573364671834998
covertype,gradual_noise,20261019,UCB-L5,35.99055715984399,2.0428556719309663,1.5603251625984562,0.8095238095238095,0.9655172413793104,0.9666666666666667,5.0,8.573364671834998
covertype,gradual_noise,20261019,TS-L5,34.32386998647185,1.9221229909495365,1.6848450142371987,0.8571428571428571,0.9655172413793104,0.9666666666666667,5.0,8.573364671834998
covertype,gradual_noise,20261019,EG10-H1,46.37746871669706,39.86713300395869,91.74014841241286,0.7619047619047619,0.9310344827586207,0.8666666666666667,8.573364671834998,8.573364671834998
covertype,gradual_noise,20261019,DUCB-H1,34.32386998647185,2.2419953428050965,6.652922485510482,0.8571428571428571,0.9655172413793104,0.9,8.573364671834998,8.573364671834998
covertype,gradual_noise,20261019,DUCB-H2,34.32386998647185,3.9329564532903962,3.668698264392002,0.8571428571428571,0.9310344827586207,0.9333333333333333,17.146729343669996,8.573364671834998
covertype,gradual_noise,20261020,UCB,24.601131285866163,1.9361827442580755,2.348181067430942,0.8095238095238095,0.9655172413793104,0.9666666666666667,0.0,5.864466123233437
covertype,gradual_noise,20261020,DUCB,24.56211189693351,2.4630062488290894,6.439031766116201,0.8095238095238095,0.9655172413793104,0.9,0.0,5.864466123233437
covertype,gradual_noise,20261020,TS,24.624014786155435,0.0,0.0,0.8095238095238095,1.0,1.0,0.0,5.864466123233437
covertype,gradual_noise,20261020,EG05,35.809073218600616,14.00746015947903,0.0,0.8095238095238095,0.9310344827586207,1.0,0.0,5.864466123233437
covertype,gradual_noise,20261020,EG10,27.03475727813405,26.824331702303013,41.45114789252618,0.7619047619047619,0.896551724137931,0.9,0.0,5.864466123233437
covertype,gradual_noise,20261020,EG15,44.07456732042459,7.37805058746466,21.06943941595976,0.7619047619047619,0.9655172413793104,0.9,0.0,5.864466123233437
covertype,gradual_noise,20261020,UCB-H0.5,24.601131285866163,1.9361827442580755,2.348181067430942,0.8095238095238095,0.9655172413793104,0.9666666666666667,2.9322330616167185,5.864466123233437
covertype,gradual_noise,20261020,UCB-H1,24.601131285866163,1.9361827442580755,2.348181067430942,0.8095238095238095,0.9655172413793104,0.9666666666666667,5.864466123233437,5.864466123233437
covertype,gradual_noise,20261020,UCB-H2,24.601131285866163,1.9361827442580755,2.3031822921162957,0.8095238095238095,0.9655172413793104,0.9666666666666667,11.728932246466874,5.864466123233437
covertype,gradual_noise,20261020,TS-H0.5,22.85600096102248,2.102618623584026,0.0,0.8571428571428571,0.9655172413793104,1.0,2.9322330616167185,5.864466123233437
covertype,gradual_noise,20261020,TS-H1,22.85600096102248,1.9170725796913095,0.0,0.8571428571428571,0.9655172413793104,1.0,5.864466123233437,5.864466123233437
covertype,gradual_noise,20261020,TS-H2,25.31068332339856,0.0,0.0,0.8095238095238095,1.0,1.0,11.728932246466874,5.864466123233437
covertype,gradual_noise,20261020,UCB-L5,24.601131285866163,1.9361827442580755,2.348181067430942,0.8095238095238095,0.9655172413793104,0.9666666666666667,5.0,5.864466123233437
covertype,gradual_noise,20261020,TS-L5,24.82160192084169,0.0,0.0,0.8095238095238095,1.0,1.0,5.0,5.864466123233437
covertype,gradual_noise,20261020,EG10-H1,52.03849674809388,44.29858068622427,0.0,0.7142857142857143,0.896551724137931,1.0,5.864466123233437,5.864466123233437
covertype,gradual_noise,20261020,DUCB-H1,24.56211189693351,2.4630062488290894,5.719254882945508,0.8095238095238095,0.9655172413793104,0.9,5.864466123233437,5.864466123233437
covertype,gradual_noise,20261020,DUCB-H2,24.56211189693351,2.4630062488290894,5.322181472264425,0.8095238095238095,0.9655172413793104,0.9,11.728932246466874,5.864466123233437
covertype,gradual_noise,20261021,UCB,20.41500361268904,2.006378739751039,4.631661999728886,0.8571428571428571,0.9655172413793104,0.9333333333333333,0.0,5.982757115302517
covertype,gradual_noise,20261021,DUCB,20.41500361268904,2.382274707925415,6.425249325715296,0.8571428571428571,0.9655172413793104,0.9,0.0,5.982757115302517
covertype,gradual_noise,20261021,TS,22.61404749216654,0.0,0.0,0.8095238095238095,1.0,1.0,0.0,5.982757115302517
covertype,gradual_noise,20261021,EG05,20.41500361268904,8.354004928558306,10.829992731931828,0.8571428571428571,0.9655172413793104,0.9333333333333333,0.0,5.982757115302517
covertype,gradual_noise,20261021,EG10,20.41500361268904,7.472162274781619,9.950418338677341,0.8571428571428571,0.9655172413793104,0.9666666666666667,0.0,5.982757115302517
covertype,gradual_noise,20261021,EG15,20.41500361268904,28.38313137719244,49.07465982950257,0.8571428571428571,0.8275862068965517,0.8666666666666667,0.0,5.982757115302517
covertype,gradual_noise,20261021,UCB-H0.5,20.41500361268904,2.006378739751039,4.631661999728886,0.8571428571428571,0.9655172413793104,0.9333333333333333,2.9913785576512586,5.982757115302517
covertype,gradual_noise,20261021,UCB-H1,20.41500361268904,2.006378739751039,4.631661999728886,0.8571428571428571,0.9655172413793104,0.9333333333333333,5.982757115302517,5.982757115302517
covertype,gradual_noise,20261021,UCB-H2,20.41500361268904,2.2250258089168025,2.304609249511417,0.8571428571428571,0.9655172413793104,0.9666666666666667,11.965514230605034,5.982757115302517
covertype,gradual_noise,20261021,TS-H0.5,20.41500361268904,2.1667824105709754,0.0,0.8571428571428571,0.9655172413793104,1.0,2.9913785576512586,5.982757115302517
covertype,gradual_noise,20261021,TS-H1,22.778917683516397,0.0,0.0,0.8095238095238095,1.0,1.0,5.982757115302517,5.982757115302517
covertype,gradual_noise,20261021,TS-H2,20.41500361268904,1.6730666495151687,0.0,0.8571428571428571,0.9655172413793104,1.0,11.965514230605034,5.982757115302517
covertype,gradual_noise,20261021,UCB-L5,20.41500361268904,2.006378739751039,4.631661999728886,0.8571428571428571,0.9655172413793104,0.9333333333333333,5.0,5.982757115302517
covertype,gradual_noise,20261021,TS-L5,20.41500361268904,2.0735096494957164,0.0,0.8571428571428571,0.9655172413793104,1.0,5.0,5.982757115302517
covertype,gradual_noise,20261021,EG10-H1,20.41500361268904,39.11499379853997,18.87296051399606,0.8571428571428571,0.8620689655172413,0.8666666666666667,5.982757115302517,5.982757115302517
covertype,gradual_noise,20261021,DUCB-H1,20.41500361268904,2.382274707925415,4.448035236679235,0.8571428571428571,0.9655172413793104,0.9333333333333333,5.982757115302517,5.982757115302517
covertype,gradual_noise,20261021,DUCB-H2,20.41500361268904,2.382274707925415,4.764974795141842,0.8571428571428571,0.9655172413793104,0.9333333333333333,11.965514230605034,5.982757115302517
covertype,drastic_noise,20261018,UCB,30.839178678820293,0.0,3.4120047862150833,0.9,0.0,0.95,0.0,6.736872266214468
covertype,drastic_noise,20261018,DUCB,28.81697874731605,0.0,5.30287307556117,0.925,0.0,0.925,0.0,6.736872266214468
covertype,drastic_noise,20261018,TS,28.81697874731605,0.0,5.411596417394991,0.925,0.0,0.925,0.0,6.736872266214468
covertype,drastic_noise,20261018,EG05,39.48103882709676,0.0,20.931090853751734,0.875,0.0,0.95,0.0,6.736872266214468
covertype,drastic_noise,20261018,EG10,63.87370415464563,0.0,17.599079173130693,0.825,0.0,0.925,0.0,6.736872266214468
covertype,drastic_noise,20261018,EG15,94.76117258489258,0.0,60.493920414768944,0.85,0.0,0.85,0.0,6.736872266214468
covertype,drastic_noise,20261018,UCB-H0.5,30.839178678820293,0.0,3.8145438870340582,0.9,0.0,0.95,3.368436133107234,6.736872266214468
covertype,drastic_noise,20261018,UCB-H1,30.839178678820293,0.0,3.8145438870340582,0.9,0.0,0.95,6.736872266214468,6.736872266214468
covertype,drastic_noise,20261018,UCB-H2,30.839178678820293,0.0,3.2556572901016154,0.9,0.0,0.95,13.473744532428936,6.736872266214468
covertype,drastic_noise,20261018,TS-H0.5,30.827272025757424,0.0,3.8526422513631777,0.9,0.0,0.95,3.368436133107234,6.736872266214468
covertype,drastic_noise,20261018,TS-H1,30.811784896645108,0.0,4.3835061107759135,0.9,0.0,0.95,6.736872266214468,6.736872266214468
covertype,drastic_noise,20261018,TS-H2,31.04515312106958,0.0,3.494765422704567,0.9,0.0,0.95,13.473744532428936,6.736872266214468
covertype,drastic_noise,20261018,UCB-L5,30.839178678820293,0.0,3.8145438870340582,0.9,0.0,0.95,5.0,6.736872266214468
covertype,drastic_noise,20261018,TS-L5,30.368244440514463,0.0,6.0594761313925,0.9,0.0,0.925,5.0,6.736872266214468
covertype,drastic_noise,20261018,EG10-H1,38.753664915839565,0.0,46.326834381197266,0.875,0.0,0.925,6.736872266214468,6.736872266214468
covertype,drastic_noise,20261018,DUCB-H1,28.81697874731605,0.0,4.7439864786287265,0.925,0.0,0.925,6.736872266214468,6.736872266214468
covertype,drastic_noise,20261018,DUCB-H2,28.81697874731605,0.0,4.8688734151846225,0.925,0.0,0.925,13.473744532428936,6.736872266214468
covertype,drastic_noise,20261019,UCB,35.99055715984399,0.0,3.546761085184295,0.9,0.0,0.95,0.0,8.573364671834998
covertype,drastic_noise,20261019,DUCB,36.3414679938426,0.0,5.965727074577207,0.9,0.0,0.925,0.0,8.573364671834998
covertype,drastic_noise,20261019,TS,36.07781466102658,0.0,5.220234463277578,0.9,0.0,0.95,0.0,8.573364671834998
covertype,drastic_noise,20261019,EG05,34.32386998647185,0.0,10.699727941355604,0.925,0.0,0.95,0.0,8.573364671834998
covertype,drastic_noise,20261019,EG10,58.62710509579104,0.0,17.69837114758883,0.875,0.0,0.925,0.0,8.573364671834998
covertype,drastic_noise,20261019,EG15,67.74614892200232,0.0,37.3827317988582,0.775,0.0,0.9,0.0,8.573364671834998
covertype,drastic_noise,20261019,UCB-H0.5,35.99055715984399,0.0,5.115383321273744,0.9,0.0,0.95,4.286682335917499,8.573364671834998
covertype,drastic_noise,20261019,UCB-H1,36.13015897933067,0.0,2.177422753155164,0.9,0.0,0.975,8.573364671834998,8.573364671834998
covertype,drastic_noise,20261019,UCB-H2,36.13015897933067,0.0,2.177422753155164,0.9,0.0,0.975,17.146729343669996,8.573364671834998
covertype,drastic_noise,20261019,TS-H0.5,36.98443211656474,0.0,3.5710084264470576,0.9,0.0,0.95,4.286682335917499,8.573364671834998
covertype,drastic_noise,20261019,TS-H1,36.52749311369347,0.0,5.06049267202877,0.9,0.0,0.95,8.573364671834998,8.573364671834998
covertype,drastic_noise,20261019,TS-H2,34.32386998647185,0.0,3.8495975233056803,0.925,0.0,0.95,17.146729343669996,8.573364671834998
covertype,drastic_noise,20261019,UCB-L5,35.99055715984399,0.0,5.115383321273744,0.9,0.0,0.95,5.0,8.573364671834998
covertype,drastic_noise,20261019,TS-L5,36.28198160691981,0.0,4.050323594829067,0.9,0.0,0.95,5.0,8.573364671834998
covertype,drastic_noise,20261019,EG10-H1,62.73899886488516,0.0,114.17895666442757,0.85,0.0,0.875,8.573364671834998,8.573364671834998
covertype,drastic_noise,20261019,DUCB-H1,36.42572367940096,0.0,6.125863420131072,0.9,0.0,0.925,8.573364671834998,8.573364671834998
covertype,drastic_noise,20261019,DUCB-H2,36.42572367940096,0.0,6.125863420131072,0.9,0.0,0.925,17.146729343669996,8.573364671834998
covertype,drastic_noise,20261020,UCB,24.601131285866163,0.0,3.9350492226479075,0.9,0.0,0.95,0.0,5.864466123233437
covertype,drastic_noise,20261020,DUCB,24.56211189693351,0.0,6.889696381305683,0.9,0.0,0.925,0.0,5.864466123233437
covertype,drastic_noise,20261020,TS,24.624014786155435,0.0,5.892189493883301,0.9,0.0,0.925,0.0,5.864466123233437
covertype,drastic_noise,20261020,EG05,43.09355123206968,0.0,8.806214694903236,0.875,0.0,0.95,0.0,5.864466123233437
covertype,drastic_noise,20261020,EG10,53.830336405282495,0.0,43.32226746566307,0.8,0.0,0.9,0.0,5.864466123233437
covertype,drastic_noise,20261020,EG15,51.329865465593855,0.0,20.795289703664743,0.85,0.0,0.925,0.0,5.864466123233437
covertype,drastic_noise,20261020,UCB-H0.5,24.601131285866163,0.0,3.9350492226479075,0.9,0.0,0.95,2.9322330616167185,5.864466123233437
covertype,drastic_noise,20261020,UCB-H1,24.601131285866163,0.0,3.9350492226479075,0.9,0.0,0.95,5.864466123233437,5.864466123233437
covertype,drastic_noise,20261020,UCB-H2,24.601131285866163,0.0,2.9920696968144007,0.9,0.0,0.95,11.728932246466874,5.864466123233437
covertype,drastic_noise,20261020,TS-H0.5,24.95054856330442,0.0,4.139210747932179,0.9,0.0,0.95,2.9322330616167185,5.864466123233437
covertype,drastic_noise,20261020,TS-H1,24.832874326163715,0.0,3.1401005225554437,0.9,0.0,0.95,5.864466123233437,5.864466123233437
covertype,drastic_noise,20261020,TS-H2,25.31068332339856,0.0,3.241608416644636,0.9,0.0,0.95,11.728932246466874,5.864466123233437
covertype,drastic_noise,20261020,UCB-L5,24.601131285866163,0.0,3.9350492226479075,0.9,0.0,0.95,5.0,5.864466123233437
covertype,drastic_noise,20261020,TS-L5,24.82160192084169,0.0,4.424484548943489,0.9,0.0,0.95,5.0,5.864466123233437
covertype,drastic_noise,20261020,EG10-H1,82.10171297244561,0.0,14.423835971613247,0.8,0.0,0.975,5.864466123233437,5.864466123233437
covertype,drastic_noise,20261020,DUCB-H1,24.56211189693351,0.0,6.064040561893808,0.9,0.0,0.925,5.864466123233437,5.864466123233437
covertype,drastic_noise,20261020,DUCB-H2,24.56211189693351,0.0,6.064040561893808,0.9,0.0,0.925,11.728932246466874,5.864466123233437
covertype,drastic_noise,20261021,UCB,22.430027616940194,0.0,3.7263745941993776,0.9,0.0,0.95,0.0,5.982757115302517
covertype,drastic_noise,20261021,DUCB,20.41500361268904,0.0,6.323712495107223,0.925,0.0,0.925,0.0,5.982757115302517
covertype,drastic_noise,20261021,TS,22.61404749216654,0.0,3.704231792974861,0.9,0.0,0.95,0.0,5.982757115302517
covertype,drastic_noise,20261021,EG05,28.806101537698595,0.0,10.683539249551279,0.9,0.0,0.95,0.0,5.982757115302517
covertype,drastic_noise,20261021,EG10,20.41500361268904,0.0,20.486390009847085,0.925,0.0,0.925,0.0,5.982757115302517
covertype,drastic_noise,20261021,EG15,41.26299618635315,0.0,57.36789652717738,0.825,0.0,0.875,0.0,5.982757115302517
covertype,drastic_noise,20261021,UCB-H0.5,22.430027616940194,0.0,3.7263745941993776,0.9,0.0,0.95,2.9913785576512586,5.982757115302517
covertype,drastic_noise,20261021,UCB-H1,22.430027616940194,0.0,3.7263745941993776,0.9,0.0,0.95,5.982757115302517,5.982757115302517
covertype,drastic_noise,20261021,UCB-H2,22.653847066753862,0.0,2.1213139771009137,0.9,0.0,0.975,11.965514230605034,5.982757115302517
covertype,drastic_noise,20261021,TS-H0.5,20.41500361268904,0.0,4.656966334313423,0.925,0.0,0.95,2.9913785576512586,5.982757115302517
covertype,drastic_noise,20261021,TS-H1,22.778917683516397,0.0,4.466170589190204,0.9,0.0,0.95,5.982757115302517,5.982757115302517
covertype,drastic_noise,20261021,TS-H2,22.014443138714192,0.0,4.961113524505679,0.9,0.0,0.95,11.965514230605034,5.982757115302517
covertype,drastic_noise,20261021,UCB-L5,22.430027616940194,0.0,3.7263745941993776,0.9,0.0,0.95,5.0,5.982757115302517
covertype,drastic_noise,20261021,TS-L5,20.41500361268904,0.0,6.2528335861759246,0.925,0.0,0.925,5.0,5.982757115302517
covertype,drastic_noise,20261021,EG10-H1,37.47260286396334,0.0,40.061033580240924,0.875,0.0,0.85,5.982757115302517,5.982757115302517
covertype,drastic_noise,20261021,DUCB-H1,20.41500361268904,0.0,6.323712495107223,0.925,0.0,0.925,5.982757115302517,5.982757115302517
covertype,drastic_noise,20261021,DUCB-H2,20.41500361268904,0.0,6.323712495107223,0.925,0.0,0.925,11.965514230605034,5.982757115302517
