cooling_preset,policy,config_id,batch_index,cum_regret_mean,cum_regret_std,cum_regret_lower,cum_regret_upper,n_repeats
scale_default,Epsilon_Greedy,epsilon=0.3,0,0.08309744261960192,0.06677041913316627,0.01632702348643565,0.14986786175276817,5
scale_default,Epsilon_Greedy,epsilon=0.3,1,0.14405613344386264,0.11480510466198313,0.029251028781879518,0.25886123810584577,5
scale_default,Epsilon_Greedy,epsilon=0.3,2,0.22033016222583973,0.17738734666527606,0.042942815560563674,0.3977175088911158,5
scale_default,Epsilon_Greedy,epsilon=0.3,3,0.28900853176008523,0.25378182363252394,0.03522670812756129,0.5427903553926092,5
scale_default,Epsilon_Greedy,epsilon=0.3,4,0.373959984095643,0.3626644274510006,0.011295556644642435,0.7366244115466436,5
scale_default,Epsilon_Greedy,epsilon=0.3,5,0.47946477397489107,0.41579288733103165,0.06367188664385942,0.8952576613059227,5
scale_default,Epsilon_Greedy,epsilon=0.3,6,0.5313158947964975,0.457960705395589,0.07335518940090857,0.9892766001920865,5
scale_default,Epsilon_Greedy,epsilon=0.3,7,0.5716391005697845,0.49032404501831,0.0813150555514745,1.0619631455880945,5
scale_default,Epsilon_Greedy,epsilon=0.3,8,0.6210475246527511,0.521857391742547,0.09919013291020418,1.142904916395298,5
scale_default,Epsilon_Greedy,epsilon=0.3,9,0.661112075210901,0.5588838113041373,0.10222826390676365,1.2199958865150382,5
scale_default,Epsilon_Greedy,epsilon=0.3,10,0.7244820575947487,0.6308001273968035,0.09368193019794524,1.3552821849915522,5
scale_default,Epsilon_Greedy,epsilon=0.3,11,0.7726137009168592,0.6418289095877646,0.1307847913290946,1.414442610504624,5
scale_default,Epsilon_Greedy,epsilon=0.3,12,0.8476011081128008,0.6699320553927872,0.17766905272001354,1.517533163505588,5
scale_default,Epsilon_Greedy,epsilon=0.3,13,0.8596184276522564,0.6664529637028989,0.19316546394935752,1.5260713913551553,5
scale_default,Epsilon_Greedy,epsilon=0.3,14,0.8725710367204821,0.6698882492975934,0.2026827874228887,1.5424592860180755,5
scale_default,Epsilon_Greedy,epsilon=0.3,15,0.8939111157044927,0.6697777865961906,0.22413332910830208,1.5636889023006832,5
scale_default,Epsilon_Greedy,epsilon=0.3,16,0.9054782122712632,0.6763037148583441,0.22917449741291918,1.5817819271296072,5
scale_default,Epsilon_Greedy,epsilon=0.3,17,0.9163063027957643,0.6765167255096971,0.2397895772860672,1.5928230283054614,5
scale_default,Epsilon_Greedy,epsilon=0.3,18,0.9347819573798939,0.6688813364707294,0.26590062090916444,1.6036632938506235,5
scale_default,Epsilon_Greedy,epsilon=0.3,19,0.942634414397028,0.6704774795629441,0.2721569348340839,1.6131118939599722,5
scale_default,Epsilon_Greedy,epsilon=0.3,20,0.9548272564871979,0.6593376168813362,0.2954896396058617,1.614164873368534,5
scale_default,Epsilon_Greedy,epsilon=0.3,21,0.9682684722506719,0.6512836731543271,0.3169847990963448,1.619552145404999,5
scale_default,Epsilon_Greedy,epsilon=0.3,22,0.9847968418312727,0.6374257924849246,0.3473710493463481,1.6222226343161972,5
scale_default,Epsilon_Greedy,epsilon=0.3,23,1.0266005884088236,0.6414141682096771,0.3851864201991465,1.6680147566185006,5
scale_default,Epsilon_Greedy,epsilon=0.3,24,1.038816529731983,0.6361171152361789,0.40269941449580404,1.6749336449681618,5
scale_default,Epsilon_Greedy,epsilon=0.3,25,1.0515809925021506,0.6318797727276041,0.41970121977454655,1.6834607652297549,5
scale_default,Epsilon_Greedy,epsilon=0.3,26,1.0581842691010066,0.6263037775915146,0.43188049150949204,1.6844880466925212,5
scale_default,Epsilon_Greedy,epsilon=0.3,27,1.0681746787324575,0.6169859796272881,0.45118869910516946,1.6851606583597456,5
scale_default,Epsilon_Greedy,epsilon=0.3,28,1.090338976047681,0.6199735985796513,0.47036537746802964,1.7103125746273322,5
scale_default,Epsilon_Greedy,epsilon=0.3,29,1.1208006493086222,0.6169176690445335,0.5038829802640887,1.7377183183531557,5
scale_default,Epsilon_Greedy,epsilon=0.3,30,1.1385969272970997,0.6215423656539497,0.51705456164315,1.7601392929510493,5
scale_default,Epsilon_Greedy,epsilon=0.3,31,1.162922566034362,0.600756747482287,0.562165818552075,1.763679313516649,5
scale_default,Epsilon_Greedy,epsilon=0.3,32,1.1736385178564475,0.6107486722888812,0.5628898455675663,1.7843871901453285,5
scale_default,Epsilon_Greedy,epsilon=0.3,33,1.1908765363466192,0.5906012613200823,0.6002752750265369,1.7814777976667013,5
scale_default,Epsilon_Greedy,epsilon=0.3,34,1.1986682421434331,0.5848472301752392,0.6138210119681939,1.7835154723186724,5
scale_default,Epsilon_Greedy,epsilon=0.3,35,1.2143502689237855,0.5813391413722275,0.633011127551558,1.795689410296013,5
scale_default,Epsilon_Greedy,epsilon=0.3,36,1.2239339763282984,0.582839322297856,0.6410946540304424,1.8067732986261542,5
scale_default,Epsilon_Greedy,epsilon=0.3,37,1.2314754347625099,0.5807936686777447,0.6506817660847651,1.8122691034402547,5
scale_default,Epsilon_Greedy,epsilon=0.3,38,1.2398032864569182,0.5825346751531073,0.6572686113038109,1.8223379616100255,5
scale_default,Epsilon_Greedy,epsilon=0.3,39,1.2479507307396862,0.5925377661403852,0.655412964599301,1.8404884968800714,5
scale_default,Epsilon_Greedy,epsilon=0.3,40,1.2592128362058448,0.5842718688503241,0.6749409673555207,1.843484705056169,5
scale_default,Epsilon_Greedy,epsilon=0.3,41,1.2802532360558656,0.5887175478294705,0.6915356882263951,1.8689707838853362,5
scale_default,Epsilon_Greedy,epsilon=0.3,42,1.2949207279854567,0.5793105708898093,0.7156101570956473,1.8742312988752658,5
scale_default,Epsilon_Greedy,epsilon=0.3,43,1.3026577295069672,0.57109488907298,0.7315628404339872,1.8737526185799473,5
scale_default,Epsilon_Greedy,epsilon=0.3,44,1.314161199525031,0.5831188092521737,0.7310423902728573,1.8972800087772048,5
scale_default,Epsilon_Greedy,epsilon=0.3,45,1.361607164204976,0.5881580333856027,0.7734491308193734,1.9497651975905788,5
scale_default,Epsilon_Greedy,epsilon=0.3,46,1.3745200114067864,0.5967091182239296,0.7778108931828568,1.971229129630716,5
scale_default,Epsilon_Greedy,epsilon=0.3,47,1.394077995407248,0.6027449275036731,0.7913330679035748,1.9968229229109211,5
scale_default,Epsilon_Greedy,epsilon=0.3,48,1.417781575435082,0.6244653647190004,0.7933162107160816,2.042246940154082,5
scale_default,Epsilon_Greedy,epsilon=0.3,49,1.4273925264671747,0.6161595439499011,0.8112329825172736,2.0435520704170758,5
scale_default,Epsilon_Greedy,epsilon=0.3,50,1.4554856523833333,0.5973887704616764,0.8580968819216569,2.0528744228450098,5
scale_default,Epsilon_Greedy,epsilon=0.3,51,1.473778612409877,0.6211402829884838,0.8526383294213933,2.0949188953983606,5
scale_default,Epsilon_Greedy,epsilon=0.3,52,1.522771705658039,0.6266687146458476,0.8961029910121914,2.1494404203038866,5
scale_default,Epsilon_Greedy,epsilon=0.3,53,1.5307369893272704,0.6234799074860199,0.9072570818412505,2.15421689681329,5
scale_default,Epsilon_Greedy,epsilon=0.3,54,1.5469333274303463,0.6215572053932201,0.9253761220371262,2.1684905328235664,5
scale_default,Epsilon_Greedy,epsilon=0.3,55,1.557821125479228,0.6233843921820926,0.9344367332971354,2.1812055176613208,5
scale_default,Epsilon_Greedy,epsilon=0.3,56,1.5728319275742535,0.631033277884849,0.9417986496894045,2.2038652054591026,5
scale_default,Epsilon_Greedy,epsilon=0.3,57,1.594112616004445,0.6189424661255778,0.9751701498788672,2.2130550821300226,5
scale_default,Epsilon_Greedy,epsilon=0.3,58,1.60385271567529,0.617575183872413,0.986277531802877,2.221427899547703,5
scale_default,Epsilon_Greedy,epsilon=0.3,59,1.6234648840956514,0.6155316646824807,1.0079332194131707,2.238996548778132,5
scale_default,Epsilon_Greedy,epsilon=0.3,60,1.6579179994542272,0.5831230161316714,1.0747949833225559,2.241041015585899,5
scale_default,Epsilon_Greedy,epsilon=0.3,61,1.6750691584367583,0.578599103885184,1.0964700545515744,2.253668262321942,5
scale_default,Epsilon_Greedy,epsilon=0.3,62,1.687588734005366,0.5833196094706432,1.1042691245347227,2.270908343476009,5
scale_default,Epsilon_Greedy,epsilon=0.3,63,1.693591343270123,0.5819453969758236,1.1116459462942996,2.2755367402459465,5
scale_default,Epsilon_Greedy,epsilon=0.3,64,1.7161964277398731,0.5770587581887772,1.139137669551096,2.2932551859286505,5
scale_default,Epsilon_Greedy,epsilon=0.3,65,1.7463779550163607,0.575869499174705,1.1705084558416559,2.3222474541910656,5
scale_default,Epsilon_Greedy,epsilon=0.3,66,1.7632911384482095,0.5757128939341053,1.1875782445141043,2.3390040323823147,5
scale_default,Epsilon_Greedy,epsilon=0.3,67,1.7871591112713852,0.5643850278397472,1.2227740834316378,2.3515441391111325,5
scale_default,Epsilon_Greedy,epsilon=0.3,68,1.8175166347338343,0.5566705717264072,1.2608460630074272,2.3741872064602414,5
scale_default,Epsilon_Greedy,epsilon=0.3,69,1.8222691888009321,0.5551301278997983,1.2671390609011337,2.3773993167007306,5
scale_default,Epsilon_Greedy,epsilon=0.3,70,1.8307697839963715,0.5537804674237825,1.276989316572589,2.384550251420154,5
scale_default,Epsilon_Greedy,epsilon=0.3,71,1.8407728374889671,0.5469190613885281,1.293853776100439,2.3876918988774953,5
scale_default,Epsilon_Greedy,epsilon=0.3,72,1.8566678473656058,0.5449362160948373,1.3117316312707685,2.401604063460443,5
scale_default,Epsilon_Greedy,epsilon=0.3,73,1.8633120307306883,0.5403591782905192,1.322952852440169,2.4036712090212076,5
scale_default,Epsilon_Greedy,epsilon=0.3,74,1.88057121795011,0.5427332225908702,1.3378379953592399,2.42330444054098,5
scale_default,Epsilon_Greedy,epsilon=0.3,75,1.8902127346564916,0.5355804727747266,1.354632261881765,2.4257932074312185,5
scale_default,Epsilon_Greedy,epsilon=0.3,76,1.9196741057593951,0.49895498907811614,1.420719116681279,2.4186290948375113,5
scale_default,Epsilon_Greedy,epsilon=0.3,77,1.940372902648828,0.5105856258540523,1.4297872767947757,2.45095852850288,5
scale_default,Epsilon_Greedy,epsilon=0.3,78,1.9518777354550518,0.5136383068656992,1.4382394285893527,2.465516042320751,5
scale_default,Epsilon_Greedy,epsilon=0.3,79,1.9719396498258568,0.5194043575370618,1.452535292288795,2.4913440073629185,5
scale_default,Epsilon_Greedy,epsilon=0.3,80,1.9779441524685293,0.520442987058358,1.4575011654101713,2.498387139526887,5
scale_default,Epsilon_Greedy,epsilon=0.3,81,1.9828575363917316,0.5202428422722946,1.462614694119437,2.5031003786640262,5
scale_default,Epsilon_Greedy,epsilon=0.3,82,2.0083084734672965,0.5230874060326103,1.4852210674346862,2.5313958794999065,5
scale_default,Epsilon_Greedy,epsilon=0.3,83,2.0167454112342935,0.5266272832112844,1.4901181280230091,2.543372694445578,5
scale_default,Epsilon_Greedy,epsilon=0.3,84,2.034490451067794,0.5319341410372118,1.5025563100305823,2.566424592105006,5
scale_default,Epsilon_Greedy,epsilon=0.3,85,2.0379423627727604,0.5324001594188369,1.5055422033539236,2.570342522191597,5
scale_default,Epsilon_Greedy,epsilon=0.3,86,2.046466860758519,0.532506861246867,1.513959999511652,2.5789737220053857,5
scale_default,Epsilon_Greedy,epsilon=0.3,87,2.06328687671031,0.5279780896143008,1.535308787096009,2.591264966324611,5
scale_default,Epsilon_Greedy,epsilon=0.3,88,2.090724566212817,0.5432062111619469,1.54751835505087,2.633930777374764,5
scale_default,Epsilon_Greedy,epsilon=0.3,89,2.1186392817114186,0.5810064201651273,1.5376328615462913,2.6996457018765456,5
scale_default,Epsilon_Greedy,epsilon=0.3,90,2.1340966418924547,0.5770036511064548,1.5570929907859998,2.7111002929989096,5
scale_default,Epsilon_Greedy,epsilon=0.3,91,2.1344350013758326,0.5764364498285147,1.557998551547318,2.7108714512043472,5
scale_default,Epsilon_Greedy,epsilon=0.3,92,2.1398262728666055,0.5695263395178622,1.5702999333487433,2.7093526123844676,5
scale_default,Epsilon_Greedy,epsilon=0.3,93,2.1518889411654465,0.5725444438117215,1.579344497353725,2.724433384977168,5
scale_default,Epsilon_Greedy,epsilon=0.3,94,2.157849194327465,0.5806281979386007,1.5772209963888644,2.7384773922660655,5
scale_default,Epsilon_Greedy,epsilon=0.3,95,2.1896091161689974,0.575053943554462,1.6145551726145353,2.7646630597234596,5
scale_default,Epsilon_Greedy,epsilon=0.3,96,2.195129599584779,0.5728542392698128,1.622275360314966,2.7679838388545916,5
scale_default,Epsilon_Greedy,epsilon=0.3,97,2.2170069894456392,0.5874792013872251,1.629527788058414,2.8044861908328644,5
scale_default,Epsilon_Greedy,epsilon=0.3,98,2.2594349739486868,0.5716546618696173,1.6877803120790693,2.831089635818304,5
scale_default,Epsilon_Greedy,epsilon=0.3,99,2.2684846838104376,0.5633313952070673,1.7051532886033702,2.831816079017505,5
scale_default,Epsilon_Greedy,epsilon=0.3,100,2.274617299943061,0.5691977756163955,1.7054195243266657,2.8438150755594567,5
scale_default,Epsilon_Greedy,epsilon=0.3,101,2.2886275189114453,0.572911706219923,1.7157158126915224,2.8615392251313683,5
scale_default,Epsilon_Greedy,epsilon=0.3,102,2.2970712449150916,0.5696654868563622,1.7274057580587294,2.8667367317714536,5
scale_default,Epsilon_Greedy,epsilon=0.3,103,2.3216232880507532,0.5702981488889262,1.751325139161827,2.8919214369396795,5
scale_default,Epsilon_Greedy,epsilon=0.3,104,2.3405825461308094,0.5940941974432759,1.7464883486875336,2.9346767435740855,5
scale_default,Epsilon_Greedy,epsilon=0.3,105,2.3467324173301094,0.5949718359206634,1.751760581409446,2.941704253250773,5
scale_default,Epsilon_Greedy,epsilon=0.3,106,2.348754831941126,0.5943111497824317,1.7544436821586946,2.943065981723558,5
scale_default,Epsilon_Greedy,epsilon=0.3,107,2.353533775795701,0.5927078772316745,1.7608258985640266,2.946241653027376,5
scale_default,Epsilon_Greedy,epsilon=0.3,108,2.36769024648802,0.5921573819105476,1.7755328645774724,2.9598476283985673,5
scale_default,Epsilon_Greedy,epsilon=0.3,109,2.392090809896226,0.604811859689484,1.787278950206742,2.99690266958571,5
scale_default,Epsilon_Greedy,epsilon=0.3,110,2.398298431150775,0.6100359751234476,1.7882624560273275,3.0083344062742228,5
scale_default,Epsilon_Greedy,epsilon=0.3,111,2.402459083514386,0.6097024258504437,1.7927566576639422,3.0121615093648297,5
scale_default,Epsilon_Greedy,epsilon=0.3,112,2.406907043631989,0.613182179569646,1.793724864062343,3.020089223201635,5
scale_default,Epsilon_Greedy,epsilon=0.3,113,2.415702382942502,0.6095828403075512,1.806119542634951,3.0252852232500533,5
scale_default,Epsilon_Greedy,epsilon=0.3,114,2.4226514694734034,0.6036380346378704,1.819013434835533,3.026289504111274,5
scale_default,Epsilon_Greedy,epsilon=0.3,115,2.439655158886899,0.6067982352397138,1.832856923647185,3.0464533941266128,5
scale_default,Epsilon_Greedy,epsilon=0.3,116,2.454815584609451,0.6079713996349894,1.8468441849744617,3.0627869842444406,5
scale_default,Epsilon_Greedy,epsilon=0.3,117,2.47169857410773,0.6271961662058163,1.8445024079019139,3.0988947403135465,5
scale_default,Epsilon_Greedy,epsilon=0.3,118,2.4833028784454565,0.6331983697738257,1.8501045086716308,3.116501248219282,5
scale_default,Epsilon_Greedy,epsilon=0.3,119,2.4874308122521143,0.6318456408197689,1.8555851714323452,3.1192764530718833,5
scale_default,Epsilon_Greedy,epsilon=0.3,120,2.505272178347599,0.640788366972082,1.864483811375517,3.1460605453196813,5
scale_default,Epsilon_Greedy,epsilon=0.3,121,2.5576914788786973,0.6384491634314052,1.919242315447292,3.1961406423101026,5
scale_default,Epsilon_Greedy,epsilon=0.3,122,2.559393947985982,0.6383824097739063,1.9210115382120758,3.1977763577598886,5
scale_default,Epsilon_Greedy,epsilon=0.3,123,2.570880613572397,0.6327640098291998,1.9381166037431974,3.2036446234015967,5
scale_default,Epsilon_Greedy,epsilon=0.3,124,2.5736508151942177,0.6310033081503128,1.9426475070439049,3.2046541233445307,5
scale_default,Epsilon_Greedy,epsilon=0.3,125,2.58784461932704,0.6294248844526099,1.9584197348744299,3.21726950377965,5
scale_default,Epsilon_Greedy,epsilon=0.3,126,2.6259764179020175,0.6185077322934226,2.007468685608595,3.24448415019544,5
scale_default,Epsilon_Greedy,epsilon=0.3,127,2.630746370921892,0.6201195236755573,2.0106268472463347,3.2508658945974496,5
scale_default,Epsilon_Greedy,epsilon=0.3,128,2.643481055879873,0.6189241076907391,2.024556948189134,3.2624051635706124,5
scale_default,Epsilon_Greedy,epsilon=0.3,129,2.656914578983078,0.6214312928187835,2.035483286164294,3.2783458718018617,5
scale_default,Epsilon_Greedy,epsilon=0.3,130,2.662493296548729,0.6230078079511754,2.0394854885975535,3.2855011044999047,5
scale_default,Epsilon_Greedy,epsilon=0.3,131,2.6722683854569844,0.6284933104417382,2.043775075015246,3.3007616958987227,5
scale_default,Epsilon_Greedy,epsilon=0.3,132,2.693837676431883,0.6258370043811597,2.0680006720507236,3.319674680813043,5
scale_default,Epsilon_Greedy,epsilon=0.3,133,2.7182267307959824,0.6212219775724419,2.0970047532235405,3.3394487083684243,5
scale_default,Epsilon_Greedy,epsilon=0.3,134,2.7503348452599443,0.5925105084355097,2.1578243368244348,3.342845353695454,5
scale_default,Epsilon_Greedy,epsilon=0.3,135,2.762269050408551,0.5846377096492585,2.1776313407592927,3.3469067600578093,5
scale_default,Epsilon_Greedy,epsilon=0.3,136,2.7785690203274207,0.5831768113229844,2.1953922090044364,3.361745831650405,5
scale_default,Epsilon_Greedy,epsilon=0.3,137,2.8169412690832494,0.5350281942662896,2.28191307481696,3.3519694633495387,5
scale_default,Epsilon_Greedy,epsilon=0.3,138,2.8418800000942697,0.5194110604617623,2.3224689396325076,3.3612910605560318,5
scale_default,Epsilon_Greedy,epsilon=0.3,139,2.8726376431974456,0.5136686215461433,2.358969021651302,3.386306264743589,5
scale_default,Epsilon_Greedy,epsilon=0.3,140,2.8901123438240903,0.5110115993688202,2.37910074445527,3.4011239431929106,5
scale_default,Epsilon_Greedy,epsilon=0.3,141,2.905143417309101,0.5159570755403072,2.3891863417687937,3.421100492849408,5
scale_default,Epsilon_Greedy,epsilon=0.3,142,2.909342392545562,0.5154384970425424,2.3939038955030196,3.4247808895881042,5
scale_default,Epsilon_Greedy,epsilon=0.3,143,2.9408624196276443,0.5170935342858212,2.423768885341823,3.4579559539134657,5
scale_default,Epsilon_Greedy,epsilon=0.3,144,2.947611548316772,0.5059822646185433,2.4416292836982287,3.4535938129353156,5
scale_default,Epsilon_Greedy,epsilon=0.3,145,2.964967391516743,0.501844611285628,2.463122780231115,3.4668120028023712,5
scale_default,Epsilon_Greedy,epsilon=0.3,146,2.99305699682256,0.49767237634515,2.4953846204774104,3.49072937316771,5
scale_default,Epsilon_Greedy,epsilon=0.3,147,3.0033980268127114,0.49774920956339597,2.505648817249315,3.5011472363761076,5
scale_default,Epsilon_Greedy,epsilon=0.3,148,3.020964922271044,0.49305500695698246,2.5279099153140616,3.5140199292280268,5
scale_default,Epsilon_Greedy,epsilon=0.3,149,3.026529836224411,0.490740646404125,2.535789189820286,3.517270482628536,5
scale_default,Epsilon_Greedy,epsilon=0.3,150,3.031544917538884,0.49055750130075065,2.5409874162381336,3.522102418839635,5
scale_default,Epsilon_Greedy,epsilon=0.3,151,3.0425609526906414,0.500520822673386,2.5420401300172553,3.5430817753640276,5
scale_default,Epsilon_Greedy,epsilon=0.3,152,3.081616756536066,0.4980417969172468,2.5835749596188196,3.5796585534533127,5
scale_default,Epsilon_Greedy,epsilon=0.3,153,3.094297629427848,0.49635289136962174,2.5979447380582266,3.5906505207974697,5
scale_default,Epsilon_Greedy,epsilon=0.3,154,3.107703791116023,0.4939631399992493,2.6137406511167733,3.6016669311152723,5
scale_default,Epsilon_Greedy,epsilon=0.3,155,3.118144632373536,0.49409917618143306,2.6240454561921025,3.612243808554969,5
scale_default,Epsilon_Greedy,epsilon=0.3,156,3.127700859220586,0.4981696321946862,2.6295312270259,3.6258704914152724,5
scale_default,Epsilon_Greedy,epsilon=0.3,157,3.148589648762028,0.5066031058855467,2.6419865428764813,3.6551927546475746,5
scale_default,Epsilon_Greedy,epsilon=0.3,158,3.1635355366620947,0.4911414031781702,2.6723941334839245,3.654676939840265,5
scale_default,Epsilon_Greedy,epsilon=0.3,159,3.1712237593254136,0.4920636445023342,2.6791601148230795,3.6632874038277476,5
scale_default,Epsilon_Greedy,epsilon=0.3,160,3.1764057796482374,0.4942554010938477,2.6821503785543896,3.6706611807420853,5
scale_default,Epsilon_Greedy,epsilon=0.3,161,3.1933651296918497,0.4933065296957543,2.7000585999960953,3.686671659387604,5
scale_default,Epsilon_Greedy,epsilon=0.3,162,3.200148735389374,0.48909899107203364,2.7110497443173402,3.6892477264614074,5
scale_default,Epsilon_Greedy,epsilon=0.3,163,3.227034507886598,0.45008815968945287,2.776946348197145,3.6771226675760507,5
scale_default,Epsilon_Greedy,epsilon=0.3,164,3.2403629354013717,0.44113679098795816,2.7992261444134137,3.6814997263893297,5
scale_default,Epsilon_Greedy,epsilon=0.3,165,3.2526998180559383,0.4433223862524265,2.8093774318035116,3.696022204308365,5
scale_default,Epsilon_Greedy,epsilon=0.3,166,3.281593672331892,0.45576491890180876,2.825828753430083,3.7373585912337006,5
scale_default,Epsilon_Greedy,epsilon=0.3,167,3.2898936255729,0.45741489482116876,2.832478730751731,3.7473085203940686,5
scale_default,Epsilon_Greedy,epsilon=0.3,168,3.2972626397427276,0.4593528909763276,2.8379097487664,3.7566155307190554,5
scale_default,Epsilon_Greedy,epsilon=0.3,169,3.302183245197681,0.4558164524142851,2.846366792783396,3.7579996976119663,5
scale_default,Epsilon_Greedy,epsilon=0.3,170,3.3086772054715277,0.4602867884648475,2.84839041700668,3.7689639939363753,5
scale_default,Epsilon_Greedy,epsilon=0.3,171,3.3288847044428196,0.46286409607947554,2.866020608363344,3.7917488005222952,5
scale_default,Epsilon_Greedy,epsilon=0.3,172,3.346514957962717,0.4509636819376516,2.8955512760250657,3.7974786399003686,5
scale_default,Epsilon_Greedy,epsilon=0.3,173,3.3653340889138788,0.42645431638814174,2.938879772525737,3.7917884053020203,5
scale_default,Epsilon_Greedy,epsilon=0.3,174,3.3693399852410613,0.4267472029319058,2.9425927823091556,3.796087188172967,5
scale_default,Epsilon_Greedy,epsilon=0.3,175,3.3784401441183847,0.43029637601672244,2.9481437681016622,3.808736520135107,5
scale_default,Epsilon_Greedy,epsilon=0.3,176,3.3908335153238633,0.43048400050577756,2.960349514818086,3.821317515829641,5
scale_default,Epsilon_Greedy,epsilon=0.3,177,3.40388273568159,0.4327054784388264,2.971177257242764,3.8365882141204164,5
scale_default,Epsilon_Greedy,epsilon=0.3,178,3.409390692305718,0.4350793898060303,2.9743113024996877,3.844470082111748,5
scale_default,Epsilon_Greedy,epsilon=0.3,179,3.4155998175053406,0.4352988578611779,2.9803009596441625,3.8508986753665186,5
scale_default,Epsilon_Greedy,epsilon=0.3,180,3.4233020188177,0.4372613397995502,2.9860406790181497,3.86056335861725,5
scale_default,Epsilon_Greedy,epsilon=0.3,181,3.431604063328271,0.43568161832402347,2.995922445004248,3.8672856816522945,5
scale_default,Epsilon_Greedy,epsilon=0.3,182,3.4450325249952245,0.43130727522833745,3.013725249766887,3.876339800223562,5
scale_default,Epsilon_Greedy,epsilon=0.3,183,3.456883515312311,0.4358552508241524,3.0210282644881588,3.892738766136463,5
scale_default,Epsilon_Greedy,epsilon=0.3,184,3.4600257253191535,0.438092154779516,3.0219335705396375,3.8981178800986696,5
scale_default,Epsilon_Greedy,epsilon=0.3,185,3.4637239631025842,0.4385774426724062,3.025146520430178,3.9023014057749905,5
scale_default,Epsilon_Greedy,epsilon=0.3,186,3.4715014412859118,0.43557190975602483,3.035929531529887,3.9070733510419364,5
scale_default,Epsilon_Greedy,epsilon=0.3,187,3.483513696134888,0.4403474022127556,3.0431662939221322,3.9238610983476434,5
scale_default,Epsilon_Greedy,epsilon=0.3,188,3.4968265125365625,0.4410224786786014,3.055804033857961,3.937848991215164,5
scale_default,Epsilon_Greedy,epsilon=0.3,189,3.5054904619483436,0.4500455899234366,3.055444872024907,3.95553605187178,5
scale_default,Epsilon_Greedy,epsilon=0.3,190,3.5127120706979307,0.45219289097170035,3.0605191797262306,3.964904961669631,5
scale_default,Epsilon_Greedy,epsilon=0.3,191,3.5151622892636745,0.45012148708244454,3.06504080218123,3.965283776346119,5
scale_default,Epsilon_Greedy,epsilon=0.3,192,3.5227514256204544,0.4370707040636697,3.0856807215567845,3.9598221296841243,5
scale_default,Epsilon_Greedy,epsilon=0.3,193,3.566271225924846,0.38914927329426546,3.1771219526305803,3.9554204992191115,5
scale_default,Epsilon_Greedy,epsilon=0.3,194,3.581352824174197,0.38724415975007126,3.194108664424126,3.9685969839242685,5
scale_default,Epsilon_Greedy,epsilon=0.3,195,3.5919498818322237,0.3802265237567409,3.2117233580754827,3.972176405588965,5
scale_default,Epsilon_Greedy,epsilon=0.3,196,3.6127600539131537,0.380316124140597,3.2324439297725567,3.9930761780537507,5
scale_default,Epsilon_Greedy,epsilon=0.3,197,3.630586008595899,0.37732589272742384,3.2532601158684753,4.007911901323323,5
scale_default,Epsilon_Greedy,epsilon=0.3,198,3.6345924004665306,0.37883133858496826,3.2557610618815622,4.013423739051499,5
scale_default,Epsilon_Greedy,epsilon=0.3,199,3.6403700789040485,0.3759013516754308,3.2644687272286177,4.016271430579479,5
scale_default,Epsilon_Greedy,epsilon=0.3,200,3.772646319595881,0.3614138770469734,3.4112324425489073,4.134060196642854,5
scale_default,Epsilon_Greedy,epsilon=0.3,201,3.851895926543108,0.34314625304647806,3.50874967349663,4.195042179589586,5
scale_default,Epsilon_Greedy,epsilon=0.3,202,3.9651837454957053,0.37857088348674856,3.586612862008957,4.343754628982454,5
scale_default,Epsilon_Greedy,epsilon=0.3,203,4.094679337318181,0.4410214792198851,3.6536578580982955,4.535700816538066,5
scale_default,Epsilon_Greedy,epsilon=0.3,204,4.231490274769935,0.45099494804291607,3.780495326727019,4.682485222812851,5
scale_default,Epsilon_Greedy,epsilon=0.3,205,4.388762232989654,0.45475147464585636,3.9340107583437978,4.843513707635511,5
scale_default,Epsilon_Greedy,epsilon=0.3,206,4.574880651837597,0.4277571390735,4.147123512764097,5.002637790911097,5
scale_default,Epsilon_Greedy,epsilon=0.3,207,4.786381478225234,0.372874814437826,4.413506663787408,5.15925629266306,5
scale_default,Epsilon_Greedy,epsilon=0.3,208,4.918070407598561,0.39251434866860974,4.5255560589299515,5.310584756267171,5
scale_default,Epsilon_Greedy,epsilon=0.3,209,5.074557735249367,0.39364406631344445,4.680913668935922,5.468201801562811,5
scale_default,Epsilon_Greedy,epsilon=0.3,210,5.29717506697825,0.4245155217848244,4.872659545193425,5.7216905887630745,5
scale_default,Epsilon_Greedy,epsilon=0.3,211,5.523216271092872,0.43624872550081323,5.086967545592059,5.9594649965936854,5
scale_default,Epsilon_Greedy,epsilon=0.3,212,5.725702922999313,0.5602275776998487,5.165475345299464,6.285930500699161,5
scale_default,Epsilon_Greedy,epsilon=0.3,213,5.931699848147386,0.5440994231191293,5.387600425028257,6.475799271266515,5
scale_default,Epsilon_Greedy,epsilon=0.3,214,6.124148612411115,0.4655218668674971,5.658626745543618,6.589670479278611,5
scale_default,Epsilon_Greedy,epsilon=0.3,215,6.2948525404891225,0.4377288626403561,5.857123677848766,6.732581403129479,5
scale_default,Epsilon_Greedy,epsilon=0.3,216,6.469490543303786,0.49670274846064116,5.972787794843145,6.966193291764427,5
scale_default,Epsilon_Greedy,epsilon=0.3,217,6.683769817824763,0.431622987639703,6.25214683018506,7.115392805464467,5
scale_default,Epsilon_Greedy,epsilon=0.3,218,6.799222912840565,0.42655046293596866,6.372672449904597,7.225773375776534,5
scale_default,Epsilon_Greedy,epsilon=0.3,219,7.028286603564948,0.39519504174634046,6.633091561818607,7.423481645311289,5
scale_default,Epsilon_Greedy,epsilon=0.3,220,7.138105743968445,0.3828037143261585,6.755302029642287,7.520909458294604,5
scale_default,Epsilon_Greedy,epsilon=0.3,221,7.279375488301535,0.37630834380388434,6.903067144497651,7.655683832105419,5
scale_default,Epsilon_Greedy,epsilon=0.3,222,7.433823305800749,0.34709227331956216,7.086731032481186,7.780915579120311,5
scale_default,Epsilon_Greedy,epsilon=0.3,223,7.597056566204477,0.3517245367641638,7.245332029440314,7.948781102968641,5
scale_default,Epsilon_Greedy,epsilon=0.3,224,7.797473844793326,0.38786847598014457,7.409605368813182,8.18534232077347,5
scale_default,Epsilon_Greedy,epsilon=0.3,225,8.034174005525767,0.5873678481657683,7.446806157359998,8.621541853691536,5
scale_default,Epsilon_Greedy,epsilon=0.3,226,8.274197525068512,0.5610748899029611,7.7131226351655515,8.835272414971474,5
scale_default,Epsilon_Greedy,epsilon=0.3,227,8.4312154573213,0.6296367032383163,7.801578754082985,9.060852160559618,5
scale_default,Epsilon_Greedy,epsilon=0.3,228,8.674873557136248,0.6934016509466555,7.981471906189593,9.368275208082904,5
scale_default,Epsilon_Greedy,epsilon=0.3,229,8.80164730408352,0.7382883322836362,8.063358971799884,9.539935636367156,5
scale_default,Epsilon_Greedy,epsilon=0.3,230,9.002276327414673,0.517994275648273,8.4842820517664,9.520270603062947,5
scale_default,Epsilon_Greedy,epsilon=0.3,231,9.18292317156865,0.5466967668194366,8.636226404749213,9.729619938388087,5
scale_default,Epsilon_Greedy,epsilon=0.3,232,9.352463200732632,0.5513395723425228,8.80112362839011,9.903802773075155,5
scale_default,Epsilon_Greedy,epsilon=0.3,233,9.495604749243324,0.5836768145942899,8.911927934649034,10.079281563837613,5
scale_default,Epsilon_Greedy,epsilon=0.3,234,9.67020309359459,0.6050582833999355,9.065144810194655,10.275261376994527,5
scale_default,Epsilon_Greedy,epsilon=0.3,235,9.852990735325623,0.5853918553597098,9.267598879965913,10.438382590685332,5
scale_default,Epsilon_Greedy,epsilon=0.3,236,10.035334419442146,0.5671465033960595,9.468187916046086,10.602480922838206,5
scale_default,Epsilon_Greedy,epsilon=0.3,237,10.171490499795398,0.621026957812064,9.550463541983333,10.792517457607463,5
scale_default,Epsilon_Greedy,epsilon=0.3,238,10.29336169044467,0.6099860425914163,9.683375647853254,10.903347733036085,5
scale_default,Epsilon_Greedy,epsilon=0.3,239,10.525349639802881,0.4778732462742191,10.047476393528662,11.0032228860771,5
scale_default,Epsilon_Greedy,epsilon=0.3,240,10.692561162234576,0.4746132497229916,10.217947912511583,11.167174411957568,5
scale_default,Epsilon_Greedy,epsilon=0.3,241,10.824009358733724,0.36648432644205403,10.45752503229167,11.190493685175777,5
scale_default,Epsilon_Greedy,epsilon=0.3,242,10.948442843516393,0.33954429040338135,10.608898553113011,11.287987133919774,5
scale_default,Epsilon_Greedy,epsilon=0.3,243,11.19187015555657,0.3534230308634563,10.838447124693113,11.545293186420027,5
scale_default,Epsilon_Greedy,epsilon=0.3,244,11.364302231360517,0.29050236036021165,11.073799871000306,11.654804591720728,5
scale_default,Epsilon_Greedy,epsilon=0.3,245,11.485552484510967,0.35244642176853946,11.133106062742428,11.837998906279505,5
scale_default,Epsilon_Greedy,epsilon=0.3,246,11.653179265133563,0.426730787367484,11.226448477766079,12.079910052501047,5
scale_default,Epsilon_Greedy,epsilon=0.3,247,11.849798691312708,0.35312406998187096,11.496674621330838,12.202922761294579,5
scale_default,Epsilon_Greedy,epsilon=0.3,248,12.008714030836831,0.3364930629757739,11.672220967861056,12.345207093812606,5
scale_default,Epsilon_Greedy,epsilon=0.3,249,12.181852531749376,0.3869142539088857,11.79493827784049,12.568766785658262,5
scale_default,Epsilon_Greedy,epsilon=0.3,250,12.376848307389666,0.39970261275377356,11.977145694635892,12.77655092014344,5
scale_default,Epsilon_Greedy,epsilon=0.3,251,12.545692050243035,0.5017210828772001,12.043970967365835,13.047413133120235,5
scale_default,Epsilon_Greedy,epsilon=0.3,252,12.697157020882823,0.5709228023676604,12.126234218515163,13.268079823250483,5
scale_default,Epsilon_Greedy,epsilon=0.3,253,12.882702836047773,0.6121704812383434,12.27053235480943,13.494873317286117,5
scale_default,Epsilon_Greedy,epsilon=0.3,254,13.040725367993492,0.645545767782437,12.395179600211055,13.686271135775929,5
scale_default,Epsilon_Greedy,epsilon=0.3,255,13.120929227397369,0.6813591692727549,12.439570058124614,13.802288396670123,5
scale_default,Epsilon_Greedy,epsilon=0.3,256,13.194573485485932,0.6404565892876778,12.554116896198254,13.835030074773611,5
scale_default,Epsilon_Greedy,epsilon=0.3,257,13.406380017520917,0.7471109664332577,12.659269051087659,14.153490983954175,5
scale_default,Epsilon_Greedy,epsilon=0.3,258,13.518226539382855,0.6674618145474707,12.850764724835384,14.185688353930326,5
scale_default,Epsilon_Greedy,epsilon=0.3,259,13.687658148163115,0.6985334006402643,12.989124747522851,14.386191548803378,5
scale_default,Epsilon_Greedy,epsilon=0.3,260,13.839916611565565,0.7649351432609068,13.074981468304658,14.604851754826472,5
scale_default,Epsilon_Greedy,epsilon=0.3,261,14.111683468408742,0.8222541737952106,13.289429294613532,14.933937642203952,5
scale_default,Epsilon_Greedy,epsilon=0.3,262,14.182790442186747,0.8877717525610338,13.295018689625714,15.07056219474778,5
scale_default,Epsilon_Greedy,epsilon=0.3,263,14.356137015522117,0.938249633142179,13.417887382379938,15.294386648664297,5
scale_default,Epsilon_Greedy,epsilon=0.3,264,14.48079764755803,0.841123425269528,13.639674222288502,15.321921072827557,5
scale_default,Epsilon_Greedy,epsilon=0.3,265,14.61586357377401,0.8793752706203144,13.736488303153696,15.495238844394326,5
scale_default,Epsilon_Greedy,epsilon=0.3,266,14.7784604479521,0.957258434396912,13.821202013555187,15.735718882349012,5
scale_default,Epsilon_Greedy,epsilon=0.3,267,14.98027433297248,1.017235581660717,13.963038751311762,15.997509914633197,5
scale_default,Epsilon_Greedy,epsilon=0.3,268,15.256581365037082,0.9837321461733203,14.272849218863762,16.240313511210402,5
scale_default,Epsilon_Greedy,epsilon=0.3,269,15.413078118433784,0.9956494427545867,14.417428675679197,16.40872756118837,5
scale_default,Epsilon_Greedy,epsilon=0.3,270,15.54532636813207,0.9721969858838606,14.57312938224821,16.517523354015932,5
scale_default,Epsilon_Greedy,epsilon=0.3,271,15.696246522084811,1.0636626429217553,14.632583879163056,16.759909165006565,5
scale_default,Epsilon_Greedy,epsilon=0.3,272,15.963299064009579,1.1053797397519698,14.85791932425761,17.06867880376155,5
scale_default,Epsilon_Greedy,epsilon=0.3,273,16.18470366657113,1.1431269105888298,15.041576755982302,17.32783057715996,5
scale_default,Epsilon_Greedy,epsilon=0.3,274,16.334826163825106,1.1185853897829054,15.2162407740422,17.45341155360801,5
scale_default,Epsilon_Greedy,epsilon=0.3,275,16.628384584010796,1.1332055683906475,15.495179015620149,17.761590152401443,5
scale_default,Epsilon_Greedy,epsilon=0.3,276,16.766232388873384,1.0734637861734044,15.69276860269998,17.83969617504679,5
scale_default,Epsilon_Greedy,epsilon=0.3,277,16.96626740267913,1.1221998946585485,15.844067508020581,18.08846729733768,5
scale_default,Epsilon_Greedy,epsilon=0.3,278,17.192069378501763,1.1964841792088035,15.99558519929296,18.388553557710566,5
scale_default,Epsilon_Greedy,epsilon=0.3,279,17.40149171884542,1.248667526814817,16.152824192030604,18.650159245660237,5
scale_default,Epsilon_Greedy,epsilon=0.3,280,17.606385804142423,1.2011051344944623,16.40528066964796,18.807490938636885,5
scale_default,Epsilon_Greedy,epsilon=0.3,281,17.733884799852042,1.2809262436286102,16.452958556223432,19.014811043480652,5
scale_default,Epsilon_Greedy,epsilon=0.3,282,17.967098203576917,1.4100410391407165,16.557057164436202,19.377139242717632,5
scale_default,Epsilon_Greedy,epsilon=0.3,283,18.119728966814765,1.3797279731159975,16.740000993698768,19.499456939930763,5
scale_default,Epsilon_Greedy,epsilon=0.3,284,18.246351727715314,1.4448591195086629,16.80149260820665,19.691210847223978,5
scale_default,Epsilon_Greedy,epsilon=0.3,285,18.36182606531262,1.4842652586889549,16.877560806623666,19.846091324001573,5
scale_default,Epsilon_Greedy,epsilon=0.3,286,18.57181923806877,1.5365792272722842,17.035240010796485,20.108398465341054,5
scale_default,Epsilon_Greedy,epsilon=0.3,287,18.731557136399854,1.5484230023059928,17.183134134093862,20.279980138705845,5
scale_default,Epsilon_Greedy,epsilon=0.3,288,18.999716287641323,1.6949003135718983,17.304815974069424,20.694616601213223,5
scale_default,Epsilon_Greedy,epsilon=0.3,289,19.152283840882532,1.776263233116253,17.37602060776628,20.928547073998786,5
scale_default,Epsilon_Greedy,epsilon=0.3,290,19.425346119051717,1.815590924485607,17.60975519456611,21.240937043537325,5
scale_default,Epsilon_Greedy,epsilon=0.3,291,19.55851198278561,1.9381918424326174,17.620320140352995,21.496703825218226,5
scale_default,Epsilon_Greedy,epsilon=0.3,292,19.696788120217157,2.0706200550798903,17.626168065137268,21.767408175297046,5
scale_default,Epsilon_Greedy,epsilon=0.3,293,19.868100401825778,2.1367072776856397,17.731393124140137,22.00480767951142,5
scale_default,Epsilon_Greedy,epsilon=0.3,294,19.98799150191417,2.1919762620960723,17.796015239818097,22.179967764010243,5
scale_default,Epsilon_Greedy,epsilon=0.3,295,20.13341895950355,2.1082732225382346,18.025145736965317,22.241692182041785,5
scale_default,Epsilon_Greedy,epsilon=0.3,296,20.316993032036844,2.1246131697769526,18.19237986225989,22.441606201813798,5
scale_default,Epsilon_Greedy,epsilon=0.3,297,20.427540141358364,2.1268041235999973,18.300736017758368,22.55434426495836,5
scale_default,Epsilon_Greedy,epsilon=0.3,298,20.611189634632325,2.0666462237514502,18.544543410880873,22.677835858383776,5
scale_default,Epsilon_Greedy,epsilon=0.3,299,20.852621581695146,2.16227068197529,18.690350899719856,23.014892263670436,5
scale_default,Epsilon_Greedy,epsilon=0.3,300,21.020853139608192,2.2057088228266117,18.81514431678158,23.226561962434804,5
scale_default,Epsilon_Greedy,epsilon=0.3,301,21.178951235487997,2.1586205322601844,19.020330703227813,23.33757176774818,5
scale_default,Epsilon_Greedy,epsilon=0.3,302,21.34463455743195,2.157351333229671,19.18728322420228,23.50198589066162,5
scale_default,Epsilon_Greedy,epsilon=0.3,303,21.438624516948636,2.1741107126776407,19.264513804270994,23.612735229626278,5
scale_default,Epsilon_Greedy,epsilon=0.3,304,21.663027674322585,2.274965432667993,19.38806224165459,23.93799310699058,5
scale_default,Epsilon_Greedy,epsilon=0.3,305,21.793788284631383,2.3091506494397134,19.484637635191667,24.102938934071098,5
scale_default,Epsilon_Greedy,epsilon=0.3,306,22.0279743842423,2.3332701020316025,19.694704282210697,24.3612444862739,5
scale_default,Epsilon_Greedy,epsilon=0.3,307,22.16407983266885,2.394967471805945,19.769112360862906,24.559047304474795,5
scale_default,Epsilon_Greedy,epsilon=0.3,308,22.32864853281513,2.4278654531504618,19.90078307966467,24.75651398596559,5
scale_default,Epsilon_Greedy,epsilon=0.3,309,22.447495298544094,2.424717067707111,20.022778230836984,24.872212366251205,5
scale_default,Epsilon_Greedy,epsilon=0.3,310,22.534702259373482,2.3883493703085157,20.146352889064968,24.923051629681996,5
scale_default,Epsilon_Greedy,epsilon=0.3,311,22.801716859445477,2.468580729545816,20.33313612989966,25.270297588991294,5
scale_default,Epsilon_Greedy,epsilon=0.3,312,22.935319099169043,2.5316546131699043,20.403664485999137,25.466973712338948,5
scale_default,Epsilon_Greedy,epsilon=0.3,313,23.096414912448413,2.586276535753634,20.51013837669478,25.682691448202046,5
scale_default,Epsilon_Greedy,epsilon=0.3,314,23.217318216103042,2.5428737749925743,20.674444441110467,25.760191991095617,5
scale_default,Epsilon_Greedy,epsilon=0.3,315,23.353529335557933,2.6180378514386935,20.73549148411924,25.971567186996626,5
scale_default,Epsilon_Greedy,epsilon=0.3,316,23.56024466614921,2.647154018886462,20.91309064726275,26.20739868503567,5
scale_default,Epsilon_Greedy,epsilon=0.3,317,23.792447791274224,2.614900619242428,21.177547172031797,26.40734841051665,5
scale_default,Epsilon_Greedy,epsilon=0.3,318,23.998015255017066,2.6986265038512967,21.29938875116577,26.696641758868363,5
scale_default,Epsilon_Greedy,epsilon=0.3,319,24.152462291871128,2.715288123447002,21.437174168424125,26.86775041531813,5
scale_default,Epsilon_Greedy,epsilon=0.3,320,24.311844710112844,2.774416874127616,21.537427835985227,27.08626158424046,5
scale_default,Epsilon_Greedy,epsilon=0.3,321,24.44602023246474,2.768009091738968,21.678011140725772,27.214029324203707,5
scale_default,Epsilon_Greedy,epsilon=0.3,322,24.740810182552927,2.7833316465096254,21.9574785360433,27.524141829062554,5
scale_default,Epsilon_Greedy,epsilon=0.3,323,24.92711473682683,2.810808125536836,22.116306611289993,27.737922862363668,5
scale_default,Epsilon_Greedy,epsilon=0.3,324,25.11396598858478,2.8459800490347367,22.267985939550044,27.959946037619517,5
scale_default,Epsilon_Greedy,epsilon=0.3,325,25.276943004626805,2.924019031752518,22.352923972874287,28.200962036379323,5
scale_default,Epsilon_Greedy,epsilon=0.3,326,25.383534092213292,2.8226905289256523,22.56084356328764,28.206224621138944,5
scale_default,Epsilon_Greedy,epsilon=0.3,327,25.582002239408038,2.884623147406878,22.69737909200116,28.466625386814915,5
scale_default,Epsilon_Greedy,epsilon=0.3,328,25.75941777919153,2.9265197699993255,22.832898009192206,28.685937549190854,5
scale_default,Epsilon_Greedy,epsilon=0.3,329,25.861302855469262,2.906440739043018,22.954862116426245,28.76774359451228,5
scale_default,Epsilon_Greedy,epsilon=0.3,330,26.04494939127698,2.7637443020791848,23.281205089197794,28.808693693356165,5
scale_default,Epsilon_Greedy,epsilon=0.3,331,26.214849968728224,2.8418630059169057,23.372986962811318,29.05671297464513,5
scale_default,Epsilon_Greedy,epsilon=0.3,332,26.420161059347272,2.7310201614908185,23.689140897856454,29.15118122083809,5
scale_default,Epsilon_Greedy,epsilon=0.3,333,26.553277566833685,2.7019479904903454,23.85132957634334,29.25522555732403,5
scale_default,Epsilon_Greedy,epsilon=0.3,334,26.739623989326525,2.692324854689886,24.04729913463664,29.43194884401641,5
scale_default,Epsilon_Greedy,epsilon=0.3,335,26.88551660090514,2.69422324150303,24.19129335940211,29.579739842408173,5
scale_default,Epsilon_Greedy,epsilon=0.3,336,26.956173569439066,2.6949073692106262,24.26126620022844,29.65108093864969,5
scale_default,Epsilon_Greedy,epsilon=0.3,337,27.194937332199977,2.7255234126207633,24.469413919579214,29.92046074482074,5
scale_default,Epsilon_Greedy,epsilon=0.3,338,27.261995497008883,2.759599236084407,24.502396260924478,30.021594733093288,5
scale_default,Epsilon_Greedy,epsilon=0.3,339,27.3843855416555,2.782828666026077,24.601556875629424,30.167214207681578,5
scale_default,Epsilon_Greedy,epsilon=0.3,340,27.57078181070701,2.888606581031071,24.68217522967594,30.45938839173808,5
scale_default,Epsilon_Greedy,epsilon=0.3,341,27.784581126918493,2.913290539696968,24.871290587221523,30.697871666615463,5
scale_default,Epsilon_Greedy,epsilon=0.3,342,28.028762470396373,2.855298754893938,25.173463715502436,30.88406122529031,5
scale_default,Epsilon_Greedy,epsilon=0.3,343,28.169389951891155,2.8791660659132683,25.290223885977888,31.048556017804422,5
scale_default,Epsilon_Greedy,epsilon=0.3,344,28.32561080481911,2.914709269982764,25.410901534836345,31.240320074801875,5
scale_default,Epsilon_Greedy,epsilon=0.3,345,28.380117706767315,2.8717805911438234,25.50833711562349,31.25189829791114,5
scale_default,Epsilon_Greedy,epsilon=0.3,346,28.561433836828662,2.7941834049731313,25.76725043185553,31.355617241801795,5
scale_default,Epsilon_Greedy,epsilon=0.3,347,28.765354269704424,2.8363781655770204,25.928976104127404,31.601732435281445,5
scale_default,Epsilon_Greedy,epsilon=0.3,348,28.976323714339337,2.8876224980582395,26.0887012162811,31.863946212397575,5
scale_default,Epsilon_Greedy,epsilon=0.3,349,29.156945436173054,2.8911813384931504,26.265764097679902,32.0481267746662,5
scale_default,Epsilon_Greedy,epsilon=0.3,350,29.239213523905807,2.8505659102700256,26.388647613635783,32.08977943417583,5
scale_default,Epsilon_Greedy,epsilon=0.3,351,29.300434012790824,2.9068733050367435,26.39356070775408,32.20730731782757,5
scale_default,Epsilon_Greedy,epsilon=0.3,352,29.413530570559505,2.9301866867658304,26.483343883793676,32.34371725732534,5
scale_default,Epsilon_Greedy,epsilon=0.3,353,29.56647514505185,2.8991784039525155,26.667296741099335,32.465653549004365,5
scale_default,Epsilon_Greedy,epsilon=0.3,354,29.675947839593317,2.89353738197107,26.782410457622248,32.569485221564385,5
scale_default,Epsilon_Greedy,epsilon=0.3,355,29.871824799461724,2.877769661584795,26.994055137876927,32.74959446104652,5
scale_default,Epsilon_Greedy,epsilon=0.3,356,30.1268471418719,2.8775933173073236,27.249253824564576,33.00444045917922,5
scale_default,Epsilon_Greedy,epsilon=0.3,357,30.3416927350888,2.896860596784875,27.444832138303923,33.238553331873675,5
scale_default,Epsilon_Greedy,epsilon=0.3,358,30.60749274911985,2.90120002958778,27.70629271953207,33.508692778707626,5
scale_default,Epsilon_Greedy,epsilon=0.3,359,30.746228193825818,3.0029430483272748,27.743285145498543,33.749171242153096,5
scale_default,Epsilon_Greedy,epsilon=0.3,360,30.972960580557675,3.157120622938014,27.815839957619662,34.13008120349569,5
scale_default,Epsilon_Greedy,epsilon=0.3,361,31.12455223058266,3.203611600476641,27.920940630106017,34.3281638310593,5
scale_default,Epsilon_Greedy,epsilon=0.3,362,31.224337319162082,3.285079836381223,27.93925748278086,34.509417155543304,5
scale_default,Epsilon_Greedy,epsilon=0.3,363,31.468772114980972,3.32154202278626,28.14723009219471,34.79031413776723,5
scale_default,Epsilon_Greedy,epsilon=0.3,364,31.587400918546553,3.3840766884458273,28.203324230100726,34.97147760699238,5
scale_default,Epsilon_Greedy,epsilon=0.3,365,31.78461742047329,3.4530191312271623,28.331598289246127,35.237636551700454,5
scale_default,Epsilon_Greedy,epsilon=0.3,366,31.960172407303748,3.412630117795497,28.54754228950825,35.372802525099246,5
scale_default,Epsilon_Greedy,epsilon=0.3,367,32.12225570124245,3.523468175485966,28.598787525756485,35.64572387672842,5
scale_default,Epsilon_Greedy,epsilon=0.3,368,32.38025622547319,3.410140795973815,28.970115429499373,35.790397021447006,5
scale_default,Epsilon_Greedy,epsilon=0.3,369,32.55380376443894,3.3364614020859413,29.217342362352998,35.890265166524884,5
scale_default,Epsilon_Greedy,epsilon=0.3,370,32.67899152636071,3.3031830653632976,29.375808460997412,35.98217459172401,5
scale_default,Epsilon_Greedy,epsilon=0.3,371,32.91181645958274,3.2405146433965752,29.671301816186162,36.15233110297931,5
scale_default,Epsilon_Greedy,epsilon=0.3,372,33.04795089214709,3.2494418919722254,29.798509000174867,36.29739278411932,5
scale_default,Epsilon_Greedy,epsilon=0.3,373,33.21824735669288,3.244887962163232,29.973359394529645,36.46313531885611,5
scale_default,Epsilon_Greedy,epsilon=0.3,374,33.431141594166306,3.2617076235374043,30.1694339706289,36.69284921770371,5
scale_default,Epsilon_Greedy,epsilon=0.3,375,33.63219157588393,3.3533963050417492,30.27879527084218,36.98558788092568,5
scale_default,Epsilon_Greedy,epsilon=0.3,376,33.899409388190335,3.420132574880424,30.479276813309912,37.31954196307076,5
scale_default,Epsilon_Greedy,epsilon=0.3,377,34.03360365433516,3.364031632598058,30.669572021737103,37.397635286933216,5
scale_default,Epsilon_Greedy,epsilon=0.3,378,34.2038495685115,3.328933868707345,30.874915699804156,37.532783437218846,5
scale_default,Epsilon_Greedy,epsilon=0.3,379,34.44161716392442,3.356059768119015,31.085557395805406,37.79767693204344,5
scale_default,Epsilon_Greedy,epsilon=0.3,380,34.6376674937528,3.4593653365638697,31.17830215718893,38.09703283031667,5
scale_default,Epsilon_Greedy,epsilon=0.3,381,34.764810698366446,3.4368002188808475,31.3280104794856,38.201610917247294,5
scale_default,Epsilon_Greedy,epsilon=0.3,382,34.89519056758756,3.392509114429736,31.502681453157827,38.2876996820173,5
scale_default,Epsilon_Greedy,epsilon=0.3,383,34.98203269253296,3.443910577949476,31.538122114583484,38.425943270482435,5
scale_default,Epsilon_Greedy,epsilon=0.3,384,35.08234497985026,3.4283895950039764,31.653955384846284,38.51073457485424,5
scale_default,Epsilon_Greedy,epsilon=0.3,385,35.29860782101538,3.5639573272321945,31.734650493783185,38.862565148247576,5
scale_default,Epsilon_Greedy,epsilon=0.3,386,35.40303627428725,3.480333899470621,31.92270237481663,38.883370173757875,5
scale_default,Epsilon_Greedy,epsilon=0.3,387,35.50079591221616,3.4344847527754228,32.06631115944074,38.93528066499159,5
scale_default,Epsilon_Greedy,epsilon=0.3,388,35.66232888756297,3.372151664077016,32.290177223485955,39.03448055163999,5
scale_default,Epsilon_Greedy,epsilon=0.3,389,35.85274071582253,3.3962088766694323,32.456531839153094,39.24894959249196,5
scale_default,Epsilon_Greedy,epsilon=0.3,390,36.020252431043254,3.3308681658508332,32.68938426519242,39.351120596894084,5
scale_default,Epsilon_Greedy,epsilon=0.3,391,36.228880088953275,3.2614658199447204,32.96741426900856,39.49034590889799,5
scale_default,Epsilon_Greedy,epsilon=0.3,392,36.50647550785031,3.293422212234188,33.21305329561612,39.7998977200845,5
scale_default,Epsilon_Greedy,epsilon=0.3,393,36.721867862546844,3.417744968523866,33.30412289402298,40.13961283107071,5
scale_default,Epsilon_Greedy,epsilon=0.3,394,37.00723867698341,3.392137752197562,33.61510092478585,40.399376429180975,5
scale_default,Epsilon_Greedy,epsilon=0.3,395,37.14188395557433,3.293549456486261,33.84833449908807,40.43543341206059,5
scale_default,Epsilon_Greedy,epsilon=0.3,396,37.222436348644564,3.3350122161191535,33.88742413252541,40.55744856476372,5
scale_default,Epsilon_Greedy,epsilon=0.3,397,37.40798921108379,3.4220196679009414,33.98596954318285,40.83000887898473,5
scale_default,Epsilon_Greedy,epsilon=0.3,398,37.579868128015065,3.3853878430935938,34.19448028492147,40.96525597110866,5
scale_default,Epsilon_Greedy,epsilon=0.3,399,37.74883137101405,3.4178431483384255,34.33098822267562,41.166674519352476,5
scale_default,Epsilon_Greedy,epsilon=0.3,400,37.916086204457585,3.541357170234626,34.37472903422296,41.45744337469221,5
scale_default,Epsilon_Greedy,epsilon=0.3,401,38.09602544362786,3.395449487456329,34.700575956171534,41.491474931084184,5
scale_default,Epsilon_Greedy,epsilon=0.3,402,38.29059231871082,3.3322433089360577,34.958349009774764,41.62283562764688,5
scale_default,Epsilon_Greedy,epsilon=0.3,403,38.46841764442704,3.314794620493307,35.15362302393373,41.78321226492035,5
scale_default,Epsilon_Greedy,epsilon=0.3,404,38.60807703330569,3.256305136665649,35.351771896640045,41.864382169971336,5
scale_default,Epsilon_Greedy,epsilon=0.3,405,38.75518895032968,3.2692632760644975,35.48592567426518,42.02445222639418,5
scale_default,Epsilon_Greedy,epsilon=0.3,406,38.92567984567599,3.3218577055433807,35.60382214013261,42.24753755121937,5
scale_default,Epsilon_Greedy,epsilon=0.3,407,39.2313530756986,3.2343940033715444,35.99695907232706,42.46574707907014,5
scale_default,Epsilon_Greedy,epsilon=0.3,408,39.37108895962954,3.108279174858004,36.262809784771534,42.479368134487544,5
scale_default,Epsilon_Greedy,epsilon=0.3,409,39.4478113249814,3.1179620974805444,36.32984922750086,42.565773422461945,5
scale_default,Epsilon_Greedy,epsilon=0.3,410,39.75166132327429,3.1085336543600257,36.64312766891427,42.860194977634315,5
scale_default,Epsilon_Greedy,epsilon=0.3,411,39.90276403494943,3.085791745875921,36.816972289073504,42.98855578082535,5
scale_default,Epsilon_Greedy,epsilon=0.3,412,40.09321238154208,3.1773747901889973,36.91583759135308,43.27058717173108,5
scale_default,Epsilon_Greedy,epsilon=0.3,413,40.263940298375104,3.08436123651458,37.17957906186052,43.348301534889686,5
scale_default,Epsilon_Greedy,epsilon=0.3,414,40.42417008261905,3.1216672020742626,37.302502880544786,43.54583728469331,5
scale_default,Epsilon_Greedy,epsilon=0.3,415,40.66294190366837,3.1746779273797445,37.48826397628862,43.837619831048116,5
scale_default,Epsilon_Greedy,epsilon=0.3,416,40.88848462913101,3.2272850986843844,37.66119953044662,44.11576972781539,5
scale_default,Epsilon_Greedy,epsilon=0.3,417,41.094861173888326,3.1782762468696957,37.91658492701863,44.27313742075802,5
scale_default,Epsilon_Greedy,epsilon=0.3,418,41.22560774235032,3.201033097759116,38.024574644591205,44.426640840109435,5
scale_default,Epsilon_Greedy,epsilon=0.3,419,41.33629613793443,3.2235059196053433,38.11279021832909,44.55980205753978,5
scale_default,Epsilon_Greedy,epsilon=0.3,420,41.504294718468486,3.1616719138246547,38.34262280464383,44.66596663229314,5
scale_default,Epsilon_Greedy,epsilon=0.3,421,41.68813938062012,3.202253633529983,38.48588574709014,44.890393014150106,5
scale_default,Epsilon_Greedy,epsilon=0.3,422,41.76680979006906,3.260922265606691,38.505887524462366,45.027732055675756,5
scale_default,Epsilon_Greedy,epsilon=0.3,423,42.03060655451931,3.399159911328881,38.63144664319043,45.42976646584819,5
scale_default,Epsilon_Greedy,epsilon=0.3,424,42.17433961900532,3.4329232939363723,38.741416325068954,45.60726291294169,5
scale_default,Epsilon_Greedy,epsilon=0.3,425,42.247179495487885,3.473667489329251,38.77351200615863,45.720846984817136,5
scale_default,Epsilon_Greedy,epsilon=0.3,426,42.535201809095916,3.537073173816228,38.99812863527969,46.07227498291214,5
scale_default,Epsilon_Greedy,epsilon=0.3,427,42.79975211362054,3.598882727947523,39.200869385673016,46.39863484156807,5
scale_default,Epsilon_Greedy,epsilon=0.3,428,43.01512036959654,3.6273286048652174,39.38779176473132,46.64244897446176,5
scale_default,Epsilon_Greedy,epsilon=0.3,429,43.214546198656095,3.5963326610763766,39.61821353757972,46.81087885973247,5
scale_default,Epsilon_Greedy,epsilon=0.3,430,43.44122870297853,3.4897931975493646,39.95143550542916,46.931021900527895,5
scale_default,Epsilon_Greedy,epsilon=0.3,431,43.538855691434,3.5215493546862215,40.01730633674778,47.06040504612022,5
scale_default,Epsilon_Greedy,epsilon=0.3,432,43.8558535139374,3.373340181257004,40.48251333268039,47.229193695194404,5
scale_default,Epsilon_Greedy,epsilon=0.3,433,43.98067705742244,3.3479893369097526,40.632687720512685,47.328666394332195,5
scale_default,Epsilon_Greedy,epsilon=0.3,434,44.08505256647661,3.341220457050949,40.74383210942566,47.426273023527564,5
scale_default,Epsilon_Greedy,epsilon=0.3,435,44.264306837427995,3.3022554449741928,40.9620513924538,47.56656228240219,5
scale_default,Epsilon_Greedy,epsilon=0.3,436,44.50021194672213,3.3934316912484452,41.10678025547369,47.89364363797058,5
scale_default,Epsilon_Greedy,epsilon=0.3,437,44.717797006370255,3.415542612725527,41.30225439364473,48.13333961909578,5
scale_default,Epsilon_Greedy,epsilon=0.3,438,44.82357389936355,3.3432142167896086,41.48035968257394,48.166788116153164,5
scale_default,Epsilon_Greedy,epsilon=0.3,439,45.013969822179014,3.3113555789867424,41.70261424319227,48.325325401165756,5
scale_default,Epsilon_Greedy,epsilon=0.3,440,45.218767801553874,3.405828808820283,41.81293899273359,48.624596610374155,5
scale_default,Epsilon_Greedy,epsilon=0.3,441,45.378142782924314,3.3989256500149128,41.979217132909405,48.777068432939224,5
scale_default,Epsilon_Greedy,epsilon=0.3,442,45.53636147196367,3.407720617721146,42.128640854242526,48.94408208968482,5
scale_default,Epsilon_Greedy,epsilon=0.3,443,45.70108081377199,3.343185742370353,42.357895071401636,49.04426655614234,5
scale_default,Epsilon_Greedy,epsilon=0.3,444,45.9456380023917,3.305388450869548,42.64024955152215,49.251026453261254,5
scale_default,Epsilon_Greedy,epsilon=0.3,445,46.20118069353622,3.2236258579151484,42.97755483562108,49.42480655145137,5
scale_default,Epsilon_Greedy,epsilon=0.3,446,46.38167614747003,3.200367378839989,43.18130876863004,49.582043526310024,5
scale_default,Epsilon_Greedy,epsilon=0.3,447,46.519033661621805,3.2143455733021287,43.30468808831968,49.73337923492393,5
scale_default,Epsilon_Greedy,epsilon=0.3,448,46.6221662688582,3.115832700732647,43.506333568125555,49.73799896959085,5
scale_default,Epsilon_Greedy,epsilon=0.3,449,46.81936857249646,2.999833275515254,43.8195352969812,49.819201848011716,5
scale_default,Epsilon_Greedy,epsilon=0.3,450,46.971360206941654,2.9848519727865117,43.98650823415514,49.95621217972817,5
scale_default,Epsilon_Greedy,epsilon=0.3,451,47.06353754857875,2.8984946251596804,44.16504292341907,49.96203217373843,5
scale_default,Epsilon_Greedy,epsilon=0.3,452,47.23842744568198,2.9593107296968832,44.2791167159851,50.19773817537886,5
scale_default,Epsilon_Greedy,epsilon=0.3,453,47.496306877300974,2.8744618630749272,44.62184501422605,50.3707687403759,5
scale_default,Epsilon_Greedy,epsilon=0.3,454,47.638560355573176,2.9120252045856962,44.72653515098748,50.55058556015887,5
scale_default,Epsilon_Greedy,epsilon=0.3,455,47.82575763512271,2.9543393659305295,44.87141826919218,50.78009700105324,5
scale_default,Epsilon_Greedy,epsilon=0.3,456,47.94980845326974,2.964104009119861,44.985704444149874,50.913912462389604,5
scale_default,Epsilon_Greedy,epsilon=0.3,457,48.03577358583896,2.9622814050014905,45.07349218083747,50.99805499084045,5
scale_default,Epsilon_Greedy,epsilon=0.3,458,48.238049337323304,3.002559225067403,45.2354901122559,51.240608562390705,5
scale_default,Epsilon_Greedy,epsilon=0.3,459,48.3880246258481,3.025803115255262,45.36222151059283,51.41382774110336,5
scale_default,Epsilon_Greedy,epsilon=0.3,460,48.49293147688516,3.0520430805845145,45.44088839630065,51.54497455746967,5
scale_default,Epsilon_Greedy,epsilon=0.3,461,48.590444282829964,3.1362973910254452,45.45414689180452,51.72674167385541,5
scale_default,Epsilon_Greedy,epsilon=0.3,462,48.713626669324086,3.0061778462857554,45.707448823038334,51.71980451560984,5
scale_default,Epsilon_Greedy,epsilon=0.3,463,48.986620697795544,3.045062046683441,45.9415586511121,52.031682744478985,5
scale_default,Epsilon_Greedy,epsilon=0.3,464,49.234827138397975,3.020188884034888,46.21463825436309,52.25501602243286,5
scale_default,Epsilon_Greedy,epsilon=0.3,465,49.4721084269552,3.0609465856787925,46.41116184127641,52.533055012633994,5
scale_default,Epsilon_Greedy,epsilon=0.3,466,49.62100741434232,2.9727761290103034,46.64823128533202,52.59378354335263,5
scale_default,Epsilon_Greedy,epsilon=0.3,467,49.78672069015963,2.9138348688252624,46.87288582133437,52.700555558984895,5
scale_default,Epsilon_Greedy,epsilon=0.3,468,49.93872844143868,3.0113012338231493,46.92742720761553,52.950029675261824,5
scale_default,Epsilon_Greedy,epsilon=0.3,469,50.11086616102791,2.952695139129291,47.15817102189862,53.0635613001572,5
scale_default,Epsilon_Greedy,epsilon=0.3,470,50.34829276520891,2.946078099139504,47.402214666069405,53.294370864348416,5
scale_default,Epsilon_Greedy,epsilon=0.3,471,50.46836440559481,2.9379067859454047,47.53045761964941,53.40627119154021,5
scale_default,Epsilon_Greedy,epsilon=0.3,472,50.669262747019125,2.985084763030482,47.68417798398865,53.654347510049604,5
scale_default,Epsilon_Greedy,epsilon=0.3,473,50.91734105414033,2.9772699890722256,47.9400710650681,53.89461104321256,5
scale_default,Epsilon_Greedy,epsilon=0.3,474,51.32031352816595,3.1979598669960647,48.12235366116988,54.51827339516201,5
scale_default,Epsilon_Greedy,epsilon=0.3,475,51.526933095676405,3.2876654500922036,48.2392676455842,54.81459854576861,5
scale_default,Epsilon_Greedy,epsilon=0.3,476,51.66147436961411,3.2337007450179756,48.427773624596135,54.89517511463209,5
scale_default,Epsilon_Greedy,epsilon=0.3,477,51.90189948877075,3.292422186622966,48.60947730214779,55.19432167539372,5
scale_default,Epsilon_Greedy,epsilon=0.3,478,52.181859431021074,3.2983536883369657,48.88350574268411,55.48021311935804,5
scale_default,Epsilon_Greedy,epsilon=0.3,479,52.343713886219106,3.273744143040127,49.06996974317898,55.61745802925923,5
scale_default,Epsilon_Greedy,epsilon=0.3,480,52.46388647812493,3.3780594220977407,49.085827056027185,55.84194590022267,5
scale_default,Epsilon_Greedy,epsilon=0.3,481,52.657640781727515,3.4864386736318727,49.17120210809564,56.14407945535939,5
scale_default,Epsilon_Greedy,epsilon=0.3,482,52.78268694646456,3.424314188458384,49.358372758006176,56.20700113492294,5
scale_default,Epsilon_Greedy,epsilon=0.3,483,52.86168640824385,3.445995458704724,49.415690949539126,56.30768186694857,5
scale_default,Epsilon_Greedy,epsilon=0.3,484,52.97984400043924,3.356278742785753,49.62356525765349,56.336122743225,5
scale_default,Epsilon_Greedy,epsilon=0.3,485,53.19211803253042,3.5270291765903488,49.66508885594008,56.71914720912077,5
scale_default,Epsilon_Greedy,epsilon=0.3,486,53.38386289314103,3.572660097077894,49.811202796063135,56.95652299021892,5
scale_default,Epsilon_Greedy,epsilon=0.3,487,53.550736237612945,3.5884384615266196,49.962297776086324,57.139174699139566,5
scale_default,Epsilon_Greedy,epsilon=0.3,488,53.74747925724682,3.702370337097998,50.04510892014883,57.44984959434482,5
scale_default,Epsilon_Greedy,epsilon=0.3,489,53.83131361479127,3.736760955751932,50.09455265903934,57.5680745705432,5
scale_default,Epsilon_Greedy,epsilon=0.3,490,53.96110360555591,3.716852801548924,50.24425080400699,57.67795640710484,5
scale_default,Epsilon_Greedy,epsilon=0.3,491,54.183528476869284,3.8064135419912835,50.377114934878,57.98994201886057,5
scale_default,Epsilon_Greedy,epsilon=0.3,492,54.421126724352135,3.9806557183804343,50.4404710059717,58.40178244273257,5
scale_default,Epsilon_Greedy,epsilon=0.3,493,54.53212090746619,4.0516624134520836,50.4804584940141,58.58378332091827,5
scale_default,Epsilon_Greedy,epsilon=0.3,494,54.810614288704336,4.079556951960952,50.73105733674338,58.89017124066529,5
scale_default,Epsilon_Greedy,epsilon=0.3,495,55.02452411472662,4.026244935175142,50.998279179551474,59.05076904990176,5
scale_default,Epsilon_Greedy,epsilon=0.3,496,55.361893212493854,4.081016840001782,51.280876372492074,59.442910052495634,5
scale_default,Epsilon_Greedy,epsilon=0.3,497,55.44601099070483,4.093771454227925,51.3522395364769,59.539782444932754,5
scale_default,Epsilon_Greedy,epsilon=0.3,498,55.652385265589295,4.152556696381294,51.499828569208,59.80494196197059,5
scale_default,Epsilon_Greedy,epsilon=0.3,499,55.85174520975437,4.236314873616672,51.6154303361377,60.08806008337104,5
scale_default,Epsilon_Greedy,epsilon=0.3,500,56.109104406719055,4.221746279237215,51.88735812748184,60.33085068595627,5
scale_default,Epsilon_Greedy,epsilon=0.3,501,56.29375978852964,4.270362268015032,52.02339752051461,60.564122056544676,5
scale_default,Epsilon_Greedy,epsilon=0.3,502,56.50315829464891,4.304386367699113,52.1987719269498,60.80754466234802,5
scale_default,Epsilon_Greedy,epsilon=0.3,503,56.723721810545044,4.158929282253518,52.56479252829153,60.88265109279856,5
scale_default,Epsilon_Greedy,epsilon=0.3,504,56.94128691271936,4.163207269826974,52.778079642892386,61.10449418254634,5
scale_default,Epsilon_Greedy,epsilon=0.3,505,57.093487917512185,4.160813398346791,52.932674519165396,61.254301315858974,5
scale_default,Epsilon_Greedy,epsilon=0.3,506,57.23836424036557,4.137218844467931,53.10114539589764,61.3755830848335,5
scale_default,Epsilon_Greedy,epsilon=0.3,507,57.40890593181554,4.124052001431332,53.28485393038421,61.53295793324687,5
scale_default,Epsilon_Greedy,epsilon=0.3,508,57.521260005411555,4.063789507358806,53.45747049805275,61.58504951277036,5
scale_default,Epsilon_Greedy,epsilon=0.3,509,57.80417989850889,4.098898495536957,53.705281402971934,61.90307839404585,5
scale_default,Epsilon_Greedy,epsilon=0.3,510,57.9531005235439,4.106449521126355,53.846651002417545,62.05955004467026,5
scale_default,Epsilon_Greedy,epsilon=0.3,511,58.03454739386027,4.117792835594199,53.91675455826607,62.152340229454474,5
scale_default,Epsilon_Greedy,epsilon=0.3,512,58.11127393189927,4.0478200616742885,54.06345387022498,62.159093993573556,5
scale_default,Epsilon_Greedy,epsilon=0.3,513,58.38191904039293,3.999206642976188,54.38271239741674,62.38112568336912,5
scale_default,Epsilon_Greedy,epsilon=0.3,514,58.49428045297053,4.021852685971609,54.47242776699892,62.51613313894214,5
scale_default,Epsilon_Greedy,epsilon=0.3,515,58.6781468516876,3.934484744579186,54.74366210710841,62.61263159626679,5
scale_default,Epsilon_Greedy,epsilon=0.3,516,58.81247386542309,3.8882901508264625,54.92418371459662,62.70076401624955,5
scale_default,Epsilon_Greedy,epsilon=0.3,517,59.01691652887166,3.9761090459893755,55.040807482882286,62.993025574861036,5
scale_default,Epsilon_Greedy,epsilon=0.3,518,59.19042487375634,4.013499878916614,55.17692499483973,63.203924752672954,5
scale_default,Epsilon_Greedy,epsilon=0.3,519,59.33990219777628,4.113578311403062,55.22632388637322,63.45348050917934,5
scale_default,Epsilon_Greedy,epsilon=0.3,520,59.5704026265895,4.031139865642216,55.53926276094728,63.601542492231715,5
scale_default,Epsilon_Greedy,epsilon=0.3,521,59.67002938321273,4.041896860857532,55.628132522355195,63.71192624407026,5
scale_default,Epsilon_Greedy,epsilon=0.3,522,59.8306295940135,4.026471594832869,55.80415799918063,63.85710118884637,5
scale_default,Epsilon_Greedy,epsilon=0.3,523,59.97507920869447,4.0707237585887714,55.9043554501057,64.04580296728324,5
scale_default,Epsilon_Greedy,epsilon=0.3,524,60.07754035312034,4.031642333832955,56.045898019287385,64.10918268695329,5
scale_default,Epsilon_Greedy,epsilon=0.3,525,60.32666290596107,4.0182809664588754,56.3083819395022,64.34494387241995,5
scale_default,Epsilon_Greedy,epsilon=0.3,526,60.45961466211171,4.0770362972279415,56.38257836488377,64.53665095933965,5
scale_default,Epsilon_Greedy,epsilon=0.3,527,60.662435780091826,4.02188956942393,56.64054621066789,64.68432534951576,5
scale_default,Epsilon_Greedy,epsilon=0.3,528,60.930761930785856,3.9526224302264854,56.97813950055937,64.88338436101235,5
scale_default,Epsilon_Greedy,epsilon=0.3,529,61.130504143598884,3.9245665661091595,57.20593757748973,65.05507070970805,5
scale_default,Epsilon_Greedy,epsilon=0.3,530,61.23783304899791,3.9089508694236486,57.328882179574265,65.14678391842156,5
scale_default,Epsilon_Greedy,epsilon=0.3,531,61.371289581410096,3.9691902387452567,57.40209934266484,65.34047982015535,5
scale_default,Epsilon_Greedy,epsilon=0.3,532,61.56855512289879,3.9403480645950846,57.62820705830371,65.50890318749387,5
scale_default,Epsilon_Greedy,epsilon=0.3,533,61.74980953110979,3.9880872290211395,57.76172230208865,65.73789676013092,5
scale_default,Epsilon_Greedy,epsilon=0.3,534,61.92067170622158,4.042523498857087,57.8781482073645,65.96319520507868,5
scale_default,Epsilon_Greedy,epsilon=0.3,535,62.05290129956658,4.0883520971484595,57.96454920241812,66.14125339671504,5
scale_default,Epsilon_Greedy,epsilon=0.3,536,62.144051369068656,4.071990926803096,58.07206044226556,66.21604229587174,5
scale_default,Epsilon_Greedy,epsilon=0.3,537,62.35154683116453,4.152248455296364,58.19929837586816,66.50379528646089,5
scale_default,Epsilon_Greedy,epsilon=0.3,538,62.45004134282402,4.1276967931451445,58.322344549678874,66.57773813596917,5
scale_default,Epsilon_Greedy,epsilon=0.3,539,62.697864276906685,4.126951850888144,58.57091242601854,66.82481612779483,5
scale_default,Epsilon_Greedy,epsilon=0.3,540,62.743054020277384,4.158851122139438,58.584202898137946,66.90190514241682,5
scale_default,Epsilon_Greedy,epsilon=0.3,541,62.955299459827145,4.212368611100336,58.74293084872681,67.16766807092748,5
scale_default,Epsilon_Greedy,epsilon=0.3,542,63.166998247632044,4.405370883994447,58.7616273636376,67.57236913162649,5
scale_default,Epsilon_Greedy,epsilon=0.3,543,63.37880957601667,4.407920178419477,58.97088939759719,67.78672975443615,5
scale_default,Epsilon_Greedy,epsilon=0.3,544,63.62221129989198,4.504046534723281,59.1181647651687,68.12625783461526,5
scale_default,Epsilon_Greedy,epsilon=0.3,545,63.94081417330466,4.430521176695592,59.51029299660907,68.37133535000025,5
scale_default,Epsilon_Greedy,epsilon=0.3,546,64.15405383394229,4.325163812395275,59.82889002154701,68.47921764633756,5
scale_default,Epsilon_Greedy,epsilon=0.3,547,64.31319374428365,4.472501146880179,59.840692597403475,68.78569489116383,5
scale_default,Epsilon_Greedy,epsilon=0.3,548,64.55220398907633,4.510762046357375,60.041441942718954,69.0629660354337,5
scale_default,Epsilon_Greedy,epsilon=0.3,549,64.77371359276844,4.566407511941601,60.20730608082685,69.34012110471005,5
scale_default,Epsilon_Greedy,epsilon=0.3,550,65.02295827840331,4.742331160772293,60.28062711763101,69.7652894391756,5
scale_default,Epsilon_Greedy,epsilon=0.3,551,65.1568491056037,4.782533755394291,60.37431535020941,69.939382860998,5
scale_default,Epsilon_Greedy,epsilon=0.3,552,65.33933631873396,4.723114057546574,60.61622226118738,70.06245037628054,5
scale_default,Epsilon_Greedy,epsilon=0.3,553,65.51497811834318,4.6848556248204245,60.83012249352276,70.19983374316361,5
scale_default,Epsilon_Greedy,epsilon=0.3,554,65.74158054393297,4.655878564010541,61.085701979922426,70.3974591079435,5
scale_default,Epsilon_Greedy,epsilon=0.3,555,65.99357691987409,4.770106320917714,61.223470598956375,70.7636832407918,5
scale_default,Epsilon_Greedy,epsilon=0.3,556,66.16249304674906,4.830204053029125,61.332288993719935,70.99269709977818,5
scale_default,Epsilon_Greedy,epsilon=0.3,557,66.30706399679089,4.844636352346716,61.46242764444417,71.1517003491376,5
scale_default,Epsilon_Greedy,epsilon=0.3,558,66.48529461158263,4.906790885589125,61.57850372599351,71.39208549717176,5
scale_default,Epsilon_Greedy,epsilon=0.3,559,66.5612530069595,4.8703432563538795,61.69090975060563,71.43159626331338,5
scale_default,Epsilon_Greedy,epsilon=0.3,560,66.7727357862764,4.932382352449736,61.840353433826664,71.70511813872614,5
scale_default,Epsilon_Greedy,epsilon=0.3,561,66.92898562032937,5.024987496830323,61.90399812349905,71.95397311715969,5
scale_default,Epsilon_Greedy,epsilon=0.3,562,67.03582925486445,5.027093502164875,62.00873575269958,72.06292275702933,5
scale_default,Epsilon_Greedy,epsilon=0.3,563,67.22310749480911,5.1361782093856165,62.086929285423494,72.35928570419473,5
scale_default,Epsilon_Greedy,epsilon=0.3,564,67.40988510405896,5.133364432286125,62.27652067177283,72.54324953634509,5
scale_default,Epsilon_Greedy,epsilon=0.3,565,67.68748950202928,5.058974146352318,62.62851535567696,72.74646364838159,5
scale_default,Epsilon_Greedy,epsilon=0.3,566,67.7825460818095,5.113727326677672,62.668818755131824,72.89627340848718,5
scale_default,Epsilon_Greedy,epsilon=0.3,567,67.93776359354183,5.234216179604341,62.70354741393749,73.17197977314618,5
scale_default,Epsilon_Greedy,epsilon=0.3,568,68.03635231412176,5.190637345345702,62.84571496877606,73.22698965946746,5
scale_default,Epsilon_Greedy,epsilon=0.3,569,68.16826227807971,5.187174809489102,62.98108746859061,73.35543708756882,5
scale_default,Epsilon_Greedy,epsilon=0.3,570,68.29464622638059,5.142447682053101,63.15219854432749,73.4370939084337,5
scale_default,Epsilon_Greedy,epsilon=0.3,571,68.41755195490184,5.0069124523852455,63.410639502516595,73.42446440728709,5
scale_default,Epsilon_Greedy,epsilon=0.3,572,68.56993402473549,5.004374884533539,63.56555914020195,73.57430890926902,5
scale_default,Epsilon_Greedy,epsilon=0.3,573,68.89378377691499,4.971883739211064,63.92190003770392,73.86566751612605,5
scale_default,Epsilon_Greedy,epsilon=0.3,574,69.1466259775377,4.897154191975703,64.249471785562,74.0437801695134,5
scale_default,Epsilon_Greedy,epsilon=0.3,575,69.4427947824791,4.918806457931974,64.52398832454712,74.36160124041108,5
scale_default,Epsilon_Greedy,epsilon=0.3,576,69.64064990736689,4.99173850005648,64.64891140731041,74.63238840742338,5
scale_default,Epsilon_Greedy,epsilon=0.3,577,69.80666844323386,4.931879939555167,64.87478850367869,74.73854838278903,5
scale_default,Epsilon_Greedy,epsilon=0.3,578,69.97289897295937,4.936516021740755,65.03638295121861,74.90941499470013,5
scale_default,Epsilon_Greedy,epsilon=0.3,579,70.09410735139636,4.825926122422181,65.26818122897419,74.92003347381853,5
scale_default,Epsilon_Greedy,epsilon=0.3,580,70.19037042637272,4.835051919344277,65.35531850702844,75.025422345717,5
scale_default,Epsilon_Greedy,epsilon=0.3,581,70.3908215258767,4.801353917822853,65.58946760805385,75.19217544369955,5
scale_default,Epsilon_Greedy,epsilon=0.3,582,70.49391810557816,4.829526654747345,65.66439145083082,75.3234447603255,5
scale_default,Epsilon_Greedy,epsilon=0.3,583,70.64935062608967,4.802191541746061,65.84715908434362,75.45154216783573,5
scale_default,Epsilon_Greedy,epsilon=0.3,584,70.93091423322103,4.8298040037963075,66.10111022942472,75.76071823701734,5
scale_default,Epsilon_Greedy,epsilon=0.3,585,71.0093610331077,4.884676404971186,66.1246846281365,75.89403743807888,5
scale_default,Epsilon_Greedy,epsilon=0.3,586,71.19789257977143,4.907083531368251,66.29080904840319,76.10497611113968,5
scale_default,Epsilon_Greedy,epsilon=0.3,587,71.30192302313196,4.857685826885911,66.44423719624605,76.15960885001788,5
scale_default,Epsilon_Greedy,epsilon=0.3,588,71.4703806411476,4.85003226556454,66.62034837558306,76.32041290671214,5
scale_default,Epsilon_Greedy,epsilon=0.3,589,71.64949731828544,4.867725622104371,66.78177169618107,76.51722294038981,5
scale_default,Epsilon_Greedy,epsilon=0.3,590,71.87560057016924,4.862345294012386,67.01325527615685,76.73794586418163,5
scale_default,Epsilon_Greedy,epsilon=0.3,591,72.08093738984046,4.888855137416574,67.19208225242389,76.96979252725703,5
scale_default,Epsilon_Greedy,epsilon=0.3,592,72.28777115860794,4.905243355920917,67.38252780268702,77.19301451452885,5
scale_default,Epsilon_Greedy,epsilon=0.3,593,72.4569659780318,5.003941874388764,67.45302410364305,77.46090785242056,5
scale_default,Epsilon_Greedy,epsilon=0.3,594,72.58951661725833,4.962922185457199,67.62659443180112,77.55243880271553,5
scale_default,Epsilon_Greedy,epsilon=0.3,595,72.71807223948899,5.015884650467512,67.70218758902148,77.7339568899565,5
scale_default,Epsilon_Greedy,epsilon=0.3,596,72.86670689612922,4.994859279288773,67.87184761684044,77.86156617541799,5
scale_default,Epsilon_Greedy,epsilon=0.3,597,73.2106192969643,4.867223404676832,68.34339589228746,78.07784270164113,5
scale_default,Epsilon_Greedy,epsilon=0.3,598,73.31655458448923,4.88715134585092,68.4294032386383,78.20370593034015,5
scale_default,Epsilon_Greedy,epsilon=0.3,599,73.46222448731012,4.856438643059987,68.60578584425014,78.31866313037011,5
scale_default,Epsilon_Greedy,epsilon=0.35,0,0.1366921610949933,0.021358123934115472,0.11533403716087783,0.15805028502910878,5
scale_default,Epsilon_Greedy,epsilon=0.35,1,0.26493062497358244,0.011054407527502171,0.25387621744608024,0.27598503250108464,5
scale_default,Epsilon_Greedy,epsilon=0.35,2,0.37142840875276245,0.09524377169760846,0.276184637055154,0.4666721804503709,5
scale_default,Epsilon_Greedy,epsilon=0.35,3,0.4320924783853637,0.1164026724774876,0.3156898059078761,0.5484951508628513,5
scale_default,Epsilon_Greedy,epsilon=0.35,4,0.47598866700510134,0.17170293255144212,0.30428573445365925,0.6476915995565434,5
scale_default,Epsilon_Greedy,epsilon=0.35,5,0.5353008904926595,0.20997223163984896,0.32532865885281054,0.7452731221325084,5
scale_default,Epsilon_Greedy,epsilon=0.35,6,0.5654592589849262,0.2532247457973185,0.3122345131876077,0.8186840047822448,5
scale_default,Epsilon_Greedy,epsilon=0.35,7,0.5763964771235254,0.2596544916304902,0.31674198549303517,0.8360509687540156,5
scale_default,Epsilon_Greedy,epsilon=0.35,8,0.5899241604540043,0.2578718638600996,0.3320522965939047,0.8477960243141038,5
scale_default,Epsilon_Greedy,epsilon=0.35,9,0.602448283017725,0.25259001252067764,0.3498582704970474,0.8550382955384026,5
scale_default,Epsilon_Greedy,epsilon=0.35,10,0.610913951259765,0.25177667267146514,0.35913727858829986,0.8626906239312302,5
scale_default,Epsilon_Greedy,epsilon=0.35,11,0.6565378096850674,0.30269379681294456,0.3538440128721228,0.959231606498012,5
scale_default,Epsilon_Greedy,epsilon=0.35,12,0.6703092036488772,0.3071661800966283,0.3631430235522489,0.9774753837455056,5
scale_default,Epsilon_Greedy,epsilon=0.35,13,0.6919045769721961,0.3167239751156826,0.3751806018565135,1.0086285520878788,5
scale_default,Epsilon_Greedy,epsilon=0.35,14,0.7012107295707339,0.3149714181733105,0.38623931139742346,1.0161821477440445,5
scale_default,Epsilon_Greedy,epsilon=0.35,15,0.7232670485608109,0.30289869170358985,0.42036835685722107,1.0261657402644007,5
scale_default,Epsilon_Greedy,epsilon=0.35,16,0.7379599022927142,0.29660223931218155,0.4413576629805327,1.0345621416048958,5
scale_default,Epsilon_Greedy,epsilon=0.35,17,0.7542208696931152,0.2901628636831056,0.46405800601000957,1.044383733376221,5
scale_default,Epsilon_Greedy,epsilon=0.35,18,0.7743529337404007,0.3005772143803175,0.4737757193600832,1.074930148120718,5
scale_default,Epsilon_Greedy,epsilon=0.35,19,0.8062722882238631,0.2736716426094291,0.532600645614434,1.0799439308332923,5
scale_default,Epsilon_Greedy,epsilon=0.35,20,0.8240770681547914,0.271155452550095,0.5529216156046964,1.0952325207048865,5
scale_default,Epsilon_Greedy,epsilon=0.35,21,0.880367431570227,0.24364669433299924,0.6367207372372278,1.1240141259032264,5
scale_default,Epsilon_Greedy,epsilon=0.35,22,0.8938977676352688,0.2458647033354777,0.6480330642997911,1.1397624709707466,5
scale_default,Epsilon_Greedy,epsilon=0.35,23,0.9300627825904961,0.24162055133979343,0.6884422312507027,1.1716833339302895,5
scale_default,Epsilon_Greedy,epsilon=0.35,24,0.9379895657798943,0.2467909717765588,0.6911985940033356,1.184780537556453,5
scale_default,Epsilon_Greedy,epsilon=0.35,25,0.9544448732960596,0.25990226049345955,0.6945426128026001,1.214347133789519,5
scale_default,Epsilon_Greedy,epsilon=0.35,26,0.963598465320825,0.2622646838172203,0.7013337815036047,1.2258631491380454,5
scale_default,Epsilon_Greedy,epsilon=0.35,27,0.9871324028113637,0.2579347379837449,0.7291976648276188,1.2450671407951086,5
scale_default,Epsilon_Greedy,epsilon=0.35,28,1.0194955437470115,0.26343778455233974,0.7560577591946718,1.2829333282993511,5
scale_default,Epsilon_Greedy,epsilon=0.35,29,1.0531583327857992,0.28117501097070696,0.7719833218150922,1.3343333437565061,5
scale_default,Epsilon_Greedy,epsilon=0.35,30,1.0639856866795498,0.28188617184421977,0.78209951483533,1.3458718585237697,5
scale_default,Epsilon_Greedy,epsilon=0.35,31,1.0769316264518252,0.2968344681559621,0.7800971582958631,1.3737660946077872,5
scale_default,Epsilon_Greedy,epsilon=0.35,32,1.0894634592504318,0.3015380289536161,0.7879254302968157,1.3910014882040478,5
scale_default,Epsilon_Greedy,epsilon=0.35,33,1.1137071191917562,0.33359450895772796,0.7801126102340283,1.4473016281494842,5
scale_default,Epsilon_Greedy,epsilon=0.35,34,1.1375430966632212,0.3467168753921478,0.7908262212710734,1.4842599720553689,5
scale_default,Epsilon_Greedy,epsilon=0.35,35,1.1595249253584587,0.33353637947323284,0.8259885458852259,1.4930613048316916,5
scale_default,Epsilon_Greedy,epsilon=0.35,36,1.1926810386792628,0.29635127386488447,0.8963297648143783,1.4890323125441474,5
scale_default,Epsilon_Greedy,epsilon=0.35,37,1.2233377956667586,0.30115757637107887,0.9221802192956797,1.5244953720378374,5
scale_default,Epsilon_Greedy,epsilon=0.35,38,1.2477949811098152,0.33548910466575327,0.9123058764440619,1.5832840857755686,5
scale_default,Epsilon_Greedy,epsilon=0.35,39,1.2571353497765554,0.33438221199800416,0.9227531377785512,1.5915175617745596,5
scale_default,Epsilon_Greedy,epsilon=0.35,40,1.2770345857911742,0.35283294356342376,0.9242016422277505,1.6298675293545979,5
scale_default,Epsilon_Greedy,epsilon=0.35,41,1.294097843733538,0.36445836284456307,0.929639480888975,1.658556206578101,5
scale_default,Epsilon_Greedy,epsilon=0.35,42,1.3107896920343998,0.38486680756879976,0.9259228844656,1.6956564996031995,5
scale_default,Epsilon_Greedy,epsilon=0.35,43,1.3604703787877757,0.36154758713917035,0.9989227916486053,1.7220179659269461,5
scale_default,Epsilon_Greedy,epsilon=0.35,44,1.3695491823991177,0.3649298329055787,1.004619349493539,1.7344790153046965,5
scale_default,Epsilon_Greedy,epsilon=0.35,45,1.3747559902833215,0.36735561778369824,1.0074003724996232,1.7421116080670198,5
scale_default,Epsilon_Greedy,epsilon=0.35,46,1.3899201775628836,0.38221628418848236,1.0077038933744011,1.772136461751366,5
scale_default,Epsilon_Greedy,epsilon=0.35,47,1.397042236416374,0.38469837292472614,1.0123438634916477,1.7817406093411001,5
scale_default,Epsilon_Greedy,epsilon=0.35,48,1.4298739821058644,0.40810099052972687,1.0217729915761375,1.8379749726355912,5
scale_default,Epsilon_Greedy,epsilon=0.35,49,1.4548734418757152,0.42013702287723537,1.0347364189984798,1.8750104647529506,5
scale_default,Epsilon_Greedy,epsilon=0.35,50,1.4672198826384533,0.42669031079234565,1.0405295718461076,1.893910193430799,5
scale_default,Epsilon_Greedy,epsilon=0.35,51,1.487050189788031,0.43297983514152555,1.0540703546465056,1.9200300249295565,5
scale_default,Epsilon_Greedy,epsilon=0.35,52,1.5029233218484395,0.4407718794744363,1.0621514423740033,1.9436952013228757,5
scale_default,Epsilon_Greedy,epsilon=0.35,53,1.5231251799177807,0.4524165503342967,1.070708629583484,1.9755417302520775,5
scale_default,Epsilon_Greedy,epsilon=0.35,54,1.5383859788762675,0.4426684486256075,1.0957175302506599,1.981054427501875,5
scale_default,Epsilon_Greedy,epsilon=0.35,55,1.555255549547398,0.4413568833461668,1.1138986662012313,1.9966124328935648,5
scale_default,Epsilon_Greedy,epsilon=0.35,56,1.5595034365249625,0.4389636013444986,1.1205398351804639,1.9984670378694611,5
scale_default,Epsilon_Greedy,epsilon=0.35,57,1.5648411903170376,0.43528800877489215,1.1295531815421453,2.00012919909193,5
scale_default,Epsilon_Greedy,epsilon=0.35,58,1.57511491478042,0.4259774268638494,1.1491374879165706,2.001092341644269,5
scale_default,Epsilon_Greedy,epsilon=0.35,59,1.5989055485096308,0.40720128091387475,1.191704267595756,2.006106829423506,5
scale_default,Epsilon_Greedy,epsilon=0.35,60,1.6309180860478367,0.3989800358263088,1.2319380502215278,2.0298981218741456,5
scale_default,Epsilon_Greedy,epsilon=0.35,61,1.6368979517535223,0.4052413704363666,1.2316565813171556,2.0421393221898887,5
scale_default,Epsilon_Greedy,epsilon=0.35,62,1.6461009670813804,0.4094360989869659,1.2366648680944146,2.0555370660683465,5
scale_default,Epsilon_Greedy,epsilon=0.35,63,1.655697279927559,0.40637472908199457,1.2493225508455645,2.0620720090095537,5
scale_default,Epsilon_Greedy,epsilon=0.35,64,1.6643803169756475,0.4163292573840328,1.2480510595916146,2.0807095743596804,5
scale_default,Epsilon_Greedy,epsilon=0.35,65,1.667791159020026,0.41416021706769673,1.2536309419523293,2.081951376087723,5
scale_default,Epsilon_Greedy,epsilon=0.35,66,1.6719634920470423,0.4121266454193477,1.2598368466276946,2.08409013746639,5
scale_default,Epsilon_Greedy,epsilon=0.35,67,1.6977187255704798,0.43347724012196887,1.264241485448511,2.1311959656924486,5
scale_default,Epsilon_Greedy,epsilon=0.35,68,1.698958118005838,0.4331083228263363,1.2658497951795016,2.1320664408321743,5
scale_default,Epsilon_Greedy,epsilon=0.35,69,1.7055134705872583,0.4277376133073609,1.2777758572798974,2.1332510838946193,5
scale_default,Epsilon_Greedy,epsilon=0.35,70,1.7296001828310543,0.411820386923755,1.3177797959072994,2.141420569754809,5
scale_default,Epsilon_Greedy,epsilon=0.35,71,1.739963402071488,0.4051447678507328,1.3348186342207553,2.1451081699222208,5
scale_default,Epsilon_Greedy,epsilon=0.35,72,1.7545331743524373,0.4166652808353514,1.3378678935170858,2.1711984551877888,5
scale_default,Epsilon_Greedy,epsilon=0.35,73,1.7656572396501844,0.42126692879969174,1.3443903108504927,2.186924168449876,5
scale_default,Epsilon_Greedy,epsilon=0.35,74,1.780731799262347,0.42666274795505865,1.3540690513072884,2.2073945472174055,5
scale_default,Epsilon_Greedy,epsilon=0.35,75,1.7914603351311382,0.4273746839021093,1.364085651229029,2.2188350190332473,5
scale_default,Epsilon_Greedy,epsilon=0.35,76,1.798193050222204,0.4251403394377849,1.3730527107844193,2.223333389659989,5
scale_default,Epsilon_Greedy,epsilon=0.35,77,1.809800758682318,0.4254549583400853,1.3843458003422326,2.235255717022403,5
scale_default,Epsilon_Greedy,epsilon=0.35,78,1.8267747248945525,0.43648987092022484,1.3902848539743276,2.2632645958147775,5
scale_default,Epsilon_Greedy,epsilon=0.35,79,1.8582171956030726,0.43649756957258934,1.4217196260304834,2.294714765175662,5
scale_default,Epsilon_Greedy,epsilon=0.35,80,1.908946549490261,0.4747931858036697,1.4341533636865913,2.383739735293931,5
scale_default,Epsilon_Greedy,epsilon=0.35,81,1.9151369780979592,0.48011779012381317,1.435019187974146,2.3952547682217724,5
scale_default,Epsilon_Greedy,epsilon=0.35,82,1.9330230852096584,0.4796028416495043,1.4534202435601542,2.4126259268591626,5
scale_default,Epsilon_Greedy,epsilon=0.35,83,1.948616148419179,0.47356897563484024,1.4750471727843388,2.4221851240540193,5
scale_default,Epsilon_Greedy,epsilon=0.35,84,1.960674606067607,0.46594768290421257,1.4947269231633944,2.4266222889718194,5
scale_default,Epsilon_Greedy,epsilon=0.35,85,1.9689294948081453,0.46296215469181135,1.5059673401163338,2.4318916494999567,5
scale_default,Epsilon_Greedy,epsilon=0.35,86,1.9939832957394923,0.46957091956196834,1.524412376177524,2.4635542153014605,5
scale_default,Epsilon_Greedy,epsilon=0.35,87,2.028561862894725,0.4846374152628884,1.5439244476318366,2.513199278157613,5
scale_default,Epsilon_Greedy,epsilon=0.35,88,2.0431412253011416,0.47906567223084184,1.5640755530702997,2.5222068975319836,5
scale_default,Epsilon_Greedy,epsilon=0.35,89,2.053179426210672,0.4761331721215773,1.5770462540890948,2.5293125983322495,5
scale_default,Epsilon_Greedy,epsilon=0.35,90,2.0967239232460835,0.44253149680224324,1.6541924264438403,2.5392554200483266,5
scale_default,Epsilon_Greedy,epsilon=0.35,91,2.1006038300689096,0.44323485920979044,1.6573689708591193,2.5438386892787,5
scale_default,Epsilon_Greedy,epsilon=0.35,92,2.118598067374683,0.4365255889668053,1.6820724784078778,2.5551236563414883,5
scale_default,Epsilon_Greedy,epsilon=0.35,93,2.128370651024196,0.43673656157295376,1.6916340894512425,2.56510721259715,5
scale_default,Epsilon_Greedy,epsilon=0.35,94,2.136745714944761,0.43856860407026066,1.6981771108745005,2.5753143190150216,5
scale_default,Epsilon_Greedy,epsilon=0.35,95,2.1490818236879514,0.437507351954911,1.7115744717330403,2.5865891756428625,5
scale_default,Epsilon_Greedy,epsilon=0.35,96,2.1549990231693448,0.43334124567037785,1.721657777498967,2.5883402688397226,5
scale_default,Epsilon_Greedy,epsilon=0.35,97,2.164243374238153,0.432362665747353,1.7318807084908,2.596606039985506,5
scale_default,Epsilon_Greedy,epsilon=0.35,98,2.1702126455263815,0.4326662705589024,1.737546374967479,2.6028789160852837,5
scale_default,Epsilon_Greedy,epsilon=0.35,99,2.2135625589037184,0.42521613458413837,1.7883464243195801,2.6387786934878568,5
scale_default,Epsilon_Greedy,epsilon=0.35,100,2.23425258558599,0.42255985121825,1.81169273436774,2.6568124368042403,5
scale_default,Epsilon_Greedy,epsilon=0.35,101,2.2591750513268107,0.4319319624668606,1.8272430888599502,2.6911070137936712,5
scale_default,Epsilon_Greedy,epsilon=0.35,102,2.285716320265368,0.44168130089921936,1.8440350193661486,2.727397621164587,5
scale_default,Epsilon_Greedy,epsilon=0.35,103,2.294328342828907,0.43728992947750034,1.8570384133514068,2.7316182723064077,5
scale_default,Epsilon_Greedy,epsilon=0.35,104,2.3195072286150333,0.43169331405991457,1.8878139145551187,2.751200542674948,5
scale_default,Epsilon_Greedy,epsilon=0.35,105,2.3418965766004542,0.40870290243740326,1.9331936741630509,2.7505994790378576,5
scale_default,Epsilon_Greedy,epsilon=0.35,106,2.3491171517863245,0.3984385965054643,1.9506785552808603,2.7475557482917887,5
scale_default,Epsilon_Greedy,epsilon=0.35,107,2.365929852606029,0.40581693759398535,1.9601129150120435,2.771746790200014,5
scale_default,Epsilon_Greedy,epsilon=0.35,108,2.3929052197651948,0.41259500474692473,1.98031021501827,2.8055002245121194,5
scale_default,Epsilon_Greedy,epsilon=0.35,109,2.4172195099804568,0.4288829883048578,1.988336521675599,2.8461024982853145,5
scale_default,Epsilon_Greedy,epsilon=0.35,110,2.4289270468261543,0.4354873532508495,1.993439693575305,2.864414400077004,5
scale_default,Epsilon_Greedy,epsilon=0.35,111,2.4440560510935603,0.4328316319730119,2.0112244191205484,2.876887683066572,5
scale_default,Epsilon_Greedy,epsilon=0.35,112,2.4502744788792645,0.4336130031795195,2.016661475699745,2.883887482058784,5
scale_default,Epsilon_Greedy,epsilon=0.35,113,2.4953313740766783,0.4635620529621324,2.031769321114546,2.9588934270388108,5
scale_default,Epsilon_Greedy,epsilon=0.35,114,2.5077884580292213,0.4512475812479811,2.05654087678124,2.9590360392772026,5
scale_default,Epsilon_Greedy,epsilon=0.35,115,2.5201361692089836,0.45299654305767567,2.0671396261513078,2.9731327122666595,5
scale_default,Epsilon_Greedy,epsilon=0.35,116,2.5248261645893755,0.45338135848542777,2.0714448061039477,2.9782075230748033,5
scale_default,Epsilon_Greedy,epsilon=0.35,117,2.53438063374303,0.4586963374666063,2.0756842962764237,2.9930769712096366,5
scale_default,Epsilon_Greedy,epsilon=0.35,118,2.565751111402649,0.47279823596816106,2.092952875434488,3.03854934737081,5
scale_default,Epsilon_Greedy,epsilon=0.35,119,2.5692014144365016,0.46824919314485625,2.1009522212916454,3.037450607581358,5
scale_default,Epsilon_Greedy,epsilon=0.35,120,2.5786363256188367,0.4587182339206804,2.1199180916981564,3.037354559539517,5
scale_default,Epsilon_Greedy,epsilon=0.35,121,2.604895839808022,0.4446401154144626,2.1602557243935596,3.0495359552224848,5
scale_default,Epsilon_Greedy,epsilon=0.35,122,2.610501934546575,0.4382906294525987,2.172211305093976,3.0487925639991738,5
scale_default,Epsilon_Greedy,epsilon=0.35,123,2.6266704606884637,0.4287503498631024,2.197920110825361,3.055420810551566,5
scale_default,Epsilon_Greedy,epsilon=0.35,124,2.630881042848202,0.4331742998944059,2.197706742953796,3.064055342742608,5
scale_default,Epsilon_Greedy,epsilon=0.35,125,2.6450123157108747,0.44040923834640167,2.204603077364473,3.0854215540572762,5
scale_default,Epsilon_Greedy,epsilon=0.35,126,2.670197069571669,0.4526598482747811,2.2175372212968876,3.12285691784645,5
scale_default,Epsilon_Greedy,epsilon=0.35,127,2.6832828023767186,0.4558545454450957,2.227428256931623,3.1391373478218143,5
scale_default,Epsilon_Greedy,epsilon=0.35,128,2.6859301017574095,0.45790934332536515,2.228020758432044,3.143839445082775,5
scale_default,Epsilon_Greedy,epsilon=0.35,129,2.6944943961937837,0.46747945059754753,2.227014945596236,3.1619738467913314,5
scale_default,Epsilon_Greedy,epsilon=0.35,130,2.706880701178537,0.46741175351359676,2.2394689476649403,3.1742924546921336,5
scale_default,Epsilon_Greedy,epsilon=0.35,131,2.722497824886344,0.46244537075111913,2.2600524541352245,3.184943195637463,5
scale_default,Epsilon_Greedy,epsilon=0.35,132,2.7335512415243834,0.4712827684372503,2.262268473087133,3.2048340099616337,5
scale_default,Epsilon_Greedy,epsilon=0.35,133,2.739693688200693,0.47419498384487113,2.2654987043558217,3.213888672045564,5
scale_default,Epsilon_Greedy,epsilon=0.35,134,2.7537834303366213,0.48203785388497744,2.271745576451644,3.2358212842215988,5
scale_default,Epsilon_Greedy,epsilon=0.35,135,2.7623481083666683,0.4792297274962193,2.283118380870449,3.2415778358628877,5
scale_default,Epsilon_Greedy,epsilon=0.35,136,2.782574860940487,0.4955694111601585,2.2870054497803283,3.2781442721006453,5
scale_default,Epsilon_Greedy,epsilon=0.35,137,2.7952842459699974,0.5061409745158102,2.2891432714541873,3.3014252204858074,5
scale_default,Epsilon_Greedy,epsilon=0.35,138,2.8158002394929333,0.4983790857556418,2.3174211537372917,3.314179325248575,5
scale_default,Epsilon_Greedy,epsilon=0.35,139,2.8266034137829434,0.49252912651057174,2.334074287272372,3.319132540293515,5
scale_default,Epsilon_Greedy,epsilon=0.35,140,2.83487135867422,0.49428940539398564,2.340581953280234,3.3291607640682055,5
scale_default,Epsilon_Greedy,epsilon=0.35,141,2.881982675569052,0.5390908319684771,2.342891843600575,3.421073507537529,5
scale_default,Epsilon_Greedy,epsilon=0.35,142,2.8878202216063604,0.5420253793229859,2.3457948422833743,3.4298456009293465,5
scale_default,Epsilon_Greedy,epsilon=0.35,143,2.8923172355995432,0.5441955744907979,2.3481216611087454,3.436512810090341,5
scale_default,Epsilon_Greedy,epsilon=0.35,144,2.910603183858825,0.538845354882454,2.371757828976371,3.449448538741279,5
scale_default,Epsilon_Greedy,epsilon=0.35,145,2.916549695362108,0.5356800936144862,2.380869601747622,3.4522297889765943,5
scale_default,Epsilon_Greedy,epsilon=0.35,146,2.924527195267167,0.532633770729894,2.3918934245372734,3.457160965997061,5
scale_default,Epsilon_Greedy,epsilon=0.35,147,2.9385212758213415,0.5295180690820772,2.409003206739264,3.468039344903419,5
scale_default,Epsilon_Greedy,epsilon=0.35,148,2.9562985701668514,0.5221707331500874,2.434127837016764,3.4784693033169387,5
scale_default,Epsilon_Greedy,epsilon=0.35,149,2.968743676137911,0.5232033840665236,2.4455402920713873,3.4919470602044345,5
scale_default,Epsilon_Greedy,epsilon=0.35,150,2.9901280655227707,0.5307235396390205,2.45940452588375,3.5208516051617913,5
scale_default,Epsilon_Greedy,epsilon=0.35,151,3.015316623711219,0.5251433364010522,2.4901732873101667,3.5404599601122713,5
scale_default,Epsilon_Greedy,epsilon=0.35,152,3.039622795282207,0.5476832743984862,2.4919395208837205,3.587306069680693,5
scale_default,Epsilon_Greedy,epsilon=0.35,153,3.0577766578117607,0.5389693518278892,2.5188073059838714,3.59674600963965,5
scale_default,Epsilon_Greedy,epsilon=0.35,154,3.0738498292361434,0.5369526747376361,2.536897154498507,3.6108025039737797,5
scale_default,Epsilon_Greedy,epsilon=0.35,155,3.0785508784892017,0.5341374687022388,2.544413409786963,3.6126883471914404,5
scale_default,Epsilon_Greedy,epsilon=0.35,156,3.0847745663348363,0.5277842664157533,2.556990299919083,3.6125588327505893,5
scale_default,Epsilon_Greedy,epsilon=0.35,157,3.095780841412343,0.5237651304935649,2.572015710918778,3.6195459719059078,5
scale_default,Epsilon_Greedy,epsilon=0.35,158,3.1174026075558148,0.5353093676119663,2.5820932399438483,3.6527119751677812,5
scale_default,Epsilon_Greedy,epsilon=0.35,159,3.1249635481852467,0.5337082139484715,2.5912553342367755,3.658671762133718,5
scale_default,Epsilon_Greedy,epsilon=0.35,160,3.132111295892547,0.5288072243764634,2.6033040715160833,3.6609185202690107,5
scale_default,Epsilon_Greedy,epsilon=0.35,161,3.1368637898809433,0.5281611317454266,2.608702658135517,3.6650249216263697,5
scale_default,Epsilon_Greedy,epsilon=0.35,162,3.142532214454932,0.5273312031552885,2.6152010112996438,3.6698634176102205,5
scale_default,Epsilon_Greedy,epsilon=0.35,163,3.1502868466021683,0.5285443781757255,2.6217424684264428,3.678831224777894,5
scale_default,Epsilon_Greedy,epsilon=0.35,164,3.153086154569534,0.5296768370673145,2.6234093175022197,3.6827629916368485,5
scale_default,Epsilon_Greedy,epsilon=0.35,165,3.1729443910262676,0.5180995609821732,2.6548448300440946,3.6910439520084406,5
scale_default,Epsilon_Greedy,epsilon=0.35,166,3.216274563848566,0.50710877765488,2.7091657861936858,3.723383341503446,5
scale_default,Epsilon_Greedy,epsilon=0.35,167,3.2216616733068206,0.5055859332208064,2.7160757400860143,3.727247606527627,5
scale_default,Epsilon_Greedy,epsilon=0.35,168,3.229855100387367,0.5039540458383358,2.7259010545490314,3.7338091462257026,5
scale_default,Epsilon_Greedy,epsilon=0.35,169,3.2460684346640223,0.5093352627718735,2.7367331718921486,3.755403697435896,5
scale_default,Epsilon_Greedy,epsilon=0.35,170,3.2567765480639905,0.5101740566476819,2.7466024914163087,3.7669506047116723,5
scale_default,Epsilon_Greedy,epsilon=0.35,171,3.266029659282716,0.5039137128020157,2.7621159464807006,3.7699433720847315,5
scale_default,Epsilon_Greedy,epsilon=0.35,172,3.305725375093605,0.5056407981996299,2.800084576893975,3.811366173293235,5
scale_default,Epsilon_Greedy,epsilon=0.35,173,3.336529737006667,0.4694606584174462,2.8670690785892208,3.805990395424113,5
scale_default,Epsilon_Greedy,epsilon=0.35,174,3.363552749267871,0.4436838225913979,2.9198689266764735,3.807236571859269,5
scale_default,Epsilon_Greedy,epsilon=0.35,175,3.3904607596636227,0.47585363205781167,2.914607127605811,3.8663143917214344,5
scale_default,Epsilon_Greedy,epsilon=0.35,176,3.393712847338695,0.46948869973740454,2.9242241476012905,3.8632015470760996,5
scale_default,Epsilon_Greedy,epsilon=0.35,177,3.4031324753750147,0.4746171331404444,2.9285153422345704,3.877749608515459,5
scale_default,Epsilon_Greedy,epsilon=0.35,178,3.424106531675771,0.49443008243931447,2.9296764492364566,3.9185366141150855,5
scale_default,Epsilon_Greedy,epsilon=0.35,179,3.4582007559129893,0.5014948210656661,2.956705934847323,3.9596955769786555,5
scale_default,Epsilon_Greedy,epsilon=0.35,180,3.4703450800408446,0.4919047711444856,2.978440308896359,3.96224985118533,5
scale_default,Epsilon_Greedy,epsilon=0.35,181,3.472210288363127,0.4921064647445851,2.980103823618542,3.9643167531077124,5
scale_default,Epsilon_Greedy,epsilon=0.35,182,3.474055380683138,0.49342798917933056,2.9806273915038073,3.9674833698624683,5
scale_default,Epsilon_Greedy,epsilon=0.35,183,3.4925400249467073,0.4996152526616823,2.992924772285025,3.9921552776083895,5
scale_default,Epsilon_Greedy,epsilon=0.35,184,3.499771801693477,0.504858578492184,2.994913223201293,4.004630380185661,5
scale_default,Epsilon_Greedy,epsilon=0.35,185,3.530610683198353,0.5397921035618634,2.9908185796364894,4.070402786760216,5
scale_default,Epsilon_Greedy,epsilon=0.35,186,3.541622710573088,0.5387473725623708,3.0028753380107176,4.080370083135459,5
scale_default,Epsilon_Greedy,epsilon=0.35,187,3.5461271094376317,0.5405095837728172,3.0056175256648143,4.0866366932104485,5
scale_default,Epsilon_Greedy,epsilon=0.35,188,3.560100927900055,0.5489394822263771,3.011161445673678,4.109040410126432,5
scale_default,Epsilon_Greedy,epsilon=0.35,189,3.568750354351612,0.5479295119402663,3.0208208424113456,4.116679866291879,5
scale_default,Epsilon_Greedy,epsilon=0.35,190,3.574775721250014,0.5411447798841382,3.033630941365876,4.115920501134152,5
scale_default,Epsilon_Greedy,epsilon=0.35,191,3.594325456773234,0.5435706730527362,3.050754783720498,4.13789612982597,5
scale_default,Epsilon_Greedy,epsilon=0.35,192,3.623561028003551,0.5358631284639092,3.087697899539642,4.15942415646746,5
scale_default,Epsilon_Greedy,epsilon=0.35,193,3.6481048934231266,0.5305261477226524,3.117578745700474,4.178631041145779,5
scale_default,Epsilon_Greedy,epsilon=0.35,194,3.6654494503091755,0.5365878132540555,3.12886163705512,4.202037263563231,5
scale_default,Epsilon_Greedy,epsilon=0.35,195,3.6704585232798754,0.5375953569648778,3.1328631663149977,4.208053880244753,5
scale_default,Epsilon_Greedy,epsilon=0.35,196,3.6852863979018777,0.5304636109155425,3.154822786986335,4.2157500088174205,5
scale_default,Epsilon_Greedy,epsilon=0.35,197,3.6938896524577203,0.5325987248473593,3.161290927610361,4.226488377305079,5
scale_default,Epsilon_Greedy,epsilon=0.35,198,3.6975124076226153,0.5327442909982927,3.1647681166243227,4.230256698620908,5
scale_default,Epsilon_Greedy,epsilon=0.35,199,3.7201814070775017,0.5281103398921618,3.19207106718534,4.248291746969663,5
scale_default,Epsilon_Greedy,epsilon=0.35,200,3.877180050431246,0.540041036481403,3.3371390139498427,4.417221086912649,5
scale_default,Epsilon_Greedy,epsilon=0.35,201,3.9793322497163848,0.39587480892216464,3.58345744079422,4.37520705863855,5
scale_default,Epsilon_Greedy,epsilon=0.35,202,4.162408004344651,0.51295632977849,3.649451674566161,4.675364334123141,5
scale_default,Epsilon_Greedy,epsilon=0.35,203,4.26643405775876,0.4520877571417618,3.814346300616998,4.718521814900521,5
scale_default,Epsilon_Greedy,epsilon=0.35,204,4.461978259173186,0.4469404668325735,4.015037792340613,4.908918726005759,5
scale_default,Epsilon_Greedy,epsilon=0.35,205,4.5836917070888905,0.4837566794819818,4.099935027606909,5.067448386570872,5
scale_default,Epsilon_Greedy,epsilon=0.35,206,4.870811373699797,0.460096366014045,4.410715007685752,5.330907739713842,5
scale_default,Epsilon_Greedy,epsilon=0.35,207,5.0027817443928,0.4101080652091544,4.592673679183646,5.412889809601955,5
scale_default,Epsilon_Greedy,epsilon=0.35,208,5.1377811621403735,0.3387827374485701,4.798998424691804,5.476563899588943,5
scale_default,Epsilon_Greedy,epsilon=0.35,209,5.391252188435994,0.39238792524399785,4.9988642631919955,5.783640113679992,5
scale_default,Epsilon_Greedy,epsilon=0.35,210,5.57340616290705,0.3323322930396956,5.241073869867354,5.905738455946746,5
scale_default,Epsilon_Greedy,epsilon=0.35,211,5.7743918944629105,0.23357598838767474,5.5408159060752356,6.007967882850585,5
scale_default,Epsilon_Greedy,epsilon=0.35,212,5.949974656805344,0.218823880188065,5.731150776617279,6.1687985369934095,5
scale_default,Epsilon_Greedy,epsilon=0.35,213,6.176049720155479,0.23640148292161853,5.939648237233861,6.412451203077097,5
scale_default,Epsilon_Greedy,epsilon=0.35,214,6.481762402466083,0.2000555088464468,6.281706893619637,6.68181791131253,5
scale_default,Epsilon_Greedy,epsilon=0.35,215,6.572188496060795,0.2199326203478827,6.352255875712912,6.792121116408677,5
scale_default,Epsilon_Greedy,epsilon=0.35,216,6.800916503521553,0.2925282344671468,6.508388269054406,7.0934447379887,5
scale_default,Epsilon_Greedy,epsilon=0.35,217,7.016274228642013,0.3725891175471597,6.643685111094853,7.388863346189173,5
scale_default,Epsilon_Greedy,epsilon=0.35,218,7.146995874398239,0.4362991445017857,6.710696729896453,7.583295018900024,5
scale_default,Epsilon_Greedy,epsilon=0.35,219,7.409167837035882,0.37955234431064677,7.0296154927252354,7.788720181346529,5
scale_default,Epsilon_Greedy,epsilon=0.35,220,7.56639005385406,0.3736248271417158,7.1927652267123445,7.940014880995776,5
scale_default,Epsilon_Greedy,epsilon=0.35,221,7.653900339422793,0.42182268617778196,7.232077653245011,8.075723025600576,5
scale_default,Epsilon_Greedy,epsilon=0.35,222,7.760142836669459,0.45017646011089335,7.309966376558566,8.210319296780353,5
scale_default,Epsilon_Greedy,epsilon=0.35,223,7.918442186005015,0.5130724232884545,7.4053697627165604,8.431514609293469,5
scale_default,Epsilon_Greedy,epsilon=0.35,224,7.997252987863102,0.5098319775414316,7.48742101032167,8.507084965404534,5
scale_default,Epsilon_Greedy,epsilon=0.35,225,8.284009197719543,0.398065021248851,7.885944176470693,8.682074218968394,5
scale_default,Epsilon_Greedy,epsilon=0.35,226,8.482200307057296,0.3741869591074176,8.108013347949878,8.856387266164713,5
scale_default,Epsilon_Greedy,epsilon=0.35,227,8.646963911516377,0.35735995366903256,8.289603957847344,9.004323865185409,5
scale_default,Epsilon_Greedy,epsilon=0.35,228,8.84872028560025,0.5181924909639791,8.33052779463627,9.366912776564229,5
scale_default,Epsilon_Greedy,epsilon=0.35,229,8.948475733219112,0.47785353242014345,8.470622200798969,9.426329265639255,5
scale_default,Epsilon_Greedy,epsilon=0.35,230,9.181051790930837,0.4937998101095526,8.687251980821285,9.67485160104039,5
scale_default,Epsilon_Greedy,epsilon=0.35,231,9.437250328572622,0.4616156044830308,8.975634724089591,9.898865933055653,5
scale_default,Epsilon_Greedy,epsilon=0.35,232,9.670214187744683,0.49112098913566826,9.179093198609015,10.161335176880351,5
scale_default,Epsilon_Greedy,epsilon=0.35,233,9.9306160778341,0.49583161725395836,9.434784460580142,10.42644769508806,5
scale_default,Epsilon_Greedy,epsilon=0.35,234,10.037558832460132,0.4834362048279803,9.554122627632152,10.520995037288111,5
scale_default,Epsilon_Greedy,epsilon=0.35,235,10.261497212345201,0.4973330162836274,9.764164196061573,10.75883022862883,5
scale_default,Epsilon_Greedy,epsilon=0.35,236,10.347005901815745,0.5578065506339207,9.789199351181825,10.904812452449665,5
scale_default,Epsilon_Greedy,epsilon=0.35,237,10.451263584324707,0.5244321768681716,9.926831407456536,10.975695761192878,5
scale_default,Epsilon_Greedy,epsilon=0.35,238,10.49441756608104,0.5506191196336024,9.943798446447438,11.045036685714642,5
scale_default,Epsilon_Greedy,epsilon=0.35,239,10.639710731030494,0.538030075116335,10.101680655914159,11.17774080614683,5
scale_default,Epsilon_Greedy,epsilon=0.35,240,10.801500229124567,0.5469743607814235,10.254525868343144,11.34847458990599,5
scale_default,Epsilon_Greedy,epsilon=0.35,241,10.868982121647182,0.5604678190296432,10.308514302617539,11.429449940676825,5
scale_default,Epsilon_Greedy,epsilon=0.35,242,10.973323788552051,0.5444118856110652,10.428911902940985,11.517735674163116,5
scale_default,Epsilon_Greedy,epsilon=0.35,243,11.209084307131931,0.44039190612306806,10.768692401008863,11.649476213255,5
scale_default,Epsilon_Greedy,epsilon=0.35,244,11.379192612883632,0.460534309219482,10.918658303664149,11.839726922103115,5
scale_default,Epsilon_Greedy,epsilon=0.35,245,11.460439236378935,0.3925455820504501,11.067893654328484,11.852984818429386,5
scale_default,Epsilon_Greedy,epsilon=0.35,246,11.59353955306106,0.35445323322921746,11.239086319831843,11.947992786290277,5
scale_default,Epsilon_Greedy,epsilon=0.35,247,11.816767087969088,0.32602849054449745,11.490738597424592,12.142795578513585,5
scale_default,Epsilon_Greedy,epsilon=0.35,248,11.97717827605606,0.40996352129815583,11.567214754757904,12.387141797354216,5
scale_default,Epsilon_Greedy,epsilon=0.35,249,12.162319624506491,0.40496237733283996,11.757357247173651,12.567282001839331,5
scale_default,Epsilon_Greedy,epsilon=0.35,250,12.335581803123139,0.3925583905690746,11.943023412554064,12.728140193692214,5
scale_default,Epsilon_Greedy,epsilon=0.35,251,12.47217446839537,0.3482179285035076,12.123956539891863,12.820392396898876,5
scale_default,Epsilon_Greedy,epsilon=0.35,252,12.680646627102414,0.24873243500064354,12.43191419210177,12.929379062103058,5
scale_default,Epsilon_Greedy,epsilon=0.35,253,12.786921459864786,0.20826162776765178,12.578659832097134,12.995183087632437,5
scale_default,Epsilon_Greedy,epsilon=0.35,254,13.028112556166288,0.2573961920695014,12.770716364096787,13.28550874823579,5
scale_default,Epsilon_Greedy,epsilon=0.35,255,13.1263630567754,0.2713899113740882,12.854973145401312,13.397752968149488,5
scale_default,Epsilon_Greedy,epsilon=0.35,256,13.217644398039294,0.2816064587702226,12.936037939269072,13.499250856809516,5
scale_default,Epsilon_Greedy,epsilon=0.35,257,13.415206473629643,0.2260143111276249,13.18919216250202,13.641220784757268,5
scale_default,Epsilon_Greedy,epsilon=0.35,258,13.575789327560647,0.32570709240000223,13.250082235160646,13.90149641996065,5
scale_default,Epsilon_Greedy,epsilon=0.35,259,13.647930922198503,0.38193152795565377,13.265999394242849,14.029862450154157,5
scale_default,Epsilon_Greedy,epsilon=0.35,260,13.830801640211215,0.38749795079351157,13.443303689417704,14.218299591004726,5
scale_default,Epsilon_Greedy,epsilon=0.35,261,14.038973487558948,0.3311946483194713,13.707778839239477,14.37016813587842,5
scale_default,Epsilon_Greedy,epsilon=0.35,262,14.120246753251497,0.3662747042152403,13.753972049036257,14.486521457466736,5
scale_default,Epsilon_Greedy,epsilon=0.35,263,14.270514029517233,0.41912400972657343,13.85139001979066,14.689638039243807,5
scale_default,Epsilon_Greedy,epsilon=0.35,264,14.450760350601772,0.4603312596570398,13.990429090944733,14.911091610258811,5
scale_default,Epsilon_Greedy,epsilon=0.35,265,14.639363333487713,0.541311258577006,14.098052074910708,15.180674592064719,5
scale_default,Epsilon_Greedy,epsilon=0.35,266,14.790464080517989,0.5107324688629777,14.279731611655011,15.301196549380967,5
scale_default,Epsilon_Greedy,epsilon=0.35,267,14.92524059487307,0.517457455103958,14.407783139769112,15.442698049977029,5
scale_default,Epsilon_Greedy,epsilon=0.35,268,15.108408401040927,0.5030883989288176,14.60532000211211,15.611496799969744,5
scale_default,Epsilon_Greedy,epsilon=0.35,269,15.369459745683827,0.5765458612425407,14.792913884441287,15.946005606926366,5
scale_default,Epsilon_Greedy,epsilon=0.35,270,15.563665413310838,0.5929952222680718,14.970670191042766,16.15666063557891,5
scale_default,Epsilon_Greedy,epsilon=0.35,271,15.727430855507055,0.6563989506570481,15.071031904850008,16.383829806164105,5
scale_default,Epsilon_Greedy,epsilon=0.35,272,16.025907759616075,0.5890491454183505,15.436858614197725,16.614956905034425,5
scale_default,Epsilon_Greedy,epsilon=0.35,273,16.263830439371247,0.6986850171463592,15.565145422224887,16.962515456517608,5
scale_default,Epsilon_Greedy,epsilon=0.35,274,16.48657312233275,0.6622258451706398,15.82434727716211,17.14879896750339,5
scale_default,Epsilon_Greedy,epsilon=0.35,275,16.821170699895497,0.6419619910320715,16.179208708863424,17.46313269092757,5
scale_default,Epsilon_Greedy,epsilon=0.35,276,16.910158217954937,0.6683117981431869,16.24184641981175,17.578470016098123,5
scale_default,Epsilon_Greedy,epsilon=0.35,277,17.06195149415904,0.6964519074690145,16.365499586690024,17.758403401628055,5
scale_default,Epsilon_Greedy,epsilon=0.35,278,17.10893576976813,0.7208284680331379,16.388107301734994,17.829764237801268,5
scale_default,Epsilon_Greedy,epsilon=0.35,279,17.32615237977415,0.6949058712786663,16.631246508495483,18.021058251052818,5
scale_default,Epsilon_Greedy,epsilon=0.35,280,17.54948293160066,0.6818757251460656,16.867607206454593,18.23135865674673,5
scale_default,Epsilon_Greedy,epsilon=0.35,281,17.812396568985665,0.7454629569665462,17.06693361201912,18.55785952595221,5
scale_default,Epsilon_Greedy,epsilon=0.35,282,18.027522357780462,0.571360551860253,17.45616180592021,18.598882909640714,5
scale_default,Epsilon_Greedy,epsilon=0.35,283,18.201869783126426,0.4726285241705069,17.72924125895592,18.674498307296933,5
scale_default,Epsilon_Greedy,epsilon=0.35,284,18.420176349589088,0.4504724540708205,17.96970389551827,18.870648803659908,5
scale_default,Epsilon_Greedy,epsilon=0.35,285,18.543014943910784,0.43062993210650813,18.112385011804275,18.973644876017293,5
scale_default,Epsilon_Greedy,epsilon=0.35,286,18.75599646123837,0.4448866377640982,18.311109823474272,19.20088309900247,5
scale_default,Epsilon_Greedy,epsilon=0.35,287,18.942185646309987,0.4633263454923125,18.478859300817675,19.4055119918023,5
scale_default,Epsilon_Greedy,epsilon=0.35,288,19.11415658794606,0.31414321315189814,18.800013374794162,19.428299801097957,5
scale_default,Epsilon_Greedy,epsilon=0.35,289,19.204895302267808,0.30841977870555704,18.896475523562252,19.513315080973364,5
scale_default,Epsilon_Greedy,epsilon=0.35,290,19.381032145129694,0.4244509465466434,18.956581198583052,19.805483091676336,5
scale_default,Epsilon_Greedy,epsilon=0.35,291,19.49465596619422,0.4092231601351656,19.085432806059053,19.903879126329386,5
scale_default,Epsilon_Greedy,epsilon=0.35,292,19.65989986557226,0.31865280016174946,19.34124706541051,19.97855266573401,5
scale_default,Epsilon_Greedy,epsilon=0.35,293,19.776507313840597,0.2640562966594188,19.512451017181178,20.040563610500016,5
scale_default,Epsilon_Greedy,epsilon=0.35,294,20.089341449778267,0.4822872429875315,19.607054206790735,20.5716286927658,5
scale_default,Epsilon_Greedy,epsilon=0.35,295,20.179761114123284,0.5544283546065208,19.625332759516763,20.734189468729806,5
scale_default,Epsilon_Greedy,epsilon=0.35,296,20.334385898514295,0.6654413084773291,19.668944590036965,20.999827206991625,5
scale_default,Epsilon_Greedy,epsilon=0.35,297,20.455857466389737,0.6359881301338002,19.819869336255937,21.091845596523537,5
scale_default,Epsilon_Greedy,epsilon=0.35,298,20.610388308848048,0.8159278074825579,19.79446050136549,21.426316116330607,5
scale_default,Epsilon_Greedy,epsilon=0.35,299,20.82799461555014,0.8610472513561267,19.966947364194013,21.689041866906265,5
scale_default,Epsilon_Greedy,epsilon=0.35,300,21.024758333806055,0.9679938165308059,20.056764517275248,21.992752150336862,5
scale_default,Epsilon_Greedy,epsilon=0.35,301,21.272412355830404,0.9482789343888861,20.32413342144152,22.22069129021929,5
scale_default,Epsilon_Greedy,epsilon=0.35,302,21.45360647631273,0.9122256176999869,20.54138085861274,22.365832094012717,5
scale_default,Epsilon_Greedy,epsilon=0.35,303,21.556325452164188,0.9672964822653709,20.589028969898816,22.52362193442956,5
scale_default,Epsilon_Greedy,epsilon=0.35,304,21.74242862233384,1.042591998826505,20.699836623507334,22.785020621160346,5
scale_default,Epsilon_Greedy,epsilon=0.35,305,21.86411758094527,0.9868253200679783,20.87729226087729,22.850942901013248,5
scale_default,Epsilon_Greedy,epsilon=0.35,306,22.104532351166785,1.0185089410664474,21.08602341010034,23.123041292233232,5
scale_default,Epsilon_Greedy,epsilon=0.35,307,22.230778254709907,1.0711708136509177,21.159607441058988,23.301949068360827,5
scale_default,Epsilon_Greedy,epsilon=0.35,308,22.37397434576381,1.051648780365876,21.322325565397932,23.425623126129686,5
scale_default,Epsilon_Greedy,epsilon=0.35,309,22.492587202006888,0.9697611359516912,21.522826066055195,23.46234833795858,5
scale_default,Epsilon_Greedy,epsilon=0.35,310,22.643446404403495,0.9320893025428002,21.711357101860695,23.575535706946294,5
scale_default,Epsilon_Greedy,epsilon=0.35,311,22.81143299567974,0.9105076053987096,21.90092539028103,23.72194060107845,5
scale_default,Epsilon_Greedy,epsilon=0.35,312,22.957278775765527,0.9863725756544592,21.970906200111067,23.943651351419987,5
scale_default,Epsilon_Greedy,epsilon=0.35,313,23.09675429076863,0.9557469882176622,22.141007302550967,24.05250127898629,5
scale_default,Epsilon_Greedy,epsilon=0.35,314,23.203331813608507,0.9570417807653058,22.246290032843202,24.160373594373812,5
scale_default,Epsilon_Greedy,epsilon=0.35,315,23.322504735528874,1.0142839590795172,22.308220776449357,24.33678869460839,5
scale_default,Epsilon_Greedy,epsilon=0.35,316,23.44759009870329,1.1026022791832082,22.34498781952008,24.5501923778865,5
scale_default,Epsilon_Greedy,epsilon=0.35,317,23.635296494782626,1.0503970653754389,22.584899429407187,24.685693560158064,5
scale_default,Epsilon_Greedy,epsilon=0.35,318,23.826870475833058,1.0363262206597095,22.790544255173348,24.863196696492768,5
scale_default,Epsilon_Greedy,epsilon=0.35,319,23.988625410361752,0.9780314316667162,23.010593978695034,24.96665684202847,5
scale_default,Epsilon_Greedy,epsilon=0.35,320,24.148958513577654,1.0331101369823943,23.11584837659526,25.182068650560048,5
scale_default,Epsilon_Greedy,epsilon=0.35,321,24.392701711129106,0.9110897820536297,23.481611929075477,25.303791493182736,5
scale_default,Epsilon_Greedy,epsilon=0.35,322,24.61967716634555,0.9757875364101165,23.643889629935433,25.595464702755667,5
scale_default,Epsilon_Greedy,epsilon=0.35,323,24.791749620098123,0.9658754644137867,23.825874155684335,25.75762508451191,5
scale_default,Epsilon_Greedy,epsilon=0.35,324,24.953141713264102,1.0105828433941422,23.94255886986996,25.963724556658246,5
scale_default,Epsilon_Greedy,epsilon=0.35,325,25.09481924733414,0.9787431594593093,24.11607608787483,26.07356240679345,5
scale_default,Epsilon_Greedy,epsilon=0.35,326,25.290429268268234,0.9643972081974228,24.326032060070812,26.254826476465656,5
scale_default,Epsilon_Greedy,epsilon=0.35,327,25.493390338836896,1.0469078939698768,24.44648244486702,26.540298232806773,5
scale_default,Epsilon_Greedy,epsilon=0.35,328,25.617324546440233,1.013771903317988,24.603552643122246,26.63109644975822,5
scale_default,Epsilon_Greedy,epsilon=0.35,329,25.883269496153794,0.8858392710539855,24.99743022509981,26.76910876720778,5
scale_default,Epsilon_Greedy,epsilon=0.35,330,25.974711400339505,0.9239111249798431,25.050800275359663,26.898622525319347,5
scale_default,Epsilon_Greedy,epsilon=0.35,331,26.08491546570367,0.9743572039916986,25.110558261711972,27.059272669695368,5
scale_default,Epsilon_Greedy,epsilon=0.35,332,26.22552948867833,0.9922418680456995,25.23328762063263,27.21777135672403,5
scale_default,Epsilon_Greedy,epsilon=0.35,333,26.40975418080128,1.0366246346038324,25.373129546197447,27.44637881540511,5
scale_default,Epsilon_Greedy,epsilon=0.35,334,26.59116229470868,0.9910179968774879,25.600144297831193,27.58218029158617,5
scale_default,Epsilon_Greedy,epsilon=0.35,335,26.780049371619405,1.0169200611645035,25.7631293104549,27.79696943278391,5
scale_default,Epsilon_Greedy,epsilon=0.35,336,26.90955197450925,1.0721659162484753,25.837386058260773,27.981717890757725,5
scale_default,Epsilon_Greedy,epsilon=0.35,337,27.016033122652914,1.0508160963584134,25.9652170262945,28.066849219011328,5
scale_default,Epsilon_Greedy,epsilon=0.35,338,27.076938531674536,1.057616499310364,26.019322032364173,28.1345550309849,5
scale_default,Epsilon_Greedy,epsilon=0.35,339,27.279923278670644,0.9186606456517334,26.36126263301891,28.198583924322378,5
scale_default,Epsilon_Greedy,epsilon=0.35,340,27.47230351295257,1.0790079952017764,26.393295517750794,28.55131150815435,5
scale_default,Epsilon_Greedy,epsilon=0.35,341,27.74149368224932,1.019824779015122,26.7216689032342,28.76131846126444,5
scale_default,Epsilon_Greedy,epsilon=0.35,342,28.003058487474163,0.9847062837408823,27.018352203733283,28.987764771215044,5
scale_default,Epsilon_Greedy,epsilon=0.35,343,28.146166742970514,1.0326911998155168,27.113475543154998,29.17885794278603,5
scale_default,Epsilon_Greedy,epsilon=0.35,344,28.23736955450953,1.0486208705538482,27.188748683955684,29.28599042506338,5
scale_default,Epsilon_Greedy,epsilon=0.35,345,28.40178670565543,1.0341819858522112,27.367604719803218,29.43596869150764,5
scale_default,Epsilon_Greedy,epsilon=0.35,346,28.499962678295553,1.0388491693815896,27.461113508913964,29.53881184767714,5
scale_default,Epsilon_Greedy,epsilon=0.35,347,28.65864283249706,1.1059861957105992,27.55265663678646,29.764629028207658,5
scale_default,Epsilon_Greedy,epsilon=0.35,348,28.849663565963812,1.1070321105977659,27.742631455366045,29.95669567656158,5
scale_default,Epsilon_Greedy,epsilon=0.35,349,29.029669884726314,1.078167831076312,27.951502053650003,30.107837715802624,5
scale_default,Epsilon_Greedy,epsilon=0.35,350,29.12273277832465,1.0747768601662484,28.0479559181584,30.1975096384909,5
scale_default,Epsilon_Greedy,epsilon=0.35,351,29.198616989176394,1.0786762002284727,28.119940788947922,30.277293189404865,5
scale_default,Epsilon_Greedy,epsilon=0.35,352,29.270120409252947,1.100164208498827,28.169956200754118,30.370284617751775,5
scale_default,Epsilon_Greedy,epsilon=0.35,353,29.406741333267576,1.002532666792118,28.40420866647546,30.409274000059693,5
scale_default,Epsilon_Greedy,epsilon=0.35,354,29.616838635490335,1.0428035946993952,28.57403504079094,30.659642230189732,5
scale_default,Epsilon_Greedy,epsilon=0.35,355,29.730640926022147,1.0583413159966053,28.67229961002554,30.788982242018754,5
scale_default,Epsilon_Greedy,epsilon=0.35,356,29.983613518134234,0.9309149838007658,29.05269853433347,30.914528501935,5
scale_default,Epsilon_Greedy,epsilon=0.35,357,30.128542724376267,0.9454134479999271,29.18312927637634,31.073956172376192,5
scale_default,Epsilon_Greedy,epsilon=0.35,358,30.36408609861483,0.9599204852846399,29.40416561333019,31.32400658389947,5
scale_default,Epsilon_Greedy,epsilon=0.35,359,30.468300164233703,0.9897334966985484,29.478566667535155,31.45803366093225,5
scale_default,Epsilon_Greedy,epsilon=0.35,360,30.781994456048,1.0125139274823778,29.769480528565623,31.794508383530378,5
scale_default,Epsilon_Greedy,epsilon=0.35,361,30.856388954624826,1.0604448629468772,29.79594409167795,31.916833817571703,5
scale_default,Epsilon_Greedy,epsilon=0.35,362,31.028293679111208,1.1206466930958567,29.90764698601535,32.148940372207065,5
scale_default,Epsilon_Greedy,epsilon=0.35,363,31.287532321761113,1.1856978829063882,30.101834438854723,32.4732302046675,5
scale_default,Epsilon_Greedy,epsilon=0.35,364,31.38992804792223,1.2226238889070629,30.167304159015167,32.61255193682929,5
scale_default,Epsilon_Greedy,epsilon=0.35,365,31.64797435891463,1.2389073951214218,30.409066963793208,32.886881754036054,5
scale_default,Epsilon_Greedy,epsilon=0.35,366,31.803060206402428,1.2714492788330565,30.53161092756937,33.07450948523548,5
scale_default,Epsilon_Greedy,epsilon=0.35,367,32.00236080316209,1.3074465895482092,30.69491421361388,33.3098073927103,5
scale_default,Epsilon_Greedy,epsilon=0.35,368,32.34567785574421,1.3053822245952833,31.04029563114893,33.6510600803395,5
scale_default,Epsilon_Greedy,epsilon=0.35,369,32.53140569194635,1.380819454798325,31.150586237148023,33.912225146744674,5
scale_default,Epsilon_Greedy,epsilon=0.35,370,32.70114809404198,1.40212675150953,31.299021342532452,34.10327484555151,5
scale_default,Epsilon_Greedy,epsilon=0.35,371,32.89210385629568,1.450783445254867,31.44132041104081,34.34288730155054,5
scale_default,Epsilon_Greedy,epsilon=0.35,372,33.08493681053794,1.269055799419091,31.815881011118847,34.35399260995703,5
scale_default,Epsilon_Greedy,epsilon=0.35,373,33.1619080705088,1.2457932713977795,31.91611479911102,34.40770134190658,5
scale_default,Epsilon_Greedy,epsilon=0.35,374,33.36494460122858,1.205203307513362,32.159741293715214,34.570147908741944,5
scale_default,Epsilon_Greedy,epsilon=0.35,375,33.57790403673543,1.3130428304821917,32.264861206253244,34.89094686721762,5
scale_default,Epsilon_Greedy,epsilon=0.35,376,33.731956797739024,1.3670446072019278,32.3649121905371,35.09900140494095,5
scale_default,Epsilon_Greedy,epsilon=0.35,377,33.84905117456315,1.334029480493381,32.51502169406977,35.18308065505653,5
scale_default,Epsilon_Greedy,epsilon=0.35,378,34.05530035153787,1.333678691027904,32.72162166050997,35.38897904256578,5
scale_default,Epsilon_Greedy,epsilon=0.35,379,34.2185493258782,1.2640047382878032,32.9545445875904,35.482554064166,5
scale_default,Epsilon_Greedy,epsilon=0.35,380,34.42552454748294,1.2770053138244974,33.14851923365844,35.70252986130743,5
scale_default,Epsilon_Greedy,epsilon=0.35,381,34.6487727376011,1.4437032730438086,33.20506946455729,36.09247601064491,5
scale_default,Epsilon_Greedy,epsilon=0.35,382,34.78161024232029,1.4389716438568987,33.342638598463395,36.220581886177186,5
scale_default,Epsilon_Greedy,epsilon=0.35,383,34.85972390408889,1.4351100114422888,33.4246138926466,36.29483391553118,5
scale_default,Epsilon_Greedy,epsilon=0.35,384,34.9954831307044,1.425151864348445,33.57033126635596,36.42063499505284,5
scale_default,Epsilon_Greedy,epsilon=0.35,385,35.221757435465214,1.489890340907919,33.731867094557295,36.711647776373134,5
scale_default,Epsilon_Greedy,epsilon=0.35,386,35.30698585793058,1.4124742480691619,33.89451160986142,36.71946010599974,5
scale_default,Epsilon_Greedy,epsilon=0.35,387,35.432978768106764,1.379517001532586,34.05346176657418,36.81249576963935,5
scale_default,Epsilon_Greedy,epsilon=0.35,388,35.64688082883161,1.4467388407234945,34.200141988108115,37.09361966955511,5
scale_default,Epsilon_Greedy,epsilon=0.35,389,35.81680558049549,1.335595705678602,34.48120987481689,37.15240128617409,5
scale_default,Epsilon_Greedy,epsilon=0.35,390,35.95718092305836,1.3714943025101445,34.585686620548216,37.3286752255685,5
scale_default,Epsilon_Greedy,epsilon=0.35,391,36.18893757158761,1.3218184349316349,34.86711913665597,37.510756006519244,5
scale_default,Epsilon_Greedy,epsilon=0.35,392,36.4048852828608,1.3861939083688273,35.01869137449198,37.79107919122963,5
scale_default,Epsilon_Greedy,epsilon=0.35,393,36.61010591675922,1.4601539134109613,35.149952003348254,38.07025983017018,5
scale_default,Epsilon_Greedy,epsilon=0.35,394,36.774229118768176,1.4815219718977681,35.292707146870406,38.255751090665946,5
scale_default,Epsilon_Greedy,epsilon=0.35,395,36.957228089169305,1.4908309684522691,35.46639712071703,38.44805905762158,5
scale_default,Epsilon_Greedy,epsilon=0.35,396,37.05883714402367,1.4950451911432872,35.56379195288038,38.55388233516696,5
scale_default,Epsilon_Greedy,epsilon=0.35,397,37.22156711506,1.4946380931328465,35.72692902192715,38.71620520819285,5
scale_default,Epsilon_Greedy,epsilon=0.35,398,37.391159475627354,1.4834569788994383,35.907702496727914,38.874616454526794,5
scale_default,Epsilon_Greedy,epsilon=0.35,399,37.59349832981128,1.3929886313893625,36.20050969842192,38.98648696120065,5
scale_default,Epsilon_Greedy,epsilon=0.35,400,37.765895617595234,1.4699570493913203,36.295938568203916,39.23585266698655,5
scale_default,Epsilon_Greedy,epsilon=0.35,401,37.957449307905755,1.416957032562355,36.5404922753434,39.37440634046811,5
scale_default,Epsilon_Greedy,epsilon=0.35,402,38.16781545134539,1.3286439181213412,36.83917153322405,39.496459369466734,5
scale_default,Epsilon_Greedy,epsilon=0.35,403,38.23922569374569,1.3630716194679464,36.87615407427774,39.60229731321363,5
scale_default,Epsilon_Greedy,epsilon=0.35,404,38.346944421196945,1.2974538223783605,37.049490598818586,39.6443982435753,5
scale_default,Epsilon_Greedy,epsilon=0.35,405,38.47617484257552,1.3210061709621395,37.155168671613374,39.79718101353766,5
scale_default,Epsilon_Greedy,epsilon=0.35,406,38.66113934174008,1.3069486988320715,37.35419064290801,39.968088040572155,5
scale_default,Epsilon_Greedy,epsilon=0.35,407,38.85610080025583,1.195074899325497,37.66102590093033,40.05117569958133,5
scale_default,Epsilon_Greedy,epsilon=0.35,408,39.03026418726317,1.1482995362998158,37.881964650963354,40.17856372356299,5
scale_default,Epsilon_Greedy,epsilon=0.35,409,39.1144759987449,1.2227298567295475,37.89174614201535,40.33720585547445,5
scale_default,Epsilon_Greedy,epsilon=0.35,410,39.28606074353057,1.2790232981676173,38.007037445362954,40.565084041698185,5
scale_default,Epsilon_Greedy,epsilon=0.35,411,39.469962336536014,1.2867631828855612,38.183199153650456,40.75672551942157,5
scale_default,Epsilon_Greedy,epsilon=0.35,412,39.80151820636977,1.3454394665104976,38.45607873985927,41.14695767288027,5
scale_default,Epsilon_Greedy,epsilon=0.35,413,39.96844452904738,1.3631137468947792,38.605330782152606,41.33155827594216,5
scale_default,Epsilon_Greedy,epsilon=0.35,414,40.09232010280937,1.4339527975500668,38.6583673052593,41.52627290035944,5
scale_default,Epsilon_Greedy,epsilon=0.35,415,40.321648530546476,1.498749402922512,38.82289912762396,41.82039793346899,5
scale_default,Epsilon_Greedy,epsilon=0.35,416,40.56128715370921,1.5262507823069864,39.03503637140222,42.0875379360162,5
scale_default,Epsilon_Greedy,epsilon=0.35,417,40.7112504047454,1.5142546606385217,39.19699574410688,42.22550506538392,5
scale_default,Epsilon_Greedy,epsilon=0.35,418,40.90989694148812,1.4758394364906382,39.43405750499748,42.38573637797876,5
scale_default,Epsilon_Greedy,epsilon=0.35,419,41.00010509300692,1.4994167029384198,39.500688390068504,42.49952179594534,5
scale_default,Epsilon_Greedy,epsilon=0.35,420,41.17712079886418,1.4143769861234743,39.76274381274071,42.59149778498765,5
scale_default,Epsilon_Greedy,epsilon=0.35,421,41.36518660415651,1.3770927665791965,39.98809383757732,42.74227937073571,5
scale_default,Epsilon_Greedy,epsilon=0.35,422,41.58319624070408,1.2670828891872115,40.31611335151687,42.8502791298913,5
scale_default,Epsilon_Greedy,epsilon=0.35,423,41.734185889678905,1.246321117612506,40.4878647720664,42.98050700729141,5
scale_default,Epsilon_Greedy,epsilon=0.35,424,41.92275349539889,1.3041102342032194,40.618643261195665,43.22686372960211,5
scale_default,Epsilon_Greedy,epsilon=0.35,425,42.040438372395364,1.4212918796690948,40.61914649272627,43.461730252064456,5
scale_default,Epsilon_Greedy,epsilon=0.35,426,42.38319926498413,1.3050662917425826,41.078132973241544,43.68826555672671,5
scale_default,Epsilon_Greedy,epsilon=0.35,427,42.48128830189371,1.3087814462876073,41.17250685560611,43.79006974818132,5
scale_default,Epsilon_Greedy,epsilon=0.35,428,42.690281848608166,1.3268788137980578,41.363403034810105,44.017160662406226,5
scale_default,Epsilon_Greedy,epsilon=0.35,429,42.87454239261676,1.2690215777856475,41.60552081483111,44.14356397040241,5
scale_default,Epsilon_Greedy,epsilon=0.35,430,43.03069306926276,1.2531644912020266,41.77752857806073,44.28385756046479,5
scale_default,Epsilon_Greedy,epsilon=0.35,431,43.13698922631651,1.2257460927859203,41.91124313353059,44.36273531910243,5
scale_default,Epsilon_Greedy,epsilon=0.35,432,43.332082673403946,1.3573378106324832,41.97474486277146,44.68942048403643,5
scale_default,Epsilon_Greedy,epsilon=0.35,433,43.61533050778395,1.2236494144060495,42.391681093377905,44.83897992219,5
scale_default,Epsilon_Greedy,epsilon=0.35,434,43.77811188291816,1.096040060229861,42.6820718226883,44.87415194314802,5
scale_default,Epsilon_Greedy,epsilon=0.35,435,43.97830154608134,1.0739475802842642,42.90435396579708,45.0522491263656,5
scale_default,Epsilon_Greedy,epsilon=0.35,436,44.15072132873899,1.0392210233431651,43.11150030539582,45.189942352082156,5
scale_default,Epsilon_Greedy,epsilon=0.35,437,44.29566996633808,1.0682917710313502,43.227378195306734,45.36396173736943,5
scale_default,Epsilon_Greedy,epsilon=0.35,438,44.40616255421051,0.9853735906355116,43.420788963575,45.39153614484602,5
scale_default,Epsilon_Greedy,epsilon=0.35,439,44.56735523120351,0.974524717955543,43.59283051324796,45.54187994915905,5
scale_default,Epsilon_Greedy,epsilon=0.35,440,44.71041436514006,1.011078149200725,43.69933621593933,45.72149251434079,5
scale_default,Epsilon_Greedy,epsilon=0.35,441,44.91742578119629,0.9938112539134191,43.92361452728287,45.911237035109714,5
scale_default,Epsilon_Greedy,epsilon=0.35,442,45.044937726320875,0.9921163616176341,44.05282136470324,46.03705408793851,5
scale_default,Epsilon_Greedy,epsilon=0.35,443,45.26144411214849,1.1299253117307662,44.13151880041772,46.391369423879254,5
scale_default,Epsilon_Greedy,epsilon=0.35,444,45.42475236825693,1.1226749932200057,44.30207737503693,46.547427361476934,5
scale_default,Epsilon_Greedy,epsilon=0.35,445,45.64105822250902,0.9417145098201396,44.69934371268888,46.582772732329154,5
scale_default,Epsilon_Greedy,epsilon=0.35,446,45.87388141938069,0.9537800001677009,44.92010141921298,46.82766141954839,5
scale_default,Epsilon_Greedy,epsilon=0.35,447,46.03195738205503,1.0144866884736368,45.017470693581394,47.04644407052867,5
scale_default,Epsilon_Greedy,epsilon=0.35,448,46.18240776281855,1.0125602988129618,45.169847464005585,47.19496806163151,5
scale_default,Epsilon_Greedy,epsilon=0.35,449,46.38500220720116,1.0160425832668585,45.3689596239343,47.40104479046802,5
scale_default,Epsilon_Greedy,epsilon=0.35,450,46.50273964577635,1.0185671471753976,45.484172498600955,47.52130679295175,5
scale_default,Epsilon_Greedy,epsilon=0.35,451,46.70633683323558,1.061531296861361,45.64480553637422,47.76786813009694,5
scale_default,Epsilon_Greedy,epsilon=0.35,452,46.791033183467654,1.0627957317401893,45.728237451727466,47.85382891520784,5
scale_default,Epsilon_Greedy,epsilon=0.35,453,46.98371362384976,1.1295405568665737,45.854173066983186,48.11325418071633,5
scale_default,Epsilon_Greedy,epsilon=0.35,454,47.139603962116176,1.0954119127173652,46.04419204939881,48.23501587483354,5
scale_default,Epsilon_Greedy,epsilon=0.35,455,47.31996453887666,1.2657841592448076,46.05418037963185,48.58574869812147,5
scale_default,Epsilon_Greedy,epsilon=0.35,456,47.49022885913954,1.2651548031698727,46.22507405596967,48.75538366230941,5
scale_default,Epsilon_Greedy,epsilon=0.35,457,47.637719326365264,1.196645508035632,46.441073818329635,48.834364834400894,5
scale_default,Epsilon_Greedy,epsilon=0.35,458,47.815013469353566,1.2807039798613093,46.53430948949226,49.095717449214874,5
scale_default,Epsilon_Greedy,epsilon=0.35,459,47.98731910938947,1.2326420553894852,46.754677053999984,49.21996116477895,5
scale_default,Epsilon_Greedy,epsilon=0.35,460,48.087993718999954,1.317726800905552,46.7702669180944,49.40572051990551,5
scale_default,Epsilon_Greedy,epsilon=0.35,461,48.20825283666745,1.3361320054042494,46.872120831263196,49.5443848420717,5
scale_default,Epsilon_Greedy,epsilon=0.35,462,48.41555175122097,1.385756316300444,47.02979543492052,49.80130806752141,5
scale_default,Epsilon_Greedy,epsilon=0.35,463,48.6768125400191,1.3197165245948321,47.35709601542427,49.99652906461393,5
scale_default,Epsilon_Greedy,epsilon=0.35,464,48.879622797668695,1.3511485203716926,47.528474277297,50.23077131804039,5
scale_default,Epsilon_Greedy,epsilon=0.35,465,49.119067541271534,1.4292256653705537,47.68984187590098,50.548293206642086,5
scale_default,Epsilon_Greedy,epsilon=0.35,466,49.27262614998828,1.3380875073956506,47.93453864259263,50.610713657383926,5
scale_default,Epsilon_Greedy,epsilon=0.35,467,49.42068890968737,1.2926809617208792,48.128007947966495,50.71336987140825,5
scale_default,Epsilon_Greedy,epsilon=0.35,468,49.53791721375628,1.3513291297297327,48.186588084026546,50.889246343486015,5
scale_default,Epsilon_Greedy,epsilon=0.35,469,49.70116479946289,1.335087712286483,48.36607708717641,51.03625251174937,5
scale_default,Epsilon_Greedy,epsilon=0.35,470,49.86557754275386,1.2763272256155376,48.58925031713832,51.1419047683694,5
scale_default,Epsilon_Greedy,epsilon=0.35,471,49.9390802410365,1.2440504916659216,48.695029749370576,51.18313073270242,5
scale_default,Epsilon_Greedy,epsilon=0.35,472,50.049621461294876,1.2371845384242472,48.81243692287063,51.28680599971912,5
scale_default,Epsilon_Greedy,epsilon=0.35,473,50.25806484333425,1.2144355871958756,49.04362925613838,51.472500430530125,5
scale_default,Epsilon_Greedy,epsilon=0.35,474,50.61708903318616,1.2562924117905616,49.3607966213956,51.87338144497672,5
scale_default,Epsilon_Greedy,epsilon=0.35,475,50.86074528022416,1.268718836031923,49.592026444192236,52.12946411625608,5
scale_default,Epsilon_Greedy,epsilon=0.35,476,51.041579501837575,1.2699148790426962,49.77166462279488,52.31149438088027,5
scale_default,Epsilon_Greedy,epsilon=0.35,477,51.22517314550241,1.240288986237525,49.98488415926489,52.46546213173993,5
scale_default,Epsilon_Greedy,epsilon=0.35,478,51.430419557701235,1.3378124413411445,50.09260711636009,52.76823199904238,5
scale_default,Epsilon_Greedy,epsilon=0.35,479,51.63366800021485,1.3151801676603392,50.31848783255451,52.948848167875184,5
scale_default,Epsilon_Greedy,epsilon=0.35,480,51.843684835851604,1.4150147449713595,50.428670090880246,53.25869958082296,5
scale_default,Epsilon_Greedy,epsilon=0.35,481,52.035570098202,1.4870943566192512,50.54847574158275,53.52266445482125,5
scale_default,Epsilon_Greedy,epsilon=0.35,482,52.30257211427413,1.6692338739819412,50.63333824029219,53.971805988256065,5
scale_default,Epsilon_Greedy,epsilon=0.35,483,52.51282918301083,1.8136542204072503,50.69917496260358,54.32648340341808,5
scale_default,Epsilon_Greedy,epsilon=0.35,484,52.64515693769215,1.7430613630304483,50.9020955746617,54.3882183007226,5
scale_default,Epsilon_Greedy,epsilon=0.35,485,52.87171691344717,1.9303671102577888,50.94134980318938,54.802084023704964,5
scale_default,Epsilon_Greedy,epsilon=0.35,486,53.00822901470208,1.9766297014826528,51.03159931321943,54.98485871618473,5
scale_default,Epsilon_Greedy,epsilon=0.35,487,53.06713259144211,1.9845747949317214,51.082557796510386,55.051707386373835,5
scale_default,Epsilon_Greedy,epsilon=0.35,488,53.219409201091935,2.070785718452254,51.14862348263968,55.29019491954419,5
scale_default,Epsilon_Greedy,epsilon=0.35,489,53.36045190290342,2.0202059341733003,51.34024596873012,55.38065783707672,5
scale_default,Epsilon_Greedy,epsilon=0.35,490,53.45354627340936,2.004934686655657,51.4486115867537,55.45848096006502,5
scale_default,Epsilon_Greedy,epsilon=0.35,491,53.55650993154482,1.9392386139704056,51.617271317574414,55.49574854551522,5
scale_default,Epsilon_Greedy,epsilon=0.35,492,53.834003560397434,2.0444050064403854,51.78959855395705,55.87840856683782,5
scale_default,Epsilon_Greedy,epsilon=0.35,493,54.044798778681525,1.9747013353145946,52.07009744336693,56.019500113996116,5
scale_default,Epsilon_Greedy,epsilon=0.35,494,54.283178578808915,2.030078016334219,52.2531005624747,56.31325659514313,5
scale_default,Epsilon_Greedy,epsilon=0.35,495,54.591279489638985,2.018789027816883,52.5724904618221,56.61006851745587,5
scale_default,Epsilon_Greedy,epsilon=0.35,496,54.94423973017483,1.946393208317585,52.99784652185724,56.890632938492416,5
scale_default,Epsilon_Greedy,epsilon=0.35,497,55.15078262630476,2.092344327037815,53.058438299266946,57.243126953342575,5
scale_default,Epsilon_Greedy,epsilon=0.35,498,55.41806925809401,2.1127245383966002,53.30534471969741,57.530793796490606,5
scale_default,Epsilon_Greedy,epsilon=0.35,499,55.61837157198149,2.1775735793507227,53.44079799263077,57.79594515133221,5
scale_default,Epsilon_Greedy,epsilon=0.35,500,55.92715119792806,2.2505200804330716,53.67663111749499,58.17767127836113,5
scale_default,Epsilon_Greedy,epsilon=0.35,501,56.14696574075354,2.333185367827652,53.81378037292588,58.48015110858119,5
scale_default,Epsilon_Greedy,epsilon=0.35,502,56.268464522495016,2.2800855271915417,53.98837899530348,58.548550049686554,5
scale_default,Epsilon_Greedy,epsilon=0.35,503,56.38550507661059,2.2544031500703645,54.131101926540225,58.63990822668096,5
scale_default,Epsilon_Greedy,epsilon=0.35,504,56.6098004065452,2.171952123955796,54.4378482825894,58.781752530500995,5
scale_default,Epsilon_Greedy,epsilon=0.35,505,56.76632281526296,2.177466086455733,54.58885672880723,58.94378890171869,5
scale_default,Epsilon_Greedy,epsilon=0.35,506,56.886336350815554,2.1980003836954185,54.68833596712014,59.08433673451097,5
scale_default,Epsilon_Greedy,epsilon=0.35,507,57.00580745329084,2.116172115474592,54.88963533781625,59.12197956876543,5
scale_default,Epsilon_Greedy,epsilon=0.35,508,57.180421823352695,2.0758844770046645,55.10453734634803,59.25630630035736,5
scale_default,Epsilon_Greedy,epsilon=0.35,509,57.2889574319183,2.052817995642347,55.23613943627595,59.34177542756065,5
scale_default,Epsilon_Greedy,epsilon=0.35,510,57.423232722450415,2.0827710731965525,55.34046164925386,59.50600379564697,5
scale_default,Epsilon_Greedy,epsilon=0.35,511,57.542588821341816,2.0610818724367173,55.4815069489051,59.60367069377853,5
scale_default,Epsilon_Greedy,epsilon=0.35,512,57.635255780111514,2.0046290567029392,55.630626723408575,59.63988483681445,5
scale_default,Epsilon_Greedy,epsilon=0.35,513,57.89972930899503,2.01655582698644,55.88317348200859,59.91628513598147,5
scale_default,Epsilon_Greedy,epsilon=0.35,514,58.03807244627127,2.0237375615337063,56.014334884737565,60.06181000780498,5
scale_default,Epsilon_Greedy,epsilon=0.35,515,58.26967449232594,1.9786823246434544,56.29099216768249,60.24835681696939,5
scale_default,Epsilon_Greedy,epsilon=0.35,516,58.53596988003479,1.86624838309949,56.6697214969353,60.40221826313428,5
scale_default,Epsilon_Greedy,epsilon=0.35,517,58.63202855155839,1.9012838469805926,56.7307447045778,60.53331239853898,5
scale_default,Epsilon_Greedy,epsilon=0.35,518,58.77118950497769,1.8665009166525166,56.90468858832517,60.63769042163021,5
scale_default,Epsilon_Greedy,epsilon=0.35,519,58.90337381830884,1.958387835432827,56.94498598287602,60.86176165374167,5
scale_default,Epsilon_Greedy,epsilon=0.35,520,59.076287346378024,1.8400666112944992,57.23622073508353,60.91635395767252,5
scale_default,Epsilon_Greedy,epsilon=0.35,521,59.262532039911015,1.7961430521868191,57.466388987724194,61.058675092097836,5
scale_default,Epsilon_Greedy,epsilon=0.35,522,59.59462301331564,1.5883166831872486,58.00630633012839,61.18293969650289,5
scale_default,Epsilon_Greedy,epsilon=0.35,523,59.75152652752664,1.69441803335965,58.057108494167,61.44594456088629,5
scale_default,Epsilon_Greedy,epsilon=0.35,524,59.98568718841939,1.655591075496964,58.330096112922426,61.641278263916355,5
scale_default,Epsilon_Greedy,epsilon=0.35,525,60.18608396318275,1.5352714370247886,58.650812526157964,61.72135540020754,5
scale_default,Epsilon_Greedy,epsilon=0.35,526,60.368219748518854,1.4697352180025687,58.898484530516285,61.83795496652142,5
scale_default,Epsilon_Greedy,epsilon=0.35,527,60.480652419510946,1.4542771565657038,59.026375262945244,61.93492957607665,5
scale_default,Epsilon_Greedy,epsilon=0.35,528,60.63333427489643,1.4260773566722338,59.207256918224196,62.05941163156866,5
scale_default,Epsilon_Greedy,epsilon=0.35,529,60.960492912493194,1.575029584118629,59.38546332837456,62.535522496611826,5
scale_default,Epsilon_Greedy,epsilon=0.35,530,61.068288780555676,1.5035190527081523,59.564769727847526,62.571807833263826,5
scale_default,Epsilon_Greedy,epsilon=0.35,531,61.2334367436474,1.4683745010229932,59.76506224262441,62.701811244670395,5
scale_default,Epsilon_Greedy,epsilon=0.35,532,61.48458627073442,1.5130150932807855,59.97157117745363,62.9976013640152,5
scale_default,Epsilon_Greedy,epsilon=0.35,533,61.68159236507105,1.5421952436865753,60.13939712138447,63.223787608757625,5
scale_default,Epsilon_Greedy,epsilon=0.35,534,61.787695702094254,1.5817958984367742,60.20589980365748,63.36949160053103,5
scale_default,Epsilon_Greedy,epsilon=0.35,535,61.875349351012474,1.5745254802486282,60.30082387076384,63.449874831261106,5
scale_default,Epsilon_Greedy,epsilon=0.35,536,61.97074929381082,1.5650226800050078,60.40572661380581,63.53577197381583,5
scale_default,Epsilon_Greedy,epsilon=0.35,537,62.16454435492035,1.616877335744361,60.54766701917599,63.781421690664715,5
scale_default,Epsilon_Greedy,epsilon=0.35,538,62.262862287362225,1.5469174765101703,60.71594481085206,63.80977976387239,5
scale_default,Epsilon_Greedy,epsilon=0.35,539,62.57240659573572,1.6286787803607852,60.943727815374935,64.2010853760965,5
scale_default,Epsilon_Greedy,epsilon=0.35,540,62.632313353952256,1.618459715348721,61.013853638603536,64.25077306930098,5
scale_default,Epsilon_Greedy,epsilon=0.35,541,62.85181347918043,1.6327600467306116,61.21905343244982,64.48457352591105,5
scale_default,Epsilon_Greedy,epsilon=0.35,542,63.02271614110607,1.7437647725358343,61.27895136857024,64.76648091364191,5
scale_default,Epsilon_Greedy,epsilon=0.35,543,63.22415078892758,1.8021279306341962,61.42202285829338,65.02627871956177,5
scale_default,Epsilon_Greedy,epsilon=0.35,544,63.62529995370643,1.7326921345571917,61.89260781914924,65.35799208826363,5
scale_default,Epsilon_Greedy,epsilon=0.35,545,63.758226295514916,1.7638242056211622,61.994402089893754,65.52205050113608,5
scale_default,Epsilon_Greedy,epsilon=0.35,546,63.947219191928696,1.652633135784433,62.29458605614426,65.59985232771312,5
scale_default,Epsilon_Greedy,epsilon=0.35,547,63.986301080045564,1.6265473945840159,62.35975368546155,65.61284847462959,5
scale_default,Epsilon_Greedy,epsilon=0.35,548,64.19294174460231,1.579625145924124,62.61331659867818,65.77256689052643,5
scale_default,Epsilon_Greedy,epsilon=0.35,549,64.40903292463284,1.5976888753084246,62.81134404932442,66.00672179994126,5
scale_default,Epsilon_Greedy,epsilon=0.35,550,64.66195463141199,1.624509250035099,63.03744538137689,66.28646388144709,5
scale_default,Epsilon_Greedy,epsilon=0.35,551,64.78426712085358,1.6799285969633693,63.10433852389021,66.46419571781695,5
scale_default,Epsilon_Greedy,epsilon=0.35,552,64.98585291850375,1.6792002814337368,63.306652637070016,66.66505319993749,5
scale_default,Epsilon_Greedy,epsilon=0.35,553,65.2979829130974,1.7157451559860357,63.582237757111365,67.01372806908344,5
scale_default,Epsilon_Greedy,epsilon=0.35,554,65.45704021177957,1.7010250780322542,63.75601513374732,67.15806528981183,5
scale_default,Epsilon_Greedy,epsilon=0.35,555,65.63397277088494,1.7932765614126382,63.8406962094723,67.42724933229758,5
scale_default,Epsilon_Greedy,epsilon=0.35,556,65.71944871313113,1.7457083335689736,63.97374037956216,67.4651570467001,5
scale_default,Epsilon_Greedy,epsilon=0.35,557,65.80601363372936,1.7600363769094705,64.0459772568199,67.56605001063883,5
scale_default,Epsilon_Greedy,epsilon=0.35,558,65.97897238265554,1.8301841223995123,64.14878826025603,67.80915650505506,5
scale_default,Epsilon_Greedy,epsilon=0.35,559,66.07562334181384,1.8192350625595373,64.2563882792543,67.89485840437338,5
scale_default,Epsilon_Greedy,epsilon=0.35,560,66.28051054176483,1.8306452602430798,64.44986528152175,68.1111558020079,5
scale_default,Epsilon_Greedy,epsilon=0.35,561,66.4200984256011,1.8659540256505955,64.5541443999505,68.28605245125169,5
scale_default,Epsilon_Greedy,epsilon=0.35,562,66.58471189889724,1.8767167095180866,64.70799518937915,68.46142860841533,5
scale_default,Epsilon_Greedy,epsilon=0.35,563,66.71979746198281,2.0313652546056358,64.68843220737718,68.75116271658844,5
scale_default,Epsilon_Greedy,epsilon=0.35,564,67.08991913859394,2.056651490946953,65.033267647647,69.14657062954089,5
scale_default,Epsilon_Greedy,epsilon=0.35,565,67.32234526512032,1.9561279187562426,65.36621734636408,69.27847318387656,5
scale_default,Epsilon_Greedy,epsilon=0.35,566,67.50566294615763,1.9578416189831578,65.54782132717447,69.46350456514078,5
scale_default,Epsilon_Greedy,epsilon=0.35,567,67.67218964769259,2.0611886816332032,65.6110009660594,69.73337832932579,5
scale_default,Epsilon_Greedy,epsilon=0.35,568,67.79273956501663,2.0913211127044464,65.70141845231218,69.88406067772108,5
scale_default,Epsilon_Greedy,epsilon=0.35,569,67.97436125050976,2.0961891012375684,65.87817214927219,70.07055035174733,5
scale_default,Epsilon_Greedy,epsilon=0.35,570,68.14677879839083,2.1373087159915514,66.00947008239928,70.28408751438238,5
scale_default,Epsilon_Greedy,epsilon=0.35,571,68.31162928661416,2.0578043879473276,66.25382489866683,70.36943367456149,5
scale_default,Epsilon_Greedy,epsilon=0.35,572,68.44688483665855,2.0703791381044256,66.37650569855413,70.51726397476298,5
scale_default,Epsilon_Greedy,epsilon=0.35,573,68.69027542438826,1.9510884234548223,66.73918700093344,70.64136384784308,5
scale_default,Epsilon_Greedy,epsilon=0.35,574,68.97061248451226,1.948974547520713,67.02163793699154,70.91958703203298,5
scale_default,Epsilon_Greedy,epsilon=0.35,575,69.1495270590053,2.022018576069609,67.12750848293568,71.1715456350749,5
scale_default,Epsilon_Greedy,epsilon=0.35,576,69.28714883106049,1.9549091403308378,67.33223969072965,71.24205797139133,5
scale_default,Epsilon_Greedy,epsilon=0.35,577,69.39914849749482,1.887961955208075,67.51118654228675,71.28711045270289,5
scale_default,Epsilon_Greedy,epsilon=0.35,578,69.52474669535613,1.8068200558203735,67.71792663953576,71.3315667511765,5
scale_default,Epsilon_Greedy,epsilon=0.35,579,69.64583791334596,1.7210597825218923,67.92477813082407,71.36689769586785,5
scale_default,Epsilon_Greedy,epsilon=0.35,580,69.78167577323237,1.7593532649539283,68.02232250827844,71.5410290381863,5
scale_default,Epsilon_Greedy,epsilon=0.35,581,70.00335197727134,1.6314395370111785,68.37191244026016,71.63479151428251,5
scale_default,Epsilon_Greedy,epsilon=0.35,582,70.08245866270028,1.570366188939246,68.51209247376103,71.65282485163952,5
scale_default,Epsilon_Greedy,epsilon=0.35,583,70.28777718040931,1.6682669223149964,68.61951025809431,71.9560441027243,5
scale_default,Epsilon_Greedy,epsilon=0.35,584,70.54629170016432,1.7272899752851054,68.81900172487921,72.27358167544942,5
scale_default,Epsilon_Greedy,epsilon=0.35,585,70.67240787815436,1.8095143606014952,68.86289351755286,72.48192223875586,5
scale_default,Epsilon_Greedy,epsilon=0.35,586,70.76365945530067,1.784294362256468,68.9793650930442,72.54795381755714,5
scale_default,Epsilon_Greedy,epsilon=0.35,587,70.97381628270753,1.87058671662112,69.10322956608641,72.84440299932865,5
scale_default,Epsilon_Greedy,epsilon=0.35,588,71.12722209079683,1.8604086585692436,69.2668134322276,72.98763074936608,5
scale_default,Epsilon_Greedy,epsilon=0.35,589,71.27897566305725,1.9757840530622897,69.30319160999497,73.25475971611954,5
scale_default,Epsilon_Greedy,epsilon=0.35,590,71.41724195109211,1.8785736051435165,69.5386683459486,73.29581555623562,5
scale_default,Epsilon_Greedy,epsilon=0.35,591,71.62467634963119,1.9996490376141471,69.62502731201704,73.62432538724534,5
scale_default,Epsilon_Greedy,epsilon=0.35,592,71.79471071338028,2.0278859543445806,69.7668247590357,73.82259666772487,5
scale_default,Epsilon_Greedy,epsilon=0.35,593,71.92477868611981,2.0693567560065307,69.85542193011328,73.99413544212634,5
scale_default,Epsilon_Greedy,epsilon=0.35,594,72.04459790020582,2.0389154239001592,70.00568247630565,74.08351332410598,5
scale_default,Epsilon_Greedy,epsilon=0.35,595,72.15525494992434,2.1434713050785743,70.01178364484576,74.29872625500292,5
scale_default,Epsilon_Greedy,epsilon=0.35,596,72.33208737887051,2.1554173145275017,70.17667006434301,74.48750469339801,5
scale_default,Epsilon_Greedy,epsilon=0.35,597,72.60430159142106,2.071340889692258,70.53296070172881,74.67564248111331,5
scale_default,Epsilon_Greedy,epsilon=0.35,598,72.9289831633826,2.0884386636932555,70.84054449968934,75.01742182707585,5
scale_default,Epsilon_Greedy,epsilon=0.35,599,73.02100275812145,2.1193501594769435,70.90165259864452,75.14035291759839,5
scale_default,Epsilon_Greedy,epsilon=0.4,0,0.10397924124914595,0.05907056001825711,0.04490868123088884,0.16304980126740307,5
scale_default,Epsilon_Greedy,epsilon=0.4,1,0.21979475486757888,0.10116989147504722,0.11862486339253166,0.3209646463426261,5
scale_default,Epsilon_Greedy,epsilon=0.4,2,0.312572672408316,0.16180102793415907,0.15077164447415692,0.47437370034247506,5
scale_default,Epsilon_Greedy,epsilon=0.4,3,0.40234794591175954,0.22216357963637134,0.1801843662753882,0.6245115255481308,5
scale_default,Epsilon_Greedy,epsilon=0.4,4,0.4766928955725002,0.28836102508611666,0.18833187048638356,0.7650539206586169,5
scale_default,Epsilon_Greedy,epsilon=0.4,5,0.5372011809189011,0.34770020217415376,0.18950097874474736,0.8849013830930549,5
scale_default,Epsilon_Greedy,epsilon=0.4,6,0.577501047610247,0.37004020783982833,0.20746083977041868,0.9475412554500753,5
scale_default,Epsilon_Greedy,epsilon=0.4,7,0.6095779056198495,0.3994909727513372,0.21008693286851227,1.0090688783711868,5
scale_default,Epsilon_Greedy,epsilon=0.4,8,0.6455556976618885,0.43408911087862373,0.21146658678326474,1.0796448085405121,5
scale_default,Epsilon_Greedy,epsilon=0.4,9,0.6975576079592919,0.44641997129396765,0.25113763666532424,1.1439775792532596,5
scale_default,Epsilon_Greedy,epsilon=0.4,10,0.7359491513239382,0.44372508789348997,0.29222406343044827,1.1796742392174282,5
scale_default,Epsilon_Greedy,epsilon=0.4,11,0.7711189686654695,0.4498448751737643,0.32127409349170516,1.2209638438392338,5
scale_default,Epsilon_Greedy,epsilon=0.4,12,0.79732178381252,0.4686938774236075,0.3286279063889124,1.2660156612361275,5
scale_default,Epsilon_Greedy,epsilon=0.4,13,0.8230125772281542,0.48272207903592906,0.3402904981922252,1.3057346562640832,5
scale_default,Epsilon_Greedy,epsilon=0.4,14,0.8379602513529413,0.49016917240728397,0.3477910789456573,1.3281294237602252,5
scale_default,Epsilon_Greedy,epsilon=0.4,15,0.859149046482081,0.49815404753183756,0.36099499895024345,1.3573030940139186,5
scale_default,Epsilon_Greedy,epsilon=0.4,16,0.8879902343532636,0.5144764810912422,0.3735137532620214,1.4024667154445059,5
scale_default,Epsilon_Greedy,epsilon=0.4,17,0.915550779423158,0.5090348486744648,0.4065159307486932,1.4245856280976228,5
scale_default,Epsilon_Greedy,epsilon=0.4,18,0.9270234900284905,0.5094393314490405,0.41758415857944997,1.436462821477531,5
scale_default,Epsilon_Greedy,epsilon=0.4,19,0.9605044522624574,0.5488026308252606,0.4117018214371968,1.509307083087718,5
scale_default,Epsilon_Greedy,epsilon=0.4,20,0.9729415484809018,0.5536059444649837,0.4193356040159181,1.5265474929458853,5
scale_default,Epsilon_Greedy,epsilon=0.4,21,1.003671972159538,0.5311707174933936,0.47250125466614434,1.5348426896529315,5
scale_default,Epsilon_Greedy,epsilon=0.4,22,1.03694016045177,0.516312836453224,0.520627323998546,1.5532529969049942,5
scale_default,Epsilon_Greedy,epsilon=0.4,23,1.054301908251207,0.5279851496203868,0.5263167586308203,1.5822870578715937,5
scale_default,Epsilon_Greedy,epsilon=0.4,24,1.0747915128296377,0.5261118011967753,0.5486797116328624,1.600903314026413,5
scale_default,Epsilon_Greedy,epsilon=0.4,25,1.0917393442705576,0.5234606284239969,0.5682787158465608,1.6151999726945545,5
scale_default,Epsilon_Greedy,epsilon=0.4,26,1.1067592089309526,0.5130572882171468,0.5937019207138058,1.6198164971480993,5
scale_default,Epsilon_Greedy,epsilon=0.4,27,1.1193389407199583,0.5081145286887979,0.6112244120311604,1.6274534694087563,5
scale_default,Epsilon_Greedy,epsilon=0.4,28,1.1404029483530205,0.5060772959852515,0.6343256523677689,1.646480244338272,5
scale_default,Epsilon_Greedy,epsilon=0.4,29,1.1909348936633877,0.515874657994855,0.6750602356685327,1.7068095516582427,5
scale_default,Epsilon_Greedy,epsilon=0.4,30,1.198861752278734,0.5168383282968119,0.6820234239819221,1.7157000805755458,5
scale_default,Epsilon_Greedy,epsilon=0.4,31,1.2138682296806471,0.5175879758720798,0.6962802538085673,1.731456205552727,5
scale_default,Epsilon_Greedy,epsilon=0.4,32,1.2360116978976357,0.5376166340643868,0.6983950638332489,1.7736283319620223,5
scale_default,Epsilon_Greedy,epsilon=0.4,33,1.2527489550485305,0.5417041425807977,0.7110448124677328,1.794453097629328,5
scale_default,Epsilon_Greedy,epsilon=0.4,34,1.2686184807060186,0.5443224237192033,0.7242960569868153,1.8129409044252218,5
scale_default,Epsilon_Greedy,epsilon=0.4,35,1.274200731359026,0.5452265202297392,0.7289742111292868,1.819427251588765,5
scale_default,Epsilon_Greedy,epsilon=0.4,36,1.299627447023118,0.5246080854737772,0.7750193615493407,1.8242355324968953,5
scale_default,Epsilon_Greedy,epsilon=0.4,37,1.334908634512224,0.4941722094769161,0.840736425035308,1.8290808439891402,5
scale_default,Epsilon_Greedy,epsilon=0.4,38,1.354485778151529,0.4937480641201827,0.8607377140313462,1.8482338422717115,5
scale_default,Epsilon_Greedy,epsilon=0.4,39,1.3647386730007518,0.5016546577483572,0.8630840152523946,1.866393330749109,5
scale_default,Epsilon_Greedy,epsilon=0.4,40,1.3798232165198112,0.5070161705796743,0.8728070459401369,1.8868393870994855,5
scale_default,Epsilon_Greedy,epsilon=0.4,41,1.4084366676541484,0.535589105984794,0.8728475616693544,1.9440257736389426,5
scale_default,Epsilon_Greedy,epsilon=0.4,42,1.4360533523904873,0.5329944420336424,0.9030589103568448,1.9690477944241298,5
scale_default,Epsilon_Greedy,epsilon=0.4,43,1.4463687286107558,0.5327963850289681,0.9135723435817877,1.979165113639724,5
scale_default,Epsilon_Greedy,epsilon=0.4,44,1.4790640038694574,0.5615727037414535,0.9174913001280038,2.040636707610911,5
scale_default,Epsilon_Greedy,epsilon=0.4,45,1.4889854840883086,0.5620636953621867,0.9269217887261219,2.0510491794504953,5
scale_default,Epsilon_Greedy,epsilon=0.4,46,1.521891583878147,0.5815973910881878,0.9402941927899593,2.103488974966335,5
scale_default,Epsilon_Greedy,epsilon=0.4,47,1.535959470277776,0.5856296263803464,0.9503298438974295,2.1215890966581226,5
scale_default,Epsilon_Greedy,epsilon=0.4,48,1.5577573905657285,0.5796394308339669,0.9781179597317616,2.1373968213996952,5
scale_default,Epsilon_Greedy,epsilon=0.4,49,1.565937629072143,0.5799970964157793,0.9859405326563636,2.145934725487922,5
scale_default,Epsilon_Greedy,epsilon=0.4,50,1.6133758086222065,0.5878797583127117,1.0254960503094948,2.2012555669349183,5
scale_default,Epsilon_Greedy,epsilon=0.4,51,1.6228912471335857,0.5969210931504352,1.0259701539831505,2.2198123402840206,5
scale_default,Epsilon_Greedy,epsilon=0.4,52,1.6429797331780545,0.6143792202454003,1.028600512932654,2.257358953423455,5
scale_default,Epsilon_Greedy,epsilon=0.4,53,1.6516084721076794,0.6109671330936081,1.0406413390140714,2.2625756052012873,5
scale_default,Epsilon_Greedy,epsilon=0.4,54,1.6812142247983197,0.5709944815044783,1.1102197432938414,2.252208706302798,5
scale_default,Epsilon_Greedy,epsilon=0.4,55,1.7031408059851387,0.5748763373134494,1.1282644686716892,2.2780171432985883,5
scale_default,Epsilon_Greedy,epsilon=0.4,56,1.7288072662401142,0.5828300413535423,1.1459772248865718,2.3116373075936565,5
scale_default,Epsilon_Greedy,epsilon=0.4,57,1.7503628580578585,0.5986571719027158,1.1517056861551427,2.3490200299605744,5
scale_default,Epsilon_Greedy,epsilon=0.4,58,1.7631334838511574,0.6050135322834701,1.1581199515676874,2.3681470161346274,5
scale_default,Epsilon_Greedy,epsilon=0.4,59,1.7753315032990606,0.6115538661823129,1.1637776371167479,2.3868853694813734,5
scale_default,Epsilon_Greedy,epsilon=0.4,60,1.784256016571377,0.6092804794102125,1.1749755371611645,2.3935364959815892,5
scale_default,Epsilon_Greedy,epsilon=0.4,61,1.796937736592629,0.6070268464787344,1.1899108901138944,2.4039645830713634,5
scale_default,Epsilon_Greedy,epsilon=0.4,62,1.806217105479903,0.5954790543502786,1.2107380511296244,2.4016961598301814,5
scale_default,Epsilon_Greedy,epsilon=0.4,63,1.8092365336142957,0.5942074290692653,1.2150291045450303,2.403443962683561,5
scale_default,Epsilon_Greedy,epsilon=0.4,64,1.8595886939798056,0.6454852721504014,1.2141034218294042,2.5050739661302073,5
scale_default,Epsilon_Greedy,epsilon=0.4,65,1.876048893979064,0.6604707124101306,1.2155781815689335,2.5365196063891946,5
scale_default,Epsilon_Greedy,epsilon=0.4,66,1.8910482434198819,0.6709606495932919,1.22008759382659,2.5620088930131737,5
scale_default,Epsilon_Greedy,epsilon=0.4,67,1.9042253630193617,0.6615351104247799,1.2426902525945818,2.5657604734441417,5
scale_default,Epsilon_Greedy,epsilon=0.4,68,1.929489260993962,0.6875057681306883,1.2419834928632736,2.6169950291246504,5
scale_default,Epsilon_Greedy,epsilon=0.4,69,1.9404647531220767,0.6905354608926334,1.2499292922294432,2.63100021401471,5
scale_default,Epsilon_Greedy,epsilon=0.4,70,1.9646730711503195,0.6882944949474006,1.276378576202919,2.65296756609772,5
scale_default,Epsilon_Greedy,epsilon=0.4,71,1.9950220475504374,0.6634680133505947,1.3315540341998426,2.6584900609010322,5
scale_default,Epsilon_Greedy,epsilon=0.4,72,2.009172744175232,0.659618394060601,1.349554350114631,2.668791138235833,5
scale_default,Epsilon_Greedy,epsilon=0.4,73,2.013580704817186,0.6607586290597288,1.3528220757574574,2.674339333876915,5
scale_default,Epsilon_Greedy,epsilon=0.4,74,2.0171189894656707,0.6570759661904446,1.360043023275226,2.674194955656115,5
scale_default,Epsilon_Greedy,epsilon=0.4,75,2.0193079695560727,0.6549829998489539,1.364324969707119,2.6742909694050265,5
scale_default,Epsilon_Greedy,epsilon=0.4,76,2.0541165877875818,0.6251546229713264,1.4289619648162555,2.679271210758908,5
scale_default,Epsilon_Greedy,epsilon=0.4,77,2.066231851529346,0.6225111040250039,1.4437207475043419,2.68874295555435,5
scale_default,Epsilon_Greedy,epsilon=0.4,78,2.0873661214786345,0.6039141022450266,1.4834520192336078,2.6912802237236613,5
scale_default,Epsilon_Greedy,epsilon=0.4,79,2.1061918851829047,0.608800256416877,1.4973916287660276,2.7149921415997817,5
scale_default,Epsilon_Greedy,epsilon=0.4,80,2.1380302870741366,0.6106574975721888,1.5273727895019478,2.748687784646325,5
scale_default,Epsilon_Greedy,epsilon=0.4,81,2.1735023272464082,0.610116089042974,1.5633862382034343,2.7836184162893822,5
scale_default,Epsilon_Greedy,epsilon=0.4,82,2.2144371524473314,0.629205094183597,1.5852320582637343,2.8436422466309286,5
scale_default,Epsilon_Greedy,epsilon=0.4,83,2.222957615797317,0.6295308535663927,1.5934267622309246,2.85248846936371,5
scale_default,Epsilon_Greedy,epsilon=0.4,84,2.2452925018818313,0.6453265450482819,1.5999659568335494,2.890619046930113,5
scale_default,Epsilon_Greedy,epsilon=0.4,85,2.2657055201560192,0.6608590543812762,1.604846465774743,2.9265645745372955,5
scale_default,Epsilon_Greedy,epsilon=0.4,86,2.2725113813298647,0.6625127685289606,1.6099986128009043,2.935024149858825,5
scale_default,Epsilon_Greedy,epsilon=0.4,87,2.286553042825166,0.6774233058867327,1.6091297369384334,2.963976348711899,5
scale_default,Epsilon_Greedy,epsilon=0.4,88,2.304250126736226,0.6742994055117728,1.6299507212244533,2.9785495322479987,5
scale_default,Epsilon_Greedy,epsilon=0.4,89,2.3137538422779578,0.6749788244617088,1.638775017816249,2.9887326667396668,5
scale_default,Epsilon_Greedy,epsilon=0.4,90,2.3262396157453806,0.6652094803428907,1.66103013540249,2.9914490960882714,5
scale_default,Epsilon_Greedy,epsilon=0.4,91,2.361167957304492,0.6640031674605477,1.6971647898439444,3.02517112476504,5
scale_default,Epsilon_Greedy,epsilon=0.4,92,2.3677664006282626,0.6604621058976718,1.7073042947305908,3.0282285065259344,5
scale_default,Epsilon_Greedy,epsilon=0.4,93,2.3766589824183417,0.6617699979737005,1.714888984444641,3.0384289803920423,5
scale_default,Epsilon_Greedy,epsilon=0.4,94,2.3922585167344868,0.675633340984993,1.7166251757494937,3.06789185771948,5
scale_default,Epsilon_Greedy,epsilon=0.4,95,2.399253396007548,0.6826195156935931,1.716633880313955,3.081872911701141,5
scale_default,Epsilon_Greedy,epsilon=0.4,96,2.4130386052074395,0.6822956191322188,1.7307429860752208,3.095334224339658,5
scale_default,Epsilon_Greedy,epsilon=0.4,97,2.4216113722666486,0.6830662754197754,1.7385450968468732,3.104677647686424,5
scale_default,Epsilon_Greedy,epsilon=0.4,98,2.4336770503758767,0.6804805103595682,1.7531965400163085,3.114157560735445,5
scale_default,Epsilon_Greedy,epsilon=0.4,99,2.4380367145528825,0.6819935287871863,1.7560431857656962,3.120030243340069,5
scale_default,Epsilon_Greedy,epsilon=0.4,100,2.44518708452064,0.6857562436684516,1.7594308408521884,3.1309433281890917,5
scale_default,Epsilon_Greedy,epsilon=0.4,101,2.482884792589858,0.6537369437212944,1.8291478488685637,3.1366217363111524,5
scale_default,Epsilon_Greedy,epsilon=0.4,102,2.4987528886028323,0.6613429927733093,1.837409895829523,3.1600958813761415,5
scale_default,Epsilon_Greedy,epsilon=0.4,103,2.513139984305806,0.6748808815633502,1.8382591027424557,3.1880208658691562,5
scale_default,Epsilon_Greedy,epsilon=0.4,104,2.5332832836886308,0.694574837571561,1.8387084461170697,3.2278581212601916,5
scale_default,Epsilon_Greedy,epsilon=0.4,105,2.5425611902398786,0.6949949777264398,1.8475662125134389,3.2375561679663183,5
scale_default,Epsilon_Greedy,epsilon=0.4,106,2.589588539247459,0.6877718986566971,1.901816640590762,3.2773604379041563,5
scale_default,Epsilon_Greedy,epsilon=0.4,107,2.6244158900082812,0.6892848517137224,1.9351310382945588,3.3137007417220037,5
scale_default,Epsilon_Greedy,epsilon=0.4,108,2.6346409028937203,0.6921705765477151,1.9424703263460052,3.326811479441435,5
scale_default,Epsilon_Greedy,epsilon=0.4,109,2.6451536677482554,0.696824240615562,1.9483294271326934,3.3419779083638175,5
scale_default,Epsilon_Greedy,epsilon=0.4,110,2.6621253571884855,0.6974666200020533,1.9646587371864324,3.3595919771905387,5
scale_default,Epsilon_Greedy,epsilon=0.4,111,2.67329094429632,0.6987793614837923,1.9745115828125277,3.3720703057801122,5
scale_default,Epsilon_Greedy,epsilon=0.4,112,2.686570329845361,0.6995328549375597,1.9870374749078012,3.386103184782921,5
scale_default,Epsilon_Greedy,epsilon=0.4,113,2.691875786074617,0.7000323841666194,1.9918434019079976,3.391908170241236,5
scale_default,Epsilon_Greedy,epsilon=0.4,114,2.699336131428973,0.7028507148501824,1.9964854165787909,3.4021868462791556,5
scale_default,Epsilon_Greedy,epsilon=0.4,115,2.7102283574809154,0.7049645340844891,2.0052638233964264,3.4151928915654044,5
scale_default,Epsilon_Greedy,epsilon=0.4,116,2.7197697197386463,0.7085939611638823,2.011175758574764,3.4283636809025286,5
scale_default,Epsilon_Greedy,epsilon=0.4,117,2.729493354463538,0.6988974040530275,2.03059595041051,3.4283907585165654,5
scale_default,Epsilon_Greedy,epsilon=0.4,118,2.77781844377854,0.745826230179203,2.031992213599337,3.523644673957743,5
scale_default,Epsilon_Greedy,epsilon=0.4,119,2.7974534013115724,0.7516501013087215,2.045803300002851,3.549103502620294,5
scale_default,Epsilon_Greedy,epsilon=0.4,120,2.808181067018265,0.7634096694675361,2.044771397550729,3.571590736485801,5
scale_default,Epsilon_Greedy,epsilon=0.4,121,2.821718787360628,0.7756109783407805,2.0461078090198477,3.5973297657014083,5
scale_default,Epsilon_Greedy,epsilon=0.4,122,2.8376603110205165,0.7575785000056304,2.080081811014886,3.595238811026147,5
scale_default,Epsilon_Greedy,epsilon=0.4,123,2.847244145652982,0.7561217784977631,2.091122367155219,3.603365924150745,5
scale_default,Epsilon_Greedy,epsilon=0.4,124,2.8548063932247727,0.761899641376148,2.092906751848625,3.6167060346009205,5
scale_default,Epsilon_Greedy,epsilon=0.4,125,2.8757194304280027,0.7535831837381617,2.1221362466898412,3.629302614166164,5
scale_default,Epsilon_Greedy,epsilon=0.4,126,2.8820325062641534,0.7567004823730971,2.1253320238910565,3.6387329886372504,5
scale_default,Epsilon_Greedy,epsilon=0.4,127,2.9083141479026,0.7259720276758262,2.1823421202267737,3.634286175578426,5
scale_default,Epsilon_Greedy,epsilon=0.4,128,2.9155340925933584,0.7197694818400028,2.1957646107533555,3.6353035744333613,5
scale_default,Epsilon_Greedy,epsilon=0.4,129,2.929133699640777,0.701964370780193,2.227169328860584,3.63109807042097,5
scale_default,Epsilon_Greedy,epsilon=0.4,130,2.957440074345094,0.6976502397423788,2.2597898346027154,3.655090314087473,5
scale_default,Epsilon_Greedy,epsilon=0.4,131,2.970413889186849,0.6919629741423279,2.278450915044521,3.6623768633291767,5
scale_default,Epsilon_Greedy,epsilon=0.4,132,2.9871726368082814,0.6953861261807108,2.2917865106275706,3.682558762988992,5
scale_default,Epsilon_Greedy,epsilon=0.4,133,2.992738360753914,0.6912278921977059,2.301510468556208,3.68396625295162,5
scale_default,Epsilon_Greedy,epsilon=0.4,134,3.0016151582955795,0.6896066476221862,2.3120085106733934,3.6912218059177655,5
scale_default,Epsilon_Greedy,epsilon=0.4,135,3.0024921646514002,0.6906624206493307,2.3118297440020696,3.693154585300731,5
scale_default,Epsilon_Greedy,epsilon=0.4,136,3.0187089436120624,0.7079155445292121,2.31079339908285,3.7266244881412747,5
scale_default,Epsilon_Greedy,epsilon=0.4,137,3.0399478672088556,0.6962272289652176,2.3437206382436377,3.7361750961740734,5
scale_default,Epsilon_Greedy,epsilon=0.4,138,3.0488549835992598,0.6942324788292498,2.35462250477001,3.7430874624285098,5
scale_default,Epsilon_Greedy,epsilon=0.4,139,3.0541073976208293,0.6974598751581774,2.356647522462652,3.7515672727790066,5
scale_default,Epsilon_Greedy,epsilon=0.4,140,3.081356516546152,0.719110754013232,2.36224576253292,3.800467270559384,5
scale_default,Epsilon_Greedy,epsilon=0.4,141,3.091450560265563,0.7148952156017336,2.3765553446638292,3.8063457758672965,5
scale_default,Epsilon_Greedy,epsilon=0.4,142,3.103138338125712,0.7232790874765065,2.379859250649205,3.8264174256022185,5
scale_default,Epsilon_Greedy,epsilon=0.4,143,3.115663300221532,0.7256291215977781,2.390034178623754,3.8412924218193103,5
scale_default,Epsilon_Greedy,epsilon=0.4,144,3.1258499307975276,0.7219224025313329,2.4039275282661947,3.8477723333288605,5
scale_default,Epsilon_Greedy,epsilon=0.4,145,3.148336080483013,0.7165770536495484,2.431759026833465,3.8649131341325615,5
scale_default,Epsilon_Greedy,epsilon=0.4,146,3.1592928574163937,0.7223047377513356,2.436988119665058,3.8815975951677295,5
scale_default,Epsilon_Greedy,epsilon=0.4,147,3.1651344928390275,0.7246291698727964,2.440505322966231,3.889763662711824,5
scale_default,Epsilon_Greedy,epsilon=0.4,148,3.1722222112931946,0.7263517527859206,2.445870458507274,3.898573964079115,5
scale_default,Epsilon_Greedy,epsilon=0.4,149,3.178588161042894,0.7282936238868044,2.45029453715609,3.9068817849296984,5
scale_default,Epsilon_Greedy,epsilon=0.4,150,3.2117209578800696,0.705437073685208,2.5062838841948616,3.9171580315652776,5
scale_default,Epsilon_Greedy,epsilon=0.4,151,3.234998331618352,0.7224574272855708,2.512540904332781,3.9574557589039228,5
scale_default,Epsilon_Greedy,epsilon=0.4,152,3.2431991375087543,0.7235404718792785,2.5196586656294757,3.966739609388033,5
scale_default,Epsilon_Greedy,epsilon=0.4,153,3.2602379148246543,0.7293183560120958,2.5309195588125584,3.9895562708367502,5
scale_default,Epsilon_Greedy,epsilon=0.4,154,3.275940838959646,0.7139642754698841,2.561976563489762,3.98990511442953,5
scale_default,Epsilon_Greedy,epsilon=0.4,155,3.293894833732098,0.7011228292129766,2.592772004519121,3.9950176629450747,5
scale_default,Epsilon_Greedy,epsilon=0.4,156,3.3204148141356766,0.7102197147942286,2.610195099341448,4.030634528929905,5
scale_default,Epsilon_Greedy,epsilon=0.4,157,3.334613421806894,0.7051149181642704,2.6294985036426235,4.039728339971164,5
scale_default,Epsilon_Greedy,epsilon=0.4,158,3.3557267701327333,0.7217087303153984,2.634018039817335,4.077435500448132,5
scale_default,Epsilon_Greedy,epsilon=0.4,159,3.3662017624014693,0.7169605251733298,2.6492412372281393,4.083162287574799,5
scale_default,Epsilon_Greedy,epsilon=0.4,160,3.369063773516576,0.7156653098377315,2.6533984636788444,4.084729083354308,5
scale_default,Epsilon_Greedy,epsilon=0.4,161,3.3869148193132106,0.7252432320721135,2.661671587241097,4.112158051385324,5
scale_default,Epsilon_Greedy,epsilon=0.4,162,3.4210440945891434,0.7177140562976833,2.70333003829146,4.138758150886827,5
scale_default,Epsilon_Greedy,epsilon=0.4,163,3.4258976010702797,0.717796936547268,2.7081006645230117,4.143694537617548,5
scale_default,Epsilon_Greedy,epsilon=0.4,164,3.4426090801044884,0.7275019872552554,2.715107092849233,4.170111067359744,5
scale_default,Epsilon_Greedy,epsilon=0.4,165,3.446353652908568,0.7300379797515029,2.716315673157065,4.176391632660071,5
scale_default,Epsilon_Greedy,epsilon=0.4,166,3.484677637783352,0.7077850249797323,2.7768926128036195,4.192462662763084,5
scale_default,Epsilon_Greedy,epsilon=0.4,167,3.48690630960657,0.7091886740124911,2.7777176355940787,4.196094983619061,5
scale_default,Epsilon_Greedy,epsilon=0.4,168,3.509447021871054,0.6974407657427719,2.8120062561282824,4.206887787613826,5
scale_default,Epsilon_Greedy,epsilon=0.4,169,3.5139934974712213,0.6975794975817956,2.8164139998894258,4.211572995053017,5
scale_default,Epsilon_Greedy,epsilon=0.4,170,3.527774735747985,0.6850401762278241,2.842734559520161,4.212814911975809,5
scale_default,Epsilon_Greedy,epsilon=0.4,171,3.562909088225583,0.6896915940422931,2.87321749418329,4.252600682267876,5
scale_default,Epsilon_Greedy,epsilon=0.4,172,3.6179883232526224,0.7332148069943972,2.884773516258225,4.351203130247019,5
scale_default,Epsilon_Greedy,epsilon=0.4,173,3.6236434963577855,0.736241472201727,2.8874020241560583,4.359884968559513,5
scale_default,Epsilon_Greedy,epsilon=0.4,174,3.650797395859643,0.7526725313365623,2.898124864523081,4.4034699271962054,5
scale_default,Epsilon_Greedy,epsilon=0.4,175,3.6673173921147493,0.7581533668097535,2.909164025304996,4.425470758924503,5
scale_default,Epsilon_Greedy,epsilon=0.4,176,3.678847032248865,0.7562148226183344,2.922632209630531,4.435061854867199,5
scale_default,Epsilon_Greedy,epsilon=0.4,177,3.6944897877690366,0.7569656492674731,2.9375241385015634,4.451455437036509,5
scale_default,Epsilon_Greedy,epsilon=0.4,178,3.6956027381087595,0.7566121635541422,2.938990574554617,4.452214901662901,5
scale_default,Epsilon_Greedy,epsilon=0.4,179,3.706143462185689,0.759111275723238,2.947032186462451,4.465254737908927,5
scale_default,Epsilon_Greedy,epsilon=0.4,180,3.719204896379492,0.7667983468377145,2.9524065495417773,4.486003243217207,5
scale_default,Epsilon_Greedy,epsilon=0.4,181,3.727159009731525,0.7710588861543134,2.9561001235772113,4.498217895885838,5
scale_default,Epsilon_Greedy,epsilon=0.4,182,3.7640659963152623,0.734624628730953,3.029441367584309,4.4986906250462155,5
scale_default,Epsilon_Greedy,epsilon=0.4,183,3.7688930027670544,0.733181825075628,3.0357111776914265,4.502074827842683,5
scale_default,Epsilon_Greedy,epsilon=0.4,184,3.7847593453229202,0.7154305100374344,3.0693288352854857,4.500189855360355,5
scale_default,Epsilon_Greedy,epsilon=0.4,185,3.8019822178295066,0.7079297940449467,3.09405242378456,4.509912011874453,5
scale_default,Epsilon_Greedy,epsilon=0.4,186,3.815991189672367,0.7051219540136643,3.110869235658703,4.521113143686032,5
scale_default,Epsilon_Greedy,epsilon=0.4,187,3.8263488642479535,0.6955951377150336,3.13075372653292,4.5219440019629875,5
scale_default,Epsilon_Greedy,epsilon=0.4,188,3.8448492648411134,0.6917978373759317,3.153051427465182,4.536647102217045,5
scale_default,Epsilon_Greedy,epsilon=0.4,189,3.8640749865334123,0.7052994950700654,3.158775491463347,4.569374481603478,5
scale_default,Epsilon_Greedy,epsilon=0.4,190,3.87102473355561,0.7100169680225471,3.161007765533063,4.581041701578157,5
scale_default,Epsilon_Greedy,epsilon=0.4,191,3.8969744222061586,0.7295282540546307,3.167446168151528,4.626502676260789,5
scale_default,Epsilon_Greedy,epsilon=0.4,192,3.9097338752623236,0.7417544754350526,3.167979399827271,4.6514883506973765,5
scale_default,Epsilon_Greedy,epsilon=0.4,193,3.9199030654103035,0.7382434476731968,3.1816596177371066,4.6581465130835005,5
scale_default,Epsilon_Greedy,epsilon=0.4,194,3.93797433269444,0.754839636957981,3.183134695736459,4.692813969652421,5
scale_default,Epsilon_Greedy,epsilon=0.4,195,3.9499942498359166,0.7565904197675101,3.1934038300684064,4.706584669603426,5
scale_default,Epsilon_Greedy,epsilon=0.4,196,3.962344722875084,0.751237126812057,3.211107596063027,4.713581849687142,5
scale_default,Epsilon_Greedy,epsilon=0.4,197,3.9665023206667542,0.7461399598988832,3.2203623607678713,4.712642280565637,5
scale_default,Epsilon_Greedy,epsilon=0.4,198,3.9709934405059157,0.7464845742209578,3.2245088662849577,4.717478014726874,5
scale_default,Epsilon_Greedy,epsilon=0.4,199,4.02079536365509,0.751829972003631,3.2689653916514585,4.772625335658721,5
scale_default,Epsilon_Greedy,epsilon=0.4,200,4.206866460780389,0.7692714452674654,3.4375950155129233,4.976137906047854,5
scale_default,Epsilon_Greedy,epsilon=0.4,201,4.371393185298802,0.7114166803093396,3.659976504989463,5.082809865608142,5
scale_default,Epsilon_Greedy,epsilon=0.4,202,4.50388672302316,0.5950536581376236,3.9088330648855365,5.098940381160784,5
scale_default,Epsilon_Greedy,epsilon=0.4,203,4.69825827376596,0.6051599935548732,4.093098280211087,5.303418267320834,5
scale_default,Epsilon_Greedy,epsilon=0.4,204,4.897988236707502,0.5494529860768148,4.348535250630688,5.447441222784317,5
scale_default,Epsilon_Greedy,epsilon=0.4,205,4.983146706129584,0.5841119061549871,4.399034799974597,5.56725861228457,5
scale_default,Epsilon_Greedy,epsilon=0.4,206,5.235758330072437,0.6646134790696578,4.571144851002779,5.9003718091420945,5
scale_default,Epsilon_Greedy,epsilon=0.4,207,5.49718153913254,0.6529301334999307,4.844251405632609,6.1501116726324705,5
scale_default,Epsilon_Greedy,epsilon=0.4,208,5.584400273763817,0.6455849201402,4.9388153536236175,6.229985193904017,5
scale_default,Epsilon_Greedy,epsilon=0.4,209,5.71385160949023,0.7104008480615475,5.003450761428683,6.424252457551777,5
scale_default,Epsilon_Greedy,epsilon=0.4,210,5.958979762625461,0.689558696020151,5.26942106660531,6.6485384586456115,5
scale_default,Epsilon_Greedy,epsilon=0.4,211,6.072969953280232,0.7518539517278802,5.321116001552352,6.824823905008112,5
scale_default,Epsilon_Greedy,epsilon=0.4,212,6.281257588044996,0.6898710390957569,5.591386548949239,6.971128627140753,5
scale_default,Epsilon_Greedy,epsilon=0.4,213,6.491965628631585,0.6333833090101524,5.8585823196214335,7.125348937641737,5
scale_default,Epsilon_Greedy,epsilon=0.4,214,6.701625029537034,0.7042182986663353,5.997406730870699,7.405843328203369,5
scale_default,Epsilon_Greedy,epsilon=0.4,215,6.847673899107582,0.6971476840816627,6.150526215025919,7.544821583189244,5
scale_default,Epsilon_Greedy,epsilon=0.4,216,7.077772449618079,0.7713769104727844,6.306395539145295,7.8491493600908635,5
scale_default,Epsilon_Greedy,epsilon=0.4,217,7.405673148504112,0.6921450613131445,6.7135280871909675,8.097818209817257,5
scale_default,Epsilon_Greedy,epsilon=0.4,218,7.567261176805876,0.7565295501744591,6.810731626631417,8.323790726980334,5
scale_default,Epsilon_Greedy,epsilon=0.4,219,7.823927657653803,0.9084137268009559,6.915513930852847,8.73234138445476,5
scale_default,Epsilon_Greedy,epsilon=0.4,220,8.00801340793053,0.9931234782461326,7.014889929684398,9.001136886176663,5
scale_default,Epsilon_Greedy,epsilon=0.4,221,8.11411623285053,1.0047524573387183,7.109363775511811,9.118868690189247,5
scale_default,Epsilon_Greedy,epsilon=0.4,222,8.236821954200408,1.0546851374900588,7.18213681671035,9.291507091690468,5
scale_default,Epsilon_Greedy,epsilon=0.4,223,8.427345233177508,1.0676196785623016,7.359725554615206,9.49496491173981,5
scale_default,Epsilon_Greedy,epsilon=0.4,224,8.54105525399268,1.0673040731880374,7.473751180804642,9.608359327180716,5
scale_default,Epsilon_Greedy,epsilon=0.4,225,8.79762977372403,1.1336176469434192,7.6640121267806105,9.931247420667448,5
scale_default,Epsilon_Greedy,epsilon=0.4,226,9.036811513027,1.2071058196951676,7.829705693331833,10.243917332722168,5
scale_default,Epsilon_Greedy,epsilon=0.4,227,9.190342416789736,1.2750076723866457,7.915334744403091,10.465350089176383,5
scale_default,Epsilon_Greedy,epsilon=0.4,228,9.325778062996672,1.2114640040296278,8.114314058967045,10.5372420670263,5
scale_default,Epsilon_Greedy,epsilon=0.4,229,9.483006486165712,1.267010430707962,8.21599605545775,10.750016916873674,5
scale_default,Epsilon_Greedy,epsilon=0.4,230,9.668252090692777,1.3093701802666513,8.358881910426126,10.977622270959428,5
scale_default,Epsilon_Greedy,epsilon=0.4,231,9.809446784776037,1.302721494939439,8.506725289836599,11.112168279715476,5
scale_default,Epsilon_Greedy,epsilon=0.4,232,9.982618171295204,1.2873871530168401,8.695231018278363,11.270005324312045,5
scale_default,Epsilon_Greedy,epsilon=0.4,233,10.086951314103887,1.281030497006308,8.80592081709758,11.367981811110194,5
scale_default,Epsilon_Greedy,epsilon=0.4,234,10.193504314963569,1.2737747653022158,8.919729549661353,11.467279080265785,5
scale_default,Epsilon_Greedy,epsilon=0.4,235,10.388103071004696,1.2461308725449094,9.141972198459786,11.634233943549606,5
scale_default,Epsilon_Greedy,epsilon=0.4,236,10.660390422819178,1.2060664792706541,9.454323943548523,11.866456902089833,5
scale_default,Epsilon_Greedy,epsilon=0.4,237,10.824215960776941,1.2494479592032677,9.574768001573673,12.07366391998021,5
scale_default,Epsilon_Greedy,epsilon=0.4,238,10.892895233150526,1.2564961783513229,9.636399054799202,12.149391411501849,5
scale_default,Epsilon_Greedy,epsilon=0.4,239,11.03416701245525,1.1974892374848354,9.836677774970415,12.231656249940084,5
scale_default,Epsilon_Greedy,epsilon=0.4,240,11.140244088989252,1.208695703653833,9.93154838533542,12.348939792643085,5
scale_default,Epsilon_Greedy,epsilon=0.4,241,11.301946715033193,1.2525257470712627,10.04942096796193,12.554472462104455,5
scale_default,Epsilon_Greedy,epsilon=0.4,242,11.58708729432379,1.2411241918599596,10.34596310246383,12.82821148618375,5
scale_default,Epsilon_Greedy,epsilon=0.4,243,11.790706469734422,1.250336562156889,10.540369907577533,13.041043031891311,5
scale_default,Epsilon_Greedy,epsilon=0.4,244,11.944676078647978,1.210816315899219,10.733859762748759,13.155492394547197,5
scale_default,Epsilon_Greedy,epsilon=0.4,245,12.054348876724516,1.1320996865938389,10.922249190130678,13.186448563318354,5
scale_default,Epsilon_Greedy,epsilon=0.4,246,12.219346880874623,1.0990997657800916,11.120247115094532,13.318446646654714,5
scale_default,Epsilon_Greedy,epsilon=0.4,247,12.43911282510665,1.197471688266832,11.241641136839817,13.636584513373482,5
scale_default,Epsilon_Greedy,epsilon=0.4,248,12.59248609542486,1.1850350871325919,11.407451008292268,13.777521182557452,5
scale_default,Epsilon_Greedy,epsilon=0.4,249,12.759018595624957,1.200283052679711,11.558735542945247,13.959301648304667,5
scale_default,Epsilon_Greedy,epsilon=0.4,250,12.92499683612706,1.2060661971460733,11.718930638980986,14.131063033273133,5
scale_default,Epsilon_Greedy,epsilon=0.4,251,13.056695275418358,1.2513165614947181,11.80537871392364,14.308011836913076,5
scale_default,Epsilon_Greedy,epsilon=0.4,252,13.277126762934248,1.2473728688936323,12.029753894040615,14.524499631827881,5
scale_default,Epsilon_Greedy,epsilon=0.4,253,13.498711381626396,1.2944447527407577,12.20426662888564,14.793156134367154,5
scale_default,Epsilon_Greedy,epsilon=0.4,254,13.626062921289227,1.2746083855924508,12.351454535696776,14.900671306881678,5
scale_default,Epsilon_Greedy,epsilon=0.4,255,13.728999620261074,1.334042196909405,12.39495742335167,15.063041817170479,5
scale_default,Epsilon_Greedy,epsilon=0.4,256,13.853593829632407,1.4198051632523683,12.433788666380039,15.273398992884776,5
scale_default,Epsilon_Greedy,epsilon=0.4,257,14.055726128563734,1.309169959911642,12.746556168652091,15.364896088475376,5
scale_default,Epsilon_Greedy,epsilon=0.4,258,14.136890493564383,1.286402279086594,12.850488214477789,15.423292772650978,5
scale_default,Epsilon_Greedy,epsilon=0.4,259,14.245436824813599,1.3389042040768298,12.906532620736769,15.584341028890428,5
scale_default,Epsilon_Greedy,epsilon=0.4,260,14.536045061460431,1.1550224317476852,13.381022629712746,15.691067493208116,5
scale_default,Epsilon_Greedy,epsilon=0.4,261,14.785009908725902,1.2095725116930847,13.575437397032818,15.994582420418986,5
scale_default,Epsilon_Greedy,epsilon=0.4,262,14.92793322447704,1.1834019151694022,13.74453130930764,16.111335139646442,5
scale_default,Epsilon_Greedy,epsilon=0.4,263,15.075246668625471,1.1282355599397493,13.947011108685722,16.20348222856522,5
scale_default,Epsilon_Greedy,epsilon=0.4,264,15.238185318259076,1.093023352092761,14.145161966166315,16.331208670351838,5
scale_default,Epsilon_Greedy,epsilon=0.4,265,15.341862054326967,1.1247768599479355,14.217085194379031,16.466638914274903,5
scale_default,Epsilon_Greedy,epsilon=0.4,266,15.49661626345655,1.1488847677797023,14.347731495676848,16.645501031236254,5
scale_default,Epsilon_Greedy,epsilon=0.4,267,15.638864093958952,1.2228582096226408,14.416005884336311,16.861722303581594,5
scale_default,Epsilon_Greedy,epsilon=0.4,268,15.849768187329696,1.1212566086615496,14.728511578668146,16.971024795991244,5
scale_default,Epsilon_Greedy,epsilon=0.4,269,16.02167178730262,1.2888448003055026,14.732826986997116,17.31051658760812,5
scale_default,Epsilon_Greedy,epsilon=0.4,270,16.170332065268664,1.2229350992107526,14.94739696605791,17.393267164479415,5
scale_default,Epsilon_Greedy,epsilon=0.4,271,16.26409210323013,1.2577462783743891,15.00634582485574,17.521838381604518,5
scale_default,Epsilon_Greedy,epsilon=0.4,272,16.503195740692284,1.211105962755175,15.29208977793711,17.71430170344746,5
scale_default,Epsilon_Greedy,epsilon=0.4,273,16.83826284936426,1.3237287260993533,15.514534123264905,18.161991575463613,5
scale_default,Epsilon_Greedy,epsilon=0.4,274,17.111245323537467,1.5494073012999017,15.561838022237566,18.66065262483737,5
scale_default,Epsilon_Greedy,epsilon=0.4,275,17.30947482270662,1.5141876503751464,15.795287172331474,18.823662473081765,5
scale_default,Epsilon_Greedy,epsilon=0.4,276,17.422042736637326,1.5793191088683298,15.842723627768997,19.001361845505656,5
scale_default,Epsilon_Greedy,epsilon=0.4,277,17.64731917960227,1.5610002736922337,16.086318905910037,19.208319453294504,5
scale_default,Epsilon_Greedy,epsilon=0.4,278,17.812737959498268,1.5341602514626087,16.27857770803566,19.346898210960877,5
scale_default,Epsilon_Greedy,epsilon=0.4,279,18.04805334873428,1.5505993379303988,16.497454010803878,19.59865268666468,5
scale_default,Epsilon_Greedy,epsilon=0.4,280,18.27478663686456,1.5817160263760301,16.693070610488533,19.85650266324059,5
scale_default,Epsilon_Greedy,epsilon=0.4,281,18.35838636396066,1.53371926774676,16.824667096213897,19.89210563170742,5
scale_default,Epsilon_Greedy,epsilon=0.4,282,18.516648703337722,1.6060421814463242,16.9106065218914,20.122690884784046,5
scale_default,Epsilon_Greedy,epsilon=0.4,283,18.64607622753301,1.5868391500461856,17.059237077486824,20.232915377579193,5
scale_default,Epsilon_Greedy,epsilon=0.4,284,18.774621280281156,1.5169898307566154,17.257631449524542,20.29161111103777,5
scale_default,Epsilon_Greedy,epsilon=0.4,285,18.901864059794686,1.5242228536592566,17.37764120613543,20.426086913453943,5
scale_default,Epsilon_Greedy,epsilon=0.4,286,19.110139030045865,1.6269372516747376,17.48320177837113,20.7370762817206,5
scale_default,Epsilon_Greedy,epsilon=0.4,287,19.204226815160037,1.584226962346511,17.619999852813528,20.788453777506547,5
scale_default,Epsilon_Greedy,epsilon=0.4,288,19.441539838489717,1.5734595501088653,17.868080288380852,21.014999388598582,5
scale_default,Epsilon_Greedy,epsilon=0.4,289,19.627349383106612,1.653881594869422,17.97346778823719,21.281230977976033,5
scale_default,Epsilon_Greedy,epsilon=0.4,290,19.94483173561752,1.661743872307648,18.28308786330987,21.60657560792517,5
scale_default,Epsilon_Greedy,epsilon=0.4,291,20.15135827659042,1.609925557416852,18.541432719173567,21.76128383400727,5
scale_default,Epsilon_Greedy,epsilon=0.4,292,20.21981831298796,1.5898469190702351,18.629971393917724,21.809665232058197,5
scale_default,Epsilon_Greedy,epsilon=0.4,293,20.329949093117442,1.5566938555977878,18.773255237519653,21.88664294871523,5
scale_default,Epsilon_Greedy,epsilon=0.4,294,20.455736779782367,1.4487964424152553,19.006940337367112,21.90453322219762,5
scale_default,Epsilon_Greedy,epsilon=0.4,295,20.673244914235294,1.53373000537844,19.139514908856853,22.206974919613735,5
scale_default,Epsilon_Greedy,epsilon=0.4,296,20.90066138471628,1.4260102818301061,19.474651102886174,22.326671666546385,5
scale_default,Epsilon_Greedy,epsilon=0.4,297,21.007050340929943,1.4518433332162048,19.55520700771374,22.458893674146147,5
scale_default,Epsilon_Greedy,epsilon=0.4,298,21.16414503687588,1.3887673440716914,19.775377692804188,22.55291238094757,5
scale_default,Epsilon_Greedy,epsilon=0.4,299,21.24434334198847,1.4652543531153075,19.779088988873163,22.709597695103774,5
scale_default,Epsilon_Greedy,epsilon=0.4,300,21.4133953098069,1.4574395212230655,19.955955788583836,22.870834831029967,5
scale_default,Epsilon_Greedy,epsilon=0.4,301,21.61481749647168,1.4179380000697868,20.196879496401895,23.032755496541466,5
scale_default,Epsilon_Greedy,epsilon=0.4,302,21.82356494517732,1.2552375719158977,20.568327373261422,23.07880251709322,5
scale_default,Epsilon_Greedy,epsilon=0.4,303,21.95268156069088,1.2485037506863288,20.704177810004552,23.20118531137721,5
scale_default,Epsilon_Greedy,epsilon=0.4,304,22.313129899358252,1.1764741859591148,21.136655713399136,23.489604085317367,5
scale_default,Epsilon_Greedy,epsilon=0.4,305,22.454716057346594,1.1975082709775444,21.25720778636905,23.652224328324138,5
scale_default,Epsilon_Greedy,epsilon=0.4,306,22.67941283711665,1.1479759567580075,21.531436880358644,23.827388793874658,5
scale_default,Epsilon_Greedy,epsilon=0.4,307,22.805752622464915,1.2474448169904147,21.5583078054745,24.05319743945533,5
scale_default,Epsilon_Greedy,epsilon=0.4,308,23.02285544101614,1.1954816313231125,21.82737380969303,24.218337072339253,5
scale_default,Epsilon_Greedy,epsilon=0.4,309,23.105426595407614,1.1631721333451068,21.942254462062508,24.26859872875272,5
scale_default,Epsilon_Greedy,epsilon=0.4,310,23.223567945073377,1.1385213802682805,22.085046564805097,24.362089325341657,5
scale_default,Epsilon_Greedy,epsilon=0.4,311,23.3491753320722,1.1756552041395572,22.173520127932644,24.524830536211756,5
scale_default,Epsilon_Greedy,epsilon=0.4,312,23.69471385474754,1.2577993179433804,22.43691453680416,24.95251317269092,5
scale_default,Epsilon_Greedy,epsilon=0.4,313,23.775816724266434,1.3019369870185808,22.473879737247852,25.077753711285016,5
scale_default,Epsilon_Greedy,epsilon=0.4,314,24.001069371804174,1.3133772173149785,22.687692154489195,25.314446589119154,5
scale_default,Epsilon_Greedy,epsilon=0.4,315,24.299559292589784,1.3657492886652502,22.933810003924535,25.665308581255033,5
scale_default,Epsilon_Greedy,epsilon=0.4,316,24.604807955155422,1.4030926037926508,23.201715351362772,26.007900558948073,5
scale_default,Epsilon_Greedy,epsilon=0.4,317,24.767012589956558,1.5693382422072684,23.197674347749288,26.336350832163827,5
scale_default,Epsilon_Greedy,epsilon=0.4,318,24.9652509905169,1.528757892614765,23.436493097902137,26.494008883131663,5
scale_default,Epsilon_Greedy,epsilon=0.4,319,25.111842551336956,1.5313877121119344,23.58045483922502,26.643230263448892,5
scale_default,Epsilon_Greedy,epsilon=0.4,320,25.32607332432243,1.5396271840881093,23.78644614023432,26.865700508410537,5
scale_default,Epsilon_Greedy,epsilon=0.4,321,25.48364473635294,1.5171684516722246,23.966476284680716,27.000813188025163,5
scale_default,Epsilon_Greedy,epsilon=0.4,322,25.670366102453812,1.4647790066780804,24.205587095775734,27.13514510913189,5
scale_default,Epsilon_Greedy,epsilon=0.4,323,25.781606305486314,1.505966160982811,24.2756401445035,27.287572466469125,5
scale_default,Epsilon_Greedy,epsilon=0.4,324,25.8768053542344,1.4770597798559086,24.39974557437849,27.35386513409031,5
scale_default,Epsilon_Greedy,epsilon=0.4,325,26.024002053055284,1.4438089963906373,24.580193056664648,27.46781104944592,5
scale_default,Epsilon_Greedy,epsilon=0.4,326,26.134521919515464,1.3809293891974341,24.75359253031803,27.515451308712898,5
scale_default,Epsilon_Greedy,epsilon=0.4,327,26.34796635443047,1.4449884132219477,24.90297794120852,27.792954767652418,5
scale_default,Epsilon_Greedy,epsilon=0.4,328,26.43506469634941,1.412364925979312,25.0226997703701,27.847429622328722,5
scale_default,Epsilon_Greedy,epsilon=0.4,329,26.495853338115932,1.4499309097647348,25.045922428351197,27.945784247880667,5
scale_default,Epsilon_Greedy,epsilon=0.4,330,26.709850282218248,1.5188448003997705,25.19100548181848,28.228695082618017,5
scale_default,Epsilon_Greedy,epsilon=0.4,331,26.90785631139638,1.487721539501681,25.4201347718947,28.39557785089806,5
scale_default,Epsilon_Greedy,epsilon=0.4,332,27.03301269096533,1.5240061152015025,25.509006575763827,28.55701880616683,5
scale_default,Epsilon_Greedy,epsilon=0.4,333,27.2598026066104,1.4786934037162318,25.781109202894168,28.73849601032663,5
scale_default,Epsilon_Greedy,epsilon=0.4,334,27.406075142405292,1.5366633140241512,25.869411828381143,28.942738456429442,5
scale_default,Epsilon_Greedy,epsilon=0.4,335,27.525498745281517,1.5612463351808017,25.964252410100716,29.086745080462318,5
scale_default,Epsilon_Greedy,epsilon=0.4,336,27.69393507447211,1.63395336688418,26.05998170758793,29.327888441356286,5
scale_default,Epsilon_Greedy,epsilon=0.4,337,27.916171335546057,1.7279146908155298,26.188256644730526,29.644086026361588,5
scale_default,Epsilon_Greedy,epsilon=0.4,338,28.013512075902714,1.6799292923733682,26.333582783529344,29.693441368276083,5
scale_default,Epsilon_Greedy,epsilon=0.4,339,28.20763743219993,1.6291903500840759,26.578447082115854,29.836827782284008,5
scale_default,Epsilon_Greedy,epsilon=0.4,340,28.327214119002992,1.575777115915974,26.75143700308702,29.902991234918964,5
scale_default,Epsilon_Greedy,epsilon=0.4,341,28.54938396691788,1.5835401548908834,26.965843812026996,30.132924121808763,5
scale_default,Epsilon_Greedy,epsilon=0.4,342,28.818161716127086,1.6708937646263302,27.147267951500755,30.489055480753418,5
scale_default,Epsilon_Greedy,epsilon=0.4,343,28.914567809888876,1.6453985740367572,27.269169235852118,30.559966383925634,5
scale_default,Epsilon_Greedy,epsilon=0.4,344,29.024076098950008,1.674136285904725,27.34993981304528,30.698212384854735,5
scale_default,Epsilon_Greedy,epsilon=0.4,345,29.261557265580173,1.609913548983399,27.651643716596773,30.871470814563573,5
scale_default,Epsilon_Greedy,epsilon=0.4,346,29.37626730555009,1.6165137608638003,27.75975354468629,30.99278106641389,5
scale_default,Epsilon_Greedy,epsilon=0.4,347,29.573322643815818,1.5960848016556979,27.977237842160118,31.169407445471517,5
scale_default,Epsilon_Greedy,epsilon=0.4,348,29.787120206865996,1.519086839667604,28.26803336719839,31.3062070465336,5
scale_default,Epsilon_Greedy,epsilon=0.4,349,29.895929404353588,1.5884339994173438,28.307495404936244,31.48436340377093,5
scale_default,Epsilon_Greedy,epsilon=0.4,350,30.066727308126975,1.5981444906135445,28.46858281751343,31.66487179874052,5
scale_default,Epsilon_Greedy,epsilon=0.4,351,30.1115800013092,1.5984015093928545,28.513178491916346,31.709981510702054,5
scale_default,Epsilon_Greedy,epsilon=0.4,352,30.236975275756073,1.6743986086237148,28.562576667132358,31.91137388437979,5
scale_default,Epsilon_Greedy,epsilon=0.4,353,30.34655036000841,1.7267122928193535,28.619838067189058,32.073262652827765,5
scale_default,Epsilon_Greedy,epsilon=0.4,354,30.54069170208914,1.6625016608178484,28.878190041271292,32.20319336290699,5
scale_default,Epsilon_Greedy,epsilon=0.4,355,30.61714193800683,1.6545742218296624,28.96256771617717,32.271716159836494,5
scale_default,Epsilon_Greedy,epsilon=0.4,356,30.904876615832638,1.5450567048836976,29.35981991094894,32.44993332071633,5
scale_default,Epsilon_Greedy,epsilon=0.4,357,31.02108417591063,1.5166561858054228,29.504427990105206,32.537740361716054,5
scale_default,Epsilon_Greedy,epsilon=0.4,358,31.185515714962087,1.5627177777599643,29.622797937202122,32.74823349272205,5
scale_default,Epsilon_Greedy,epsilon=0.4,359,31.330029796146096,1.5581811559101948,29.771848640235902,32.88821095205629,5
scale_default,Epsilon_Greedy,epsilon=0.4,360,31.63926405323348,1.5711359770881523,30.068128076145328,33.21040003032163,5
scale_default,Epsilon_Greedy,epsilon=0.4,361,31.766960399284805,1.6732747630329416,30.093685636251863,33.44023516231775,5
scale_default,Epsilon_Greedy,epsilon=0.4,362,31.996260367584618,1.5036800760550861,30.49258029152953,33.4999404436397,5
scale_default,Epsilon_Greedy,epsilon=0.4,363,32.236016138768605,1.7607618221842791,30.475254316584326,33.99677796095288,5
scale_default,Epsilon_Greedy,epsilon=0.4,364,32.37358808416459,1.7212999688820736,30.652288115282513,34.09488805304666,5
scale_default,Epsilon_Greedy,epsilon=0.4,365,32.716811127596706,1.7253462061618867,30.99146492143482,34.442157333758594,5
scale_default,Epsilon_Greedy,epsilon=0.4,366,32.89196464079976,1.6734463911746869,31.218518249625077,34.56541103197445,5
scale_default,Epsilon_Greedy,epsilon=0.4,367,33.05038700464629,1.6077069391505716,31.44268006549572,34.658093943796864,5
scale_default,Epsilon_Greedy,epsilon=0.4,368,33.42131791202681,1.649288318514691,31.772029593512116,35.0706062305415,5
scale_default,Epsilon_Greedy,epsilon=0.4,369,33.530642589810896,1.6701070132341098,31.860535576576787,35.200749603045004,5
scale_default,Epsilon_Greedy,epsilon=0.4,370,33.67249073701049,1.6643940460871616,32.00809669092333,35.33688478309765,5
scale_default,Epsilon_Greedy,epsilon=0.4,371,33.87162271391496,1.6733621197410535,32.1982605941739,35.54498483365602,5
scale_default,Epsilon_Greedy,epsilon=0.4,372,34.061062900446096,1.7497346575686046,32.311328242877494,35.8107975580147,5
scale_default,Epsilon_Greedy,epsilon=0.4,373,34.21332724913547,1.8475186012260052,32.36580864790946,36.060845850361474,5
scale_default,Epsilon_Greedy,epsilon=0.4,374,34.38820115073228,1.830441205990473,32.557759944741804,36.218642356722754,5
scale_default,Epsilon_Greedy,epsilon=0.4,375,34.60577277490801,1.8432992100293097,32.762473564878704,36.44907198493732,5
scale_default,Epsilon_Greedy,epsilon=0.4,376,34.734635095375076,1.8158317707671343,32.91880332460794,36.55046686614221,5
scale_default,Epsilon_Greedy,epsilon=0.4,377,34.87840735101168,1.8150168743636435,33.06339047664804,36.693424225375324,5
scale_default,Epsilon_Greedy,epsilon=0.4,378,35.00402698657639,1.7918095151279962,33.2122174714484,36.795836501704386,5
scale_default,Epsilon_Greedy,epsilon=0.4,379,35.30398818482611,1.708795311049457,33.595192873776654,37.01278349587557,5
scale_default,Epsilon_Greedy,epsilon=0.4,380,35.45367978015398,1.6753024936570076,33.778377286496976,37.12898227381099,5
scale_default,Epsilon_Greedy,epsilon=0.4,381,35.61142933674166,1.7281356064549616,33.883293730286695,37.33956494319662,5
scale_default,Epsilon_Greedy,epsilon=0.4,382,35.802027965024045,1.8050333121885942,33.996994652835454,37.60706127721264,5
scale_default,Epsilon_Greedy,epsilon=0.4,383,35.8803613534884,1.8586773572785464,34.02168399620985,37.73903871076694,5
scale_default,Epsilon_Greedy,epsilon=0.4,384,36.02367132922508,1.8239818445017484,34.199689484723336,37.847653173726826,5
scale_default,Epsilon_Greedy,epsilon=0.4,385,36.134100078200454,1.7924723763015848,34.34162770189887,37.926572454502036,5
scale_default,Epsilon_Greedy,epsilon=0.4,386,36.28808359560487,1.7208354023226597,34.56724819328221,38.00891899792752,5
scale_default,Epsilon_Greedy,epsilon=0.4,387,36.4583220971453,1.6413245384341724,34.81699755871113,38.09964663557947,5
scale_default,Epsilon_Greedy,epsilon=0.4,388,36.677647096126506,1.7343344111119219,34.94331268501458,38.41198150723843,5
scale_default,Epsilon_Greedy,epsilon=0.4,389,36.84196778636233,1.7759249846953498,35.06604280166698,38.61789277105768,5
scale_default,Epsilon_Greedy,epsilon=0.4,390,36.96539558934531,1.787322353734691,35.178073235610626,38.75271794308,5
scale_default,Epsilon_Greedy,epsilon=0.4,391,37.20058563349304,1.6852767235743578,35.51530890991869,38.885862357067396,5
scale_default,Epsilon_Greedy,epsilon=0.4,392,37.40283751815966,1.7147276911517868,35.68810982700787,39.117565209311444,5
scale_default,Epsilon_Greedy,epsilon=0.4,393,37.6538921214007,1.7629986387456311,35.89089348265507,39.41689076014633,5
scale_default,Epsilon_Greedy,epsilon=0.4,394,37.92050657796223,1.8186107457731155,36.101895832189115,39.73911732373534,5
scale_default,Epsilon_Greedy,epsilon=0.4,395,38.11009338210967,1.808386200654475,36.30170718145519,39.91847958276414,5
scale_default,Epsilon_Greedy,epsilon=0.4,396,38.18068868712443,1.7874331016733056,36.39325558545112,39.96812178879774,5
scale_default,Epsilon_Greedy,epsilon=0.4,397,38.27739165515737,1.8732698450964154,36.40412181006096,40.15066150025379,5
scale_default,Epsilon_Greedy,epsilon=0.4,398,38.44262133142114,1.8932047727278578,36.54941655869328,40.33582610414899,5
scale_default,Epsilon_Greedy,epsilon=0.4,399,38.62146667136041,1.9322004535216804,36.68926621783873,40.55366712488209,5
scale_default,Epsilon_Greedy,epsilon=0.4,400,38.768081884445316,1.8594012363098806,36.90868064813544,40.627483120755194,5
scale_default,Epsilon_Greedy,epsilon=0.4,401,38.96891893337894,1.7838321995326785,37.18508673384626,40.75275113291161,5
scale_default,Epsilon_Greedy,epsilon=0.4,402,39.09051215752289,1.8114673783496764,37.27904477917321,40.90197953587256,5
scale_default,Epsilon_Greedy,epsilon=0.4,403,39.24408798733711,1.8319607133317746,37.412127274005336,41.076048700668885,5
scale_default,Epsilon_Greedy,epsilon=0.4,404,39.38555667560192,1.881394884154722,37.504161791447196,41.26695155975664,5
scale_default,Epsilon_Greedy,epsilon=0.4,405,39.62423794954166,1.8600095947749318,37.76422835476673,41.48424754431659,5
scale_default,Epsilon_Greedy,epsilon=0.4,406,39.75288463063649,1.7907979759926898,37.9620866546438,41.543682606629176,5
scale_default,Epsilon_Greedy,epsilon=0.4,407,39.940817349019326,1.6991688691071585,38.241648479912165,41.63998621812649,5
scale_default,Epsilon_Greedy,epsilon=0.4,408,40.04922782029693,1.758551600838087,38.29067621945884,41.80777942113502,5
scale_default,Epsilon_Greedy,epsilon=0.4,409,40.11750714016581,1.7244321503696958,38.39307498979612,41.84193929053551,5
scale_default,Epsilon_Greedy,epsilon=0.4,410,40.35934376707422,1.6498036887583178,38.709540078315904,42.00914745583254,5
scale_default,Epsilon_Greedy,epsilon=0.4,411,40.5425579472692,1.5779950073102835,38.96456293995892,42.12055295457949,5
scale_default,Epsilon_Greedy,epsilon=0.4,412,40.72112808452262,1.7396373715837217,38.9814907129389,42.46076545610634,5
scale_default,Epsilon_Greedy,epsilon=0.4,413,40.84039835910819,1.7111255709204694,39.12927278818772,42.551523930028665,5
scale_default,Epsilon_Greedy,epsilon=0.4,414,40.957402862109895,1.71943068422591,39.23797217788398,42.67683354633581,5
scale_default,Epsilon_Greedy,epsilon=0.4,415,41.15604182422054,1.6907890951359081,39.46525272908463,42.84683091935644,5
scale_default,Epsilon_Greedy,epsilon=0.4,416,41.35566350884928,1.666795237915693,39.68886827093359,43.022458746764976,5
scale_default,Epsilon_Greedy,epsilon=0.4,417,41.491284457401015,1.624752552128305,39.86653190527271,43.11603700952932,5
scale_default,Epsilon_Greedy,epsilon=0.4,418,41.7586805229174,1.7077729350024695,40.050907587914935,43.46645345791987,5
scale_default,Epsilon_Greedy,epsilon=0.4,419,41.937061518444516,1.8567708865778458,40.08029063186667,43.793832405022364,5
scale_default,Epsilon_Greedy,epsilon=0.4,420,42.072280323212226,1.8239360324540097,40.24834429075822,43.89621635566623,5
scale_default,Epsilon_Greedy,epsilon=0.4,421,42.23657967672123,1.8802865443224213,40.356293132398804,44.11686622104365,5
scale_default,Epsilon_Greedy,epsilon=0.4,422,42.39903566864398,1.784236417358378,40.6147992512856,44.18327208600236,5
scale_default,Epsilon_Greedy,epsilon=0.4,423,42.55245969799499,1.648462503913377,40.90399719408161,44.20092220190837,5
scale_default,Epsilon_Greedy,epsilon=0.4,424,42.625966670826784,1.6053717837268011,41.02059488709998,44.23133845455359,5
scale_default,Epsilon_Greedy,epsilon=0.4,425,42.75254837428052,1.648414877677888,41.104133496602635,44.40096325195841,5
scale_default,Epsilon_Greedy,epsilon=0.4,426,42.994256631096235,1.6266130788363278,41.367643552259906,44.62086970993256,5
scale_default,Epsilon_Greedy,epsilon=0.4,427,43.127286130468654,1.7201379390487361,41.40714819141992,44.84742406951739,5
scale_default,Epsilon_Greedy,epsilon=0.4,428,43.39720441542089,1.7973414921817028,41.599862923239186,45.19454590760259,5
scale_default,Epsilon_Greedy,epsilon=0.4,429,43.51321935215872,1.8403322537531799,41.67288709840554,45.3535516059119,5
scale_default,Epsilon_Greedy,epsilon=0.4,430,43.7543067869007,1.7411275279196285,42.01317925898107,45.49543431482033,5
scale_default,Epsilon_Greedy,epsilon=0.4,431,43.867061220487635,1.6968160489537698,42.170245171533864,45.563877269441406,5
scale_default,Epsilon_Greedy,epsilon=0.4,432,43.980648315878305,1.7918992099386333,42.18874910593967,45.77254752581694,5
scale_default,Epsilon_Greedy,epsilon=0.4,433,44.160512721575664,1.8360508421709512,42.324461879404716,45.99656356374661,5
scale_default,Epsilon_Greedy,epsilon=0.4,434,44.2823067581066,1.7983617679491586,42.48394499015744,46.08066852605576,5
scale_default,Epsilon_Greedy,epsilon=0.4,435,44.40563827721466,1.792373194659469,42.613265082555195,46.19801147187413,5
scale_default,Epsilon_Greedy,epsilon=0.4,436,44.62732086261978,1.7004378965046514,42.92688296611513,46.327758759124436,5
scale_default,Epsilon_Greedy,epsilon=0.4,437,44.84821220807034,1.6338092358081902,43.21440297226215,46.48202144387854,5
scale_default,Epsilon_Greedy,epsilon=0.4,438,44.970199984456556,1.5844292897629308,43.385770694693626,46.55462927421949,5
scale_default,Epsilon_Greedy,epsilon=0.4,439,45.20141624889287,1.492838038868687,43.70857821002418,46.69425428776156,5
scale_default,Epsilon_Greedy,epsilon=0.4,440,45.38848236106681,1.4854588869968501,43.903023474069954,46.87394124806366,5
scale_default,Epsilon_Greedy,epsilon=0.4,441,45.6083941552932,1.609347237271958,43.99904691802124,47.21774139256515,5
scale_default,Epsilon_Greedy,epsilon=0.4,442,45.76801975373116,1.5468898037017536,44.22112995002941,47.31490955743291,5
scale_default,Epsilon_Greedy,epsilon=0.4,443,45.98956341522746,1.4322431532085529,44.557320262018905,47.42180656843601,5
scale_default,Epsilon_Greedy,epsilon=0.4,444,46.18914187687881,1.5561093985419128,44.633032478336894,47.74525127542072,5
scale_default,Epsilon_Greedy,epsilon=0.4,445,46.31483893094389,1.5455177824491144,44.769321148494775,47.86035671339301,5
scale_default,Epsilon_Greedy,epsilon=0.4,446,46.42840028907336,1.6576426988805297,44.77075759019283,48.08604298795389,5
scale_default,Epsilon_Greedy,epsilon=0.4,447,46.67210982334666,1.8517127260695363,44.82039709727712,48.523822549416195,5
scale_default,Epsilon_Greedy,epsilon=0.4,448,46.86952105005948,1.7476965258091302,45.12182452425035,48.617217575868615,5
scale_default,Epsilon_Greedy,epsilon=0.4,449,47.02476706598301,1.7758374515368507,45.24892961444616,48.800604517519865,5
scale_default,Epsilon_Greedy,epsilon=0.4,450,47.143318820666735,1.8548746541353527,45.288444166531384,48.998193474802086,5
scale_default,Epsilon_Greedy,epsilon=0.4,451,47.290596092125995,1.8536492177301238,45.43694687439587,49.14424530985612,5
scale_default,Epsilon_Greedy,epsilon=0.4,452,47.414375883269216,1.7624972813837823,45.651878601885436,49.176873164652996,5
scale_default,Epsilon_Greedy,epsilon=0.4,453,47.64782661874204,1.6799359874245674,45.96789063131747,49.3277626061666,5
scale_default,Epsilon_Greedy,epsilon=0.4,454,47.792556090808596,1.691182866937889,46.10137322387071,49.48373895774648,5
scale_default,Epsilon_Greedy,epsilon=0.4,455,47.976069237063825,1.6768766678770686,46.29919256918676,49.65294590494089,5
scale_default,Epsilon_Greedy,epsilon=0.4,456,48.12340780614662,1.5993993154112705,46.524008490735355,49.72280712155789,5
scale_default,Epsilon_Greedy,epsilon=0.4,457,48.388140322908455,1.5900360818412065,46.79810424106725,49.97817640474966,5
scale_default,Epsilon_Greedy,epsilon=0.4,458,48.64536634469499,1.67663682379437,46.968729520900624,50.32200316848936,5
scale_default,Epsilon_Greedy,epsilon=0.4,459,48.82669342972058,1.6687400037921403,47.15795342592844,50.495433433512716,5
scale_default,Epsilon_Greedy,epsilon=0.4,460,48.9520751799517,1.6649104398185597,47.287164740133136,50.61698561977026,5
scale_default,Epsilon_Greedy,epsilon=0.4,461,49.00262334604471,1.6791732720861718,47.32345007395853,50.68179661813088,5
scale_default,Epsilon_Greedy,epsilon=0.4,462,49.291563553407705,1.7241688507626252,47.56739470264508,51.01573240417033,5
scale_default,Epsilon_Greedy,epsilon=0.4,463,49.44587169125257,1.6924247252026607,47.75344696604991,51.13829641645523,5
scale_default,Epsilon_Greedy,epsilon=0.4,464,49.607797741816455,1.7618543692827209,47.84594337253373,51.36965211109918,5
scale_default,Epsilon_Greedy,epsilon=0.4,465,49.83866833896749,1.9301696138905982,47.90849872507689,51.768837952858085,5
scale_default,Epsilon_Greedy,epsilon=0.4,466,50.01064528651714,1.8439370391250673,48.16670824739207,51.854582325642205,5
scale_default,Epsilon_Greedy,epsilon=0.4,467,50.198499834560366,1.868663693202283,48.32983614135808,52.06716352776265,5
scale_default,Epsilon_Greedy,epsilon=0.4,468,50.36758411528241,1.8603867142094013,48.50719740107301,52.22797082949182,5
scale_default,Epsilon_Greedy,epsilon=0.4,469,50.54116268361492,1.8550759719926446,48.68608671162227,52.39623865560757,5
scale_default,Epsilon_Greedy,epsilon=0.4,470,50.76394012600723,1.8519124704323313,48.912027655574896,52.61585259643956,5
scale_default,Epsilon_Greedy,epsilon=0.4,471,50.87208240571541,1.9220022522319071,48.950080153483505,52.794084657947316,5
scale_default,Epsilon_Greedy,epsilon=0.4,472,51.02173325315531,1.9595612332300167,49.06217201992529,52.98129448638533,5
scale_default,Epsilon_Greedy,epsilon=0.4,473,51.41130502380638,1.9978594609978626,49.41344556280851,53.40916448480424,5
scale_default,Epsilon_Greedy,epsilon=0.4,474,51.616393133112965,2.01860125061001,49.59779188250295,53.634994383722976,5
scale_default,Epsilon_Greedy,epsilon=0.4,475,51.88428692188211,1.9612321035642415,49.923054818317866,53.84551902544635,5
scale_default,Epsilon_Greedy,epsilon=0.4,476,52.04972933538079,2.051000226979738,49.99872910840105,54.10072956236053,5
scale_default,Epsilon_Greedy,epsilon=0.4,477,52.298919088522474,2.09912897902559,50.19979010949689,54.39804806754806,5
scale_default,Epsilon_Greedy,epsilon=0.4,478,52.56074035203194,2.0931016416113133,50.46763871042063,54.653841993643255,5
scale_default,Epsilon_Greedy,epsilon=0.4,479,52.803663172732115,2.2203093801413165,50.5833537925908,55.02397255287343,5
scale_default,Epsilon_Greedy,epsilon=0.4,480,53.00571860461794,2.150250421864065,50.855468182753874,55.155969026482005,5
scale_default,Epsilon_Greedy,epsilon=0.4,481,53.183494997311016,2.188947189320546,50.99454780799047,55.37244218663156,5
scale_default,Epsilon_Greedy,epsilon=0.4,482,53.36031361733944,2.079823864627778,51.28048975271167,55.44013748196722,5
scale_default,Epsilon_Greedy,epsilon=0.4,483,53.58152166659685,1.9072485188951804,51.67427314770167,55.48877018549203,5
scale_default,Epsilon_Greedy,epsilon=0.4,484,53.721654983615224,1.8745386546177865,51.84711632899744,55.59619363823301,5
scale_default,Epsilon_Greedy,epsilon=0.4,485,54.04969951148473,1.7989761755190026,52.25072333596573,55.848675687003734,5
scale_default,Epsilon_Greedy,epsilon=0.4,486,54.23304612961017,1.7812405103217865,52.451805619288386,56.01428663993196,5
scale_default,Epsilon_Greedy,epsilon=0.4,487,54.280907291369736,1.7886792786853294,52.49222801268441,56.069586570055066,5
scale_default,Epsilon_Greedy,epsilon=0.4,488,54.526584007981455,1.8452557569230368,52.68132825105842,56.37183976490449,5
scale_default,Epsilon_Greedy,epsilon=0.4,489,54.626655356976904,1.8740987202403454,52.75255663673656,56.50075407721725,5
scale_default,Epsilon_Greedy,epsilon=0.4,490,54.72124194965632,1.8472400408919072,52.87400190876441,56.56848199054822,5
scale_default,Epsilon_Greedy,epsilon=0.4,491,54.886439618275425,1.8662581986941322,53.02018141958129,56.75269781696956,5
scale_default,Epsilon_Greedy,epsilon=0.4,492,55.05892344865451,1.8506717295852964,53.20825171906922,56.909595178239805,5
scale_default,Epsilon_Greedy,epsilon=0.4,493,55.17700656244118,1.7216218942676236,53.45538466817356,56.8986284567088,5
scale_default,Epsilon_Greedy,epsilon=0.4,494,55.45390685365096,1.6677609371661923,53.78614591648477,57.121667790817156,5
scale_default,Epsilon_Greedy,epsilon=0.4,495,55.698299773086866,1.8466243165206955,53.85167545656617,57.54492408960756,5
scale_default,Epsilon_Greedy,epsilon=0.4,496,56.091393133687674,1.7967161589004326,54.294676974787244,57.888109292588105,5
scale_default,Epsilon_Greedy,epsilon=0.4,497,56.22893144864438,1.8678813235390823,54.3610501251053,58.09681277218346,5
scale_default,Epsilon_Greedy,epsilon=0.4,498,56.44889848682925,1.8653000061294138,54.583598480699834,58.31419849295867,5
scale_default,Epsilon_Greedy,epsilon=0.4,499,56.60299282742496,1.8028247790401106,54.800168048384855,58.40581760646507,5
scale_default,Epsilon_Greedy,epsilon=0.4,500,56.78783217328292,1.6979843200999556,55.08984785318297,58.48581649338288,5
scale_default,Epsilon_Greedy,epsilon=0.4,501,56.93270374703561,1.7573038332675843,55.175399913768025,58.690007580303195,5
scale_default,Epsilon_Greedy,epsilon=0.4,502,57.149417812689634,1.7242982362055685,55.425119576484065,58.873716048895204,5
scale_default,Epsilon_Greedy,epsilon=0.4,503,57.27478038199744,1.7181165787640718,55.55666380323336,58.99289696076151,5
scale_default,Epsilon_Greedy,epsilon=0.4,504,57.54100987121382,1.7365344755875916,55.80447539562623,59.277544346801406,5
scale_default,Epsilon_Greedy,epsilon=0.4,505,57.725946655299595,1.8634069078935493,55.862539747406046,59.58935356319314,5
scale_default,Epsilon_Greedy,epsilon=0.4,506,57.85876316728057,1.8596924109393382,55.99907075634123,59.71845557821991,5
scale_default,Epsilon_Greedy,epsilon=0.4,507,58.032937521459175,1.7659411522259663,56.26699636923321,59.79887867368514,5
scale_default,Epsilon_Greedy,epsilon=0.4,508,58.12518993223864,1.8148708073878914,56.31031912485075,59.94006073962653,5
scale_default,Epsilon_Greedy,epsilon=0.4,509,58.416761985119,1.5440924348922054,56.872669550226796,59.96085442001121,5
scale_default,Epsilon_Greedy,epsilon=0.4,510,58.571521839102175,1.5750503157562377,56.99647152334594,60.14657215485841,5
scale_default,Epsilon_Greedy,epsilon=0.4,511,58.63022774597822,1.6232856060323824,57.006942139945835,60.2535133520106,5
scale_default,Epsilon_Greedy,epsilon=0.4,512,58.70004028904382,1.6297353577590068,57.07030493128481,60.32977564680283,5
scale_default,Epsilon_Greedy,epsilon=0.4,513,58.90897327812155,1.611388042139109,57.29758523598244,60.52036132026066,5
scale_default,Epsilon_Greedy,epsilon=0.4,514,59.09138584365918,1.5786253100047003,57.51276053365448,60.670011153663886,5
scale_default,Epsilon_Greedy,epsilon=0.4,515,59.327654077131626,1.612785632283629,57.714868444847994,60.94043970941526,5
scale_default,Epsilon_Greedy,epsilon=0.4,516,59.54423491437926,1.5973823006291377,57.946852613750124,61.141617215008395,5
scale_default,Epsilon_Greedy,epsilon=0.4,517,59.71697826424878,1.6518627535624164,58.06511551068636,61.3688410178112,5
scale_default,Epsilon_Greedy,epsilon=0.4,518,59.94297828157725,1.5394861559534105,58.403492125623835,61.48246443753066,5
scale_default,Epsilon_Greedy,epsilon=0.4,519,60.11553281609359,1.592510140295972,58.52302267579762,61.70804295638956,5
scale_default,Epsilon_Greedy,epsilon=0.4,520,60.39969012282529,1.5392456933418714,58.86044442948342,61.93893581616716,5
scale_default,Epsilon_Greedy,epsilon=0.4,521,60.45413986708314,1.5096569406674936,58.94448292641565,61.96379680775063,5
scale_default,Epsilon_Greedy,epsilon=0.4,522,60.75553699900085,1.5865143944231592,59.16902260457769,62.342051393424015,5
scale_default,Epsilon_Greedy,epsilon=0.4,523,60.90890700052877,1.4773492514051,59.43155774912367,62.38625625193387,5
scale_default,Epsilon_Greedy,epsilon=0.4,524,61.17304438951605,1.4559492292541958,59.717095160261856,62.628993618770245,5
scale_default,Epsilon_Greedy,epsilon=0.4,525,61.486204215381576,1.3391511289221387,60.14705308645944,62.825355344303716,5
scale_default,Epsilon_Greedy,epsilon=0.4,526,61.68715341782773,1.4474869201450926,60.239666497682634,63.134640337972826,5
scale_default,Epsilon_Greedy,epsilon=0.4,527,61.83321886035988,1.447257070262788,60.38596179009709,63.280475930622664,5
scale_default,Epsilon_Greedy,epsilon=0.4,528,62.013933452644814,1.4295239429446491,60.584409509700166,63.44345739558946,5
scale_default,Epsilon_Greedy,epsilon=0.4,529,62.27795892883896,1.4010733015038808,60.876885627335085,63.67903223034284,5
scale_default,Epsilon_Greedy,epsilon=0.4,530,62.393131086625864,1.3775119449937725,61.015619141632094,63.770643031619635,5
scale_default,Epsilon_Greedy,epsilon=0.4,531,62.54924048688522,1.4520953793049245,61.097145107580296,64.00133586619015,5
scale_default,Epsilon_Greedy,epsilon=0.4,532,62.712218244744825,1.438812617947826,61.273405626797,64.15103086269265,5
scale_default,Epsilon_Greedy,epsilon=0.4,533,62.86777453954331,1.3507000524839936,61.51707448705932,64.2184745920273,5
scale_default,Epsilon_Greedy,epsilon=0.4,534,62.93794727225999,1.3551457959396374,61.582801476320356,64.29309306819962,5
scale_default,Epsilon_Greedy,epsilon=0.4,535,63.07357869080367,1.4706806714177025,61.60289801938597,64.54425936222137,5
scale_default,Epsilon_Greedy,epsilon=0.4,536,63.14571848951499,1.5170219208170623,61.628696568697926,64.66274041033205,5
scale_default,Epsilon_Greedy,epsilon=0.4,537,63.420450638486344,1.4798798997123865,61.94057073877396,64.90033053819873,5
scale_default,Epsilon_Greedy,epsilon=0.4,538,63.49391784842847,1.4505091298782926,62.043408718550175,64.94442697830677,5
scale_default,Epsilon_Greedy,epsilon=0.4,539,63.701010788455676,1.336109633990099,62.36490115446558,65.03712042244578,5
scale_default,Epsilon_Greedy,epsilon=0.4,540,63.82556315785881,1.4208581652260026,62.40470499263281,65.24642132308482,5
scale_default,Epsilon_Greedy,epsilon=0.4,541,64.07921464887079,1.4656775948290928,62.61353705404169,65.54489224369988,5
scale_default,Epsilon_Greedy,epsilon=0.4,542,64.24343519542833,1.459278903350071,62.784156292078265,65.7027140987784,5
scale_default,Epsilon_Greedy,epsilon=0.4,543,64.36918185763496,1.5417425939617098,62.82743926367325,65.91092445159667,5
scale_default,Epsilon_Greedy,epsilon=0.4,544,64.53976131425065,1.4638855057736715,63.07587580847698,66.00364682002433,5
scale_default,Epsilon_Greedy,epsilon=0.4,545,64.69927166870801,1.4420080375886546,63.25726363111935,66.14127970629666,5
scale_default,Epsilon_Greedy,epsilon=0.4,546,64.9241755938071,1.5657175569181199,63.35845803688899,66.48989315072522,5
scale_default,Epsilon_Greedy,epsilon=0.4,547,64.98154764746306,1.5323072593439744,63.44924038811909,66.51385490680704,5
scale_default,Epsilon_Greedy,epsilon=0.4,548,65.1931551480844,1.4136846270170984,63.7794705210673,66.6068397751015,5
scale_default,Epsilon_Greedy,epsilon=0.4,549,65.35175520059258,1.3563301712098859,63.995425029382695,66.70808537180247,5
scale_default,Epsilon_Greedy,epsilon=0.4,550,65.57992750197835,1.3428259016208648,64.23710160035748,66.92275340359922,5
scale_default,Epsilon_Greedy,epsilon=0.4,551,65.69374889450401,1.3846259818588165,64.3091229126452,67.07837487636283,5
scale_default,Epsilon_Greedy,epsilon=0.4,552,65.87052745441483,1.3765963912117176,64.4939310632031,67.24712384562655,5
scale_default,Epsilon_Greedy,epsilon=0.4,553,66.05787762953022,1.4831430996168578,64.57473452991337,67.54102072914708,5
scale_default,Epsilon_Greedy,epsilon=0.4,554,66.25633160270465,1.5401769142971675,64.71615468840749,67.79650851700181,5
scale_default,Epsilon_Greedy,epsilon=0.4,555,66.39943012584651,1.5946110914920428,64.80481903435447,67.99404121733855,5
scale_default,Epsilon_Greedy,epsilon=0.4,556,66.59641145588051,1.6504718996789625,64.94593955620155,68.24688335555948,5
scale_default,Epsilon_Greedy,epsilon=0.4,557,66.68924541266765,1.678363422271053,65.0108819903966,68.3676088349387,5
scale_default,Epsilon_Greedy,epsilon=0.4,558,66.88335652452137,1.6608705458661561,65.22248597865521,68.54422707038754,5
scale_default,Epsilon_Greedy,epsilon=0.4,559,66.98691889475836,1.6229787105668319,65.36394018419153,68.60989760532519,5
scale_default,Epsilon_Greedy,epsilon=0.4,560,67.23640418556548,1.7257423808082417,65.51066180475723,68.96214656637372,5
scale_default,Epsilon_Greedy,epsilon=0.4,561,67.34287155735717,1.7668772781740758,65.57599427918309,69.10974883553125,5
scale_default,Epsilon_Greedy,epsilon=0.4,562,67.50749440065678,1.760730143368901,65.74676425728788,69.26822454402568,5
scale_default,Epsilon_Greedy,epsilon=0.4,563,67.78225658121589,1.7249921305722729,66.05726445064361,69.50724871178816,5
scale_default,Epsilon_Greedy,epsilon=0.4,564,67.93667426261386,1.7109091814473523,66.22576508116651,69.64758344406121,5
scale_default,Epsilon_Greedy,epsilon=0.4,565,68.1857983592716,1.7787790728978987,66.4070192863737,69.9645774321695,5
scale_default,Epsilon_Greedy,epsilon=0.4,566,68.34448744356453,1.809917506296527,66.534569937268,70.15440494986106,5
scale_default,Epsilon_Greedy,epsilon=0.4,567,68.58304080321416,1.855596425811256,66.7274443774029,70.43863722902542,5
scale_default,Epsilon_Greedy,epsilon=0.4,568,68.70242052948001,1.8207561761592945,66.88166435332072,70.5231767056393,5
scale_default,Epsilon_Greedy,epsilon=0.4,569,68.86094231632113,1.8337314226573014,67.02721089366383,70.69467373897842,5
scale_default,Epsilon_Greedy,epsilon=0.4,570,69.05066397200848,1.8828314893579743,67.16783248265051,70.93349546136645,5
scale_default,Epsilon_Greedy,epsilon=0.4,571,69.14608624629844,1.9068618316666628,67.23922441463178,71.0529480779651,5
scale_default,Epsilon_Greedy,epsilon=0.4,572,69.25217376450044,1.937543442866443,67.314630321634,71.18971720736688,5
scale_default,Epsilon_Greedy,epsilon=0.4,573,69.51073688433345,1.9028581336772663,67.60787875065618,71.41359501801072,5
scale_default,Epsilon_Greedy,epsilon=0.4,574,69.9131155937271,2.028582060775666,67.88453353295144,71.94169765450276,5
scale_default,Epsilon_Greedy,epsilon=0.4,575,70.07034806905058,2.098637822160877,67.9717102468897,72.16898589121146,5
scale_default,Epsilon_Greedy,epsilon=0.4,576,70.18157319080699,2.0623103170275225,68.11926287377946,72.24388350783451,5
scale_default,Epsilon_Greedy,epsilon=0.4,577,70.33050072754399,2.1007730400939097,68.22972768745008,72.4312737676379,5
scale_default,Epsilon_Greedy,epsilon=0.4,578,70.52000508912354,2.067616517229325,68.45238857189422,72.58762160635287,5
scale_default,Epsilon_Greedy,epsilon=0.4,579,70.60954351066928,2.1174141588469992,68.49212935182229,72.72695766951628,5
scale_default,Epsilon_Greedy,epsilon=0.4,580,70.70730438830948,2.1634056535304502,68.54389873477903,72.87071004183993,5
scale_default,Epsilon_Greedy,epsilon=0.4,581,70.96091696908373,2.0037978253348068,68.95711914374893,72.96471479441853,5
scale_default,Epsilon_Greedy,epsilon=0.4,582,71.04721670660105,1.9524196587975025,69.09479704780355,72.99963636539854,5
scale_default,Epsilon_Greedy,epsilon=0.4,583,71.24330202607032,2.036193903016293,69.20710812305403,73.27949592908662,5
scale_default,Epsilon_Greedy,epsilon=0.4,584,71.48151371415597,2.1581955916104887,69.32331812254547,73.63970930576646,5
scale_default,Epsilon_Greedy,epsilon=0.4,585,71.64021050879487,2.1720760679990563,69.46813444079581,73.81228657679392,5
scale_default,Epsilon_Greedy,epsilon=0.4,586,71.7555177963602,2.1219715905128513,69.63354620584734,73.87748938687305,5
scale_default,Epsilon_Greedy,epsilon=0.4,587,72.02565236792584,2.2206048389438924,69.80504752898194,74.24625720686974,5
scale_default,Epsilon_Greedy,epsilon=0.4,588,72.1499898943674,2.283974503025519,69.86601539134188,74.43396439739291,5
scale_default,Epsilon_Greedy,epsilon=0.4,589,72.2694051026152,2.2476255331471076,70.0217795694681,74.5170306357623,5
scale_default,Epsilon_Greedy,epsilon=0.4,590,72.44669991620385,2.0718770579604975,70.37482285824336,74.51857697416435,5
scale_default,Epsilon_Greedy,epsilon=0.4,591,72.68938260394827,2.165743572701209,70.52363903124707,74.85512617664948,5
scale_default,Epsilon_Greedy,epsilon=0.4,592,72.91341786660786,2.1122826002215516,70.80113526638631,75.0257004668294,5
scale_default,Epsilon_Greedy,epsilon=0.4,593,73.03110836899845,2.1234187404166627,70.90768962858178,75.15452710941511,5
scale_default,Epsilon_Greedy,epsilon=0.4,594,73.22916364517874,2.1467009766012195,71.08246266857752,75.37586462177997,5
scale_default,Epsilon_Greedy,epsilon=0.4,595,73.3129207117779,2.165139603048223,71.14778110872969,75.47806031482612,5
scale_default,Epsilon_Greedy,epsilon=0.4,596,73.5197684281693,2.052526727316404,71.4672417008529,75.5722951554857,5
scale_default,Epsilon_Greedy,epsilon=0.4,597,73.74062866143966,1.928628453356998,71.81200020808267,75.66925711479665,5
scale_default,Epsilon_Greedy,epsilon=0.4,598,73.90176011333742,1.9335834723997738,71.96817664093764,75.83534358573719,5
scale_default,Epsilon_Greedy,epsilon=0.4,599,74.05218841357348,1.8988146219623396,72.15337379161113,75.95100303553582,5
scale_default,Epsilon_Greedy,epsilon=0.45,0,0.08881787746016594,0.06909348265934637,0.01972439480081957,0.1579113601195123,5
scale_default,Epsilon_Greedy,epsilon=0.45,1,0.16408549947339696,0.08354336198075027,0.08054213749264669,0.24762886145414723,5
scale_default,Epsilon_Greedy,epsilon=0.45,2,0.2418941224632468,0.10074704010580655,0.14114708235744022,0.34264116256905336,5
scale_default,Epsilon_Greedy,epsilon=0.45,3,0.29751294114114823,0.17148229323935596,0.12603064790179228,0.46899523438050417,5
scale_default,Epsilon_Greedy,epsilon=0.45,4,0.3265168574854919,0.21393886313407848,0.11257799435141344,0.5404557206195704,5
scale_default,Epsilon_Greedy,epsilon=0.45,5,0.3389984429915237,0.20997194756642726,0.12902649542509645,0.5489703905579509,5
scale_default,Epsilon_Greedy,epsilon=0.45,6,0.35959954691924595,0.21581971733648891,0.14377982958275703,0.5754192642557349,5
scale_default,Epsilon_Greedy,epsilon=0.45,7,0.36513878191009075,0.21808262221997096,0.1470561596901198,0.5832214041300617,5
scale_default,Epsilon_Greedy,epsilon=0.45,8,0.37370016463574846,0.2206610502071887,0.15303911442855975,0.5943612148429371,5
scale_default,Epsilon_Greedy,epsilon=0.45,9,0.39353258435864175,0.23014901293346787,0.16338357142517387,0.6236815972921096,5
scale_default,Epsilon_Greedy,epsilon=0.45,10,0.42884803026571705,0.23017429847928045,0.1986737317864366,0.6590223287449974,5
scale_default,Epsilon_Greedy,epsilon=0.45,11,0.4703946302312664,0.27128327158416005,0.19911135864710633,0.7416779018154265,5
scale_default,Epsilon_Greedy,epsilon=0.45,12,0.5160774227357906,0.2981203548732747,0.2179570678625159,0.8141977776090653,5
scale_default,Epsilon_Greedy,epsilon=0.45,13,0.536748640782802,0.29557303863221157,0.24117560215059047,0.8323216794150137,5
scale_default,Epsilon_Greedy,epsilon=0.45,14,0.549763201986653,0.30197314382786034,0.24779005815879263,0.8517363458145133,5
scale_default,Epsilon_Greedy,epsilon=0.45,15,0.5739393447532664,0.32461895113409994,0.2493203936191664,0.8985582958873664,5
scale_default,Epsilon_Greedy,epsilon=0.45,16,0.5918323557945345,0.3263701037759237,0.26546225201861084,0.9182024595704582,5
scale_default,Epsilon_Greedy,epsilon=0.45,17,0.6002176972040735,0.33283129152035523,0.26738640568371824,0.9330489887244287,5
scale_default,Epsilon_Greedy,epsilon=0.45,18,0.6151899381752463,0.3410890880652198,0.27410085011002644,0.9562790262404661,5
scale_default,Epsilon_Greedy,epsilon=0.45,19,0.653070945590537,0.327656598098327,0.32541434749221004,0.9807275436888641,5
scale_default,Epsilon_Greedy,epsilon=0.45,20,0.678466089003033,0.3419093706910998,0.3365567183119332,1.0203754596941328,5
scale_default,Epsilon_Greedy,epsilon=0.45,21,0.6819235542740798,0.3428697550406461,0.3390537992334337,1.024793309314726,5
scale_default,Epsilon_Greedy,epsilon=0.45,22,0.6985186257235746,0.3614239872238357,0.3370946384997389,1.0599426129474103,5
scale_default,Epsilon_Greedy,epsilon=0.45,23,0.7071445876230158,0.36269208747183,0.3444525001511858,1.0698366750948458,5
scale_default,Epsilon_Greedy,epsilon=0.45,24,0.7148365350601613,0.3598798780257973,0.354956657034364,1.0747164130859586,5
scale_default,Epsilon_Greedy,epsilon=0.45,25,0.7281927960644725,0.36686165807362536,0.36133113799084715,1.095054454138098,5
scale_default,Epsilon_Greedy,epsilon=0.45,26,0.7464790729945008,0.36101085630257546,0.3854682166919253,1.1074899292970763,5
scale_default,Epsilon_Greedy,epsilon=0.45,27,0.7704583986849939,0.3830388225425285,0.38741957614246536,1.1534972212275223,5
scale_default,Epsilon_Greedy,epsilon=0.45,28,0.7858914657180511,0.3850171455484096,0.40087432016964153,1.1709086112664608,5
scale_default,Epsilon_Greedy,epsilon=0.45,29,0.7969368763842288,0.39192582639948037,0.40501104998474846,1.1888627027837093,5
scale_default,Epsilon_Greedy,epsilon=0.45,30,0.8266863034292925,0.3846777155152673,0.4420085879140252,1.2113640189445598,5
scale_default,Epsilon_Greedy,epsilon=0.45,31,0.8386037136820143,0.3826143038320516,0.45598940984996267,1.221218017514066,5
scale_default,Epsilon_Greedy,epsilon=0.45,32,0.8781363501849155,0.3888542060308683,0.48928214415404725,1.266990556215784,5
scale_default,Epsilon_Greedy,epsilon=0.45,33,0.8903546978903158,0.38472315582388034,0.5056315420664355,1.2750778537141962,5
scale_default,Epsilon_Greedy,epsilon=0.45,34,0.8965717186148506,0.3822712543216875,0.5143004642931631,1.278842972936538,5
scale_default,Epsilon_Greedy,epsilon=0.45,35,0.9039232524888409,0.39040102280573374,0.5135222296831071,1.2943242752945747,5
scale_default,Epsilon_Greedy,epsilon=0.45,36,0.9710992443158654,0.38628227721382635,0.584816967102039,1.3573815215296916,5
scale_default,Epsilon_Greedy,epsilon=0.45,37,0.9933552761615424,0.401448378806938,0.5919068973546044,1.3948036549684804,5
scale_default,Epsilon_Greedy,epsilon=0.45,38,1.0046129876971504,0.4021356035712725,0.6024773841258779,1.4067485912684228,5
scale_default,Epsilon_Greedy,epsilon=0.45,39,1.0186946310972538,0.40219175274533586,0.616502878351918,1.4208863838425896,5
scale_default,Epsilon_Greedy,epsilon=0.45,40,1.052977476807142,0.37789525442196964,0.6750822223851725,1.4308727312291116,5
scale_default,Epsilon_Greedy,epsilon=0.45,41,1.0642257807840825,0.38177321452136764,0.6824525662627148,1.4459989953054502,5
scale_default,Epsilon_Greedy,epsilon=0.45,42,1.078387341409179,0.3989422326559229,0.679445108753256,1.4773295740651018,5
scale_default,Epsilon_Greedy,epsilon=0.45,43,1.0983911856225492,0.4005489564803501,0.6978422291421991,1.4989401421028994,5
scale_default,Epsilon_Greedy,epsilon=0.45,44,1.121099375854826,0.4351931809937154,0.6859061948611106,1.5562925568485415,5
scale_default,Epsilon_Greedy,epsilon=0.45,45,1.1643035455798745,0.3973926912101951,0.7669108543696794,1.5616962367900695,5
scale_default,Epsilon_Greedy,epsilon=0.45,46,1.1858877818212685,0.42120449827390505,0.7646832835473635,1.6070922800951735,5
scale_default,Epsilon_Greedy,epsilon=0.45,47,1.2142954067714147,0.4114383541013513,0.8028570526700634,1.625733760872766,5
scale_default,Epsilon_Greedy,epsilon=0.45,48,1.2329461194883673,0.4078397820128034,0.8251063374755638,1.6407859015011708,5
scale_default,Epsilon_Greedy,epsilon=0.45,49,1.2828200423859122,0.39070135861060323,0.892118683775309,1.6735214009965154,5
scale_default,Epsilon_Greedy,epsilon=0.45,50,1.2875726485015488,0.38736780622486006,0.9002048422766888,1.6749404547264088,5
scale_default,Epsilon_Greedy,epsilon=0.45,51,1.3018550527206272,0.38480138717132134,0.9170536655493058,1.6866564398919486,5
scale_default,Epsilon_Greedy,epsilon=0.45,52,1.3286144993547844,0.4002361784219505,0.9283783209328339,1.7288506777767347,5
scale_default,Epsilon_Greedy,epsilon=0.45,53,1.3400710040574508,0.41138985288312874,0.928681151174322,1.7514608569405796,5
scale_default,Epsilon_Greedy,epsilon=0.45,54,1.3518994949026824,0.40398333357540817,0.9479161613272742,1.7558828284780905,5
scale_default,Epsilon_Greedy,epsilon=0.45,55,1.3682390194198963,0.39989214037026166,0.9683468790496347,1.768131159790158,5
scale_default,Epsilon_Greedy,epsilon=0.45,56,1.3885269311190775,0.3854248718409944,1.003102059278083,1.773951802960072,5
scale_default,Epsilon_Greedy,epsilon=0.45,57,1.3914208894547375,0.3849411903779647,1.0064796990767728,1.7763620798327022,5
scale_default,Epsilon_Greedy,epsilon=0.45,58,1.398808376211231,0.38284585177995983,1.0159625244312713,1.7816542279911909,5
scale_default,Epsilon_Greedy,epsilon=0.45,59,1.4126905613758534,0.37783718805236083,1.0348533733234926,1.7905277494282141,5
scale_default,Epsilon_Greedy,epsilon=0.45,60,1.4248718198127173,0.36864024754704366,1.0562315722656737,1.7935120673597609,5
scale_default,Epsilon_Greedy,epsilon=0.45,61,1.4590150196642644,0.38820413880968124,1.070810880854583,1.8472191584739457,5
scale_default,Epsilon_Greedy,epsilon=0.45,62,1.4892552641480636,0.3677551608937563,1.1215001032543073,1.85701042504182,5
scale_default,Epsilon_Greedy,epsilon=0.45,63,1.4973268749443212,0.3630321551603102,1.134294719784011,1.8603590301046313,5
scale_default,Epsilon_Greedy,epsilon=0.45,64,1.5089962840971811,0.3619502761442321,1.147046007952949,1.8709465602414133,5
scale_default,Epsilon_Greedy,epsilon=0.45,65,1.531093784661474,0.38349283093179204,1.147600953729682,1.914586615593266,5
scale_default,Epsilon_Greedy,epsilon=0.45,66,1.5383437542405682,0.38577012609986555,1.1525736281407026,1.9241138803404338,5
scale_default,Epsilon_Greedy,epsilon=0.45,67,1.580633497049903,0.4036099396847776,1.1770235573651253,1.9842434367346806,5
scale_default,Epsilon_Greedy,epsilon=0.45,68,1.5993507799254645,0.3887703209256216,1.2105804589998428,1.9881211008510862,5
scale_default,Epsilon_Greedy,epsilon=0.45,69,1.6260313223358782,0.3993618880286612,1.226669434307217,2.0253932103645393,5
scale_default,Epsilon_Greedy,epsilon=0.45,70,1.6390337167322009,0.39656865775439265,1.2424650589778081,2.0356023744865936,5
scale_default,Epsilon_Greedy,epsilon=0.45,71,1.6608043402676747,0.3904868451171273,1.2703174951505474,2.0512911853848017,5
scale_default,Epsilon_Greedy,epsilon=0.45,72,1.6719723914199822,0.38944789254850265,1.2825244988714797,2.0614202839684848,5
scale_default,Epsilon_Greedy,epsilon=0.45,73,1.6809776644402028,0.39224720771815835,1.2887304567220443,2.0732248721583613,5
scale_default,Epsilon_Greedy,epsilon=0.45,74,1.6841558637930625,0.39139644104181653,1.292759422751246,2.075552304834879,5
scale_default,Epsilon_Greedy,epsilon=0.45,75,1.7136862819063112,0.3653314728470156,1.3483548090592956,2.079017754753327,5
scale_default,Epsilon_Greedy,epsilon=0.45,76,1.715496429257475,0.3650648797932115,1.3504315494642636,2.0805613090506867,5
scale_default,Epsilon_Greedy,epsilon=0.45,77,1.7456552002307766,0.335194195504787,1.4104610047259896,2.0808493957355636,5
scale_default,Epsilon_Greedy,epsilon=0.45,78,1.7607907249107413,0.33036551510369155,1.4304252098070498,2.091156240014433,5
scale_default,Epsilon_Greedy,epsilon=0.45,79,1.796082635428847,0.3348813404620397,1.4612012949668074,2.1309639758908867,5
scale_default,Epsilon_Greedy,epsilon=0.45,80,1.800593969997054,0.3288069535195876,1.4717870164774662,2.1294009235166413,5
scale_default,Epsilon_Greedy,epsilon=0.45,81,1.8096846984435957,0.333537545161539,1.4761471532820567,2.143222243605135,5
scale_default,Epsilon_Greedy,epsilon=0.45,82,1.820244143636407,0.32754665355388546,1.4926974900825214,2.1477907971902925,5
scale_default,Epsilon_Greedy,epsilon=0.45,83,1.841084649525521,0.3132798141481686,1.5278048353773526,2.15436446367369,5
scale_default,Epsilon_Greedy,epsilon=0.45,84,1.8979321262664541,0.2925534410599033,1.6053786852065508,2.1904855673263572,5
scale_default,Epsilon_Greedy,epsilon=0.45,85,1.9055103207069504,0.2888140913083358,1.6166962293986145,2.1943244120152863,5
scale_default,Epsilon_Greedy,epsilon=0.45,86,1.9100765102257147,0.2846383035046456,1.625438206721069,2.1947148137303603,5
scale_default,Epsilon_Greedy,epsilon=0.45,87,1.91952671495461,0.29248008717610735,1.6270466277785027,2.2120068021307175,5
scale_default,Epsilon_Greedy,epsilon=0.45,88,1.9326748974915495,0.2922713057168422,1.6404035917747073,2.2249462032083915,5
scale_default,Epsilon_Greedy,epsilon=0.45,89,1.9550663230219059,0.29323176895145964,1.6618345540704462,2.2482980919733655,5
scale_default,Epsilon_Greedy,epsilon=0.45,90,1.989772783187798,0.31505765650819034,1.6747151266796076,2.3048304396959884,5
scale_default,Epsilon_Greedy,epsilon=0.45,91,2.0198633040449585,0.32838744166254646,1.691475862382412,2.348250745707505,5
scale_default,Epsilon_Greedy,epsilon=0.45,92,2.037458253720512,0.3295853732225037,1.7078728804980083,2.367043626943016,5
scale_default,Epsilon_Greedy,epsilon=0.45,93,2.0747213621996976,0.31693938230351376,1.7577819798961838,2.3916607445032114,5
scale_default,Epsilon_Greedy,epsilon=0.45,94,2.086205805903082,0.30998730590747325,1.776218499995609,2.3961931118105553,5
scale_default,Epsilon_Greedy,epsilon=0.45,95,2.093472816049186,0.3165401770670036,1.7769326389821822,2.4100129931161893,5
scale_default,Epsilon_Greedy,epsilon=0.45,96,2.099464642102827,0.3223695972039052,1.777095044898922,2.4218342393067323,5
scale_default,Epsilon_Greedy,epsilon=0.45,97,2.1181572032100195,0.31272852583462196,1.8054286773753976,2.4308857290446415,5
scale_default,Epsilon_Greedy,epsilon=0.45,98,2.1525708449208087,0.3093009013574426,1.8432699435633662,2.461871746278251,5
scale_default,Epsilon_Greedy,epsilon=0.45,99,2.161803015435576,0.3069665192396765,1.8548364961958994,2.4687695346752525,5
scale_default,Epsilon_Greedy,epsilon=0.45,100,2.182622516832395,0.28798254330614886,1.894639973526246,2.470605060138544,5
scale_default,Epsilon_Greedy,epsilon=0.45,101,2.1935253162228108,0.2771672146790579,1.9163581015437527,2.470692530901869,5
scale_default,Epsilon_Greedy,epsilon=0.45,102,2.205650313393148,0.27405785907537317,1.9315924543177752,2.4797081724685213,5
scale_default,Epsilon_Greedy,epsilon=0.45,103,2.2238203119219477,0.28895832165935076,1.934861990262597,2.5127786335812985,5
scale_default,Epsilon_Greedy,epsilon=0.45,104,2.239456718759187,0.28533977675516486,1.954116942004022,2.5247964955143516,5
scale_default,Epsilon_Greedy,epsilon=0.45,105,2.2520616284429726,0.2816424357062411,1.9704191927367316,2.5337040641492137,5
scale_default,Epsilon_Greedy,epsilon=0.45,106,2.2526550801270107,0.2820282505050248,1.970626829621986,2.5346833306320353,5
scale_default,Epsilon_Greedy,epsilon=0.45,107,2.285080757722729,0.29725976297944573,1.987820994743283,2.5823405207021746,5
scale_default,Epsilon_Greedy,epsilon=0.45,108,2.308372474967092,0.31437184864888035,1.9940006263182117,2.6227443236159727,5
scale_default,Epsilon_Greedy,epsilon=0.45,109,2.3498442841144422,0.3632789625810855,1.9865653215333567,2.7131232466955275,5
scale_default,Epsilon_Greedy,epsilon=0.45,110,2.396113021635024,0.3153772004938534,2.080735821141171,2.7114902221288775,5
scale_default,Epsilon_Greedy,epsilon=0.45,111,2.4104972313233857,0.32458354918630333,2.0859136821370825,2.735080780509689,5
scale_default,Epsilon_Greedy,epsilon=0.45,112,2.417415527972323,0.320854347337412,2.096561180634911,2.7382698753097348,5
scale_default,Epsilon_Greedy,epsilon=0.45,113,2.438083375834407,0.2961797372035654,2.1419036386308417,2.734263113037972,5
scale_default,Epsilon_Greedy,epsilon=0.45,114,2.454327100364963,0.29902056885921563,2.1553065315057474,2.753347669224179,5
scale_default,Epsilon_Greedy,epsilon=0.45,115,2.464479567695873,0.29892299578293774,2.1655565719129353,2.7634025634788104,5
scale_default,Epsilon_Greedy,epsilon=0.45,116,2.4941633662239675,0.27620600519288424,2.2179573610310834,2.7703693714168516,5
scale_default,Epsilon_Greedy,epsilon=0.45,117,2.512019387394638,0.28984806997792595,2.2221713174167124,2.801867457372564,5
scale_default,Epsilon_Greedy,epsilon=0.45,118,2.5207014479757754,0.28771937047786733,2.2329820774979083,2.8084208184536426,5
scale_default,Epsilon_Greedy,epsilon=0.45,119,2.574376880175766,0.2895956867578603,2.284781193417906,2.8639725669336262,5
scale_default,Epsilon_Greedy,epsilon=0.45,120,2.6046850936696577,0.28287853056513856,2.321806563104519,2.8875636242347964,5
scale_default,Epsilon_Greedy,epsilon=0.45,121,2.61155942592303,0.2851570297438374,2.3264023961791924,2.8967164556668674,5
scale_default,Epsilon_Greedy,epsilon=0.45,122,2.617135425118044,0.2806112300122662,2.336524195105778,2.89774665513031,5
scale_default,Epsilon_Greedy,epsilon=0.45,123,2.6354562100841425,0.2679852249349209,2.3674709851492217,2.9034414350190634,5
scale_default,Epsilon_Greedy,epsilon=0.45,124,2.6566686880111545,0.29840781569929486,2.3582608723118597,2.9550765037104494,5
scale_default,Epsilon_Greedy,epsilon=0.45,125,2.662849673042987,0.2948084520960748,2.368041220946912,2.957658125139062,5
scale_default,Epsilon_Greedy,epsilon=0.45,126,2.67811013041712,0.2870136963213646,2.3910964340957555,2.9651238267384845,5
scale_default,Epsilon_Greedy,epsilon=0.45,127,2.698966277363382,0.28580763664630215,2.41315864071708,2.984773914009684,5
scale_default,Epsilon_Greedy,epsilon=0.45,128,2.7037906155185754,0.2868600805340227,2.4169305349845525,2.9906506960525983,5
scale_default,Epsilon_Greedy,epsilon=0.45,129,2.7157558301804223,0.29763418063262176,2.4181216495478006,3.013390010813044,5
scale_default,Epsilon_Greedy,epsilon=0.45,130,2.7240573341082106,0.29903409263219966,2.425023241476011,3.02309142674041,5
scale_default,Epsilon_Greedy,epsilon=0.45,131,2.7720608186704743,0.29387728133274943,2.478183537337725,3.0659381000032235,5
scale_default,Epsilon_Greedy,epsilon=0.45,132,2.8224041583437915,0.2741133301328346,2.548290828210957,3.0965174884766262,5
scale_default,Epsilon_Greedy,epsilon=0.45,133,2.8407031349994165,0.27566226215394063,2.5650408728454757,3.1163653971533574,5
scale_default,Epsilon_Greedy,epsilon=0.45,134,2.853562301511271,0.2698459740056436,2.583716327505628,3.1234082755169146,5
scale_default,Epsilon_Greedy,epsilon=0.45,135,2.85612190010941,0.26706605051071264,2.5890558495986973,3.1231879506201228,5
scale_default,Epsilon_Greedy,epsilon=0.45,136,2.8766642667909847,0.28033466884772085,2.5963295979432637,3.156998935638706,5
scale_default,Epsilon_Greedy,epsilon=0.45,137,2.8843142276493046,0.2760973619342764,2.608216865715028,3.160411589583581,5
scale_default,Epsilon_Greedy,epsilon=0.45,138,2.9027154221897415,0.2613708656398054,2.641344556549936,3.164086287829547,5
scale_default,Epsilon_Greedy,epsilon=0.45,139,2.9192621740643743,0.2526439781942367,2.6666181958701376,3.171906152258611,5
scale_default,Epsilon_Greedy,epsilon=0.45,140,2.927301665965083,0.25033355650072414,2.676968109464359,3.177635222465807,5
scale_default,Epsilon_Greedy,epsilon=0.45,141,2.9411359172951803,0.265629900751887,2.6755060165432933,3.2067658180470673,5
scale_default,Epsilon_Greedy,epsilon=0.45,142,2.9763570563179456,0.24110293382636444,2.735254122491581,3.21745999014431,5
scale_default,Epsilon_Greedy,epsilon=0.45,143,3.022324506126508,0.3002439858644821,2.722080520262026,3.32256849199099,5
scale_default,Epsilon_Greedy,epsilon=0.45,144,3.0307974276646674,0.29876655029134397,2.7320308773733233,3.3295639779560116,5
scale_default,Epsilon_Greedy,epsilon=0.45,145,3.038442973735201,0.2984875835317305,2.73995539020347,3.3369305572669314,5
scale_default,Epsilon_Greedy,epsilon=0.45,146,3.0497868779054524,0.2957999068692495,2.753986971036203,3.345586784774702,5
scale_default,Epsilon_Greedy,epsilon=0.45,147,3.089952992727727,0.29835512833897404,2.791597864388753,3.388308121066701,5
scale_default,Epsilon_Greedy,epsilon=0.45,148,3.1306981274800707,0.3433422872692022,2.7873558402108687,3.4740404147492727,5
scale_default,Epsilon_Greedy,epsilon=0.45,149,3.1437715021640513,0.35560464616169263,2.7881668560023587,3.499376148325744,5
scale_default,Epsilon_Greedy,epsilon=0.45,150,3.176731404470341,0.33429158403464737,2.8424398204356938,3.511022988504988,5
scale_default,Epsilon_Greedy,epsilon=0.45,151,3.2001841347852853,0.34642366890347503,2.8537604658818103,3.5466078036887603,5
scale_default,Epsilon_Greedy,epsilon=0.45,152,3.222163833254143,0.34402922079359916,2.878134612460544,3.5661930540477425,5
scale_default,Epsilon_Greedy,epsilon=0.45,153,3.240511036982935,0.3425741502723344,2.8979368867106006,3.5830851872552696,5
scale_default,Epsilon_Greedy,epsilon=0.45,154,3.267450605814748,0.37331862209720357,2.8941319837175445,3.6407692279119512,5
scale_default,Epsilon_Greedy,epsilon=0.45,155,3.287694453527262,0.37156589090144926,2.9161285626258127,3.6592603444287115,5
scale_default,Epsilon_Greedy,epsilon=0.45,156,3.291207705548543,0.3705067083816627,2.9207009971668803,3.661714413930206,5
scale_default,Epsilon_Greedy,epsilon=0.45,157,3.3167841263836997,0.3487592802408641,2.9680248461428356,3.665543406624564,5
scale_default,Epsilon_Greedy,epsilon=0.45,158,3.333377755698092,0.3472843637217854,2.986093391976307,3.6806621194198774,5
scale_default,Epsilon_Greedy,epsilon=0.45,159,3.3415877234011675,0.351848486307158,2.9897392370940095,3.6934362097083255,5
scale_default,Epsilon_Greedy,epsilon=0.45,160,3.350584324095867,0.34964165067803105,3.000942673417836,3.700225974773898,5
scale_default,Epsilon_Greedy,epsilon=0.45,161,3.3616694139340475,0.34261010084030946,3.019059313093738,3.704279514774357,5
scale_default,Epsilon_Greedy,epsilon=0.45,162,3.370643392500805,0.35258531010997707,3.018058082390828,3.723228702610782,5
scale_default,Epsilon_Greedy,epsilon=0.45,163,3.4044538340356594,0.3302738436949364,3.074179990340723,3.7347276777305956,5
scale_default,Epsilon_Greedy,epsilon=0.45,164,3.4212776289629026,0.32815678892547284,3.0931208400374297,3.7494344178883754,5
scale_default,Epsilon_Greedy,epsilon=0.45,165,3.4308690441178458,0.3424267778609127,3.088442266256933,3.7732958219787585,5
scale_default,Epsilon_Greedy,epsilon=0.45,166,3.4655175907814617,0.34324217365499443,3.1222754171264673,3.808759764436456,5
scale_default,Epsilon_Greedy,epsilon=0.45,167,3.484253108225637,0.3399864822325668,3.1442666259930703,3.824239590458204,5
scale_default,Epsilon_Greedy,epsilon=0.45,168,3.536557165584699,0.3477973596965775,3.1887598058881217,3.8843545252812763,5
scale_default,Epsilon_Greedy,epsilon=0.45,169,3.5635655919196294,0.36358636216733814,3.1999792297522913,3.9271519540869675,5
scale_default,Epsilon_Greedy,epsilon=0.45,170,3.5860053411820543,0.3607937197544539,3.2252116214276003,3.9467990609365082,5
scale_default,Epsilon_Greedy,epsilon=0.45,171,3.590360856686112,0.35982754433035524,3.2305333123557567,3.950188401016467,5
scale_default,Epsilon_Greedy,epsilon=0.45,172,3.604492585955776,0.3483894190849695,3.2561031668708065,3.9528820050407454,5
scale_default,Epsilon_Greedy,epsilon=0.45,173,3.632758149313922,0.34345302386176396,3.289305125452158,3.976211173175686,5
scale_default,Epsilon_Greedy,epsilon=0.45,174,3.6716989251216097,0.4014273932515299,3.2702715318700797,4.07312631837314,5
scale_default,Epsilon_Greedy,epsilon=0.45,175,3.692970515880326,0.4329224663454628,3.260048049534863,4.125892982225789,5
scale_default,Epsilon_Greedy,epsilon=0.45,176,3.7167341698825305,0.4392599930952772,3.277474176787253,4.155994162977808,5
scale_default,Epsilon_Greedy,epsilon=0.45,177,3.7364439593185415,0.4332371594363506,3.303206799882191,4.169681118754892,5
scale_default,Epsilon_Greedy,epsilon=0.45,178,3.7385054418756516,0.43582793829918615,3.3026775035764655,4.174333380174838,5
scale_default,Epsilon_Greedy,epsilon=0.45,179,3.744372667870935,0.4308370259061306,3.3135356419648043,4.175209693777066,5
scale_default,Epsilon_Greedy,epsilon=0.45,180,3.7759865103707613,0.4273075975463502,3.348678912824411,4.203294107917111,5
scale_default,Epsilon_Greedy,epsilon=0.45,181,3.7827598560819466,0.43476190809618537,3.3479979479857613,4.217521764178132,5
scale_default,Epsilon_Greedy,epsilon=0.45,182,3.7899424129606727,0.4370665344351941,3.3528758785254786,4.227008947395867,5
scale_default,Epsilon_Greedy,epsilon=0.45,183,3.808763221113942,0.43392982175944805,3.374833399354494,4.24269304287339,5
scale_default,Epsilon_Greedy,epsilon=0.45,184,3.813591955257742,0.43292036408747026,3.380671591170272,4.246512319345213,5
scale_default,Epsilon_Greedy,epsilon=0.45,185,3.8570868874984483,0.42885814496856045,3.428228742529888,4.2859450324670085,5
scale_default,Epsilon_Greedy,epsilon=0.45,186,3.8771904042127785,0.42298473358930777,3.4542056706234705,4.3001751378020865,5
scale_default,Epsilon_Greedy,epsilon=0.45,187,3.8813174730965243,0.4228798649899067,3.4584376081066175,4.304197338086431,5
scale_default,Epsilon_Greedy,epsilon=0.45,188,3.886380896959268,0.4224953174640335,3.463885579495235,4.308876214423302,5
scale_default,Epsilon_Greedy,epsilon=0.45,189,3.901114876724538,0.41696672533576007,3.484148151388778,4.318081602060298,5
scale_default,Epsilon_Greedy,epsilon=0.45,190,3.9526827058509726,0.4089115943276055,3.543771111523367,4.361594300178578,5
scale_default,Epsilon_Greedy,epsilon=0.45,191,3.963789698330639,0.41824949375910103,3.545540204571538,4.38203919208974,5
scale_default,Epsilon_Greedy,epsilon=0.45,192,3.9790847444523267,0.4061894580990925,3.5728952863532344,4.385274202551419,5
scale_default,Epsilon_Greedy,epsilon=0.45,193,4.006216116368031,0.42339550496206435,3.5828206114059666,4.429611621330095,5
scale_default,Epsilon_Greedy,epsilon=0.45,194,4.024284493912251,0.42073920524615116,3.6035452886661004,4.445023699158402,5
scale_default,Epsilon_Greedy,epsilon=0.45,195,4.090255750878107,0.41421088472682455,3.676044866151283,4.504466635604932,5
scale_default,Epsilon_Greedy,epsilon=0.45,196,4.111479832932149,0.3956509631341296,3.7158288697980195,4.507130796066279,5
scale_default,Epsilon_Greedy,epsilon=0.45,197,4.122345591507584,0.39410024627731266,3.7282453452302717,4.516445837784897,5
scale_default,Epsilon_Greedy,epsilon=0.45,198,4.162751406920418,0.38503107965016653,3.7777203272702518,4.5477824865705845,5
scale_default,Epsilon_Greedy,epsilon=0.45,199,4.1824957107241385,0.3838377835543529,3.798657927169786,4.566333494278491,5
scale_default,Epsilon_Greedy,epsilon=0.45,200,4.377367646023091,0.3905755606182311,3.9867920854048595,4.767943206641322,5
scale_default,Epsilon_Greedy,epsilon=0.45,201,4.522548933297971,0.30604011624215616,4.216508817055815,4.828589049540127,5
scale_default,Epsilon_Greedy,epsilon=0.45,202,4.607134404172133,0.3171324618060406,4.290001942366093,4.924266865978174,5
scale_default,Epsilon_Greedy,epsilon=0.45,203,4.729363685349604,0.34249362768416064,4.386870057665443,5.071857313033765,5
scale_default,Epsilon_Greedy,epsilon=0.45,204,4.941036802257272,0.2876597345983251,4.653377067658947,5.228696536855597,5
scale_default,Epsilon_Greedy,epsilon=0.45,205,5.010426570228451,0.2812381273975952,4.729188442830856,5.291664697626046,5
scale_default,Epsilon_Greedy,epsilon=0.45,206,5.21017998227037,0.35109909636246633,4.859080885907904,5.561279078632836,5
scale_default,Epsilon_Greedy,epsilon=0.45,207,5.462378011762293,0.3500942587375144,5.112283753024778,5.812472270499807,5
scale_default,Epsilon_Greedy,epsilon=0.45,208,5.585202459505522,0.3341985973984434,5.251003862107079,5.919401056903966,5
scale_default,Epsilon_Greedy,epsilon=0.45,209,5.799555089931795,0.23929842070715085,5.5602566692246445,6.038853510638946,5
scale_default,Epsilon_Greedy,epsilon=0.45,210,5.929340754600276,0.33689480154846235,5.592445953051814,6.266235556148739,5
scale_default,Epsilon_Greedy,epsilon=0.45,211,6.199879465307406,0.34296729882597365,5.8569121664814325,6.54284676413338,5
scale_default,Epsilon_Greedy,epsilon=0.45,212,6.382189304469341,0.4729952849410811,5.909194019528259,6.855184589410422,5
scale_default,Epsilon_Greedy,epsilon=0.45,213,6.5369555403102115,0.508927019548715,6.028028520761497,7.045882559858926,5
scale_default,Epsilon_Greedy,epsilon=0.45,214,6.726967691562135,0.5825259807244205,6.1444417108377145,7.309493672286555,5
scale_default,Epsilon_Greedy,epsilon=0.45,215,6.937770801488767,0.46148620451952493,6.476284596969243,7.399257006008292,5
scale_default,Epsilon_Greedy,epsilon=0.45,216,7.317489466761105,0.5020782089676082,6.815411257793496,7.819567675728713,5
scale_default,Epsilon_Greedy,epsilon=0.45,217,7.541760306795763,0.5075205180754593,7.034239788720304,8.049280824871222,5
scale_default,Epsilon_Greedy,epsilon=0.45,218,7.686749459013882,0.5512284110962506,7.135521047917631,8.237977870110132,5
scale_default,Epsilon_Greedy,epsilon=0.45,219,7.985796658984645,0.7352612450019764,7.250535413982669,8.721057903986623,5
scale_default,Epsilon_Greedy,epsilon=0.45,220,8.135373891106719,0.6353854776054194,7.499988413501299,8.770759368712138,5
scale_default,Epsilon_Greedy,epsilon=0.45,221,8.31174820867242,0.6346187739025878,7.677129434769832,8.946366982575007,5
scale_default,Epsilon_Greedy,epsilon=0.45,222,8.395096549301908,0.6671738998702291,7.727922649431679,9.062270449172138,5
scale_default,Epsilon_Greedy,epsilon=0.45,223,8.5209778563935,0.7013279120261121,7.819649944367388,9.222305768419613,5
scale_default,Epsilon_Greedy,epsilon=0.45,224,8.681897038509739,0.6526097423901436,8.029287296119595,9.334506780899883,5
scale_default,Epsilon_Greedy,epsilon=0.45,225,8.934982069514486,0.7749090412303292,8.160073028284158,9.709891110744815,5
scale_default,Epsilon_Greedy,epsilon=0.45,226,9.177128076760123,0.7232897405948153,8.453838336165308,9.900417817354938,5
scale_default,Epsilon_Greedy,epsilon=0.45,227,9.315980315896335,0.7957303598461828,8.520249956050153,10.111710675742517,5
scale_default,Epsilon_Greedy,epsilon=0.45,228,9.46119109529341,0.8029716849702389,8.658219410323172,10.264162780263648,5
scale_default,Epsilon_Greedy,epsilon=0.45,229,9.629399187539864,0.776732603365428,8.852666584174436,10.406131790905292,5
scale_default,Epsilon_Greedy,epsilon=0.45,230,9.751777911048496,0.7174149751477598,9.034362935900736,10.469192886196256,5
scale_default,Epsilon_Greedy,epsilon=0.45,231,9.927377240256508,0.675679821275857,9.251697418980651,10.603057061532365,5
scale_default,Epsilon_Greedy,epsilon=0.45,232,10.069380399530681,0.7168520401162094,9.352528359414471,10.786232439646891,5
scale_default,Epsilon_Greedy,epsilon=0.45,233,10.404383909104643,0.727815841373296,9.676568067731347,11.13219975047794,5
scale_default,Epsilon_Greedy,epsilon=0.45,234,10.504004829819792,0.6643733880024476,9.839631441817344,11.168378217822239,5
scale_default,Epsilon_Greedy,epsilon=0.45,235,10.695277250280062,0.6345146414448971,10.060762608835166,11.329791891724959,5
scale_default,Epsilon_Greedy,epsilon=0.45,236,10.811792580427877,0.6093710740314242,10.202421506396453,11.421163654459301,5
scale_default,Epsilon_Greedy,epsilon=0.45,237,10.985829487782286,0.6161842105627937,10.369645277219492,11.60201369834508,5
scale_default,Epsilon_Greedy,epsilon=0.45,238,11.061871297142584,0.6554392427615852,10.406432054381,11.717310539904169,5
scale_default,Epsilon_Greedy,epsilon=0.45,239,11.270016847509071,0.5706116885759094,10.699405158933162,11.84062853608498,5
scale_default,Epsilon_Greedy,epsilon=0.45,240,11.443764306360167,0.6016154223679085,10.842148883992259,12.045379728728076,5
scale_default,Epsilon_Greedy,epsilon=0.45,241,11.582929898023888,0.51505484503501,11.067875052988878,12.097984743058898,5
scale_default,Epsilon_Greedy,epsilon=0.45,242,11.699933529408304,0.5096736178274979,11.190259911580807,12.2096071472358,5
scale_default,Epsilon_Greedy,epsilon=0.45,243,11.866459530112254,0.472132483250331,11.394327046861923,12.338592013362584,5
scale_default,Epsilon_Greedy,epsilon=0.45,244,12.048042431998859,0.4545754378527228,11.593466994146135,12.502617869851582,5
scale_default,Epsilon_Greedy,epsilon=0.45,245,12.125541869333556,0.464248978298494,11.661292891035062,12.58979084763205,5
scale_default,Epsilon_Greedy,epsilon=0.45,246,12.237569864701301,0.4225127524546813,11.81505711224662,12.660082617155982,5
scale_default,Epsilon_Greedy,epsilon=0.45,247,12.445363047899756,0.47336717909742926,11.971995868802326,12.918730226997186,5
scale_default,Epsilon_Greedy,epsilon=0.45,248,12.641195705584838,0.43544655741094807,12.20574914817389,13.076642262995787,5
scale_default,Epsilon_Greedy,epsilon=0.45,249,12.76493152382596,0.5188783023583446,12.246053221467614,13.283809826184305,5
scale_default,Epsilon_Greedy,epsilon=0.45,250,12.925783473300424,0.5012344628333557,12.424549010467068,13.42701793613378,5
scale_default,Epsilon_Greedy,epsilon=0.45,251,12.989869010321575,0.4970214798327256,12.49284753048885,13.4868904901543,5
scale_default,Epsilon_Greedy,epsilon=0.45,252,13.185519827077082,0.6091999843590797,12.576319842718002,13.794719811436162,5
scale_default,Epsilon_Greedy,epsilon=0.45,253,13.36444163794371,0.6181253727791974,12.746316265164513,13.982567010722907,5
scale_default,Epsilon_Greedy,epsilon=0.45,254,13.50343265158937,0.6107989232734241,12.892633728315944,14.114231574862794,5
scale_default,Epsilon_Greedy,epsilon=0.45,255,13.697730507782506,0.6943905534790115,13.003339954303494,14.392121061261518,5
scale_default,Epsilon_Greedy,epsilon=0.45,256,13.874444676216484,0.6314441117378478,13.243000564478637,14.505888787954332,5
scale_default,Epsilon_Greedy,epsilon=0.45,257,14.043416214024862,0.5910346709591341,13.452381543065728,14.634450884983996,5
scale_default,Epsilon_Greedy,epsilon=0.45,258,14.207807248584055,0.5013066309283578,13.706500617655697,14.709113879512413,5
scale_default,Epsilon_Greedy,epsilon=0.45,259,14.354352748519807,0.5127563414448325,13.841596407074974,14.86710908996464,5
scale_default,Epsilon_Greedy,epsilon=0.45,260,14.528893770799872,0.5370062706746276,13.991887500125245,15.0659000414745,5
scale_default,Epsilon_Greedy,epsilon=0.45,261,14.69833980462857,0.5433031218283969,14.155036682800175,15.241642926456967,5
scale_default,Epsilon_Greedy,epsilon=0.45,262,14.979615088545126,0.6202893920554368,14.35932569648969,15.599904480600562,5
scale_default,Epsilon_Greedy,epsilon=0.45,263,15.13729984064634,0.6495468844104083,14.487752956235932,15.78684672505675,5
scale_default,Epsilon_Greedy,epsilon=0.45,264,15.243949902633398,0.6252643669250861,14.618685535708313,15.869214269558483,5
scale_default,Epsilon_Greedy,epsilon=0.45,265,15.32214404336841,0.6129821379395484,14.709161905428862,15.93512618130796,5
scale_default,Epsilon_Greedy,epsilon=0.45,266,15.505014802549855,0.6179097764341144,14.88710502611574,16.12292457898397,5
scale_default,Epsilon_Greedy,epsilon=0.45,267,15.616915160366347,0.5819002322348985,15.035014928131448,16.198815392601244,5
scale_default,Epsilon_Greedy,epsilon=0.45,268,15.819497815067578,0.6482725362035195,15.171225278864059,16.4677703512711,5
scale_default,Epsilon_Greedy,epsilon=0.45,269,15.997552901866376,0.864420911601685,15.13313199026469,16.86197381346806,5
scale_default,Epsilon_Greedy,epsilon=0.45,270,16.1711337154106,0.8315417838550776,15.339591931555523,17.002675499265678,5
scale_default,Epsilon_Greedy,epsilon=0.45,271,16.29706874436463,0.8684515531738088,15.42861719119082,17.16552029753844,5
scale_default,Epsilon_Greedy,epsilon=0.45,272,16.580950573483918,0.8511466864640853,15.729803887019832,17.432097259948,5
scale_default,Epsilon_Greedy,epsilon=0.45,273,16.83265736704021,0.8976199521142949,15.935037414925914,17.730277319154503,5
scale_default,Epsilon_Greedy,epsilon=0.45,274,17.044398594774727,0.7798253237005272,16.264573271074198,17.824223918475255,5
scale_default,Epsilon_Greedy,epsilon=0.45,275,17.295565511191135,0.6801798878820372,16.6153856233091,17.975745399073173,5
scale_default,Epsilon_Greedy,epsilon=0.45,276,17.40728675937367,0.6815291434930077,16.72575761588066,18.088815902866678,5
scale_default,Epsilon_Greedy,epsilon=0.45,277,17.642860714609718,0.7721892762634146,16.870671438346303,18.415049990873133,5
scale_default,Epsilon_Greedy,epsilon=0.45,278,17.725332831244277,0.7726175782060009,16.952715253038274,18.49795040945028,5
scale_default,Epsilon_Greedy,epsilon=0.45,279,17.913456975617027,0.830460599491715,17.082996376125312,18.743917575108743,5
scale_default,Epsilon_Greedy,epsilon=0.45,280,18.127227066164807,0.8696851385247426,17.257541927640062,18.99691220468955,5
scale_default,Epsilon_Greedy,epsilon=0.45,281,18.286409842583794,0.9732889259772661,17.31312091660653,19.25969876856106,5
scale_default,Epsilon_Greedy,epsilon=0.45,282,18.521757447428037,1.0191007661144758,17.50265668131356,19.540858213542514,5
scale_default,Epsilon_Greedy,epsilon=0.45,283,18.652587771071047,0.9599545223934008,17.692633248677648,19.612542293464447,5
scale_default,Epsilon_Greedy,epsilon=0.45,284,18.80165608359328,1.057460636064872,17.74419544752841,19.85911671965815,5
scale_default,Epsilon_Greedy,epsilon=0.45,285,18.99798473403532,1.1461387856502048,17.851845948385115,20.144123519685525,5
scale_default,Epsilon_Greedy,epsilon=0.45,286,19.145198178572834,1.2724734061338783,17.872724772438957,20.41767158470671,5
scale_default,Epsilon_Greedy,epsilon=0.45,287,19.261259660001873,1.200784843844994,18.06047481615688,20.462044503846865,5
scale_default,Epsilon_Greedy,epsilon=0.45,288,19.54122501662816,1.1590662175057427,18.38215879912242,20.700291234133903,5
scale_default,Epsilon_Greedy,epsilon=0.45,289,19.754166302429685,1.2693793892981367,18.484786913131547,21.023545691727822,5
scale_default,Epsilon_Greedy,epsilon=0.45,290,20.026911902607363,1.3520341286025255,18.674877774004838,21.37894603120989,5
scale_default,Epsilon_Greedy,epsilon=0.45,291,20.21483756538909,1.273605394936624,18.941232170452466,21.488442960325713,5
scale_default,Epsilon_Greedy,epsilon=0.45,292,20.411661462030214,1.398810547299978,19.012850914730237,21.81047200933019,5
scale_default,Epsilon_Greedy,epsilon=0.45,293,20.57380481721625,1.337026830665971,19.23677798655028,21.91083164788222,5
scale_default,Epsilon_Greedy,epsilon=0.45,294,20.689725169285616,1.2600781061825057,19.42964706310311,21.94980327546812,5
scale_default,Epsilon_Greedy,epsilon=0.45,295,20.8369621641043,1.296320831330958,19.54064133277334,22.13328299543526,5
scale_default,Epsilon_Greedy,epsilon=0.45,296,21.043753215847726,1.3406824494351355,19.70307076641259,22.38443566528286,5
scale_default,Epsilon_Greedy,epsilon=0.45,297,21.174370073543052,1.3948396055600376,19.779530467983015,22.56920967910309,5
scale_default,Epsilon_Greedy,epsilon=0.45,298,21.32855953987087,1.3543760711283597,19.97418346874251,22.68293561099923,5
scale_default,Epsilon_Greedy,epsilon=0.45,299,21.60054491156791,1.393648656455065,20.206896255112845,22.994193568022972,5
scale_default,Epsilon_Greedy,epsilon=0.45,300,21.839992286453775,1.3374083510212031,20.502583935432572,23.177400637474978,5
scale_default,Epsilon_Greedy,epsilon=0.45,301,21.95285813743049,1.2981577388519436,20.654700398578544,23.251015876282434,5
scale_default,Epsilon_Greedy,epsilon=0.45,302,22.174178600879024,1.2652742410027908,20.90890435987623,23.439452841881817,5
scale_default,Epsilon_Greedy,epsilon=0.45,303,22.332534114446098,1.2460490370578563,21.086485077388243,23.578583151503953,5
scale_default,Epsilon_Greedy,epsilon=0.45,304,22.506163735463275,1.139595010752319,21.366568724710955,23.645758746215595,5
scale_default,Epsilon_Greedy,epsilon=0.45,305,22.59614535113894,1.210171079968141,21.3859742711708,23.80631643110708,5
scale_default,Epsilon_Greedy,epsilon=0.45,306,22.84638432544145,1.243355219363774,21.603029106077674,24.089739544805223,5
scale_default,Epsilon_Greedy,epsilon=0.45,307,22.96020948429125,1.1354255442337593,21.824783940057493,24.09563502852501,5
scale_default,Epsilon_Greedy,epsilon=0.45,308,23.12496181458334,1.1853369213293659,21.939624893253974,24.310298735912706,5
scale_default,Epsilon_Greedy,epsilon=0.45,309,23.23384629748699,1.227918597810811,22.00592769967618,24.4617648952978,5
scale_default,Epsilon_Greedy,epsilon=0.45,310,23.41411991463135,1.1744375687145554,22.239682345916794,24.588557483345905,5
scale_default,Epsilon_Greedy,epsilon=0.45,311,23.557526539422273,1.2413487057289048,22.31617783369337,24.798875245151176,5
scale_default,Epsilon_Greedy,epsilon=0.45,312,23.849137527305466,1.2709025666269844,22.578234960678483,25.12004009393245,5
scale_default,Epsilon_Greedy,epsilon=0.45,313,23.95283265340838,1.2972726643463313,22.65555998906205,25.25010531775471,5
scale_default,Epsilon_Greedy,epsilon=0.45,314,24.07652005040965,1.2339484574095592,22.842571593000088,25.31046850781921,5
scale_default,Epsilon_Greedy,epsilon=0.45,315,24.219832968660338,1.1634143856774797,23.056418582982857,25.38324735433782,5
scale_default,Epsilon_Greedy,epsilon=0.45,316,24.435770475357685,1.1451044203421088,23.290666055015578,25.580874895699793,5
scale_default,Epsilon_Greedy,epsilon=0.45,317,24.604976477960022,1.1610326139902085,23.443943863969814,25.76600909195023,5
scale_default,Epsilon_Greedy,epsilon=0.45,318,24.78812943236348,1.0976981553819758,23.690431276981503,25.885827587745457,5
scale_default,Epsilon_Greedy,epsilon=0.45,319,24.959429971391764,1.1123510253753177,23.847078946016445,26.07178099676708,5
scale_default,Epsilon_Greedy,epsilon=0.45,320,25.133536989359037,1.0970284553514609,24.036508534007577,26.230565444710496,5
scale_default,Epsilon_Greedy,epsilon=0.45,321,25.34866626162612,1.2510527932718978,24.097613468354222,26.59971905489802,5
scale_default,Epsilon_Greedy,epsilon=0.45,322,25.567279283465034,1.2277443469333404,24.33953493653169,26.795023630398376,5
scale_default,Epsilon_Greedy,epsilon=0.45,323,25.697202488295147,1.2011680324145684,24.49603445588058,26.898370520709715,5
scale_default,Epsilon_Greedy,epsilon=0.45,324,25.87150773244004,1.1367802084771617,24.734727523962878,27.008287940917203,5
scale_default,Epsilon_Greedy,epsilon=0.45,325,25.98100412502841,1.0970508333787454,24.883953291649664,27.078054958407154,5
scale_default,Epsilon_Greedy,epsilon=0.45,326,26.08871168911287,1.0021162981414045,25.086595390971464,27.090827987254276,5
scale_default,Epsilon_Greedy,epsilon=0.45,327,26.260386005044857,0.8956447151338067,25.364741289911052,27.156030720178663,5
scale_default,Epsilon_Greedy,epsilon=0.45,328,26.329498484218483,0.8922166047006802,25.4372818795178,27.221715088919165,5
scale_default,Epsilon_Greedy,epsilon=0.45,329,26.441214711328673,0.9023326015702055,25.538882109758468,27.343547312898878,5
scale_default,Epsilon_Greedy,epsilon=0.45,330,26.673892509148583,0.9182779706343401,25.755614538514244,27.592170479782922,5
scale_default,Epsilon_Greedy,epsilon=0.45,331,26.760645112758834,0.8798595029196605,25.880785609839172,27.640504615678495,5
scale_default,Epsilon_Greedy,epsilon=0.45,332,26.93172430918734,0.9548975207306032,25.976826788456737,27.886621829917946,5
scale_default,Epsilon_Greedy,epsilon=0.45,333,27.105599054492995,1.1333346510508102,25.972264403442185,28.238933705543804,5
scale_default,Epsilon_Greedy,epsilon=0.45,334,27.24569021243596,1.1177013992306153,26.127988813205345,28.363391611666575,5
scale_default,Epsilon_Greedy,epsilon=0.45,335,27.282943985039786,1.1212122024386972,26.161731782601088,28.404156187478485,5
scale_default,Epsilon_Greedy,epsilon=0.45,336,27.436069651687056,1.1367397565634392,26.299329895123616,28.572809408250496,5
scale_default,Epsilon_Greedy,epsilon=0.45,337,27.582628861587466,1.124225830878225,26.458403030709242,28.70685469246569,5
scale_default,Epsilon_Greedy,epsilon=0.45,338,27.701275510303805,1.0540812438456353,26.647194266458172,28.75535675414944,5
scale_default,Epsilon_Greedy,epsilon=0.45,339,27.89397917861699,1.114343227549465,26.779635951067526,29.008322406166457,5
scale_default,Epsilon_Greedy,epsilon=0.45,340,27.99097258449648,1.0686205009028313,26.922352083593648,29.05959308539931,5
scale_default,Epsilon_Greedy,epsilon=0.45,341,28.19053013831649,1.153304805868612,27.03722533244788,29.3438349441851,5
scale_default,Epsilon_Greedy,epsilon=0.45,342,28.46364806155379,1.2107202640175534,27.252927797536238,29.674368325571344,5
scale_default,Epsilon_Greedy,epsilon=0.45,343,28.632444399739164,1.2365434586663364,27.395900941072828,29.8689878584055,5
scale_default,Epsilon_Greedy,epsilon=0.45,344,28.77490569147011,1.1678809809088453,27.607024710561266,29.942786672378954,5
scale_default,Epsilon_Greedy,epsilon=0.45,345,28.910269873731686,1.154938815723612,27.755331058008075,30.065208689455297,5
scale_default,Epsilon_Greedy,epsilon=0.45,346,29.07260286211632,1.1386742480335663,27.933928614082753,30.211277110149886,5
scale_default,Epsilon_Greedy,epsilon=0.45,347,29.17223180540521,1.1894892297934891,27.982742575611724,30.3617210351987,5
scale_default,Epsilon_Greedy,epsilon=0.45,348,29.382695075909986,1.2236147936760977,28.159080282233887,30.606309869586084,5
scale_default,Epsilon_Greedy,epsilon=0.45,349,29.544111690408187,1.1578482558520493,28.386263434556138,30.701959946260235,5
scale_default,Epsilon_Greedy,epsilon=0.45,350,29.64162287167796,1.1668850941371065,28.474737777540852,30.808507965815068,5
scale_default,Epsilon_Greedy,epsilon=0.45,351,29.692678097847637,1.1753586898852133,28.51731940796242,30.86803678773285,5
scale_default,Epsilon_Greedy,epsilon=0.45,352,29.81774976616657,1.2081450187119256,28.609604747454647,31.025894784878496,5
scale_default,Epsilon_Greedy,epsilon=0.45,353,29.983110356680754,1.2498583825411957,28.73325197413956,31.23296873922195,5
scale_default,Epsilon_Greedy,epsilon=0.45,354,30.184719747566696,1.2114648123085139,28.973254935258183,31.39618455987521,5
scale_default,Epsilon_Greedy,epsilon=0.45,355,30.269815284595996,1.143924267303607,29.12589101729239,31.413739551899603,5
scale_default,Epsilon_Greedy,epsilon=0.45,356,30.545546878220954,1.1492534519870519,29.396293426233903,31.694800330208004,5
scale_default,Epsilon_Greedy,epsilon=0.45,357,30.726845312079895,1.1989245798627817,29.527920732217112,31.92576989194268,5
scale_default,Epsilon_Greedy,epsilon=0.45,358,30.98445701617448,1.1509537529172411,29.83350326325724,32.13541076909172,5
scale_default,Epsilon_Greedy,epsilon=0.45,359,31.118038508754246,1.1722595601856096,29.945778948568638,32.290298068939855,5
scale_default,Epsilon_Greedy,epsilon=0.45,360,31.373986786930885,1.1443933997652607,30.229593387165625,32.51838018669615,5
scale_default,Epsilon_Greedy,epsilon=0.45,361,31.473853799943367,1.1738277294437118,30.300026070499655,32.64768152938708,5
scale_default,Epsilon_Greedy,epsilon=0.45,362,31.641899883479635,1.0654507793981902,30.576449104081444,32.70735066287782,5
scale_default,Epsilon_Greedy,epsilon=0.45,363,31.87314324490407,1.2024084160406228,30.67073482886345,33.0755516609447,5
scale_default,Epsilon_Greedy,epsilon=0.45,364,32.03270421653055,1.162271066609758,30.87043314992079,33.1949752831403,5
scale_default,Epsilon_Greedy,epsilon=0.45,365,32.3216645081519,1.116074925765982,31.205589582385915,33.437739433917876,5
scale_default,Epsilon_Greedy,epsilon=0.45,366,32.5128409518884,1.0228482142340494,31.48999273765435,33.53568916612245,5
scale_default,Epsilon_Greedy,epsilon=0.45,367,32.67088199021668,0.9518176725403206,31.719064317676356,33.622699662757,5
scale_default,Epsilon_Greedy,epsilon=0.45,368,32.96640511889797,0.9435551959181108,32.02284992297986,33.909960314816075,5
scale_default,Epsilon_Greedy,epsilon=0.45,369,33.199357958731305,0.9237285951074896,32.275629363623814,34.123086553838796,5
scale_default,Epsilon_Greedy,epsilon=0.45,370,33.37833188399655,0.7756022870566082,32.602729596939945,34.15393417105316,5
scale_default,Epsilon_Greedy,epsilon=0.45,371,33.5623315096546,0.8311504986562387,32.73118101099836,34.39348200831083,5
scale_default,Epsilon_Greedy,epsilon=0.45,372,33.61481786614398,0.8223917930430087,32.79242607310097,34.43720965918699,5
scale_default,Epsilon_Greedy,epsilon=0.45,373,33.72550862871012,0.8588380722587481,32.86667055645137,34.584346700968865,5
scale_default,Epsilon_Greedy,epsilon=0.45,374,33.984103169386756,0.8947825890028109,33.08932058038395,34.878885758389565,5
scale_default,Epsilon_Greedy,epsilon=0.45,375,34.16591730067046,0.8321397819433798,33.333777518727075,34.99805708261384,5
scale_default,Epsilon_Greedy,epsilon=0.45,376,34.260394807731856,0.8744545959064347,33.38594021182542,35.13484940363829,5
scale_default,Epsilon_Greedy,epsilon=0.45,377,34.33257149169414,0.917578665262407,33.414992826431735,35.25015015695654,5
scale_default,Epsilon_Greedy,epsilon=0.45,378,34.50599363215539,0.8875143696766705,33.618479262478715,35.39350800183206,5
scale_default,Epsilon_Greedy,epsilon=0.45,379,34.723201645935966,0.8026337713719456,33.92056787456402,35.52583541730791,5
scale_default,Epsilon_Greedy,epsilon=0.45,380,34.919304357002765,0.7604927999883653,34.1588115570144,35.67979715699113,5
scale_default,Epsilon_Greedy,epsilon=0.45,381,35.096345165581184,0.7677708067649355,34.32857435881625,35.86411597234612,5
scale_default,Epsilon_Greedy,epsilon=0.45,382,35.29816723263154,0.8398995246883918,34.45826770794315,36.13806675731993,5
scale_default,Epsilon_Greedy,epsilon=0.45,383,35.44434783362043,0.9105426632675035,34.53380517035292,36.35489049688793,5
scale_default,Epsilon_Greedy,epsilon=0.45,384,35.53916750530393,0.9670447671612165,34.57212273814271,36.50621227246515,5
scale_default,Epsilon_Greedy,epsilon=0.45,385,35.76983534326953,1.0577138629554692,34.71212148031406,36.827549206224994,5
scale_default,Epsilon_Greedy,epsilon=0.45,386,35.88699885087798,0.9928184116188988,34.89418043925908,36.87981726249688,5
scale_default,Epsilon_Greedy,epsilon=0.45,387,36.05847360629374,1.0569875772803352,35.0014860290134,37.11546118357408,5
scale_default,Epsilon_Greedy,epsilon=0.45,388,36.21646281647201,1.0627257021087007,35.15373711436331,37.27918851858071,5
scale_default,Epsilon_Greedy,epsilon=0.45,389,36.42488690781248,1.0080519374217531,35.416834970390724,37.43293884523423,5
scale_default,Epsilon_Greedy,epsilon=0.45,390,36.6588227224108,1.0932730638999086,35.56554965851089,37.752095786310704,5
scale_default,Epsilon_Greedy,epsilon=0.45,391,36.87260451982466,1.040217323723397,35.832387196101266,37.91282184354806,5
scale_default,Epsilon_Greedy,epsilon=0.45,392,37.05486175636404,1.0354889771948252,36.01937277916922,38.090350733558864,5
scale_default,Epsilon_Greedy,epsilon=0.45,393,37.25009877175892,1.0347742085085974,36.21532456325033,38.284872980267515,5
scale_default,Epsilon_Greedy,epsilon=0.45,394,37.48145337388779,1.2085325907663313,36.27292078312146,38.68998596465412,5
scale_default,Epsilon_Greedy,epsilon=0.45,395,37.644053365628494,1.158362277358357,36.48569108827014,38.80241564298685,5
scale_default,Epsilon_Greedy,epsilon=0.45,396,37.74134213053695,1.1143160898457778,36.62702604069117,38.85565822038273,5
scale_default,Epsilon_Greedy,epsilon=0.45,397,37.87825161274469,1.212847170285035,36.66540444245965,39.09109878302973,5
scale_default,Epsilon_Greedy,epsilon=0.45,398,38.07526307893787,1.3601586343373444,36.71510444460053,39.43542171327522,5
scale_default,Epsilon_Greedy,epsilon=0.45,399,38.23544296153657,1.3908942192289344,36.84454874230764,39.6263371807655,5
scale_default,Epsilon_Greedy,epsilon=0.45,400,38.40104863777915,1.4863173761672657,36.914731261611884,39.88736601394641,5
scale_default,Epsilon_Greedy,epsilon=0.45,401,38.50018118088224,1.4496062995824988,37.05057488129974,39.949787480464735,5
scale_default,Epsilon_Greedy,epsilon=0.45,402,38.64641999547938,1.5203010619894353,37.12611893348994,40.16672105746881,5
scale_default,Epsilon_Greedy,epsilon=0.45,403,38.795104927154036,1.5449960932465145,37.25010883390752,40.34010102040055,5
scale_default,Epsilon_Greedy,epsilon=0.45,404,38.91200841571386,1.5436742501442593,37.36833416556961,40.45568266585812,5
scale_default,Epsilon_Greedy,epsilon=0.45,405,39.09745270172941,1.4305271700395636,37.66692553168985,40.52797987176897,5
scale_default,Epsilon_Greedy,epsilon=0.45,406,39.29323113117563,1.3413699792881306,37.9518611518875,40.63460111046376,5
scale_default,Epsilon_Greedy,epsilon=0.45,407,39.48859285130566,1.3498822381167963,38.13871061318886,40.83847508942246,5
scale_default,Epsilon_Greedy,epsilon=0.45,408,39.57272997648637,1.4096653937286692,38.163064582757706,40.98239537021504,5
scale_default,Epsilon_Greedy,epsilon=0.45,409,39.68356065741067,1.4365252359986114,38.247035421412065,41.12008589340928,5
scale_default,Epsilon_Greedy,epsilon=0.45,410,40.03554934505822,1.3383588444636623,38.69719050059456,41.373908189521885,5
scale_default,Epsilon_Greedy,epsilon=0.45,411,40.219083608525565,1.361051434940232,38.858032173585336,41.580135043465795,5
scale_default,Epsilon_Greedy,epsilon=0.45,412,40.40078323133608,1.303853239707225,39.096929991628855,41.7046364710433,5
scale_default,Epsilon_Greedy,epsilon=0.45,413,40.677193604529535,1.3954014723953418,39.28179213213419,42.07259507692488,5
scale_default,Epsilon_Greedy,epsilon=0.45,414,40.78982189291929,1.4054921207746622,39.38432977214463,42.19531401369395,5
scale_default,Epsilon_Greedy,epsilon=0.45,415,40.95019727423853,1.3225021910342172,39.627695083204316,42.27269946527275,5
scale_default,Epsilon_Greedy,epsilon=0.45,416,41.222698016332444,1.281372935719512,39.941325080612934,42.504070952051954,5
scale_default,Epsilon_Greedy,epsilon=0.45,417,41.40973342888312,1.2573391523137463,40.152394276569375,42.66707258119687,5
scale_default,Epsilon_Greedy,epsilon=0.45,418,41.681521961958616,1.2854647368399885,40.396057225118625,42.96698669879861,5
scale_default,Epsilon_Greedy,epsilon=0.45,419,41.83704077960787,1.2934200018156103,40.543620777792256,43.13046078142348,5
scale_default,Epsilon_Greedy,epsilon=0.45,420,41.911289380198234,1.3508875109549863,40.56040186924325,43.26217689115322,5
scale_default,Epsilon_Greedy,epsilon=0.45,421,42.016582677186655,1.2713758917642712,40.74520678542238,43.28795856895093,5
scale_default,Epsilon_Greedy,epsilon=0.45,422,42.24078839760803,1.2600494564691056,40.980738941138924,43.50083785407713,5
scale_default,Epsilon_Greedy,epsilon=0.45,423,42.39736513263722,1.10742667565817,41.28993845697905,43.50479180829539,5
scale_default,Epsilon_Greedy,epsilon=0.45,424,42.49016605405019,1.1512156792778365,41.33895037477235,43.64138173332803,5
scale_default,Epsilon_Greedy,epsilon=0.45,425,42.57927333965471,1.1357998732786576,41.443473466376055,43.71507321293337,5
scale_default,Epsilon_Greedy,epsilon=0.45,426,42.706768502034144,1.1506016803253483,41.55616682170879,43.857370182359496,5
scale_default,Epsilon_Greedy,epsilon=0.45,427,42.843117450036864,1.2166121776979635,41.6265052723389,44.059729627734825,5
scale_default,Epsilon_Greedy,epsilon=0.45,428,42.96746399564927,1.2332593718002052,41.73420462384907,44.20072336744947,5
scale_default,Epsilon_Greedy,epsilon=0.45,429,43.19833667568623,1.2768644402571105,41.92147223542912,44.475201115943335,5
scale_default,Epsilon_Greedy,epsilon=0.45,430,43.35919863648936,1.1704088178310026,42.18878981865836,44.52960745432036,5
scale_default,Epsilon_Greedy,epsilon=0.45,431,43.5281509040272,1.202983672456838,42.32516723157036,44.73113457648404,5
scale_default,Epsilon_Greedy,epsilon=0.45,432,43.67079636566116,1.3097836706482096,42.36101269501295,44.98058003630937,5
scale_default,Epsilon_Greedy,epsilon=0.45,433,43.829884744206375,1.3403636049008572,42.489521139305516,45.17024834910723,5
scale_default,Epsilon_Greedy,epsilon=0.45,434,43.9947027901316,1.3130354140767428,42.681667376054854,45.30773820420834,5
scale_default,Epsilon_Greedy,epsilon=0.45,435,44.286000482369076,1.3251749969656257,42.96082548540345,45.611175479334705,5
scale_default,Epsilon_Greedy,epsilon=0.45,436,44.38905728248816,1.2688596475003235,43.12019763498784,45.65791692998848,5
scale_default,Epsilon_Greedy,epsilon=0.45,437,44.58880828065443,1.2202923215309647,43.36851595912347,45.809100602185396,5
scale_default,Epsilon_Greedy,epsilon=0.45,438,44.781912539932534,1.027110525342737,43.7548020145898,45.80902306527527,5
scale_default,Epsilon_Greedy,epsilon=0.45,439,44.918027464933125,1.0527143907253131,43.86531307420781,45.97074185565844,5
scale_default,Epsilon_Greedy,epsilon=0.45,440,45.10950310043588,1.0498118000602994,44.05969130037558,46.15931490049618,5
scale_default,Epsilon_Greedy,epsilon=0.45,441,45.29556902917376,1.1135845392837382,44.18198448989003,46.4091535684575,5
scale_default,Epsilon_Greedy,epsilon=0.45,442,45.4593729813744,1.1899439995549828,44.269428981819416,46.649316980929385,5
scale_default,Epsilon_Greedy,epsilon=0.45,443,45.58610112950041,1.287963919792351,44.29813720970806,46.87406504929277,5
scale_default,Epsilon_Greedy,epsilon=0.45,444,45.74870637552383,1.339322632015298,44.409383743508535,47.08802900753913,5
scale_default,Epsilon_Greedy,epsilon=0.45,445,45.95707134151704,1.411314592327913,44.54575674918913,47.368385933844955,5
scale_default,Epsilon_Greedy,epsilon=0.45,446,46.200427348488645,1.3474942157611425,44.8529331327275,47.54792156424979,5
scale_default,Epsilon_Greedy,epsilon=0.45,447,46.30001610215283,1.3913656193099517,44.90865048284288,47.69138172146278,5
scale_default,Epsilon_Greedy,epsilon=0.45,448,46.521539793949806,1.1847225597624176,45.336817234187386,47.706262353712226,5
scale_default,Epsilon_Greedy,epsilon=0.45,449,46.75061297045697,1.2484636343747648,45.502149336082205,47.999076604831735,5
scale_default,Epsilon_Greedy,epsilon=0.45,450,46.92108255948627,1.24169371769476,45.679388841791514,48.16277627718103,5
scale_default,Epsilon_Greedy,epsilon=0.45,451,47.059645115505006,1.2602827156752274,45.79936239982978,48.31992783118023,5
scale_default,Epsilon_Greedy,epsilon=0.45,452,47.14599163234171,1.2941733140434608,45.85181831829825,48.440164946385174,5
scale_default,Epsilon_Greedy,epsilon=0.45,453,47.43405612874678,1.2895238986532604,46.144532230093525,48.72358002740004,5
scale_default,Epsilon_Greedy,epsilon=0.45,454,47.568555294539124,1.2525181704323027,46.31603712410682,48.82107346497143,5
scale_default,Epsilon_Greedy,epsilon=0.45,455,47.77478279118331,1.25244729840899,46.522335492774324,49.0272300895923,5
scale_default,Epsilon_Greedy,epsilon=0.45,456,47.978108516644795,1.2166193684690996,46.7614891481757,49.19472788511389,5
scale_default,Epsilon_Greedy,epsilon=0.45,457,48.06574033330714,1.2155239414298644,46.850216391877275,49.281264274737005,5
scale_default,Epsilon_Greedy,epsilon=0.45,458,48.37374715142619,1.0402826942924102,47.33346445713378,49.414029845718595,5
scale_default,Epsilon_Greedy,epsilon=0.45,459,48.52720791781004,1.0077205403053704,47.51948737750467,49.53492845811541,5
scale_default,Epsilon_Greedy,epsilon=0.45,460,48.630690383955184,1.0463719530695497,47.58431843088563,49.677062337024736,5
scale_default,Epsilon_Greedy,epsilon=0.45,461,48.72458867346861,1.0420039724960037,47.682584700972605,49.766592645964614,5
scale_default,Epsilon_Greedy,epsilon=0.45,462,48.95986718819333,1.1092043070454747,47.850662881147855,50.0690714952388,5
scale_default,Epsilon_Greedy,epsilon=0.45,463,49.13579881653143,1.0423194082503935,48.093479408281034,50.17811822478182,5
scale_default,Epsilon_Greedy,epsilon=0.45,464,49.420392250396354,1.0025222164824512,48.4178700339139,50.42291446687881,5
scale_default,Epsilon_Greedy,epsilon=0.45,465,49.68180677560345,1.1191044733217501,48.5627023022817,50.800911248925196,5
scale_default,Epsilon_Greedy,epsilon=0.45,466,49.82884397401442,1.1436461154746773,48.68519785853974,50.9724900894891,5
scale_default,Epsilon_Greedy,epsilon=0.45,467,49.93191897079885,1.1603265523952093,48.771592418403635,51.09224552319406,5
scale_default,Epsilon_Greedy,epsilon=0.45,468,50.232137664441844,0.9694161253714066,49.262721539070434,51.201553789813254,5
scale_default,Epsilon_Greedy,epsilon=0.45,469,50.38031619994061,0.9704787006007694,49.40983749933984,51.35079490054138,5
scale_default,Epsilon_Greedy,epsilon=0.45,470,50.62241215033619,0.9489468410449997,49.67346530929119,51.57135899138119,5
scale_default,Epsilon_Greedy,epsilon=0.45,471,50.76853378697142,0.9198837268331532,49.84865006013826,51.68841751380457,5
scale_default,Epsilon_Greedy,epsilon=0.45,472,50.9161599490631,1.098696533667249,49.81746341539585,52.01485648273035,5
scale_default,Epsilon_Greedy,epsilon=0.45,473,51.18752124180353,0.9925607516632933,50.19496049014024,52.18008199346682,5
scale_default,Epsilon_Greedy,epsilon=0.45,474,51.500513532057845,0.7728535019049183,50.727660030152926,52.273367033962764,5
scale_default,Epsilon_Greedy,epsilon=0.45,475,51.76766121599441,0.8147668793798409,50.95289433661457,52.58242809537425,5
scale_default,Epsilon_Greedy,epsilon=0.45,476,51.9447057457737,0.8325591859367507,51.11214655983695,52.777264931710455,5
scale_default,Epsilon_Greedy,epsilon=0.45,477,52.155449592582364,0.8995578036688399,51.25589178891352,53.055007396251206,5
scale_default,Epsilon_Greedy,epsilon=0.45,478,52.292871993071344,0.8558032453735216,51.43706874769782,53.148675238444866,5
scale_default,Epsilon_Greedy,epsilon=0.45,479,52.52769243554068,0.7750326367152994,51.75265979882538,53.30272507225598,5
scale_default,Epsilon_Greedy,epsilon=0.45,480,52.69346353869878,0.7690175272689027,51.92444601142988,53.46248106596768,5
scale_default,Epsilon_Greedy,epsilon=0.45,481,52.84083553867782,0.7067966153337177,52.13403892334411,53.54763215401154,5
scale_default,Epsilon_Greedy,epsilon=0.45,482,53.02592923293746,0.6821634497636032,52.34376578317386,53.70809268270106,5
scale_default,Epsilon_Greedy,epsilon=0.45,483,53.23583553941127,0.6424419339869974,52.593393605424275,53.87827747339826,5
scale_default,Epsilon_Greedy,epsilon=0.45,484,53.4591838910474,0.6668135822598857,52.79237030878752,54.12599747330729,5
scale_default,Epsilon_Greedy,epsilon=0.45,485,53.561026952921694,0.6949657082087949,52.866061244712895,54.25599266113049,5
scale_default,Epsilon_Greedy,epsilon=0.45,486,53.762037203023716,0.7154182151989399,53.04661898782478,54.477455418222654,5
scale_default,Epsilon_Greedy,epsilon=0.45,487,53.84150240726783,0.6691615232702763,53.172340883997556,54.51066393053811,5
scale_default,Epsilon_Greedy,epsilon=0.45,488,54.005126186816014,0.7352718104559065,53.26985437636011,54.74039799727192,5
scale_default,Epsilon_Greedy,epsilon=0.45,489,54.15192031534709,0.7466116360977262,53.405308679249366,54.89853195144482,5
scale_default,Epsilon_Greedy,epsilon=0.45,490,54.47746489168308,1.0876686526306676,53.38979623905241,55.565133544313746,5
scale_default,Epsilon_Greedy,epsilon=0.45,491,54.65487626818761,1.0753304318562629,53.57954583633134,55.73020670004387,5
scale_default,Epsilon_Greedy,epsilon=0.45,492,54.76964806779811,1.1155827261860443,53.65406534161207,55.88523079398415,5
scale_default,Epsilon_Greedy,epsilon=0.45,493,54.83931219089516,1.119447199620476,53.71986499127468,55.95875939051563,5
scale_default,Epsilon_Greedy,epsilon=0.45,494,55.09612658716446,1.0884279396342695,54.00769864753019,56.184554526798735,5
scale_default,Epsilon_Greedy,epsilon=0.45,495,55.37150073361418,1.1217413810366068,54.24975935257757,56.49324211465078,5
scale_default,Epsilon_Greedy,epsilon=0.45,496,55.761376986423784,1.1791498737568227,54.58222711266696,56.940526860180604,5
scale_default,Epsilon_Greedy,epsilon=0.45,497,55.90514868790967,1.162498417694576,54.742650270215094,57.06764710560425,5
scale_default,Epsilon_Greedy,epsilon=0.45,498,56.04363392251939,1.1771705115958415,54.86646341092355,57.22080443411523,5
scale_default,Epsilon_Greedy,epsilon=0.45,499,56.2930821189222,1.226958346130847,55.06612377279135,57.52004046505305,5
scale_default,Epsilon_Greedy,epsilon=0.45,500,56.54581156228003,1.1706469998562623,55.37516456242377,57.71645856213629,5
scale_default,Epsilon_Greedy,epsilon=0.45,501,56.71746665171776,1.2443089254970905,55.47315772622067,57.961775577214844,5
scale_default,Epsilon_Greedy,epsilon=0.45,502,56.96425544170845,1.1244260594211122,55.83982938228734,58.088681501129564,5
scale_default,Epsilon_Greedy,epsilon=0.45,503,57.0972723259451,1.0772675800602096,56.02000474588489,58.17453990600531,5
scale_default,Epsilon_Greedy,epsilon=0.45,504,57.39949698987908,0.9257750545344257,56.473721935344656,58.32527204441351,5
scale_default,Epsilon_Greedy,epsilon=0.45,505,57.55593377990452,0.9822870304963413,56.57364674940818,58.538220810400865,5
scale_default,Epsilon_Greedy,epsilon=0.45,506,57.681422173769064,0.9443742853853848,56.73704788838368,58.62579645915445,5
scale_default,Epsilon_Greedy,epsilon=0.45,507,57.830514077557915,1.014219363577012,56.8162947139809,58.84473344113493,5
scale_default,Epsilon_Greedy,epsilon=0.45,508,57.96890500336832,0.9599874309865928,57.008917572381726,58.928892434354914,5
scale_default,Epsilon_Greedy,epsilon=0.45,509,58.16954366011339,1.0138361430320042,57.15570751708139,59.18337980314539,5
scale_default,Epsilon_Greedy,epsilon=0.45,510,58.361739000443286,1.0349493465381063,57.32678965390518,59.39668834698139,5
scale_default,Epsilon_Greedy,epsilon=0.45,511,58.458538136953976,1.0425726807208995,57.415965456233074,59.50111081767488,5
scale_default,Epsilon_Greedy,epsilon=0.45,512,58.61812516264731,1.0553612903391443,57.56276387230817,59.67348645298645,5
scale_default,Epsilon_Greedy,epsilon=0.45,513,58.783732097974486,1.1242423791251677,57.659489718849315,59.90797447709966,5
scale_default,Epsilon_Greedy,epsilon=0.45,514,58.90977490023566,1.1448561746172154,57.76491872561844,60.05463107485288,5
scale_default,Epsilon_Greedy,epsilon=0.45,515,59.24719553209983,1.249321102920903,57.99787442917893,60.49651663502073,5
scale_default,Epsilon_Greedy,epsilon=0.45,516,59.43988267135084,1.2820011595384475,58.15788151181239,60.72188383088928,5
scale_default,Epsilon_Greedy,epsilon=0.45,517,59.66624675936629,1.2523443527918867,58.4139024065744,60.918591112158175,5
scale_default,Epsilon_Greedy,epsilon=0.45,518,59.8749683707245,1.2465405981717628,58.62842777255274,61.121508968896265,5
scale_default,Epsilon_Greedy,epsilon=0.45,519,60.039166076054144,1.2239438792526751,58.81522219680147,61.26310995530682,5
scale_default,Epsilon_Greedy,epsilon=0.45,520,60.239184765705716,1.224682175502261,59.014502590203456,61.463866941207975,5
scale_default,Epsilon_Greedy,epsilon=0.45,521,60.31729255683617,1.2495535807672387,59.06773897606893,61.56684613760341,5
scale_default,Epsilon_Greedy,epsilon=0.45,522,60.57388763605159,1.1176616290367185,59.45622600701487,61.691549265088305,5
scale_default,Epsilon_Greedy,epsilon=0.45,523,60.723043313035376,1.121601850920499,59.60144146211488,61.844645163955875,5
scale_default,Epsilon_Greedy,epsilon=0.45,524,60.89673587324337,1.0267138715569495,59.87002200168642,61.92344974480032,5
scale_default,Epsilon_Greedy,epsilon=0.45,525,61.12079247511478,0.8856458446759722,60.23514663043881,62.00643831979075,5
scale_default,Epsilon_Greedy,epsilon=0.45,526,61.3344650846861,0.801165456853695,60.533299627832406,62.1356305415398,5
scale_default,Epsilon_Greedy,epsilon=0.45,527,61.44329382730316,0.8181919531976303,60.625101874105525,62.26148578050079,5
scale_default,Epsilon_Greedy,epsilon=0.45,528,61.636111636950105,0.8836543182593366,60.752457318690766,62.519765955209444,5
scale_default,Epsilon_Greedy,epsilon=0.45,529,61.89047766340184,0.918438046157358,60.972039617244484,62.808915709559194,5
scale_default,Epsilon_Greedy,epsilon=0.45,530,62.018208368036156,0.9970236840529683,61.021184683983186,63.015232052089125,5
scale_default,Epsilon_Greedy,epsilon=0.45,531,62.30826624763385,0.9368257246059306,61.37144052302792,63.245091972239784,5
scale_default,Epsilon_Greedy,epsilon=0.45,532,62.55358967016245,0.9048937037837373,61.64869596637872,63.45848337394619,5
scale_default,Epsilon_Greedy,epsilon=0.45,533,62.66579040353963,1.0094281362986541,61.65636226724098,63.67521853983828,5
scale_default,Epsilon_Greedy,epsilon=0.45,534,62.783871366331084,0.9370948272284549,61.84677653910263,63.72096619355954,5
scale_default,Epsilon_Greedy,epsilon=0.45,535,62.9443946214357,1.0627326729864415,61.881661948449256,64.00712729442213,5
scale_default,Epsilon_Greedy,epsilon=0.45,536,63.024499079884336,1.049481658564815,61.97501742131952,64.07398073844915,5
scale_default,Epsilon_Greedy,epsilon=0.45,537,63.22779439363243,1.2422552617585443,61.985539131873885,64.47004965539098,5
scale_default,Epsilon_Greedy,epsilon=0.45,538,63.2998038050535,1.2140864776141427,62.085717327439355,64.51389028266765,5
scale_default,Epsilon_Greedy,epsilon=0.45,539,63.459489484609875,1.3106244270958887,62.14886505751399,64.77011391170576,5
scale_default,Epsilon_Greedy,epsilon=0.45,540,63.54357609197765,1.3074356650924572,62.23614042688519,64.85101175707011,5
scale_default,Epsilon_Greedy,epsilon=0.45,541,63.68024475954432,1.3240643588371477,62.356180400707174,65.00430911838147,5
scale_default,Epsilon_Greedy,epsilon=0.45,542,63.746513499664694,1.3104729933091883,62.4360405063555,65.05698649297388,5
scale_default,Epsilon_Greedy,epsilon=0.45,543,63.97035068701534,1.5220531226759657,62.44829756433938,65.49240380969131,5
scale_default,Epsilon_Greedy,epsilon=0.45,544,64.15013751979126,1.5172280558973483,62.63290946389391,65.6673655756886,5
scale_default,Epsilon_Greedy,epsilon=0.45,545,64.30761848138286,1.5590171163639184,62.74860136501894,65.86663559774678,5
scale_default,Epsilon_Greedy,epsilon=0.45,546,64.50334606874124,1.4494129208991144,63.05393314784212,65.95275898964036,5
scale_default,Epsilon_Greedy,epsilon=0.45,547,64.68610488049931,1.4018832331411877,63.28422164735813,66.0879881136405,5
scale_default,Epsilon_Greedy,epsilon=0.45,548,64.89369012585787,1.5659724703770708,63.327717655480804,66.45966259623495,5
scale_default,Epsilon_Greedy,epsilon=0.45,549,65.38450708872705,1.750301404110647,63.634205684616404,67.13480849283769,5
scale_default,Epsilon_Greedy,epsilon=0.45,550,65.69140221832768,1.6706021712545573,64.02080004707312,67.36200438958224,5
scale_default,Epsilon_Greedy,epsilon=0.45,551,65.85470537278562,1.6373555828699011,64.21734978991572,67.49206095565552,5
scale_default,Epsilon_Greedy,epsilon=0.45,552,66.09986726529647,1.6008983161106178,64.49896894918585,67.70076558140708,5
scale_default,Epsilon_Greedy,epsilon=0.45,553,66.2694185583849,1.5561994185642423,64.71321913982065,67.82561797694915,5
scale_default,Epsilon_Greedy,epsilon=0.45,554,66.50127348342303,1.467441095371213,65.03383238805182,67.96871457879425,5
scale_default,Epsilon_Greedy,epsilon=0.45,555,66.6520687493414,1.4820016063972747,65.17006714294412,68.13407035573867,5
scale_default,Epsilon_Greedy,epsilon=0.45,556,66.76265072963449,1.4291267006956183,65.33352402893887,68.1917774303301,5
scale_default,Epsilon_Greedy,epsilon=0.45,557,66.86142001368877,1.4372874931904753,65.42413252049829,68.29870750687925,5
scale_default,Epsilon_Greedy,epsilon=0.45,558,67.1371033190853,1.4937125684629882,65.64339075062232,68.63081588754828,5
scale_default,Epsilon_Greedy,epsilon=0.45,559,67.20247586402861,1.5307588057103125,65.67171705831831,68.73323466973892,5
scale_default,Epsilon_Greedy,epsilon=0.45,560,67.38636219771725,1.5407389009089214,65.84562329680833,68.92710109862617,5
scale_default,Epsilon_Greedy,epsilon=0.45,561,67.46272187809203,1.5530378225263406,65.90968405556569,69.01575970061836,5
scale_default,Epsilon_Greedy,epsilon=0.45,562,67.67093177371406,1.676958607530848,65.99397316618321,69.34789038124491,5
scale_default,Epsilon_Greedy,epsilon=0.45,563,67.84787582628401,1.6862865222140366,66.16158930406998,69.53416234849804,5
scale_default,Epsilon_Greedy,epsilon=0.45,564,68.12956530444708,1.967300932420145,66.16226437202694,70.09686623686723,5
scale_default,Epsilon_Greedy,epsilon=0.45,565,68.34522683742543,1.8845962879838116,66.46063054944162,70.22982312540924,5
scale_default,Epsilon_Greedy,epsilon=0.45,566,68.43469786208483,1.8722909648136332,66.5624068972712,70.30698882689846,5
scale_default,Epsilon_Greedy,epsilon=0.45,567,68.59035297523715,1.8160759513140519,66.7742770239231,70.4064289265512,5
scale_default,Epsilon_Greedy,epsilon=0.45,568,68.74660964963991,1.853279389887869,66.89333025975203,70.59988903952778,5
scale_default,Epsilon_Greedy,epsilon=0.45,569,68.85174228128088,1.8180710842581813,67.0336711970227,70.66981336553906,5
scale_default,Epsilon_Greedy,epsilon=0.45,570,69.0331004896806,1.806430958510723,67.22666953116989,70.83953144819132,5
scale_default,Epsilon_Greedy,epsilon=0.45,571,69.21813916824348,1.7529465817659045,67.46519258647757,70.9710857500094,5
scale_default,Epsilon_Greedy,epsilon=0.45,572,69.44748583503097,1.762753751532177,67.6847320834988,71.21023958656315,5
scale_default,Epsilon_Greedy,epsilon=0.45,573,69.63107738589704,1.6640180744053559,67.96705931149168,71.2950954603024,5
scale_default,Epsilon_Greedy,epsilon=0.45,574,69.81152999214278,1.679160388435494,68.13236960370729,71.49069038057827,5
scale_default,Epsilon_Greedy,epsilon=0.45,575,70.13920797248599,1.7112318585977215,68.42797611388826,71.85043983108372,5
scale_default,Epsilon_Greedy,epsilon=0.45,576,70.315986679075,1.7648773452384314,68.55110933383656,72.08086402431343,5
scale_default,Epsilon_Greedy,epsilon=0.45,577,70.67816287770397,1.8343218530271104,68.84384102467686,72.51248473073107,5
scale_default,Epsilon_Greedy,epsilon=0.45,578,70.92977983234634,1.9951665707267827,68.93461326161956,72.92494640307312,5
scale_default,Epsilon_Greedy,epsilon=0.45,579,71.08730522798501,1.7653100684217864,69.32199515956323,72.8526152964068,5
scale_default,Epsilon_Greedy,epsilon=0.45,580,71.22976737193476,1.7335127829284072,69.49625458900636,72.96328015486316,5
scale_default,Epsilon_Greedy,epsilon=0.45,581,71.41573579943424,1.7880262388086219,69.62770956062562,73.20376203824287,5
scale_default,Epsilon_Greedy,epsilon=0.45,582,71.56833358110292,1.6665009956888321,69.90183258541408,73.23483457679176,5
scale_default,Epsilon_Greedy,epsilon=0.45,583,71.8131842279997,1.5813285008436078,70.23185572715609,73.39451272884331,5
scale_default,Epsilon_Greedy,epsilon=0.45,584,72.02276117929753,1.6184337487259586,70.40432743057157,73.6411949280235,5
scale_default,Epsilon_Greedy,epsilon=0.45,585,72.16292641046046,1.655804926410613,70.50712148404985,73.81873133687107,5
scale_default,Epsilon_Greedy,epsilon=0.45,586,72.44565130986587,1.7758144463248613,70.66983686354101,74.22146575619072,5
scale_default,Epsilon_Greedy,epsilon=0.45,587,72.6062859199501,1.723879606893715,70.88240631305638,74.33016552684381,5
scale_default,Epsilon_Greedy,epsilon=0.45,588,72.73675295572272,1.7772367880175162,70.9595161677052,74.51398974374024,5
scale_default,Epsilon_Greedy,epsilon=0.45,589,72.82753957484427,1.7600016116570183,71.06753796318725,74.58754118650128,5
scale_default,Epsilon_Greedy,epsilon=0.45,590,73.07196840211779,1.9002802638150929,71.1716881383027,74.97224866593288,5
scale_default,Epsilon_Greedy,epsilon=0.45,591,73.25593067876875,1.7872257177309763,71.46870496103777,75.04315639649973,5
scale_default,Epsilon_Greedy,epsilon=0.45,592,73.41537847516284,1.8381484614760069,71.57723001368683,75.25352693663885,5
scale_default,Epsilon_Greedy,epsilon=0.45,593,73.52144485231368,1.791338195323043,71.73010665699063,75.31278304763673,5
scale_default,Epsilon_Greedy,epsilon=0.45,594,73.64177650026485,1.7793902405001114,71.86238625976475,75.42116674076496,5
scale_default,Epsilon_Greedy,epsilon=0.45,595,73.7035028565816,1.8071812709578157,71.89632158562378,75.5106841275394,5
scale_default,Epsilon_Greedy,epsilon=0.45,596,73.81936261934675,1.858639207881501,71.96072341146525,75.67800182722824,5
scale_default,Epsilon_Greedy,epsilon=0.45,597,73.91782903811551,1.922046201831728,71.99578283628378,75.83987523994725,5
scale_default,Epsilon_Greedy,epsilon=0.45,598,74.07029929877481,1.9711997257138674,72.09909957306094,76.04149902448869,5
scale_default,Epsilon_Greedy,epsilon=0.45,599,74.20894404708122,2.0602643048570513,72.14867974222416,76.26920835193827,5
scale_default,Epsilon_Greedy,epsilon=0.5,0,0.0799938745381539,0.04368487698965922,0.03630899754849468,0.12367875152781313,5
scale_default,Epsilon_Greedy,epsilon=0.5,1,0.13099409216684618,0.09489942969105995,0.03609466247578623,0.22589352185790612,5
scale_default,Epsilon_Greedy,epsilon=0.5,2,0.19998566603803863,0.1257239472394576,0.07426171879858104,0.32570961327749626,5
scale_default,Epsilon_Greedy,epsilon=0.5,3,0.25867839320915,0.20001396929129095,0.05866442391785903,0.45869236250044093,5
scale_default,Epsilon_Greedy,epsilon=0.5,4,0.3125036451041462,0.29391200897102526,0.018591636133120926,0.6064156540751715,5
scale_default,Epsilon_Greedy,epsilon=0.5,5,0.3398206460587988,0.2776894397508502,0.062131206307948605,0.617510085809649,5
scale_default,Epsilon_Greedy,epsilon=0.5,6,0.35804874776637635,0.2773953313026247,0.08065341646375163,0.635444079069001,5
scale_default,Epsilon_Greedy,epsilon=0.5,7,0.37696006526226156,0.2871557862471826,0.08980427901507898,0.6641158515094441,5
scale_default,Epsilon_Greedy,epsilon=0.5,8,0.40173740238252653,0.285424646647072,0.11631275573545452,0.6871620490295985,5
scale_default,Epsilon_Greedy,epsilon=0.5,9,0.4224158036883381,0.30024502458616276,0.12217077910217533,0.7226608282745008,5
scale_default,Epsilon_Greedy,epsilon=0.5,10,0.44362648665508847,0.29168160844712276,0.1519448782079657,0.7353080951022113,5
scale_default,Epsilon_Greedy,epsilon=0.5,11,0.45094479430093565,0.28780043351239454,0.1631443607885411,0.7387452278133302,5
scale_default,Epsilon_Greedy,epsilon=0.5,12,0.47079161877284637,0.28722384658117917,0.1835677721916672,0.7580154653540255,5
scale_default,Epsilon_Greedy,epsilon=0.5,13,0.49571076513626267,0.28363573153054283,0.21207503360571983,0.7793464966668056,5
scale_default,Epsilon_Greedy,epsilon=0.5,14,0.5098061025498877,0.29305883850325865,0.21674726404662903,0.8028649410531463,5
scale_default,Epsilon_Greedy,epsilon=0.5,15,0.5275025084249383,0.2936784501615572,0.2338240582633811,0.8211809585864955,5
scale_default,Epsilon_Greedy,epsilon=0.5,16,0.5577927826347835,0.305352211836085,0.25244057079869847,0.8631449944708685,5
scale_default,Epsilon_Greedy,epsilon=0.5,17,0.5629633734754076,0.30859395617996294,0.25436941729544466,0.8715573296553705,5
scale_default,Epsilon_Greedy,epsilon=0.5,18,0.6053283728228178,0.2735451432853205,0.33178322953749734,0.8788735161081382,5
scale_default,Epsilon_Greedy,epsilon=0.5,19,0.650841019540698,0.3370138474759433,0.31382717206475463,0.9878548670166413,5
scale_default,Epsilon_Greedy,epsilon=0.5,20,0.6779994411184014,0.33606294209238163,0.34193649902601975,1.0140623832107831,5
scale_default,Epsilon_Greedy,epsilon=0.5,21,0.6885438088323801,0.32858755124536876,0.35995625758701133,1.017131360077749,5
scale_default,Epsilon_Greedy,epsilon=0.5,22,0.6976280884872196,0.3330698418851438,0.36455824660207575,1.0306979303723633,5
scale_default,Epsilon_Greedy,epsilon=0.5,23,0.7502009757300276,0.3154018989689191,0.4347990767611085,1.0656028746989468,5
scale_default,Epsilon_Greedy,epsilon=0.5,24,0.7694865025990758,0.30832434965156347,0.46116215294751234,1.0778108522506393,5
scale_default,Epsilon_Greedy,epsilon=0.5,25,0.7822094881175354,0.306294667787496,0.47591482033003946,1.0885041559050315,5
scale_default,Epsilon_Greedy,epsilon=0.5,26,0.7955447400645983,0.3068862620832603,0.488658477981338,1.1024310021478585,5
scale_default,Epsilon_Greedy,epsilon=0.5,27,0.8197874963674007,0.3002629411347619,0.5195245552326389,1.1200504375021625,5
scale_default,Epsilon_Greedy,epsilon=0.5,28,0.8420508933195417,0.30259151451753724,0.5394593788020046,1.144642407837079,5
scale_default,Epsilon_Greedy,epsilon=0.5,29,0.8608768394118126,0.29409679660295185,0.5667800428088607,1.1549736360147644,5
scale_default,Epsilon_Greedy,epsilon=0.5,30,0.8792316232369723,0.3120256262538595,0.5672059969831129,1.1912572494908318,5
scale_default,Epsilon_Greedy,epsilon=0.5,31,0.8992435364565143,0.3053767884976673,0.5938667479588471,1.2046203249541816,5
scale_default,Epsilon_Greedy,epsilon=0.5,32,0.9129361414709887,0.3014262569143831,0.6115098845566056,1.2143623983853717,5
scale_default,Epsilon_Greedy,epsilon=0.5,33,0.9212377513241551,0.2988515058291269,0.6223862454950282,1.220089257153282,5
scale_default,Epsilon_Greedy,epsilon=0.5,34,0.9470448261808432,0.33324800981841274,0.6137968163624304,1.2802928359992558,5
scale_default,Epsilon_Greedy,epsilon=0.5,35,0.9988135738950122,0.3527906180874998,0.6460229558075125,1.3516041919825121,5
scale_default,Epsilon_Greedy,epsilon=0.5,36,1.029059342169284,0.3464366391849786,0.6826227029843054,1.3754959813542627,5
scale_default,Epsilon_Greedy,epsilon=0.5,37,1.0412478689471876,0.34208511942080466,0.6991627495263829,1.3833329883679921,5
scale_default,Epsilon_Greedy,epsilon=0.5,38,1.054547289024753,0.3368090598547181,0.7177382291700348,1.3913563488794711,5
scale_default,Epsilon_Greedy,epsilon=0.5,39,1.0665148014316073,0.33175753707551137,0.7347572643560959,1.3982723385071187,5
scale_default,Epsilon_Greedy,epsilon=0.5,40,1.1008346259858734,0.3236611829655361,0.7771734430203374,1.4244958089514095,5
scale_default,Epsilon_Greedy,epsilon=0.5,41,1.1111189516022704,0.3204529171822816,0.7906660344199887,1.431571868784552,5
scale_default,Epsilon_Greedy,epsilon=0.5,42,1.1325027253703859,0.36095428060107243,0.7715484447693135,1.4934570059714583,5
scale_default,Epsilon_Greedy,epsilon=0.5,43,1.1431077767691744,0.3557778063308875,0.7873299704382869,1.498885583100062,5
scale_default,Epsilon_Greedy,epsilon=0.5,44,1.1477177537421157,0.353411999777755,0.7943057539643608,1.5011297535198707,5
scale_default,Epsilon_Greedy,epsilon=0.5,45,1.1770368278895558,0.399606409786482,0.7774304181030738,1.5766432376760378,5
scale_default,Epsilon_Greedy,epsilon=0.5,46,1.1925680497992073,0.3988947325242441,0.7936733172749632,1.5914627823234513,5
scale_default,Epsilon_Greedy,epsilon=0.5,47,1.2089844970764527,0.3960218549115851,0.8129626421648677,1.6050063519880378,5
scale_default,Epsilon_Greedy,epsilon=0.5,48,1.2666864354702807,0.3845107140381789,0.8821757214321018,1.6511971495084596,5
scale_default,Epsilon_Greedy,epsilon=0.5,49,1.282772600033144,0.3826139931841936,0.9001586068489504,1.6653865932173377,5
scale_default,Epsilon_Greedy,epsilon=0.5,50,1.292884701138917,0.3732729900317888,0.9196117111071282,1.666157691170706,5
scale_default,Epsilon_Greedy,epsilon=0.5,51,1.3011791952276817,0.36820805071953133,0.9329711445081503,1.669387245947213,5
scale_default,Epsilon_Greedy,epsilon=0.5,52,1.3222135941710222,0.3679885795687274,0.9542250146022948,1.6902021737397497,5
scale_default,Epsilon_Greedy,epsilon=0.5,53,1.33130340168606,0.37817956405049824,0.9531238376355619,1.7094829657365582,5
scale_default,Epsilon_Greedy,epsilon=0.5,54,1.3408723147351336,0.37589446673102206,0.9649778480041116,1.7167667814661556,5
scale_default,Epsilon_Greedy,epsilon=0.5,55,1.3653821949991005,0.37411585042509177,0.9912663445740088,1.7394980454241922,5
scale_default,Epsilon_Greedy,epsilon=0.5,56,1.392913384661309,0.36287894683418387,1.0300344378271253,1.7557923314954929,5
scale_default,Epsilon_Greedy,epsilon=0.5,57,1.4139169196628047,0.35589481955679086,1.058022100106014,1.7698117392195956,5
scale_default,Epsilon_Greedy,epsilon=0.5,58,1.4240399686732272,0.36420851325825576,1.0598314554149715,1.788248481931483,5
scale_default,Epsilon_Greedy,epsilon=0.5,59,1.4386712116320206,0.36806996132917047,1.0706012503028501,1.806741172961191,5
scale_default,Epsilon_Greedy,epsilon=0.5,60,1.4805640493209433,0.3384552509852391,1.1421087983357041,1.8190193003061825,5
scale_default,Epsilon_Greedy,epsilon=0.5,61,1.4912745080897947,0.34820388273782615,1.1430706253519685,1.8394783908276209,5
scale_default,Epsilon_Greedy,epsilon=0.5,62,1.5268013011926715,0.3446273719062396,1.182173929286432,1.8714286730989111,5
scale_default,Epsilon_Greedy,epsilon=0.5,63,1.5345940204806618,0.34783197467988985,1.186762045800772,1.8824259951605518,5
scale_default,Epsilon_Greedy,epsilon=0.5,64,1.5577392745485379,0.374312412104694,1.1834268624438438,1.932051686653232,5
scale_default,Epsilon_Greedy,epsilon=0.5,65,1.5665132145028178,0.3753519411954213,1.1911612733073964,1.9418651556982391,5
scale_default,Epsilon_Greedy,epsilon=0.5,66,1.5719724367049532,0.37763440565080175,1.1943380310541514,1.949606842355755,5
scale_default,Epsilon_Greedy,epsilon=0.5,67,1.5929108673020775,0.3682132454495936,1.2246976218524839,1.9611241127516712,5
scale_default,Epsilon_Greedy,epsilon=0.5,68,1.5978680832467005,0.3667638668717754,1.231104216374925,1.964631950118476,5
scale_default,Epsilon_Greedy,epsilon=0.5,69,1.6033575896409118,0.36645172966152134,1.2369058599793905,1.969809319302433,5
scale_default,Epsilon_Greedy,epsilon=0.5,70,1.6548727018643015,0.3704972219581324,1.284375479906169,2.025369923822434,5
scale_default,Epsilon_Greedy,epsilon=0.5,71,1.6624396338207243,0.3714423160669502,1.2909973177537741,2.0338819498876743,5
scale_default,Epsilon_Greedy,epsilon=0.5,72,1.677808269861479,0.36799010995087333,1.3098181599106056,2.0457983798123522,5
scale_default,Epsilon_Greedy,epsilon=0.5,73,1.688306826124797,0.37273497425286656,1.3155718518719306,2.0610418003776636,5
scale_default,Epsilon_Greedy,epsilon=0.5,74,1.6957890571633976,0.37263403204301576,1.3231550251203819,2.0684230892064135,5
scale_default,Epsilon_Greedy,epsilon=0.5,75,1.7061232641535606,0.36978752783822816,1.3363357363153325,2.075910791991789,5
scale_default,Epsilon_Greedy,epsilon=0.5,76,1.730159636891507,0.35117372018866166,1.3789859167028453,2.081333357080169,5
scale_default,Epsilon_Greedy,epsilon=0.5,77,1.7773658977778393,0.37416740257760317,1.403198495200236,2.1515333003554424,5
scale_default,Epsilon_Greedy,epsilon=0.5,78,1.7991795432019262,0.35977814385401263,1.4394013993479136,2.158957687055939,5
scale_default,Epsilon_Greedy,epsilon=0.5,79,1.815418097614888,0.3501776791292168,1.465240418485671,2.1655957767441048,5
scale_default,Epsilon_Greedy,epsilon=0.5,80,1.8525862602148522,0.33524910055517293,1.5173371596596792,2.187835360770025,5
scale_default,Epsilon_Greedy,epsilon=0.5,81,1.8587075433383062,0.33818363019750614,1.5205239131408002,2.1968911735358123,5
scale_default,Epsilon_Greedy,epsilon=0.5,82,1.8996989792956769,0.31277561375847124,1.5869233655372057,2.2124745930541483,5
scale_default,Epsilon_Greedy,epsilon=0.5,83,1.9267558215268106,0.31163408580181884,1.6151217357249918,2.2383899073286293,5
scale_default,Epsilon_Greedy,epsilon=0.5,84,1.9752763693920692,0.32660702679068837,1.6486693426013808,2.3018833961827574,5
scale_default,Epsilon_Greedy,epsilon=0.5,85,1.9901963527212796,0.3277540332507221,1.6624423194705575,2.3179503859720016,5
scale_default,Epsilon_Greedy,epsilon=0.5,86,2.041790928828651,0.35563146382417393,1.686159465004477,2.397422392652825,5
scale_default,Epsilon_Greedy,epsilon=0.5,87,2.056132941795358,0.371802855648507,1.684330086146851,2.427935797443865,5
scale_default,Epsilon_Greedy,epsilon=0.5,88,2.080611695522238,0.37476474294424766,1.70584695257799,2.4553764384664856,5
scale_default,Epsilon_Greedy,epsilon=0.5,89,2.1030921993132523,0.3623244110266714,1.7407677882865809,2.4654166103399238,5
scale_default,Epsilon_Greedy,epsilon=0.5,90,2.1150434317801934,0.35865768379292035,1.756385747987273,2.473701115573114,5
scale_default,Epsilon_Greedy,epsilon=0.5,91,2.1220942848901507,0.355374225981479,1.7667200589086718,2.47746851087163,5
scale_default,Epsilon_Greedy,epsilon=0.5,92,2.142980601686831,0.3460929643280707,1.7968876373587603,2.489073566014902,5
scale_default,Epsilon_Greedy,epsilon=0.5,93,2.1797698379093604,0.32709103663758954,1.8526788012717708,2.50686087454695,5
scale_default,Epsilon_Greedy,epsilon=0.5,94,2.1903530164223,0.32866812690493136,1.8616848895173685,2.5190211433272314,5
scale_default,Epsilon_Greedy,epsilon=0.5,95,2.201458326610557,0.33385639299343683,1.8676019336171201,2.535314719603994,5
scale_default,Epsilon_Greedy,epsilon=0.5,96,2.208155541917647,0.33779706400509,1.8703584779125568,2.5459526059227366,5
scale_default,Epsilon_Greedy,epsilon=0.5,97,2.2262056072746934,0.32929816244149934,1.896907444833194,2.555503769716193,5
scale_default,Epsilon_Greedy,epsilon=0.5,98,2.234478607303692,0.33311321974433017,1.9013653875593617,2.5675918270480222,5
scale_default,Epsilon_Greedy,epsilon=0.5,99,2.2555949143379252,0.32581666846539786,1.9297782458725274,2.581411582803323,5
scale_default,Epsilon_Greedy,epsilon=0.5,100,2.2603712951749735,0.32437897503580365,1.9359923201391698,2.584750270210777,5
scale_default,Epsilon_Greedy,epsilon=0.5,101,2.274184929188821,0.32238296613490247,1.9518019630539185,2.5965678953237235,5
scale_default,Epsilon_Greedy,epsilon=0.5,102,2.3189447437493884,0.3214982246834332,1.9974465190659552,2.6404429684328217,5
scale_default,Epsilon_Greedy,epsilon=0.5,103,2.3601575015667455,0.37766995606691994,1.9824875454998256,2.7378274576336654,5
scale_default,Epsilon_Greedy,epsilon=0.5,104,2.3779234578763484,0.37955784668305825,1.9983656111932901,2.7574813045594064,5
scale_default,Epsilon_Greedy,epsilon=0.5,105,2.4134080398518885,0.43595167865863627,1.9774563611932523,2.8493597185105246,5
scale_default,Epsilon_Greedy,epsilon=0.5,106,2.435219986161107,0.42896927721637945,2.0062507089447275,2.8641892633774866,5
scale_default,Epsilon_Greedy,epsilon=0.5,107,2.4491240268947343,0.41808194506513335,2.031042081829601,2.8672059719598675,5
scale_default,Epsilon_Greedy,epsilon=0.5,108,2.4605501925376707,0.41066467086159114,2.0498855216760794,2.871214863399262,5
scale_default,Epsilon_Greedy,epsilon=0.5,109,2.471264836649636,0.4121232726654884,2.0591415639841477,2.883388109315124,5
scale_default,Epsilon_Greedy,epsilon=0.5,110,2.503849363562985,0.4010245093866889,2.102824854176296,2.9048738729496737,5
scale_default,Epsilon_Greedy,epsilon=0.5,111,2.5161243808979954,0.4021316297033868,2.1139927511946084,2.9182560106013824,5
scale_default,Epsilon_Greedy,epsilon=0.5,112,2.5243755510770765,0.4024272883871452,2.1219482626899313,2.9268028394642216,5
scale_default,Epsilon_Greedy,epsilon=0.5,113,2.531082033414976,0.40487870152569266,2.1262033318892835,2.935960734940669,5
scale_default,Epsilon_Greedy,epsilon=0.5,114,2.5412438090596443,0.4041539394890055,2.1370898695706386,2.94539774854865,5
scale_default,Epsilon_Greedy,epsilon=0.5,115,2.5551249297364764,0.4083855177188911,2.1467394120175856,2.9635104474553673,5
scale_default,Epsilon_Greedy,epsilon=0.5,116,2.563044327049858,0.41028821487625516,2.152756112173603,2.973332541926113,5
scale_default,Epsilon_Greedy,epsilon=0.5,117,2.5783499311942903,0.40240960457764396,2.1759403266166464,2.9807595357719343,5
scale_default,Epsilon_Greedy,epsilon=0.5,118,2.60264461981891,0.3909639178286489,2.2116807019902613,2.993608537647559,5
scale_default,Epsilon_Greedy,epsilon=0.5,119,2.6109192760798483,0.3883485785972109,2.2225706974826376,2.999267854677059,5
scale_default,Epsilon_Greedy,epsilon=0.5,120,2.644678417223075,0.3998557287091707,2.244822688513904,3.044534145932246,5
scale_default,Epsilon_Greedy,epsilon=0.5,121,2.6759239267799138,0.4106663539695716,2.2652575728103423,3.086590280749485,5
scale_default,Epsilon_Greedy,epsilon=0.5,122,2.6870122844759448,0.40352780347200917,2.2834844810039354,3.090540087947954,5
scale_default,Epsilon_Greedy,epsilon=0.5,123,2.747767253632376,0.41116181198421375,2.336605441648162,3.15892906561659,5
scale_default,Epsilon_Greedy,epsilon=0.5,124,2.7680969070012487,0.4045406140856339,2.363556292915615,3.1726375210868825,5
scale_default,Epsilon_Greedy,epsilon=0.5,125,2.789288336085339,0.39062406816216066,2.3986642679231784,3.1799124042474998,5
scale_default,Epsilon_Greedy,epsilon=0.5,126,2.809872495119317,0.38718116249887014,2.422691332620447,3.197053657618187,5
scale_default,Epsilon_Greedy,epsilon=0.5,127,2.8309829865783955,0.399760958419212,2.4312220281591834,3.2307439449976076,5
scale_default,Epsilon_Greedy,epsilon=0.5,128,2.8543806604037116,0.3988836634184179,2.4554969969852936,3.2532643238221297,5
scale_default,Epsilon_Greedy,epsilon=0.5,129,2.896403352845457,0.4289021981402536,2.4675011547052037,3.3253055509857106,5
scale_default,Epsilon_Greedy,epsilon=0.5,130,2.935874352608599,0.40168738995711756,2.5341869626514812,3.3375617425657165,5
scale_default,Epsilon_Greedy,epsilon=0.5,131,2.9495230468996945,0.41473310997182594,2.5347899369278686,3.3642561568715204,5
scale_default,Epsilon_Greedy,epsilon=0.5,132,2.9586322819959943,0.4193721937163825,2.5392600882796117,3.378004475712377,5
scale_default,Epsilon_Greedy,epsilon=0.5,133,2.9632548439478543,0.42704503205894506,2.5362098118889094,3.3902998760067993,5
scale_default,Epsilon_Greedy,epsilon=0.5,134,2.9872269772932505,0.4521750776514487,2.5350518996418017,3.4394020549446993,5
scale_default,Epsilon_Greedy,epsilon=0.5,135,3.0053525434794683,0.44495364057214964,2.560398902907319,3.450306184051618,5
scale_default,Epsilon_Greedy,epsilon=0.5,136,3.0209316431884803,0.43767947186565137,2.5832521713228287,3.458611115054132,5
scale_default,Epsilon_Greedy,epsilon=0.5,137,3.0997083806612546,0.44387606966526444,2.65583231099599,3.5435844503265193,5
scale_default,Epsilon_Greedy,epsilon=0.5,138,3.1079400995673536,0.4427619971473509,2.6651781024200027,3.5507020967147045,5
scale_default,Epsilon_Greedy,epsilon=0.5,139,3.1209554810710185,0.44642724791877897,2.6745282331522393,3.5673827289897977,5
scale_default,Epsilon_Greedy,epsilon=0.5,140,3.142004152538811,0.4327571444319765,2.7092470081068343,3.5747612969707876,5
scale_default,Epsilon_Greedy,epsilon=0.5,141,3.1531559611686353,0.4342466856265434,2.718909275542092,3.5874026467951787,5
scale_default,Epsilon_Greedy,epsilon=0.5,142,3.1828150441207947,0.44862202784159455,2.7341930162792,3.6314370719623894,5
scale_default,Epsilon_Greedy,epsilon=0.5,143,3.1951826221270894,0.45095999947156645,2.744222622655523,3.646142621598656,5
scale_default,Epsilon_Greedy,epsilon=0.5,144,3.2187531364166007,0.43339703167438315,2.7853561047422177,3.6521501680909836,5
scale_default,Epsilon_Greedy,epsilon=0.5,145,3.262830294240775,0.4460702172688458,2.816760076971929,3.7089005115096207,5
scale_default,Epsilon_Greedy,epsilon=0.5,146,3.291208929475528,0.4334422285253517,2.857766700950176,3.7246511580008796,5
scale_default,Epsilon_Greedy,epsilon=0.5,147,3.3052089564974154,0.44123897918605726,2.863969977311358,3.746447935683473,5
scale_default,Epsilon_Greedy,epsilon=0.5,148,3.3420154736527095,0.42854950433154865,2.9134659693211606,3.7705649779842583,5
scale_default,Epsilon_Greedy,epsilon=0.5,149,3.3474576624102994,0.4280136775438462,2.919443984866453,3.7754713399541457,5
scale_default,Epsilon_Greedy,epsilon=0.5,150,3.375824334042213,0.4189910158096742,2.956833318232539,3.7948153498518873,5
scale_default,Epsilon_Greedy,epsilon=0.5,151,3.4022766270237836,0.3912483775070093,3.0110282495167744,3.793525004530793,5
scale_default,Epsilon_Greedy,epsilon=0.5,152,3.458968627029388,0.3799973384249713,3.078971288604417,3.838965965454359,5
scale_default,Epsilon_Greedy,epsilon=0.5,153,3.478987401749664,0.38640881577508274,3.092578585974581,3.8653962175247467,5
scale_default,Epsilon_Greedy,epsilon=0.5,154,3.5394873250927836,0.3625702634364744,3.1769170616563094,3.902057588529258,5
scale_default,Epsilon_Greedy,epsilon=0.5,155,3.5826937102637215,0.34728793108794603,3.2354057791757755,3.9299816413516675,5
scale_default,Epsilon_Greedy,epsilon=0.5,156,3.608961188880042,0.3329310631621973,3.276030125717845,3.9418922520422393,5
scale_default,Epsilon_Greedy,epsilon=0.5,157,3.622259164104269,0.32710467415056504,3.295154489953704,3.949363838254834,5
scale_default,Epsilon_Greedy,epsilon=0.5,158,3.6359584008289296,0.32360677610830985,3.3123516247206197,3.9595651769372395,5
scale_default,Epsilon_Greedy,epsilon=0.5,159,3.6618599434657,0.30829463590796913,3.353565307557731,3.970154579373669,5
scale_default,Epsilon_Greedy,epsilon=0.5,160,3.6812418173589436,0.30227765210986374,3.37896416524908,3.983519469468807,5
scale_default,Epsilon_Greedy,epsilon=0.5,161,3.724778506011853,0.33360599055641194,3.391172515455441,4.058384496568265,5
scale_default,Epsilon_Greedy,epsilon=0.5,162,3.7591344520617604,0.32969624299610995,3.4294382090656503,4.088830695057871,5
scale_default,Epsilon_Greedy,epsilon=0.5,163,3.768795624777211,0.3360942331136185,3.432701391663593,4.1048898578908295,5
scale_default,Epsilon_Greedy,epsilon=0.5,164,3.7805171202908716,0.3351018376041521,3.4454152826867195,4.115618957895023,5
scale_default,Epsilon_Greedy,epsilon=0.5,165,3.792724434307236,0.3243300457852048,3.4683943885220314,4.117054480092441,5
scale_default,Epsilon_Greedy,epsilon=0.5,166,3.8259653920557772,0.3496683029368564,3.476297089118921,4.175633694992634,5
scale_default,Epsilon_Greedy,epsilon=0.5,167,3.8338868809818734,0.34989766942672834,3.483989211555145,4.1837845504086015,5
scale_default,Epsilon_Greedy,epsilon=0.5,168,3.8430513794139083,0.34463018065670104,3.498421198757207,4.187681560070609,5
scale_default,Epsilon_Greedy,epsilon=0.5,169,3.8618432810511267,0.349891648077392,3.5119516329737346,4.211734929128519,5
scale_default,Epsilon_Greedy,epsilon=0.5,170,3.867211167865855,0.34742839928517,3.519782768580685,4.214639567151025,5
scale_default,Epsilon_Greedy,epsilon=0.5,171,3.8917482915380694,0.3628760216092043,3.5288722699288653,4.254624313147274,5
scale_default,Epsilon_Greedy,epsilon=0.5,172,3.946891508636206,0.3661417757492872,3.5807497328869187,4.313033284385493,5
scale_default,Epsilon_Greedy,epsilon=0.5,173,3.9536342934761803,0.364546883336755,3.5890874101394252,4.318181176812935,5
scale_default,Epsilon_Greedy,epsilon=0.5,174,3.967066575550453,0.3518724382610572,3.6151941372893956,4.3189390138115105,5
scale_default,Epsilon_Greedy,epsilon=0.5,175,3.99606707213839,0.3333668718381714,3.6627002003002187,4.329433943976562,5
scale_default,Epsilon_Greedy,epsilon=0.5,176,4.013797625270115,0.3310622968862309,3.682735328383884,4.3448599221563455,5
scale_default,Epsilon_Greedy,epsilon=0.5,177,4.028142297910959,0.34218857307587763,3.6859537248350813,4.3703308709868365,5
scale_default,Epsilon_Greedy,epsilon=0.5,178,4.029412538992018,0.3405678583408824,3.6888446806511355,4.3699803973329,5
scale_default,Epsilon_Greedy,epsilon=0.5,179,4.05081764341534,0.3586193834746851,3.692198259940655,4.409437026890025,5
scale_default,Epsilon_Greedy,epsilon=0.5,180,4.059586845072987,0.3647704250825523,3.6948164199904348,4.424357270155539,5
scale_default,Epsilon_Greedy,epsilon=0.5,181,4.123314793618471,0.36627946476349804,3.757035328854973,4.4895942583819695,5
scale_default,Epsilon_Greedy,epsilon=0.5,182,4.132890041930035,0.37356991903002845,3.759320122900007,4.506459960960064,5
scale_default,Epsilon_Greedy,epsilon=0.5,183,4.162239347535791,0.37877624257611964,3.7834631049596714,4.54101559011191,5
scale_default,Epsilon_Greedy,epsilon=0.5,184,4.174522524273704,0.4002004975891573,3.7743220266845467,4.574723021862861,5
scale_default,Epsilon_Greedy,epsilon=0.5,185,4.180811967738673,0.4082549895930023,3.77255697814567,4.589066957331675,5
scale_default,Epsilon_Greedy,epsilon=0.5,186,4.1978632264119655,0.41234678794997903,3.7855164384619866,4.610210014361945,5
scale_default,Epsilon_Greedy,epsilon=0.5,187,4.208662091356315,0.4150605877368164,3.7936015036194983,4.623722679093131,5
scale_default,Epsilon_Greedy,epsilon=0.5,188,4.21602853334075,0.4178193435965799,3.79820918974417,4.63384787693733,5
scale_default,Epsilon_Greedy,epsilon=0.5,189,4.233128407514942,0.42910072785915565,3.804027679655786,4.662229135374098,5
scale_default,Epsilon_Greedy,epsilon=0.5,190,4.241842096670237,0.4368514998557966,3.8049905968144406,4.678693596526034,5
scale_default,Epsilon_Greedy,epsilon=0.5,191,4.251803041295194,0.4366445885105216,3.8151584527846722,4.688447629805715,5
scale_default,Epsilon_Greedy,epsilon=0.5,192,4.260800427666969,0.4460726405273466,3.8147277871396224,4.706873068194316,5
scale_default,Epsilon_Greedy,epsilon=0.5,193,4.279710410642072,0.43534768921964406,3.844362721422428,4.715058099861716,5
scale_default,Epsilon_Greedy,epsilon=0.5,194,4.305318794507265,0.4311622167044315,3.8741565778028337,4.736481011211697,5
scale_default,Epsilon_Greedy,epsilon=0.5,195,4.3275747542306435,0.41606698810001097,3.9115077661306326,4.743641742330654,5
scale_default,Epsilon_Greedy,epsilon=0.5,196,4.347583116325849,0.44916635211632133,3.8984167642095273,4.79674946844217,5
scale_default,Epsilon_Greedy,epsilon=0.5,197,4.370869526965766,0.4463381197236404,3.924531407242126,4.817207646689407,5
scale_default,Epsilon_Greedy,epsilon=0.5,198,4.421439832468741,0.4162977732797175,4.005142059189024,4.837737605748459,5
scale_default,Epsilon_Greedy,epsilon=0.5,199,4.460281505207884,0.4660642919165206,3.994217213291363,4.926345797124404,5
scale_default,Epsilon_Greedy,epsilon=0.5,200,4.699373952868778,0.4605716796882019,4.238802273180577,5.15994563255698,5
scale_default,Epsilon_Greedy,epsilon=0.5,201,4.878988395821807,0.3782016362103818,4.500786759611425,5.257190032032189,5
scale_default,Epsilon_Greedy,epsilon=0.5,202,4.923232203640947,0.39947138480815936,4.523760818832788,5.322703588449107,5
scale_default,Epsilon_Greedy,epsilon=0.5,203,5.063972083945224,0.4170562528708802,4.6469158310743435,5.481028336816104,5
scale_default,Epsilon_Greedy,epsilon=0.5,204,5.21395672649803,0.4591379634416413,4.754818763056389,5.6730946899396715,5
scale_default,Epsilon_Greedy,epsilon=0.5,205,5.371616674670795,0.4117974592252071,4.959819215445588,5.783414133896002,5
scale_default,Epsilon_Greedy,epsilon=0.5,206,5.52411874073224,0.46812109829754484,5.055997642434694,5.992239839029785,5
scale_default,Epsilon_Greedy,epsilon=0.5,207,5.794768935856031,0.48737686329089797,5.307392072565134,6.282145799146929,5
scale_default,Epsilon_Greedy,epsilon=0.5,208,6.005460161660176,0.4663879200565778,5.5390722416035985,6.471848081716754,5
scale_default,Epsilon_Greedy,epsilon=0.5,209,6.2610834785680165,0.4640755242228755,5.797007954345141,6.725159002790892,5
scale_default,Epsilon_Greedy,epsilon=0.5,210,6.437383766821684,0.4813258807964184,5.956057886025266,6.918709647618102,5
scale_default,Epsilon_Greedy,epsilon=0.5,211,6.712842602095196,0.5249224186201722,6.187920183475024,7.2377650207153685,5
scale_default,Epsilon_Greedy,epsilon=0.5,212,6.911705177607468,0.4941534987636714,6.417551678843797,7.405858676371139,5
scale_default,Epsilon_Greedy,epsilon=0.5,213,7.136038743717509,0.5243944092283649,6.611644334489144,7.660433152945874,5
scale_default,Epsilon_Greedy,epsilon=0.5,214,7.2733209840627895,0.5080224350462166,6.765298549016573,7.781343419109006,5
scale_default,Epsilon_Greedy,epsilon=0.5,215,7.384655906998792,0.46076351328101695,6.923892393717775,7.845419420279809,5
scale_default,Epsilon_Greedy,epsilon=0.5,216,7.703036549070978,0.4038307362084489,7.299205812862529,8.106867285279426,5
scale_default,Epsilon_Greedy,epsilon=0.5,217,7.899564390717626,0.49386849242336134,7.4056958982942644,8.393432883140987,5
scale_default,Epsilon_Greedy,epsilon=0.5,218,8.054717780537235,0.534022155154094,7.520695625383141,8.58873993569133,5
scale_default,Epsilon_Greedy,epsilon=0.5,219,8.269712468543997,0.630960722108468,7.638751746435529,8.900673190652464,5
scale_default,Epsilon_Greedy,epsilon=0.5,220,8.400763102125563,0.6721846941995222,7.72857840792604,9.072947796325085,5
scale_default,Epsilon_Greedy,epsilon=0.5,221,8.453782867216901,0.6714039450821911,7.78237892213471,9.125186812299093,5
scale_default,Epsilon_Greedy,epsilon=0.5,222,8.570342300270303,0.7451746729954921,7.825167627274811,9.315516973265796,5
scale_default,Epsilon_Greedy,epsilon=0.5,223,8.733522247418893,0.8379751038864734,7.895547143532419,9.571497351305366,5
scale_default,Epsilon_Greedy,epsilon=0.5,224,8.86083381275559,0.8186406529184359,8.042193159837154,9.679474465674026,5
scale_default,Epsilon_Greedy,epsilon=0.5,225,9.000755795928914,0.7432394278353599,8.257516368093555,9.743995223764273,5
scale_default,Epsilon_Greedy,epsilon=0.5,226,9.240815704847275,0.7267397369322016,8.514075967915074,9.967555441779476,5
scale_default,Epsilon_Greedy,epsilon=0.5,227,9.397686217991154,0.667408063227376,8.730278154763779,10.06509428121853,5
scale_default,Epsilon_Greedy,epsilon=0.5,228,9.663702708781095,0.717981733295001,8.945720975486093,10.381684442076097,5
scale_default,Epsilon_Greedy,epsilon=0.5,229,9.785214961483812,0.7538957299609829,9.03131923152283,10.539110691444794,5
scale_default,Epsilon_Greedy,epsilon=0.5,230,9.850658460773468,0.6990279975731504,9.151630463200318,10.549686458346619,5
scale_default,Epsilon_Greedy,epsilon=0.5,231,10.013420246514976,0.7446903883002362,9.268729858214739,10.758110634815212,5
scale_default,Epsilon_Greedy,epsilon=0.5,232,10.173829252039548,0.6793770691776446,9.494452182861902,10.853206321217193,5
scale_default,Epsilon_Greedy,epsilon=0.5,233,10.376962291185688,0.7033600623048804,9.673602228880807,11.080322353490569,5
scale_default,Epsilon_Greedy,epsilon=0.5,234,10.614469757518275,0.8376096693229762,9.7768600881953,11.452079426841252,5
scale_default,Epsilon_Greedy,epsilon=0.5,235,10.780978624227773,0.8311683641200079,9.949810260107764,11.612146988347781,5
scale_default,Epsilon_Greedy,epsilon=0.5,236,10.922328799678493,0.8573801906406042,10.064948609037888,11.779708990319097,5
scale_default,Epsilon_Greedy,epsilon=0.5,237,11.00729687602183,0.8483587750525556,10.158938100969273,11.855655651074386,5
scale_default,Epsilon_Greedy,epsilon=0.5,238,11.159486527362677,0.8606629710275195,10.298823556335158,12.020149498390197,5
scale_default,Epsilon_Greedy,epsilon=0.5,239,11.40278184656344,0.9167347825076889,10.486047064055752,12.31951662907113,5
scale_default,Epsilon_Greedy,epsilon=0.5,240,11.545149656337447,0.9340651443001076,10.611084512037339,12.479214800637555,5
scale_default,Epsilon_Greedy,epsilon=0.5,241,11.66266664332902,0.8847655028852235,10.777901140443797,12.547432146214243,5
scale_default,Epsilon_Greedy,epsilon=0.5,242,11.759132693142735,0.922895425869952,10.836237267272784,12.682028119012687,5
scale_default,Epsilon_Greedy,epsilon=0.5,243,11.982692940924881,1.0376436032611713,10.94504933766371,13.020336544186053,5
scale_default,Epsilon_Greedy,epsilon=0.5,244,12.176946813092748,1.0590759616436856,11.117870851449062,13.236022774736433,5
scale_default,Epsilon_Greedy,epsilon=0.5,245,12.344112149824634,1.0496651575823162,11.294446992242317,13.39377730740695,5
scale_default,Epsilon_Greedy,epsilon=0.5,246,12.454432106937233,0.9754085052532444,11.479023601683988,13.429840612190478,5
scale_default,Epsilon_Greedy,epsilon=0.5,247,12.667047003111964,0.9260902452156753,11.740956757896289,13.59313724832764,5
scale_default,Epsilon_Greedy,epsilon=0.5,248,12.929278159674917,1.0616401686249468,11.86763799104997,13.990918328299864,5
scale_default,Epsilon_Greedy,epsilon=0.5,249,13.093922593208287,1.0576723551864644,12.036250238021822,14.151594948394752,5
scale_default,Epsilon_Greedy,epsilon=0.5,250,13.270532370439648,1.0317408354627802,12.238791534976867,14.302273205902429,5
scale_default,Epsilon_Greedy,epsilon=0.5,251,13.377397151753547,1.0235134398696524,12.353883711883894,14.4009105916232,5
scale_default,Epsilon_Greedy,epsilon=0.5,252,13.520215729306495,1.0395052090312022,12.480710520275291,14.559720938337698,5
scale_default,Epsilon_Greedy,epsilon=0.5,253,13.705853901037546,0.9750156363693926,12.730838264668154,14.680869537406938,5
scale_default,Epsilon_Greedy,epsilon=0.5,254,13.777897532202147,0.9694837227253829,12.808413809476765,14.747381254927529,5
scale_default,Epsilon_Greedy,epsilon=0.5,255,13.981232081349356,1.0467836388763432,12.934448442473013,15.0280157202257,5
scale_default,Epsilon_Greedy,epsilon=0.5,256,14.098844752103094,1.09207113470013,13.006773617402963,15.190915886803225,5
scale_default,Epsilon_Greedy,epsilon=0.5,257,14.365135821815889,1.106560378876092,13.258575442939797,15.47169620069198,5
scale_default,Epsilon_Greedy,epsilon=0.5,258,14.44338532224206,1.1568516621267328,13.286533660115326,15.600236984368793,5
scale_default,Epsilon_Greedy,epsilon=0.5,259,14.605983425290969,1.1249743514437178,13.48100907384725,15.730957776734687,5
scale_default,Epsilon_Greedy,epsilon=0.5,260,14.78916199265456,1.0579421122234918,13.731219880431068,15.847104104878051,5
scale_default,Epsilon_Greedy,epsilon=0.5,261,14.978266090381624,1.0415626227302945,13.936703467651329,16.019828713111917,5
scale_default,Epsilon_Greedy,epsilon=0.5,262,15.057562369455434,1.0710468250666898,13.986515544388745,16.128609194522124,5
scale_default,Epsilon_Greedy,epsilon=0.5,263,15.243313141583707,1.0842732841910718,14.159039857392635,16.32758642577478,5
scale_default,Epsilon_Greedy,epsilon=0.5,264,15.334278187665316,1.0593401455346554,14.27493804213066,16.39361833319997,5
scale_default,Epsilon_Greedy,epsilon=0.5,265,15.53592829984477,0.9858809108845229,14.550047388960246,16.52180921072929,5
scale_default,Epsilon_Greedy,epsilon=0.5,266,15.628350379839205,1.0136659165505504,14.614684463288654,16.642016296389755,5
scale_default,Epsilon_Greedy,epsilon=0.5,267,15.75898104884806,0.899845803419855,14.859135245428206,16.658826852267914,5
scale_default,Epsilon_Greedy,epsilon=0.5,268,15.968223779570753,0.8605269398396257,15.107696839731128,16.82875071941038,5
scale_default,Epsilon_Greedy,epsilon=0.5,269,16.155512860104643,0.9357797384339531,15.219733121670691,17.091292598538598,5
scale_default,Epsilon_Greedy,epsilon=0.5,270,16.271502107691454,0.8871153362121956,15.384386771479258,17.15861744390365,5
scale_default,Epsilon_Greedy,epsilon=0.5,271,16.380717032838497,0.814134392740195,15.566582640098302,17.19485142557869,5
scale_default,Epsilon_Greedy,epsilon=0.5,272,16.666885291499185,0.8285818299534644,15.83830346154572,17.49546712145265,5
scale_default,Epsilon_Greedy,epsilon=0.5,273,16.849041217088303,0.8884075311165903,15.960633685971713,17.737448748204894,5
scale_default,Epsilon_Greedy,epsilon=0.5,274,17.147457983950524,1.1298120863689045,16.01764589758162,18.277270070319428,5
scale_default,Epsilon_Greedy,epsilon=0.5,275,17.34828731107835,1.125520507938746,16.222766803139606,18.473807819017097,5
scale_default,Epsilon_Greedy,epsilon=0.5,276,17.473183459431095,1.1220794890045616,16.351103970426532,18.595262948435657,5
scale_default,Epsilon_Greedy,epsilon=0.5,277,17.75335039150108,0.9936163472914584,16.759734044209623,18.746966738792537,5
scale_default,Epsilon_Greedy,epsilon=0.5,278,17.891298315183327,1.029457588413354,16.861840726769973,18.92075590359668,5
scale_default,Epsilon_Greedy,epsilon=0.5,279,18.064524231267608,1.025077753286771,17.03944647798084,19.089601984554378,5
scale_default,Epsilon_Greedy,epsilon=0.5,280,18.175563823093267,1.0381726589401927,17.137391164153073,19.21373648203346,5
scale_default,Epsilon_Greedy,epsilon=0.5,281,18.310743300308168,1.121227569600653,17.189515730707516,19.43197086990882,5
scale_default,Epsilon_Greedy,epsilon=0.5,282,18.490361071443,1.216201656786566,17.274159414656435,19.706562728229567,5
scale_default,Epsilon_Greedy,epsilon=0.5,283,18.64195784654428,1.1890429411990777,17.452914905345203,19.831000787743356,5
scale_default,Epsilon_Greedy,epsilon=0.5,284,18.82556060937616,1.337565095001777,17.487995514374383,20.16312570437794,5
scale_default,Epsilon_Greedy,epsilon=0.5,285,18.925176058015985,1.3797561490021528,17.545419909013834,20.304932207018137,5
scale_default,Epsilon_Greedy,epsilon=0.5,286,19.15415186158048,1.328663114442843,17.825488747137637,20.482814976023324,5
scale_default,Epsilon_Greedy,epsilon=0.5,287,19.274228614808777,1.3476939301893296,17.926534684619448,20.621922544998107,5
scale_default,Epsilon_Greedy,epsilon=0.5,288,19.597192605187452,1.4168254214113376,18.180367183776113,21.01401802659879,5
scale_default,Epsilon_Greedy,epsilon=0.5,289,19.72202367682508,1.4731626953924022,18.248860981432678,21.195186372217485,5
scale_default,Epsilon_Greedy,epsilon=0.5,290,20.080045396025547,1.4886692929985907,18.591376103026956,21.568714689024137,5
scale_default,Epsilon_Greedy,epsilon=0.5,291,20.272539200323287,1.3469101686694431,18.925629031653845,21.61944936899273,5
scale_default,Epsilon_Greedy,epsilon=0.5,292,20.380371819078626,1.2977287839004936,19.082643035178133,21.678100602979118,5
scale_default,Epsilon_Greedy,epsilon=0.5,293,20.51160080314305,1.3498668132607858,19.161733989882265,21.861467616403836,5
scale_default,Epsilon_Greedy,epsilon=0.5,294,20.742618853545487,1.3751383973911577,19.36748045615433,22.117757250936645,5
scale_default,Epsilon_Greedy,epsilon=0.5,295,20.930435849471003,1.2492960469140293,19.681139802556974,22.179731896385032,5
scale_default,Epsilon_Greedy,epsilon=0.5,296,21.180465213507908,1.303555235906523,19.876909977601386,22.48402044941443,5
scale_default,Epsilon_Greedy,epsilon=0.5,297,21.36271010312577,1.3606132817160015,20.00209682140977,22.723323384841773,5
scale_default,Epsilon_Greedy,epsilon=0.5,298,21.510520055796178,1.4345861647514906,20.075933891044688,22.945106220547668,5
scale_default,Epsilon_Greedy,epsilon=0.5,299,21.745886494637226,1.4746335073862475,20.27125298725098,23.220520002023473,5
scale_default,Epsilon_Greedy,epsilon=0.5,300,21.917919309905738,1.4443371029743912,20.473582206931347,23.36225641288013,5
scale_default,Epsilon_Greedy,epsilon=0.5,301,22.122179112454866,1.4850117595213557,20.63716735293351,23.607190871976222,5
scale_default,Epsilon_Greedy,epsilon=0.5,302,22.268132261541275,1.4911784191498088,20.776953842391467,23.759310680691083,5
scale_default,Epsilon_Greedy,epsilon=0.5,303,22.456836362828223,1.3746301055006247,21.0822062573276,23.83146646832885,5
scale_default,Epsilon_Greedy,epsilon=0.5,304,22.633492125437183,1.41467475896831,21.218817366468873,24.048166884405493,5
scale_default,Epsilon_Greedy,epsilon=0.5,305,22.889950345547255,1.3428214174292636,21.547128928117992,24.23277176297652,5
scale_default,Epsilon_Greedy,epsilon=0.5,306,23.13670562655398,1.4037551680846323,21.732950458469347,24.540460794638612,5
scale_default,Epsilon_Greedy,epsilon=0.5,307,23.2607169945665,1.4845462297850252,21.776170764781476,24.745263224351525,5
scale_default,Epsilon_Greedy,epsilon=0.5,308,23.425444114669038,1.5305960608868487,21.894848053782187,24.956040175555888,5
scale_default,Epsilon_Greedy,epsilon=0.5,309,23.582704625683398,1.482592413259051,22.100112212424346,25.06529703894245,5
scale_default,Epsilon_Greedy,epsilon=0.5,310,23.782143113650005,1.4400891351648835,22.342053978485122,25.222232248814887,5
scale_default,Epsilon_Greedy,epsilon=0.5,311,23.92023488945651,1.4662508150977855,22.453984074358722,25.386485704554296,5
scale_default,Epsilon_Greedy,epsilon=0.5,312,24.167526914726444,1.4607207535407891,22.706806161185654,25.628247668267235,5
scale_default,Epsilon_Greedy,epsilon=0.5,313,24.26965023478943,1.4005299289245494,22.869120305864882,25.67018016371398,5
scale_default,Epsilon_Greedy,epsilon=0.5,314,24.401024879789276,1.4864248780250817,22.914600001764192,25.88744975781436,5
scale_default,Epsilon_Greedy,epsilon=0.5,315,24.569811466776187,1.6011737818195781,22.968637684956608,26.170985248595766,5
scale_default,Epsilon_Greedy,epsilon=0.5,316,24.715259760812263,1.6876229084841667,23.027636852328097,26.402882669296428,5
scale_default,Epsilon_Greedy,epsilon=0.5,317,24.892290691619866,1.7097380594688882,23.18255263215098,26.602028751088753,5
scale_default,Epsilon_Greedy,epsilon=0.5,318,25.025374397070188,1.6929962337947484,23.33237816327544,26.718370630864936,5
scale_default,Epsilon_Greedy,epsilon=0.5,319,25.17315409658371,1.744917460881716,23.428236635701992,26.918071557465424,5
scale_default,Epsilon_Greedy,epsilon=0.5,320,25.360929551561576,1.7410247592336126,23.61990479232796,27.10195431079519,5
scale_default,Epsilon_Greedy,epsilon=0.5,321,25.52658136493259,1.6536190451816581,23.872962319750933,27.180200410114246,5
scale_default,Epsilon_Greedy,epsilon=0.5,322,25.766869741153045,1.6771924449572195,24.089677296195823,27.444062186110266,5
scale_default,Epsilon_Greedy,epsilon=0.5,323,25.9356032549926,1.735639616140891,24.19996363885171,27.67124287113349,5
scale_default,Epsilon_Greedy,epsilon=0.5,324,26.115850560114392,1.7787112707612964,24.337139289353097,27.894561830875688,5
scale_default,Epsilon_Greedy,epsilon=0.5,325,26.25607470435499,1.7993008712098508,24.45677383314514,28.05537557556484,5
scale_default,Epsilon_Greedy,epsilon=0.5,326,26.351744981650306,1.7797174658581016,24.572027515792204,28.131462447508408,5
scale_default,Epsilon_Greedy,epsilon=0.5,327,26.474440532613794,1.903838491652986,24.570602040960807,28.37827902426678,5
scale_default,Epsilon_Greedy,epsilon=0.5,328,26.632345469294915,1.8015560229766752,24.83078944631824,28.43390149227159,5
scale_default,Epsilon_Greedy,epsilon=0.5,329,26.717526705830643,1.8268962919718446,24.890630413858798,28.54442299780249,5
scale_default,Epsilon_Greedy,epsilon=0.5,330,26.848773729824426,1.8965200441644168,24.95225368566001,28.74529377398884,5
scale_default,Epsilon_Greedy,epsilon=0.5,331,27.015674891277804,1.8889155551067562,25.126759336171048,28.90459044638456,5
scale_default,Epsilon_Greedy,epsilon=0.5,332,27.12570076478882,1.90069545598007,25.22500530880875,29.02639622076889,5
scale_default,Epsilon_Greedy,epsilon=0.5,333,27.3009609094699,1.8110569998927863,25.489903909577112,29.112017909362688,5
scale_default,Epsilon_Greedy,epsilon=0.5,334,27.433202148334885,1.791844772421682,25.641357375913202,29.22504692075657,5
scale_default,Epsilon_Greedy,epsilon=0.5,335,27.588764938238832,1.8113457640572241,25.777419174181606,29.400110702296057,5
scale_default,Epsilon_Greedy,epsilon=0.5,336,27.669771088388053,1.7456564366376046,25.92411465175045,29.415427525025656,5
scale_default,Epsilon_Greedy,epsilon=0.5,337,27.86096191084021,1.845628281524825,26.015333629315386,29.706590192365034,5
scale_default,Epsilon_Greedy,epsilon=0.5,338,27.938554187075926,1.828968794107146,26.109585392968782,29.76752298118307,5
scale_default,Epsilon_Greedy,epsilon=0.5,339,28.097645935384755,1.7855535831220821,26.312092352262674,29.883199518506835,5
scale_default,Epsilon_Greedy,epsilon=0.5,340,28.287360333615016,1.896284662815148,26.391075670799868,30.183644996430164,5
scale_default,Epsilon_Greedy,epsilon=0.5,341,28.47187937057228,1.8904246085290095,26.581454762043272,30.36230397910129,5
scale_default,Epsilon_Greedy,epsilon=0.5,342,28.6584272600442,1.878410846722141,26.78001641332206,30.53683810676634,5
scale_default,Epsilon_Greedy,epsilon=0.5,343,28.824118610684412,1.8950291628836142,26.9290894478008,30.719147773568025,5
scale_default,Epsilon_Greedy,epsilon=0.5,344,28.992657042645554,1.989933750478362,27.002723292167193,30.982590793123915,5
scale_default,Epsilon_Greedy,epsilon=0.5,345,29.075924886327225,1.9462662936656925,27.12965859266153,31.02219117999292,5
scale_default,Epsilon_Greedy,epsilon=0.5,346,29.21327302830421,1.8933133208244912,27.319959707479722,31.1065863491287,5
scale_default,Epsilon_Greedy,epsilon=0.5,347,29.36757075754314,1.7834366830866286,27.584134074456514,31.15100744062977,5
scale_default,Epsilon_Greedy,epsilon=0.5,348,29.638387431268757,1.7133532579157003,27.92503417335306,31.351740689184457,5
scale_default,Epsilon_Greedy,epsilon=0.5,349,29.857595661951883,1.776377489854338,28.081218172097547,31.63397315180622,5
scale_default,Epsilon_Greedy,epsilon=0.5,350,29.949587565422938,1.7425748962877965,28.207012669135143,31.692162461710733,5
scale_default,Epsilon_Greedy,epsilon=0.5,351,30.135847406260723,1.7265315645871049,28.409315841673617,31.86237897084783,5
scale_default,Epsilon_Greedy,epsilon=0.5,352,30.18878332485959,1.7667266707438287,28.42205665411576,31.955509995603418,5
scale_default,Epsilon_Greedy,epsilon=0.5,353,30.399882231775592,1.7998604413090207,28.60002179046657,32.199742673084614,5
scale_default,Epsilon_Greedy,epsilon=0.5,354,30.60294545803103,1.8216418551929765,28.781303602838054,32.42458731322401,5
scale_default,Epsilon_Greedy,epsilon=0.5,355,30.717871577624134,1.8582718622655132,28.85959971535862,32.57614343988965,5
scale_default,Epsilon_Greedy,epsilon=0.5,356,30.994619105435618,1.8588055007439699,29.13581360469165,32.85342460617959,5
scale_default,Epsilon_Greedy,epsilon=0.5,357,31.070334837293423,1.8501383472809765,29.220196490012448,32.9204731845744,5
scale_default,Epsilon_Greedy,epsilon=0.5,358,31.32115320261888,1.9932543943864038,29.327898808232476,33.314407597005285,5
scale_default,Epsilon_Greedy,epsilon=0.5,359,31.44645383777681,1.9940389694360827,29.45241486834073,33.44049280721289,5
scale_default,Epsilon_Greedy,epsilon=0.5,360,31.76327891683518,1.9078994804651577,29.855379436370022,33.67117839730034,5
scale_default,Epsilon_Greedy,epsilon=0.5,361,31.866630926831853,1.9372588411335994,29.929372085698255,33.80388976796545,5
scale_default,Epsilon_Greedy,epsilon=0.5,362,32.00303791391801,2.011278401955358,29.99175951196265,34.014316315873366,5
scale_default,Epsilon_Greedy,epsilon=0.5,363,32.238680499359205,2.160826821350139,30.077853678009067,34.39950732070935,5
scale_default,Epsilon_Greedy,epsilon=0.5,364,32.31882403595789,2.2049661021995806,30.113857933758307,34.523790138157466,5
scale_default,Epsilon_Greedy,epsilon=0.5,365,32.5475292076089,2.2803544232684922,30.267174784340412,34.827883630877395,5
scale_default,Epsilon_Greedy,epsilon=0.5,366,32.74150301300787,2.2188579923289127,30.522645020678958,34.960361005336786,5
scale_default,Epsilon_Greedy,epsilon=0.5,367,33.03030059001365,2.3539471840742667,30.676353405939388,35.38424777408792,5
scale_default,Epsilon_Greedy,epsilon=0.5,368,33.30247907980624,2.2253528547541794,31.077126225052062,35.52783193456042,5
scale_default,Epsilon_Greedy,epsilon=0.5,369,33.438746952416075,2.19348261878704,31.245264333629034,35.63222957120311,5
scale_default,Epsilon_Greedy,epsilon=0.5,370,33.74298556941401,2.3236936236606667,31.419291945753343,36.06667919307468,5
scale_default,Epsilon_Greedy,epsilon=0.5,371,33.83531446151041,2.2774255117484237,31.557888949761985,36.11273997325883,5
scale_default,Epsilon_Greedy,epsilon=0.5,372,33.99697854042019,2.2262881988666874,31.7706903415535,36.22326673928688,5
scale_default,Epsilon_Greedy,epsilon=0.5,373,34.18293788192978,2.2331648984741097,31.949772983455674,36.41610278040389,5
scale_default,Epsilon_Greedy,epsilon=0.5,374,34.42377535778476,2.2248272618391094,32.19894809594565,36.64860261962387,5
scale_default,Epsilon_Greedy,epsilon=0.5,375,34.717109405768824,2.191488480053138,32.525620925715685,36.90859788582196,5
scale_default,Epsilon_Greedy,epsilon=0.5,376,34.928596854440805,2.22827303220673,32.700323822234076,37.156869886647534,5
scale_default,Epsilon_Greedy,epsilon=0.5,377,35.0829656854619,2.230383112957408,32.852582572504495,37.313348798419305,5
scale_default,Epsilon_Greedy,epsilon=0.5,378,35.23599463471715,2.185772703550314,33.05022193116684,37.421767338267465,5
scale_default,Epsilon_Greedy,epsilon=0.5,379,35.545160359919514,2.193334262682101,33.351826097237414,37.738494622601614,5
scale_default,Epsilon_Greedy,epsilon=0.5,380,35.77903711977845,2.1611472348024057,33.617889884976044,37.94018435458086,5
scale_default,Epsilon_Greedy,epsilon=0.5,381,35.956024290844894,2.1487793507970134,33.80724494004788,38.10480364164191,5
scale_default,Epsilon_Greedy,epsilon=0.5,382,36.1333122955145,2.0663528342310418,34.06695946128346,38.19966512974554,5
scale_default,Epsilon_Greedy,epsilon=0.5,383,36.222749075310695,2.102193622727197,34.120555452583496,38.324942698037894,5
scale_default,Epsilon_Greedy,epsilon=0.5,384,36.39033324908625,2.010703275879322,34.379629973206924,38.40103652496557,5
scale_default,Epsilon_Greedy,epsilon=0.5,385,36.56085232072535,2.036361387822452,34.5244909329029,38.597213708547805,5
scale_default,Epsilon_Greedy,epsilon=0.5,386,36.75920062849936,2.066921828890923,34.69227879960843,38.826122457390284,5
scale_default,Epsilon_Greedy,epsilon=0.5,387,36.92058465369084,2.030504799806341,34.8900798538845,38.951089453497175,5
scale_default,Epsilon_Greedy,epsilon=0.5,388,37.062399543530404,2.0602331048986984,35.002166438631704,39.122632648429104,5
scale_default,Epsilon_Greedy,epsilon=0.5,389,37.156367336701535,2.013445987944005,35.14292134875753,39.16981332464554,5
scale_default,Epsilon_Greedy,epsilon=0.5,390,37.26979177389685,2.029030129846797,35.24076164405005,39.298821903743644,5
scale_default,Epsilon_Greedy,epsilon=0.5,391,37.389240959318826,1.972770498754908,35.41647046056392,39.36201145807373,5
scale_default,Epsilon_Greedy,epsilon=0.5,392,37.64785872752934,2.011256871221916,35.63660185630742,39.65911559875126,5
scale_default,Epsilon_Greedy,epsilon=0.5,393,37.86223136966803,2.008699697964881,35.85353167170315,39.87093106763291,5
scale_default,Epsilon_Greedy,epsilon=0.5,394,38.09730888699184,1.8627037333929821,36.23460515359886,39.96001262038482,5
scale_default,Epsilon_Greedy,epsilon=0.5,395,38.19106294245414,1.9067779144990846,36.28428502795505,40.097840856953226,5
scale_default,Epsilon_Greedy,epsilon=0.5,396,38.29496997959137,1.902879731252154,36.392090248339215,40.19784971084353,5
scale_default,Epsilon_Greedy,epsilon=0.5,397,38.4846863240159,1.9483858593449492,36.536300464670944,40.43307218336085,5
scale_default,Epsilon_Greedy,epsilon=0.5,398,38.62649691127474,1.9721186751132884,36.654378236161456,40.59861558638803,5
scale_default,Epsilon_Greedy,epsilon=0.5,399,38.79327360532928,1.986463822753751,36.806809782575534,40.77973742808303,5
scale_default,Epsilon_Greedy,epsilon=0.5,400,38.9452724962076,1.9923936429154008,36.9528788532922,40.937666139123,5
scale_default,Epsilon_Greedy,epsilon=0.5,401,39.09751376953341,1.9363110189232278,37.16120275061018,41.033824788456634,5
scale_default,Epsilon_Greedy,epsilon=0.5,402,39.235045564889546,1.886433109124356,37.34861245576519,41.1214786740139,5
scale_default,Epsilon_Greedy,epsilon=0.5,403,39.323273848111,1.9020055274385155,37.42126832067248,41.22527937554952,5
scale_default,Epsilon_Greedy,epsilon=0.5,404,39.49849856066929,1.8181040506538209,37.68039451001547,41.31660261132311,5
scale_default,Epsilon_Greedy,epsilon=0.5,405,39.65236612721771,1.7472113996372138,37.905154727580495,41.39957752685493,5
scale_default,Epsilon_Greedy,epsilon=0.5,406,39.70313032490522,1.759105276908487,37.94402504799673,41.4622356018137,5
scale_default,Epsilon_Greedy,epsilon=0.5,407,39.85116236914749,1.6893379549339158,38.16182441421357,41.54050032408141,5
scale_default,Epsilon_Greedy,epsilon=0.5,408,39.92164242936788,1.695454584571732,38.226187844796144,41.61709701393961,5
scale_default,Epsilon_Greedy,epsilon=0.5,409,40.03627213344693,1.7549661051312286,38.2813060283157,41.79123823857816,5
scale_default,Epsilon_Greedy,epsilon=0.5,410,40.335693524600764,1.726447078661162,38.609246445939604,42.06214060326192,5
scale_default,Epsilon_Greedy,epsilon=0.5,411,40.44512289709107,1.6666489293902094,38.77847396770086,42.111771826481274,5
scale_default,Epsilon_Greedy,epsilon=0.5,412,40.79135188575265,1.6651318780284352,39.126220007724214,42.45648376378108,5
scale_default,Epsilon_Greedy,epsilon=0.5,413,40.92620993173868,1.7133203719124384,39.212889559826245,42.63953030365112,5
scale_default,Epsilon_Greedy,epsilon=0.5,414,41.14662783206881,1.837775508308868,39.30885232375994,42.984403340377675,5
scale_default,Epsilon_Greedy,epsilon=0.5,415,41.28853403978365,1.7860882986384439,39.5024457411452,43.074622338422095,5
scale_default,Epsilon_Greedy,epsilon=0.5,416,41.56509923361621,1.7657392965591676,39.79935993705704,43.33083853017538,5
scale_default,Epsilon_Greedy,epsilon=0.5,417,41.69442867987557,1.7397539816433343,39.95467469823224,43.4341826615189,5
scale_default,Epsilon_Greedy,epsilon=0.5,418,41.948500568091006,1.8261017123556043,40.122398855735405,43.77460228044661,5
scale_default,Epsilon_Greedy,epsilon=0.5,419,42.09179799587825,1.8949890337202673,40.19680896215799,43.98678702959852,5
scale_default,Epsilon_Greedy,epsilon=0.5,420,42.339766691444325,1.938133959475772,40.401632731968554,44.277900650920095,5
scale_default,Epsilon_Greedy,epsilon=0.5,421,42.63555249962596,1.8275732738849284,40.80797922574103,44.46312577351089,5
scale_default,Epsilon_Greedy,epsilon=0.5,422,42.917292661216905,1.6841804240543023,41.2331122371626,44.60147308527121,5
scale_default,Epsilon_Greedy,epsilon=0.5,423,43.112822244048544,1.6196545744370148,41.49316766961153,44.73247681848556,5
scale_default,Epsilon_Greedy,epsilon=0.5,424,43.20492583935221,1.6196787306314024,41.58524710872081,44.824604569983606,5
scale_default,Epsilon_Greedy,epsilon=0.5,425,43.27963504057226,1.6682064674040706,41.61142857316819,44.94784150797633,5
scale_default,Epsilon_Greedy,epsilon=0.5,426,43.524107770066465,1.6715555535494413,41.852552216517026,45.1956633236159,5
scale_default,Epsilon_Greedy,epsilon=0.5,427,43.81426127536709,1.627614386706984,42.18664688866011,45.44187566207407,5
scale_default,Epsilon_Greedy,epsilon=0.5,428,43.96565660984714,1.7071689212805234,42.25848768856661,45.672825531127664,5
scale_default,Epsilon_Greedy,epsilon=0.5,429,44.10293250812278,1.7876219175052939,42.315310590617486,45.89055442562807,5
scale_default,Epsilon_Greedy,epsilon=0.5,430,44.4370165158805,1.5915197210566738,42.84549679482383,46.02853623693717,5
scale_default,Epsilon_Greedy,epsilon=0.5,431,44.572109764479045,1.618563957938934,42.95354580654011,46.190673722417976,5
scale_default,Epsilon_Greedy,epsilon=0.5,432,44.67532932560215,1.6517258455389134,43.02360348006324,46.32705517114106,5
scale_default,Epsilon_Greedy,epsilon=0.5,433,44.75891091469163,1.636435019789868,43.12247589490177,46.3953459344815,5
scale_default,Epsilon_Greedy,epsilon=0.5,434,44.994499873950176,1.4598470026795547,43.53465287127062,46.45434687662973,5
scale_default,Epsilon_Greedy,epsilon=0.5,435,45.21044571536139,1.5065155633483716,43.703930152013015,46.71696127870976,5
scale_default,Epsilon_Greedy,epsilon=0.5,436,45.42210886383547,1.5539467015471633,43.86816216228831,46.97605556538263,5
scale_default,Epsilon_Greedy,epsilon=0.5,437,45.595735609287416,1.4985199557439242,44.09721565354349,47.09425556503134,5
scale_default,Epsilon_Greedy,epsilon=0.5,438,45.70615078256478,1.4635336295854215,44.242617152979356,47.1696844121502,5
scale_default,Epsilon_Greedy,epsilon=0.5,439,45.83408722045762,1.4140001646416636,44.420087055815955,47.24808738509928,5
scale_default,Epsilon_Greedy,epsilon=0.5,440,46.01155057675577,1.4747838512048255,44.53676672555095,47.4863344279606,5
scale_default,Epsilon_Greedy,epsilon=0.5,441,46.16609760245839,1.5525242328589415,44.61357336959945,47.718621835317336,5
scale_default,Epsilon_Greedy,epsilon=0.5,442,46.42335588535948,1.5482813611439576,44.87507452421552,47.971637246503434,5
scale_default,Epsilon_Greedy,epsilon=0.5,443,46.65422735357495,1.639430170925435,45.01479718264952,48.29365752450039,5
scale_default,Epsilon_Greedy,epsilon=0.5,444,46.90884756175259,1.612853095566666,45.295994466185924,48.52170065731925,5
scale_default,Epsilon_Greedy,epsilon=0.5,445,47.02789946423606,1.5534997083060411,45.474399755930015,48.5813991725421,5
scale_default,Epsilon_Greedy,epsilon=0.5,446,47.259957193490855,1.615498427130926,45.64445876635993,48.87545562062178,5
scale_default,Epsilon_Greedy,epsilon=0.5,447,47.46894358025084,1.6385827051291961,45.83036087512164,49.10752628538003,5
scale_default,Epsilon_Greedy,epsilon=0.5,448,47.60441221308315,1.5923603320740285,46.01205188100912,49.19677254515718,5
scale_default,Epsilon_Greedy,epsilon=0.5,449,47.883709924144746,1.5226928680048137,46.361017056139936,49.40640279214956,5
scale_default,Epsilon_Greedy,epsilon=0.5,450,48.06228383892297,1.5105367995440535,46.55174703937892,49.57282063846703,5
scale_default,Epsilon_Greedy,epsilon=0.5,451,48.156712654279794,1.6060531956331823,46.550659458646614,49.762765849912974,5
scale_default,Epsilon_Greedy,epsilon=0.5,452,48.3039987518782,1.6134848334634215,46.69051391841477,49.91748358534162,5
scale_default,Epsilon_Greedy,epsilon=0.5,453,48.422652735773696,1.621211836893853,46.80144089887984,50.04386457266755,5
scale_default,Epsilon_Greedy,epsilon=0.5,454,48.537426849483985,1.6284436012758854,46.9089832482081,50.16587045075987,5
scale_default,Epsilon_Greedy,epsilon=0.5,455,48.67242924387771,1.6994339220858738,46.972995321791835,50.37186316596358,5
scale_default,Epsilon_Greedy,epsilon=0.5,456,48.959487875529554,1.8143781737171845,47.145109701812366,50.77386604924674,5
scale_default,Epsilon_Greedy,epsilon=0.5,457,49.0701812712891,1.818549809546957,47.25163146174214,50.88873108083606,5
scale_default,Epsilon_Greedy,epsilon=0.5,458,49.24372361787471,1.8463002180398358,47.39742339983487,51.09002383591454,5
scale_default,Epsilon_Greedy,epsilon=0.5,459,49.420371117125015,1.8433860920610043,47.57698502506401,51.26375720918602,5
scale_default,Epsilon_Greedy,epsilon=0.5,460,49.58834923670689,1.8109385803390676,47.77741065636782,51.39928781704596,5
scale_default,Epsilon_Greedy,epsilon=0.5,461,49.69397325024819,1.9042770659902413,47.78969618425795,51.598250316238435,5
scale_default,Epsilon_Greedy,epsilon=0.5,462,49.87880293208404,1.7618026825183837,48.117000249565656,51.64060561460243,5
scale_default,Epsilon_Greedy,epsilon=0.5,463,50.09265567693951,1.755993867609839,48.33666180932967,51.848649544549346,5
scale_default,Epsilon_Greedy,epsilon=0.5,464,50.257149703449656,1.8018049443046977,48.45534475914496,52.058954647754355,5
scale_default,Epsilon_Greedy,epsilon=0.5,465,50.35967554174555,1.7151573935823972,48.64451814816316,52.07483293532795,5
scale_default,Epsilon_Greedy,epsilon=0.5,466,50.486109749554416,1.6522394752397567,48.83387027431466,52.13834922479417,5
scale_default,Epsilon_Greedy,epsilon=0.5,467,50.60944106087484,1.7113246702414517,48.89811639063339,52.320765731116296,5
scale_default,Epsilon_Greedy,epsilon=0.5,468,50.797089202808756,1.6982297585784445,49.098859444230314,52.4953189613872,5
scale_default,Epsilon_Greedy,epsilon=0.5,469,50.90890530708464,1.6172897846463161,49.29161552243832,52.526195091730955,5
scale_default,Epsilon_Greedy,epsilon=0.5,470,51.14645085059631,1.5885699069123511,49.557880943683955,52.735020757508664,5
scale_default,Epsilon_Greedy,epsilon=0.5,471,51.33153097723981,1.5380255382705843,49.79350543896923,52.86955651551039,5
scale_default,Epsilon_Greedy,epsilon=0.5,472,51.46991444981985,1.6341086251415236,49.83580582467833,53.104023074961376,5
scale_default,Epsilon_Greedy,epsilon=0.5,473,51.75935429148332,1.606505523081964,50.152848768401356,53.36585981456528,5
scale_default,Epsilon_Greedy,epsilon=0.5,474,52.04580013843025,1.6509713048200476,50.394828833610205,53.6967714432503,5
scale_default,Epsilon_Greedy,epsilon=0.5,475,52.288708685816474,1.6426620490860828,50.64604663673039,53.93137073490256,5
scale_default,Epsilon_Greedy,epsilon=0.5,476,52.45431405819674,1.6029607914454354,50.85135326675131,54.05727484964218,5
scale_default,Epsilon_Greedy,epsilon=0.5,477,52.683171605510736,1.6015197586774936,51.081651846833246,54.28469136418823,5
scale_default,Epsilon_Greedy,epsilon=0.5,478,52.91367722496604,1.6921510008222553,51.22152622414378,54.605828225788294,5
scale_default,Epsilon_Greedy,epsilon=0.5,479,53.10517962242741,1.6057526356327048,51.4994269867947,54.71093225806011,5
scale_default,Epsilon_Greedy,epsilon=0.5,480,53.32953335440466,1.7033910886913521,51.626142265713305,55.032924443096014,5
scale_default,Epsilon_Greedy,epsilon=0.5,481,53.49675346437541,1.6639096201996169,51.83284384417579,55.16066308457503,5
scale_default,Epsilon_Greedy,epsilon=0.5,482,53.71488954259271,1.5239419499305342,52.19094759266218,55.23883149252324,5
scale_default,Epsilon_Greedy,epsilon=0.5,483,53.81932108524502,1.5737432456810951,52.24557783956393,55.393064330926116,5
scale_default,Epsilon_Greedy,epsilon=0.5,484,53.847837412327124,1.5381563078416725,52.30968110448545,55.3859937201688,5
scale_default,Epsilon_Greedy,epsilon=0.5,485,54.03575253208071,1.626780106406783,52.40897242567392,55.66253263848749,5
scale_default,Epsilon_Greedy,epsilon=0.5,486,54.16270860569106,1.7534810788239488,52.40922752686711,55.916189684515004,5
scale_default,Epsilon_Greedy,epsilon=0.5,487,54.23903879611679,1.7267144363017544,52.51232435981503,55.96575323241854,5
scale_default,Epsilon_Greedy,epsilon=0.5,488,54.36995804391334,1.8663289822012799,52.50362906171206,56.236287026114624,5
scale_default,Epsilon_Greedy,epsilon=0.5,489,54.50992296817236,1.8586404092443676,52.651282558927996,56.36856337741673,5
scale_default,Epsilon_Greedy,epsilon=0.5,490,54.72195156457396,1.9178035141149712,52.80414805045899,56.639755078688935,5
scale_default,Epsilon_Greedy,epsilon=0.5,491,54.91580554173213,1.8476761373989026,53.06812940433323,56.763481679131026,5
scale_default,Epsilon_Greedy,epsilon=0.5,492,55.19173106408366,1.6335607351763397,53.55817032890732,56.82529179926,5
scale_default,Epsilon_Greedy,epsilon=0.5,493,55.22589883660207,1.6612099914088414,53.56468884519323,56.88710882801091,5
scale_default,Epsilon_Greedy,epsilon=0.5,494,55.352194523426306,1.6673204381993616,53.684874085226944,57.01951496162567,5
scale_default,Epsilon_Greedy,epsilon=0.5,495,55.5994962864357,1.661056145760465,53.93844014067524,57.260552432196164,5
scale_default,Epsilon_Greedy,epsilon=0.5,496,55.96807774005144,1.685224872045695,54.28285286800575,57.653302612097136,5
scale_default,Epsilon_Greedy,epsilon=0.5,497,56.09983207151656,1.6801384419952274,54.41969362952133,57.779970513511785,5
scale_default,Epsilon_Greedy,epsilon=0.5,498,56.31866939583783,1.7386001058901182,54.58006928994771,58.05726950172795,5
scale_default,Epsilon_Greedy,epsilon=0.5,499,56.53775309146779,1.7720757393419913,54.7656773521258,58.309828830809785,5
scale_default,Epsilon_Greedy,epsilon=0.5,500,56.75438611626159,1.7464069924827796,55.00797912377881,58.500793108744375,5
scale_default,Epsilon_Greedy,epsilon=0.5,501,56.939893780373836,1.7806631948922897,55.159230585481545,58.72055697526613,5
scale_default,Epsilon_Greedy,epsilon=0.5,502,57.074681007290295,1.7770217797051657,55.29765922758513,58.85170278699546,5
scale_default,Epsilon_Greedy,epsilon=0.5,503,57.2560455339822,1.710554119689107,55.545491414293096,58.96659965367131,5
scale_default,Epsilon_Greedy,epsilon=0.5,504,57.49775539249848,1.6334505893829578,55.86430480311552,59.13120598188144,5
scale_default,Epsilon_Greedy,epsilon=0.5,505,57.66308779473188,1.62435496722548,56.0387328275064,59.28744276195736,5
scale_default,Epsilon_Greedy,epsilon=0.5,506,57.78954638994552,1.607465185007853,56.18208120493767,59.397011574953375,5
scale_default,Epsilon_Greedy,epsilon=0.5,507,57.94939037197956,1.5086926819524313,56.44069769002713,59.45808305393199,5
scale_default,Epsilon_Greedy,epsilon=0.5,508,58.1733966011868,1.4967694550535318,56.67662714613327,59.67016605624033,5
scale_default,Epsilon_Greedy,epsilon=0.5,509,58.347005425925886,1.5260446443090767,56.82096078161681,59.87305007023496,5
scale_default,Epsilon_Greedy,epsilon=0.5,510,58.508937766380924,1.4983349875438743,57.01060277883705,60.0072727539248,5
scale_default,Epsilon_Greedy,epsilon=0.5,511,58.62600723433199,1.5208516386593405,57.105155595672656,60.14685887299133,5
scale_default,Epsilon_Greedy,epsilon=0.5,512,58.93969284577584,1.4949031366657335,57.444789709110104,60.43459598244157,5
scale_default,Epsilon_Greedy,epsilon=0.5,513,59.1429253038689,1.3585382605575487,57.78438704331135,60.50146356442645,5
scale_default,Epsilon_Greedy,epsilon=0.5,514,59.30529062262534,1.422252269431155,57.88303835319419,60.7275428920565,5
scale_default,Epsilon_Greedy,epsilon=0.5,515,59.7149873675625,1.4270748948267462,58.287912472735755,61.142062262389246,5
scale_default,Epsilon_Greedy,epsilon=0.5,516,59.93712824006192,1.3409835099666654,58.596144730095254,61.27811175002858,5
scale_default,Epsilon_Greedy,epsilon=0.5,517,60.14761258287366,1.376297329858861,58.771315253014805,61.52390991273252,5
scale_default,Epsilon_Greedy,epsilon=0.5,518,60.37751248198642,1.3867665511322647,58.99074593085416,61.76427903311868,5
scale_default,Epsilon_Greedy,epsilon=0.5,519,60.561220525279126,1.4338516215402826,59.12736890373884,61.99507214681941,5
scale_default,Epsilon_Greedy,epsilon=0.5,520,60.79895405392007,1.3854389619505307,59.413515091969536,62.184393015870604,5
scale_default,Epsilon_Greedy,epsilon=0.5,521,61.02681357940202,1.3923122595307413,59.634501319871276,62.41912583893276,5
scale_default,Epsilon_Greedy,epsilon=0.5,522,61.234696304600014,1.1414122329246816,60.093284071675335,62.37610853752469,5
scale_default,Epsilon_Greedy,epsilon=0.5,523,61.36782268585348,1.2478746271593402,60.11994805869414,62.615697313012824,5
scale_default,Epsilon_Greedy,epsilon=0.5,524,61.5491771416046,1.2713485048548852,60.27782863674972,62.82052564645949,5
scale_default,Epsilon_Greedy,epsilon=0.5,525,61.62395758176599,1.2692094259646411,60.35474815580135,62.89316700773063,5
scale_default,Epsilon_Greedy,epsilon=0.5,526,61.77826151886565,1.344484610254105,60.43377690861154,63.122746129119754,5
scale_default,Epsilon_Greedy,epsilon=0.5,527,61.89413962103396,1.260989195617882,60.633150425416076,63.15512881665184,5
scale_default,Epsilon_Greedy,epsilon=0.5,528,62.079235515653295,1.2733383460299887,60.80589716962331,63.35257386168328,5
scale_default,Epsilon_Greedy,epsilon=0.5,529,62.35136583131994,1.3226335014248642,61.02873232989507,63.673999332744806,5
scale_default,Epsilon_Greedy,epsilon=0.5,530,62.43409850165115,1.3344814868983927,61.09961701475276,63.76857998854954,5
scale_default,Epsilon_Greedy,epsilon=0.5,531,62.57023653919148,1.3172731667264013,61.252963372465075,63.88750970591788,5
scale_default,Epsilon_Greedy,epsilon=0.5,532,62.83265226123797,1.3107234021029752,61.521928859134995,64.14337566334095,5
scale_default,Epsilon_Greedy,epsilon=0.5,533,62.93321269659119,1.3406704245851708,61.59254227200602,64.27388312117637,5
scale_default,Epsilon_Greedy,epsilon=0.5,534,63.09680174807299,1.3998177788648676,61.69698396920813,64.49661952693786,5
scale_default,Epsilon_Greedy,epsilon=0.5,535,63.19482569200701,1.475485561351982,61.71934013065503,64.67031125335899,5
scale_default,Epsilon_Greedy,epsilon=0.5,536,63.343484265456674,1.4512532337795956,61.89223103167708,64.79473749923626,5
scale_default,Epsilon_Greedy,epsilon=0.5,537,63.60899146019159,1.5736525273653035,62.035338932826285,65.18264398755689,5
scale_default,Epsilon_Greedy,epsilon=0.5,538,63.67322680930174,1.582238324425445,62.09098848487629,65.25546513372718,5
scale_default,Epsilon_Greedy,epsilon=0.5,539,63.937834948416835,1.6543243009047597,62.283510647512074,65.5921592493216,5
scale_default,Epsilon_Greedy,epsilon=0.5,540,64.04479363671025,1.6145390640580604,62.430254572652196,65.65933270076832,5
scale_default,Epsilon_Greedy,epsilon=0.5,541,64.29091915945918,1.6242652224291156,62.66665393703006,65.9151843818883,5
scale_default,Epsilon_Greedy,epsilon=0.5,542,64.45795599076277,1.6241443171384395,62.83381167362433,66.08210030790121,5
scale_default,Epsilon_Greedy,epsilon=0.5,543,64.689993633552,1.7441200355678597,62.945873597984146,66.43411366911987,5
scale_default,Epsilon_Greedy,epsilon=0.5,544,64.8952654226632,1.7629440882510625,63.13232133441214,66.65820951091426,5
scale_default,Epsilon_Greedy,epsilon=0.5,545,65.13986139608144,1.815796266697108,63.32406512938434,66.95565766277855,5
scale_default,Epsilon_Greedy,epsilon=0.5,546,65.31455443243196,1.7724915576086049,63.54206287482336,67.08704599004056,5
scale_default,Epsilon_Greedy,epsilon=0.5,547,65.49809113776462,1.8394515946653658,63.658639543099255,67.33754273242998,5
scale_default,Epsilon_Greedy,epsilon=0.5,548,65.75570126530329,1.8429235305698275,63.91277773473346,67.59862479587312,5
scale_default,Epsilon_Greedy,epsilon=0.5,549,65.92504958704808,1.8049153759096495,64.12013421113843,67.72996496295772,5
scale_default,Epsilon_Greedy,epsilon=0.5,550,66.12987404957211,1.9079958609201604,64.22187818865194,68.03786991049228,5
scale_default,Epsilon_Greedy,epsilon=0.5,551,66.31962641495822,1.9352379158854036,64.38438849907281,68.25486433084363,5
scale_default,Epsilon_Greedy,epsilon=0.5,552,66.4968175136525,1.8487937059218458,64.64802380773065,68.34561121957435,5
scale_default,Epsilon_Greedy,epsilon=0.5,553,66.68297970252593,1.8826601253514539,64.80031957717448,68.56563982787738,5
scale_default,Epsilon_Greedy,epsilon=0.5,554,66.92634845162613,1.9179939823648684,65.00835446926126,68.84434243399099,5
scale_default,Epsilon_Greedy,epsilon=0.5,555,67.13887412660054,1.9904389123026087,65.14843521429793,69.12931303890315,5
scale_default,Epsilon_Greedy,epsilon=0.5,556,67.29513137775635,2.046309400042055,65.2488219777143,69.3414407777984,5
scale_default,Epsilon_Greedy,epsilon=0.5,557,67.43051024239318,2.0493247909807883,65.38118545141239,69.47983503337397,5
scale_default,Epsilon_Greedy,epsilon=0.5,558,67.59764937268832,2.096474470979017,65.5011749017093,69.69412384366734,5
scale_default,Epsilon_Greedy,epsilon=0.5,559,67.73153942875797,2.0472254927842353,65.68431393597373,69.7787649215422,5
scale_default,Epsilon_Greedy,epsilon=0.5,560,67.89586298423475,2.043153635861895,65.85270934837285,69.93901662009665,5
scale_default,Epsilon_Greedy,epsilon=0.5,561,68.05800727909539,2.122352976330934,65.93565430276446,70.18036025542632,5
scale_default,Epsilon_Greedy,epsilon=0.5,562,68.25401445875994,2.180126174685756,66.07388828407419,70.4341406334457,5
scale_default,Epsilon_Greedy,epsilon=0.5,563,68.49086279405512,2.153393612404423,66.33746918165069,70.64425640645955,5
scale_default,Epsilon_Greedy,epsilon=0.5,564,68.82549798231278,2.2571127515260905,66.56838523078669,71.08261073383888,5
scale_default,Epsilon_Greedy,epsilon=0.5,565,69.06112241416375,2.0474761809733115,67.01364623319044,71.10859859513705,5
scale_default,Epsilon_Greedy,epsilon=0.5,566,69.22349282247063,1.954812475019851,67.26868034745078,71.17830529749048,5
scale_default,Epsilon_Greedy,epsilon=0.5,567,69.44304671499421,2.0566642956575785,67.38638241933663,71.4997110106518,5
scale_default,Epsilon_Greedy,epsilon=0.5,568,69.60043476902577,2.123845867508143,67.47658890151763,71.7242806365339,5
scale_default,Epsilon_Greedy,epsilon=0.5,569,69.77266841679497,2.1416330114852498,67.63103540530972,71.91430142828023,5
scale_default,Epsilon_Greedy,epsilon=0.5,570,69.99758324558404,2.201711443317152,67.79587180226689,72.19929468890119,5
scale_default,Epsilon_Greedy,epsilon=0.5,571,70.18707071423076,2.1001944274247837,68.08687628680597,72.28726514165554,5
scale_default,Epsilon_Greedy,epsilon=0.5,572,70.32976231328544,2.109124475669092,68.22063783761635,72.43888678895453,5
scale_default,Epsilon_Greedy,epsilon=0.5,573,70.44930389239596,2.1323711496656492,68.31693274273032,72.5816750420616,5
scale_default,Epsilon_Greedy,epsilon=0.5,574,70.83607268496309,2.065180550522718,68.77089213444037,72.9012532354858,5
scale_default,Epsilon_Greedy,epsilon=0.5,575,71.21323562854147,2.1583458461303406,69.05488978241112,73.37158147467181,5
scale_default,Epsilon_Greedy,epsilon=0.5,576,71.39219783446603,2.195691125031437,69.1965067094346,73.58788895949746,5
scale_default,Epsilon_Greedy,epsilon=0.5,577,71.57097894373781,2.1476373908875956,69.42334155285022,73.71861633462541,5
scale_default,Epsilon_Greedy,epsilon=0.5,578,71.78838987330474,2.1977718780679036,69.59061799523684,73.98616175137263,5
scale_default,Epsilon_Greedy,epsilon=0.5,579,71.85847979952784,2.2543496596450905,69.60413013988276,74.11282945917293,5
scale_default,Epsilon_Greedy,epsilon=0.5,580,71.97595715864426,2.229728051508077,69.74622910713619,74.20568521015234,5
scale_default,Epsilon_Greedy,epsilon=0.5,581,72.22930357840781,2.2249679931078883,70.00433558529993,74.45427157151569,5
scale_default,Epsilon_Greedy,epsilon=0.5,582,72.38511761572295,2.1717624252562406,70.2133551904667,74.5568800409792,5
scale_default,Epsilon_Greedy,epsilon=0.5,583,72.61719806550308,2.118145288899124,70.49905277660395,74.7353433544022,5
scale_default,Epsilon_Greedy,epsilon=0.5,584,72.89764265266436,2.2938807062870943,70.60376194637726,75.19152335895146,5
scale_default,Epsilon_Greedy,epsilon=0.5,585,73.03407133126788,2.331697940036885,70.70237339123099,75.36576927130477,5
scale_default,Epsilon_Greedy,epsilon=0.5,586,73.24592118492217,2.4070715505991833,70.83884963432298,75.65299273552135,5
scale_default,Epsilon_Greedy,epsilon=0.5,587,73.38965619513891,2.4048490895076884,70.98480710563122,75.7945052846466,5
scale_default,Epsilon_Greedy,epsilon=0.5,588,73.50984684129894,2.3954807480424516,71.11436609325649,75.90532758934138,5
scale_default,Epsilon_Greedy,epsilon=0.5,589,73.69731178551118,2.5151262703648403,71.18218551514633,76.21243805587602,5
scale_default,Epsilon_Greedy,epsilon=0.5,590,73.88100121273808,2.53875465250284,71.34224656023524,76.41975586524093,5
scale_default,Epsilon_Greedy,epsilon=0.5,591,74.00839913580833,2.608034788548507,71.40036434725982,76.61643392435684,5
scale_default,Epsilon_Greedy,epsilon=0.5,592,74.15813701189194,2.690258088483792,71.46787892340815,76.84839510037573,5
scale_default,Epsilon_Greedy,epsilon=0.5,593,74.30214782459929,2.678287647105852,71.62386017749344,76.98043547170514,5
scale_default,Epsilon_Greedy,epsilon=0.5,594,74.44527473602761,2.62095501281314,71.82431972321447,77.06622974884075,5
scale_default,Epsilon_Greedy,epsilon=0.5,595,74.49633788352051,2.6524736351884974,71.84386424833201,77.14881151870901,5
scale_default,Epsilon_Greedy,epsilon=0.5,596,74.59284685772845,2.6872411528447975,71.90560570488365,77.28008801057324,5
scale_default,Epsilon_Greedy,epsilon=0.5,597,74.98940776051992,2.6586383534624196,72.3307694070575,77.64804611398235,5
scale_default,Epsilon_Greedy,epsilon=0.5,598,75.13980672071605,2.7186820597233736,72.42112466099267,77.85848878043943,5
scale_default,Epsilon_Greedy,epsilon=0.5,599,75.29344883093782,2.7092080116380477,72.58424081929977,78.00265684257587,5
scale_default,Epsilon_Greedy,epsilon=0.55,0,0.042078495689346775,0.06926963935946717,-0.027191143670120398,0.11134813504881394,5
scale_default,Epsilon_Greedy,epsilon=0.55,1,0.06597065171772054,0.0720173100336833,-0.006046658315962752,0.13798796175140382,5
scale_default,Epsilon_Greedy,epsilon=0.55,2,0.10345992292497237,0.06183328725041806,0.04162663567455431,0.16529321017539045,5
scale_default,Epsilon_Greedy,epsilon=0.55,3,0.13566144216673753,0.10247909839356191,0.033182343773175624,0.23814054056029943,5
scale_default,Epsilon_Greedy,epsilon=0.55,4,0.1560361639724161,0.10656234039945492,0.04947382357296118,0.26259850437187104,5
scale_default,Epsilon_Greedy,epsilon=0.55,5,0.22194760802864422,0.08571109109905843,0.13623651692958577,0.30765869912770266,5
scale_default,Epsilon_Greedy,epsilon=0.55,6,0.24660318852867863,0.10367605297108155,0.14292713555759706,0.3502792414997602,5
scale_default,Epsilon_Greedy,epsilon=0.55,7,0.2675971559590637,0.07160297135558505,0.19599418460347864,0.33920012731464877,5
scale_default,Epsilon_Greedy,epsilon=0.55,8,0.2872753113102723,0.058920308178927544,0.22835500313134474,0.34619561948919986,5
scale_default,Epsilon_Greedy,epsilon=0.55,9,0.3043089469101829,0.049488728322841555,0.25482021858734133,0.35379767523302447,5
scale_default,Epsilon_Greedy,epsilon=0.55,10,0.3361001926653056,0.08625526598429596,0.24984492668100966,0.42235545864960156,5
scale_default,Epsilon_Greedy,epsilon=0.55,11,0.3637607034039521,0.10326340746514906,0.26049729593880305,0.46702411086910117,5
scale_default,Epsilon_Greedy,epsilon=0.55,12,0.38896401474648,0.0964845628872454,0.29247945185923463,0.4854485776337254,5
scale_default,Epsilon_Greedy,epsilon=0.55,13,0.44560788973744997,0.09755562543686624,0.3480522643005837,0.5431635151743162,5
scale_default,Epsilon_Greedy,epsilon=0.55,14,0.4663994979524338,0.1116142112356245,0.3547852867168093,0.5780137091880583,5
scale_default,Epsilon_Greedy,epsilon=0.55,15,0.5112804815317967,0.1155502913409307,0.395730190190866,0.6268307728727274,5
scale_default,Epsilon_Greedy,epsilon=0.55,16,0.5406711133243403,0.106730830306562,0.43394028301777826,0.6474019436309022,5
scale_default,Epsilon_Greedy,epsilon=0.55,17,0.5757782770838973,0.11995579383715127,0.455822483246746,0.6957340709210486,5
scale_default,Epsilon_Greedy,epsilon=0.55,18,0.5883295808883622,0.1108473123160061,0.4774822685723561,0.6991768932043683,5
scale_default,Epsilon_Greedy,epsilon=0.55,19,0.5987426498290909,0.11086214813568807,0.4878805016934028,0.7096047979647789,5
scale_default,Epsilon_Greedy,epsilon=0.55,20,0.6205023978698349,0.13379567798520506,0.48670671988462977,0.7542980758550399,5
scale_default,Epsilon_Greedy,epsilon=0.55,21,0.6367684799654298,0.12205634796547456,0.5147121319999552,0.7588248279309044,5
scale_default,Epsilon_Greedy,epsilon=0.55,22,0.6678306280804025,0.11808415304561713,0.5497464750347854,0.7859147811260196,5
scale_default,Epsilon_Greedy,epsilon=0.55,23,0.6805148672082413,0.1251700741960756,0.5553447930121657,0.8056849414043169,5
scale_default,Epsilon_Greedy,epsilon=0.55,24,0.6975590025405944,0.12104838166091472,0.5765106208796797,0.8186073842015091,5
scale_default,Epsilon_Greedy,epsilon=0.55,25,0.7220909502498392,0.1390400967562999,0.5830508534935392,0.8611310470061391,5
scale_default,Epsilon_Greedy,epsilon=0.55,26,0.7319941025136247,0.14589343280017208,0.5861006697134526,0.8778875353137968,5
scale_default,Epsilon_Greedy,epsilon=0.55,27,0.7475840493381769,0.13959578458598199,0.6079882647521949,0.8871798339241589,5
scale_default,Epsilon_Greedy,epsilon=0.55,28,0.7800985298390362,0.13546288168740228,0.6446356481516339,0.9155614115264384,5
scale_default,Epsilon_Greedy,epsilon=0.55,29,0.8132262626935829,0.11857815289687075,0.6946481097967121,0.9318044155904537,5
scale_default,Epsilon_Greedy,epsilon=0.55,30,0.835378247479398,0.13850569333276253,0.6968725541466355,0.9738839408121606,5
scale_default,Epsilon_Greedy,epsilon=0.55,31,0.8680022114999428,0.1292220869095707,0.7387801245903721,0.9972242984095135,5
scale_default,Epsilon_Greedy,epsilon=0.55,32,0.8781049499630464,0.12591898620305791,0.7521859637599886,1.0040239361661043,5
scale_default,Epsilon_Greedy,epsilon=0.55,33,0.9132565990396753,0.12476849583989678,0.7884881031997785,1.038025094879572,5
scale_default,Epsilon_Greedy,epsilon=0.55,34,0.9487656913169061,0.11326276498152693,0.8355029263353793,1.062028456298433,5
scale_default,Epsilon_Greedy,epsilon=0.55,35,0.971097254079177,0.14232962486572737,0.8287676292134496,1.1134268789449044,5
scale_default,Epsilon_Greedy,epsilon=0.55,36,0.9858327502325533,0.1467968724518929,0.8390358777806605,1.1326296226844463,5
scale_default,Epsilon_Greedy,epsilon=0.55,37,1.0128683298655445,0.1725277177224622,0.8403406121430823,1.1853960475880068,5
scale_default,Epsilon_Greedy,epsilon=0.55,38,1.0327158175997089,0.17926414169088412,0.8534516759088248,1.211979959290593,5
scale_default,Epsilon_Greedy,epsilon=0.55,39,1.0722026998593805,0.1516837094962163,0.9205189903631643,1.2238864093555968,5
scale_default,Epsilon_Greedy,epsilon=0.55,40,1.12001474361035,0.12139230831448276,0.9986224352958673,1.2414070519248328,5
scale_default,Epsilon_Greedy,epsilon=0.55,41,1.1600837842941165,0.14548815861748055,1.014595625676636,1.305571942911597,5
scale_default,Epsilon_Greedy,epsilon=0.55,42,1.199902014485399,0.13210975598108401,1.067792258504315,1.332011770466483,5
scale_default,Epsilon_Greedy,epsilon=0.55,43,1.219861597042666,0.1487596812169518,1.0711019158257142,1.3686212782596179,5
scale_default,Epsilon_Greedy,epsilon=0.55,44,1.247306472532887,0.1144918964283494,1.1328145761045376,1.3617983689612365,5
scale_default,Epsilon_Greedy,epsilon=0.55,45,1.2663218651668053,0.1194881909859753,1.14683367418083,1.3858100561527806,5
scale_default,Epsilon_Greedy,epsilon=0.55,46,1.272584248342129,0.12011206663887432,1.1524721817032546,1.3926963149810034,5
scale_default,Epsilon_Greedy,epsilon=0.55,47,1.297694307790549,0.1057922523484497,1.1919020554420992,1.4034865601389988,5
scale_default,Epsilon_Greedy,epsilon=0.55,48,1.3335305766548005,0.07371210604503164,1.2598184706097688,1.407242682699832,5
scale_default,Epsilon_Greedy,epsilon=0.55,49,1.3446862865189462,0.06721893630378818,1.277467350215158,1.4119052228227345,5
scale_default,Epsilon_Greedy,epsilon=0.55,50,1.409243760391798,0.10990188553977298,1.2993418748520251,1.5191456459315709,5
scale_default,Epsilon_Greedy,epsilon=0.55,51,1.424446517426702,0.12063588313885248,1.3038106342878495,1.5450824005655546,5
scale_default,Epsilon_Greedy,epsilon=0.55,52,1.464497421578379,0.12051470049457909,1.3439827210838,1.585012122072958,5
scale_default,Epsilon_Greedy,epsilon=0.55,53,1.48812917772707,0.13641163840238474,1.3517175393246852,1.6245408161294548,5
scale_default,Epsilon_Greedy,epsilon=0.55,54,1.49164139797451,0.1341820122357258,1.3574593857387842,1.6258234102102358,5
scale_default,Epsilon_Greedy,epsilon=0.55,55,1.5070820509376681,0.14253591723214004,1.364546133705528,1.6496179681698082,5
scale_default,Epsilon_Greedy,epsilon=0.55,56,1.5112976221994074,0.14793464618769508,1.3633629760117123,1.6592322683871026,5
scale_default,Epsilon_Greedy,epsilon=0.55,57,1.5303883191054402,0.1382356092239528,1.3921527098814874,1.6686239283293929,5
scale_default,Epsilon_Greedy,epsilon=0.55,58,1.5496854948511936,0.14682700407815796,1.4028584907730357,1.6965124989293514,5
scale_default,Epsilon_Greedy,epsilon=0.55,59,1.5952804211509903,0.1406511156249133,1.454629305526077,1.7359315367759036,5
scale_default,Epsilon_Greedy,epsilon=0.55,60,1.6283255969723776,0.1547417046746793,1.4735838922976983,1.7830673016470568,5
scale_default,Epsilon_Greedy,epsilon=0.55,61,1.6477166219876165,0.155219539673005,1.4924970823146115,1.8029361616606214,5
scale_default,Epsilon_Greedy,epsilon=0.55,62,1.68205979219617,0.15545378496714157,1.5266060072290284,1.8375135771633115,5
scale_default,Epsilon_Greedy,epsilon=0.55,63,1.7048148226495041,0.18608086828841167,1.5187339543610925,1.8908956909379158,5
scale_default,Epsilon_Greedy,epsilon=0.55,64,1.7287381662352388,0.18701791770181977,1.541720248533419,1.9157560839370587,5
scale_default,Epsilon_Greedy,epsilon=0.55,65,1.7366698040658695,0.1883726629512337,1.5482971411146358,1.9250424670171031,5
scale_default,Epsilon_Greedy,epsilon=0.55,66,1.749288877186025,0.19413736419058472,1.5551515129954403,1.94342624137661,5
scale_default,Epsilon_Greedy,epsilon=0.55,67,1.7743827038319964,0.19345870287605563,1.5809240009559407,1.967841406708052,5
scale_default,Epsilon_Greedy,epsilon=0.55,68,1.781738716551687,0.19538365317010006,1.5863550633815868,1.977122369721787,5
scale_default,Epsilon_Greedy,epsilon=0.55,69,1.8098624391546203,0.1882922481741589,1.6215701909804614,1.9981546873287792,5
scale_default,Epsilon_Greedy,epsilon=0.55,70,1.8230753383668854,0.18015434700523872,1.6429209913616467,2.003229685372124,5
scale_default,Epsilon_Greedy,epsilon=0.55,71,1.8429877349338084,0.17803476656595713,1.6649529683678512,2.0210225014997656,5
scale_default,Epsilon_Greedy,epsilon=0.55,72,1.8572984539696051,0.18646948927730042,1.6708289646923047,2.0437679432469054,5
scale_default,Epsilon_Greedy,epsilon=0.55,73,1.880467769278674,0.17682143497615993,1.703646334302514,2.057289204254834,5
scale_default,Epsilon_Greedy,epsilon=0.55,74,1.8886847321628744,0.17454789997603545,1.7141368321868389,2.06323263213891,5
scale_default,Epsilon_Greedy,epsilon=0.55,75,1.9246802638346103,0.18821959302730465,1.7364606708073056,2.112899856861915,5
scale_default,Epsilon_Greedy,epsilon=0.55,76,1.945475829352351,0.1853187529047076,1.7601570764476435,2.130794582257059,5
scale_default,Epsilon_Greedy,epsilon=0.55,77,1.962401820032785,0.18834795199007554,1.7740538680427096,2.1507497720228606,5
scale_default,Epsilon_Greedy,epsilon=0.55,78,1.9910889292453053,0.21594170236245308,1.7751472268828523,2.2070306316077586,5
scale_default,Epsilon_Greedy,epsilon=0.55,79,2.033750871351283,0.19346218484147595,1.8402886865098071,2.227213056192759,5
scale_default,Epsilon_Greedy,epsilon=0.55,80,2.0488809808460213,0.19275095814101748,1.856130022705004,2.2416319389870387,5
scale_default,Epsilon_Greedy,epsilon=0.55,81,2.056049394946222,0.19273005818439864,1.8633193367618235,2.248779453130621,5
scale_default,Epsilon_Greedy,epsilon=0.55,82,2.1241466106717444,0.14316114120064022,1.9809854694711042,2.2673077518723845,5
scale_default,Epsilon_Greedy,epsilon=0.55,83,2.15116799506253,0.1351168352157347,2.0160511598467954,2.286284830278265,5
scale_default,Epsilon_Greedy,epsilon=0.55,84,2.177576235802024,0.1153634051716231,2.0622128306304006,2.292939640973647,5
scale_default,Epsilon_Greedy,epsilon=0.55,85,2.1971112668609245,0.10933963877632291,2.0877716280846017,2.3064509056372473,5
scale_default,Epsilon_Greedy,epsilon=0.55,86,2.226631837054575,0.10410663617498149,2.1225252008795934,2.330738473229556,5
scale_default,Epsilon_Greedy,epsilon=0.55,87,2.241601741790631,0.09921736700359197,2.142384374787039,2.3408191087942227,5
scale_default,Epsilon_Greedy,epsilon=0.55,88,2.258934125275122,0.10808759447276432,2.1508465308023577,2.367021719747886,5
scale_default,Epsilon_Greedy,epsilon=0.55,89,2.2663545951924813,0.10871033016066148,2.15764426503182,2.3750649253531426,5
scale_default,Epsilon_Greedy,epsilon=0.55,90,2.2956906169132805,0.11558915364077213,2.1801014632725084,2.4112797705540525,5
scale_default,Epsilon_Greedy,epsilon=0.55,91,2.318284166802437,0.133166934391569,2.185117232410868,2.451451101194006,5
scale_default,Epsilon_Greedy,epsilon=0.55,92,2.383552637998253,0.16139899694479778,2.222153641053455,2.5449516349430508,5
scale_default,Epsilon_Greedy,epsilon=0.55,93,2.4072361382324283,0.18806965519592653,2.219166483036502,2.5953057934283548,5
scale_default,Epsilon_Greedy,epsilon=0.55,94,2.4212811526360243,0.19743771661437137,2.223843436021653,2.6187188692503955,5
scale_default,Epsilon_Greedy,epsilon=0.55,95,2.444519005781949,0.17819000450302658,2.266329001278922,2.6227090102849755,5
scale_default,Epsilon_Greedy,epsilon=0.55,96,2.467158093759835,0.20184539914488767,2.265312694614947,2.669003492904723,5
scale_default,Epsilon_Greedy,epsilon=0.55,97,2.473012778979448,0.2022211714755482,2.2707916075038996,2.675233950454996,5
scale_default,Epsilon_Greedy,epsilon=0.55,98,2.5022109720279992,0.21223448163676664,2.2899764903912327,2.7144454536647658,5
scale_default,Epsilon_Greedy,epsilon=0.55,99,2.524693773707014,0.22689218541960685,2.2978015882874074,2.7515859591266207,5
scale_default,Epsilon_Greedy,epsilon=0.55,100,2.5315455607979302,0.2285037588788286,2.3030418019191017,2.760049319676759,5
scale_default,Epsilon_Greedy,epsilon=0.55,101,2.552608836709681,0.24093584022160341,2.3116729964880776,2.793544676931284,5
scale_default,Epsilon_Greedy,epsilon=0.55,102,2.56534243716075,0.23756764600460673,2.3277747911561435,2.8029100831653566,5
scale_default,Epsilon_Greedy,epsilon=0.55,103,2.569918543420393,0.23249138514546663,2.3374271582749264,2.8024099285658597,5
scale_default,Epsilon_Greedy,epsilon=0.55,104,2.587313502572992,0.2419164506677,2.3453970519052922,2.829229953240692,5
scale_default,Epsilon_Greedy,epsilon=0.55,105,2.5940006466201,0.2397124156429143,2.3542882309771858,2.8337130622630142,5
scale_default,Epsilon_Greedy,epsilon=0.55,106,2.6208375835958737,0.23505807841907714,2.3857795051767967,2.8558956620149507,5
scale_default,Epsilon_Greedy,epsilon=0.55,107,2.681217930559435,0.18991894330921597,2.491298987250219,2.871136873868651,5
scale_default,Epsilon_Greedy,epsilon=0.55,108,2.691060015408337,0.19385457880752685,2.4972054366008103,2.884914594215864,5
scale_default,Epsilon_Greedy,epsilon=0.55,109,2.715355923447597,0.17110519686604234,2.5442507265815544,2.886461120313639,5
scale_default,Epsilon_Greedy,epsilon=0.55,110,2.7874755620291705,0.21202732745224992,2.5754482345769207,2.99950288948142,5
scale_default,Epsilon_Greedy,epsilon=0.55,111,2.8065729803358055,0.20491504806959218,2.6016579322662134,3.0114880284053975,5
scale_default,Epsilon_Greedy,epsilon=0.55,112,2.8255407340823626,0.21577750199224363,2.609763232090119,3.041318236074606,5
scale_default,Epsilon_Greedy,epsilon=0.55,113,2.8281090728481297,0.21375821041999943,2.61435086242813,3.0418672832681293,5
scale_default,Epsilon_Greedy,epsilon=0.55,114,2.872204834160992,0.24888641512811868,2.623318419032873,3.1210912492891105,5
scale_default,Epsilon_Greedy,epsilon=0.55,115,2.879399301106435,0.252275757964857,2.627123543141578,3.1316750590712923,5
scale_default,Epsilon_Greedy,epsilon=0.55,116,2.8957629652329855,0.23833472310985807,2.6574282421231272,3.1340976883428437,5
scale_default,Epsilon_Greedy,epsilon=0.55,117,2.9216678841892665,0.22348112370914852,2.6981867604801177,3.1451490078984152,5
scale_default,Epsilon_Greedy,epsilon=0.55,118,2.9342761085054443,0.2269979457572942,2.70727816274815,3.1612740542627384,5
scale_default,Epsilon_Greedy,epsilon=0.55,119,2.9779455105330985,0.27769555657754086,2.7002499539555576,3.2556410671106395,5
scale_default,Epsilon_Greedy,epsilon=0.55,120,3.000932479653552,0.2598417154513824,2.74109076420217,3.2607741951049345,5
scale_default,Epsilon_Greedy,epsilon=0.55,121,3.021870773155093,0.24341688811985923,2.778453885035234,3.2652876612749524,5
scale_default,Epsilon_Greedy,epsilon=0.55,122,3.0551783152632295,0.2564481606049992,2.79873015465823,3.311626475868229,5
scale_default,Epsilon_Greedy,epsilon=0.55,123,3.0783253623883313,0.24020140436758722,2.838123958020744,3.3185267667559186,5
scale_default,Epsilon_Greedy,epsilon=0.55,124,3.088300574390847,0.2362915286518826,2.8520090457389644,3.32459210304273,5
scale_default,Epsilon_Greedy,epsilon=0.55,125,3.166514502472835,0.26086268048128586,2.9056518219915493,3.427377182954121,5
scale_default,Epsilon_Greedy,epsilon=0.55,126,3.2149845368939074,0.262838830051242,2.9521457068426655,3.4778233669451493,5
scale_default,Epsilon_Greedy,epsilon=0.55,127,3.2386803295663595,0.2503321561235608,2.9883481734427986,3.4890124856899205,5
scale_default,Epsilon_Greedy,epsilon=0.55,128,3.247770286364066,0.24976833823941386,2.998001948124652,3.4975386246034796,5
scale_default,Epsilon_Greedy,epsilon=0.55,129,3.2696019568248134,0.26275995868100255,3.006841998143811,3.532361915505816,5
scale_default,Epsilon_Greedy,epsilon=0.55,130,3.2775632508899193,0.265073032417315,3.012490218472604,3.5426362833072345,5
scale_default,Epsilon_Greedy,epsilon=0.55,131,3.2834596193379104,0.2686754795009542,3.0147841398369564,3.5521350988388645,5
scale_default,Epsilon_Greedy,epsilon=0.55,132,3.311938292993241,0.24748440217988069,3.0644538908133603,3.5594226951731214,5
scale_default,Epsilon_Greedy,epsilon=0.55,133,3.334286774201378,0.25139817910767515,3.082888595093703,3.5856849533090536,5
scale_default,Epsilon_Greedy,epsilon=0.55,134,3.3444923062486724,0.258770754154616,3.0857215520940566,3.6032630604032883,5
scale_default,Epsilon_Greedy,epsilon=0.55,135,3.390038596101222,0.2208795992509639,3.169158996850258,3.610918195352186,5
scale_default,Epsilon_Greedy,epsilon=0.55,136,3.402019051723502,0.2270537320214739,3.174965319702028,3.629072783744976,5
scale_default,Epsilon_Greedy,epsilon=0.55,137,3.414235961917958,0.23683826408923245,3.1773976978287255,3.6510742260071902,5
scale_default,Epsilon_Greedy,epsilon=0.55,138,3.456203581267043,0.17480456141562853,3.2813990198514142,3.6310081426826715,5
scale_default,Epsilon_Greedy,epsilon=0.55,139,3.4911433405140087,0.17362649869927593,3.317516841814733,3.6647698392132844,5
scale_default,Epsilon_Greedy,epsilon=0.55,140,3.5010141181893375,0.17555879239037506,3.3254553257989623,3.6765729105797127,5
scale_default,Epsilon_Greedy,epsilon=0.55,141,3.514015986601298,0.18259647350361918,3.331419513097679,3.6966124601049173,5
scale_default,Epsilon_Greedy,epsilon=0.55,142,3.542206421875806,0.19531836524733306,3.346888056628473,3.737524787123139,5
scale_default,Epsilon_Greedy,epsilon=0.55,143,3.5636717076022975,0.2169215405878103,3.3467501670144872,3.7805932481901077,5
scale_default,Epsilon_Greedy,epsilon=0.55,144,3.590762540912491,0.236130485935986,3.354632054976505,3.826893026848477,5
scale_default,Epsilon_Greedy,epsilon=0.55,145,3.6102161070137244,0.23893954240960286,3.3712765646041216,3.849155649423327,5
scale_default,Epsilon_Greedy,epsilon=0.55,146,3.662982954125538,0.24576831872082525,3.417214635404713,3.9087512728463634,5
scale_default,Epsilon_Greedy,epsilon=0.55,147,3.709595804013726,0.2603630836536667,3.4492327203600595,3.9699588876673926,5
scale_default,Epsilon_Greedy,epsilon=0.55,148,3.7212733228581802,0.2570175372925293,3.464255785565651,3.9782908601507097,5
scale_default,Epsilon_Greedy,epsilon=0.55,149,3.739301415234949,0.2626911368327952,3.4766102784021538,4.001992552067744,5
scale_default,Epsilon_Greedy,epsilon=0.55,150,3.793965593613205,0.21796328508492918,3.5760023085282757,4.011928878698134,5
scale_default,Epsilon_Greedy,epsilon=0.55,151,3.8455483870822027,0.21840118173464776,3.627147205347555,4.0639495688168505,5
scale_default,Epsilon_Greedy,epsilon=0.55,152,3.8922911512373446,0.24461505967355587,3.6476760915637887,4.1369062109109,5
scale_default,Epsilon_Greedy,epsilon=0.55,153,3.899298798797916,0.24176932662657757,3.6575294721713387,4.141068125424494,5
scale_default,Epsilon_Greedy,epsilon=0.55,154,3.9482106842730547,0.2824830916392469,3.6657275926338078,4.230693775912302,5
scale_default,Epsilon_Greedy,epsilon=0.55,155,4.001912317559122,0.30098312100826646,3.7009291965508555,4.302895438567388,5
scale_default,Epsilon_Greedy,epsilon=0.55,156,4.024842563486349,0.32390903183033265,3.700933531656016,4.348751595316681,5
scale_default,Epsilon_Greedy,epsilon=0.55,157,4.047060183433689,0.29196577769020365,3.755094405743485,4.339025961123893,5
scale_default,Epsilon_Greedy,epsilon=0.55,158,4.057328948390946,0.29497725887029075,3.7623516895206555,4.352306207261237,5
scale_default,Epsilon_Greedy,epsilon=0.55,159,4.074903885471363,0.2717427896396901,3.8031610958316726,4.346646675111053,5
scale_default,Epsilon_Greedy,epsilon=0.55,160,4.088698362734961,0.2853393519845086,3.8033590107504525,4.37403771471947,5
scale_default,Epsilon_Greedy,epsilon=0.55,161,4.09569051080135,0.2844218008663515,3.8112687099349984,4.380112311667702,5
scale_default,Epsilon_Greedy,epsilon=0.55,162,4.138226438132316,0.30957936833885097,3.828647069793465,4.447805806471167,5
scale_default,Epsilon_Greedy,epsilon=0.55,163,4.159053571944566,0.2967006088898245,3.8623529630547413,4.45575418083439,5
scale_default,Epsilon_Greedy,epsilon=0.55,164,4.166145597852227,0.29244418997350197,3.8737014078787246,4.458589787825728,5
scale_default,Epsilon_Greedy,epsilon=0.55,165,4.171393209144161,0.29441950015159923,3.8769737089925616,4.46581270929576,5
scale_default,Epsilon_Greedy,epsilon=0.55,166,4.1805664597896,0.2969893887462549,3.8835770710433453,4.477555848535855,5
scale_default,Epsilon_Greedy,epsilon=0.55,167,4.238450044775825,0.30935836554883855,3.9290916792269863,4.547808410324664,5
scale_default,Epsilon_Greedy,epsilon=0.55,168,4.265522960549075,0.3101352210513699,3.955387739497705,4.575658181600445,5
scale_default,Epsilon_Greedy,epsilon=0.55,169,4.2743709966848105,0.3067065765212867,3.9676644201635236,4.581077573206097,5
scale_default,Epsilon_Greedy,epsilon=0.55,170,4.292346318717987,0.3193843975454246,3.972961921172563,4.611730716263412,5
scale_default,Epsilon_Greedy,epsilon=0.55,171,4.337084623175046,0.37441774113642196,3.962666882038624,4.7115023643114675,5
scale_default,Epsilon_Greedy,epsilon=0.55,172,4.361643445847141,0.3894282994484755,3.972215146398666,4.751071745295617,5
scale_default,Epsilon_Greedy,epsilon=0.55,173,4.371926829609777,0.39036932213822073,3.981557507471556,4.762296151747997,5
scale_default,Epsilon_Greedy,epsilon=0.55,174,4.382157879605795,0.3900825456183622,3.9920753339874326,4.772240425224157,5
scale_default,Epsilon_Greedy,epsilon=0.55,175,4.3979352074816775,0.3830214939551769,4.014913713526501,4.780956701436854,5
scale_default,Epsilon_Greedy,epsilon=0.55,176,4.414645230543578,0.3790055814361916,4.035639649107386,4.79365081197977,5
scale_default,Epsilon_Greedy,epsilon=0.55,177,4.427863023078973,0.3848283070665388,4.043034716012434,4.812691330145512,5
scale_default,Epsilon_Greedy,epsilon=0.55,178,4.4518961530397085,0.395711896914294,4.056184256125414,4.847608049954003,5
scale_default,Epsilon_Greedy,epsilon=0.55,179,4.463503293307515,0.40111052358690524,4.06239276972061,4.864613816894421,5
scale_default,Epsilon_Greedy,epsilon=0.55,180,4.484201534762216,0.40503441729192896,4.079167117470288,4.889235952054145,5
scale_default,Epsilon_Greedy,epsilon=0.55,181,4.522939111002998,0.4589098713055939,4.064029239697404,4.981848982308592,5
scale_default,Epsilon_Greedy,epsilon=0.55,182,4.5263827810163395,0.4583669207702078,4.068015860246132,4.984749701786547,5
scale_default,Epsilon_Greedy,epsilon=0.55,183,4.5735504859848115,0.5037695473232049,4.069780938661607,5.077320033308016,5
scale_default,Epsilon_Greedy,epsilon=0.55,184,4.610745458250435,0.504144446619642,4.106601011630793,5.114889904870076,5
scale_default,Epsilon_Greedy,epsilon=0.55,185,4.644802770555177,0.4790960865010769,4.165706684054101,5.123898857056254,5
scale_default,Epsilon_Greedy,epsilon=0.55,186,4.653127894130667,0.4777167980327892,4.175411096097878,5.130844692163456,5
scale_default,Epsilon_Greedy,epsilon=0.55,187,4.661775589793089,0.4852945166746643,4.176481073118424,5.147070106467753,5
scale_default,Epsilon_Greedy,epsilon=0.55,188,4.679105458766445,0.5013318578928537,4.177773600873591,5.180437316659299,5
scale_default,Epsilon_Greedy,epsilon=0.55,189,4.6926759722662075,0.5111241235065801,4.181551848759628,5.203800095772787,5
scale_default,Epsilon_Greedy,epsilon=0.55,190,4.708849279925068,0.5189782739461245,4.189871005978944,5.227827553871192,5
scale_default,Epsilon_Greedy,epsilon=0.55,191,4.753449128669094,0.511816331490607,4.241632797178487,5.265265460159701,5
scale_default,Epsilon_Greedy,epsilon=0.55,192,4.7840954409094545,0.5224503846203475,4.261645056289107,5.306545825529802,5
scale_default,Epsilon_Greedy,epsilon=0.55,193,4.8061126471107665,0.5076702038869387,4.298442443223828,5.313782850997705,5
scale_default,Epsilon_Greedy,epsilon=0.55,194,4.808338483956651,0.508864741893068,4.299473742063583,5.317203225849719,5
scale_default,Epsilon_Greedy,epsilon=0.55,195,4.8371269969273785,0.509354619830776,4.327772377096602,5.346481616758155,5
scale_default,Epsilon_Greedy,epsilon=0.55,196,4.854363440277163,0.5236100795513153,4.330753360725848,5.377973519828479,5
scale_default,Epsilon_Greedy,epsilon=0.55,197,4.862997588583646,0.5238976773644367,4.3390999112192095,5.386895265948082,5
scale_default,Epsilon_Greedy,epsilon=0.55,198,4.868095158692971,0.5175945164510871,4.350500642241884,5.385689675144058,5
scale_default,Epsilon_Greedy,epsilon=0.55,199,4.889940673589073,0.5265346045565833,4.363406069032489,5.416475278145656,5
scale_default,Epsilon_Greedy,epsilon=0.55,200,5.073495417593179,0.42901071936717977,4.644484698225999,5.502506136960359,5
scale_default,Epsilon_Greedy,epsilon=0.55,201,5.188698092025289,0.4382385858592195,4.75045950616607,5.626936677884508,5
scale_default,Epsilon_Greedy,epsilon=0.55,202,5.361965904751993,0.46432522881098504,4.897640675941008,5.826291133562978,5
scale_default,Epsilon_Greedy,epsilon=0.55,203,5.4916608786057095,0.4354679781443976,5.056192900461312,5.927128856750107,5
scale_default,Epsilon_Greedy,epsilon=0.55,204,5.729152728001527,0.5356328036907279,5.193519924310799,6.2647855316922545,5
scale_default,Epsilon_Greedy,epsilon=0.55,205,5.847975863734922,0.5564772179907015,5.291498645744221,6.404453081725623,5
scale_default,Epsilon_Greedy,epsilon=0.55,206,6.090936436755401,0.48053587631412126,5.610400560441279,6.571472313069522,5
scale_default,Epsilon_Greedy,epsilon=0.55,207,6.350284195142953,0.4325089935195907,5.917775201623362,6.782793188662543,5
scale_default,Epsilon_Greedy,epsilon=0.55,208,6.645111070260862,0.5997435722274241,6.045367498033438,7.244854642488286,5
scale_default,Epsilon_Greedy,epsilon=0.55,209,6.80441990924632,0.5957860370021771,6.208633872244143,7.400205946248497,5
scale_default,Epsilon_Greedy,epsilon=0.55,210,6.953504229238527,0.648081917080918,6.305422312157609,7.601586146319446,5
scale_default,Epsilon_Greedy,epsilon=0.55,211,7.181380960436741,0.653882949830216,6.527498010606525,7.835263910266956,5
scale_default,Epsilon_Greedy,epsilon=0.55,212,7.432888726217868,0.6131890019723695,6.819699724245499,8.046077728190237,5
scale_default,Epsilon_Greedy,epsilon=0.55,213,7.554214811848046,0.6948222064140183,6.859392605434027,8.249037018262063,5
scale_default,Epsilon_Greedy,epsilon=0.55,214,7.752530129165322,0.8303977753726254,6.922132353792697,8.582927904537948,5
scale_default,Epsilon_Greedy,epsilon=0.55,215,7.892223788557106,0.9218880595904507,6.970335728966655,8.814111848147556,5
scale_default,Epsilon_Greedy,epsilon=0.55,216,8.048485509161377,1.0440617355644455,7.0044237735969315,9.092547244725823,5
scale_default,Epsilon_Greedy,epsilon=0.55,217,8.241339379862424,1.0107051668604379,7.230634213001986,9.252044546722862,5
scale_default,Epsilon_Greedy,epsilon=0.55,218,8.341987466458916,1.051332077447747,7.290655389011168,9.393319543906662,5
scale_default,Epsilon_Greedy,epsilon=0.55,219,8.535727421746046,1.0570322319142136,7.478695189831832,9.59275965366026,5
scale_default,Epsilon_Greedy,epsilon=0.55,220,8.70915829655205,1.0042364927642233,7.704921803787828,9.713394789316274,5
scale_default,Epsilon_Greedy,epsilon=0.55,221,8.94309668336533,0.9319594416577739,8.011137241707555,9.875056125023104,5
scale_default,Epsilon_Greedy,epsilon=0.55,222,9.027023482781582,0.9230530630150089,8.103970419766572,9.950076545796591,5
scale_default,Epsilon_Greedy,epsilon=0.55,223,9.226686299886385,0.9068193696814888,8.319866930204896,10.133505669567874,5
scale_default,Epsilon_Greedy,epsilon=0.55,224,9.306035812411686,0.9057175704011233,8.400318242010563,10.211753382812809,5
scale_default,Epsilon_Greedy,epsilon=0.55,225,9.52595331871174,0.7693494406089478,8.75660387810279,10.295302759320688,5
scale_default,Epsilon_Greedy,epsilon=0.55,226,9.630968064894045,0.7944973852803524,8.836470679613692,10.425465450174398,5
scale_default,Epsilon_Greedy,epsilon=0.55,227,9.778087836644895,0.752657972736724,9.02542986390817,10.530745809381619,5
scale_default,Epsilon_Greedy,epsilon=0.55,228,9.933402529129669,0.7949056091977877,9.138496919931882,10.728308138327456,5
scale_default,Epsilon_Greedy,epsilon=0.55,229,10.029335470528519,0.724536119725735,9.304799350802783,10.753871590254255,5
scale_default,Epsilon_Greedy,epsilon=0.55,230,10.250691951603862,0.8658025717050516,9.38488937989881,11.116494523308914,5
scale_default,Epsilon_Greedy,epsilon=0.55,231,10.503203025386105,0.8449929999575834,9.658210025428522,11.348196025343688,5
scale_default,Epsilon_Greedy,epsilon=0.55,232,10.680509582654409,0.7808280480082667,9.899681534646142,11.461337630662676,5
scale_default,Epsilon_Greedy,epsilon=0.55,233,10.905522406262666,0.7243275788836132,10.181194827379052,11.62984998514628,5
scale_default,Epsilon_Greedy,epsilon=0.55,234,11.02042580388285,0.7153390239917712,10.305086779891079,11.73576482787462,5
scale_default,Epsilon_Greedy,epsilon=0.55,235,11.216446143936233,0.7309915301030697,10.485454613833163,11.947437674039303,5
scale_default,Epsilon_Greedy,epsilon=0.55,236,11.369915729471439,0.7851612238329557,10.584754505638482,12.155076953304395,5
scale_default,Epsilon_Greedy,epsilon=0.55,237,11.449764960011967,0.7979661468114503,10.651798813200516,12.247731106823418,5
scale_default,Epsilon_Greedy,epsilon=0.55,238,11.678212858038012,0.8976282887469821,10.78058456929103,12.575841146784995,5
scale_default,Epsilon_Greedy,epsilon=0.55,239,11.8424696932394,0.9719742288633909,10.870495464376008,12.814443922102791,5
scale_default,Epsilon_Greedy,epsilon=0.55,240,12.0518481741796,1.0568283766649527,10.995019797514647,13.108676550844553,5
scale_default,Epsilon_Greedy,epsilon=0.55,241,12.178128250277611,1.112348176519861,11.06578007375775,13.290476426797472,5
scale_default,Epsilon_Greedy,epsilon=0.55,242,12.269906046066584,1.0727622594302073,11.197143786636376,13.342668305496792,5
scale_default,Epsilon_Greedy,epsilon=0.55,243,12.54343746402941,1.1922833965785447,11.351154067450866,13.735720860607953,5
scale_default,Epsilon_Greedy,epsilon=0.55,244,12.728918437738837,1.1224316667528667,11.60648677098597,13.851350104491704,5
scale_default,Epsilon_Greedy,epsilon=0.55,245,12.844316669659381,1.1191285089735408,11.72518816068584,13.963445178632922,5
scale_default,Epsilon_Greedy,epsilon=0.55,246,12.981345014506815,1.0545264769127511,11.926818537594063,14.035871491419567,5
scale_default,Epsilon_Greedy,epsilon=0.55,247,13.228887023974119,1.2293494151844984,11.99953760878962,14.458236439158618,5
scale_default,Epsilon_Greedy,epsilon=0.55,248,13.402942697321583,1.2479312790385155,12.155011418283067,14.6508739763601,5
scale_default,Epsilon_Greedy,epsilon=0.55,249,13.639663351947267,1.2937062370712822,12.345957114875985,14.933369589018548,5
scale_default,Epsilon_Greedy,epsilon=0.55,250,13.769881165886616,1.2034026983703838,12.566478467516232,14.973283864257,5
scale_default,Epsilon_Greedy,epsilon=0.55,251,13.9678954339635,1.0715843783561427,12.896311055607358,15.039479812319643,5
scale_default,Epsilon_Greedy,epsilon=0.55,252,14.106519780503948,0.9422031354676141,13.164316645036333,15.048722915971563,5
scale_default,Epsilon_Greedy,epsilon=0.55,253,14.234802673998564,0.9251769721074129,13.30962570189115,15.159979646105977,5
scale_default,Epsilon_Greedy,epsilon=0.55,254,14.365387883962995,0.9565990191335655,13.40878886482943,15.32198690309656,5
scale_default,Epsilon_Greedy,epsilon=0.55,255,14.715545798896098,1.0614218480213742,13.654123950874723,15.776967646917473,5
scale_default,Epsilon_Greedy,epsilon=0.55,256,14.850170591377303,1.0406310596686577,13.809539531708646,15.89080165104596,5
scale_default,Epsilon_Greedy,epsilon=0.55,257,15.180827418976332,1.0479402033316918,14.13288721564464,16.228767622308023,5
scale_default,Epsilon_Greedy,epsilon=0.55,258,15.293809824706397,1.0969524827924586,14.196857341913939,16.390762307498857,5
scale_default,Epsilon_Greedy,epsilon=0.55,259,15.437503800059286,1.1047260172062394,14.332777782853046,16.542229817265525,5
scale_default,Epsilon_Greedy,epsilon=0.55,260,15.649786055993687,1.0758200842295111,14.573965971764176,16.7256061402232,5
scale_default,Epsilon_Greedy,epsilon=0.55,261,15.88999321514431,1.019277530979237,14.870715684165074,16.909270746123546,5
scale_default,Epsilon_Greedy,epsilon=0.55,262,15.955836582052928,0.9884193424947689,14.96741723955816,16.944255924547697,5
scale_default,Epsilon_Greedy,epsilon=0.55,263,16.088479088454413,1.0217580838220421,15.06672100463237,17.110237172276456,5
scale_default,Epsilon_Greedy,epsilon=0.55,264,16.26148417537737,1.0809263159394638,15.180557859437904,17.342410491316834,5
scale_default,Epsilon_Greedy,epsilon=0.55,265,16.386541968288906,1.1598431401485974,15.226698828140309,17.546385108437505,5
scale_default,Epsilon_Greedy,epsilon=0.55,266,16.575738223116723,1.2116873076966317,15.36405091542009,17.787425530813355,5
scale_default,Epsilon_Greedy,epsilon=0.55,267,16.68874813464513,1.1505085598841693,15.538239574760961,17.8392566945293,5
scale_default,Epsilon_Greedy,epsilon=0.55,268,16.856595049704897,1.1023017724319644,15.754293277272932,17.95889682213686,5
scale_default,Epsilon_Greedy,epsilon=0.55,269,17.078878303717126,1.022214156062004,16.056664147655123,18.101092459779128,5
scale_default,Epsilon_Greedy,epsilon=0.55,270,17.177528545312793,1.0246888415916924,16.1528397037211,18.202217386904486,5
scale_default,Epsilon_Greedy,epsilon=0.55,271,17.34188998116162,1.0778728484655211,16.2640171326961,18.419762829627143,5
scale_default,Epsilon_Greedy,epsilon=0.55,272,17.561053195727748,1.0719283290385355,16.489124866689213,18.632981524766283,5
scale_default,Epsilon_Greedy,epsilon=0.55,273,17.795933826829696,1.0206266182836925,16.775307208546003,18.81656044511339,5
scale_default,Epsilon_Greedy,epsilon=0.55,274,17.93529611420029,1.0772449735426093,16.858051140657683,19.0125410877429,5
scale_default,Epsilon_Greedy,epsilon=0.55,275,18.160517690033895,1.1334554701834632,17.027062219850432,19.29397316021736,5
scale_default,Epsilon_Greedy,epsilon=0.55,276,18.308663661399905,1.189672699922397,17.118990961477508,19.498336361322302,5
scale_default,Epsilon_Greedy,epsilon=0.55,277,18.49408988079511,1.2982514003793213,17.195838480415787,19.79234128117443,5
scale_default,Epsilon_Greedy,epsilon=0.55,278,18.581366929849708,1.3388707937114699,17.242496136138236,19.92023772356118,5
scale_default,Epsilon_Greedy,epsilon=0.55,279,18.7774510914819,1.4231076669675538,17.354343424514347,20.200558758449453,5
scale_default,Epsilon_Greedy,epsilon=0.55,280,19.12362566178769,1.4171066335601976,17.70651902822749,20.540732295347887,5
scale_default,Epsilon_Greedy,epsilon=0.55,281,19.260411096875465,1.43650941308325,17.823901683792215,20.696920509958716,5
scale_default,Epsilon_Greedy,epsilon=0.55,282,19.43991308445498,1.5538799956583065,17.886033088796673,20.993793080113285,5
scale_default,Epsilon_Greedy,epsilon=0.55,283,19.581654312364993,1.5205129434187712,18.06114136894622,21.102167255783765,5
scale_default,Epsilon_Greedy,epsilon=0.55,284,19.728722985883916,1.5546517214852331,18.174071264398684,21.28337470736915,5
scale_default,Epsilon_Greedy,epsilon=0.55,285,19.815044333643364,1.6055283466913386,18.209515986952024,21.420572680334704,5
scale_default,Epsilon_Greedy,epsilon=0.55,286,20.008058277310035,1.55404023224241,18.454018045067624,21.562098509552445,5
scale_default,Epsilon_Greedy,epsilon=0.55,287,20.13404417851736,1.4894591741452896,18.644585004372072,21.62350335266265,5
scale_default,Epsilon_Greedy,epsilon=0.55,288,20.465736048764704,1.4702652551299786,18.995470793634727,21.93600130389468,5
scale_default,Epsilon_Greedy,epsilon=0.55,289,20.569469063755925,1.560617814360242,19.008851249395683,22.130086878116167,5
scale_default,Epsilon_Greedy,epsilon=0.55,290,20.89572636535548,1.5052941331489778,19.3904322322065,22.401020498504458,5
scale_default,Epsilon_Greedy,epsilon=0.55,291,21.04955084556144,1.5004834013000916,19.54906744426135,22.550034246861532,5
scale_default,Epsilon_Greedy,epsilon=0.55,292,21.128544993221034,1.5181532267702769,19.610391766450757,22.64669821999131,5
scale_default,Epsilon_Greedy,epsilon=0.55,293,21.162879372278994,1.5254857994106863,19.63739357286831,22.68836517168968,5
scale_default,Epsilon_Greedy,epsilon=0.55,294,21.303024753931933,1.5380155780223554,19.765009175909576,22.84104033195429,5
scale_default,Epsilon_Greedy,epsilon=0.55,295,21.504503025177378,1.4226361061171573,20.08186691906022,22.927139131294535,5
scale_default,Epsilon_Greedy,epsilon=0.55,296,21.650945627829447,1.4545421482269048,20.19640347960254,23.105487776056354,5
scale_default,Epsilon_Greedy,epsilon=0.55,297,21.844782936040684,1.4816259799252114,20.36315695611547,23.326408915965896,5
scale_default,Epsilon_Greedy,epsilon=0.55,298,22.021651424312036,1.4686367790723922,20.553014645239646,23.490288203384427,5
scale_default,Epsilon_Greedy,epsilon=0.55,299,22.189899827021744,1.5749743711754607,20.614925455846283,23.764874198197205,5
scale_default,Epsilon_Greedy,epsilon=0.55,300,22.410665831868975,1.5318740252417045,20.87879180662727,23.94253985711068,5
scale_default,Epsilon_Greedy,epsilon=0.55,301,22.63645488303056,1.5389498134992443,21.097505069531316,24.175404696529803,5
scale_default,Epsilon_Greedy,epsilon=0.55,302,22.814400950494836,1.51064384948559,21.303757101009246,24.325044799980425,5
scale_default,Epsilon_Greedy,epsilon=0.55,303,22.997912404654908,1.521681333939845,21.476231070715063,24.519593738594754,5
scale_default,Epsilon_Greedy,epsilon=0.55,304,23.273469082844187,1.5721476864784019,21.701321396365785,24.84561676932259,5
scale_default,Epsilon_Greedy,epsilon=0.55,305,23.40986329461459,1.5678946561080467,21.841968638506543,24.977757950722633,5
scale_default,Epsilon_Greedy,epsilon=0.55,306,23.675446142796957,1.7001401559666656,21.975305986830293,25.375586298763622,5
scale_default,Epsilon_Greedy,epsilon=0.55,307,23.82478052645947,1.6345749275845223,22.190205598874947,25.459355454043994,5
scale_default,Epsilon_Greedy,epsilon=0.55,308,24.005074284353782,1.6875521002482414,22.317522184105542,25.692626384602022,5
scale_default,Epsilon_Greedy,epsilon=0.55,309,24.153481339147344,1.7051060525589217,22.448375286588423,25.858587391706266,5
scale_default,Epsilon_Greedy,epsilon=0.55,310,24.29641203904763,1.6954353530095565,22.600976686038074,25.99184739205719,5
scale_default,Epsilon_Greedy,epsilon=0.55,311,24.44570796999928,1.659556275331699,22.78615169466758,26.10526424533098,5
scale_default,Epsilon_Greedy,epsilon=0.55,312,24.654439122944165,1.6978568327276797,22.956582290216485,26.352295955671845,5
scale_default,Epsilon_Greedy,epsilon=0.55,313,24.815079016246578,1.73115140765577,23.08392760859081,26.546230423902347,5
scale_default,Epsilon_Greedy,epsilon=0.55,314,24.942186582106178,1.7585950062674882,23.18359157583869,26.700781588373665,5
scale_default,Epsilon_Greedy,epsilon=0.55,315,25.11480210301885,1.6988024592931232,23.415999643725726,26.813604562311973,5
scale_default,Epsilon_Greedy,epsilon=0.55,316,25.34935245193739,1.7549165318537132,23.594435920083676,27.1042689837911,5
scale_default,Epsilon_Greedy,epsilon=0.55,317,25.605198229892302,1.8065204802531332,23.798677749639168,27.411718710145436,5
scale_default,Epsilon_Greedy,epsilon=0.55,318,25.72134011300301,1.7413921264686045,23.979947986534405,27.462732239471613,5
scale_default,Epsilon_Greedy,epsilon=0.55,319,25.88949758207612,1.6890170952844101,24.20048048679171,27.57851467736053,5
scale_default,Epsilon_Greedy,epsilon=0.55,320,26.043760073081945,1.7109718893331856,24.33278818374876,27.75473196241513,5
scale_default,Epsilon_Greedy,epsilon=0.55,321,26.207964362982615,1.6674944556262061,24.54046990735641,27.87545881860882,5
scale_default,Epsilon_Greedy,epsilon=0.55,322,26.438212206335304,1.7219557258426603,24.716256480492643,28.160167932177966,5
scale_default,Epsilon_Greedy,epsilon=0.55,323,26.563603313020188,1.6995625049663217,24.864040808053865,28.26316581798651,5
scale_default,Epsilon_Greedy,epsilon=0.55,324,26.75588278063797,1.7899925848308065,24.965890195807166,28.545875365468778,5
scale_default,Epsilon_Greedy,epsilon=0.55,325,27.14634580000803,1.873150811450715,25.273194988557318,29.019496611458745,5
scale_default,Epsilon_Greedy,epsilon=0.55,326,27.369577732152987,1.9178659777197336,25.451711754433255,29.28744370987272,5
scale_default,Epsilon_Greedy,epsilon=0.55,327,27.486815304994753,1.8871171102835453,25.59969819471121,29.373932415278297,5
scale_default,Epsilon_Greedy,epsilon=0.55,328,27.587123902278428,1.9168651971620694,25.67025870511636,29.503989099440496,5
scale_default,Epsilon_Greedy,epsilon=0.55,329,27.860614050299084,1.8796569585228777,25.980957091776204,29.740271008821964,5
scale_default,Epsilon_Greedy,epsilon=0.55,330,28.081433039191076,1.924506655567915,26.156926383623162,30.00593969475899,5
scale_default,Epsilon_Greedy,epsilon=0.55,331,28.15863589051054,1.8997557354333405,26.258880155077197,30.05839162594388,5
scale_default,Epsilon_Greedy,epsilon=0.55,332,28.432417790330412,1.7865787072240935,26.645839083106317,30.218996497554507,5
scale_default,Epsilon_Greedy,epsilon=0.55,333,28.695574127424038,1.7230698311842925,26.972504296239745,30.41864395860833,5
scale_default,Epsilon_Greedy,epsilon=0.55,334,28.832725445689533,1.7004720585008322,27.1322533871887,30.533197504190365,5
scale_default,Epsilon_Greedy,epsilon=0.55,335,28.96714815071753,1.7050917420591094,27.26205640865842,30.67223989277664,5
scale_default,Epsilon_Greedy,epsilon=0.55,336,29.117247223846242,1.777427417670808,27.339819806175434,30.89467464151705,5
scale_default,Epsilon_Greedy,epsilon=0.55,337,29.347373747609367,1.731825060185598,27.615548687423768,31.079198807794967,5
scale_default,Epsilon_Greedy,epsilon=0.55,338,29.50024852832006,1.7139569169626865,27.786291611357374,31.214205445282747,5
scale_default,Epsilon_Greedy,epsilon=0.55,339,29.632210111595203,1.6476781670167073,27.984531944578496,31.27988827861191,5
scale_default,Epsilon_Greedy,epsilon=0.55,340,29.706147961685605,1.678253788317476,28.02789417336813,31.384401750003082,5
scale_default,Epsilon_Greedy,epsilon=0.55,341,29.943365149410273,1.7680869197626075,28.175278229647667,31.71145206917288,5
scale_default,Epsilon_Greedy,epsilon=0.55,342,30.21317909066895,1.722718778647893,28.49046031202106,31.935897869316843,5
scale_default,Epsilon_Greedy,epsilon=0.55,343,30.3374414281055,1.7721472832496594,28.56529414485584,32.10958871135516,5
scale_default,Epsilon_Greedy,epsilon=0.55,344,30.411764148242515,1.8062073603704072,28.605556787872107,32.21797150861292,5
scale_default,Epsilon_Greedy,epsilon=0.55,345,30.558175531888146,1.7865177284791882,28.771657803408957,32.344693260367336,5
scale_default,Epsilon_Greedy,epsilon=0.55,346,30.696400680596536,1.8634521071585566,28.832948573437978,32.55985278775509,5
scale_default,Epsilon_Greedy,epsilon=0.55,347,30.8762284190472,1.9242437922358109,28.95198462681139,32.800472211283015,5
scale_default,Epsilon_Greedy,epsilon=0.55,348,31.15877209613104,2.040495843971244,29.1182762521598,33.19926794010229,5
scale_default,Epsilon_Greedy,epsilon=0.55,349,31.329869650057457,1.9180687186132397,29.41180093144422,33.247938368670695,5
scale_default,Epsilon_Greedy,epsilon=0.55,350,31.44887747162438,1.9673163595560559,29.481561112068327,33.416193831180436,5
scale_default,Epsilon_Greedy,epsilon=0.55,351,31.542993010064315,1.9069068097170976,29.63608620034722,33.449899819781415,5
scale_default,Epsilon_Greedy,epsilon=0.55,352,31.618285479992817,2.0140705385425566,29.60421494145026,33.632356018535376,5
scale_default,Epsilon_Greedy,epsilon=0.55,353,31.805151693757285,1.8211522983746389,29.983999395382646,33.62630399213192,5
scale_default,Epsilon_Greedy,epsilon=0.55,354,32.00973330531392,1.8570320572835375,30.152701248030386,33.86676536259746,5
scale_default,Epsilon_Greedy,epsilon=0.55,355,32.13013978152726,1.9497461992419551,30.18039358228531,34.07988598076922,5
scale_default,Epsilon_Greedy,epsilon=0.55,356,32.36594095032143,1.7869506569968918,30.578990293324537,34.152891607318324,5
scale_default,Epsilon_Greedy,epsilon=0.55,357,32.47772015286792,1.7517836873090848,30.72593646555883,34.229503840177,5
scale_default,Epsilon_Greedy,epsilon=0.55,358,32.64676746209096,1.7805684493429634,30.866199012747998,34.42733591143393,5
scale_default,Epsilon_Greedy,epsilon=0.55,359,32.792470439939336,1.8090680846590683,30.98340235528027,34.6015385245984,5
scale_default,Epsilon_Greedy,epsilon=0.55,360,33.07206136617531,2.07309805825204,30.998963307923272,35.145159424427355,5
scale_default,Epsilon_Greedy,epsilon=0.55,361,33.179057031684316,2.0868586565113234,31.09219837517299,35.26591568819564,5
scale_default,Epsilon_Greedy,epsilon=0.55,362,33.30744488523808,2.1329141277768113,31.174530757461266,35.44035901301489,5
scale_default,Epsilon_Greedy,epsilon=0.55,363,33.61807701530254,2.1937256132788634,31.424351402023674,35.811802628581404,5
scale_default,Epsilon_Greedy,epsilon=0.55,364,33.88028851754441,2.2402263879050137,31.640062129639393,36.12051490544942,5
scale_default,Epsilon_Greedy,epsilon=0.55,365,34.09104694133826,2.271653690924694,31.81939325041357,36.36270063226296,5
scale_default,Epsilon_Greedy,epsilon=0.55,366,34.2172247706151,2.2432653631831907,31.973959407431906,36.46049013379829,5
scale_default,Epsilon_Greedy,epsilon=0.55,367,34.41090237041597,2.2571797514532133,32.15372261896275,36.66808212186918,5
scale_default,Epsilon_Greedy,epsilon=0.55,368,34.6891938206403,2.2336322537664928,32.455561566873804,36.92282607440679,5
scale_default,Epsilon_Greedy,epsilon=0.55,369,34.939137360127425,2.1940868819435715,32.745050478183856,37.133224242070995,5
scale_default,Epsilon_Greedy,epsilon=0.55,370,35.00362537449398,2.22632400532009,32.77730136917389,37.229949379814066,5
scale_default,Epsilon_Greedy,epsilon=0.55,371,35.30848867648582,2.2017352705290176,33.1067534059568,37.51022394701484,5
scale_default,Epsilon_Greedy,epsilon=0.55,372,35.42783509878955,2.180712417592922,33.24712268119663,37.60854751638247,5
scale_default,Epsilon_Greedy,epsilon=0.55,373,35.64021853958565,2.290929463678644,33.34928907590701,37.9311480032643,5
scale_default,Epsilon_Greedy,epsilon=0.55,374,35.79787394957435,2.2295745568697503,33.5682993927046,38.0274485064441,5
scale_default,Epsilon_Greedy,epsilon=0.55,375,36.036039278185214,2.1847621309883123,33.8512771471969,38.220801409173525,5
scale_default,Epsilon_Greedy,epsilon=0.55,376,36.13863981581043,2.1102492681879146,34.028390547622514,38.24888908399834,5
scale_default,Epsilon_Greedy,epsilon=0.55,377,36.30958139797967,2.092673455345592,34.21690794263408,38.40225485332526,5
scale_default,Epsilon_Greedy,epsilon=0.55,378,36.45917075264914,2.0915659895569987,34.367604763092146,38.55073674220614,5
scale_default,Epsilon_Greedy,epsilon=0.55,379,36.73045457595485,2.0476980938904563,34.6827564820644,38.778152669845305,5
scale_default,Epsilon_Greedy,epsilon=0.55,380,36.84431579545683,2.0531739102081676,34.79114188524866,38.897489705664995,5
scale_default,Epsilon_Greedy,epsilon=0.55,381,36.99233870458005,2.072037704681394,34.92030099989866,39.06437640926144,5
scale_default,Epsilon_Greedy,epsilon=0.55,382,37.10153741929056,2.1291789005376494,34.97235851875291,39.230716319828204,5
scale_default,Epsilon_Greedy,epsilon=0.55,383,37.37119200136769,2.3206585985978823,35.05053340276981,39.69185059996557,5
scale_default,Epsilon_Greedy,epsilon=0.55,384,37.46684818010601,2.2698927809320453,35.196955399173966,39.73674096103806,5
scale_default,Epsilon_Greedy,epsilon=0.55,385,37.61802956645296,2.296399077869016,35.32163048858394,39.91442864432198,5
scale_default,Epsilon_Greedy,epsilon=0.55,386,37.64892131902887,2.3175215742711113,35.33139974475776,39.966442893299984,5
scale_default,Epsilon_Greedy,epsilon=0.55,387,37.786114373924654,2.240358043957688,35.54575632996696,40.026472417882346,5
scale_default,Epsilon_Greedy,epsilon=0.55,388,38.02104110205654,2.1737580527996796,35.847283049256866,40.19479915485622,5
scale_default,Epsilon_Greedy,epsilon=0.55,389,38.286866292663355,2.0334259725021897,36.25344032016117,40.32029226516554,5
scale_default,Epsilon_Greedy,epsilon=0.55,390,38.40596779946438,2.127522373413481,36.278445426050894,40.53349017287786,5
scale_default,Epsilon_Greedy,epsilon=0.55,391,38.70024256904064,2.0138516248116485,36.68639094422899,40.71409419385229,5
scale_default,Epsilon_Greedy,epsilon=0.55,392,38.92296220046046,2.0946661835083695,36.828296016952095,41.01762838396883,5
scale_default,Epsilon_Greedy,epsilon=0.55,393,39.18647097028356,2.13190549783444,37.05456547244912,41.318376468118,5
scale_default,Epsilon_Greedy,epsilon=0.55,394,39.50408799008433,2.066389551307518,37.43769843877681,41.570477541391845,5
scale_default,Epsilon_Greedy,epsilon=0.55,395,39.61018268179421,2.063365776789013,37.546816905005194,41.67354845858322,5
scale_default,Epsilon_Greedy,epsilon=0.55,396,39.72637684189039,2.095131640050962,37.631245201839434,41.82150848194135,5
scale_default,Epsilon_Greedy,epsilon=0.55,397,39.9210726129617,2.2032554335841854,37.71781717937752,42.124328046545884,5
scale_default,Epsilon_Greedy,epsilon=0.55,398,40.10911724550229,2.189959119250158,37.91915812625213,42.29907636475245,5
scale_default,Epsilon_Greedy,epsilon=0.55,399,40.30181440195789,2.158969316827961,38.14284508512993,42.460783718785855,5
scale_default,Epsilon_Greedy,epsilon=0.55,400,40.52643914869823,2.233373125701802,38.29306602299643,42.75981227440003,5
scale_default,Epsilon_Greedy,epsilon=0.55,401,40.80663485813796,2.255570085483956,38.55106477265401,43.062204943621914,5
scale_default,Epsilon_Greedy,epsilon=0.55,402,41.011125878752104,2.145981171038916,38.865144707713185,43.15710704979102,5
scale_default,Epsilon_Greedy,epsilon=0.55,403,41.21174605614887,2.1109919925776186,39.10075406357125,43.322738048726485,5
scale_default,Epsilon_Greedy,epsilon=0.55,404,41.33643823324731,2.131584212962051,39.204854020285254,43.46802244620936,5
scale_default,Epsilon_Greedy,epsilon=0.55,405,41.54701697644362,2.0446338050342203,39.5023831714094,43.591650781477846,5
scale_default,Epsilon_Greedy,epsilon=0.55,406,41.680500276034444,2.150191582419967,39.53030869361448,43.83069185845441,5
scale_default,Epsilon_Greedy,epsilon=0.55,407,41.998410607151854,2.0488267396263606,39.94958386752549,44.04723734677822,5
scale_default,Epsilon_Greedy,epsilon=0.55,408,42.125520126242236,2.0545073868888006,40.071012739353435,44.18002751313104,5
scale_default,Epsilon_Greedy,epsilon=0.55,409,42.18499117260883,2.1095408768004758,40.07545029580836,44.294532049409305,5
scale_default,Epsilon_Greedy,epsilon=0.55,410,42.463198910655464,2.0954065661890047,40.36779234446646,44.55860547684447,5
scale_default,Epsilon_Greedy,epsilon=0.55,411,42.58555744613632,2.089635824194018,40.4959216219423,44.67519327033034,5
scale_default,Epsilon_Greedy,epsilon=0.55,412,42.71300785963554,2.0509937942566423,40.6620140653789,44.76400165389218,5
scale_default,Epsilon_Greedy,epsilon=0.55,413,42.89009441368576,2.05168335835179,40.83841105533397,44.94177777203755,5
scale_default,Epsilon_Greedy,epsilon=0.55,414,43.010820851315984,2.088135426816007,40.922685424499974,45.09895627813199,5
scale_default,Epsilon_Greedy,epsilon=0.55,415,43.21621140428711,2.098287468934335,41.11792393535277,45.314498873221446,5
scale_default,Epsilon_Greedy,epsilon=0.55,416,43.46218264462301,2.0610166666041247,41.40116597801889,45.52319931122714,5
scale_default,Epsilon_Greedy,epsilon=0.55,417,43.62055922931994,2.137756124566159,41.48280310475378,45.7583153538861,5
scale_default,Epsilon_Greedy,epsilon=0.55,418,43.924077816430795,2.1337327889156246,41.79034502751517,46.05781060534642,5
scale_default,Epsilon_Greedy,epsilon=0.55,419,44.05194372450957,2.265365996211015,41.78657772829855,46.31730972072059,5
scale_default,Epsilon_Greedy,epsilon=0.55,420,44.25320089666703,2.312714019591665,41.940486877075365,46.5659149162587,5
scale_default,Epsilon_Greedy,epsilon=0.55,421,44.49838809042658,2.38417806412184,42.11421002630474,46.88256615454842,5
scale_default,Epsilon_Greedy,epsilon=0.55,422,44.65342761235504,2.395995312649387,42.25743229970565,47.04942292500443,5
scale_default,Epsilon_Greedy,epsilon=0.55,423,44.86647863859741,2.3655001932739075,42.5009784453235,47.23197883187132,5
scale_default,Epsilon_Greedy,epsilon=0.55,424,44.96208754958071,2.3962598113889264,42.565827738191786,47.35834736096963,5
scale_default,Epsilon_Greedy,epsilon=0.55,425,45.06213240614894,2.424948936517241,42.6371834696317,47.48708134266618,5
scale_default,Epsilon_Greedy,epsilon=0.55,426,45.37789785844149,2.430915437639155,42.946982420802335,47.80881329608065,5
scale_default,Epsilon_Greedy,epsilon=0.55,427,45.44807174416296,2.5052939628552324,42.942777781307726,47.95336570701819,5
scale_default,Epsilon_Greedy,epsilon=0.55,428,45.679913138126075,2.343527823643376,43.3363853144827,48.02344096176945,5
scale_default,Epsilon_Greedy,epsilon=0.55,429,45.83425237635295,2.316562767291887,43.517689609061065,48.150815143644834,5
scale_default,Epsilon_Greedy,epsilon=0.55,430,46.066547750877,2.147992611771422,43.91855513910558,48.21454036264842,5
scale_default,Epsilon_Greedy,epsilon=0.55,431,46.239155365882944,2.058208722993352,44.180946642889595,48.29736408887629,5
scale_default,Epsilon_Greedy,epsilon=0.55,432,46.42743594899534,2.030446628442518,44.39698932055282,48.45788257743786,5
scale_default,Epsilon_Greedy,epsilon=0.55,433,46.55458377456391,2.026916695443461,44.52766707912045,48.58150047000737,5
scale_default,Epsilon_Greedy,epsilon=0.55,434,46.75043197732937,1.9917785519667743,44.758653425362596,48.742210529296145,5
scale_default,Epsilon_Greedy,epsilon=0.55,435,46.8946022429583,2.0103425254817386,44.88425971747656,48.90494476844004,5
scale_default,Epsilon_Greedy,epsilon=0.55,436,47.09326303488636,2.06781475851336,45.025448276373005,49.16107779339972,5
scale_default,Epsilon_Greedy,epsilon=0.55,437,47.25918383501819,2.0942768604752073,45.16490697454299,49.353460695493396,5
scale_default,Epsilon_Greedy,epsilon=0.55,438,47.50018726077749,2.0018607446291794,45.49832651614831,49.502048005406664,5
scale_default,Epsilon_Greedy,epsilon=0.55,439,47.67777667968819,1.9679161066642028,45.70986057302399,49.6456927863524,5
scale_default,Epsilon_Greedy,epsilon=0.55,440,47.80561324325451,1.9828792465376623,45.82273399671685,49.788492489792176,5
scale_default,Epsilon_Greedy,epsilon=0.55,441,47.996414801017764,2.0026588660784412,45.99375593493932,49.999073667096205,5
scale_default,Epsilon_Greedy,epsilon=0.55,442,48.191400013531826,1.9594437328915173,46.23195628064031,50.15084374642334,5
scale_default,Epsilon_Greedy,epsilon=0.55,443,48.38195515150399,2.0294300706002444,46.352525080903746,50.41138522210423,5
scale_default,Epsilon_Greedy,epsilon=0.55,444,48.55147114172925,2.1105356724755024,46.44093546925375,50.66200681420475,5
scale_default,Epsilon_Greedy,epsilon=0.55,445,48.79511643752302,2.083153642528726,46.71196279499429,50.87827008005175,5
scale_default,Epsilon_Greedy,epsilon=0.55,446,48.946453209992235,2.0458795407035852,46.90057366928865,50.99233275069582,5
scale_default,Epsilon_Greedy,epsilon=0.55,447,49.11092361473139,2.0490971962526183,47.06182641847877,51.16002081098401,5
scale_default,Epsilon_Greedy,epsilon=0.55,448,49.28616771005559,2.021293807113053,47.26487390294253,51.30746151716864,5
scale_default,Epsilon_Greedy,epsilon=0.55,449,49.51546588044681,1.9276528962241726,47.58781298422264,51.443118776670985,5
scale_default,Epsilon_Greedy,epsilon=0.55,450,49.7293993653537,1.7843172263911788,47.94508213896252,51.51371659174488,5
scale_default,Epsilon_Greedy,epsilon=0.55,451,49.92670279369055,1.7602956822287297,48.16640711146182,51.68699847591928,5
scale_default,Epsilon_Greedy,epsilon=0.55,452,50.06326985709536,1.805884121299524,48.257385735795836,51.86915397839488,5
scale_default,Epsilon_Greedy,epsilon=0.55,453,50.16103499409544,1.8027981813208904,48.35823681277455,51.963833175416326,5
scale_default,Epsilon_Greedy,epsilon=0.55,454,50.276927068383905,1.8422589535550546,48.43466811482885,52.11918602193896,5
scale_default,Epsilon_Greedy,epsilon=0.55,455,50.46261389782701,1.8611083920689242,48.60150550575809,52.32372228989593,5
scale_default,Epsilon_Greedy,epsilon=0.55,456,50.6059365909362,1.8482573829999513,48.75767920793625,52.45419397393616,5
scale_default,Epsilon_Greedy,epsilon=0.55,457,50.646797740907154,1.867205300401653,48.7795924405055,52.514003041308804,5
scale_default,Epsilon_Greedy,epsilon=0.55,458,50.86713317128604,1.9116923941294315,48.95544077715661,52.778825565415474,5
scale_default,Epsilon_Greedy,epsilon=0.55,459,51.02157894175103,1.9208659786432094,49.100712963107824,52.94244492039424,5
scale_default,Epsilon_Greedy,epsilon=0.55,460,51.178623090781784,1.9475176035787285,49.23110548720305,53.126140694360515,5
scale_default,Epsilon_Greedy,epsilon=0.55,461,51.425915609251675,2.146148854675842,49.27976675457583,53.57206446392752,5
scale_default,Epsilon_Greedy,epsilon=0.55,462,51.73192975824266,2.0403626661766068,49.69156709206605,53.77229242441926,5
scale_default,Epsilon_Greedy,epsilon=0.55,463,52.029064814214806,1.7721955057656638,50.25686930844914,53.80126031998047,5
scale_default,Epsilon_Greedy,epsilon=0.55,464,52.19534864184319,1.7903930092518408,50.404955632591346,53.98574165109503,5
scale_default,Epsilon_Greedy,epsilon=0.55,465,52.447774095345586,1.8431877808051218,50.60458631454046,54.29096187615071,5
scale_default,Epsilon_Greedy,epsilon=0.55,466,52.60387994925236,1.764161212770359,50.839718736482,54.36804116202272,5
scale_default,Epsilon_Greedy,epsilon=0.55,467,52.714782889641924,1.746015000421494,50.96876788922043,54.46079789006342,5
scale_default,Epsilon_Greedy,epsilon=0.55,468,52.93197185400841,1.6956904241401736,51.236281429868235,54.627662278148584,5
scale_default,Epsilon_Greedy,epsilon=0.55,469,53.09217076622938,1.5428798675773736,51.549290898652,54.635050633806756,5
scale_default,Epsilon_Greedy,epsilon=0.55,470,53.37632449168827,1.5846720524673805,51.79165243922089,54.960996544155655,5
scale_default,Epsilon_Greedy,epsilon=0.55,471,53.54665998789538,1.5692222537484293,51.97743773414695,55.11588224164381,5
scale_default,Epsilon_Greedy,epsilon=0.55,472,53.82107527681213,1.6013148207113088,52.21976045610082,55.42239009752344,5
scale_default,Epsilon_Greedy,epsilon=0.55,473,54.02865377020852,1.4761598526269066,52.552493917581614,55.50481362283543,5
scale_default,Epsilon_Greedy,epsilon=0.55,474,54.32935332553755,1.5449007494985674,52.78445257603898,55.87425407503611,5
scale_default,Epsilon_Greedy,epsilon=0.55,475,54.62200403163769,1.5498438811554456,53.07216015048224,56.17184791279313,5
scale_default,Epsilon_Greedy,epsilon=0.55,476,54.76641753325085,1.5456642626068093,53.220753270644046,56.31208179585766,5
scale_default,Epsilon_Greedy,epsilon=0.55,477,54.937108603473106,1.440006649683145,53.497101953789965,56.37711525315625,5
scale_default,Epsilon_Greedy,epsilon=0.55,478,55.20604834034232,1.4644221120331016,53.74162622830922,56.67047045237542,5
scale_default,Epsilon_Greedy,epsilon=0.55,479,55.354772808508244,1.4082791830352768,53.94649362547297,56.76305199154352,5
scale_default,Epsilon_Greedy,epsilon=0.55,480,55.48349336629059,1.4749526369960193,54.008540729294566,56.95844600328661,5
scale_default,Epsilon_Greedy,epsilon=0.55,481,55.72816043771879,1.6368785708970799,54.09128186682171,57.365039008615874,5
scale_default,Epsilon_Greedy,epsilon=0.55,482,55.89182479872527,1.6291631617948064,54.26266163693046,57.520987960520074,5
scale_default,Epsilon_Greedy,epsilon=0.55,483,56.196792511515255,1.884068857578025,54.31272365393723,58.08086136909328,5
scale_default,Epsilon_Greedy,epsilon=0.55,484,56.35356836871252,1.9470233548926887,54.40654501381984,58.30059172360521,5
scale_default,Epsilon_Greedy,epsilon=0.55,485,56.70241913925353,1.8874313666521654,54.81498777260136,58.589850505905694,5
scale_default,Epsilon_Greedy,epsilon=0.55,486,56.7959074688891,1.9849589542233343,54.81094851466576,58.780866423112435,5
scale_default,Epsilon_Greedy,epsilon=0.55,487,56.927898728096956,1.9385292278526196,54.98936950024434,58.866427955949575,5
scale_default,Epsilon_Greedy,epsilon=0.55,488,57.01124437732816,2.0116477096469754,54.99959666768119,59.02289208697513,5
scale_default,Epsilon_Greedy,epsilon=0.55,489,57.09007232098794,2.0254232548547813,55.064649066133164,59.11549557584272,5
scale_default,Epsilon_Greedy,epsilon=0.55,490,57.213506298589905,2.0881633794538295,55.125342919136074,59.30166967804374,5
scale_default,Epsilon_Greedy,epsilon=0.55,491,57.41631377861518,2.008562320924277,55.4077514576909,59.42487609953945,5
scale_default,Epsilon_Greedy,epsilon=0.55,492,57.683089602807925,2.049229135875631,55.63386046693229,59.73231873868356,5
scale_default,Epsilon_Greedy,epsilon=0.55,493,57.8249608835873,2.0352443652622205,55.78971651832508,59.860205248849525,5
scale_default,Epsilon_Greedy,epsilon=0.55,494,58.131112135312506,2.0882196117744747,56.04289252353803,60.21933174708698,5
scale_default,Epsilon_Greedy,epsilon=0.55,495,58.34270922836648,2.037084495922983,56.3056247324435,60.37979372428946,5
scale_default,Epsilon_Greedy,epsilon=0.55,496,58.67198824020312,2.048772421563745,56.62321581863937,60.72076066176687,5
scale_default,Epsilon_Greedy,epsilon=0.55,497,58.7729560042505,2.0615250670943435,56.71143093715616,60.83448107134485,5
scale_default,Epsilon_Greedy,epsilon=0.55,498,59.10245730167718,2.1492000712562733,56.9532572304209,61.25165737293345,5
scale_default,Epsilon_Greedy,epsilon=0.55,499,59.25578969895419,2.204210059196543,57.05157963975765,61.45999975815073,5
scale_default,Epsilon_Greedy,epsilon=0.55,500,59.4802611454248,2.253034968687024,57.22722617673777,61.73329611411182,5
scale_default,Epsilon_Greedy,epsilon=0.55,501,59.63575832410736,2.294877054229254,57.3408812698781,61.93063537833661,5
scale_default,Epsilon_Greedy,epsilon=0.55,502,59.81766937608493,2.42429167382664,57.39337770225829,62.241961049911566,5
scale_default,Epsilon_Greedy,epsilon=0.55,503,60.0280527644807,2.29666111922971,57.73139164525099,62.32471388371041,5
scale_default,Epsilon_Greedy,epsilon=0.55,504,60.22324642264366,2.3372097104175595,57.8860367122261,62.56045613306122,5
scale_default,Epsilon_Greedy,epsilon=0.55,505,60.41213600494998,2.315606426652309,58.09652957829767,62.72774243160229,5
scale_default,Epsilon_Greedy,epsilon=0.55,506,60.528702257920045,2.3385327583286766,58.19016949959137,62.86723501624872,5
scale_default,Epsilon_Greedy,epsilon=0.55,507,60.590045671821905,2.3360554573719257,58.25399021444998,62.92610112919383,5
scale_default,Epsilon_Greedy,epsilon=0.55,508,60.82668685237577,2.301716764413125,58.52497008796265,63.128403616788894,5
scale_default,Epsilon_Greedy,epsilon=0.55,509,61.047280846360195,2.282512940646707,58.76476790571349,63.3297937870069,5
scale_default,Epsilon_Greedy,epsilon=0.55,510,61.217350124222925,2.2438967823631852,58.97345334185974,63.46124690658611,5
scale_default,Epsilon_Greedy,epsilon=0.55,511,61.27209617258109,2.243469318966807,59.02862685361428,63.515565491547896,5
scale_default,Epsilon_Greedy,epsilon=0.55,512,61.45561553587693,2.163589508393265,59.292026027483665,63.619205044270196,5
scale_default,Epsilon_Greedy,epsilon=0.55,513,61.70076257366437,2.056720427079281,59.644042146585086,63.757483000743655,5
scale_default,Epsilon_Greedy,epsilon=0.55,514,61.80288851320584,2.082234011844357,59.72065450136149,63.8851225250502,5
scale_default,Epsilon_Greedy,epsilon=0.55,515,62.061411367529445,1.9901217195319654,60.07128964799748,64.05153308706142,5
scale_default,Epsilon_Greedy,epsilon=0.55,516,62.25292437864114,1.9374747989571672,60.31544957968397,64.19039917759831,5
scale_default,Epsilon_Greedy,epsilon=0.55,517,62.408305377778845,1.9477655247099999,60.460539853068845,64.35607090248884,5
scale_default,Epsilon_Greedy,epsilon=0.55,518,62.62047434081658,1.983240556024598,60.63723378479198,64.60371489684118,5
scale_default,Epsilon_Greedy,epsilon=0.55,519,62.70897840308097,2.028725234424377,60.68025316865659,64.73770363750535,5
scale_default,Epsilon_Greedy,epsilon=0.55,520,62.94386025409314,1.9380684614847394,61.0057917926084,64.88192871557787,5
scale_default,Epsilon_Greedy,epsilon=0.55,521,63.023894917143025,1.9219093925079884,61.10198552463503,64.94580430965101,5
scale_default,Epsilon_Greedy,epsilon=0.55,522,63.25349972364363,1.8811651780408662,61.37233454560276,65.13466490168449,5
scale_default,Epsilon_Greedy,epsilon=0.55,523,63.507150761149695,1.9157184062638704,61.591432354885825,65.42286916741357,5
scale_default,Epsilon_Greedy,epsilon=0.55,524,63.74680048012459,1.9428746350725659,61.80392584505203,65.68967511519716,5
scale_default,Epsilon_Greedy,epsilon=0.55,525,64.03872096027314,2.012194075784553,62.02652688448859,66.05091503605769,5
scale_default,Epsilon_Greedy,epsilon=0.55,526,64.2096129097713,1.9352579927314253,62.27435491703987,66.14487090250272,5
scale_default,Epsilon_Greedy,epsilon=0.55,527,64.34764137064286,1.8580374588362822,62.48960391180658,66.20567882947914,5
scale_default,Epsilon_Greedy,epsilon=0.55,528,64.54713793683848,1.991600667039409,62.555537269799075,66.53873860387789,5
scale_default,Epsilon_Greedy,epsilon=0.55,529,64.75866120809383,1.9009850294714683,62.857676178622356,66.6596462375653,5
scale_default,Epsilon_Greedy,epsilon=0.55,530,64.92459826033098,1.8758069584503625,63.04879130188062,66.80040521878135,5
scale_default,Epsilon_Greedy,epsilon=0.55,531,65.01249832227096,1.872174689850488,63.14032363242047,66.88467301212144,5
scale_default,Epsilon_Greedy,epsilon=0.55,532,65.26056458953096,1.7983665270384257,63.46219806249253,67.05893111656938,5
scale_default,Epsilon_Greedy,epsilon=0.55,533,65.37092400484599,1.714761444745432,63.656162560100555,67.08568544959142,5
scale_default,Epsilon_Greedy,epsilon=0.55,534,65.5083652192033,1.7726627771087613,63.735702442094535,67.28102799631206,5
scale_default,Epsilon_Greedy,epsilon=0.55,535,65.59280282365562,1.7884240245191032,63.804378799136515,67.38122684817472,5
scale_default,Epsilon_Greedy,epsilon=0.55,536,65.80674486102353,1.7656206291671037,64.04112423185643,67.57236549019063,5
scale_default,Epsilon_Greedy,epsilon=0.55,537,66.0674190356303,1.8746134755700226,64.19280556006026,67.94203251120032,5
scale_default,Epsilon_Greedy,epsilon=0.55,538,66.15706035787736,1.8142405243634814,64.34281983351387,67.97130088224084,5
scale_default,Epsilon_Greedy,epsilon=0.55,539,66.33125619337666,1.7605442700443692,64.5707119233323,68.09180046342102,5
scale_default,Epsilon_Greedy,epsilon=0.55,540,66.48320380149914,1.739456521104852,64.74374728039429,68.222660322604,5
scale_default,Epsilon_Greedy,epsilon=0.55,541,66.75845715040968,1.717835765917804,65.04062138449189,68.47629291632748,5
scale_default,Epsilon_Greedy,epsilon=0.55,542,66.83226205548523,1.7365547200134153,65.09570733547181,68.56881677549865,5
scale_default,Epsilon_Greedy,epsilon=0.55,543,66.94254479782781,1.717568759009535,65.22497603881827,68.66011355683735,5
scale_default,Epsilon_Greedy,epsilon=0.55,544,67.28383754596129,1.8032286546316132,65.48060889132968,69.0870662005929,5
scale_default,Epsilon_Greedy,epsilon=0.55,545,67.56587891501599,1.9765906115068657,65.58928830350912,69.54246952652285,5
scale_default,Epsilon_Greedy,epsilon=0.55,546,67.74691046485734,1.9736356843149099,65.77327478054242,69.72054614917225,5
scale_default,Epsilon_Greedy,epsilon=0.55,547,67.86340198567007,1.9960227690538344,65.86737921661623,69.8594247547239,5
scale_default,Epsilon_Greedy,epsilon=0.55,548,68.05228030423513,2.0252666188017354,66.02701368543339,70.07754692303686,5
scale_default,Epsilon_Greedy,epsilon=0.55,549,68.28415210689748,2.096851676508044,66.18730043038944,70.38100378340552,5
scale_default,Epsilon_Greedy,epsilon=0.55,550,68.50104386255757,2.1845362802995627,66.316507582258,70.68558014285713,5
scale_default,Epsilon_Greedy,epsilon=0.55,551,68.64873504113334,2.215895172993789,66.43283986813955,70.86463021412712,5
scale_default,Epsilon_Greedy,epsilon=0.55,552,68.82014910732042,2.216012837226741,66.60413627009368,71.03616194454716,5
scale_default,Epsilon_Greedy,epsilon=0.55,553,69.11637349507762,2.348044080875305,66.76832941420231,71.46441757595294,5
scale_default,Epsilon_Greedy,epsilon=0.55,554,69.26910415738179,2.342654940084731,66.92644921729706,71.61175909746652,5
scale_default,Epsilon_Greedy,epsilon=0.55,555,69.42950714478052,2.4492128559044146,66.9802942888761,71.87872000068494,5
scale_default,Epsilon_Greedy,epsilon=0.55,556,69.62024315360944,2.449289038607003,67.17095411500243,72.06953219221644,5
scale_default,Epsilon_Greedy,epsilon=0.55,557,69.7312106371709,2.4860719103669098,67.24513872680399,72.21728254753782,5
scale_default,Epsilon_Greedy,epsilon=0.55,558,69.94352818029863,2.5490774057325494,67.39445077456608,72.49260558603117,5
scale_default,Epsilon_Greedy,epsilon=0.55,559,70.09632525939182,2.5089576459330023,67.58736761345881,72.60528290532483,5
scale_default,Epsilon_Greedy,epsilon=0.55,560,70.32411224635752,2.6144937224014835,67.70961852395604,72.93860596875899,5
scale_default,Epsilon_Greedy,epsilon=0.55,561,70.52604562029718,2.6049307085608575,67.92111491173632,73.13097632885804,5
scale_default,Epsilon_Greedy,epsilon=0.55,562,70.71759778765325,2.560059202330048,68.1575385853232,73.2776569899833,5
scale_default,Epsilon_Greedy,epsilon=0.55,563,70.91497028252111,2.740386585327565,68.17458369719354,73.65535686784868,5
scale_default,Epsilon_Greedy,epsilon=0.55,564,71.07480221310419,2.7297178405830174,68.34508437252117,73.80452005368721,5
scale_default,Epsilon_Greedy,epsilon=0.55,565,71.2943242840586,2.7952535155673366,68.49907076849126,74.08957779962594,5
scale_default,Epsilon_Greedy,epsilon=0.55,566,71.35683880371923,2.8240317522938523,68.53280705142538,74.18087055601308,5
scale_default,Epsilon_Greedy,epsilon=0.55,567,71.48209233171313,2.86296268584597,68.61912964586716,74.3450550175591,5
scale_default,Epsilon_Greedy,epsilon=0.55,568,71.60790678081125,2.8658804418375277,68.74202633897372,74.47378722264878,5
scale_default,Epsilon_Greedy,epsilon=0.55,569,71.80146571145066,2.927091657297683,68.87437405415298,74.72855736874834,5
scale_default,Epsilon_Greedy,epsilon=0.55,570,71.96299718633816,2.926099515305111,69.03689767103305,74.88909670164327,5
scale_default,Epsilon_Greedy,epsilon=0.55,571,72.11392495772454,2.907081696302277,69.20684326142226,75.0210066540268,5
scale_default,Epsilon_Greedy,epsilon=0.55,572,72.23940821192079,2.9472753353314083,69.29213287658938,75.1866835472522,5
scale_default,Epsilon_Greedy,epsilon=0.55,573,72.58564948692852,3.023885856658073,69.56176363027045,75.60953534358659,5
scale_default,Epsilon_Greedy,epsilon=0.55,574,72.82646009468829,3.0258319029446374,69.80062819174366,75.85229199763292,5
scale_default,Epsilon_Greedy,epsilon=0.55,575,73.12614065420779,3.127597954325537,69.99854269988225,76.25373860853333,5
scale_default,Epsilon_Greedy,epsilon=0.55,576,73.30482792549337,3.136822698335983,70.1680052271574,76.44165062382935,5
scale_default,Epsilon_Greedy,epsilon=0.55,577,73.44889781359858,3.1610892166385853,70.28780859695999,76.60998703023716,5
scale_default,Epsilon_Greedy,epsilon=0.55,578,73.6407887738359,3.1722221552601777,70.46856661857572,76.81301092909607,5
scale_default,Epsilon_Greedy,epsilon=0.55,579,73.81818782556705,3.0049254078783543,70.81326241768869,76.82311323344541,5
scale_default,Epsilon_Greedy,epsilon=0.55,580,73.93921348401352,3.0742023780738723,70.86501110593964,77.0134158620874,5
scale_default,Epsilon_Greedy,epsilon=0.55,581,74.13404658355712,3.0995750405720437,71.03447154298507,77.23362162412917,5
scale_default,Epsilon_Greedy,epsilon=0.55,582,74.28434462920534,3.103703479336348,71.18064114986899,77.38804810854168,5
scale_default,Epsilon_Greedy,epsilon=0.55,583,74.49417622184944,3.0460614944018967,71.44811472744755,77.54023771625134,5
scale_default,Epsilon_Greedy,epsilon=0.55,584,74.77516250502143,2.996645558662298,71.77851694635913,77.77180806368372,5
scale_default,Epsilon_Greedy,epsilon=0.55,585,74.86950508079424,3.0618044779244,71.80770060286984,77.93130955871864,5
scale_default,Epsilon_Greedy,epsilon=0.55,586,74.93216322883053,3.0852271208250386,71.8469361080055,78.01739034965557,5
scale_default,Epsilon_Greedy,epsilon=0.55,587,75.10594305439031,3.13349404452471,71.9724490098656,78.23943709891502,5
scale_default,Epsilon_Greedy,epsilon=0.55,588,75.26759921820475,3.1083400198910525,72.15925919831369,78.37593923809581,5
scale_default,Epsilon_Greedy,epsilon=0.55,589,75.3610063876957,3.088552619069851,72.27245376862585,78.44955900676554,5
scale_default,Epsilon_Greedy,epsilon=0.55,590,75.5992659017099,3.18870853216247,72.41055736954743,78.78797443387236,5
scale_default,Epsilon_Greedy,epsilon=0.55,591,75.94809276994827,3.231665830600942,72.71642693934733,79.17975860054922,5
scale_default,Epsilon_Greedy,epsilon=0.55,592,76.09081820009234,3.221271699026111,72.86954650106624,79.31208989911845,5
scale_default,Epsilon_Greedy,epsilon=0.55,593,76.2068505927361,3.213403921588601,72.9934466711475,79.42025451432471,5
scale_default,Epsilon_Greedy,epsilon=0.55,594,76.33835669126884,3.168187291792275,73.17016939947656,79.50654398306112,5
scale_default,Epsilon_Greedy,epsilon=0.55,595,76.4122507573747,3.161357293050943,73.25089346432375,79.57360805042563,5
scale_default,Epsilon_Greedy,epsilon=0.55,596,76.5768559862052,3.1050125941514843,73.47184339205371,79.68186858035669,5
scale_default,Epsilon_Greedy,epsilon=0.55,597,76.70657819050685,3.1571360918737876,73.54944209863307,79.86371428238063,5
scale_default,Epsilon_Greedy,epsilon=0.55,598,77.0005855523492,3.135415306349432,73.86517024599976,80.13600085869862,5
scale_default,Epsilon_Greedy,epsilon=0.55,599,77.12895813712234,3.226613077448429,73.9023450596739,80.35557121457077,5
scale_default,Epsilon_Greedy,epsilon=0.6,0,0.08709763188936828,0.06410109510563972,0.022996536783728566,0.151198726995008,5
scale_default,Epsilon_Greedy,epsilon=0.6,1,0.1400361815114738,0.04777891450044312,0.09225726701103067,0.18781509601191693,5
scale_default,Epsilon_Greedy,epsilon=0.6,2,0.1961727491879377,0.08893319842226347,0.10723955076567424,0.28510594761020114,5
scale_default,Epsilon_Greedy,epsilon=0.6,3,0.24421810855682297,0.09592668801011178,0.14829142054671118,0.34014479656693475,5
scale_default,Epsilon_Greedy,epsilon=0.6,4,0.255357749413412,0.09452319213143472,0.16083455728197726,0.3498809415448467,5
scale_default,Epsilon_Greedy,epsilon=0.6,5,0.2645651818560303,0.09509974663657574,0.16946543521945456,0.359664928492606,5
scale_default,Epsilon_Greedy,epsilon=0.6,6,0.3061850782547943,0.08310839982225027,0.22307667843254403,0.38929347807704456,5
scale_default,Epsilon_Greedy,epsilon=0.6,7,0.31646150139358736,0.08126915034403408,0.23519235104955327,0.39773065173762145,5
scale_default,Epsilon_Greedy,epsilon=0.6,8,0.3542982313550415,0.1021522530704268,0.2521459782846147,0.4564504844254683,5
scale_default,Epsilon_Greedy,epsilon=0.6,9,0.3756826716269792,0.12082149773681373,0.2548611738901655,0.49650416936379294,5
scale_default,Epsilon_Greedy,epsilon=0.6,10,0.38729597728721343,0.12285362685221406,0.26444235043499936,0.5101496041394274,5
scale_default,Epsilon_Greedy,epsilon=0.6,11,0.4584066777160901,0.18758983817156227,0.27081683954452784,0.6459965158876524,5
scale_default,Epsilon_Greedy,epsilon=0.6,12,0.5028427222717434,0.1910250994819822,0.3118176227897612,0.6938678217537256,5
scale_default,Epsilon_Greedy,epsilon=0.6,13,0.5180791968096455,0.19527861550585332,0.3228005813037922,0.7133578123154989,5
scale_default,Epsilon_Greedy,epsilon=0.6,14,0.5514731076424866,0.21564614509632368,0.3358269625461629,0.7671192527388102,5
scale_default,Epsilon_Greedy,epsilon=0.6,15,0.563072374145612,0.20779814179965816,0.3552742323459538,0.7708705159452701,5
scale_default,Epsilon_Greedy,epsilon=0.6,16,0.6124394847856808,0.22547379922591052,0.3869656855597703,0.8379132840115913,5
scale_default,Epsilon_Greedy,epsilon=0.6,17,0.6257703309730263,0.2306199767434976,0.39515035422952866,0.8563903077165238,5
scale_default,Epsilon_Greedy,epsilon=0.6,18,0.6451565597049231,0.24893105701595153,0.3962255026889716,0.8940876167208747,5
scale_default,Epsilon_Greedy,epsilon=0.6,19,0.6560549731635692,0.24488998734511225,0.41116498581845695,0.9009449605086814,5
scale_default,Epsilon_Greedy,epsilon=0.6,20,0.6705932760374661,0.24062405566149153,0.42996922037597457,0.9112173316989576,5
scale_default,Epsilon_Greedy,epsilon=0.6,21,0.6792757446311242,0.2381186236475117,0.4411571209836125,0.9173943682786359,5
scale_default,Epsilon_Greedy,epsilon=0.6,22,0.7151186571542437,0.24080458593585805,0.47431407121838565,0.9559232430901018,5
scale_default,Epsilon_Greedy,epsilon=0.6,23,0.7568264900588147,0.22963940377378217,0.5271870862850325,0.986465893832597,5
scale_default,Epsilon_Greedy,epsilon=0.6,24,0.7713749783245456,0.22770174553312836,0.5436732327914172,0.999076723857674,5
scale_default,Epsilon_Greedy,epsilon=0.6,25,0.8337999311746109,0.2275641020499979,0.606235829124613,1.0613640332246088,5
scale_default,Epsilon_Greedy,epsilon=0.6,26,0.8442363342513872,0.23142703829098243,0.6128092959604048,1.0756633725423697,5
scale_default,Epsilon_Greedy,epsilon=0.6,27,0.8777523733027003,0.23929875002445192,0.6384536232782484,1.1170511233271523,5
scale_default,Epsilon_Greedy,epsilon=0.6,28,0.9489205839755736,0.29762763866115494,0.6512929453144186,1.2465482226367284,5
scale_default,Epsilon_Greedy,epsilon=0.6,29,0.9753650810942844,0.2844093478752295,0.690955733219055,1.2597744289695139,5
scale_default,Epsilon_Greedy,epsilon=0.6,30,0.9869073682346852,0.27835846129505615,0.708548906939629,1.2652658295297412,5
scale_default,Epsilon_Greedy,epsilon=0.6,31,0.9961586296956979,0.28508871759540977,0.7110699121002881,1.2812473472911077,5
scale_default,Epsilon_Greedy,epsilon=0.6,32,1.0204220365956995,0.2900365193087978,0.7303855172869017,1.3104585559044972,5
scale_default,Epsilon_Greedy,epsilon=0.6,33,1.0462180081105004,0.3032457249996489,0.7429722831108514,1.3494637331101493,5
scale_default,Epsilon_Greedy,epsilon=0.6,34,1.0513194278625282,0.30405083101330915,0.747268596849219,1.3553702588758374,5
scale_default,Epsilon_Greedy,epsilon=0.6,35,1.059071614871519,0.30392830613848276,0.7551433087330361,1.3629999210100017,5
scale_default,Epsilon_Greedy,epsilon=0.6,36,1.1337069140662037,0.2978920238737455,0.8358148901924582,1.4315989379399492,5
scale_default,Epsilon_Greedy,epsilon=0.6,37,1.1450591792214193,0.2962269389431355,0.8488322402782837,1.4412861181645549,5
scale_default,Epsilon_Greedy,epsilon=0.6,38,1.165948677741137,0.3121014064711688,0.8538472712699682,1.4780500842123057,5
scale_default,Epsilon_Greedy,epsilon=0.6,39,1.190276027678408,0.3145814973141873,0.8756945303642206,1.504857524992595,5
scale_default,Epsilon_Greedy,epsilon=0.6,40,1.200294085462866,0.3167196313696064,0.8835744540932597,1.5170137168324724,5
scale_default,Epsilon_Greedy,epsilon=0.6,41,1.2217883830157035,0.30920826668649026,0.9125801163292132,1.5309966497021938,5
scale_default,Epsilon_Greedy,epsilon=0.6,42,1.2529408895130245,0.31455866731571636,0.9383822221973082,1.5674995568287409,5
scale_default,Epsilon_Greedy,epsilon=0.6,43,1.2655145170918074,0.31878025701181356,0.9467342600799938,1.584294774103621,5
scale_default,Epsilon_Greedy,epsilon=0.6,44,1.275952240693114,0.32178252452814005,0.954169716164974,1.5977347652212541,5
scale_default,Epsilon_Greedy,epsilon=0.6,45,1.3221735755831043,0.34886027080815063,0.9733133047749537,1.6710338463912549,5
scale_default,Epsilon_Greedy,epsilon=0.6,46,1.3738931315612304,0.39280945020941355,0.9810836813518169,1.7667025817706439,5
scale_default,Epsilon_Greedy,epsilon=0.6,47,1.3811384733510033,0.3942659159935112,0.9868725573574921,1.7754043893445144,5
scale_default,Epsilon_Greedy,epsilon=0.6,48,1.3916868435315888,0.39059008785123284,1.001096755680356,1.7822769313828215,5
scale_default,Epsilon_Greedy,epsilon=0.6,49,1.4048986590765684,0.37493825538754205,1.0299604036890264,1.7798369144641104,5
scale_default,Epsilon_Greedy,epsilon=0.6,50,1.4234593990639006,0.36149298199276114,1.0619664170711394,1.7849523810566619,5
scale_default,Epsilon_Greedy,epsilon=0.6,51,1.4597749681931995,0.39680219010963746,1.062972778083562,1.856577158302837,5
scale_default,Epsilon_Greedy,epsilon=0.6,52,1.476798965054904,0.3998305368414295,1.0769684282134746,1.8766295018963335,5
scale_default,Epsilon_Greedy,epsilon=0.6,53,1.510859485200975,0.4083102231843686,1.1025492620166064,1.9191697083853434,5
scale_default,Epsilon_Greedy,epsilon=0.6,54,1.5173388290871248,0.40831198815786757,1.1090268409292572,1.9256508172449924,5
scale_default,Epsilon_Greedy,epsilon=0.6,55,1.5767798122230352,0.44884027624764355,1.1279395359753916,2.0256200884706788,5
scale_default,Epsilon_Greedy,epsilon=0.6,56,1.5978323959815355,0.46235716948724676,1.1354752264942887,2.0601895654687823,5
scale_default,Epsilon_Greedy,epsilon=0.6,57,1.628568284978607,0.45780339458353214,1.1707648903950747,2.086371679562139,5
scale_default,Epsilon_Greedy,epsilon=0.6,58,1.6572581049304198,0.4740743193019279,1.183183785628492,2.1313324242323475,5
scale_default,Epsilon_Greedy,epsilon=0.6,59,1.669823865496803,0.47226005279521555,1.1975638127015875,2.1420839182920184,5
scale_default,Epsilon_Greedy,epsilon=0.6,60,1.7160617898138262,0.43582738137558313,1.280234408438243,2.1518891711894095,5
scale_default,Epsilon_Greedy,epsilon=0.6,61,1.771270049556729,0.4853331454278602,1.2859369041288689,2.2566031949845895,5
scale_default,Epsilon_Greedy,epsilon=0.6,62,1.785750693408549,0.4858657128158598,1.2998849805926893,2.2716164062244086,5
scale_default,Epsilon_Greedy,epsilon=0.6,63,1.8101831278848135,0.4701297162551693,1.3400534116296443,2.2803128441399827,5
scale_default,Epsilon_Greedy,epsilon=0.6,64,1.8193861912501768,0.4772628818484959,1.342123309401681,2.296649073098673,5
scale_default,Epsilon_Greedy,epsilon=0.6,65,1.824473262689582,0.47668060369080917,1.347792658998773,2.301153866380391,5
scale_default,Epsilon_Greedy,epsilon=0.6,66,1.8289207719625964,0.4736755424190321,1.3552452295435642,2.3025963143816286,5
scale_default,Epsilon_Greedy,epsilon=0.6,67,1.8417809992171363,0.46772915357566686,1.3740518456414694,2.3095101527928033,5
scale_default,Epsilon_Greedy,epsilon=0.6,68,1.8795556627175922,0.4547718130958931,1.4247838496216991,2.3343274758134855,5
scale_default,Epsilon_Greedy,epsilon=0.6,69,1.8990735647479735,0.4302883773690843,1.4687851873788893,2.3293619421170577,5
scale_default,Epsilon_Greedy,epsilon=0.6,70,1.9090571910876164,0.43383974751147697,1.4752174435761394,2.342896938599093,5
scale_default,Epsilon_Greedy,epsilon=0.6,71,1.9352140508774494,0.427689676967566,1.5075243739098834,2.3629037278450156,5
scale_default,Epsilon_Greedy,epsilon=0.6,72,1.9569833760169444,0.43013744968382717,1.526845926333117,2.3871208257007717,5
scale_default,Epsilon_Greedy,epsilon=0.6,73,1.971406563962757,0.43420240495763773,1.5372041590051193,2.4056089689203946,5
scale_default,Epsilon_Greedy,epsilon=0.6,74,1.9933035361604645,0.44429494546046455,1.5490085907,2.4375984816209293,5
scale_default,Epsilon_Greedy,epsilon=0.6,75,2.040524213219633,0.4499892462685395,1.5905349669510935,2.4905134594881724,5
scale_default,Epsilon_Greedy,epsilon=0.6,76,2.0682400633064857,0.4236637170138381,1.6445763462926477,2.4919037803203237,5
scale_default,Epsilon_Greedy,epsilon=0.6,77,2.074437566737024,0.4215907043497707,1.6528468623872534,2.4960282710867947,5
scale_default,Epsilon_Greedy,epsilon=0.6,78,2.0959461015259886,0.4177747038127676,1.6781713977132209,2.5137208053387563,5
scale_default,Epsilon_Greedy,epsilon=0.6,79,2.109780942025907,0.4308302576278541,1.6789506843980528,2.540611199653761,5
scale_default,Epsilon_Greedy,epsilon=0.6,80,2.1285938485178617,0.42140482969152315,1.7071890188263386,2.549998678209385,5
scale_default,Epsilon_Greedy,epsilon=0.6,81,2.1349238189795465,0.42506969690563423,1.7098541220739123,2.5599935158851808,5
scale_default,Epsilon_Greedy,epsilon=0.6,82,2.1421739331464202,0.4283526370773075,1.7138212960691128,2.570526570223728,5
scale_default,Epsilon_Greedy,epsilon=0.6,83,2.1577969432636137,0.4298933818165838,1.72790356144703,2.5876903250801977,5
scale_default,Epsilon_Greedy,epsilon=0.6,84,2.221681518844278,0.4300326941428045,1.7916488247014735,2.6517142129870823,5
scale_default,Epsilon_Greedy,epsilon=0.6,85,2.258210156671095,0.4085814287617881,1.8496287279093067,2.666791585432883,5
scale_default,Epsilon_Greedy,epsilon=0.6,86,2.278053899179563,0.4196120057223918,1.8584418934571714,2.697665904901955,5
scale_default,Epsilon_Greedy,epsilon=0.6,87,2.2834749495867883,0.42063367773574606,1.8628412718510423,2.7041086273225345,5
scale_default,Epsilon_Greedy,epsilon=0.6,88,2.309608841105709,0.4227506591251228,1.8868581819805863,2.7323595002308316,5
scale_default,Epsilon_Greedy,epsilon=0.6,89,2.3202665615777613,0.42753487999991197,1.8927316815778494,2.7478014415776735,5
scale_default,Epsilon_Greedy,epsilon=0.6,90,2.3527586129168228,0.4384776591010155,1.9142809538158072,2.791236272017838,5
scale_default,Epsilon_Greedy,epsilon=0.6,91,2.3759648853776847,0.4456226996148606,1.930342185762824,2.821587584992545,5
scale_default,Epsilon_Greedy,epsilon=0.6,92,2.4022765500077674,0.44743664985430176,1.9548399001534658,2.849713199862069,5
scale_default,Epsilon_Greedy,epsilon=0.6,93,2.4089153511170287,0.449943820739751,1.9589715303772777,2.8588591718567797,5
scale_default,Epsilon_Greedy,epsilon=0.6,94,2.4165165284013383,0.4459920177074644,1.970524510693874,2.8625085461088027,5
scale_default,Epsilon_Greedy,epsilon=0.6,95,2.5175122755500245,0.44134937202137653,2.076162903528648,2.958861647571401,5
scale_default,Epsilon_Greedy,epsilon=0.6,96,2.5272752789251474,0.44155186013712105,2.0857234187880263,2.9688271390622685,5
scale_default,Epsilon_Greedy,epsilon=0.6,97,2.5338195003513144,0.4419752804072371,2.091844219944077,2.9757947807585516,5
scale_default,Epsilon_Greedy,epsilon=0.6,98,2.5777984708276396,0.45297246620950077,2.124826004618139,3.0307709370371403,5
scale_default,Epsilon_Greedy,epsilon=0.6,99,2.5922409057517486,0.45079883562631146,2.141442070125437,3.04303974137806,5
scale_default,Epsilon_Greedy,epsilon=0.6,100,2.599746480007936,0.45159897210189187,2.148147507906044,3.051345452109828,5
scale_default,Epsilon_Greedy,epsilon=0.6,101,2.627709095972135,0.4577633997712014,2.1699456962009336,3.0854724957433364,5
scale_default,Epsilon_Greedy,epsilon=0.6,102,2.645160344689533,0.45050219823763304,2.1946581464519,3.0956625429271662,5
scale_default,Epsilon_Greedy,epsilon=0.6,103,2.6737400083401637,0.4551605195448222,2.2185794887953416,3.1289005278849857,5
scale_default,Epsilon_Greedy,epsilon=0.6,104,2.697002270163571,0.4604364299163347,2.2365658402472364,3.1574387000799056,5
scale_default,Epsilon_Greedy,epsilon=0.6,105,2.7349174295217304,0.488169425730311,2.2467480037914194,3.2230868552520415,5
scale_default,Epsilon_Greedy,epsilon=0.6,106,2.7646859885361823,0.49509525915020763,2.2695907293859747,3.25978124768639,5
scale_default,Epsilon_Greedy,epsilon=0.6,107,2.785443077779084,0.5155644069978667,2.2698786707812175,3.3010074847769504,5
scale_default,Epsilon_Greedy,epsilon=0.6,108,2.794533930278256,0.5083395238994758,2.2861944063787805,3.302873454177732,5
scale_default,Epsilon_Greedy,epsilon=0.6,109,2.8089463569400737,0.5086187944602424,2.3003275624798314,3.317565151400316,5
scale_default,Epsilon_Greedy,epsilon=0.6,110,2.8165688192243747,0.5080443833984748,2.3085244358259,3.3246132026228494,5
scale_default,Epsilon_Greedy,epsilon=0.6,111,2.8601985514097974,0.46840097920657686,2.3917975722032203,3.3285995306163745,5
scale_default,Epsilon_Greedy,epsilon=0.6,112,2.8828930051025603,0.44487991400570887,2.4380130910968516,3.327772919108269,5
scale_default,Epsilon_Greedy,epsilon=0.6,113,2.9113200265518406,0.4391556680581084,2.4721643584937323,3.350475694609949,5
scale_default,Epsilon_Greedy,epsilon=0.6,114,2.929339139810096,0.4342906027881166,2.4950485370219795,3.3636297425982127,5
scale_default,Epsilon_Greedy,epsilon=0.6,115,2.961304758061972,0.42038967880684175,2.5409150792551305,3.3816944368688135,5
scale_default,Epsilon_Greedy,epsilon=0.6,116,3.001883549518136,0.38881659794917656,2.6130669515689595,3.390700147467313,5
scale_default,Epsilon_Greedy,epsilon=0.6,117,3.0344906060088097,0.36965514794854804,2.664835458060262,3.4041457539573576,5
scale_default,Epsilon_Greedy,epsilon=0.6,118,3.069685646161388,0.38287985101234534,2.6868057951490427,3.4525654971737336,5
scale_default,Epsilon_Greedy,epsilon=0.6,119,3.075734851982125,0.38422865377463905,2.691506198207486,3.459963505756764,5
scale_default,Epsilon_Greedy,epsilon=0.6,120,3.0905344611712424,0.3880325357210924,2.70250192545015,3.4785669968923347,5
scale_default,Epsilon_Greedy,epsilon=0.6,121,3.128799594174649,0.420607616156714,2.708191978017935,3.549407210331363,5
scale_default,Epsilon_Greedy,epsilon=0.6,122,3.1446991123192616,0.42972448195155316,2.7149746303677085,3.5744235942708147,5
scale_default,Epsilon_Greedy,epsilon=0.6,123,3.1815999193719278,0.4342731269581083,2.7473267924138196,3.615873046330036,5
scale_default,Epsilon_Greedy,epsilon=0.6,124,3.1949349891492815,0.4358302531033164,2.7591047360459653,3.630765242252598,5
scale_default,Epsilon_Greedy,epsilon=0.6,125,3.2059612031139806,0.43152687522686095,2.7744343278871195,3.6374880783408416,5
scale_default,Epsilon_Greedy,epsilon=0.6,126,3.237136408724092,0.453039431085266,2.784096977638826,3.690175839809358,5
scale_default,Epsilon_Greedy,epsilon=0.6,127,3.2571545300211513,0.4509725187133372,2.806182011307814,3.7081270487344886,5
scale_default,Epsilon_Greedy,epsilon=0.6,128,3.2759575782935664,0.46305725502150996,2.812900323272056,3.7390148333150766,5
scale_default,Epsilon_Greedy,epsilon=0.6,129,3.302721230499018,0.48814445340052387,2.814576777098494,3.790865683899542,5
scale_default,Epsilon_Greedy,epsilon=0.6,130,3.338121110759584,0.4529830216000456,2.8851380891595384,3.7911041323596293,5
scale_default,Epsilon_Greedy,epsilon=0.6,131,3.370324201403251,0.4510819515455667,2.9192422498576844,3.8214061529488177,5
scale_default,Epsilon_Greedy,epsilon=0.6,132,3.3847644809868043,0.453875195719259,2.930889285267545,3.8386396767060633,5
scale_default,Epsilon_Greedy,epsilon=0.6,133,3.3919458205785475,0.458223337408096,2.9337224831704516,3.8501691579866435,5
scale_default,Epsilon_Greedy,epsilon=0.6,134,3.4511941887204545,0.4835072656894431,2.9676869230310112,3.9347014544098977,5
scale_default,Epsilon_Greedy,epsilon=0.6,135,3.4914529975440987,0.4820533331740228,3.009399664370076,3.9735063307181213,5
scale_default,Epsilon_Greedy,epsilon=0.6,136,3.4965391600703155,0.4852851975784489,3.0112539624918666,3.9818243576487644,5
scale_default,Epsilon_Greedy,epsilon=0.6,137,3.5280616832791316,0.5057153108920126,3.022346372387119,4.033776994171144,5
scale_default,Epsilon_Greedy,epsilon=0.6,138,3.581572816474119,0.5119370760129257,3.069635740461193,4.093509892487044,5
scale_default,Epsilon_Greedy,epsilon=0.6,139,3.6548830801629877,0.49257107329935335,3.162312006863634,4.147454153462341,5
scale_default,Epsilon_Greedy,epsilon=0.6,140,3.694070861069118,0.4739682713983337,3.2201025896707844,4.1680391324674515,5
scale_default,Epsilon_Greedy,epsilon=0.6,141,3.7334610085730966,0.4394145337308041,3.2940464748422924,4.172875542303901,5
scale_default,Epsilon_Greedy,epsilon=0.6,142,3.7468715530627024,0.4482604304851232,3.2986111225775794,4.195131983547825,5
scale_default,Epsilon_Greedy,epsilon=0.6,143,3.7601654343285253,0.44361283795880196,3.3165525963697235,4.203778272287328,5
scale_default,Epsilon_Greedy,epsilon=0.6,144,3.7888205374051984,0.43748728431525613,3.3513332530899422,4.226307821720455,5
scale_default,Epsilon_Greedy,epsilon=0.6,145,3.841122318129081,0.3584115406939692,3.482710777435112,4.19953385882305,5
scale_default,Epsilon_Greedy,epsilon=0.6,146,3.863412246862024,0.3629294684196233,3.5004827784424006,4.226341715281647,5
scale_default,Epsilon_Greedy,epsilon=0.6,147,3.9010602275110364,0.376264761387798,3.5247954661232384,4.277324988898834,5
scale_default,Epsilon_Greedy,epsilon=0.6,148,3.9207644069429444,0.3795977226034593,3.541166684339485,4.300362129546404,5
scale_default,Epsilon_Greedy,epsilon=0.6,149,3.958509593855254,0.3809655296973882,3.5775440641578657,4.339475123552642,5
scale_default,Epsilon_Greedy,epsilon=0.6,150,3.97415769761112,0.3811908349799157,3.5929668626312044,4.3553485325910355,5
scale_default,Epsilon_Greedy,epsilon=0.6,151,4.001066476658347,0.38777106662477173,3.6132954100335755,4.388837543283119,5
scale_default,Epsilon_Greedy,epsilon=0.6,152,4.012222733386572,0.39590131208055684,3.6163214213060155,4.4081240454671295,5
scale_default,Epsilon_Greedy,epsilon=0.6,153,4.040717116825992,0.4003325529277421,3.6403845638982504,4.441049669753735,5
scale_default,Epsilon_Greedy,epsilon=0.6,154,4.072350418521142,0.4157278370222342,3.656622581498908,4.4880782555433765,5
scale_default,Epsilon_Greedy,epsilon=0.6,155,4.079738396473646,0.42017289252761547,3.6595655039460304,4.499911289001261,5
scale_default,Epsilon_Greedy,epsilon=0.6,156,4.08390734004062,0.41997621627202547,3.6639311237685943,4.503883556312645,5
scale_default,Epsilon_Greedy,epsilon=0.6,157,4.096432215511626,0.4235604377370552,3.672871777774571,4.519992653248682,5
scale_default,Epsilon_Greedy,epsilon=0.6,158,4.128452151228695,0.4311419690867657,3.697310182141929,4.55959412031546,5
scale_default,Epsilon_Greedy,epsilon=0.6,159,4.137661770235899,0.43635123752442617,3.7013105327114726,4.574013007760325,5
scale_default,Epsilon_Greedy,epsilon=0.6,160,4.150378270736885,0.44067701533710113,3.709701255399784,4.591055286073987,5
scale_default,Epsilon_Greedy,epsilon=0.6,161,4.159659620783087,0.44563620541497173,3.714023415368115,4.605295826198058,5
scale_default,Epsilon_Greedy,epsilon=0.6,162,4.197745355025387,0.40957327464039056,3.7881720803849968,4.6073186296657775,5
scale_default,Epsilon_Greedy,epsilon=0.6,163,4.239584002575073,0.43784441263038665,3.8017395899446864,4.67742841520546,5
scale_default,Epsilon_Greedy,epsilon=0.6,164,4.2590873451030244,0.4336097034795038,3.8254776416235208,4.692697048582528,5
scale_default,Epsilon_Greedy,epsilon=0.6,165,4.2646160888167515,0.4368812848836133,3.8277348039331383,4.701497373700365,5
scale_default,Epsilon_Greedy,epsilon=0.6,166,4.3110551475515795,0.36590127879942275,3.945153868752157,4.676956426351002,5
scale_default,Epsilon_Greedy,epsilon=0.6,167,4.32760417171748,0.36005023874143416,3.9675539329760463,4.687654410458914,5
scale_default,Epsilon_Greedy,epsilon=0.6,168,4.349357921722971,0.3680173131058149,3.981340608617156,4.717375234828786,5
scale_default,Epsilon_Greedy,epsilon=0.6,169,4.36404554766054,0.37109576824629836,3.9929497794142415,4.735141315906838,5
scale_default,Epsilon_Greedy,epsilon=0.6,170,4.370566135395253,0.37197063053953655,3.9985955048557167,4.74253676593479,5
scale_default,Epsilon_Greedy,epsilon=0.6,171,4.439500856580652,0.4122429514368716,4.027257905143781,4.851743808017524,5
scale_default,Epsilon_Greedy,epsilon=0.6,172,4.45528143687446,0.4060992675247616,4.049182169349699,4.861380704399222,5
scale_default,Epsilon_Greedy,epsilon=0.6,173,4.510408762173289,0.4117463681770269,4.098662393996262,4.9221551303503155,5
scale_default,Epsilon_Greedy,epsilon=0.6,174,4.51547916448119,0.40767270520717075,4.107806459274019,4.92315186968836,5
scale_default,Epsilon_Greedy,epsilon=0.6,175,4.543466896212457,0.3916055239778382,4.1518613722346185,4.935072420190295,5
scale_default,Epsilon_Greedy,epsilon=0.6,176,4.549290879861412,0.39373137971194666,4.155559500149465,4.943022259573359,5
scale_default,Epsilon_Greedy,epsilon=0.6,177,4.618813422581354,0.42668761140230815,4.1921258111790465,5.045501033983662,5
scale_default,Epsilon_Greedy,epsilon=0.6,178,4.649201558189245,0.40155551556173325,4.247646042627512,5.050757073750978,5
scale_default,Epsilon_Greedy,epsilon=0.6,179,4.664202577367956,0.4057473907327629,4.258455186635192,5.069949968100719,5
scale_default,Epsilon_Greedy,epsilon=0.6,180,4.684659833886916,0.4089673818578838,4.275692452029032,5.0936272157447995,5
scale_default,Epsilon_Greedy,epsilon=0.6,181,4.7498701779919825,0.42087127675926694,4.3289989012327155,5.17074145475125,5
scale_default,Epsilon_Greedy,epsilon=0.6,182,4.783836910715186,0.4279316111942695,4.355905299520916,5.211768521909455,5
scale_default,Epsilon_Greedy,epsilon=0.6,183,4.799445737879378,0.42975202768345794,4.36969371019592,5.229197765562835,5
scale_default,Epsilon_Greedy,epsilon=0.6,184,4.806463950417195,0.4281372220912204,4.378326728325974,5.234601172508415,5
scale_default,Epsilon_Greedy,epsilon=0.6,185,4.848484172053216,0.4453126931681103,4.403171478885106,5.293796865221326,5
scale_default,Epsilon_Greedy,epsilon=0.6,186,4.855907643261721,0.45051013832483255,4.4053975049368885,5.306417781586554,5
scale_default,Epsilon_Greedy,epsilon=0.6,187,4.868622757550685,0.4559639417756823,4.412658815775003,5.324586699326367,5
scale_default,Epsilon_Greedy,epsilon=0.6,188,4.890909287282004,0.4623384459766929,4.428570841305311,5.353247733258697,5
scale_default,Epsilon_Greedy,epsilon=0.6,189,4.895668088258937,0.45968231722201774,4.435985771036919,5.355350405480954,5
scale_default,Epsilon_Greedy,epsilon=0.6,190,4.902596848271671,0.4619621754479233,4.440634672823747,5.364559023719594,5
scale_default,Epsilon_Greedy,epsilon=0.6,191,4.918434643369432,0.4538304567584613,4.464604186610971,5.372265100127893,5
scale_default,Epsilon_Greedy,epsilon=0.6,192,4.921165240842603,0.4504177224437559,4.470747518398847,5.371582963286359,5
scale_default,Epsilon_Greedy,epsilon=0.6,193,4.952381202664148,0.45488006721703894,4.497501135447108,5.407261269881187,5
scale_default,Epsilon_Greedy,epsilon=0.6,194,4.975890917647632,0.46520925301262045,4.510681664635012,5.441100170660253,5
scale_default,Epsilon_Greedy,epsilon=0.6,195,4.97992917696494,0.4675512025714763,4.5123779743934636,5.447480379536416,5
scale_default,Epsilon_Greedy,epsilon=0.6,196,4.99758075983728,0.4668180212102535,4.530762738627027,5.464398781047533,5
scale_default,Epsilon_Greedy,epsilon=0.6,197,5.018262521986972,0.47404054516735583,4.544221976819616,5.492303067154328,5
scale_default,Epsilon_Greedy,epsilon=0.6,198,5.056820190558993,0.4954310183829944,4.561389172175998,5.552251208941987,5
scale_default,Epsilon_Greedy,epsilon=0.6,199,5.076425197550768,0.4796078523404758,4.596817345210292,5.556033049891244,5
scale_default,Epsilon_Greedy,epsilon=0.6,200,5.30123572327835,0.2981346739523242,5.003101049326026,5.5993703972306745,5
scale_default,Epsilon_Greedy,epsilon=0.6,201,5.44989538959378,0.42683262228917784,5.023062767304602,5.876728011882958,5
scale_default,Epsilon_Greedy,epsilon=0.6,202,5.504894615950223,0.4207009793955535,5.084193636554669,5.925595595345776,5
scale_default,Epsilon_Greedy,epsilon=0.6,203,5.619629874279442,0.42872077819375454,5.190909096085688,6.0483506524731965,5
scale_default,Epsilon_Greedy,epsilon=0.6,204,5.732616184239305,0.43379879895186174,5.298817385287443,6.166414983191166,5
scale_default,Epsilon_Greedy,epsilon=0.6,205,5.829201530721371,0.48842097075895646,5.340780559962415,6.317622501480328,5
scale_default,Epsilon_Greedy,epsilon=0.6,206,6.043087268968211,0.4427861924140485,5.600301076554163,6.485873461382259,5
scale_default,Epsilon_Greedy,epsilon=0.6,207,6.198765195960425,0.4072823845178968,5.791482811442528,6.606047580478322,5
scale_default,Epsilon_Greedy,epsilon=0.6,208,6.285144443316381,0.39381557394211464,5.8913288693742665,6.678960017258495,5
scale_default,Epsilon_Greedy,epsilon=0.6,209,6.471017702870009,0.33996678166729255,6.131050921202717,6.810984484537301,5
scale_default,Epsilon_Greedy,epsilon=0.6,210,6.677414422321571,0.3678948987865152,6.309519523535056,7.045309321108086,5
scale_default,Epsilon_Greedy,epsilon=0.6,211,6.941321248023269,0.3904617404931003,6.550859507530169,7.331782988516369,5
scale_default,Epsilon_Greedy,epsilon=0.6,212,7.126606844566895,0.5816829104543569,6.544923934112538,7.708289755021252,5
scale_default,Epsilon_Greedy,epsilon=0.6,213,7.3563912910054485,0.6500352648412808,6.706356026164167,8.00642655584673,5
scale_default,Epsilon_Greedy,epsilon=0.6,214,7.55028559333613,0.6926971741400536,6.857588419196077,8.242982767476184,5
scale_default,Epsilon_Greedy,epsilon=0.6,215,7.724232653934043,0.7284673277343199,6.995765326199723,8.452699981668363,5
scale_default,Epsilon_Greedy,epsilon=0.6,216,7.991306235376031,0.7179693838750412,7.27333685150099,8.709275619251073,5
scale_default,Epsilon_Greedy,epsilon=0.6,217,8.230926280736107,0.6882201083961508,7.5427061723399556,8.919146389132257,5
scale_default,Epsilon_Greedy,epsilon=0.6,218,8.434160161436747,0.6606320616335489,7.773528099803198,9.094792223070296,5
scale_default,Epsilon_Greedy,epsilon=0.6,219,8.682070278536152,0.5665057195310181,8.115564559005133,9.248575998067171,5
scale_default,Epsilon_Greedy,epsilon=0.6,220,8.88115350455304,0.6189224245568993,8.262231079996141,9.50007592910994,5
scale_default,Epsilon_Greedy,epsilon=0.6,221,9.056365781688898,0.6317915601905604,8.424574221498338,9.688157341879458,5
scale_default,Epsilon_Greedy,epsilon=0.6,222,9.127850972100381,0.6269821315637437,8.500868840536638,9.754833103664124,5
scale_default,Epsilon_Greedy,epsilon=0.6,223,9.256630519986066,0.6451022704999115,8.611528249486154,9.901732790485978,5
scale_default,Epsilon_Greedy,epsilon=0.6,224,9.361482766036024,0.5710620043350413,8.790420761700982,9.932544770371067,5
scale_default,Epsilon_Greedy,epsilon=0.6,225,9.70886051016778,0.4149635716084129,9.293896938559367,10.123824081776192,5
scale_default,Epsilon_Greedy,epsilon=0.6,226,9.908723669888749,0.4844968432661329,9.424226826622617,10.393220513154882,5
scale_default,Epsilon_Greedy,epsilon=0.6,227,10.112708718297599,0.32783844899138764,9.78487026930621,10.440547167288987,5
scale_default,Epsilon_Greedy,epsilon=0.6,228,10.380490912810965,0.42850372568570055,9.951987187125264,10.808994638496666,5
scale_default,Epsilon_Greedy,epsilon=0.6,229,10.524393410717318,0.40178895263260667,10.12260445808471,10.926182363349925,5
scale_default,Epsilon_Greedy,epsilon=0.6,230,10.753801204968157,0.3393134229803141,10.414487781987843,11.093114627948472,5
scale_default,Epsilon_Greedy,epsilon=0.6,231,10.91279071337837,0.3829266975969783,10.529864015781392,11.29571741097535,5
scale_default,Epsilon_Greedy,epsilon=0.6,232,11.11877451897213,0.37609791256350067,10.74267660640863,11.49487243153563,5
scale_default,Epsilon_Greedy,epsilon=0.6,233,11.246881573011608,0.39991731551037973,10.846964257501229,11.646798888521987,5
scale_default,Epsilon_Greedy,epsilon=0.6,234,11.348217632218526,0.4255490318780995,10.922668600340426,11.773766664096627,5
scale_default,Epsilon_Greedy,epsilon=0.6,235,11.517386546750132,0.4442699064945506,11.07311664025558,11.961656453244682,5
scale_default,Epsilon_Greedy,epsilon=0.6,236,11.627053508727702,0.5357593136927546,11.091294195034948,12.162812822420456,5
scale_default,Epsilon_Greedy,epsilon=0.6,237,11.75449576711617,0.5394590405678041,11.215036726548366,12.293954807683974,5
scale_default,Epsilon_Greedy,epsilon=0.6,238,11.812160002496492,0.4874426470666945,11.324717355429797,12.299602649563187,5
scale_default,Epsilon_Greedy,epsilon=0.6,239,12.013291773009579,0.5951168675480396,11.41817490546154,12.608408640557618,5
scale_default,Epsilon_Greedy,epsilon=0.6,240,12.17300866610478,0.6684182407237408,11.50459042538104,12.84142690682852,5
scale_default,Epsilon_Greedy,epsilon=0.6,241,12.222553650404766,0.7074752859328375,11.515078364471929,12.930028936337603,5
scale_default,Epsilon_Greedy,epsilon=0.6,242,12.404504414838907,0.7553459118931657,11.649158502945742,13.159850326732073,5
scale_default,Epsilon_Greedy,epsilon=0.6,243,12.649196326063858,0.6519911943058956,11.997205131757962,13.301187520369755,5
scale_default,Epsilon_Greedy,epsilon=0.6,244,12.774797116369843,0.5955356102459566,12.179261506123886,13.3703327266158,5
scale_default,Epsilon_Greedy,epsilon=0.6,245,12.847092651705605,0.5731506606270982,12.273941991078507,13.420243312332703,5
scale_default,Epsilon_Greedy,epsilon=0.6,246,13.029719360569924,0.6510182997682497,12.378701060801674,13.680737660338174,5
scale_default,Epsilon_Greedy,epsilon=0.6,247,13.26626723545806,0.6485025252800194,12.61776471017804,13.914769760738078,5
scale_default,Epsilon_Greedy,epsilon=0.6,248,13.388621447477982,0.6603319321169783,12.728289515361004,14.04895337959496,5
scale_default,Epsilon_Greedy,epsilon=0.6,249,13.53193959137731,0.5790297254318805,12.95290986594543,14.11096931680919,5
scale_default,Epsilon_Greedy,epsilon=0.6,250,13.72897854610746,0.4852515735889368,13.243726972518523,14.214230119696396,5
scale_default,Epsilon_Greedy,epsilon=0.6,251,13.934684032387102,0.45697630319504556,13.477707729192057,14.391660335582147,5
scale_default,Epsilon_Greedy,epsilon=0.6,252,14.042283087087844,0.3797345924022881,13.662548494685556,14.422017679490132,5
scale_default,Epsilon_Greedy,epsilon=0.6,253,14.184418746605484,0.3536933770572687,13.830725369548215,14.538112123662753,5
scale_default,Epsilon_Greedy,epsilon=0.6,254,14.274845477217193,0.3949485561671612,13.879896921050031,14.669794033384354,5
scale_default,Epsilon_Greedy,epsilon=0.6,255,14.372096763400133,0.3570890330217033,14.01500773037843,14.729185796421836,5
scale_default,Epsilon_Greedy,epsilon=0.6,256,14.458050701520005,0.308828335627686,14.149222365892319,14.76687903714769,5
scale_default,Epsilon_Greedy,epsilon=0.6,257,14.614953636861696,0.4447899392341845,14.170163697627512,15.05974357609588,5
scale_default,Epsilon_Greedy,epsilon=0.6,258,14.74009289286082,0.45778484844611445,14.282308044414705,15.197877741306936,5
scale_default,Epsilon_Greedy,epsilon=0.6,259,14.8000080831824,0.43599604437838285,14.364012038804017,15.236004127560783,5
scale_default,Epsilon_Greedy,epsilon=0.6,260,14.965804338156232,0.49893530278335435,14.466869035372877,15.464739640939587,5
scale_default,Epsilon_Greedy,epsilon=0.6,261,15.171022106080253,0.6299154824831836,14.54110662359707,15.800937588563436,5
scale_default,Epsilon_Greedy,epsilon=0.6,262,15.321762008283986,0.7028849122866294,14.618877095997357,16.024646920570618,5
scale_default,Epsilon_Greedy,epsilon=0.6,263,15.458973316623666,0.7664269075159845,14.692546409107681,16.22540022413965,5
scale_default,Epsilon_Greedy,epsilon=0.6,264,15.632927959994742,0.7482194916455085,14.884708468349233,16.38114745164025,5
scale_default,Epsilon_Greedy,epsilon=0.6,265,15.758381617254425,0.8164997373347821,14.941881879919643,16.57488135458921,5
scale_default,Epsilon_Greedy,epsilon=0.6,266,15.94934350856953,0.7875904091093617,15.161753099460169,16.736933917678893,5
scale_default,Epsilon_Greedy,epsilon=0.6,267,16.09996294669012,0.7837563046624645,15.316206642027655,16.883719251352584,5
scale_default,Epsilon_Greedy,epsilon=0.6,268,16.211857560668893,0.7429122852745177,15.468945275394375,16.95476984594341,5
scale_default,Epsilon_Greedy,epsilon=0.6,269,16.470416342787377,0.9067246210331272,15.56369172175425,17.377140963820505,5
scale_default,Epsilon_Greedy,epsilon=0.6,270,16.65559599456328,0.8866663227407413,15.76892967182254,17.542262317304022,5
scale_default,Epsilon_Greedy,epsilon=0.6,271,16.768300360201586,0.8778770229214891,15.890423337280097,17.646177383123074,5
scale_default,Epsilon_Greedy,epsilon=0.6,272,17.110089887473627,0.8684684623411493,16.24162142513248,17.978558349814776,5
scale_default,Epsilon_Greedy,epsilon=0.6,273,17.380811584319616,0.830516768535142,16.550294815784476,18.211328352854757,5
scale_default,Epsilon_Greedy,epsilon=0.6,274,17.52820073776092,0.9343121705898938,16.593888567171025,18.462512908350813,5
scale_default,Epsilon_Greedy,epsilon=0.6,275,17.751196986315612,0.9634789166379677,16.787718069677645,18.71467590295358,5
scale_default,Epsilon_Greedy,epsilon=0.6,276,17.856796133593747,0.8941546195640776,16.96264151402967,18.750950753157824,5
scale_default,Epsilon_Greedy,epsilon=0.6,277,18.05433176097646,0.9176948643747354,17.136636896601726,18.972026625351194,5
scale_default,Epsilon_Greedy,epsilon=0.6,278,18.237357484800945,0.7849915655225083,17.45236591927844,19.022349050323452,5
scale_default,Epsilon_Greedy,epsilon=0.6,279,18.434133710049778,0.8230642424859221,17.611069467563855,19.2571979525357,5
scale_default,Epsilon_Greedy,epsilon=0.6,280,18.522801480175623,0.8658545816223486,17.656946898553276,19.38865606179797,5
scale_default,Epsilon_Greedy,epsilon=0.6,281,18.66478636311647,0.8059666834951449,17.858819679621323,19.470753046611616,5
scale_default,Epsilon_Greedy,epsilon=0.6,282,18.842426628620725,0.8859729601514422,17.956453668469283,19.728399588772167,5
scale_default,Epsilon_Greedy,epsilon=0.6,283,18.958725451093823,0.8579893869155121,18.10073606417831,19.816714838009336,5
scale_default,Epsilon_Greedy,epsilon=0.6,284,19.095829932603205,0.9733987201112821,18.122431212491925,20.069228652714486,5
scale_default,Epsilon_Greedy,epsilon=0.6,285,19.28447309984006,1.0021676007392448,18.282305499100815,20.286640700579305,5
scale_default,Epsilon_Greedy,epsilon=0.6,286,19.355046700193725,0.9784534013717627,18.376593298821962,20.333500101565487,5
scale_default,Epsilon_Greedy,epsilon=0.6,287,19.523549940709735,1.0123967822918587,18.511153158417876,20.535946723001594,5
scale_default,Epsilon_Greedy,epsilon=0.6,288,19.7704749538012,1.083071437707647,18.687403516093553,20.85354639150885,5
scale_default,Epsilon_Greedy,epsilon=0.6,289,19.89452611035374,1.06600609725719,18.82852001309655,20.96053220761093,5
scale_default,Epsilon_Greedy,epsilon=0.6,290,20.191641211425203,1.1055763141294046,19.0860648972958,21.297217525554608,5
scale_default,Epsilon_Greedy,epsilon=0.6,291,20.298175520549687,1.099977165806828,19.19819835474286,21.398152686356514,5
scale_default,Epsilon_Greedy,epsilon=0.6,292,20.521391712758586,1.235833053717639,19.285558659040948,21.757224766476224,5
scale_default,Epsilon_Greedy,epsilon=0.6,293,20.700154310068037,1.2580042239234248,19.44215008614461,21.958158533991462,5
scale_default,Epsilon_Greedy,epsilon=0.6,294,20.8822700194012,1.343343219238686,19.538926800162514,22.225613238639887,5
scale_default,Epsilon_Greedy,epsilon=0.6,295,20.99366656450693,1.3606268278131548,19.633039736693775,22.354293392320088,5
scale_default,Epsilon_Greedy,epsilon=0.6,296,21.18641477135527,1.2983519205186398,19.88806285083663,22.48476669187391,5
scale_default,Epsilon_Greedy,epsilon=0.6,297,21.355353974906315,1.380658649450287,19.97469532545603,22.7360126243566,5
scale_default,Epsilon_Greedy,epsilon=0.6,298,21.522203660898963,1.4312468297238823,20.09095683117508,22.953450490622846,5
scale_default,Epsilon_Greedy,epsilon=0.6,299,21.857174813203518,1.601083079040192,20.256091734163327,23.458257892243708,5
scale_default,Epsilon_Greedy,epsilon=0.6,300,22.012534049623568,1.6076190982756913,20.404914951347877,23.62015314789926,5
scale_default,Epsilon_Greedy,epsilon=0.6,301,22.1871260270343,1.591802877359334,20.595323149674964,23.778928904393634,5
scale_default,Epsilon_Greedy,epsilon=0.6,302,22.354242261902886,1.6847827570886285,20.669459504814256,24.039025018991516,5
scale_default,Epsilon_Greedy,epsilon=0.6,303,22.485673582624333,1.667976473796408,20.817697108827925,24.15365005642074,5
scale_default,Epsilon_Greedy,epsilon=0.6,304,22.769014290979715,1.5885059654016884,21.180508325578028,24.357520256381402,5
scale_default,Epsilon_Greedy,epsilon=0.6,305,23.024553478968038,1.604021581921606,21.42053189704643,24.628575060889645,5
scale_default,Epsilon_Greedy,epsilon=0.6,306,23.288161080255545,1.7105308164866175,21.577630263768928,24.998691896742162,5
scale_default,Epsilon_Greedy,epsilon=0.6,307,23.432138395370423,1.6270400532912204,21.8050983420792,25.059178448661644,5
scale_default,Epsilon_Greedy,epsilon=0.6,308,23.56447166502207,1.6351422089662018,21.929329456055868,25.19961387398827,5
scale_default,Epsilon_Greedy,epsilon=0.6,309,23.70178710453673,1.6308743859793173,22.070912718557413,25.33266149051605,5
scale_default,Epsilon_Greedy,epsilon=0.6,310,23.86068585158734,1.584053460949861,22.27663239063748,25.4447393125372,5
scale_default,Epsilon_Greedy,epsilon=0.6,311,24.047572689884397,1.4925631462207833,22.555009543663616,25.54013583610518,5
scale_default,Epsilon_Greedy,epsilon=0.6,312,24.256351214710936,1.57852555273205,22.677825661978886,25.834876767442985,5
scale_default,Epsilon_Greedy,epsilon=0.6,313,24.351974230016655,1.6176294418088004,22.734344788207853,25.969603671825457,5
scale_default,Epsilon_Greedy,epsilon=0.6,314,24.49782284537894,1.5876511942086604,22.91017165117028,26.085474039587602,5
scale_default,Epsilon_Greedy,epsilon=0.6,315,24.639214278280743,1.692277257842218,22.946937020438526,26.33149153612296,5
scale_default,Epsilon_Greedy,epsilon=0.6,316,24.85062439377635,1.766870365217451,23.0837540285589,26.6174947589938,5
scale_default,Epsilon_Greedy,epsilon=0.6,317,25.019456584250783,1.739905161924482,23.2795514223263,26.759361746175266,5
scale_default,Epsilon_Greedy,epsilon=0.6,318,25.203362613518003,1.6778456312696437,23.52551698224836,26.881208244787647,5
scale_default,Epsilon_Greedy,epsilon=0.6,319,25.347252604897943,1.773288187900369,23.573964416997573,27.120540792798312,5
scale_default,Epsilon_Greedy,epsilon=0.6,320,25.47057484464192,1.7825268624237998,23.68804798221812,27.25310170706572,5
scale_default,Epsilon_Greedy,epsilon=0.6,321,25.683035694534823,1.7933337370574636,23.88970195747736,27.476369431592286,5
scale_default,Epsilon_Greedy,epsilon=0.6,322,25.906987715964465,1.8610950907681088,24.045892625196355,27.768082806732576,5
scale_default,Epsilon_Greedy,epsilon=0.6,323,26.127579663152222,1.8530676037295581,24.274512059422662,27.980647266881782,5
scale_default,Epsilon_Greedy,epsilon=0.6,324,26.36757156137569,1.8217173066346293,24.545854254741062,28.18928886801032,5
scale_default,Epsilon_Greedy,epsilon=0.6,325,26.52745345592037,1.832457999751855,24.694995456168513,28.359911455672226,5
scale_default,Epsilon_Greedy,epsilon=0.6,326,26.76904616637204,1.8345566187357185,24.93448954763632,28.603602785107757,5
scale_default,Epsilon_Greedy,epsilon=0.6,327,26.89272779616462,1.7113602575409692,25.18136753862365,28.604088053705592,5
scale_default,Epsilon_Greedy,epsilon=0.6,328,27.10713931270153,1.6808503109721948,25.426289001729337,28.787989623673724,5
scale_default,Epsilon_Greedy,epsilon=0.6,329,27.249281646070024,1.6796132906942787,25.569668355375747,28.9288949367643,5
scale_default,Epsilon_Greedy,epsilon=0.6,330,27.403587704887155,1.6646103193964206,25.738977385490735,29.068198024283575,5
scale_default,Epsilon_Greedy,epsilon=0.6,331,27.569878658659274,1.678506992234465,25.89137166642481,29.248385650893738,5
scale_default,Epsilon_Greedy,epsilon=0.6,332,27.780143717409167,1.6557269863453425,26.124416731063825,29.43587070375451,5
scale_default,Epsilon_Greedy,epsilon=0.6,333,28.06104551424911,1.575458047355377,26.485587466893733,29.636503561604485,5
scale_default,Epsilon_Greedy,epsilon=0.6,334,28.261635838829296,1.5261543885897217,26.735481450239575,29.787790227419016,5
scale_default,Epsilon_Greedy,epsilon=0.6,335,28.45859759472729,1.4389060322453404,27.01969156248195,29.897503626972632,5
scale_default,Epsilon_Greedy,epsilon=0.6,336,28.670585058348042,1.3630902667171154,27.307494791630926,30.033675325065158,5
scale_default,Epsilon_Greedy,epsilon=0.6,337,28.90590010206652,1.3281203914271642,27.57777971063936,30.234020493493684,5
scale_default,Epsilon_Greedy,epsilon=0.6,338,29.117273876666303,1.331002985833438,27.786270890832864,30.448276862499743,5
scale_default,Epsilon_Greedy,epsilon=0.6,339,29.295773989482946,1.2854665360307862,28.01030745345216,30.58124052551373,5
scale_default,Epsilon_Greedy,epsilon=0.6,340,29.435632380072832,1.272049094439917,28.163583285632914,30.70768147451275,5
scale_default,Epsilon_Greedy,epsilon=0.6,341,29.63566348775283,1.2902576416831941,28.345405846069635,30.925921129436023,5
scale_default,Epsilon_Greedy,epsilon=0.6,342,29.935492277358797,1.2452987096085735,28.690193567750224,31.18079098696737,5
scale_default,Epsilon_Greedy,epsilon=0.6,343,30.060785984512172,1.2383718874482779,28.822414097063895,31.29915787196045,5
scale_default,Epsilon_Greedy,epsilon=0.6,344,30.193134717091276,1.2328963149449104,28.960238402146366,31.426031032036185,5
scale_default,Epsilon_Greedy,epsilon=0.6,345,30.34448797634439,1.304140673949527,29.040347302394864,31.648628650293915,5
scale_default,Epsilon_Greedy,epsilon=0.6,346,30.50757085116686,1.355725457710015,29.151845393456846,31.863296308876876,5
scale_default,Epsilon_Greedy,epsilon=0.6,347,30.68303337458135,1.4382039840313134,29.244829390550034,32.12123735861266,5
scale_default,Epsilon_Greedy,epsilon=0.6,348,30.965589558905016,1.4540577990949564,29.511531759810058,32.41964735799997,5
scale_default,Epsilon_Greedy,epsilon=0.6,349,31.157372779033654,1.2419165998012023,29.91545617923245,32.39928937883486,5
scale_default,Epsilon_Greedy,epsilon=0.6,350,31.286943357954083,1.2779833334991932,30.00896002445489,32.56492669145327,5
scale_default,Epsilon_Greedy,epsilon=0.6,351,31.4112271171605,1.263895340842241,30.14733177631826,32.67512245800274,5
scale_default,Epsilon_Greedy,epsilon=0.6,352,31.49396682247825,1.1777795940355928,30.316187228442658,32.67174641651384,5
scale_default,Epsilon_Greedy,epsilon=0.6,353,31.642813500659475,1.1512388118349366,30.49157468882454,32.794052312494415,5
scale_default,Epsilon_Greedy,epsilon=0.6,354,31.939558622724395,1.1398000717455103,30.799758550978883,33.0793586944699,5
scale_default,Epsilon_Greedy,epsilon=0.6,355,32.06176843601504,1.0901410935644786,30.971627342450564,33.15190952957952,5
scale_default,Epsilon_Greedy,epsilon=0.6,356,32.292255207374275,0.9914032823543693,31.300851925019906,33.283658489728644,5
scale_default,Epsilon_Greedy,epsilon=0.6,357,32.3866127556781,0.9383826585149087,31.448230097163194,33.32499541419301,5
scale_default,Epsilon_Greedy,epsilon=0.6,358,32.6391518106101,0.9106695507464456,31.728482259863657,33.54982136135655,5
scale_default,Epsilon_Greedy,epsilon=0.6,359,32.75447475400185,0.9183670461592309,31.83610770784262,33.67284180016108,5
scale_default,Epsilon_Greedy,epsilon=0.6,360,32.95676706765218,1.0149871713830738,31.941779896269107,33.971754239035256,5
scale_default,Epsilon_Greedy,epsilon=0.6,361,33.091212956367464,1.0192753295212822,32.07193762684618,34.11048828588875,5
scale_default,Epsilon_Greedy,epsilon=0.6,362,33.219553571315316,1.1285777469574763,32.09097582435784,34.34813131827279,5
scale_default,Epsilon_Greedy,epsilon=0.6,363,33.295391368659715,1.0575221512037054,32.23786921745601,34.35291351986342,5
scale_default,Epsilon_Greedy,epsilon=0.6,364,33.40174026256899,1.1253293854242377,32.276410877144755,34.52706964799323,5
scale_default,Epsilon_Greedy,epsilon=0.6,365,33.573911049017,1.0563947668645273,32.51751628215247,34.63030581588153,5
scale_default,Epsilon_Greedy,epsilon=0.6,366,33.77054919040985,1.0361544795983104,32.73439471081154,34.80670367000816,5
scale_default,Epsilon_Greedy,epsilon=0.6,367,34.08230917764034,1.0607274852565025,33.02158169238384,35.14303666289684,5
scale_default,Epsilon_Greedy,epsilon=0.6,368,34.33676389660269,1.0477092257612477,33.289054670841445,35.384473122363936,5
scale_default,Epsilon_Greedy,epsilon=0.6,369,34.41779368090822,1.0831730060353708,33.334620674872845,35.50096668694359,5
scale_default,Epsilon_Greedy,epsilon=0.6,370,34.607683970231605,1.0598475202260498,33.547836450005555,35.667531490457655,5
scale_default,Epsilon_Greedy,epsilon=0.6,371,34.93816312029564,0.9185778973095484,34.019585222986095,35.85674101760519,5
scale_default,Epsilon_Greedy,epsilon=0.6,372,35.14446456333359,0.9694029327409593,34.17506163059263,36.113867496074555,5
scale_default,Epsilon_Greedy,epsilon=0.6,373,35.28446268813208,1.0433135785908272,34.241149109541254,36.32777626672291,5
scale_default,Epsilon_Greedy,epsilon=0.6,374,35.479615902047854,0.9201636806976681,34.559452221350185,36.39977958274552,5
scale_default,Epsilon_Greedy,epsilon=0.6,375,35.650059333905006,0.8798964010249523,34.770162932880055,36.529955734929956,5
scale_default,Epsilon_Greedy,epsilon=0.6,376,35.83024298133049,0.7980188770915273,35.03222410423896,36.62826185842202,5
scale_default,Epsilon_Greedy,epsilon=0.6,377,35.99320038371992,0.8240908447374806,35.16910953898244,36.81729122845741,5
scale_default,Epsilon_Greedy,epsilon=0.6,378,36.156099223929154,0.8158668443029254,35.34023237962623,36.97196606823208,5
scale_default,Epsilon_Greedy,epsilon=0.6,379,36.35208848030941,0.8069270420439596,35.54516143826545,37.15901552235337,5
scale_default,Epsilon_Greedy,epsilon=0.6,380,36.580030899795645,0.802089897273255,35.77794100252239,37.3821207970689,5
scale_default,Epsilon_Greedy,epsilon=0.6,381,36.7133050059368,0.8094405036197014,35.9038645023171,37.52274550955651,5
scale_default,Epsilon_Greedy,epsilon=0.6,382,36.822009269676066,0.8300979238645995,35.99191134581147,37.652107193540665,5
scale_default,Epsilon_Greedy,epsilon=0.6,383,37.03043978262776,0.9929565712522566,36.0374832113755,38.02339635388002,5
scale_default,Epsilon_Greedy,epsilon=0.6,384,37.20441937184226,1.000426665620473,36.20399270622179,38.20484603746274,5
scale_default,Epsilon_Greedy,epsilon=0.6,385,37.416960344971315,1.1892578182498807,36.22770252672144,38.60621816322119,5
scale_default,Epsilon_Greedy,epsilon=0.6,386,37.49935817124752,1.206031097351875,36.29332707389565,38.7053892685994,5
scale_default,Epsilon_Greedy,epsilon=0.6,387,37.70679850221579,1.2068700613829173,36.499928440832875,38.913668563598705,5
scale_default,Epsilon_Greedy,epsilon=0.6,388,37.88244904484445,1.239022651007341,36.64342639383711,39.12147169585179,5
scale_default,Epsilon_Greedy,epsilon=0.6,389,38.08195806021639,1.1828548931182745,36.89910316709811,39.26481295333466,5
scale_default,Epsilon_Greedy,epsilon=0.6,390,38.25263092440759,1.1920995238014485,37.060531400606145,39.444730448209036,5
scale_default,Epsilon_Greedy,epsilon=0.6,391,38.462560265872035,1.219666731080033,37.242893534792,39.68222699695207,5
scale_default,Epsilon_Greedy,epsilon=0.6,392,38.675019500449025,1.1578355094331774,37.51718399101585,39.8328550098822,5
scale_default,Epsilon_Greedy,epsilon=0.6,393,38.75215868936921,1.155120691563035,37.597037997806176,39.907279380932245,5
scale_default,Epsilon_Greedy,epsilon=0.6,394,38.964008707382526,1.307778395145133,37.65623031223739,40.27178710252766,5
scale_default,Epsilon_Greedy,epsilon=0.6,395,39.10535299093823,1.432678213242767,37.67267477769546,40.538031204180996,5
scale_default,Epsilon_Greedy,epsilon=0.6,396,39.28505419247394,1.3721655794781276,37.912888612995815,40.65721977195207,5
scale_default,Epsilon_Greedy,epsilon=0.6,397,39.39950758813329,1.4486987918354375,37.95080879629785,40.84820637996873,5
scale_default,Epsilon_Greedy,epsilon=0.6,398,39.68801515575291,1.570713096385056,38.11730205936785,41.25872825213796,5
scale_default,Epsilon_Greedy,epsilon=0.6,399,39.8673070707825,1.617494134343531,38.24981293643897,41.48480120512603,5
scale_default,Epsilon_Greedy,epsilon=0.6,400,40.08034555278056,1.656293953708139,38.42405159907242,41.73663950648869,5
scale_default,Epsilon_Greedy,epsilon=0.6,401,40.21881093703863,1.6130931096323236,38.60571782740631,41.83190404667096,5
scale_default,Epsilon_Greedy,epsilon=0.6,402,40.45219213971781,1.6924067232793252,38.75978541643848,42.144598862997135,5
scale_default,Epsilon_Greedy,epsilon=0.6,403,40.70318416070295,1.571272267406886,39.13191189329607,42.274456428109836,5
scale_default,Epsilon_Greedy,epsilon=0.6,404,40.84550693787886,1.560516109064145,39.28499082881471,42.406023046943005,5
scale_default,Epsilon_Greedy,epsilon=0.6,405,41.053361009114404,1.5433880575463323,39.50997295156807,42.596749066660735,5
scale_default,Epsilon_Greedy,epsilon=0.6,406,41.26860524932833,1.5476240140349153,39.720981235293415,42.81622926336325,5
scale_default,Epsilon_Greedy,epsilon=0.6,407,41.535296570945015,1.5730459433859283,39.96225062755909,43.10834251433094,5
scale_default,Epsilon_Greedy,epsilon=0.6,408,41.60260319066906,1.5693634889823744,40.03323970168668,43.17196667965143,5
scale_default,Epsilon_Greedy,epsilon=0.6,409,41.749730502257655,1.5240705293944368,40.22565997286322,43.27380103165209,5
scale_default,Epsilon_Greedy,epsilon=0.6,410,42.04921948254306,1.470519004812042,40.57870047773102,43.5197384873551,5
scale_default,Epsilon_Greedy,epsilon=0.6,411,42.20263874982931,1.4906532029634614,40.71198554686585,43.69329195279278,5
scale_default,Epsilon_Greedy,epsilon=0.6,412,42.43856429733136,1.3587924646513037,41.07977183268006,43.79735676198266,5
scale_default,Epsilon_Greedy,epsilon=0.6,413,42.70068193880087,1.2999204999499328,41.400761438850935,44.0006024387508,5
scale_default,Epsilon_Greedy,epsilon=0.6,414,42.81414209589342,1.282156130996071,41.53198596489735,44.096298226889495,5
scale_default,Epsilon_Greedy,epsilon=0.6,415,43.004402810307326,1.2930616567410274,41.7113411535663,44.29746446704835,5
scale_default,Epsilon_Greedy,epsilon=0.6,416,43.234536830864805,1.186192585750507,42.0483442451143,44.42072941661531,5
scale_default,Epsilon_Greedy,epsilon=0.6,417,43.34972525231626,1.1807725422590531,42.168952710057205,44.53049779457532,5
scale_default,Epsilon_Greedy,epsilon=0.6,418,43.50691958130421,1.1631134385535458,42.343806142750665,44.670033019857755,5
scale_default,Epsilon_Greedy,epsilon=0.6,419,43.63377552407337,1.260280714773253,42.37349480930012,44.89405623884662,5
scale_default,Epsilon_Greedy,epsilon=0.6,420,43.80205216364326,1.2362992880188473,42.56575287562441,45.03835145166211,5
scale_default,Epsilon_Greedy,epsilon=0.6,421,43.974870796920996,1.3346179741676625,42.64025282275333,45.30948877108866,5
scale_default,Epsilon_Greedy,epsilon=0.6,422,44.24756452069263,1.399562215394856,42.84800230529777,45.647126736087486,5
scale_default,Epsilon_Greedy,epsilon=0.6,423,44.34680790748706,1.3346537335781046,43.012154173908954,45.68146164106517,5
scale_default,Epsilon_Greedy,epsilon=0.6,424,44.508133947036725,1.2632129611770737,43.24492098585965,45.7713469082138,5
scale_default,Epsilon_Greedy,epsilon=0.6,425,44.571863666412156,1.2115926754640074,43.36027099094815,45.78345634187616,5
scale_default,Epsilon_Greedy,epsilon=0.6,426,44.83262378089561,1.329137822367425,43.50348595852819,46.16176160326303,5
scale_default,Epsilon_Greedy,epsilon=0.6,427,44.97424208995855,1.3568322793079273,43.61740981065062,46.33107436926648,5
scale_default,Epsilon_Greedy,epsilon=0.6,428,45.17086636027028,1.2960623028176697,43.874804057452614,46.46692866308795,5
scale_default,Epsilon_Greedy,epsilon=0.6,429,45.30280916829485,1.2446150614146936,44.05819410688016,46.54742422970954,5
scale_default,Epsilon_Greedy,epsilon=0.6,430,45.6177896219253,1.2701853208040843,44.347604301121216,46.88797494272938,5
scale_default,Epsilon_Greedy,epsilon=0.6,431,45.74034271623847,1.2115896008028815,44.52875311543559,46.951932317041354,5
scale_default,Epsilon_Greedy,epsilon=0.6,432,45.92568624447301,1.1711975101669945,44.754488734306015,47.09688375464001,5
scale_default,Epsilon_Greedy,epsilon=0.6,433,46.12428886478766,1.152012009331191,44.97227685545647,47.276300874118846,5
scale_default,Epsilon_Greedy,epsilon=0.6,434,46.29581854933682,1.17795399131981,45.11786455801701,47.47377254065663,5
scale_default,Epsilon_Greedy,epsilon=0.6,435,46.41588490413994,1.254412063666344,45.1614728404736,47.67029696780629,5
scale_default,Epsilon_Greedy,epsilon=0.6,436,46.572604192615586,1.3493390434098642,45.22326514920572,47.92194323602545,5
scale_default,Epsilon_Greedy,epsilon=0.6,437,46.73815372293513,1.3737826202191183,45.364371102716014,48.11193634315425,5
scale_default,Epsilon_Greedy,epsilon=0.6,438,46.91966754165193,1.457299996922791,45.46236754472914,48.376967538574725,5
scale_default,Epsilon_Greedy,epsilon=0.6,439,47.013093631234895,1.5092916125205735,45.503802018714325,48.522385243755465,5
scale_default,Epsilon_Greedy,epsilon=0.6,440,47.201365798921316,1.532347109300125,45.66901868962119,48.73371290822144,5
scale_default,Epsilon_Greedy,epsilon=0.6,441,47.2928910295952,1.4826957712505344,45.81019525834466,48.77558680084573,5
scale_default,Epsilon_Greedy,epsilon=0.6,442,47.48673277720269,1.4126080132054903,46.0741247639972,48.89934079040818,5
scale_default,Epsilon_Greedy,epsilon=0.6,443,47.65064817146227,1.3406665412532692,46.309981630209,48.99131471271554,5
scale_default,Epsilon_Greedy,epsilon=0.6,444,48.024550680431275,1.4509948228259235,46.57355585760535,49.4755455032572,5
scale_default,Epsilon_Greedy,epsilon=0.6,445,48.21947749006795,1.4933705877687955,46.72610690229916,49.712848077836746,5
scale_default,Epsilon_Greedy,epsilon=0.6,446,48.40481664239476,1.4646211541611613,46.9401954882336,49.86943779655593,5
scale_default,Epsilon_Greedy,epsilon=0.6,447,48.503920530063596,1.4517771350010118,47.052143395062586,49.955697665064605,5
scale_default,Epsilon_Greedy,epsilon=0.6,448,48.684860220626945,1.506666217432256,47.17819400319469,50.1915264380592,5
scale_default,Epsilon_Greedy,epsilon=0.6,449,48.860191868880705,1.5590225998792084,47.3011692690015,50.41921446875991,5
scale_default,Epsilon_Greedy,epsilon=0.6,450,49.10048419004572,1.5861156045395828,47.51436858550613,50.686599794585305,5
scale_default,Epsilon_Greedy,epsilon=0.6,451,49.21094195291198,1.5955860799710948,47.61535587294089,50.80652803288307,5
scale_default,Epsilon_Greedy,epsilon=0.6,452,49.37235676532795,1.6471024935766603,47.72525427175129,51.01945925890461,5
scale_default,Epsilon_Greedy,epsilon=0.6,453,49.62122302332334,1.5928510852733933,48.02837193804994,51.21407410859673,5
scale_default,Epsilon_Greedy,epsilon=0.6,454,49.69224846964507,1.5914978962747746,48.1007505733703,51.283746365919846,5
scale_default,Epsilon_Greedy,epsilon=0.6,455,49.81010482091474,1.534955113365202,48.27514970754954,51.34505993427994,5
scale_default,Epsilon_Greedy,epsilon=0.6,456,49.927921842544286,1.5036246054217526,48.42429723712253,51.43154644796604,5
scale_default,Epsilon_Greedy,epsilon=0.6,457,50.11967102778775,1.562288472061422,48.55738255572633,51.68195949984918,5
scale_default,Epsilon_Greedy,epsilon=0.6,458,50.329457808190725,1.498084476020121,48.83137333217061,51.82754228421084,5
scale_default,Epsilon_Greedy,epsilon=0.6,459,50.48979666790912,1.529864179334382,48.95993248857474,52.0196608472435,5
scale_default,Epsilon_Greedy,epsilon=0.6,460,50.606462423870624,1.5110782684223274,49.0953841554483,52.11754069229295,5
scale_default,Epsilon_Greedy,epsilon=0.6,461,50.71692340911541,1.4181622733223898,49.29876113579302,52.1350856824378,5
scale_default,Epsilon_Greedy,epsilon=0.6,462,51.0041808153157,1.3927663418498735,49.61141447346583,52.39694715716557,5
scale_default,Epsilon_Greedy,epsilon=0.6,463,51.34829324020618,1.6948937760351954,49.65339946417099,53.043187016241376,5
scale_default,Epsilon_Greedy,epsilon=0.6,464,51.500152332066605,1.642854944147148,49.85729738791946,53.14300727621375,5
scale_default,Epsilon_Greedy,epsilon=0.6,465,51.79588891376538,1.4926056410074715,50.30328327275791,53.28849455477285,5
scale_default,Epsilon_Greedy,epsilon=0.6,466,51.8933517110386,1.5273221112045154,50.366029599834086,53.42067382224311,5
scale_default,Epsilon_Greedy,epsilon=0.6,467,52.04800370214341,1.570701118393672,50.47730258374974,53.61870482053708,5
scale_default,Epsilon_Greedy,epsilon=0.6,468,52.18120131483831,1.5306146446088693,50.650586670229444,53.71181595944718,5
scale_default,Epsilon_Greedy,epsilon=0.6,469,52.45648421312126,1.5162147668446355,50.94026944627662,53.97269897996589,5
scale_default,Epsilon_Greedy,epsilon=0.6,470,52.654539258295515,1.5219964359253346,51.13254282237018,54.176535694220846,5
scale_default,Epsilon_Greedy,epsilon=0.6,471,52.931203764979884,1.5123581168405702,51.41884564813931,54.44356188182046,5
scale_default,Epsilon_Greedy,epsilon=0.6,472,53.23041026749327,1.4152357408136853,51.815174526679584,54.645646008306954,5
scale_default,Epsilon_Greedy,epsilon=0.6,473,53.63972881762131,1.5349534903245723,52.104775327296736,55.174682307945886,5
scale_default,Epsilon_Greedy,epsilon=0.6,474,53.98605492011636,1.6011204868913893,52.38493443322497,55.58717540700775,5
scale_default,Epsilon_Greedy,epsilon=0.6,475,54.1589353402695,1.5027217382401354,52.65621360202937,55.661657078509634,5
scale_default,Epsilon_Greedy,epsilon=0.6,476,54.32149419680686,1.5459290901891416,52.77556510661772,55.867423286996,5
scale_default,Epsilon_Greedy,epsilon=0.6,477,54.60666388162874,1.4227402538039864,53.183923627824754,56.02940413543273,5
scale_default,Epsilon_Greedy,epsilon=0.6,478,54.9892522392978,1.4666740420256887,53.52257819727211,56.455926281323485,5
scale_default,Epsilon_Greedy,epsilon=0.6,479,55.13809350059752,1.41099765961495,53.72709584098257,56.54909116021247,5
scale_default,Epsilon_Greedy,epsilon=0.6,480,55.35764395360803,1.3510418221450153,54.00660213146302,56.70868577575305,5
scale_default,Epsilon_Greedy,epsilon=0.6,481,55.581976792918205,1.3021600893619327,54.27981670355627,56.88413688228014,5
scale_default,Epsilon_Greedy,epsilon=0.6,482,55.748885640178834,1.308644223890373,54.44024141628846,57.05752986406921,5
scale_default,Epsilon_Greedy,epsilon=0.6,483,55.848357947481404,1.3224387053469222,54.52591924213448,57.17079665282833,5
scale_default,Epsilon_Greedy,epsilon=0.6,484,56.014819542525096,1.3735436348445618,54.64127590768054,57.388363177369655,5
scale_default,Epsilon_Greedy,epsilon=0.6,485,56.20848805226302,1.3581375677879344,54.850350484475086,57.56662562005096,5
scale_default,Epsilon_Greedy,epsilon=0.6,486,56.3958105465353,1.3245103871404715,55.07130015939483,57.72032093367577,5
scale_default,Epsilon_Greedy,epsilon=0.6,487,56.46609730491092,1.336787862252922,55.129309442658,57.802885167163836,5
scale_default,Epsilon_Greedy,epsilon=0.6,488,56.78262446039439,1.378515226340768,55.40410923405362,58.161139686735154,5
scale_default,Epsilon_Greedy,epsilon=0.6,489,56.853372589852015,1.373128821227747,55.48024376862427,58.22650141107976,5
scale_default,Epsilon_Greedy,epsilon=0.6,490,57.049046433422404,1.4076799823693509,55.64136645105305,58.456726415791756,5
scale_default,Epsilon_Greedy,epsilon=0.6,491,57.2510775305999,1.359282086801168,55.891795443798735,58.610359617401066,5
scale_default,Epsilon_Greedy,epsilon=0.6,492,57.50709745419706,1.4230335745023266,56.08406387969473,58.930131028699385,5
scale_default,Epsilon_Greedy,epsilon=0.6,493,57.543019785603164,1.395442874986801,56.147576910616365,58.93846266058996,5
scale_default,Epsilon_Greedy,epsilon=0.6,494,57.8291472904303,1.4212519428752897,56.40789534755501,59.250399233305586,5
scale_default,Epsilon_Greedy,epsilon=0.6,495,58.071087793359666,1.4304627929353293,56.640625000424336,59.501550586295,5
scale_default,Epsilon_Greedy,epsilon=0.6,496,58.34790200622655,1.12257216653255,57.225329839694,59.4704741727591,5
scale_default,Epsilon_Greedy,epsilon=0.6,497,58.500118291251,1.2555029739376302,57.24461531731337,59.75562126518863,5
scale_default,Epsilon_Greedy,epsilon=0.6,498,58.7412093873869,1.2575691951699604,57.48364019221694,59.99877858255687,5
scale_default,Epsilon_Greedy,epsilon=0.6,499,58.865691332690155,1.3565323974701937,57.50915893521996,60.22222373016035,5
scale_default,Epsilon_Greedy,epsilon=0.6,500,59.1051796836687,1.3167802872485699,57.78839939642013,60.42195997091727,5
scale_default,Epsilon_Greedy,epsilon=0.6,501,59.3119416378767,1.3278442485014137,57.984097389375286,60.639785886378114,5
scale_default,Epsilon_Greedy,epsilon=0.6,502,59.41731448301518,1.4148662261053784,58.0024482569098,60.832180709120564,5
scale_default,Epsilon_Greedy,epsilon=0.6,503,59.580300712151974,1.4527630388031845,58.12753767334879,61.03306375095516,5
scale_default,Epsilon_Greedy,epsilon=0.6,504,59.84926204465239,1.5257057083870373,58.323556336265355,61.37496775303943,5
scale_default,Epsilon_Greedy,epsilon=0.6,505,60.017742744787846,1.4841264492421595,58.533616295545684,61.50186919403001,5
scale_default,Epsilon_Greedy,epsilon=0.6,506,60.12248839100844,1.512084200145247,58.61040419086319,61.634572591153685,5
scale_default,Epsilon_Greedy,epsilon=0.6,507,60.25424815930761,1.5733304272667377,58.68091773204087,61.82757858657435,5
scale_default,Epsilon_Greedy,epsilon=0.6,508,60.40290933408825,1.6259276035786032,58.77698173050965,62.02883693766685,5
scale_default,Epsilon_Greedy,epsilon=0.6,509,60.54126105278654,1.7021538482207086,58.83910720456583,62.24341490100725,5
scale_default,Epsilon_Greedy,epsilon=0.6,510,60.69228591805599,1.6708085294283954,59.02147738862759,62.363094447484386,5
scale_default,Epsilon_Greedy,epsilon=0.6,511,60.814665154637886,1.6469079568471243,59.16775719779076,62.46157311148501,5
scale_default,Epsilon_Greedy,epsilon=0.6,512,60.98080453107544,1.4926875924547738,59.48811693862067,62.473492123530214,5
scale_default,Epsilon_Greedy,epsilon=0.6,513,61.30844476603069,1.5422368390212673,59.766207927009425,62.85068160505195,5
scale_default,Epsilon_Greedy,epsilon=0.6,514,61.48881165701955,1.5427068904109396,59.94610476660861,63.031518547430494,5
scale_default,Epsilon_Greedy,epsilon=0.6,515,61.87235462693949,1.4871252061676157,60.38522942077187,63.35947983310711,5
scale_default,Epsilon_Greedy,epsilon=0.6,516,62.14812190935554,1.4561948113995955,60.69192709795594,63.604316720755136,5
scale_default,Epsilon_Greedy,epsilon=0.6,517,62.324366387682424,1.357510776637804,60.96685561104462,63.68187716432023,5
scale_default,Epsilon_Greedy,epsilon=0.6,518,62.54707436214717,1.3558634713479407,61.19121089079923,63.90293783349511,5
scale_default,Epsilon_Greedy,epsilon=0.6,519,62.68158155739839,1.3962307663695777,61.28535079102881,64.07781232376797,5
scale_default,Epsilon_Greedy,epsilon=0.6,520,62.98577821778933,1.584971898614285,61.40080631917505,64.57075011640362,5
scale_default,Epsilon_Greedy,epsilon=0.6,521,63.14715133965369,1.6330171849567143,61.514134154696976,64.7801685246104,5
scale_default,Epsilon_Greedy,epsilon=0.6,522,63.41967300441344,1.8065063457365196,61.61316665867692,65.22617935014996,5
scale_default,Epsilon_Greedy,epsilon=0.6,523,63.698923543433,1.8524387732161747,61.846484770216826,65.55136231664918,5
scale_default,Epsilon_Greedy,epsilon=0.6,524,63.87205913482313,1.900621293514181,61.971437841308955,65.77268042833731,5
scale_default,Epsilon_Greedy,epsilon=0.6,525,64.10005738977311,1.9081000620978479,62.19195732767527,66.00815745187096,5
scale_default,Epsilon_Greedy,epsilon=0.6,526,64.23676813591098,1.9374867120810486,62.29928142382993,66.17425484799203,5
scale_default,Epsilon_Greedy,epsilon=0.6,527,64.41848509688062,1.862232981560843,62.55625211531977,66.28071807844145,5
scale_default,Epsilon_Greedy,epsilon=0.6,528,64.64101665405032,1.7570314606874813,62.88398519336284,66.3980481147378,5
scale_default,Epsilon_Greedy,epsilon=0.6,529,64.88312618925877,1.8240794574600527,63.05904673179872,66.70720564671883,5
scale_default,Epsilon_Greedy,epsilon=0.6,530,65.08114439190942,1.7930163309180975,63.28812806099132,66.87416072282751,5
scale_default,Epsilon_Greedy,epsilon=0.6,531,65.35337916057821,1.849961662896215,63.503417497682,67.20334082347443,5
scale_default,Epsilon_Greedy,epsilon=0.6,532,65.66341385324817,1.719085563617575,63.9443282896306,67.38249941686574,5
scale_default,Epsilon_Greedy,epsilon=0.6,533,65.841997016132,1.7977461551228429,64.04425086100916,67.63974317125484,5
scale_default,Epsilon_Greedy,epsilon=0.6,534,65.99448577311288,1.9018289472827725,64.09265682583012,67.89631472039565,5
scale_default,Epsilon_Greedy,epsilon=0.6,535,66.1819399039515,1.7980075929485988,64.38393231100291,67.9799474969001,5
scale_default,Epsilon_Greedy,epsilon=0.6,536,66.35135740020439,1.7311575226668632,64.62019987753753,68.08251492287125,5
scale_default,Epsilon_Greedy,epsilon=0.6,537,66.58707728067301,1.660824702676308,64.9262525779967,68.24790198334932,5
scale_default,Epsilon_Greedy,epsilon=0.6,538,66.68909794052294,1.6268414396575595,65.06225650086539,68.3159393801805,5
scale_default,Epsilon_Greedy,epsilon=0.6,539,66.92714866040376,1.6279335241568145,65.29921513624694,68.55508218456058,5
scale_default,Epsilon_Greedy,epsilon=0.6,540,67.00862388480166,1.5762146613539274,65.43240922344773,68.5848385461556,5
scale_default,Epsilon_Greedy,epsilon=0.6,541,67.18960982434228,1.612819173222945,65.57679065111934,68.80242899756523,5
scale_default,Epsilon_Greedy,epsilon=0.6,542,67.30983063201765,1.6306297945536015,65.67920083746405,68.94046042657125,5
scale_default,Epsilon_Greedy,epsilon=0.6,543,67.55193980533184,1.459947126474868,66.09199267885697,69.01188693180671,5
scale_default,Epsilon_Greedy,epsilon=0.6,544,67.89539558801711,1.5677237636775365,66.32767182433957,69.46311935169464,5
scale_default,Epsilon_Greedy,epsilon=0.6,545,68.11498292677494,1.522602290408279,66.59238063636667,69.63758521718322,5
scale_default,Epsilon_Greedy,epsilon=0.6,546,68.3217969305972,1.5274225212417212,66.79437440935548,69.84921945183892,5
scale_default,Epsilon_Greedy,epsilon=0.6,547,68.41933302171978,1.5738985631125137,66.84543445860727,69.99323158483229,5
scale_default,Epsilon_Greedy,epsilon=0.6,548,68.75397776599364,1.75435959035992,66.99961817563371,70.50833735635356,5
scale_default,Epsilon_Greedy,epsilon=0.6,549,68.99576275257729,1.715538451495646,67.28022430108165,70.71130120407294,5
scale_default,Epsilon_Greedy,epsilon=0.6,550,69.25380705500415,1.8224568070316551,67.43135024797249,71.0762638620358,5
scale_default,Epsilon_Greedy,epsilon=0.6,551,69.37800931059165,1.8660612324134982,67.51194807817815,71.24407054300515,5
scale_default,Epsilon_Greedy,epsilon=0.6,552,69.53394033270072,1.7888853285773778,67.74505500412334,71.3228256612781,5
scale_default,Epsilon_Greedy,epsilon=0.6,553,69.73365775153415,1.7120129261813728,68.02164482535278,71.44567067771553,5
scale_default,Epsilon_Greedy,epsilon=0.6,554,69.9255360404197,1.5704087766004333,68.35512726381927,71.49594481702013,5
scale_default,Epsilon_Greedy,epsilon=0.6,555,70.07091057764808,1.5685615163276936,68.50234906132039,71.63947209397577,5
scale_default,Epsilon_Greedy,epsilon=0.6,556,70.2058063114568,1.5391018877516944,68.6667044237051,71.7449081992085,5
scale_default,Epsilon_Greedy,epsilon=0.6,557,70.38186149589882,1.520359022371769,68.86150247352705,71.90222051827058,5
scale_default,Epsilon_Greedy,epsilon=0.6,558,70.57159909587861,1.5493250514160832,69.02227404446253,72.12092414729469,5
scale_default,Epsilon_Greedy,epsilon=0.6,559,70.65291623454308,1.5563474280945275,69.09656880644856,72.20926366263761,5
scale_default,Epsilon_Greedy,epsilon=0.6,560,70.90286299153009,1.539483495013924,69.36337949651616,72.44234648654401,5
scale_default,Epsilon_Greedy,epsilon=0.6,561,71.05689479782822,1.576399606378686,69.48049519144953,72.63329440420691,5
scale_default,Epsilon_Greedy,epsilon=0.6,562,71.35420922938528,1.7259241327484274,69.62828509663684,73.08013336213371,5
scale_default,Epsilon_Greedy,epsilon=0.6,563,71.51382600572728,1.7667474506533536,69.74707855507393,73.28057345638064,5
scale_default,Epsilon_Greedy,epsilon=0.6,564,71.69108933231196,1.735611126965278,69.95547820534668,73.42670045927724,5
scale_default,Epsilon_Greedy,epsilon=0.6,565,71.81648680501135,1.743347303620235,70.07313950139111,73.55983410863159,5
scale_default,Epsilon_Greedy,epsilon=0.6,566,71.95670191794807,1.738248529245072,70.218453388703,73.69495044719314,5
scale_default,Epsilon_Greedy,epsilon=0.6,567,72.09829197199655,1.8446667768984417,70.25362519509811,73.94295874889498,5
scale_default,Epsilon_Greedy,epsilon=0.6,568,72.24100948542808,1.7769222746811444,70.46408721074694,74.01793176010922,5
scale_default,Epsilon_Greedy,epsilon=0.6,569,72.33926378880597,1.8651894014354233,70.47407438737054,74.2044531902414,5
scale_default,Epsilon_Greedy,epsilon=0.6,570,72.53843268301875,1.905177322003734,70.63325536101502,74.44361000502249,5
scale_default,Epsilon_Greedy,epsilon=0.6,571,72.72376543629404,1.8372410313177874,70.88652440497626,74.56100646761183,5
scale_default,Epsilon_Greedy,epsilon=0.6,572,72.86736391946042,1.827564496913767,71.03979942254665,74.69492841637418,5
scale_default,Epsilon_Greedy,epsilon=0.6,573,73.04856392973649,1.695236960424338,71.35332696931215,74.74380089016083,5
scale_default,Epsilon_Greedy,epsilon=0.6,574,73.25239736335031,1.7352803239289727,71.51711703942134,74.98767768727929,5
scale_default,Epsilon_Greedy,epsilon=0.6,575,73.6092490291842,1.628714656429217,71.98053437275499,75.23796368561341,5
scale_default,Epsilon_Greedy,epsilon=0.6,576,73.83421783092227,1.5989768449179116,72.23524098600436,75.43319467584018,5
scale_default,Epsilon_Greedy,epsilon=0.6,577,74.02117068487088,1.6711764317250535,72.34999425314582,75.69234711659594,5
scale_default,Epsilon_Greedy,epsilon=0.6,578,74.23023911821653,1.6458341571698,72.58440496104673,75.87607327538633,5
scale_default,Epsilon_Greedy,epsilon=0.6,579,74.49060414937652,1.5027904024017704,72.98781374697475,75.9933945517783,5
scale_default,Epsilon_Greedy,epsilon=0.6,580,74.58349528924732,1.5958368237032796,72.98765846554404,76.1793321129506,5
scale_default,Epsilon_Greedy,epsilon=0.6,581,74.8783267930905,1.5537618899489105,73.32456490314158,76.43208868303941,5
scale_default,Epsilon_Greedy,epsilon=0.6,582,74.95639801975382,1.5730563051052868,73.38334171464854,76.5294543248591,5
scale_default,Epsilon_Greedy,epsilon=0.6,583,75.17349171982401,1.653248352810689,73.52024336701332,76.8267400726347,5
scale_default,Epsilon_Greedy,epsilon=0.6,584,75.4094199217637,1.5083994881369813,73.90102043362671,76.91781940990069,5
scale_default,Epsilon_Greedy,epsilon=0.6,585,75.50404592133123,1.5328617890521772,73.97118413227905,77.0369077103834,5
scale_default,Epsilon_Greedy,epsilon=0.6,586,75.70800043174933,1.5686996532178372,74.13930077853149,77.27670008496716,5
scale_default,Epsilon_Greedy,epsilon=0.6,587,75.92230152570593,1.535917096134365,74.38638442957156,77.4582186218403,5
scale_default,Epsilon_Greedy,epsilon=0.6,588,76.05833442107544,1.5231045395963934,74.53522988147905,77.58143896067183,5
scale_default,Epsilon_Greedy,epsilon=0.6,589,76.17897538467864,1.536294485109319,74.64268089956931,77.71526986978796,5
scale_default,Epsilon_Greedy,epsilon=0.6,590,76.32070945827905,1.532252192354553,74.7884572659245,77.8529616506336,5
scale_default,Epsilon_Greedy,epsilon=0.6,591,76.5053415608709,1.5594300538493118,74.94591150702159,78.06477161472021,5
scale_default,Epsilon_Greedy,epsilon=0.6,592,76.69804863616244,1.6540581782168076,75.04399045794563,78.35210681437925,5
scale_default,Epsilon_Greedy,epsilon=0.6,593,76.87054493243231,1.7426820241711949,75.12786290826112,78.6132269566035,5
scale_default,Epsilon_Greedy,epsilon=0.6,594,77.09503622394341,1.7211103937985766,75.37392583014483,78.81614661774199,5
scale_default,Epsilon_Greedy,epsilon=0.6,595,77.16299775242622,1.7701307249468279,75.3928670274794,78.93312847737305,5
scale_default,Epsilon_Greedy,epsilon=0.6,596,77.34339873277233,1.7690922370949023,75.57430649567743,79.11249096986722,5
scale_default,Epsilon_Greedy,epsilon=0.6,597,77.53559196602279,1.680740042221023,75.85485192380177,79.21633200824381,5
scale_default,Epsilon_Greedy,epsilon=0.6,598,77.74596772017718,1.5659126081708818,76.1800551120063,79.31188032834805,5
scale_default,Epsilon_Greedy,epsilon=0.6,599,77.86268232558773,1.6281440342770992,76.23453829131063,79.49082635986483,5
scale_default,Epsilon_Greedy,epsilon=0.65,0,0.0550178028131326,0.06543350926012222,-0.010415706446989616,0.12045131207325482,5
scale_default,Epsilon_Greedy,epsilon=0.65,1,0.12951314889982452,0.09773771084286957,0.031775438056954944,0.2272508597426941,5
scale_default,Epsilon_Greedy,epsilon=0.65,2,0.22415729278632063,0.14450027047748265,0.07965702230883798,0.3686575632638033,5
scale_default,Epsilon_Greedy,epsilon=0.65,3,0.23803125933845015,0.13564453111444738,0.10238672822400277,0.37367579045289756,5
scale_default,Epsilon_Greedy,epsilon=0.65,4,0.266647238058621,0.14531675303572036,0.12133048502290064,0.41196399109434134,5
scale_default,Epsilon_Greedy,epsilon=0.65,5,0.27319367671280265,0.1427153172480542,0.13047835946474845,0.41590899396085684,5
scale_default,Epsilon_Greedy,epsilon=0.65,6,0.2919764646699593,0.13946739303462716,0.15250907163533214,0.4314438577045865,5
scale_default,Epsilon_Greedy,epsilon=0.65,7,0.318148022075449,0.13565789477921059,0.18249012729623842,0.4538059168546596,5
scale_default,Epsilon_Greedy,epsilon=0.65,8,0.37219730038010457,0.12850439132454877,0.2436929090555558,0.5007016917046534,5
scale_default,Epsilon_Greedy,epsilon=0.65,9,0.38155383718275343,0.12747741860036899,0.25407641858238444,0.5090312557831225,5
scale_default,Epsilon_Greedy,epsilon=0.65,10,0.3961015305695482,0.1274775446146167,0.26862398595493153,0.5235790751841649,5
scale_default,Epsilon_Greedy,epsilon=0.65,11,0.4471951637365767,0.21453752391120862,0.23265763982536808,0.6617326876477854,5
scale_default,Epsilon_Greedy,epsilon=0.65,12,0.49325287613658053,0.21142955418070467,0.2818233219558759,0.7046824303172852,5
scale_default,Epsilon_Greedy,epsilon=0.65,13,0.4998653194043035,0.21030172481998619,0.28956359458431735,0.7101670442242897,5
scale_default,Epsilon_Greedy,epsilon=0.65,14,0.5331975988469766,0.208472965323454,0.3247246335235226,0.7416705641704306,5
scale_default,Epsilon_Greedy,epsilon=0.65,15,0.5602051812361413,0.1989857864915366,0.3612193947446047,0.7591909677276778,5
scale_default,Epsilon_Greedy,epsilon=0.65,16,0.584637997228028,0.19544486804653277,0.38919312918149523,0.7800828652745608,5
scale_default,Epsilon_Greedy,epsilon=0.65,17,0.6127302478720348,0.19269880443994636,0.4200314434320884,0.8054290523119811,5
scale_default,Epsilon_Greedy,epsilon=0.65,18,0.6707753526929272,0.2087374546727262,0.462037898020201,0.8795128073656534,5
scale_default,Epsilon_Greedy,epsilon=0.65,19,0.7104882514503521,0.18979780402933358,0.5206904474210186,0.9002860554796857,5
scale_default,Epsilon_Greedy,epsilon=0.65,20,0.7331495803921616,0.160464692880835,0.5726848875113266,0.8936142732729966,5
scale_default,Epsilon_Greedy,epsilon=0.65,21,0.7680120368647332,0.13363166279519095,0.6343803740695422,0.9016436996599242,5
scale_default,Epsilon_Greedy,epsilon=0.65,22,0.7805034843405201,0.1418336556996889,0.6386698286408312,0.922337140040209,5
scale_default,Epsilon_Greedy,epsilon=0.65,23,0.8274312250938909,0.1724695138789423,0.6549617112149486,0.9999007389728332,5
scale_default,Epsilon_Greedy,epsilon=0.65,24,0.8401800256659907,0.17511873907176337,0.6650612865942274,1.015298764737754,5
scale_default,Epsilon_Greedy,epsilon=0.65,25,0.8608495529116194,0.1745384201183836,0.6863111327932357,1.0353879730300029,5
scale_default,Epsilon_Greedy,epsilon=0.65,26,0.8737773961729225,0.17882888996902055,0.6949485062039019,1.052606286141943,5
scale_default,Epsilon_Greedy,epsilon=0.65,27,0.9127848569103879,0.2015316937096307,0.7112531632007573,1.1143165506200186,5
scale_default,Epsilon_Greedy,epsilon=0.65,28,0.9528295303442761,0.20355064940004378,0.7492788809442323,1.1563801797443198,5
scale_default,Epsilon_Greedy,epsilon=0.65,29,0.9597265485557129,0.20471276672591282,0.7550137818298002,1.1644393152816257,5
scale_default,Epsilon_Greedy,epsilon=0.65,30,1.0199099310453899,0.21832215597970692,0.8015877750656829,1.2382320870250967,5
scale_default,Epsilon_Greedy,epsilon=0.65,31,1.0370184112524299,0.2081629621253341,0.8288554491270957,1.245181373377764,5
scale_default,Epsilon_Greedy,epsilon=0.65,32,1.0744810418189927,0.23317800865980323,0.8413030331591895,1.307659050478796,5
scale_default,Epsilon_Greedy,epsilon=0.65,33,1.1021001323920405,0.20146065476886754,0.900639477623173,1.303560787160908,5
scale_default,Epsilon_Greedy,epsilon=0.65,34,1.1126701242662835,0.19005791110328968,0.9226122131629939,1.3027280353695732,5
scale_default,Epsilon_Greedy,epsilon=0.65,35,1.1220375089113297,0.18774551566174044,0.9342919932495892,1.3097830245730702,5
scale_default,Epsilon_Greedy,epsilon=0.65,36,1.1560025348788954,0.21390390720272084,0.9420986276761745,1.3699064420816163,5
scale_default,Epsilon_Greedy,epsilon=0.65,37,1.1842186884515247,0.21911422924790266,0.965104459203622,1.4033329176994274,5
scale_default,Epsilon_Greedy,epsilon=0.65,38,1.2182353861102355,0.23817478657893473,0.9800605995313008,1.4564101726891703,5
scale_default,Epsilon_Greedy,epsilon=0.65,39,1.2436667922393077,0.23473150492174838,1.0089352873175592,1.478398297161056,5
scale_default,Epsilon_Greedy,epsilon=0.65,40,1.2769592267818872,0.21956699420301537,1.0573922325788718,1.4965262209849026,5
scale_default,Epsilon_Greedy,epsilon=0.65,41,1.3109339631852557,0.2538168376245504,1.0571171255607053,1.564750800809806,5
scale_default,Epsilon_Greedy,epsilon=0.65,42,1.3322003109675429,0.26791336271940647,1.0642869482481365,1.6001136736869492,5
scale_default,Epsilon_Greedy,epsilon=0.65,43,1.347920029227561,0.26339021793563344,1.0845298112919277,1.6113102471631944,5
scale_default,Epsilon_Greedy,epsilon=0.65,44,1.3813111222976135,0.22689799087845225,1.1544131314191612,1.6082091131760659,5
scale_default,Epsilon_Greedy,epsilon=0.65,45,1.4205362664813561,0.20907306718099136,1.2114631993003648,1.6296093336623474,5
scale_default,Epsilon_Greedy,epsilon=0.65,46,1.444306107511352,0.22423469774060711,1.2200714097707448,1.668540805251959,5
scale_default,Epsilon_Greedy,epsilon=0.65,47,1.5010669556148346,0.23657497585383608,1.2644919797609986,1.7376419314686706,5
scale_default,Epsilon_Greedy,epsilon=0.65,48,1.5163714788585376,0.23475454639237714,1.2816169324661604,1.7511260252509149,5
scale_default,Epsilon_Greedy,epsilon=0.65,49,1.554724847075541,0.2399561736975424,1.3147686733779986,1.7946810207730834,5
scale_default,Epsilon_Greedy,epsilon=0.65,50,1.6017489769629936,0.2582044805624213,1.3435444964005723,1.8599534575254149,5
scale_default,Epsilon_Greedy,epsilon=0.65,51,1.6353163867684788,0.27315857415767203,1.3621578126108067,1.9084749609261509,5
scale_default,Epsilon_Greedy,epsilon=0.65,52,1.657458852710705,0.25729991623260506,1.4001589364781,1.91475876894331,5
scale_default,Epsilon_Greedy,epsilon=0.65,53,1.6895146233956286,0.26112331196525973,1.428391311430369,1.9506379353608883,5
scale_default,Epsilon_Greedy,epsilon=0.65,54,1.6999576723780687,0.25885898858633205,1.4410986837917368,1.9588166609644007,5
scale_default,Epsilon_Greedy,epsilon=0.65,55,1.7174147156413835,0.2585547469904668,1.4588599686509167,1.9759694626318502,5
scale_default,Epsilon_Greedy,epsilon=0.65,56,1.7487545604438295,0.24547612237231992,1.5032784380715096,1.9942306828161493,5
scale_default,Epsilon_Greedy,epsilon=0.65,57,1.7743382564999137,0.23070837097437463,1.543629885525539,2.005046627474288,5
scale_default,Epsilon_Greedy,epsilon=0.65,58,1.8345767781441065,0.25908458910388915,1.5754921890402174,2.0936613672479956,5
scale_default,Epsilon_Greedy,epsilon=0.65,59,1.8570193432369055,0.25398764456190565,1.603031698675,2.1110069877988114,5
scale_default,Epsilon_Greedy,epsilon=0.65,60,1.8834504042952183,0.268217475830786,1.6152329284644322,2.1516678801260043,5
scale_default,Epsilon_Greedy,epsilon=0.65,61,1.8991522438416293,0.27896771977523516,1.6201845240663941,2.178119963616864,5
scale_default,Epsilon_Greedy,epsilon=0.65,62,1.9219527737290956,0.2840513761890479,1.6379013975400476,2.2060041499181433,5
scale_default,Epsilon_Greedy,epsilon=0.65,63,1.9269791902596602,0.28917555448611226,1.637803635773548,2.2161547447457726,5
scale_default,Epsilon_Greedy,epsilon=0.65,64,1.9496846580486653,0.3151437021773564,1.6345409558713089,2.2648283602260215,5
scale_default,Epsilon_Greedy,epsilon=0.65,65,1.9559860966337204,0.3118689980611264,1.644117098572594,2.2678550946948466,5
scale_default,Epsilon_Greedy,epsilon=0.65,66,1.983171022076958,0.3211445063324447,1.6620265157445133,2.304315528409403,5
scale_default,Epsilon_Greedy,epsilon=0.65,67,2.002802293735695,0.31261315559390646,1.6901891381417884,2.3154154493296013,5
scale_default,Epsilon_Greedy,epsilon=0.65,68,2.010549223194592,0.31461615083021544,1.6959330723643764,2.3251653740248073,5
scale_default,Epsilon_Greedy,epsilon=0.65,69,2.0260257193347,0.3224536449850939,1.7035720743496061,2.348479364319794,5
scale_default,Epsilon_Greedy,epsilon=0.65,70,2.050433058898416,0.30271498076800674,1.7477180781304091,2.3531480396664226,5
scale_default,Epsilon_Greedy,epsilon=0.65,71,2.08378719674361,0.2988694612964354,1.7849177354471746,2.3826566580400454,5
scale_default,Epsilon_Greedy,epsilon=0.65,72,2.1008429221525224,0.2987089405604166,1.8021339815921058,2.399551862712939,5
scale_default,Epsilon_Greedy,epsilon=0.65,73,2.148390851923146,0.2764399013936146,1.8719509505295313,2.4248307533167606,5
scale_default,Epsilon_Greedy,epsilon=0.65,74,2.1854479823401975,0.2919354420956944,1.8935125402445032,2.477383424435892,5
scale_default,Epsilon_Greedy,epsilon=0.65,75,2.2069724557276738,0.30236352189356036,1.9046089338341134,2.5093359776212343,5
scale_default,Epsilon_Greedy,epsilon=0.65,76,2.211010211563618,0.298687804227178,1.9123224073364402,2.509698015790796,5
scale_default,Epsilon_Greedy,epsilon=0.65,77,2.2250322961315034,0.29713043371018494,1.9279018624213184,2.522162729841688,5
scale_default,Epsilon_Greedy,epsilon=0.65,78,2.272431750009808,0.345253714635459,1.927178035374349,2.617685464645267,5
scale_default,Epsilon_Greedy,epsilon=0.65,79,2.2957268019407993,0.3581271875521638,1.9375996143886356,2.653853989492963,5
scale_default,Epsilon_Greedy,epsilon=0.65,80,2.3015954655345428,0.35720594823968993,1.9443895172948529,2.6588014137742326,5
scale_default,Epsilon_Greedy,epsilon=0.65,81,2.3273883247588723,0.3704957399938317,1.9568925847650407,2.697884064752704,5
scale_default,Epsilon_Greedy,epsilon=0.65,82,2.354313499399832,0.37924212787887623,1.9750713715209558,2.733555627278708,5
scale_default,Epsilon_Greedy,epsilon=0.65,83,2.3966746958304195,0.3754797839719074,2.021194911858512,2.7721544798023268,5
scale_default,Epsilon_Greedy,epsilon=0.65,84,2.427658700124399,0.3354767281306248,2.0921819719937744,2.7631354282550236,5
scale_default,Epsilon_Greedy,epsilon=0.65,85,2.4419386614771104,0.3351793443677782,2.106759317109332,2.7771180058448888,5
scale_default,Epsilon_Greedy,epsilon=0.65,86,2.492734000864794,0.3097031686019593,2.1830308322628347,2.8024371694667534,5
scale_default,Epsilon_Greedy,epsilon=0.65,87,2.4974170621109018,0.31049028301817133,2.1869267790927305,2.807907345129073,5
scale_default,Epsilon_Greedy,epsilon=0.65,88,2.5413286920694915,0.346085176663912,2.1952435154055796,2.8874138687334034,5
scale_default,Epsilon_Greedy,epsilon=0.65,89,2.5639554685977872,0.3262725222010045,2.2376829463967827,2.890227990798792,5
scale_default,Epsilon_Greedy,epsilon=0.65,90,2.5893551254347704,0.3351408127562369,2.2542143126785334,2.9244959381910074,5
scale_default,Epsilon_Greedy,epsilon=0.65,91,2.593808853043616,0.3358391479622993,2.2579697050813166,2.929648001005915,5
scale_default,Epsilon_Greedy,epsilon=0.65,92,2.6070964314635563,0.3298012489316046,2.277295182531952,2.9368976803951607,5
scale_default,Epsilon_Greedy,epsilon=0.65,93,2.620153357890076,0.32330675566667727,2.2968466022233986,2.9434601135567533,5
scale_default,Epsilon_Greedy,epsilon=0.65,94,2.628146865437611,0.3229673990442735,2.3051794663933376,2.9511142644818844,5
scale_default,Epsilon_Greedy,epsilon=0.65,95,2.6432980539291173,0.32496772739061613,2.318330326538501,2.9682657813197335,5
scale_default,Epsilon_Greedy,epsilon=0.65,96,2.651937160981207,0.33049462183562384,2.321442539145583,2.9824317828168305,5
scale_default,Epsilon_Greedy,epsilon=0.65,97,2.663435008993981,0.3322980479394277,2.331136961054553,2.9957330569334086,5
scale_default,Epsilon_Greedy,epsilon=0.65,98,2.7027796261609476,0.36187804277402325,2.3409015833869242,3.064657668934971,5
scale_default,Epsilon_Greedy,epsilon=0.65,99,2.746648498837936,0.402633138060324,2.344015360777612,3.1492816368982597,5
scale_default,Epsilon_Greedy,epsilon=0.65,100,2.766357543328808,0.40066812571350424,2.365689417615304,3.167025669042312,5
scale_default,Epsilon_Greedy,epsilon=0.65,101,2.826449305217765,0.40258840265775386,2.423860902560011,3.229037707875519,5
scale_default,Epsilon_Greedy,epsilon=0.65,102,2.863554807893487,0.41857537814193047,2.4449794297515566,3.2821301860354173,5
scale_default,Epsilon_Greedy,epsilon=0.65,103,2.8789964410374695,0.42231294078600773,2.456683500251462,3.301309381823477,5
scale_default,Epsilon_Greedy,epsilon=0.65,104,2.891785068402741,0.4203454113819364,2.4714396570208046,3.312130479784677,5
scale_default,Epsilon_Greedy,epsilon=0.65,105,2.9379977459118054,0.43640772287232343,2.501590023039482,3.3744054687841287,5
scale_default,Epsilon_Greedy,epsilon=0.65,106,2.981579382985528,0.4583840736918603,2.523195309293668,3.4399634566773885,5
scale_default,Epsilon_Greedy,epsilon=0.65,107,2.985263579829442,0.461647221287989,2.523616358541453,3.446910801117431,5
scale_default,Epsilon_Greedy,epsilon=0.65,108,2.9955833179422404,0.46885905321114363,2.526724264731097,3.464442371153384,5
scale_default,Epsilon_Greedy,epsilon=0.65,109,3.0540172541786417,0.5181508858705913,2.5358663683080502,3.572168140049233,5
scale_default,Epsilon_Greedy,epsilon=0.65,110,3.0753902635552395,0.5295291245551593,2.5458611390000803,3.6049193881103987,5
scale_default,Epsilon_Greedy,epsilon=0.65,111,3.081322525747398,0.5293186456740194,2.5520038800733786,3.6106411714214177,5
scale_default,Epsilon_Greedy,epsilon=0.65,112,3.1057478209618212,0.515792551289701,2.58995526967212,3.6215403722515225,5
scale_default,Epsilon_Greedy,epsilon=0.65,113,3.114132272508104,0.5200237117228556,2.5941085607852488,3.6341559842309596,5
scale_default,Epsilon_Greedy,epsilon=0.65,114,3.1595278483127665,0.5053530536053451,2.6541747947074215,3.6648809019181114,5
scale_default,Epsilon_Greedy,epsilon=0.65,115,3.209126089265901,0.5455702147109502,2.663555874554951,3.754696303976851,5
scale_default,Epsilon_Greedy,epsilon=0.65,116,3.230581434934443,0.5677192606579256,2.6628621742765173,3.798300695592369,5
scale_default,Epsilon_Greedy,epsilon=0.65,117,3.2501902297624845,0.5649196938127552,2.685270535949729,3.81510992357524,5
scale_default,Epsilon_Greedy,epsilon=0.65,118,3.254120049208494,0.5677117986434808,2.6864082505650133,3.821831847851975,5
scale_default,Epsilon_Greedy,epsilon=0.65,119,3.2676410531831523,0.5755227873449784,2.692118265838174,3.8431638405281308,5
scale_default,Epsilon_Greedy,epsilon=0.65,120,3.291293355500886,0.5596538420386379,2.731639513462248,3.850947197539524,5
scale_default,Epsilon_Greedy,epsilon=0.65,121,3.324952933194831,0.5720823244072706,2.7528706087875605,3.8970352576021012,5
scale_default,Epsilon_Greedy,epsilon=0.65,122,3.3373010976197426,0.5548120947386717,2.782489002881071,3.8921131923584142,5
scale_default,Epsilon_Greedy,epsilon=0.65,123,3.3867646260981217,0.5133449746626686,2.8734196514354533,3.90010960076079,5
scale_default,Epsilon_Greedy,epsilon=0.65,124,3.402803771700549,0.525652391138571,2.877151380561978,3.9284561628391197,5
scale_default,Epsilon_Greedy,epsilon=0.65,125,3.4217643213687112,0.5123888223149176,2.9093754990537937,3.934153143683629,5
scale_default,Epsilon_Greedy,epsilon=0.65,126,3.4296469757191326,0.5098171482964351,2.9198298274226975,3.9394641240155677,5
scale_default,Epsilon_Greedy,epsilon=0.65,127,3.44120168189254,0.5050764662147368,2.9361252156778033,3.946278148107277,5
scale_default,Epsilon_Greedy,epsilon=0.65,128,3.4523246600545656,0.4934839402019267,2.9588407198526387,3.9458086002564925,5
scale_default,Epsilon_Greedy,epsilon=0.65,129,3.46174228937521,0.49865498293451094,2.9630873064406993,3.960397272309721,5
scale_default,Epsilon_Greedy,epsilon=0.65,130,3.479664551005942,0.5001020905800375,2.979562460425904,3.9797666415859796,5
scale_default,Epsilon_Greedy,epsilon=0.65,131,3.4899230782499857,0.5034298935035401,2.9864931847464455,3.993352971753526,5
scale_default,Epsilon_Greedy,epsilon=0.65,132,3.5288662982408887,0.5135416693488146,3.015324628892074,4.042407967589703,5
scale_default,Epsilon_Greedy,epsilon=0.65,133,3.5616594945640685,0.5418819716297192,3.0197775229343495,4.1035414661937875,5
scale_default,Epsilon_Greedy,epsilon=0.65,134,3.58787601197443,0.5489963505209413,3.0388796614534885,4.136872362495371,5
scale_default,Epsilon_Greedy,epsilon=0.65,135,3.6691245791718856,0.568927404324437,3.1001971748474486,4.238051983496323,5
scale_default,Epsilon_Greedy,epsilon=0.65,136,3.6753531011986498,0.5685386220691611,3.106814479129489,4.243891723267811,5
scale_default,Epsilon_Greedy,epsilon=0.65,137,3.6977588185896906,0.5588722775373572,3.1388865410523334,4.256631096127048,5
scale_default,Epsilon_Greedy,epsilon=0.65,138,3.743445268194712,0.5840889669265719,3.15935630126814,4.327534235121284,5
scale_default,Epsilon_Greedy,epsilon=0.65,139,3.7644176812677075,0.5841578428667225,3.180259838400985,4.34857552413443,5
scale_default,Epsilon_Greedy,epsilon=0.65,140,3.798570581467697,0.5745109988547548,3.2240595826129423,4.373081580322451,5
scale_default,Epsilon_Greedy,epsilon=0.65,141,3.8739708028172757,0.520236232581186,3.3537345702360897,4.394207035398462,5
scale_default,Epsilon_Greedy,epsilon=0.65,142,3.8875187068209263,0.5107951171732459,3.37672358964768,4.398313823994172,5
scale_default,Epsilon_Greedy,epsilon=0.65,143,3.9339680868934273,0.528092207360038,3.405875879533389,4.462060294253465,5
scale_default,Epsilon_Greedy,epsilon=0.65,144,3.9506900933888254,0.5328186255869612,3.4178714678018642,4.483508718975787,5
scale_default,Epsilon_Greedy,epsilon=0.65,145,3.963677987042961,0.532363598094884,3.431314388948077,4.496041585137845,5
scale_default,Epsilon_Greedy,epsilon=0.65,146,3.9795729753821307,0.5293728800569047,3.450200095325226,4.508945855439036,5
scale_default,Epsilon_Greedy,epsilon=0.65,147,4.021279595240552,0.524415710030425,3.496863885210127,4.545695305270977,5
scale_default,Epsilon_Greedy,epsilon=0.65,148,4.030084082671481,0.5228436973861924,3.5072403852852885,4.552927780057673,5
scale_default,Epsilon_Greedy,epsilon=0.65,149,4.0543207037729925,0.5409177713641953,3.5134029324087974,4.5952384751371875,5
scale_default,Epsilon_Greedy,epsilon=0.65,150,4.085591453478548,0.5477198477222505,3.5378716057562976,4.6333113012007985,5
scale_default,Epsilon_Greedy,epsilon=0.65,151,4.111021077738425,0.532116841544645,3.5789042361937797,4.6431379192830695,5
scale_default,Epsilon_Greedy,epsilon=0.65,152,4.166526965842019,0.525006877464917,3.641520088377102,4.691533843306936,5
scale_default,Epsilon_Greedy,epsilon=0.65,153,4.182707824360155,0.5159625718673317,3.6667452524928232,4.698670396227486,5
scale_default,Epsilon_Greedy,epsilon=0.65,154,4.193545880979725,0.5222249400751349,3.6713209409045904,4.71577082105486,5
scale_default,Epsilon_Greedy,epsilon=0.65,155,4.2177041218697,0.550220462815203,3.6674836590544966,4.767924584684902,5
scale_default,Epsilon_Greedy,epsilon=0.65,156,4.228342354338645,0.5492135610991916,3.6791287932394536,4.777555915437837,5
scale_default,Epsilon_Greedy,epsilon=0.65,157,4.247406819106902,0.5589821458765305,3.6884246732303714,4.806388964983433,5
scale_default,Epsilon_Greedy,epsilon=0.65,158,4.266917292445007,0.5732790333197695,3.6936382591252377,4.840196325764777,5
scale_default,Epsilon_Greedy,epsilon=0.65,159,4.297862464639628,0.5428014199333984,3.7550610447062303,4.8406638845730265,5
scale_default,Epsilon_Greedy,epsilon=0.65,160,4.3048658434774705,0.5442311719914736,3.760634671485997,4.849097015468944,5
scale_default,Epsilon_Greedy,epsilon=0.65,161,4.325121343163691,0.5352943562088494,3.789826986954841,4.86041569937254,5
scale_default,Epsilon_Greedy,epsilon=0.65,162,4.339644089356786,0.5309314989145373,3.8087125904422487,4.870575588271323,5
scale_default,Epsilon_Greedy,epsilon=0.65,163,4.348611070643167,0.5205999973499436,3.828011073293223,4.869211067993111,5
scale_default,Epsilon_Greedy,epsilon=0.65,164,4.363767867745045,0.5214623232163098,3.842305544528735,4.885230190961355,5
scale_default,Epsilon_Greedy,epsilon=0.65,165,4.379241967217865,0.5212688725144827,3.8579730947033823,4.900510839732348,5
scale_default,Epsilon_Greedy,epsilon=0.65,166,4.401500132000448,0.5336486773136777,3.867851454686771,4.935148809314126,5
scale_default,Epsilon_Greedy,epsilon=0.65,167,4.431808483240249,0.5457047187070283,3.8861037645332206,4.977513201947277,5
scale_default,Epsilon_Greedy,epsilon=0.65,168,4.445284966645927,0.5424848763031727,3.902800090342754,4.987769842949099,5
scale_default,Epsilon_Greedy,epsilon=0.65,169,4.453935097817724,0.5471560016339468,3.906779096183777,5.001091099451671,5
scale_default,Epsilon_Greedy,epsilon=0.65,170,4.480381184071288,0.5719100588814752,3.908471125189813,5.052291242952764,5
scale_default,Epsilon_Greedy,epsilon=0.65,171,4.519937412792205,0.5913437987204475,3.928593614071758,5.111281211512653,5
scale_default,Epsilon_Greedy,epsilon=0.65,172,4.537880583395378,0.5778253168494708,3.960055266545907,5.115705900244849,5
scale_default,Epsilon_Greedy,epsilon=0.65,173,4.558940800372651,0.5677557278269104,3.9911850725457403,5.126696528199561,5
scale_default,Epsilon_Greedy,epsilon=0.65,174,4.605497035294116,0.5778899627426437,4.027607072551472,5.1833869980367595,5
scale_default,Epsilon_Greedy,epsilon=0.65,175,4.62528540725214,0.5896817690219311,4.035603638230209,5.2149671762740715,5
scale_default,Epsilon_Greedy,epsilon=0.65,176,4.636719799520752,0.5988706295357451,4.037849169985007,5.235590429056497,5
scale_default,Epsilon_Greedy,epsilon=0.65,177,4.691914906869614,0.5650102279815296,4.126904678888084,5.256925134851143,5
scale_default,Epsilon_Greedy,epsilon=0.65,178,4.695776631279947,0.5639596629337413,4.131816968346206,5.259736294213688,5
scale_default,Epsilon_Greedy,epsilon=0.65,179,4.764865628927251,0.5733341971589422,4.191531431768309,5.338199826086194,5
scale_default,Epsilon_Greedy,epsilon=0.65,180,4.782105680763733,0.565151421837485,4.216954258926248,5.347257102601218,5
scale_default,Epsilon_Greedy,epsilon=0.65,181,4.794737476700493,0.5743190485739013,4.2204184281265915,5.369056525274394,5
scale_default,Epsilon_Greedy,epsilon=0.65,182,4.813631268728265,0.5885568003673947,4.225074468360871,5.40218806909566,5
scale_default,Epsilon_Greedy,epsilon=0.65,183,4.851079927644228,0.6080899709064336,4.242989956737794,5.459169898550661,5
scale_default,Epsilon_Greedy,epsilon=0.65,184,4.86131837185603,0.5997840926031706,4.26153427925286,5.4611024644592,5
scale_default,Epsilon_Greedy,epsilon=0.65,185,4.868325223041164,0.6011261719195173,4.267199051121646,5.469451394960681,5
scale_default,Epsilon_Greedy,epsilon=0.65,186,4.894438772420149,0.6091838857893017,4.285254886630847,5.503622658209451,5
scale_default,Epsilon_Greedy,epsilon=0.65,187,4.902961882487649,0.6165588276988366,4.286403054788812,5.519520710186486,5
scale_default,Epsilon_Greedy,epsilon=0.65,188,4.925088696466036,0.5990241656442962,4.326064530821739,5.524112862110332,5
scale_default,Epsilon_Greedy,epsilon=0.65,189,4.949658527029114,0.584349757663615,4.365308769365499,5.534008284692729,5
scale_default,Epsilon_Greedy,epsilon=0.65,190,4.985908276605555,0.5422481286775511,4.443660147928004,5.528156405283106,5
scale_default,Epsilon_Greedy,epsilon=0.65,191,4.999332247123252,0.5408607922705497,4.4584714548527025,5.540193039393802,5
scale_default,Epsilon_Greedy,epsilon=0.65,192,5.049233706236923,0.4782903148618035,4.57094339137512,5.527524021098727,5
scale_default,Epsilon_Greedy,epsilon=0.65,193,5.078777785776194,0.47214012349801265,4.606637662278182,5.550917909274206,5
scale_default,Epsilon_Greedy,epsilon=0.65,194,5.118859967374407,0.4592329365654745,4.659627030808933,5.578092903939881,5
scale_default,Epsilon_Greedy,epsilon=0.65,195,5.175894080920057,0.4378664163140596,4.738027664605998,5.613760497234116,5
scale_default,Epsilon_Greedy,epsilon=0.65,196,5.1840749034433715,0.44100223185820453,4.743072671585167,5.625077135301576,5
scale_default,Epsilon_Greedy,epsilon=0.65,197,5.208154974986701,0.45919265590448916,4.748962319082212,5.667347630891189,5
scale_default,Epsilon_Greedy,epsilon=0.65,198,5.257670492073831,0.4343373820874239,4.8233331099864065,5.692007874161255,5
scale_default,Epsilon_Greedy,epsilon=0.65,199,5.270121820016056,0.4335175161114455,4.83660430390461,5.703639336127501,5
scale_default,Epsilon_Greedy,epsilon=0.65,200,5.402010736591988,0.39452984680455827,5.00748088978743,5.796540583396546,5
scale_default,Epsilon_Greedy,epsilon=0.65,201,5.549928950627296,0.38130396672193145,5.168624983905365,5.931232917349228,5
scale_default,Epsilon_Greedy,epsilon=0.65,202,5.83240783777244,0.5546346208308537,5.277773216941586,6.387042458603293,5
scale_default,Epsilon_Greedy,epsilon=0.65,203,5.895745755642473,0.5580386992636842,5.337707056378789,6.453784454906157,5
scale_default,Epsilon_Greedy,epsilon=0.65,204,5.992008752328565,0.665887994223957,5.326120758104608,6.657896746552522,5
scale_default,Epsilon_Greedy,epsilon=0.65,205,6.122863339629233,0.6832055029306102,5.439657836698623,6.806068842559843,5
scale_default,Epsilon_Greedy,epsilon=0.65,206,6.331940871413535,0.6273389474459314,5.704601923967603,6.959279818859466,5
scale_default,Epsilon_Greedy,epsilon=0.65,207,6.520048241368981,0.6053018523050839,5.914746389063897,7.125350093674065,5
scale_default,Epsilon_Greedy,epsilon=0.65,208,6.601299205865024,0.6775409963930756,5.9237582094719485,7.278840202258099,5
scale_default,Epsilon_Greedy,epsilon=0.65,209,6.776584393520677,0.7591903007937499,6.017394092726927,7.535774694314427,5
scale_default,Epsilon_Greedy,epsilon=0.65,210,6.946724025123546,0.6534337174126739,6.293290307710872,7.6001577425362195,5
scale_default,Epsilon_Greedy,epsilon=0.65,211,7.192197302050545,0.6789888209144396,6.513208481136105,7.871186122964985,5
scale_default,Epsilon_Greedy,epsilon=0.65,212,7.337572544952495,0.6733365773626213,6.664235967589874,8.010909122315116,5
scale_default,Epsilon_Greedy,epsilon=0.65,213,7.5784893791245365,0.619154734296022,6.959334644828514,8.197644113420559,5
scale_default,Epsilon_Greedy,epsilon=0.65,214,7.766735295776366,0.5092959947688371,7.257439301007529,8.276031290545204,5
scale_default,Epsilon_Greedy,epsilon=0.65,215,7.9557858420013075,0.36288391687333293,7.592901925127975,8.318669758874641,5
scale_default,Epsilon_Greedy,epsilon=0.65,216,8.215379449253376,0.27419977166096604,7.941179677592411,8.489579220914342,5
scale_default,Epsilon_Greedy,epsilon=0.65,217,8.478991733952132,0.36849173575584915,8.110499998196282,8.847483469707981,5
scale_default,Epsilon_Greedy,epsilon=0.65,218,8.610040745986916,0.3363216196751432,8.273719126311773,8.94636236566206,5
scale_default,Epsilon_Greedy,epsilon=0.65,219,8.7423797216452,0.3121248031795112,8.430254918465689,9.054504524824711,5
scale_default,Epsilon_Greedy,epsilon=0.65,220,8.92488250569463,0.34189153440787445,8.582990971286755,9.266774040102504,5
scale_default,Epsilon_Greedy,epsilon=0.65,221,9.038479321499603,0.2901539940080297,8.748325327491573,9.328633315507632,5
scale_default,Epsilon_Greedy,epsilon=0.65,222,9.197929202684682,0.2650095683371437,8.932919634347538,9.462938771021825,5
scale_default,Epsilon_Greedy,epsilon=0.65,223,9.306904855340216,0.22427787711920202,9.082626978221013,9.531182732459419,5
scale_default,Epsilon_Greedy,epsilon=0.65,224,9.431275085997228,0.28167046171417004,9.149604624283059,9.712945547711398,5
scale_default,Epsilon_Greedy,epsilon=0.65,225,9.59371352717964,0.2611577110132315,9.332555816166408,9.854871238192871,5
scale_default,Epsilon_Greedy,epsilon=0.65,226,9.70430032136556,0.27740700032085874,9.426893321044702,9.981707321686418,5
scale_default,Epsilon_Greedy,epsilon=0.65,227,9.837379987954154,0.2896584127345072,9.547721575219647,10.127038400688662,5
scale_default,Epsilon_Greedy,epsilon=0.65,228,10.040658107958645,0.353104278645927,9.687553829312717,10.393762386604573,5
scale_default,Epsilon_Greedy,epsilon=0.65,229,10.105635045469603,0.4019913390552524,9.70364370641435,10.507626384524855,5
scale_default,Epsilon_Greedy,epsilon=0.65,230,10.185016718291273,0.4640253648862198,9.720991353405052,10.649042083177493,5
scale_default,Epsilon_Greedy,epsilon=0.65,231,10.38079471374321,0.4587432800451628,9.922051433698048,10.839537993788372,5
scale_default,Epsilon_Greedy,epsilon=0.65,232,10.564355360050806,0.5130260375768724,10.051329322473933,11.07738139762768,5
scale_default,Epsilon_Greedy,epsilon=0.65,233,10.714010624791387,0.5296543918784914,10.184356232912895,11.243665016669878,5
scale_default,Epsilon_Greedy,epsilon=0.65,234,10.795129856134514,0.49971768430026253,10.29541217183425,11.294847540434777,5
scale_default,Epsilon_Greedy,epsilon=0.65,235,10.973391486088387,0.5325081578907344,10.440883328197652,11.505899643979122,5
scale_default,Epsilon_Greedy,epsilon=0.65,236,11.079505497797024,0.5689717195630689,10.510533778233956,11.648477217360092,5
scale_default,Epsilon_Greedy,epsilon=0.65,237,11.28323653188686,0.5767773726436476,10.706459159243213,11.860013904530508,5
scale_default,Epsilon_Greedy,epsilon=0.65,238,11.510840682436122,0.5622134908540578,10.948627191582064,12.07305417329018,5
scale_default,Epsilon_Greedy,epsilon=0.65,239,11.677946744648384,0.5037330154709893,11.174213729177396,12.181679760119373,5
scale_default,Epsilon_Greedy,epsilon=0.65,240,11.861667337494094,0.47921847498705905,11.382448862507035,12.340885812481153,5
scale_default,Epsilon_Greedy,epsilon=0.65,241,12.037700752781406,0.4861563989014916,11.551544353879915,12.523857151682897,5
scale_default,Epsilon_Greedy,epsilon=0.65,242,12.288884892776071,0.5050058052593392,11.783879087516732,12.79389069803541,5
scale_default,Epsilon_Greedy,epsilon=0.65,243,12.469032605040738,0.5509826977960157,11.918049907244722,13.020015302836754,5
scale_default,Epsilon_Greedy,epsilon=0.65,244,12.745432438225901,0.6866502484245794,12.058782189801322,13.43208268665048,5
scale_default,Epsilon_Greedy,epsilon=0.65,245,12.874646724029521,0.7662852743310533,12.108361449698467,13.640931998360575,5
scale_default,Epsilon_Greedy,epsilon=0.65,246,12.923491844443998,0.78511879575028,12.138373048693717,13.708610640194278,5
scale_default,Epsilon_Greedy,epsilon=0.65,247,13.163379171177837,0.7942320913299075,12.369147079847929,13.957611262507745,5
scale_default,Epsilon_Greedy,epsilon=0.65,248,13.270410952905753,0.8269539212928859,12.443457031612867,14.097364874198638,5
scale_default,Epsilon_Greedy,epsilon=0.65,249,13.423126769700374,0.8327981615492286,12.590328608151147,14.255924931249602,5
scale_default,Epsilon_Greedy,epsilon=0.65,250,13.65585956485327,0.894137090558093,12.761722474295176,14.549996655411363,5
scale_default,Epsilon_Greedy,epsilon=0.65,251,13.882525585314406,0.9802327779992915,12.902292807315115,14.862758363313697,5
scale_default,Epsilon_Greedy,epsilon=0.65,252,14.00251264720104,0.8669526808026463,13.135559966398395,14.869465328003686,5
scale_default,Epsilon_Greedy,epsilon=0.65,253,14.308565126287878,0.907226354519521,13.401338771768357,15.215791480807399,5
scale_default,Epsilon_Greedy,epsilon=0.65,254,14.50073606988793,0.9461337440955889,13.554602325792342,15.446869813983518,5
scale_default,Epsilon_Greedy,epsilon=0.65,255,14.723478162003579,0.9746358649551183,13.74884229704846,15.698114026958697,5
scale_default,Epsilon_Greedy,epsilon=0.65,256,14.86515533161781,1.037377709977165,13.827777621640646,15.902533041594975,5
scale_default,Epsilon_Greedy,epsilon=0.65,257,15.035112857778126,1.1801051757565424,13.855007682021583,16.21521803353467,5
scale_default,Epsilon_Greedy,epsilon=0.65,258,15.147757848083526,1.1974717002955644,13.950286147787962,16.34522954837909,5
scale_default,Epsilon_Greedy,epsilon=0.65,259,15.273651378277668,1.1735411265810083,14.100110251696659,16.447192504858677,5
scale_default,Epsilon_Greedy,epsilon=0.65,260,15.525151642473674,1.2977957968732787,14.227355845600394,16.82294743934695,5
scale_default,Epsilon_Greedy,epsilon=0.65,261,15.755040480348473,1.2482427972440022,14.506797683104471,17.003283277592477,5
scale_default,Epsilon_Greedy,epsilon=0.65,262,15.90380855135098,1.3270303292970873,14.576778222053893,17.23083888064807,5
scale_default,Epsilon_Greedy,epsilon=0.65,263,16.10881719075659,1.255098404273423,14.853718786483167,17.36391559503001,5
scale_default,Epsilon_Greedy,epsilon=0.65,264,16.18929479691393,1.1891441173431359,15.000150679570794,17.378438914257067,5
scale_default,Epsilon_Greedy,epsilon=0.65,265,16.36273573334153,1.2791126107745723,15.083623122566959,17.641848344116102,5
scale_default,Epsilon_Greedy,epsilon=0.65,266,16.57659466129188,1.3071304490079418,15.269464212283939,17.883725110299824,5
scale_default,Epsilon_Greedy,epsilon=0.65,267,16.700819384587085,1.232530635839168,15.468288748747916,17.933350020426253,5
scale_default,Epsilon_Greedy,epsilon=0.65,268,16.963082951739782,1.264763743389058,15.698319208350725,18.22784669512884,5
scale_default,Epsilon_Greedy,epsilon=0.65,269,17.149070955957704,1.111606773211644,16.03746418274606,18.26067772916935,5
scale_default,Epsilon_Greedy,epsilon=0.65,270,17.32557435790817,1.1076639551220915,16.217910402786078,18.433238313030262,5
scale_default,Epsilon_Greedy,epsilon=0.65,271,17.511779408744978,1.1364430316261467,16.37533637711883,18.648222440371125,5
scale_default,Epsilon_Greedy,epsilon=0.65,272,17.804595132664424,1.1743777333305494,16.630217399333876,18.978972865994972,5
scale_default,Epsilon_Greedy,epsilon=0.65,273,17.93061277229149,1.2301245809450707,16.70048819134642,19.16073735323656,5
scale_default,Epsilon_Greedy,epsilon=0.65,274,18.23828474139583,0.9586679490532636,17.279616792342566,19.196952690449095,5
scale_default,Epsilon_Greedy,epsilon=0.65,275,18.477746954021637,0.9896203981433851,17.488126555878253,19.46736735216502,5
scale_default,Epsilon_Greedy,epsilon=0.65,276,18.561645630461122,0.9521656794414585,17.609479951019665,19.51381130990258,5
scale_default,Epsilon_Greedy,epsilon=0.65,277,18.71299585949552,1.0003015963121709,17.71269426318335,19.71329745580769,5
scale_default,Epsilon_Greedy,epsilon=0.65,278,18.766202294266897,0.9718999809872713,17.794302313279626,19.738102275254167,5
scale_default,Epsilon_Greedy,epsilon=0.65,279,18.945364417213106,0.9829662779894459,17.96239813922366,19.928330695202554,5
scale_default,Epsilon_Greedy,epsilon=0.65,280,19.187423144047145,0.9821990876788894,18.205224056368255,20.169622231726034,5
scale_default,Epsilon_Greedy,epsilon=0.65,281,19.29198114971058,1.025532924517792,18.26644822519279,20.31751407422837,5
scale_default,Epsilon_Greedy,epsilon=0.65,282,19.45589050955415,1.0373633104392013,18.418527199114948,20.49325381999335,5
scale_default,Epsilon_Greedy,epsilon=0.65,283,19.58774744126051,1.0672402850410427,18.52050715621947,20.654987726301552,5
scale_default,Epsilon_Greedy,epsilon=0.65,284,19.717201045412157,1.010912112345017,18.70628893306714,20.728113157757175,5
scale_default,Epsilon_Greedy,epsilon=0.65,285,19.790531178315103,1.0258339828933847,18.764697195421718,20.816365161208488,5
scale_default,Epsilon_Greedy,epsilon=0.65,286,20.068236053635857,1.0818438238641945,18.986392229771663,21.15007987750005,5
scale_default,Epsilon_Greedy,epsilon=0.65,287,20.183391537807335,1.0410706460354047,19.14232089177193,21.22446218384274,5
scale_default,Epsilon_Greedy,epsilon=0.65,288,20.553289647178776,1.0230397537427054,19.53024989343607,21.57632940092148,5
scale_default,Epsilon_Greedy,epsilon=0.65,289,20.686877268882434,0.9807995092528726,19.70607775962956,21.667676778135306,5
scale_default,Epsilon_Greedy,epsilon=0.65,290,20.915924490314868,1.062754539726635,19.85316995058823,21.978679030041505,5
scale_default,Epsilon_Greedy,epsilon=0.65,291,21.014157038363845,1.1136695506044645,19.90048748775938,22.127826588968308,5
scale_default,Epsilon_Greedy,epsilon=0.65,292,21.088330854194332,1.1513060746442432,19.93702477955009,22.239636928838575,5
scale_default,Epsilon_Greedy,epsilon=0.65,293,21.264623260563912,1.1721308079646977,20.092492452599213,22.43675406852861,5
scale_default,Epsilon_Greedy,epsilon=0.65,294,21.34512689226934,1.0269388966460706,20.31818799562327,22.372065788915414,5
scale_default,Epsilon_Greedy,epsilon=0.65,295,21.511952856867357,1.0502303965928754,20.46172246027448,22.562183253460233,5
scale_default,Epsilon_Greedy,epsilon=0.65,296,21.59167868890929,1.0429988647067694,20.54867982420252,22.63467755361606,5
scale_default,Epsilon_Greedy,epsilon=0.65,297,21.67709951771547,1.0196784301576782,20.65742108755779,22.696777947873148,5
scale_default,Epsilon_Greedy,epsilon=0.65,298,21.90363432713719,1.1715355068244835,20.732098820312707,23.075169833961674,5
scale_default,Epsilon_Greedy,epsilon=0.65,299,22.155814057552004,1.1699324943631828,20.98588156318882,23.325746551915188,5
scale_default,Epsilon_Greedy,epsilon=0.65,300,22.411432255573185,1.1024821057440504,21.308950149829133,23.513914361317237,5
scale_default,Epsilon_Greedy,epsilon=0.65,301,22.54830931222819,1.118367530136094,21.429941782092097,23.666676842364286,5
scale_default,Epsilon_Greedy,epsilon=0.65,302,22.765102422238648,1.1207638826433732,21.644338539595275,23.885866304882022,5
scale_default,Epsilon_Greedy,epsilon=0.65,303,22.89186922288737,1.0969709285895173,21.79489829429785,23.988840151476886,5
scale_default,Epsilon_Greedy,epsilon=0.65,304,23.146519432372717,1.0965420421155272,22.04997739025719,24.243061474488243,5
scale_default,Epsilon_Greedy,epsilon=0.65,305,23.258697725472356,1.0910407736335588,22.167656951838797,24.349738499105914,5
scale_default,Epsilon_Greedy,epsilon=0.65,306,23.505888056160494,1.160332595766847,22.345555460393648,24.66622065192734,5
scale_default,Epsilon_Greedy,epsilon=0.65,307,23.63771865689902,1.0535571643731412,22.584161492525876,24.69127582127216,5
scale_default,Epsilon_Greedy,epsilon=0.65,308,23.805080384907193,0.9586475689037001,22.846432816003492,24.763727953810893,5
scale_default,Epsilon_Greedy,epsilon=0.65,309,23.942140650253982,0.9841079207378969,22.958032729516084,24.92624857099188,5
scale_default,Epsilon_Greedy,epsilon=0.65,310,24.08922395169459,0.9556723639983646,23.133551587696225,25.044896315692952,5
scale_default,Epsilon_Greedy,epsilon=0.65,311,24.202558944041296,0.9740370571526094,23.228521886888686,25.176596001193907,5
scale_default,Epsilon_Greedy,epsilon=0.65,312,24.46086524972204,1.1130480033260797,23.347817246395962,25.57391325304812,5
scale_default,Epsilon_Greedy,epsilon=0.65,313,24.575840534739676,1.0951917388946313,23.480648795845045,25.671032273634307,5
scale_default,Epsilon_Greedy,epsilon=0.65,314,24.748459036025668,1.0784629924727047,23.669996043552963,25.826922028498373,5
scale_default,Epsilon_Greedy,epsilon=0.65,315,24.93122874335011,1.1599323987090784,23.771296344641033,26.09116114205919,5
scale_default,Epsilon_Greedy,epsilon=0.65,316,25.127261074693916,1.233535466272114,23.893725608421803,26.360796540966028,5
scale_default,Epsilon_Greedy,epsilon=0.65,317,25.300905209055795,1.183191607336371,24.117713601719423,26.484096816392167,5
scale_default,Epsilon_Greedy,epsilon=0.65,318,25.5097950846582,1.0792267016527166,24.430568383005486,26.589021786310916,5
scale_default,Epsilon_Greedy,epsilon=0.65,319,25.68736988988501,1.18003347800284,24.507336411882168,26.86740336788785,5
scale_default,Epsilon_Greedy,epsilon=0.65,320,25.876957159387768,1.2461036825451959,24.63085347684257,27.123060841932965,5
scale_default,Epsilon_Greedy,epsilon=0.65,321,26.05719263783638,1.2543611143368676,24.802831523499513,27.311553752173246,5
scale_default,Epsilon_Greedy,epsilon=0.65,322,26.238577503382647,1.352497153194797,24.88608035018785,27.591074656577444,5
scale_default,Epsilon_Greedy,epsilon=0.65,323,26.392836701503285,1.3534672871488744,25.03936941435441,27.74630398865216,5
scale_default,Epsilon_Greedy,epsilon=0.65,324,26.561337063226695,1.3505076457961616,25.210829417430535,27.911844709022855,5
scale_default,Epsilon_Greedy,epsilon=0.65,325,26.78914154738631,1.5004055923623416,25.28873595502397,28.289547139748652,5
scale_default,Epsilon_Greedy,epsilon=0.65,326,26.905585940304253,1.523844150541936,25.381741789762316,28.42943009084619,5
scale_default,Epsilon_Greedy,epsilon=0.65,327,27.081087215012964,1.4059490049062935,25.67513821010667,28.487036219919258,5
scale_default,Epsilon_Greedy,epsilon=0.65,328,27.163616543203585,1.3981142218544302,25.765502321349153,28.561730765058016,5
scale_default,Epsilon_Greedy,epsilon=0.65,329,27.241121716952534,1.4232195483398482,25.817902168612687,28.664341265292382,5
scale_default,Epsilon_Greedy,epsilon=0.65,330,27.38743101778008,1.543643201776963,25.84378781600312,28.931074219557043,5
scale_default,Epsilon_Greedy,epsilon=0.65,331,27.544434012682302,1.6073565238476641,25.93707748883464,29.151790536529965,5
scale_default,Epsilon_Greedy,epsilon=0.65,332,27.71804816297405,1.6144379168909762,26.103610246083072,29.332486079865028,5
scale_default,Epsilon_Greedy,epsilon=0.65,333,27.929198175385096,1.6342642725756267,26.29493390280947,29.563462447960724,5
scale_default,Epsilon_Greedy,epsilon=0.65,334,28.09344113819359,1.6405573074318969,26.452883830761692,29.733998445625488,5
scale_default,Epsilon_Greedy,epsilon=0.65,335,28.214316212161386,1.6713884175364504,26.542927794624934,29.885704629697837,5
scale_default,Epsilon_Greedy,epsilon=0.65,336,28.29186859661665,1.6781659844137329,26.613702612202914,29.970034581030383,5
scale_default,Epsilon_Greedy,epsilon=0.65,337,28.423576713254715,1.5876869156295341,26.835889797625182,30.011263628884247,5
scale_default,Epsilon_Greedy,epsilon=0.65,338,28.59061247422798,1.6022357468873702,26.98837672734061,30.19284822111535,5
scale_default,Epsilon_Greedy,epsilon=0.65,339,28.64762586957812,1.5828103989409832,27.06481547063714,30.230436268519103,5
scale_default,Epsilon_Greedy,epsilon=0.65,340,28.836669536376984,1.7185748822837013,27.118094654093284,30.555244418660685,5
scale_default,Epsilon_Greedy,epsilon=0.65,341,28.949486920223695,1.6552772396924345,27.29420968053126,30.60476415991613,5
scale_default,Epsilon_Greedy,epsilon=0.65,342,29.24959678972028,1.6782497529848848,27.571347036735393,30.927846542705165,5
scale_default,Epsilon_Greedy,epsilon=0.65,343,29.381414737326775,1.65741985984145,27.723994877485325,31.038834597168226,5
scale_default,Epsilon_Greedy,epsilon=0.65,344,29.49743786959823,1.6412212757214397,27.85621659387679,31.138659145319668,5
scale_default,Epsilon_Greedy,epsilon=0.65,345,29.73185008708895,1.6265825034555117,28.105267583633438,31.358432590544464,5
scale_default,Epsilon_Greedy,epsilon=0.65,346,29.925098299740057,1.7092317631072578,28.2158665366328,31.634330062847315,5
scale_default,Epsilon_Greedy,epsilon=0.65,347,30.1226612907359,1.722680001960913,28.399981288774985,31.845341292696812,5
scale_default,Epsilon_Greedy,epsilon=0.65,348,30.472862329407604,1.9105307758042593,28.562331553603347,32.383393105211866,5
scale_default,Epsilon_Greedy,epsilon=0.65,349,30.682682257563688,1.7355490308472565,28.94713322671643,32.418231288410944,5
scale_default,Epsilon_Greedy,epsilon=0.65,350,30.752768337816132,1.7746173586337417,28.97815097918239,32.527385696449876,5
scale_default,Epsilon_Greedy,epsilon=0.65,351,30.88040735213816,1.7662742786369348,29.114133073501225,32.64668163077509,5
scale_default,Epsilon_Greedy,epsilon=0.65,352,31.01839816226255,1.645279402903223,29.373118759359325,32.66367756516577,5
scale_default,Epsilon_Greedy,epsilon=0.65,353,31.145946788239122,1.5870914268493854,29.558855361389735,32.733038215088506,5
scale_default,Epsilon_Greedy,epsilon=0.65,354,31.33495041792768,1.6630713887882373,29.671879029139443,32.99802180671592,5
scale_default,Epsilon_Greedy,epsilon=0.65,355,31.429804391853487,1.6849739382627067,29.74483045359078,33.114778330116195,5
scale_default,Epsilon_Greedy,epsilon=0.65,356,31.574801194496125,1.7230218740402177,29.851779320455908,33.297823068536346,5
scale_default,Epsilon_Greedy,epsilon=0.65,357,31.708176429454863,1.710180267037648,29.997996162417216,33.41835669649251,5
scale_default,Epsilon_Greedy,epsilon=0.65,358,32.03546543311687,1.7380868976501622,30.297378535466706,33.77355233076703,5
scale_default,Epsilon_Greedy,epsilon=0.65,359,32.26381220631462,1.8434811045542085,30.42033110176041,34.107293310868826,5
scale_default,Epsilon_Greedy,epsilon=0.65,360,32.65532174097593,1.9173019380178549,30.738019802958075,34.572623678993786,5
scale_default,Epsilon_Greedy,epsilon=0.65,361,32.76865325591609,1.8837510203453647,30.884902235570728,34.65240427626146,5
scale_default,Epsilon_Greedy,epsilon=0.65,362,32.922912779413366,1.7966639425270272,31.12624883688634,34.71957672194039,5
scale_default,Epsilon_Greedy,epsilon=0.65,363,33.13514285371643,1.9475695396477033,31.18757331406873,35.08271239336413,5
scale_default,Epsilon_Greedy,epsilon=0.65,364,33.28920392582397,1.9171408801803425,31.37206304564363,35.20634480600431,5
scale_default,Epsilon_Greedy,epsilon=0.65,365,33.45854679890628,1.9016509391365293,31.556895859769753,35.360197738042814,5
scale_default,Epsilon_Greedy,epsilon=0.65,366,33.59339190604247,2.0034413499535084,31.58995055608896,35.596833255995975,5
scale_default,Epsilon_Greedy,epsilon=0.65,367,33.92609502102663,2.0763751293360273,31.849719891690604,36.00247015036266,5
scale_default,Epsilon_Greedy,epsilon=0.65,368,34.13984260615948,2.183461712631864,31.95638089352762,36.323304318791344,5
scale_default,Epsilon_Greedy,epsilon=0.65,369,34.30892963293892,2.2259095144568883,32.08302011848203,36.53483914739581,5
scale_default,Epsilon_Greedy,epsilon=0.65,370,34.53889284393851,2.161528279005273,32.37736456493324,36.70042112294379,5
scale_default,Epsilon_Greedy,epsilon=0.65,371,34.79517526054222,2.160464154759048,32.634711105783175,36.95563941530127,5
scale_default,Epsilon_Greedy,epsilon=0.65,372,34.90323353873903,2.2369251582358194,32.66630838050321,37.14015869697485,5
scale_default,Epsilon_Greedy,epsilon=0.65,373,35.04239547523719,2.265600545011061,32.77679493022613,37.307996020248254,5
scale_default,Epsilon_Greedy,epsilon=0.65,374,35.19417809049109,2.3204379840463885,32.87374010644471,37.51461607453748,5
scale_default,Epsilon_Greedy,epsilon=0.65,375,35.49728592165424,2.3243654152172275,33.17292050643701,37.82165133687147,5
scale_default,Epsilon_Greedy,epsilon=0.65,376,35.57541287056206,2.225342461616339,33.350070408945726,37.8007553321784,5
scale_default,Epsilon_Greedy,epsilon=0.65,377,35.710050920384965,2.2282232786853755,33.48182764169959,37.93827419907034,5
scale_default,Epsilon_Greedy,epsilon=0.65,378,35.846168172840244,2.232286599004309,33.61388157383593,38.078454771844555,5
scale_default,Epsilon_Greedy,epsilon=0.65,379,36.11843217076307,2.2511720416157006,33.86726012914737,38.369604212378775,5
scale_default,Epsilon_Greedy,epsilon=0.65,380,36.29022681125713,2.2407203863353544,34.04950642492177,38.53094719759248,5
scale_default,Epsilon_Greedy,epsilon=0.65,381,36.46757141850978,2.1290592375416715,34.33851218096811,38.596630656051445,5
scale_default,Epsilon_Greedy,epsilon=0.65,382,36.61374955527724,2.135996122315419,34.47775343296182,38.74974567759266,5
scale_default,Epsilon_Greedy,epsilon=0.65,383,36.73379062252161,2.1407934781632885,34.59299714435832,38.8745841006849,5
scale_default,Epsilon_Greedy,epsilon=0.65,384,36.86553140337822,2.107563779869239,34.75796762350898,38.97309518324746,5
scale_default,Epsilon_Greedy,epsilon=0.65,385,37.17215880021088,2.1032540999167555,35.06890470029413,39.275412900127634,5
scale_default,Epsilon_Greedy,epsilon=0.65,386,37.23122114459984,2.098060126260251,35.13316101833959,39.32928127086009,5
scale_default,Epsilon_Greedy,epsilon=0.65,387,37.38004575473924,2.0502801148497025,35.32976563988954,39.43032586958895,5
scale_default,Epsilon_Greedy,epsilon=0.65,388,37.54135260426941,2.0821329842443466,35.45921962002507,39.62348558851376,5
scale_default,Epsilon_Greedy,epsilon=0.65,389,37.76199277128126,2.016689947017791,35.74530282426347,39.778682718299045,5
scale_default,Epsilon_Greedy,epsilon=0.65,390,37.87063268765322,2.0997055226339705,35.77092716501925,39.97033821028719,5
scale_default,Epsilon_Greedy,epsilon=0.65,391,38.12502825474495,2.2076101101210277,35.91741814462392,40.33263836486597,5
scale_default,Epsilon_Greedy,epsilon=0.65,392,38.26074979443199,2.24450641010425,36.01624338432774,40.50525620453624,5
scale_default,Epsilon_Greedy,epsilon=0.65,393,38.45615621798333,2.2640706044211942,36.192085613562135,40.72022682240452,5
scale_default,Epsilon_Greedy,epsilon=0.65,394,38.71899898631284,2.3101247364319426,36.408874249880895,41.029123722744785,5
scale_default,Epsilon_Greedy,epsilon=0.65,395,38.86873114487235,2.421104387707099,36.44762675716525,41.289835532579445,5
scale_default,Epsilon_Greedy,epsilon=0.65,396,38.94444759309177,2.429074798742864,36.515372794348906,41.37352239183464,5
scale_default,Epsilon_Greedy,epsilon=0.65,397,39.078165609598194,2.4647192511796043,36.61344635841859,41.5428848607778,5
scale_default,Epsilon_Greedy,epsilon=0.65,398,39.373272663723895,2.463923097880349,36.90934956584355,41.83719576160424,5
scale_default,Epsilon_Greedy,epsilon=0.65,399,39.545365298323944,2.4056008004185894,37.139764497905354,41.95096609874253,5
scale_default,Epsilon_Greedy,epsilon=0.65,400,39.713198257051204,2.3921075988969602,37.32109065815424,42.10530585594817,5
scale_default,Epsilon_Greedy,epsilon=0.65,401,39.816718254186775,2.373684471285466,37.44303378290131,42.19040272547224,5
scale_default,Epsilon_Greedy,epsilon=0.65,402,39.97363425298263,2.291950238101167,37.68168401488146,42.26558449108379,5
scale_default,Epsilon_Greedy,epsilon=0.65,403,40.25442164998696,2.358033618495531,37.896388031491426,42.61245526848249,5
scale_default,Epsilon_Greedy,epsilon=0.65,404,40.43958262072793,2.343523448198842,38.09605917252909,42.78310606892678,5
scale_default,Epsilon_Greedy,epsilon=0.65,405,40.6562732045773,2.350011622218194,38.306261582359106,43.0062848267955,5
scale_default,Epsilon_Greedy,epsilon=0.65,406,40.76492174753158,2.2922666081193808,38.4726551394122,43.057188355650965,5
scale_default,Epsilon_Greedy,epsilon=0.65,407,40.91298805609582,2.2707352761978714,38.64225277989795,43.18372333229369,5
scale_default,Epsilon_Greedy,epsilon=0.65,408,41.091501847680334,2.1314887820648454,38.96001306561549,43.222990629745176,5
scale_default,Epsilon_Greedy,epsilon=0.65,409,41.20744954645533,2.1160484649229727,39.091401081532354,43.323498011378305,5
scale_default,Epsilon_Greedy,epsilon=0.65,410,41.35786980938117,2.0848729032398254,39.272996906141344,43.442742712621,5
scale_default,Epsilon_Greedy,epsilon=0.65,411,41.48198778997859,2.0954277281390894,39.3865600618395,43.577415518117675,5
scale_default,Epsilon_Greedy,epsilon=0.65,412,41.905556495798216,2.1664714522473694,39.739085043550844,44.07202794804559,5
scale_default,Epsilon_Greedy,epsilon=0.65,413,42.04006608531542,2.194655894405865,39.84541019090956,44.234721979721286,5
scale_default,Epsilon_Greedy,epsilon=0.65,414,42.15364160240499,2.1397200834565058,40.013921518948486,44.29336168586149,5
scale_default,Epsilon_Greedy,epsilon=0.65,415,42.29428495160747,2.11172967575794,40.18255527584953,44.406014627365415,5
scale_default,Epsilon_Greedy,epsilon=0.65,416,42.465230665968065,2.0834066956201465,40.38182397034792,44.54863736158821,5
scale_default,Epsilon_Greedy,epsilon=0.65,417,42.64755403338556,2.131256818386553,40.51629721499901,44.778810851772114,5
scale_default,Epsilon_Greedy,epsilon=0.65,418,42.92221300089379,2.032644435766633,40.889568565127156,44.954857436660426,5
scale_default,Epsilon_Greedy,epsilon=0.65,419,43.05004167758665,2.0886605513672025,40.96138112621944,45.13870222895385,5
scale_default,Epsilon_Greedy,epsilon=0.65,420,43.23329455907853,2.121110229283688,41.11218432979484,45.35440478836222,5
scale_default,Epsilon_Greedy,epsilon=0.65,421,43.46892152710803,2.1395534214308514,41.329368105677176,45.608474948538884,5
scale_default,Epsilon_Greedy,epsilon=0.65,422,43.677162618058006,2.0554322020837383,41.62173041597427,45.73259482014174,5
scale_default,Epsilon_Greedy,epsilon=0.65,423,43.95416036071981,2.0565814650441148,41.89757889567569,46.01074182576393,5
scale_default,Epsilon_Greedy,epsilon=0.65,424,44.06948850158492,2.0618308725896846,42.00765762899523,46.13131937417461,5
scale_default,Epsilon_Greedy,epsilon=0.65,425,44.2537218416289,2.0212260557993127,42.23249578582959,46.27494789742821,5
scale_default,Epsilon_Greedy,epsilon=0.65,426,44.544414572620134,2.004363849289968,42.54005072333017,46.5487784219101,5
scale_default,Epsilon_Greedy,epsilon=0.65,427,44.7217947823263,2.011314211744395,42.71048057058191,46.73310899407069,5
scale_default,Epsilon_Greedy,epsilon=0.65,428,45.00144345307897,2.008384356492591,42.99305909658638,47.00982780957156,5
scale_default,Epsilon_Greedy,epsilon=0.65,429,45.21075894190277,2.118744979522669,43.0920139623801,47.329503921425434,5
scale_default,Epsilon_Greedy,epsilon=0.65,430,45.49109306991472,2.1084289676709194,43.3826641022438,47.599522037585636,5
scale_default,Epsilon_Greedy,epsilon=0.65,431,45.63659696825301,2.024244703585736,43.61235226466727,47.660841671838746,5
scale_default,Epsilon_Greedy,epsilon=0.65,432,45.842881786622954,1.8964589862891488,43.946422800333806,47.7393407729121,5
scale_default,Epsilon_Greedy,epsilon=0.65,433,46.074591344617716,1.9341047378202851,44.14048660679743,48.008696082438,5
scale_default,Epsilon_Greedy,epsilon=0.65,434,46.22388590523262,1.8497133926589637,44.37417251257366,48.07359929789158,5
scale_default,Epsilon_Greedy,epsilon=0.65,435,46.43074929324719,1.9228198966070493,44.50792939664014,48.35356918985424,5
scale_default,Epsilon_Greedy,epsilon=0.65,436,46.57339222600266,1.8968938752835787,44.67649835071908,48.47028610128624,5
scale_default,Epsilon_Greedy,epsilon=0.65,437,46.86967388737577,2.0701959484824917,44.799477938893276,48.93986983585826,5
scale_default,Epsilon_Greedy,epsilon=0.65,438,47.100154089171696,2.160000243419572,44.94015384575212,49.26015433259127,5
scale_default,Epsilon_Greedy,epsilon=0.65,439,47.322418517046735,2.14305429414378,45.179364222902954,49.465472811190516,5
scale_default,Epsilon_Greedy,epsilon=0.65,440,47.50993787422787,2.135998178064355,45.37393969616352,49.64593605229223,5
scale_default,Epsilon_Greedy,epsilon=0.65,441,47.74263472623187,2.0008393860253113,45.74179534020656,49.74347411225718,5
scale_default,Epsilon_Greedy,epsilon=0.65,442,47.94734280881924,1.9869910149077892,45.96035179391146,49.93433382372703,5
scale_default,Epsilon_Greedy,epsilon=0.65,443,48.06142857101827,1.9938126639797078,46.06761590703856,50.05524123499798,5
scale_default,Epsilon_Greedy,epsilon=0.65,444,48.253938002872935,2.0604934942362583,46.193444508636674,50.3144314971092,5
scale_default,Epsilon_Greedy,epsilon=0.65,445,48.313029896474944,2.1060688980577105,46.20696099841723,50.41909879453266,5
scale_default,Epsilon_Greedy,epsilon=0.65,446,48.5561854585403,2.085566718928179,46.47061873961212,50.641752177468476,5
scale_default,Epsilon_Greedy,epsilon=0.65,447,48.67701652326475,1.9545263388645124,46.722490184400236,50.63154286212926,5
scale_default,Epsilon_Greedy,epsilon=0.65,448,48.8759639999959,2.0784397433169315,46.79752425667897,50.95440374331284,5
scale_default,Epsilon_Greedy,epsilon=0.65,449,49.074391499686925,2.008554969864908,47.065836529822015,51.082946469551835,5
scale_default,Epsilon_Greedy,epsilon=0.65,450,49.3619550578881,2.026709288759123,47.33524576912898,51.388664346647225,5
scale_default,Epsilon_Greedy,epsilon=0.65,451,49.47431211973491,2.077529266999135,47.396782852735775,51.55184138673405,5
scale_default,Epsilon_Greedy,epsilon=0.65,452,49.552515448045284,2.047981829916876,47.504533618128406,51.60049727796216,5
scale_default,Epsilon_Greedy,epsilon=0.65,453,49.726371407994776,1.980310987683077,47.7460604203117,51.70668239567785,5
scale_default,Epsilon_Greedy,epsilon=0.65,454,49.87777727902956,2.0174533239329655,47.86032395509659,51.89523060296253,5
scale_default,Epsilon_Greedy,epsilon=0.65,455,50.090376925320285,1.937268564572605,48.15310836074768,52.02764548989289,5
scale_default,Epsilon_Greedy,epsilon=0.65,456,50.30408327805041,1.8973843704529532,48.40669890759746,52.20146764850337,5
scale_default,Epsilon_Greedy,epsilon=0.65,457,50.546218431596024,2.1253060465213203,48.4209123850747,52.67152447811735,5
scale_default,Epsilon_Greedy,epsilon=0.65,458,50.697295026034716,2.1360638895235606,48.561231136511154,52.83335891555828,5
scale_default,Epsilon_Greedy,epsilon=0.65,459,50.837612083482114,2.1619954390749605,48.67561664440716,52.99960752255707,5
scale_default,Epsilon_Greedy,epsilon=0.65,460,51.00794998631965,2.1174807560261515,48.8904692302935,53.125430742345806,5
scale_default,Epsilon_Greedy,epsilon=0.65,461,51.14215326659955,2.0389905538459607,49.10316271275359,53.18114382044551,5
scale_default,Epsilon_Greedy,epsilon=0.65,462,51.392221576471925,2.0412024138852947,49.35101916258663,53.43342399035722,5
scale_default,Epsilon_Greedy,epsilon=0.65,463,51.57279170052762,2.1121759973261227,49.4606157032015,53.684967697853736,5
scale_default,Epsilon_Greedy,epsilon=0.65,464,51.75086275629385,2.1622637641306546,49.58859899216319,53.913126520424505,5
scale_default,Epsilon_Greedy,epsilon=0.65,465,52.02297752978725,2.035847750363539,49.98712977942371,54.058825280150785,5
scale_default,Epsilon_Greedy,epsilon=0.65,466,52.16384926075216,2.0141883971193004,50.14966086363286,54.17803765787146,5
scale_default,Epsilon_Greedy,epsilon=0.65,467,52.22018573389321,1.9795857349493076,50.2405999989439,54.19977146884252,5
scale_default,Epsilon_Greedy,epsilon=0.65,468,52.38989821060021,1.882134164814657,50.50776404578555,54.27203237541487,5
scale_default,Epsilon_Greedy,epsilon=0.65,469,52.56791426075698,1.8377999344289477,50.73011432632803,54.40571419518593,5
scale_default,Epsilon_Greedy,epsilon=0.65,470,52.8273957240865,1.851107723369726,50.97628800071677,54.67850344745623,5
scale_default,Epsilon_Greedy,epsilon=0.65,471,52.97529948639802,1.97219136674091,51.003108119657114,54.94749085313893,5
scale_default,Epsilon_Greedy,epsilon=0.65,472,53.17174088344549,1.9893678322162833,51.182373051229206,55.16110871566177,5
scale_default,Epsilon_Greedy,epsilon=0.65,473,53.36947436557411,1.9405712916727065,51.42890307390141,55.31004565724682,5
scale_default,Epsilon_Greedy,epsilon=0.65,474,53.569294157174696,1.9051602235507061,51.66413393362399,55.474454380725405,5
scale_default,Epsilon_Greedy,epsilon=0.65,475,53.8064378885396,1.7957953130417474,52.01064257549785,55.60223320158135,5
scale_default,Epsilon_Greedy,epsilon=0.65,476,53.93782968478208,1.7699627501363933,52.16786693464569,55.707792434918474,5
scale_default,Epsilon_Greedy,epsilon=0.65,477,54.27404625112872,1.863543269916125,52.4105029812126,56.137589521044845,5
scale_default,Epsilon_Greedy,epsilon=0.65,478,54.53640434691768,1.8681275065727603,52.668276840344916,56.40453185349044,5
scale_default,Epsilon_Greedy,epsilon=0.65,479,54.71906358345875,1.838332212427673,52.880731371031075,56.55739579588642,5
scale_default,Epsilon_Greedy,epsilon=0.65,480,54.96322814701813,1.9060831629755122,53.057144984042615,56.86931130999364,5
scale_default,Epsilon_Greedy,epsilon=0.65,481,55.18455966288131,1.875915949100857,53.308643713780455,57.06047561198217,5
scale_default,Epsilon_Greedy,epsilon=0.65,482,55.33856308286469,1.8898463769920677,53.44871670587262,57.228409459856756,5
scale_default,Epsilon_Greedy,epsilon=0.65,483,55.43981228615799,1.9417101434202657,53.49810214273772,57.381522429578254,5
scale_default,Epsilon_Greedy,epsilon=0.65,484,55.55831640376878,1.9166907371549096,53.64162566661387,57.47500714092369,5
scale_default,Epsilon_Greedy,epsilon=0.65,485,55.80547890515727,1.9012665621007279,53.90421234305654,57.706745467258,5
scale_default,Epsilon_Greedy,epsilon=0.65,486,56.08327356371585,1.8509884628469606,54.232285100868886,57.93426202656281,5
scale_default,Epsilon_Greedy,epsilon=0.65,487,56.14732362039449,1.835448539641355,54.31187508075313,57.98277216003584,5
scale_default,Epsilon_Greedy,epsilon=0.65,488,56.33327461323175,1.8372406946077278,54.49603391862402,58.17051530783948,5
scale_default,Epsilon_Greedy,epsilon=0.65,489,56.40651380995147,1.811029488623344,54.59548432132813,58.21754329857481,5
scale_default,Epsilon_Greedy,epsilon=0.65,490,56.61875430496533,1.86510923377981,54.75364507118552,58.48386353874514,5
scale_default,Epsilon_Greedy,epsilon=0.65,491,56.8305935621176,1.9528261988554476,54.87776736326215,58.78341976097305,5
scale_default,Epsilon_Greedy,epsilon=0.65,492,57.03189091083075,2.022035188416348,55.0098557224144,59.05392609924709,5
scale_default,Epsilon_Greedy,epsilon=0.65,493,57.2789378402036,1.981462171210396,55.2974756689932,59.26040001141399,5
scale_default,Epsilon_Greedy,epsilon=0.65,494,57.51794066480269,2.0330907741017947,55.48484989070089,59.55103143890448,5
scale_default,Epsilon_Greedy,epsilon=0.65,495,57.715885804340175,2.1303827510684528,55.58550305327172,59.84626855540863,5
scale_default,Epsilon_Greedy,epsilon=0.65,496,57.99593955637522,1.8608136941729547,56.135125862202266,59.856753250548174,5
scale_default,Epsilon_Greedy,epsilon=0.65,497,58.14943948948384,1.9085152581044527,56.24092423137939,60.05795474758829,5
scale_default,Epsilon_Greedy,epsilon=0.65,498,58.39679854128178,1.836126151920839,56.560672389360946,60.23292469320262,5
scale_default,Epsilon_Greedy,epsilon=0.65,499,58.51006535642093,1.8785694979526533,56.63149585846828,60.388634854373585,5
scale_default,Epsilon_Greedy,epsilon=0.65,500,58.690716215464285,1.8275843172400477,56.86313189822424,60.51830053270433,5
scale_default,Epsilon_Greedy,epsilon=0.65,501,58.93994432924556,1.764426099131858,57.1755182301137,60.70437042837742,5
scale_default,Epsilon_Greedy,epsilon=0.65,502,59.11037260531613,1.8811561217830657,57.229216483533065,60.991528727099194,5
scale_default,Epsilon_Greedy,epsilon=0.65,503,59.226397537350195,1.9874019783448458,57.238995559005346,61.213799515695044,5
scale_default,Epsilon_Greedy,epsilon=0.65,504,59.332239684001095,2.0173958852924123,57.31484379870868,61.34963556929351,5
scale_default,Epsilon_Greedy,epsilon=0.65,505,59.476570618816105,1.9219907410675185,57.55457987774859,61.39856135988362,5
scale_default,Epsilon_Greedy,epsilon=0.65,506,59.57656086955169,1.9381117969126265,57.63844907263906,61.51467266646432,5
scale_default,Epsilon_Greedy,epsilon=0.65,507,59.73548015474431,1.912364914924281,57.82311523982003,61.64784506966859,5
scale_default,Epsilon_Greedy,epsilon=0.65,508,59.99404671671723,1.8394217923941059,58.15462492432312,61.833468509111334,5
scale_default,Epsilon_Greedy,epsilon=0.65,509,60.134269063507546,1.8431605695631001,58.29110849394444,61.97742963307065,5
scale_default,Epsilon_Greedy,epsilon=0.65,510,60.28460103003071,1.8259270297226902,58.458674000308015,62.1105280597534,5
scale_default,Epsilon_Greedy,epsilon=0.65,511,60.38909509605189,1.7682385689233466,58.620856527128545,62.15733366497523,5
scale_default,Epsilon_Greedy,epsilon=0.65,512,60.570128538677636,1.7478477022013172,58.82228083647632,62.317976240878956,5
scale_default,Epsilon_Greedy,epsilon=0.65,513,60.809352490575144,1.709975774080375,59.09937671649477,62.51932826465552,5
scale_default,Epsilon_Greedy,epsilon=0.65,514,60.902308698734075,1.7238124705641837,59.17849622816989,62.62612116929826,5
scale_default,Epsilon_Greedy,epsilon=0.65,515,61.12421549821265,1.7171980355565364,59.407017462656114,62.841413533769185,5
scale_default,Epsilon_Greedy,epsilon=0.65,516,61.41194178598771,1.9141684400239753,59.49777334596373,63.326110226011686,5
scale_default,Epsilon_Greedy,epsilon=0.65,517,61.59854646596732,1.7859955294927843,59.81255093647453,63.384541995460104,5
scale_default,Epsilon_Greedy,epsilon=0.65,518,61.7334486653735,1.7467366444138925,59.98671202095961,63.480185309787394,5
scale_default,Epsilon_Greedy,epsilon=0.65,519,61.90236911410274,1.8505734585573594,60.051795655545384,63.752942572660096,5
scale_default,Epsilon_Greedy,epsilon=0.65,520,62.050449418733784,1.8539733294922294,60.19647608924156,63.90442274822601,5
scale_default,Epsilon_Greedy,epsilon=0.65,521,62.222434042317595,1.864134528356945,60.35829951396065,64.08656857067454,5
scale_default,Epsilon_Greedy,epsilon=0.65,522,62.48114669314009,1.8536168332450882,60.627529859895,64.33476352638517,5
scale_default,Epsilon_Greedy,epsilon=0.65,523,62.70264600718161,1.805002078767728,60.897643928413885,64.50764808594934,5
scale_default,Epsilon_Greedy,epsilon=0.65,524,62.90970000904326,1.8548191362873365,61.05488087275592,64.7645191453306,5
scale_default,Epsilon_Greedy,epsilon=0.65,525,63.0229315773268,1.8676560465412513,61.15527553078555,64.89058762386806,5
scale_default,Epsilon_Greedy,epsilon=0.65,526,63.16477100432168,1.8302444917209575,61.334526512600725,64.99501549604264,5
scale_default,Epsilon_Greedy,epsilon=0.65,527,63.34824650086152,1.8650561692408196,61.483190331620705,65.21330267010234,5
scale_default,Epsilon_Greedy,epsilon=0.65,528,63.50400039461287,1.8364589106933396,61.667541483919535,65.34045930530621,5
scale_default,Epsilon_Greedy,epsilon=0.65,529,63.67571906915548,1.9109984039749042,61.764720665180576,65.58671747313038,5
scale_default,Epsilon_Greedy,epsilon=0.65,530,63.835202424924205,1.8046330320130612,62.03056939291115,65.63983545693726,5
scale_default,Epsilon_Greedy,epsilon=0.65,531,63.99814453124153,1.884666162711327,62.1134783685302,65.88281069395286,5
scale_default,Epsilon_Greedy,epsilon=0.65,532,64.27279957533062,1.8521644035695104,62.42063517176111,66.12496397890013,5
scale_default,Epsilon_Greedy,epsilon=0.65,533,64.48891812249138,1.7544604684563145,62.73445765403507,66.2433785909477,5
scale_default,Epsilon_Greedy,epsilon=0.65,534,64.6792545785198,1.714942373912294,62.96431220460751,66.3941969524321,5
scale_default,Epsilon_Greedy,epsilon=0.65,535,64.83489774250779,1.6113251406570168,63.223572601850776,66.44622288316481,5
scale_default,Epsilon_Greedy,epsilon=0.65,536,64.93547434409408,1.573499269095629,63.36197507499845,66.50897361318971,5
scale_default,Epsilon_Greedy,epsilon=0.65,537,65.16375502143549,1.551717057241725,63.61203796419377,66.71547207867722,5
scale_default,Epsilon_Greedy,epsilon=0.65,538,65.29735384437751,1.6202335987772867,63.67712024560022,66.9175874431548,5
scale_default,Epsilon_Greedy,epsilon=0.65,539,65.46011309256045,1.6410133110844192,63.81909978147603,67.10112640364487,5
scale_default,Epsilon_Greedy,epsilon=0.65,540,65.5429759879078,1.6271375327086617,63.915838455199136,67.17011352061645,5
scale_default,Epsilon_Greedy,epsilon=0.65,541,65.70474446208782,1.7208187130582249,63.983925749029595,67.42556317514604,5
scale_default,Epsilon_Greedy,epsilon=0.65,542,65.84604355712322,1.7226231749384002,64.12342038218482,67.56866673206163,5
scale_default,Epsilon_Greedy,epsilon=0.65,543,66.15503187583856,1.6140479824695153,64.54098389336905,67.76907985830807,5
scale_default,Epsilon_Greedy,epsilon=0.65,544,66.40372631656484,1.4980889197296248,64.90563739683522,67.90181523629447,5
scale_default,Epsilon_Greedy,epsilon=0.65,545,66.66685900779014,1.5439546432306486,65.12290436455949,68.21081365102079,5
scale_default,Epsilon_Greedy,epsilon=0.65,546,66.88187665852166,1.485659502397347,65.39621715612432,68.367536160919,5
scale_default,Epsilon_Greedy,epsilon=0.65,547,67.08817012717465,1.6162639789199622,65.47190614825469,68.70443410609461,5
scale_default,Epsilon_Greedy,epsilon=0.65,548,67.32059466897292,1.6274647733339023,65.69312989563902,68.94805944230681,5
scale_default,Epsilon_Greedy,epsilon=0.65,549,67.47788671093262,1.689153848577606,65.78873286235502,69.16704055951023,5
scale_default,Epsilon_Greedy,epsilon=0.65,550,67.62880294670944,1.7183697056151153,65.91043324109432,69.34717265232456,5
scale_default,Epsilon_Greedy,epsilon=0.65,551,67.78477668587271,1.737024584552281,66.04775210132043,69.521801270425,5
scale_default,Epsilon_Greedy,epsilon=0.65,552,67.91725055636546,1.7406843641843333,66.17656619218113,69.65793492054979,5
scale_default,Epsilon_Greedy,epsilon=0.65,553,68.07290274423586,1.5871367441830715,66.48576600005279,69.66003948841893,5
scale_default,Epsilon_Greedy,epsilon=0.65,554,68.299015933525,1.4807548782731648,66.81826105525184,69.77977081179816,5
scale_default,Epsilon_Greedy,epsilon=0.65,555,68.54252937436652,1.5441642001449025,66.99836517422162,70.08669357451143,5
scale_default,Epsilon_Greedy,epsilon=0.65,556,68.76314543078267,1.5216441317834166,67.24150129899925,70.28478956256609,5
scale_default,Epsilon_Greedy,epsilon=0.65,557,68.87078498604629,1.551876068125699,67.3189089179206,70.42266105417198,5
scale_default,Epsilon_Greedy,epsilon=0.65,558,69.03496194502844,1.624991923648106,67.40997002138033,70.65995386867655,5
scale_default,Epsilon_Greedy,epsilon=0.65,559,69.1546977893902,1.6338934316172842,67.52080435777292,70.78859122100748,5
scale_default,Epsilon_Greedy,epsilon=0.65,560,69.38143560172794,1.6644750859636113,67.71696051576433,71.04591068769156,5
scale_default,Epsilon_Greedy,epsilon=0.65,561,69.57803873177284,1.728396517894871,67.84964221387797,71.3064352496677,5
scale_default,Epsilon_Greedy,epsilon=0.65,562,69.78971572840103,1.6919678402244969,68.09774788817654,71.48168356862553,5
scale_default,Epsilon_Greedy,epsilon=0.65,563,69.99297716405455,1.7432956333580536,68.24968153069649,71.73627279741261,5
scale_default,Epsilon_Greedy,epsilon=0.65,564,70.28326029282526,1.6834127039843536,68.5998475888409,71.96667299680962,5
scale_default,Epsilon_Greedy,epsilon=0.65,565,70.44773384423128,1.6824088709087426,68.76532497332254,72.13014271514002,5
scale_default,Epsilon_Greedy,epsilon=0.65,566,70.57322178390284,1.633046547544138,68.9401752363587,72.20626833144698,5
scale_default,Epsilon_Greedy,epsilon=0.65,567,70.80105657066211,1.668130576258504,69.1329259944036,72.46918714692062,5
scale_default,Epsilon_Greedy,epsilon=0.65,568,70.95661736772969,1.644255119718141,69.31236224801155,72.60087248744783,5
scale_default,Epsilon_Greedy,epsilon=0.65,569,71.10028082329956,1.6443437227889597,69.4559371005106,72.74462454608852,5
scale_default,Epsilon_Greedy,epsilon=0.65,570,71.24808509537105,1.6529614991016572,69.59512359626939,72.90104659447272,5
scale_default,Epsilon_Greedy,epsilon=0.65,571,71.43975803858564,1.5964503506130312,69.84330768797261,73.03620838919866,5
scale_default,Epsilon_Greedy,epsilon=0.65,572,71.60722290902315,1.5813429686843554,70.0258799403388,73.1885658777075,5
scale_default,Epsilon_Greedy,epsilon=0.65,573,71.80819147791911,1.5588714082910804,70.24932006962803,73.36706288621019,5
scale_default,Epsilon_Greedy,epsilon=0.65,574,72.10825849666676,1.602647111825565,70.5056113848412,73.71090560849233,5
scale_default,Epsilon_Greedy,epsilon=0.65,575,72.35942960685924,1.6287438508974685,70.73068575596177,73.9881734577567,5
scale_default,Epsilon_Greedy,epsilon=0.65,576,72.49292064059603,1.5438501831009928,70.94907045749504,74.03677082369701,5
scale_default,Epsilon_Greedy,epsilon=0.65,577,72.63762031956165,1.5196623165821097,71.11795800297953,74.15728263614376,5
scale_default,Epsilon_Greedy,epsilon=0.65,578,72.86948440364165,1.4885515554212116,71.38093284822044,74.35803595906286,5
scale_default,Epsilon_Greedy,epsilon=0.65,579,73.03899184886028,1.418919028685748,71.62007282017453,74.45791087754603,5
scale_default,Epsilon_Greedy,epsilon=0.65,580,73.1235552147198,1.458765864932901,71.6647893497869,74.5823210796527,5
scale_default,Epsilon_Greedy,epsilon=0.65,581,73.421746640329,1.455886742650791,71.96585989767821,74.8776333829798,5
scale_default,Epsilon_Greedy,epsilon=0.65,582,73.54881862577953,1.4168210631535212,72.13199756262601,74.96563968893305,5
scale_default,Epsilon_Greedy,epsilon=0.65,583,73.73943906672173,1.3776048796275178,72.36183418709422,75.11704394634924,5
scale_default,Epsilon_Greedy,epsilon=0.65,584,74.06636377598159,1.3758332666071986,72.69053050937438,75.44219704258879,5
scale_default,Epsilon_Greedy,epsilon=0.65,585,74.1928712456122,1.446099731910868,72.74677151370133,75.63897097752306,5
scale_default,Epsilon_Greedy,epsilon=0.65,586,74.23883500481024,1.4504021961488103,72.78843280866143,75.68923720095906,5
scale_default,Epsilon_Greedy,epsilon=0.65,587,74.37510028960739,1.5389872059742409,72.83611308363315,75.91408749558163,5
scale_default,Epsilon_Greedy,epsilon=0.65,588,74.49214285131124,1.4736396464528936,73.01850320485835,75.96578249776414,5
scale_default,Epsilon_Greedy,epsilon=0.65,589,74.65805636893141,1.4464843763966264,73.21157199253479,76.10454074532804,5
scale_default,Epsilon_Greedy,epsilon=0.65,590,74.8994659135452,1.4046366906927763,73.49482922285242,76.30410260423798,5
scale_default,Epsilon_Greedy,epsilon=0.65,591,75.1132464968463,1.4458742575833388,73.66737223926296,76.55912075442964,5
scale_default,Epsilon_Greedy,epsilon=0.65,592,75.27808451178484,1.4431777263351273,73.83490678544972,76.72126223811996,5
scale_default,Epsilon_Greedy,epsilon=0.65,593,75.41294901162948,1.4861377823345872,73.9268112292949,76.89908679396406,5
scale_default,Epsilon_Greedy,epsilon=0.65,594,75.62322066219329,1.358795036033362,74.26442562615993,76.98201569822665,5
scale_default,Epsilon_Greedy,epsilon=0.65,595,75.71485225746007,1.4370629973190154,74.27778926014105,77.15191525477908,5
scale_default,Epsilon_Greedy,epsilon=0.65,596,75.89405241823593,1.398872967566263,74.49517945066967,77.29292538580219,5
scale_default,Epsilon_Greedy,epsilon=0.65,597,76.20260796288784,1.2729897764690852,74.92961818641875,77.47559773935693,5
scale_default,Epsilon_Greedy,epsilon=0.65,598,76.3855666655564,1.3571148519956417,75.02845181356075,77.74268151755204,5
scale_default,Epsilon_Greedy,epsilon=0.65,599,76.49000898313503,1.4679560205837303,75.0220529625513,77.95796500371875,5
scale_default,Epsilon_Greedy,epsilon=0.7,0,0.027170215284847605,0.027028938829341445,0.00014127645550615978,0.054199154114189046,5
scale_default,Epsilon_Greedy,epsilon=0.7,1,0.0864783287997732,0.08887105730387582,-0.0023927285041026175,0.17534938610364903,5
scale_default,Epsilon_Greedy,epsilon=0.7,2,0.11067825005086315,0.08916572174673575,0.021512528304127407,0.19984397179759888,5
scale_default,Epsilon_Greedy,epsilon=0.7,3,0.12679751167961265,0.09141227185750415,0.03538523982210849,0.21820978353711679,5
scale_default,Epsilon_Greedy,epsilon=0.7,4,0.131777138342218,0.0930208213841637,0.03875631695805429,0.2247979597263817,5
scale_default,Epsilon_Greedy,epsilon=0.7,5,0.14782070009950116,0.10348336580071145,0.04433733429878971,0.2513040659002126,5
scale_default,Epsilon_Greedy,epsilon=0.7,6,0.17246154634581384,0.12342335214195238,0.04903819420386146,0.2958848984877662,5
scale_default,Epsilon_Greedy,epsilon=0.7,7,0.18155156118173466,0.1294935641002214,0.05205799708151326,0.31104512528195605,5
scale_default,Epsilon_Greedy,epsilon=0.7,8,0.19981768059872618,0.13068153689069528,0.0691361437080309,0.33049921748942146,5
scale_default,Epsilon_Greedy,epsilon=0.7,9,0.22712670077777108,0.16199987950666037,0.06512682127111072,0.3891265802844315,5
scale_default,Epsilon_Greedy,epsilon=0.7,10,0.2880117103568648,0.12337455934973254,0.16463715100713225,0.4113862697065973,5
scale_default,Epsilon_Greedy,epsilon=0.7,11,0.31658425416145214,0.14307188854866834,0.1735123656127838,0.45965614271012045,5
scale_default,Epsilon_Greedy,epsilon=0.7,12,0.35059884983939493,0.14159477425899017,0.20900407558040476,0.4921936240983851,5
scale_default,Epsilon_Greedy,epsilon=0.7,13,0.36934547578344057,0.13915257546046256,0.230192900322978,0.5084980512439031,5
scale_default,Epsilon_Greedy,epsilon=0.7,14,0.41522951676128433,0.13759346194274027,0.27763605481854403,0.5528229787040246,5
scale_default,Epsilon_Greedy,epsilon=0.7,15,0.4493721116236936,0.11133748124612519,0.3380346303775684,0.5607095928698188,5
scale_default,Epsilon_Greedy,epsilon=0.7,16,0.471019528289135,0.12555347286290713,0.3454660554262279,0.5965730011520421,5
scale_default,Epsilon_Greedy,epsilon=0.7,17,0.5041329443721243,0.12210047553662742,0.3820324688354969,0.6262334199087517,5
scale_default,Epsilon_Greedy,epsilon=0.7,18,0.5301945173859883,0.14552294728662388,0.3846715700993645,0.6757174646726122,5
scale_default,Epsilon_Greedy,epsilon=0.7,19,0.5745650475632295,0.13223716083184064,0.4423278867313888,0.7068022083950701,5
scale_default,Epsilon_Greedy,epsilon=0.7,20,0.6029870406141706,0.13525445194066898,0.46773258867350165,0.7382414925548396,5
scale_default,Epsilon_Greedy,epsilon=0.7,21,0.6364676152416578,0.13237243561112527,0.5040951796305326,0.7688400508527831,5
scale_default,Epsilon_Greedy,epsilon=0.7,22,0.6520527406321183,0.11900473886813923,0.533048001763979,0.7710574795002575,5
scale_default,Epsilon_Greedy,epsilon=0.7,23,0.6946569505137334,0.12872175322165452,0.565935197292079,0.8233787037353879,5
scale_default,Epsilon_Greedy,epsilon=0.7,24,0.7546336411851704,0.13511539502816763,0.6195182461570028,0.889749036213338,5
scale_default,Epsilon_Greedy,epsilon=0.7,25,0.7806260001772739,0.13795871367583273,0.6426672865014411,0.9185847138531067,5
scale_default,Epsilon_Greedy,epsilon=0.7,26,0.7985931981668193,0.14893489793358103,0.6496583002332382,0.9475280961004003,5
scale_default,Epsilon_Greedy,epsilon=0.7,27,0.8096043642189702,0.1467498812232012,0.662854482995769,0.9563542454421714,5
scale_default,Epsilon_Greedy,epsilon=0.7,28,0.8229522814535439,0.1481857395831812,0.6747665418703628,0.9711380210367251,5
scale_default,Epsilon_Greedy,epsilon=0.7,29,0.8284850273867965,0.14776330407852886,0.6807217233082676,0.9762483314653254,5
scale_default,Epsilon_Greedy,epsilon=0.7,30,0.8718431870136032,0.16257166334751244,0.7092715236660907,1.0344148503611157,5
scale_default,Epsilon_Greedy,epsilon=0.7,31,0.8899726119834994,0.1483552918921652,0.7416173200913342,1.0383279038756645,5
scale_default,Epsilon_Greedy,epsilon=0.7,32,0.9124207627083495,0.12982725214472302,0.7825935105636265,1.0422480148530724,5
scale_default,Epsilon_Greedy,epsilon=0.7,33,0.940653935593869,0.13099738244055986,0.8096565531533091,1.071651318034429,5
scale_default,Epsilon_Greedy,epsilon=0.7,34,0.9928345403448852,0.1590866665815012,0.833747873763384,1.1519212069263864,5
scale_default,Epsilon_Greedy,epsilon=0.7,35,1.0175394227720924,0.13907275209106937,0.878466670681023,1.1566121748631617,5
scale_default,Epsilon_Greedy,epsilon=0.7,36,1.0627579024736213,0.14613236594389487,0.9166255365297264,1.2088902684175162,5
scale_default,Epsilon_Greedy,epsilon=0.7,37,1.0756434747367023,0.15389892200360292,0.9217445527330994,1.2295423967403052,5
scale_default,Epsilon_Greedy,epsilon=0.7,38,1.0857339985715435,0.15409800790577496,0.9316359906657685,1.2398320064773185,5
scale_default,Epsilon_Greedy,epsilon=0.7,39,1.0976899724580198,0.1596342832749066,0.9380556891831132,1.2573242557329265,5
scale_default,Epsilon_Greedy,epsilon=0.7,40,1.1127505964707018,0.15072965246027906,0.9620209440104228,1.2634802489309809,5
scale_default,Epsilon_Greedy,epsilon=0.7,41,1.1525801978281836,0.184089054008179,0.9684911438200046,1.3366692518363625,5
scale_default,Epsilon_Greedy,epsilon=0.7,42,1.1944188681043706,0.18463602492545397,1.0097828431789166,1.3790548930298245,5
scale_default,Epsilon_Greedy,epsilon=0.7,43,1.2812232467774898,0.2229681389208864,1.0582551078566034,1.5041913856983762,5
scale_default,Epsilon_Greedy,epsilon=0.7,44,1.3673051086360624,0.2987295980520502,1.0685755105840122,1.6660347066881125,5
scale_default,Epsilon_Greedy,epsilon=0.7,45,1.378021275011814,0.2951498639878169,1.082871411023997,1.6731711389996309,5
scale_default,Epsilon_Greedy,epsilon=0.7,46,1.4096500708840831,0.27034876241023015,1.139301308473853,1.6799988332943132,5
scale_default,Epsilon_Greedy,epsilon=0.7,47,1.4408410193861503,0.2845398465119366,1.1563011728742136,1.725380865898087,5
scale_default,Epsilon_Greedy,epsilon=0.7,48,1.4665215348016436,0.2805359416216492,1.1859855931799945,1.7470574764232927,5
scale_default,Epsilon_Greedy,epsilon=0.7,49,1.494772679181541,0.2743662466674255,1.2204064325141155,1.7691389258489665,5
scale_default,Epsilon_Greedy,epsilon=0.7,50,1.5256129322428682,0.26793298548461275,1.2576799467582553,1.793545917727481,5
scale_default,Epsilon_Greedy,epsilon=0.7,51,1.5285731050678764,0.27063191955215327,1.257941185515723,1.7992050246200297,5
scale_default,Epsilon_Greedy,epsilon=0.7,52,1.538794192077476,0.2743254374328627,1.2644687546446132,1.8131196295103387,5
scale_default,Epsilon_Greedy,epsilon=0.7,53,1.5505336753236147,0.2797961894216463,1.2707374859019684,1.830329864745261,5
scale_default,Epsilon_Greedy,epsilon=0.7,54,1.5620652943613886,0.28099263482825976,1.281072659533129,1.8430579291896483,5
scale_default,Epsilon_Greedy,epsilon=0.7,55,1.597627681452528,0.26893714021481113,1.328690541237717,1.8665648216673392,5
scale_default,Epsilon_Greedy,epsilon=0.7,56,1.6019986634974916,0.26644407811079684,1.3355545853866948,1.8684427416082885,5
scale_default,Epsilon_Greedy,epsilon=0.7,57,1.629663083853418,0.2791867095375059,1.350476374315912,1.908849793390924,5
scale_default,Epsilon_Greedy,epsilon=0.7,58,1.66480465924429,0.23485109021449438,1.4299535690297955,1.8996557494587845,5
scale_default,Epsilon_Greedy,epsilon=0.7,59,1.6700681892810891,0.23089848925666126,1.439169700024428,1.9009666785377504,5
scale_default,Epsilon_Greedy,epsilon=0.7,60,1.6994955721009126,0.24858103214637792,1.4509145399545347,1.9480766042472906,5
scale_default,Epsilon_Greedy,epsilon=0.7,61,1.7412854779404043,0.2201603466265532,1.5211251313138512,1.9614458245669575,5
scale_default,Epsilon_Greedy,epsilon=0.7,62,1.7616022518542416,0.232348181408111,1.5292540704461306,1.9939504332623526,5
scale_default,Epsilon_Greedy,epsilon=0.7,63,1.7826129514673947,0.2096446239515083,1.5729683275158863,1.9922575754189031,5
scale_default,Epsilon_Greedy,epsilon=0.7,64,1.8073084637882197,0.2126066595858526,1.594701804202367,2.0199151233740724,5
scale_default,Epsilon_Greedy,epsilon=0.7,65,1.8358972685713693,0.19487140515471413,1.641025863416655,2.0307686737260835,5
scale_default,Epsilon_Greedy,epsilon=0.7,66,1.859035157817285,0.1634522061065433,1.6955829517107417,2.0224873639238283,5
scale_default,Epsilon_Greedy,epsilon=0.7,67,1.8683778769266315,0.16973446577414572,1.6986434111524857,2.038112342700777,5
scale_default,Epsilon_Greedy,epsilon=0.7,68,1.8803304285892781,0.16142922535789553,1.7189012032313826,2.0417596539471736,5
scale_default,Epsilon_Greedy,epsilon=0.7,69,1.8850813072455472,0.15777365823840314,1.7273076490071442,2.0428549654839503,5
scale_default,Epsilon_Greedy,epsilon=0.7,70,1.893690700559117,0.16076180341293622,1.7329288971461807,2.0544525039720534,5
scale_default,Epsilon_Greedy,epsilon=0.7,71,1.9008380688207898,0.16134415658703574,1.739493912233754,2.0621822254078257,5
scale_default,Epsilon_Greedy,epsilon=0.7,72,1.9155852952703643,0.1683922131736761,1.747193082096688,2.08397750844404,5
scale_default,Epsilon_Greedy,epsilon=0.7,73,1.933418641763609,0.1638622895605019,1.769556352203107,2.0972809313241108,5
scale_default,Epsilon_Greedy,epsilon=0.7,74,1.9462191211091355,0.174175092496112,1.7720440286130235,2.1203942136052474,5
scale_default,Epsilon_Greedy,epsilon=0.7,75,1.9889202098116048,0.1428668075281902,1.8460534022834145,2.131787017339795,5
scale_default,Epsilon_Greedy,epsilon=0.7,76,2.0056554582288486,0.15273948267123783,1.8529159755576108,2.158394940900086,5
scale_default,Epsilon_Greedy,epsilon=0.7,77,2.032116604205192,0.16240582297313017,1.8697107812320617,2.194522427178322,5
scale_default,Epsilon_Greedy,epsilon=0.7,78,2.0935154530533824,0.1260636326339267,1.9674518204194558,2.219579085687309,5
scale_default,Epsilon_Greedy,epsilon=0.7,79,2.102839475012205,0.12773963969528584,1.9750998353169191,2.2305791147074907,5
scale_default,Epsilon_Greedy,epsilon=0.7,80,2.1239526791960706,0.11640813331604151,2.007544545880029,2.240360812512112,5
scale_default,Epsilon_Greedy,epsilon=0.7,81,2.125846863349942,0.11803343697723725,2.0078134263727048,2.243880300327179,5
scale_default,Epsilon_Greedy,epsilon=0.7,82,2.1506671386526475,0.11853043449794787,2.0321367041546994,2.2691975731505956,5
scale_default,Epsilon_Greedy,epsilon=0.7,83,2.172473489443818,0.11837886010596393,2.054094629337854,2.290852349549782,5
scale_default,Epsilon_Greedy,epsilon=0.7,84,2.1922532751684116,0.13177102843188898,2.0604822467365227,2.3240243036003005,5
scale_default,Epsilon_Greedy,epsilon=0.7,85,2.223831054818438,0.11332340224412334,2.1105076525743147,2.337154457062561,5
scale_default,Epsilon_Greedy,epsilon=0.7,86,2.243746705019585,0.12024340531408632,2.123503299705499,2.3639901103336713,5
scale_default,Epsilon_Greedy,epsilon=0.7,87,2.2594288896295884,0.10362629330525389,2.1558025963243344,2.3630551829348425,5
scale_default,Epsilon_Greedy,epsilon=0.7,88,2.2764928086730536,0.10492354597191192,2.1715692627011416,2.3814163546449656,5
scale_default,Epsilon_Greedy,epsilon=0.7,89,2.288780565942373,0.12413437689646106,2.164646189045912,2.412914942838834,5
scale_default,Epsilon_Greedy,epsilon=0.7,90,2.3231175599066813,0.10295854030169763,2.2201590196049836,2.426076100208379,5
scale_default,Epsilon_Greedy,epsilon=0.7,91,2.341870001707461,0.08873036070499651,2.2531396410024644,2.4306003624124575,5
scale_default,Epsilon_Greedy,epsilon=0.7,92,2.372345369323133,0.10050825076923837,2.271837118553895,2.4728536200923714,5
scale_default,Epsilon_Greedy,epsilon=0.7,93,2.426548119389686,0.10017477655038133,2.3263733428393047,2.5267228959400674,5
scale_default,Epsilon_Greedy,epsilon=0.7,94,2.4452126014184747,0.11219573557768561,2.333016865840789,2.5574083369961604,5
scale_default,Epsilon_Greedy,epsilon=0.7,95,2.4616147180787507,0.11567623891610902,2.3459384791626414,2.57729095699486,5
scale_default,Epsilon_Greedy,epsilon=0.7,96,2.516270260766081,0.09665206793392743,2.4196181928321536,2.6129223287000087,5
scale_default,Epsilon_Greedy,epsilon=0.7,97,2.5324906556796236,0.100473413184989,2.4320172424946347,2.6329640688646125,5
scale_default,Epsilon_Greedy,epsilon=0.7,98,2.564190037044553,0.13803788315998777,2.4261521538845656,2.7022279202045407,5
scale_default,Epsilon_Greedy,epsilon=0.7,99,2.5723686023238876,0.13828349747331076,2.4340851048505767,2.7106520997971986,5
scale_default,Epsilon_Greedy,epsilon=0.7,100,2.597456167692449,0.18807329986097557,2.4093828678314733,2.785529467553425,5
scale_default,Epsilon_Greedy,epsilon=0.7,101,2.6350754708825423,0.19366473247624263,2.4414107384062995,2.828740203358785,5
scale_default,Epsilon_Greedy,epsilon=0.7,102,2.6481792638577204,0.18534759322765648,2.462831670630064,2.833526857085377,5
scale_default,Epsilon_Greedy,epsilon=0.7,103,2.6713942668760433,0.18020207509173722,2.491192191784306,2.8515963419677806,5
scale_default,Epsilon_Greedy,epsilon=0.7,104,2.680506072060721,0.19300396868387645,2.4875021033768445,2.873510040744597,5
scale_default,Epsilon_Greedy,epsilon=0.7,105,2.756370165750538,0.2047838479427441,2.551586317807794,2.961154013693282,5
scale_default,Epsilon_Greedy,epsilon=0.7,106,2.7730249727486624,0.2027722602305447,2.570252712518118,2.975797232979207,5
scale_default,Epsilon_Greedy,epsilon=0.7,107,2.783659581573239,0.19182386095255993,2.5918357206206792,2.9754834425257988,5
scale_default,Epsilon_Greedy,epsilon=0.7,108,2.807571710269941,0.21527932233729744,2.5922923879326434,3.0228510326072384,5
scale_default,Epsilon_Greedy,epsilon=0.7,109,2.8190008523739665,0.20941575411036134,2.6095850982636053,3.0284166064843276,5
scale_default,Epsilon_Greedy,epsilon=0.7,110,2.8570809951873466,0.19575820719398418,2.6613227879933623,3.052839202381331,5
scale_default,Epsilon_Greedy,epsilon=0.7,111,2.8675927683035995,0.20070306409536942,2.6668897042082302,3.068295832398969,5
scale_default,Epsilon_Greedy,epsilon=0.7,112,2.913515107662192,0.20615702738827346,2.7073580802739183,3.1196721350504655,5
scale_default,Epsilon_Greedy,epsilon=0.7,113,2.9428595811155693,0.2027691223985101,2.7400904587170594,3.1456287035140793,5
scale_default,Epsilon_Greedy,epsilon=0.7,114,2.9963080364033554,0.21238717106187185,2.7839208653414835,3.2086952074652273,5
scale_default,Epsilon_Greedy,epsilon=0.7,115,3.0254409070419483,0.210721403050674,2.8147195039912742,3.2361623100926225,5
scale_default,Epsilon_Greedy,epsilon=0.7,116,3.0352763608825226,0.2105272344703077,2.824749126412215,3.24580359535283,5
scale_default,Epsilon_Greedy,epsilon=0.7,117,3.0650703874411613,0.21501700488294845,2.850053382558213,3.2800873923241096,5
scale_default,Epsilon_Greedy,epsilon=0.7,118,3.076223941481396,0.21461250243436658,2.8616114390470297,3.2908364439157625,5
scale_default,Epsilon_Greedy,epsilon=0.7,119,3.0964386443033938,0.22754653790681428,2.8688921063965793,3.3239851822102082,5
scale_default,Epsilon_Greedy,epsilon=0.7,120,3.1195923790168867,0.23366357353966763,2.885928805477219,3.3532559525565544,5
scale_default,Epsilon_Greedy,epsilon=0.7,121,3.124914085768636,0.23986092213839313,2.8850531636302432,3.364775007907029,5
scale_default,Epsilon_Greedy,epsilon=0.7,122,3.1634597979115555,0.2315197018210987,2.931940096090457,3.394979499732654,5
scale_default,Epsilon_Greedy,epsilon=0.7,123,3.1855326216916273,0.22032402503668996,2.9652085966549375,3.405856646728317,5
scale_default,Epsilon_Greedy,epsilon=0.7,124,3.1981859049806003,0.2208955831031658,2.9772903218774345,3.419081488083766,5
scale_default,Epsilon_Greedy,epsilon=0.7,125,3.2374927561856532,0.25465462896133456,2.9828381272243187,3.4921473851469877,5
scale_default,Epsilon_Greedy,epsilon=0.7,126,3.2565710886408894,0.2500253300547753,3.006545758586114,3.506596418695665,5
scale_default,Epsilon_Greedy,epsilon=0.7,127,3.278274889074491,0.24850996173070591,3.029764927343785,3.526784850805197,5
scale_default,Epsilon_Greedy,epsilon=0.7,128,3.285644326198984,0.2455326092817987,3.040111716917185,3.5311769354807825,5
scale_default,Epsilon_Greedy,epsilon=0.7,129,3.300376110483864,0.2634378578777033,3.0369382526061606,3.563813968361567,5
scale_default,Epsilon_Greedy,epsilon=0.7,130,3.3237666221050377,0.2532462761527521,3.0705203459522856,3.57701289825779,5
scale_default,Epsilon_Greedy,epsilon=0.7,131,3.3326803465675736,0.25951551623531466,3.073164830332259,3.592195862802888,5
scale_default,Epsilon_Greedy,epsilon=0.7,132,3.3830561659114977,0.2422825596555253,3.1407736062559723,3.625338725567023,5
scale_default,Epsilon_Greedy,epsilon=0.7,133,3.4182941730055463,0.25592753918399214,3.162366633821554,3.6742217121895386,5
scale_default,Epsilon_Greedy,epsilon=0.7,134,3.4327188736613516,0.2574534178586532,3.1752654558026983,3.690172291520005,5
scale_default,Epsilon_Greedy,epsilon=0.7,135,3.4676969624625436,0.26171764648754586,3.205979315974998,3.7294146089500892,5
scale_default,Epsilon_Greedy,epsilon=0.7,136,3.482606176456477,0.2766357987330698,3.2059703777234074,3.7592419751895467,5
scale_default,Epsilon_Greedy,epsilon=0.7,137,3.5045333770909566,0.28733529770914357,3.217198079381813,3.7918686748001003,5
scale_default,Epsilon_Greedy,epsilon=0.7,138,3.5366321416359012,0.29135758141965784,3.2452745602162434,3.827989723055559,5
scale_default,Epsilon_Greedy,epsilon=0.7,139,3.569757822718666,0.29428515458508964,3.2754726681335766,3.8640429773037557,5
scale_default,Epsilon_Greedy,epsilon=0.7,140,3.591297959866784,0.31083127451955045,3.2804666853472333,3.9021292343863343,5
scale_default,Epsilon_Greedy,epsilon=0.7,141,3.6244111540655792,0.3169674162545607,3.3074437378110186,3.94137857032014,5
scale_default,Epsilon_Greedy,epsilon=0.7,142,3.6280604024306173,0.31843585493091964,3.3096245474996975,3.946496257361537,5
scale_default,Epsilon_Greedy,epsilon=0.7,143,3.642687705377566,0.3218487564942704,3.3208389488832957,3.9645364618718366,5
scale_default,Epsilon_Greedy,epsilon=0.7,144,3.6591641608365792,0.320223230063259,3.33894093077332,3.9793873908998383,5
scale_default,Epsilon_Greedy,epsilon=0.7,145,3.707847558024347,0.32414632638420365,3.3837012316401434,4.031993884408551,5
scale_default,Epsilon_Greedy,epsilon=0.7,146,3.7288656625477272,0.31322911169047035,3.415636550857257,4.042094774238198,5
scale_default,Epsilon_Greedy,epsilon=0.7,147,3.7777892660868653,0.3164279064361789,3.4613613596506863,4.094217172523044,5
scale_default,Epsilon_Greedy,epsilon=0.7,148,3.802176593360201,0.303246399118531,3.4989301942416704,4.105422992478732,5
scale_default,Epsilon_Greedy,epsilon=0.7,149,3.8189294335687665,0.294100162749228,3.5248292708195383,4.113029596317994,5
scale_default,Epsilon_Greedy,epsilon=0.7,150,3.8525922592996293,0.28359499988689524,3.568997259412734,4.136187259186524,5
scale_default,Epsilon_Greedy,epsilon=0.7,151,3.88006110753457,0.26628957760830396,3.6137715299262663,4.146350685142874,5
scale_default,Epsilon_Greedy,epsilon=0.7,152,3.890988517456506,0.2667442130907711,3.6242443043657353,4.157732730547277,5
scale_default,Epsilon_Greedy,epsilon=0.7,153,3.9073663138670285,0.25651929129242695,3.6508470225746015,4.1638856051594555,5
scale_default,Epsilon_Greedy,epsilon=0.7,154,3.9297838468084407,0.2491174909107439,3.6806663558976966,4.178901337719185,5
scale_default,Epsilon_Greedy,epsilon=0.7,155,3.9627242110910794,0.25404869677150144,3.708675514319578,4.21677290786258,5
scale_default,Epsilon_Greedy,epsilon=0.7,156,3.9931179473652696,0.26731678765367267,3.725801159711597,4.260434735018943,5
scale_default,Epsilon_Greedy,epsilon=0.7,157,4.0122398195095155,0.26344427660131675,3.7487955429081987,4.275684096110832,5
scale_default,Epsilon_Greedy,epsilon=0.7,158,4.01994543551873,0.26299682716620665,3.7569486083525234,4.282942262684937,5
scale_default,Epsilon_Greedy,epsilon=0.7,159,4.0279387374299835,0.26355162366813095,3.7643871137618525,4.2914903610981145,5
scale_default,Epsilon_Greedy,epsilon=0.7,160,4.033777824963913,0.2602712803521676,3.7735065446117453,4.2940491053160805,5
scale_default,Epsilon_Greedy,epsilon=0.7,161,4.050702133376035,0.27002932536763113,3.7806728080084038,4.320731458743666,5
scale_default,Epsilon_Greedy,epsilon=0.7,162,4.0813240271647455,0.2811081591413882,3.8002158680233573,4.362432186306133,5
scale_default,Epsilon_Greedy,epsilon=0.7,163,4.115911122237806,0.2625544384735783,3.853356683764228,4.378465560711384,5
scale_default,Epsilon_Greedy,epsilon=0.7,164,4.147049490069197,0.25555457878826754,3.891494911280929,4.402604068857464,5
scale_default,Epsilon_Greedy,epsilon=0.7,165,4.166030962968399,0.2689285446680969,3.8971024183003022,4.4349595076364965,5
scale_default,Epsilon_Greedy,epsilon=0.7,166,4.1757386918562585,0.2680196070937569,3.9077190847625016,4.443758298950016,5
scale_default,Epsilon_Greedy,epsilon=0.7,167,4.184926103974278,0.26852571580744466,3.9164003881668332,4.453451819781723,5
scale_default,Epsilon_Greedy,epsilon=0.7,168,4.190934984579329,0.26293048793844914,3.9280044966408796,4.453865472517778,5
scale_default,Epsilon_Greedy,epsilon=0.7,169,4.203846622411733,0.2743215873339097,3.9295250350778237,4.478168209745643,5
scale_default,Epsilon_Greedy,epsilon=0.7,170,4.220491581966334,0.2655190287601388,3.9549725532061952,4.486010610726472,5
scale_default,Epsilon_Greedy,epsilon=0.7,171,4.236779630827717,0.2559082883147425,3.980871342512974,4.492687919142459,5
scale_default,Epsilon_Greedy,epsilon=0.7,172,4.25596081299269,0.25260937884557527,4.003351434147115,4.508570191838265,5
scale_default,Epsilon_Greedy,epsilon=0.7,173,4.287286421914908,0.28566884532896436,4.001617576585944,4.572955267243873,5
scale_default,Epsilon_Greedy,epsilon=0.7,174,4.335050561877923,0.2715685846625224,4.0634819772154005,4.606619146540445,5
scale_default,Epsilon_Greedy,epsilon=0.7,175,4.345895636832699,0.2690537496781948,4.0768418871545045,4.614949386510894,5
scale_default,Epsilon_Greedy,epsilon=0.7,176,4.393956350361587,0.316496974363322,4.077459375998265,4.710453324724909,5
scale_default,Epsilon_Greedy,epsilon=0.7,177,4.420539101914873,0.34009454641826703,4.080444555496606,4.7606336483331395,5
scale_default,Epsilon_Greedy,epsilon=0.7,178,4.441143893178987,0.3369167112078333,4.1042271819711535,4.778060604386821,5
scale_default,Epsilon_Greedy,epsilon=0.7,179,4.524132466797437,0.3550353947118521,4.169097072085584,4.8791678615092895,5
scale_default,Epsilon_Greedy,epsilon=0.7,180,4.547970366510673,0.3550654584506385,4.192904908060035,4.903035824961311,5
scale_default,Epsilon_Greedy,epsilon=0.7,181,4.603106054709675,0.3789714136392321,4.224134641070443,4.9820774683489075,5
scale_default,Epsilon_Greedy,epsilon=0.7,182,4.615476390321227,0.39668680231328607,4.218789588007941,5.012163192634513,5
scale_default,Epsilon_Greedy,epsilon=0.7,183,4.625922730958722,0.3957239530283147,4.230198777930408,5.021646683987036,5
scale_default,Epsilon_Greedy,epsilon=0.7,184,4.629820615347745,0.3957839856589893,4.234036629688756,5.025604601006734,5
scale_default,Epsilon_Greedy,epsilon=0.7,185,4.636334272134448,0.4031140037224136,4.233220268412034,5.039448275856862,5
scale_default,Epsilon_Greedy,epsilon=0.7,186,4.651273805602861,0.4037195843247308,4.24755422127813,5.054993389927591,5
scale_default,Epsilon_Greedy,epsilon=0.7,187,4.678206333691614,0.40572932219164254,4.272477011499972,5.0839356558832565,5
scale_default,Epsilon_Greedy,epsilon=0.7,188,4.697378674326722,0.40939260100161406,4.287986073325108,5.106771275328336,5
scale_default,Epsilon_Greedy,epsilon=0.7,189,4.712452481084528,0.40756980481174077,4.304882676272787,5.120022285896268,5
scale_default,Epsilon_Greedy,epsilon=0.7,190,4.737964449371591,0.409324062154002,4.32864038721759,5.147288511525593,5
scale_default,Epsilon_Greedy,epsilon=0.7,191,4.749607559485914,0.4290963859865796,4.320511173499334,5.178703945472494,5
scale_default,Epsilon_Greedy,epsilon=0.7,192,4.767459350918374,0.4380350943918508,4.329424256526523,5.205494445310225,5
scale_default,Epsilon_Greedy,epsilon=0.7,193,4.779086073355606,0.4313006799260729,4.347785393429533,5.210386753281679,5
scale_default,Epsilon_Greedy,epsilon=0.7,194,4.791851434931996,0.4338938218992407,4.357957613032755,5.225745256831236,5
scale_default,Epsilon_Greedy,epsilon=0.7,195,4.804833017431808,0.42941701234446705,4.375416005087342,5.234250029776275,5
scale_default,Epsilon_Greedy,epsilon=0.7,196,4.810944928888235,0.43045354279373343,4.380491386094501,5.241398471681968,5
scale_default,Epsilon_Greedy,epsilon=0.7,197,4.831280768122518,0.42766506927175324,4.403615698850765,5.258945837394271,5
scale_default,Epsilon_Greedy,epsilon=0.7,198,4.8660936666423105,0.42739603200667986,4.438697634635631,5.29348969864899,5
scale_default,Epsilon_Greedy,epsilon=0.7,199,4.902072702615487,0.4714213074807718,4.430651395134715,5.373494010096259,5
scale_default,Epsilon_Greedy,epsilon=0.7,200,5.077466126181659,0.41769989989907774,4.659766226282581,5.495166026080737,5
scale_default,Epsilon_Greedy,epsilon=0.7,201,5.250827982350903,0.3594601301719208,4.891367852178982,5.610288112522824,5
scale_default,Epsilon_Greedy,epsilon=0.7,202,5.419883697943562,0.33906649831625696,5.0808171996273055,5.758950196259819,5
scale_default,Epsilon_Greedy,epsilon=0.7,203,5.521784178460537,0.39387463036775155,5.127909548092786,5.915658808828288,5
scale_default,Epsilon_Greedy,epsilon=0.7,204,5.7111269835100895,0.2937989850483696,5.41732799846172,6.004925968558459,5
scale_default,Epsilon_Greedy,epsilon=0.7,205,5.780620817728242,0.3100644273131638,5.470556390415078,6.090685245041406,5
scale_default,Epsilon_Greedy,epsilon=0.7,206,5.995433435624565,0.23557352774488774,5.759859907879678,6.2310069633694525,5
scale_default,Epsilon_Greedy,epsilon=0.7,207,6.168482500916672,0.19631250265457875,5.972169998262093,6.364795003571251,5
scale_default,Epsilon_Greedy,epsilon=0.7,208,6.322190660816845,0.2554536490891212,6.0667370117277235,6.577644309905966,5
scale_default,Epsilon_Greedy,epsilon=0.7,209,6.509069861815922,0.2878011698048379,6.221268692011084,6.79687103162076,5
scale_default,Epsilon_Greedy,epsilon=0.7,210,6.6146009588481745,0.2934332707577697,6.321167688090405,6.908034229605944,5
scale_default,Epsilon_Greedy,epsilon=0.7,211,6.792983398635447,0.3713696283628548,6.421613770272592,7.164353026998302,5
scale_default,Epsilon_Greedy,epsilon=0.7,212,7.2123292837789865,0.2500298987030084,6.962299385075978,7.462359182481995,5
scale_default,Epsilon_Greedy,epsilon=0.7,213,7.374042732134731,0.3430324428300611,7.031010289304669,7.717075174964792,5
scale_default,Epsilon_Greedy,epsilon=0.7,214,7.650879111291003,0.3937754293289845,7.257103681962018,8.044654540619987,5
scale_default,Epsilon_Greedy,epsilon=0.7,215,7.926516364981697,0.5884719491041802,7.338044415877516,8.514988314085876,5
scale_default,Epsilon_Greedy,epsilon=0.7,216,8.156059907060154,0.6108674910852582,7.5451924159748955,8.766927398145413,5
scale_default,Epsilon_Greedy,epsilon=0.7,217,8.513969481513314,0.4757150429450755,8.038254438568238,8.98968452445839,5
scale_default,Epsilon_Greedy,epsilon=0.7,218,8.685699878834729,0.42363899189276294,8.262060886941967,9.109338870727491,5
scale_default,Epsilon_Greedy,epsilon=0.7,219,8.940624434928951,0.43498061861833304,8.505643816310618,9.375605053547284,5
scale_default,Epsilon_Greedy,epsilon=0.7,220,9.060922216444844,0.44459142012245595,8.616330796322387,9.5055136365673,5
scale_default,Epsilon_Greedy,epsilon=0.7,221,9.08775575671148,0.4341858553058006,8.65356990140568,9.521941612017281,5
scale_default,Epsilon_Greedy,epsilon=0.7,222,9.204028204635161,0.5097956221028703,8.69423258253229,9.713823826738032,5
scale_default,Epsilon_Greedy,epsilon=0.7,223,9.32053682178201,0.5257569413923632,8.794779880389648,9.846293763174373,5
scale_default,Epsilon_Greedy,epsilon=0.7,224,9.405408563799194,0.556405250280675,8.84900331351852,9.961813814079868,5
scale_default,Epsilon_Greedy,epsilon=0.7,225,9.611821832283006,0.5894355749629274,9.022386257320079,10.201257407245933,5
scale_default,Epsilon_Greedy,epsilon=0.7,226,9.767522096136126,0.6868457126268773,9.08067638350925,10.454367808763003,5
scale_default,Epsilon_Greedy,epsilon=0.7,227,9.896815901646779,0.7215837249757696,9.17523217667101,10.618399626622548,5
scale_default,Epsilon_Greedy,epsilon=0.7,228,10.088926745131914,0.6280640111800186,9.460862733951895,10.716990756311933,5
scale_default,Epsilon_Greedy,epsilon=0.7,229,10.16319192444889,0.6148500654323432,9.548341859016547,10.778041989881233,5
scale_default,Epsilon_Greedy,epsilon=0.7,230,10.35260587081541,0.5982805564176559,9.754325314397754,10.950886427233065,5
scale_default,Epsilon_Greedy,epsilon=0.7,231,10.503479014455092,0.7359727113401758,9.767506303114915,11.239451725795268,5
scale_default,Epsilon_Greedy,epsilon=0.7,232,10.673552601244882,0.7595631458023349,9.913989455442547,11.433115747047218,5
scale_default,Epsilon_Greedy,epsilon=0.7,233,10.777411553626866,0.7397927209823466,10.037618832644519,11.517204274609213,5
scale_default,Epsilon_Greedy,epsilon=0.7,234,10.994762722586325,1.0072326990366272,9.987530023549697,12.001995421622953,5
scale_default,Epsilon_Greedy,epsilon=0.7,235,11.182185226097953,1.1411676223190066,10.041017603778947,12.32335284841696,5
scale_default,Epsilon_Greedy,epsilon=0.7,236,11.284405843272374,1.0891338392144583,10.195272004057916,12.373539682486832,5
scale_default,Epsilon_Greedy,epsilon=0.7,237,11.413092017683223,1.1873653452230843,10.225726672460139,12.600457362906306,5
scale_default,Epsilon_Greedy,epsilon=0.7,238,11.584110142516755,1.145251827919654,10.4388583145971,12.72936197043641,5
scale_default,Epsilon_Greedy,epsilon=0.7,239,11.739945786726285,1.126618970644702,10.613326816081582,12.866564757370988,5
scale_default,Epsilon_Greedy,epsilon=0.7,240,11.887446648849028,1.116216558288888,10.77123009056014,13.003663207137917,5
scale_default,Epsilon_Greedy,epsilon=0.7,241,12.07842200751011,1.2909787350949125,10.787443272415198,13.369400742605022,5
scale_default,Epsilon_Greedy,epsilon=0.7,242,12.238405250966839,1.2838976563369227,10.954507594629916,13.52230290730376,5
scale_default,Epsilon_Greedy,epsilon=0.7,243,12.462031097437599,1.2822833614980589,11.17974773593954,13.744314458935659,5
scale_default,Epsilon_Greedy,epsilon=0.7,244,12.623480586038369,1.3519377200148717,11.271542866023497,13.97541830605324,5
scale_default,Epsilon_Greedy,epsilon=0.7,245,12.811229951061183,1.2795636812629245,11.531666269798258,14.090793632324107,5
scale_default,Epsilon_Greedy,epsilon=0.7,246,12.987136361320662,1.2829497521152147,11.704186609205447,14.270086113435877,5
scale_default,Epsilon_Greedy,epsilon=0.7,247,13.129883417835952,1.2986004617719982,11.831282956063953,14.42848387960795,5
scale_default,Epsilon_Greedy,epsilon=0.7,248,13.368564948593109,1.309644665204806,12.058920283388304,14.678209613797915,5
scale_default,Epsilon_Greedy,epsilon=0.7,249,13.519955237456504,1.2902985003298384,12.229656737126666,14.810253737786342,5
scale_default,Epsilon_Greedy,epsilon=0.7,250,13.72521258032609,1.2618737236419812,12.463338856684109,14.987086303968072,5
scale_default,Epsilon_Greedy,epsilon=0.7,251,13.863775769351614,1.1391636809048666,12.724612088446747,15.00293945025648,5
scale_default,Epsilon_Greedy,epsilon=0.7,252,14.023853537455022,1.0944403551498092,12.929413182305213,15.11829389260483,5
scale_default,Epsilon_Greedy,epsilon=0.7,253,14.386409152753561,1.0566933682741162,13.329715784479445,15.443102521027678,5
scale_default,Epsilon_Greedy,epsilon=0.7,254,14.537408311259853,1.0757086068510162,13.461699704408836,15.613116918110869,5
scale_default,Epsilon_Greedy,epsilon=0.7,255,14.629331040534407,1.061847110196352,13.567483930338055,15.691178150730758,5
scale_default,Epsilon_Greedy,epsilon=0.7,256,14.796900470805332,1.181337672050762,13.615562798754569,15.978238142856094,5
scale_default,Epsilon_Greedy,epsilon=0.7,257,15.037261947140735,1.0964025174265284,13.940859429714207,16.133664464567264,5
scale_default,Epsilon_Greedy,epsilon=0.7,258,15.15847643044911,1.1225837254416873,14.035892705007422,16.281060155890795,5
scale_default,Epsilon_Greedy,epsilon=0.7,259,15.32089638371151,1.1924992872770603,14.12839709643445,16.51339567098857,5
scale_default,Epsilon_Greedy,epsilon=0.7,260,15.557258831606058,1.2571999955043742,14.300058836101684,16.814458827110432,5
scale_default,Epsilon_Greedy,epsilon=0.7,261,15.823046133879933,1.2255103047479152,14.597535829132017,17.04855643862785,5
scale_default,Epsilon_Greedy,epsilon=0.7,262,15.94732726315001,1.3360802313454698,14.61124703180454,17.283407494495478,5
scale_default,Epsilon_Greedy,epsilon=0.7,263,16.17561138209416,1.3085844757556864,14.867026906338474,17.484195857849848,5
scale_default,Epsilon_Greedy,epsilon=0.7,264,16.34969565774421,1.3861508184376123,14.963544839306598,17.735846476181823,5
scale_default,Epsilon_Greedy,epsilon=0.7,265,16.586120537181955,1.3851122547057644,15.201008282476192,17.97123279188772,5
scale_default,Epsilon_Greedy,epsilon=0.7,266,16.777988905795258,1.411437920468933,15.366550985326326,18.189426826264192,5
scale_default,Epsilon_Greedy,epsilon=0.7,267,16.90040142007377,1.369884874886893,15.530516545186877,18.270286294960663,5
scale_default,Epsilon_Greedy,epsilon=0.7,268,17.111248699569405,1.2899202975583104,15.821328402011094,18.401168997127716,5
scale_default,Epsilon_Greedy,epsilon=0.7,269,17.339736713970296,1.1456757810108453,16.194060932959452,18.48541249498114,5
scale_default,Epsilon_Greedy,epsilon=0.7,270,17.45540746948599,1.2174840201900994,16.23792344929589,18.67289148967609,5
scale_default,Epsilon_Greedy,epsilon=0.7,271,17.563653298781,1.198590173557492,16.365063125223507,18.76224347233849,5
scale_default,Epsilon_Greedy,epsilon=0.7,272,17.771445204640692,1.268917662766694,16.502527541874,19.040362867407385,5
scale_default,Epsilon_Greedy,epsilon=0.7,273,17.986932047470624,1.440098405128508,16.546833642342115,19.427030452599134,5
scale_default,Epsilon_Greedy,epsilon=0.7,274,18.2557766786371,1.3918708796030073,16.863905799034093,19.64764755824011,5
scale_default,Epsilon_Greedy,epsilon=0.7,275,18.56907615355104,1.4261692625503772,17.142906891000663,19.99524541610142,5
scale_default,Epsilon_Greedy,epsilon=0.7,276,18.683316026374023,1.3850862427285808,17.298229783645443,20.068402269102602,5
scale_default,Epsilon_Greedy,epsilon=0.7,277,18.847452334784418,1.3932110346752518,17.454241300109167,20.240663369459668,5
scale_default,Epsilon_Greedy,epsilon=0.7,278,19.015696225965044,1.3644217014443667,17.651274524520677,20.38011792740941,5
scale_default,Epsilon_Greedy,epsilon=0.7,279,19.21409029925489,1.448925257036201,17.76516504221869,20.663015556291093,5
scale_default,Epsilon_Greedy,epsilon=0.7,280,19.407946740490747,1.461908630424557,17.94603811006619,20.869855370915303,5
scale_default,Epsilon_Greedy,epsilon=0.7,281,19.681402274434767,1.465323326704757,18.21607894773001,21.146725601139522,5
scale_default,Epsilon_Greedy,epsilon=0.7,282,19.948824648379393,1.6537191396335196,18.295105508745873,21.602543788012913,5
scale_default,Epsilon_Greedy,epsilon=0.7,283,20.079147922307808,1.7350965489774663,18.34405137333034,21.814244471285274,5
scale_default,Epsilon_Greedy,epsilon=0.7,284,20.309782776360393,1.767959812018793,18.5418229643416,22.077742588379188,5
scale_default,Epsilon_Greedy,epsilon=0.7,285,20.404012438053147,1.7616390592030853,18.642373378850063,22.16565149725623,5
scale_default,Epsilon_Greedy,epsilon=0.7,286,20.50452806426776,1.7695588051866544,18.734969259081105,22.274086869454415,5
scale_default,Epsilon_Greedy,epsilon=0.7,287,20.572486564181883,1.794866611565654,18.777619952616227,22.36735317574754,5
scale_default,Epsilon_Greedy,epsilon=0.7,288,20.758682650767565,1.9616065080885932,18.79707614267897,22.720289158856158,5
scale_default,Epsilon_Greedy,epsilon=0.7,289,20.892455390652188,2.0766585798197825,18.815796810832406,22.96911397047197,5
scale_default,Epsilon_Greedy,epsilon=0.7,290,21.170574424415015,2.0793288456957226,19.091245578719292,23.24990327011074,5
scale_default,Epsilon_Greedy,epsilon=0.7,291,21.30500615568375,2.056591562180977,19.248414593502773,23.361597717864726,5
scale_default,Epsilon_Greedy,epsilon=0.7,292,21.487624331034333,2.0082744197627194,19.479349911271612,23.495898750797053,5
scale_default,Epsilon_Greedy,epsilon=0.7,293,21.635301447684803,1.9904047422581799,19.644896705426625,23.62570618994298,5
scale_default,Epsilon_Greedy,epsilon=0.7,294,21.830669024763164,1.9824148908712436,19.84825413389192,23.813083915634408,5
scale_default,Epsilon_Greedy,epsilon=0.7,295,22.038063812477393,2.0023384033122746,20.035725409165117,24.04040221578967,5
scale_default,Epsilon_Greedy,epsilon=0.7,296,22.208735362999953,2.0211382386407397,20.187597124359215,24.22987360164069,5
scale_default,Epsilon_Greedy,epsilon=0.7,297,22.270988143507104,1.991221389521407,20.279766753985697,24.26220953302851,5
scale_default,Epsilon_Greedy,epsilon=0.7,298,22.549235470018452,2.0578500419300894,20.491385428088364,24.60708551194854,5
scale_default,Epsilon_Greedy,epsilon=0.7,299,22.749519773566274,2.1241368185010976,20.625382955065177,24.87365659206737,5
scale_default,Epsilon_Greedy,epsilon=0.7,300,22.98677921537914,2.1633092077955767,20.823470007583563,25.15008842317472,5
scale_default,Epsilon_Greedy,epsilon=0.7,301,23.143355661690542,2.178092551921456,20.965263109769086,25.321448213611998,5
scale_default,Epsilon_Greedy,epsilon=0.7,302,23.314739405124662,2.178435505394576,21.136303899730088,25.493174910519237,5
scale_default,Epsilon_Greedy,epsilon=0.7,303,23.520811603625944,2.2378373885027396,21.282974215123204,25.758648992128684,5
scale_default,Epsilon_Greedy,epsilon=0.7,304,23.73007346605493,2.247206340471343,21.482867125583585,25.977279806526273,5
scale_default,Epsilon_Greedy,epsilon=0.7,305,23.926013041832835,2.2432390271656426,21.682774014667192,26.169252068998478,5
scale_default,Epsilon_Greedy,epsilon=0.7,306,24.175936143657424,2.347213026363101,21.828723117294324,26.523149170020524,5
scale_default,Epsilon_Greedy,epsilon=0.7,307,24.291052670429075,2.324510492892599,21.966542177536475,26.615563163321674,5
scale_default,Epsilon_Greedy,epsilon=0.7,308,24.464737375263564,2.346990457504775,22.11774691775879,26.811727832768337,5
scale_default,Epsilon_Greedy,epsilon=0.7,309,24.564390034085335,2.3299619813626964,22.234428052722638,26.894352015448032,5
scale_default,Epsilon_Greedy,epsilon=0.7,310,24.637427484214324,2.331104029778705,22.30632345443562,26.968531513993028,5
scale_default,Epsilon_Greedy,epsilon=0.7,311,24.749352887776244,2.289715132132668,22.459637755643577,27.03906801990891,5
scale_default,Epsilon_Greedy,epsilon=0.7,312,24.895461385075173,2.2240496708129833,22.671411714262188,27.119511055888157,5
scale_default,Epsilon_Greedy,epsilon=0.7,313,25.08266810140106,2.3719097883856217,22.71075831301544,27.454577889786684,5
scale_default,Epsilon_Greedy,epsilon=0.7,314,25.236710514104722,2.4406549993940345,22.796055514710687,27.677365513498756,5
scale_default,Epsilon_Greedy,epsilon=0.7,315,25.347121453932097,2.4123175985505934,22.934803855381503,27.75943905248269,5
scale_default,Epsilon_Greedy,epsilon=0.7,316,25.560074574828633,2.528124430349778,23.031950144478856,28.08819900517841,5
scale_default,Epsilon_Greedy,epsilon=0.7,317,25.74066484421644,2.5943260695324746,23.146338774683965,28.334990913748914,5
scale_default,Epsilon_Greedy,epsilon=0.7,318,25.934073248906536,2.566494722624945,23.36757852628159,28.50056797153148,5
scale_default,Epsilon_Greedy,epsilon=0.7,319,26.05277777558546,2.552377417564627,23.500400358020833,28.60515519315009,5
scale_default,Epsilon_Greedy,epsilon=0.7,320,26.187701793340505,2.504140646481493,23.683561146859013,28.691842439821997,5
scale_default,Epsilon_Greedy,epsilon=0.7,321,26.407499185054633,2.4112871212158806,23.99621206383875,28.818786306270514,5
scale_default,Epsilon_Greedy,epsilon=0.7,322,26.637176600749854,2.4690832101554814,24.168093390594372,29.106259810905335,5
scale_default,Epsilon_Greedy,epsilon=0.7,323,26.834622221977554,2.344859331112165,24.48976289086539,29.17948155308972,5
scale_default,Epsilon_Greedy,epsilon=0.7,324,27.044271759089657,2.3821543448484883,24.66211741424117,29.426426103938145,5
scale_default,Epsilon_Greedy,epsilon=0.7,325,27.295601758719386,2.3960676279311452,24.89953413078824,29.69166938665053,5
scale_default,Epsilon_Greedy,epsilon=0.7,326,27.483885418564334,2.3255936875980714,25.158291730966262,29.809479106162406,5
scale_default,Epsilon_Greedy,epsilon=0.7,327,27.62953998384858,2.333050339391772,25.29648964445681,29.962590323240352,5
scale_default,Epsilon_Greedy,epsilon=0.7,328,27.7566558232733,2.3535896743749993,25.4030661488983,30.110245497648297,5
scale_default,Epsilon_Greedy,epsilon=0.7,329,27.919902847162955,2.322610175201547,25.59729267196141,30.242513022364502,5
scale_default,Epsilon_Greedy,epsilon=0.7,330,28.060926787741387,2.364947124389447,25.69597966335194,30.425873912130832,5
scale_default,Epsilon_Greedy,epsilon=0.7,331,28.196225388893293,2.263396753748201,25.932828635145093,30.459622142641493,5
scale_default,Epsilon_Greedy,epsilon=0.7,332,28.31846472111885,2.2943907197984825,26.02407400132037,30.612855440917333,5
scale_default,Epsilon_Greedy,epsilon=0.7,333,28.55613435239885,2.268130935037435,26.288003417361416,30.824265287436283,5
scale_default,Epsilon_Greedy,epsilon=0.7,334,28.66891800565933,2.352240996447689,26.316677009211638,31.02115900210702,5
scale_default,Epsilon_Greedy,epsilon=0.7,335,28.89471512847909,2.354823031259124,26.539892097219965,31.24953815973821,5
scale_default,Epsilon_Greedy,epsilon=0.7,336,29.040407970675126,2.421206979194246,26.61920099148088,31.46161494986937,5
scale_default,Epsilon_Greedy,epsilon=0.7,337,29.187459926731286,2.438634316460232,26.748825610271055,31.626094243191517,5
scale_default,Epsilon_Greedy,epsilon=0.7,338,29.441947992804295,2.377413804632325,27.06453418817197,31.81936179743662,5
scale_default,Epsilon_Greedy,epsilon=0.7,339,29.56557581407762,2.2777193095761974,27.28785650450142,31.843295123653817,5
scale_default,Epsilon_Greedy,epsilon=0.7,340,29.70301935244255,2.241242147500454,27.461777204942095,31.944261499943003,5
scale_default,Epsilon_Greedy,epsilon=0.7,341,29.888854757957404,2.2990006970930694,27.589854060864333,32.187855455050475,5
scale_default,Epsilon_Greedy,epsilon=0.7,342,30.127534445919785,2.338520908669321,27.789013537250465,32.46605535458911,5
scale_default,Epsilon_Greedy,epsilon=0.7,343,30.282022814985783,2.3644287168259073,27.917594098159874,32.64645153181169,5
scale_default,Epsilon_Greedy,epsilon=0.7,344,30.37120146362555,2.3850444258808867,27.98615703774466,32.75624588950644,5
scale_default,Epsilon_Greedy,epsilon=0.7,345,30.51333875710356,2.354284155489156,28.159054601614404,32.867622912592715,5
scale_default,Epsilon_Greedy,epsilon=0.7,346,30.675975201503384,2.375964527843396,28.300010673659987,33.05193972934678,5
scale_default,Epsilon_Greedy,epsilon=0.7,347,30.834300164096426,2.434095408248399,28.400204755848026,33.26839557234482,5
scale_default,Epsilon_Greedy,epsilon=0.7,348,31.08317876825377,2.4179491162658664,28.665229651987904,33.50112788451963,5
scale_default,Epsilon_Greedy,epsilon=0.7,349,31.238902570277457,2.463461397895515,28.775441172381942,33.702363968172975,5
scale_default,Epsilon_Greedy,epsilon=0.7,350,31.359760092883995,2.493320678040173,28.86643941484382,33.853080770924166,5
scale_default,Epsilon_Greedy,epsilon=0.7,351,31.446323850202646,2.4830172018656054,28.96330664833704,33.92934105206825,5
scale_default,Epsilon_Greedy,epsilon=0.7,352,31.544757826319653,2.4016976366229303,29.143060189696723,33.94645546294258,5
scale_default,Epsilon_Greedy,epsilon=0.7,353,31.651578528664366,2.3482081798208903,29.303370348843476,33.99978670848526,5
scale_default,Epsilon_Greedy,epsilon=0.7,354,31.844192660486364,2.4087855095913153,29.43540715089505,34.25297817007768,5
scale_default,Epsilon_Greedy,epsilon=0.7,355,31.983061429158795,2.4555889037212593,29.527472525437535,34.43865033288005,5
scale_default,Epsilon_Greedy,epsilon=0.7,356,32.22070970058902,2.303304124383068,29.91740557620595,34.52401382497209,5
scale_default,Epsilon_Greedy,epsilon=0.7,357,32.295871780175375,2.3097856496896534,29.98608613048572,34.605657429865026,5
scale_default,Epsilon_Greedy,epsilon=0.7,358,32.525570132906154,2.3829916255978363,30.14257850730832,34.90856175850399,5
scale_default,Epsilon_Greedy,epsilon=0.7,359,32.588426157659,2.4199697983434496,30.168456359315552,35.00839595600245,5
scale_default,Epsilon_Greedy,epsilon=0.7,360,32.77983958707564,2.6013760642184174,30.178463522857225,35.381215651294056,5
scale_default,Epsilon_Greedy,epsilon=0.7,361,32.87739767752575,2.542685996142883,30.334711681382867,35.420083673668636,5
scale_default,Epsilon_Greedy,epsilon=0.7,362,33.017488879369004,2.596965759377523,30.420523119991483,35.61445463874653,5
scale_default,Epsilon_Greedy,epsilon=0.7,363,33.16918573800275,2.665213862992498,30.503971875010254,35.83439960099525,5
scale_default,Epsilon_Greedy,epsilon=0.7,364,33.308426165812584,2.703702278037068,30.604723887775517,36.012128443849655,5
scale_default,Epsilon_Greedy,epsilon=0.7,365,33.54665630814562,2.744801481840703,30.80185482630492,36.291457789986325,5
scale_default,Epsilon_Greedy,epsilon=0.7,366,33.82997661275766,2.576506171047268,31.253470441710395,36.40648278380493,5
scale_default,Epsilon_Greedy,epsilon=0.7,367,34.042906563801104,2.5433251649243234,31.49958139887678,36.58623172872543,5
scale_default,Epsilon_Greedy,epsilon=0.7,368,34.404732104610744,2.6044240101796086,31.800308094431134,37.00915611479035,5
scale_default,Epsilon_Greedy,epsilon=0.7,369,34.546143502879204,2.6611631365697526,31.884980366309453,37.20730663944896,5
scale_default,Epsilon_Greedy,epsilon=0.7,370,34.829407714573755,2.6019422340973004,32.227465480476454,37.431349948671055,5
scale_default,Epsilon_Greedy,epsilon=0.7,371,35.05866912665838,2.6156170456297168,32.44305208102866,37.6742861722881,5
scale_default,Epsilon_Greedy,epsilon=0.7,372,35.175983050786186,2.579844582788388,32.5961384679978,37.755827633574576,5
scale_default,Epsilon_Greedy,epsilon=0.7,373,35.424865257660194,2.7799241399107832,32.64494111774941,38.20478939757098,5
scale_default,Epsilon_Greedy,epsilon=0.7,374,35.72870503106168,2.834271218992287,32.894433812069394,38.562976250053964,5
scale_default,Epsilon_Greedy,epsilon=0.7,375,36.027732414818175,2.81506804857784,33.21266436624033,38.84280046339602,5
scale_default,Epsilon_Greedy,epsilon=0.7,376,36.19807366566099,2.74025336346952,33.45782030219147,38.93832702913051,5
scale_default,Epsilon_Greedy,epsilon=0.7,377,36.3148967428092,2.778998928533147,33.535897814276055,39.09389567134235,5
scale_default,Epsilon_Greedy,epsilon=0.7,378,36.37973052299219,2.7401845148087483,33.639546008183444,39.119915037800936,5
scale_default,Epsilon_Greedy,epsilon=0.7,379,36.66837132688085,2.708357174111931,33.96001415276892,39.37672850099278,5
scale_default,Epsilon_Greedy,epsilon=0.7,380,36.787718556779176,2.651828491812814,34.13589006496636,39.43954704859199,5
scale_default,Epsilon_Greedy,epsilon=0.7,381,36.97898200154848,2.6445368065739765,34.334445194974506,39.623518808122455,5
scale_default,Epsilon_Greedy,epsilon=0.7,382,37.151033792024904,2.6484519757538303,34.502581816271075,39.799485767778734,5
scale_default,Epsilon_Greedy,epsilon=0.7,383,37.385745404266004,2.7218750429907845,34.66387036127522,40.107620447256785,5
scale_default,Epsilon_Greedy,epsilon=0.7,384,37.53783211845115,2.7111856295368746,34.82664648891428,40.24901774798802,5
scale_default,Epsilon_Greedy,epsilon=0.7,385,37.90169392053942,2.8369989754935974,35.06469494504582,40.73869289603302,5
scale_default,Epsilon_Greedy,epsilon=0.7,386,38.00270281621877,2.8113262915721267,35.19137652464664,40.8140291077909,5
scale_default,Epsilon_Greedy,epsilon=0.7,387,38.18060279466402,2.8711761047288578,35.30942668993516,41.05177889939288,5
scale_default,Epsilon_Greedy,epsilon=0.7,388,38.25093665960986,2.801421081997173,35.44951557761269,41.05235774160704,5
scale_default,Epsilon_Greedy,epsilon=0.7,389,38.54036381730306,2.708899856515345,35.831463960787715,41.249263673818405,5
scale_default,Epsilon_Greedy,epsilon=0.7,390,38.72236094001387,2.7051724574456255,36.017188482568244,41.4275333974595,5
scale_default,Epsilon_Greedy,epsilon=0.7,391,38.897252261439476,2.653197313723451,36.24405494771602,41.55044957516293,5
scale_default,Epsilon_Greedy,epsilon=0.7,392,39.134498305150466,2.654111310144655,36.48038699500581,41.78860961529512,5
scale_default,Epsilon_Greedy,epsilon=0.7,393,39.322281490857435,2.6270849311876057,36.69519655966983,41.94936642204504,5
scale_default,Epsilon_Greedy,epsilon=0.7,394,39.502349276127234,2.659327407911874,36.84302186821536,42.16167668403911,5
scale_default,Epsilon_Greedy,epsilon=0.7,395,39.71633533227079,2.7316575385543853,36.9846777937164,42.447992870825175,5
scale_default,Epsilon_Greedy,epsilon=0.7,396,39.88466088994621,2.6603908437349517,37.22427004621126,42.54505173368116,5
scale_default,Epsilon_Greedy,epsilon=0.7,397,40.0573264666781,2.728861762088641,37.32846470458946,42.78618822876674,5
scale_default,Epsilon_Greedy,epsilon=0.7,398,40.292181848843434,2.8539754191501974,37.43820642969324,43.14615726799363,5
scale_default,Epsilon_Greedy,epsilon=0.7,399,40.41886229937777,2.8046254753158277,37.61423682406194,43.2234877746936,5
scale_default,Epsilon_Greedy,epsilon=0.7,400,40.65604234075708,2.7501836553102637,37.905858685446816,43.40622599606735,5
scale_default,Epsilon_Greedy,epsilon=0.7,401,40.792745280917856,2.7709410946733835,38.021804186244474,43.56368637559124,5
scale_default,Epsilon_Greedy,epsilon=0.7,402,40.968900677429716,2.680078542536212,38.2888221348935,43.64897921996593,5
scale_default,Epsilon_Greedy,epsilon=0.7,403,41.10609630852222,2.590196576229328,38.515899732292894,43.69629288475154,5
scale_default,Epsilon_Greedy,epsilon=0.7,404,41.19156343985256,2.6097480782772746,38.58181536157528,43.801311518129836,5
scale_default,Epsilon_Greedy,epsilon=0.7,405,41.40944522744172,2.60771914495823,38.80172608248349,44.017164372399954,5
scale_default,Epsilon_Greedy,epsilon=0.7,406,41.62550108184994,2.5643441257038573,39.061156956146085,44.189845207553795,5
scale_default,Epsilon_Greedy,epsilon=0.7,407,41.83162741453448,2.485769465887767,39.34585794864671,44.31739688042225,5
scale_default,Epsilon_Greedy,epsilon=0.7,408,41.8814685238347,2.4939312233235507,39.38753730051115,44.37539974715825,5
scale_default,Epsilon_Greedy,epsilon=0.7,409,42.015949314547505,2.5462164960737184,39.46973281847379,44.562165810621224,5
scale_default,Epsilon_Greedy,epsilon=0.7,410,42.23370501815607,2.413125478379399,39.82057953977667,44.64683049653547,5
scale_default,Epsilon_Greedy,epsilon=0.7,411,42.345021751482236,2.402781766814942,39.942239984667296,44.747803518297175,5
scale_default,Epsilon_Greedy,epsilon=0.7,412,42.49441385616887,2.3931376807229916,40.101276175445875,44.88755153689186,5
scale_default,Epsilon_Greedy,epsilon=0.7,413,42.64781559711514,2.409920337566384,40.23789525954876,45.057735934681524,5
scale_default,Epsilon_Greedy,epsilon=0.7,414,42.78110982811059,2.436682262288676,40.34442756582191,45.217792090399264,5
scale_default,Epsilon_Greedy,epsilon=0.7,415,42.87357028517151,2.3804548647333257,40.49311542043819,45.254025149904834,5
scale_default,Epsilon_Greedy,epsilon=0.7,416,43.10958867335272,2.267263839319865,40.84232483403285,45.376852512672585,5
scale_default,Epsilon_Greedy,epsilon=0.7,417,43.255165901504775,2.27305665564845,40.98210924585632,45.52822255715323,5
scale_default,Epsilon_Greedy,epsilon=0.7,418,43.482528478664086,2.3061590128012583,41.17636946586283,45.788687491465346,5
scale_default,Epsilon_Greedy,epsilon=0.7,419,43.671901923055515,2.485236749476516,41.186665173579,46.15713867253203,5
scale_default,Epsilon_Greedy,epsilon=0.7,420,43.79696282931761,2.4764245226547588,41.32053830666285,46.27338735197237,5
scale_default,Epsilon_Greedy,epsilon=0.7,421,44.019426499717994,2.603252773875212,41.41617372584278,46.62267927359321,5
scale_default,Epsilon_Greedy,epsilon=0.7,422,44.23567000850235,2.6855766865230675,41.55009332197928,46.921246695025424,5
scale_default,Epsilon_Greedy,epsilon=0.7,423,44.30761955257866,2.669340631474577,41.63827892110408,46.97696018405323,5
scale_default,Epsilon_Greedy,epsilon=0.7,424,44.423630540525295,2.681733627939765,41.74189691258553,47.10536416846506,5
scale_default,Epsilon_Greedy,epsilon=0.7,425,44.47770537475734,2.6983641755387047,41.779341199218635,47.17606955029605,5
scale_default,Epsilon_Greedy,epsilon=0.7,426,44.763964346955326,2.703828100511125,42.0601362464442,47.46779244746645,5
scale_default,Epsilon_Greedy,epsilon=0.7,427,44.9411590457114,2.776429486233825,42.16472955947758,47.717588531945225,5
scale_default,Epsilon_Greedy,epsilon=0.7,428,45.2380554351419,2.760512585095985,42.477542850045914,47.99856802023789,5
scale_default,Epsilon_Greedy,epsilon=0.7,429,45.33986041875363,2.689192315208074,42.650668103545556,48.029052733961706,5
scale_default,Epsilon_Greedy,epsilon=0.7,430,45.5668746808238,2.496710144101961,43.07016453672184,48.06358482492576,5
scale_default,Epsilon_Greedy,epsilon=0.7,431,45.76227757572226,2.652088821660395,43.110188754061866,48.41436639738265,5
scale_default,Epsilon_Greedy,epsilon=0.7,432,45.918119507946685,2.6376621056898784,43.28045740225681,48.55578161363656,5
scale_default,Epsilon_Greedy,epsilon=0.7,433,46.10420287236438,2.6033066797344318,43.50089619262995,48.70750955209881,5
scale_default,Epsilon_Greedy,epsilon=0.7,434,46.373381085015765,2.532846646741974,43.84053443827379,48.90622773175774,5
scale_default,Epsilon_Greedy,epsilon=0.7,435,46.554381157122705,2.5338035641869845,44.02057759293572,49.08818472130969,5
scale_default,Epsilon_Greedy,epsilon=0.7,436,46.788103647875836,2.537691803420628,44.25041184445521,49.325795451296464,5
scale_default,Epsilon_Greedy,epsilon=0.7,437,47.047917285571714,2.698782820492884,44.34913446507883,49.746700106064594,5
scale_default,Epsilon_Greedy,epsilon=0.7,438,47.229757866904244,2.620081684268628,44.60967618263562,49.84983955117287,5
scale_default,Epsilon_Greedy,epsilon=0.7,439,47.4245884475548,2.6511100949340993,44.7734783526207,50.075698542488894,5
scale_default,Epsilon_Greedy,epsilon=0.7,440,47.671533718461156,2.5953675743103752,45.07616614415078,50.26690129277153,5
scale_default,Epsilon_Greedy,epsilon=0.7,441,47.94325561855032,2.687090877109134,45.25616474144118,50.63034649565945,5
scale_default,Epsilon_Greedy,epsilon=0.7,442,48.10787196731434,2.6561905137499067,45.45168145356443,50.764062481064244,5
scale_default,Epsilon_Greedy,epsilon=0.7,443,48.310124990904335,2.602110452784707,45.70801453811963,50.91223544368904,5
scale_default,Epsilon_Greedy,epsilon=0.7,444,48.48081543823731,2.6932658989331055,45.7875495393042,51.17408133717041,5
scale_default,Epsilon_Greedy,epsilon=0.7,445,48.64131992012652,2.5329502323498123,46.10836968777671,51.17427015247633,5
scale_default,Epsilon_Greedy,epsilon=0.7,446,48.7923906764274,2.565553511717569,46.226837164709835,51.35794418814497,5
scale_default,Epsilon_Greedy,epsilon=0.7,447,48.94077173769381,2.5576216654758226,46.38315007221799,51.49839340316963,5
scale_default,Epsilon_Greedy,epsilon=0.7,448,49.16234640321049,2.5639315520192474,46.598414851191244,51.72627795522974,5
scale_default,Epsilon_Greedy,epsilon=0.7,449,49.32269375700656,2.473300519008933,46.84939323799763,51.79599427601549,5
scale_default,Epsilon_Greedy,epsilon=0.7,450,49.60876360516936,2.2153686889766897,47.39339491619267,51.82413229414605,5
scale_default,Epsilon_Greedy,epsilon=0.7,451,49.72408259262379,2.2405977389403087,47.48348485368348,51.9646803315641,5
scale_default,Epsilon_Greedy,epsilon=0.7,452,49.87409572196604,2.2604059298735835,47.61368979209246,52.13450165183963,5
scale_default,Epsilon_Greedy,epsilon=0.7,453,50.146243594050944,2.22069539586194,47.925548198189006,52.36693898991288,5
scale_default,Epsilon_Greedy,epsilon=0.7,454,50.312404030733354,2.240026757405643,48.07237727332771,52.552430788139,5
scale_default,Epsilon_Greedy,epsilon=0.7,455,50.490614558128144,2.223243377056178,48.267371181071965,52.71385793518432,5
scale_default,Epsilon_Greedy,epsilon=0.7,456,50.637347400130416,2.1771294404423207,48.460217959688094,52.81447684057274,5
scale_default,Epsilon_Greedy,epsilon=0.7,457,50.80718520152127,2.160063439669015,48.647121761852254,52.96724864119029,5
scale_default,Epsilon_Greedy,epsilon=0.7,458,50.915907476629954,2.1553814809843965,48.76052599564556,53.07128895761435,5
scale_default,Epsilon_Greedy,epsilon=0.7,459,51.10423984333811,2.106324567877816,48.997915275460294,53.21056441121592,5
scale_default,Epsilon_Greedy,epsilon=0.7,460,51.21988480564791,2.0581307656211463,49.161754040026764,53.27801557126905,5
scale_default,Epsilon_Greedy,epsilon=0.7,461,51.314671250557055,2.06423256448167,49.250438686075384,53.378903815038726,5
scale_default,Epsilon_Greedy,epsilon=0.7,462,51.565669085461366,1.8998292061223896,49.665839879338975,53.465498291583756,5
scale_default,Epsilon_Greedy,epsilon=0.7,463,51.80525692979951,1.8391001872680632,49.966156742531446,53.64435711706758,5
scale_default,Epsilon_Greedy,epsilon=0.7,464,52.018419649165004,1.8239344529474193,50.194485196217585,53.842354102112424,5
scale_default,Epsilon_Greedy,epsilon=0.7,465,52.26807181250051,1.8497249718638067,50.4183468406367,54.117796784364316,5
scale_default,Epsilon_Greedy,epsilon=0.7,466,52.418531284374595,1.756372932489315,50.66215835188528,54.17490421686391,5
scale_default,Epsilon_Greedy,epsilon=0.7,467,52.49326917309742,1.735166091986504,50.75810308111091,54.228435265083924,5
scale_default,Epsilon_Greedy,epsilon=0.7,468,52.73774663885108,1.745456524763773,50.992290114087304,54.48320316361485,5
scale_default,Epsilon_Greedy,epsilon=0.7,469,52.97143671032991,1.7856574671722485,51.18577924315766,54.75709417750216,5
scale_default,Epsilon_Greedy,epsilon=0.7,470,53.23392146661449,1.9167457527707652,51.317175713843724,55.150667219385255,5
scale_default,Epsilon_Greedy,epsilon=0.7,471,53.39230839557415,1.9530668267589009,51.43924156881525,55.34537522233305,5
scale_default,Epsilon_Greedy,epsilon=0.7,472,53.60699440080862,1.9890081155508983,51.61798628525772,55.59600251635951,5
scale_default,Epsilon_Greedy,epsilon=0.7,473,53.69879103787109,1.9862432681313944,51.71254776973969,55.685034306002485,5
scale_default,Epsilon_Greedy,epsilon=0.7,474,53.991998065831964,1.9580487804617073,52.033949285370255,55.950046846293674,5
scale_default,Epsilon_Greedy,epsilon=0.7,475,54.196655685382325,1.9529192703357423,52.243736415046584,56.149574955718066,5
scale_default,Epsilon_Greedy,epsilon=0.7,476,54.39595280321404,2.0413270257604026,52.354625777453634,56.43727982897444,5
scale_default,Epsilon_Greedy,epsilon=0.7,477,54.66390306060905,2.15388713938624,52.51001592122281,56.817790199995294,5
scale_default,Epsilon_Greedy,epsilon=0.7,478,54.889180125880365,2.1244582577159794,52.764721868164386,57.013638383596344,5
scale_default,Epsilon_Greedy,epsilon=0.7,479,55.12073586849315,2.115551299716949,53.0051845687762,57.2362871682101,5
scale_default,Epsilon_Greedy,epsilon=0.7,480,55.401267929471224,2.0187199342706235,53.3825479952006,57.419987863741845,5
scale_default,Epsilon_Greedy,epsilon=0.7,481,55.550147382286504,2.0329296062177358,53.51721777606877,57.58307698850424,5
scale_default,Epsilon_Greedy,epsilon=0.7,482,55.79653548338497,2.04657986585331,53.74995561753166,57.84311534923828,5
scale_default,Epsilon_Greedy,epsilon=0.7,483,55.9429295983713,1.9938441721533715,53.94908542621793,57.936773770524674,5
scale_default,Epsilon_Greedy,epsilon=0.7,484,56.046786648154736,2.0454681011084466,54.00131854704629,58.092254749263184,5
scale_default,Epsilon_Greedy,epsilon=0.7,485,56.28830229819979,2.0086274254915204,54.27967487270827,58.296929723691306,5
scale_default,Epsilon_Greedy,epsilon=0.7,486,56.51408433699662,2.0767949765247775,54.43728936047184,58.5908793135214,5
scale_default,Epsilon_Greedy,epsilon=0.7,487,56.60390172370349,2.108039483801883,54.495862239901605,58.71194120750537,5
scale_default,Epsilon_Greedy,epsilon=0.7,488,56.67536015386437,2.1418112597106775,54.53354889415369,58.817171413575046,5
scale_default,Epsilon_Greedy,epsilon=0.7,489,56.760270634233926,2.1326206796005707,54.627649954633355,58.8928913138345,5
scale_default,Epsilon_Greedy,epsilon=0.7,490,56.89593941777116,2.121404602257291,54.77453481551387,59.01734402002845,5
scale_default,Epsilon_Greedy,epsilon=0.7,491,57.02205987786666,2.0909203147242494,54.93113956314241,59.11298019259091,5
scale_default,Epsilon_Greedy,epsilon=0.7,492,57.36750176222141,2.0801538991903166,55.287347863031094,59.44765566141172,5
scale_default,Epsilon_Greedy,epsilon=0.7,493,57.558136075081826,1.9836201522462649,55.57451592283556,59.541756227328094,5
scale_default,Epsilon_Greedy,epsilon=0.7,494,57.80650480417738,1.961513382639835,55.84499142153754,59.768018186817216,5
scale_default,Epsilon_Greedy,epsilon=0.7,495,58.088577642675794,1.9508105892847025,56.137767053391094,60.039388231960494,5
scale_default,Epsilon_Greedy,epsilon=0.7,496,58.4961848779084,1.630139108098474,56.86604576980992,60.126323986006874,5
scale_default,Epsilon_Greedy,epsilon=0.7,497,58.624411591437344,1.6594059304244417,56.9650056610129,60.283817521861785,5
scale_default,Epsilon_Greedy,epsilon=0.7,498,58.98089944797154,1.800763079207925,57.18013636876361,60.78166252717946,5
scale_default,Epsilon_Greedy,epsilon=0.7,499,59.068896379968955,1.7141893072175225,57.35470707275143,60.78308568718648,5
scale_default,Epsilon_Greedy,epsilon=0.7,500,59.34291520113209,1.9132461035938566,57.42966909753823,61.25616130472594,5
scale_default,Epsilon_Greedy,epsilon=0.7,501,59.52559114416739,1.8962735982746521,57.62931754589274,61.42186474244205,5
scale_default,Epsilon_Greedy,epsilon=0.7,502,59.57684410183614,1.8807602657984162,57.69608383603772,61.45760436763455,5
scale_default,Epsilon_Greedy,epsilon=0.7,503,59.66584827009194,1.8723111967428143,57.79353707334913,61.538159466834756,5
scale_default,Epsilon_Greedy,epsilon=0.7,504,59.791627925835236,1.8858509851831582,57.905776940652075,61.6774789110184,5
scale_default,Epsilon_Greedy,epsilon=0.7,505,59.903026327694384,1.7995294976166278,58.10349683007776,61.70255582531101,5
scale_default,Epsilon_Greedy,epsilon=0.7,506,60.04273512442686,1.7476176436150324,58.29511748081183,61.79035276804189,5
scale_default,Epsilon_Greedy,epsilon=0.7,507,60.24019091681431,1.6991606932447305,58.541030223569585,61.93935161005904,5
scale_default,Epsilon_Greedy,epsilon=0.7,508,60.37241051902525,1.67019485716696,58.70221566185829,62.04260537619221,5
scale_default,Epsilon_Greedy,epsilon=0.7,509,60.59676879942549,1.9395273095155188,58.65724148990997,62.53629610894101,5
scale_default,Epsilon_Greedy,epsilon=0.7,510,60.683338462160656,1.9075472996087612,58.7757911625519,62.590885761769414,5
scale_default,Epsilon_Greedy,epsilon=0.7,511,60.81833914027152,1.9109534272721558,58.907385712999364,62.72929256754367,5
scale_default,Epsilon_Greedy,epsilon=0.7,512,60.886519572613224,1.8787443331415263,59.0077752394717,62.76526390575475,5
scale_default,Epsilon_Greedy,epsilon=0.7,513,61.140444286666806,1.8403353305661805,59.30010895610062,62.98077961723299,5
scale_default,Epsilon_Greedy,epsilon=0.7,514,61.2915758008912,1.8311779011719982,59.460397899719204,63.1227537020632,5
scale_default,Epsilon_Greedy,epsilon=0.7,515,61.55802288846387,1.61293371931469,59.94508916914918,63.17095660777856,5
scale_default,Epsilon_Greedy,epsilon=0.7,516,61.803898161378925,1.53546523908343,60.268432922295496,63.339363400462354,5
scale_default,Epsilon_Greedy,epsilon=0.7,517,61.94344781648073,1.5919425011084039,60.35150531537232,63.53539031758913,5
scale_default,Epsilon_Greedy,epsilon=0.7,518,62.12302965094973,1.566892247624888,60.55613740332485,63.68992189857462,5
scale_default,Epsilon_Greedy,epsilon=0.7,519,62.26779270883103,1.5322870233676567,60.73550568546337,63.80007973219869,5
scale_default,Epsilon_Greedy,epsilon=0.7,520,62.48011535686669,1.618789206023536,60.861326150843155,64.09890456289023,5
scale_default,Epsilon_Greedy,epsilon=0.7,521,62.69939474393799,1.537805156914692,61.16158958702329,64.23719990085267,5
scale_default,Epsilon_Greedy,epsilon=0.7,522,63.00064791993816,1.5429969390606812,61.45765098087748,64.54364485899885,5
scale_default,Epsilon_Greedy,epsilon=0.7,523,63.242144469669896,1.575940199614312,61.66620427005558,64.8180846692842,5
scale_default,Epsilon_Greedy,epsilon=0.7,524,63.432067470520245,1.6403594571864895,61.79170801333375,65.07242692770673,5
scale_default,Epsilon_Greedy,epsilon=0.7,525,63.669307550933596,1.8015207024516027,61.86778684848199,65.47082825338519,5
scale_default,Epsilon_Greedy,epsilon=0.7,526,63.791465389178505,1.803681650884239,61.98778373829427,65.59514704006274,5
scale_default,Epsilon_Greedy,epsilon=0.7,527,63.913730078587946,1.7341002117180082,62.17962986686994,65.64783029030596,5
scale_default,Epsilon_Greedy,epsilon=0.7,528,64.06544250523919,1.7243909462925102,62.34105155894668,65.7898334515317,5
scale_default,Epsilon_Greedy,epsilon=0.7,529,64.29442012009198,1.6556485426262117,62.638771577465775,65.9500686627182,5
scale_default,Epsilon_Greedy,epsilon=0.7,530,64.53399092190205,1.5329627807695332,63.001028141132515,66.06695370267158,5
scale_default,Epsilon_Greedy,epsilon=0.7,531,64.73950086750793,1.5445334643224582,63.19496740318547,66.28403433183038,5
scale_default,Epsilon_Greedy,epsilon=0.7,532,64.92125011091494,1.6104351205599698,63.31081499035497,66.53168523147491,5
scale_default,Epsilon_Greedy,epsilon=0.7,533,65.1191954312857,1.4653738633235096,63.6538215679622,66.58456929460921,5
scale_default,Epsilon_Greedy,epsilon=0.7,534,65.23467307130485,1.4541171862015916,63.78055588510326,66.68879025750644,5
scale_default,Epsilon_Greedy,epsilon=0.7,535,65.38231594184205,1.4694068656089097,63.91290907623314,66.85172280745095,5
scale_default,Epsilon_Greedy,epsilon=0.7,536,65.53598856608087,1.4741607700714952,64.06182779600938,67.01014933615237,5
scale_default,Epsilon_Greedy,epsilon=0.7,537,65.72995873736176,1.4210804720248775,64.30887826533687,67.15103920938664,5
scale_default,Epsilon_Greedy,epsilon=0.7,538,65.83200752290774,1.4403724273431435,64.3916350955646,67.2723799502509,5
scale_default,Epsilon_Greedy,epsilon=0.7,539,66.04062634694208,1.4926095167830018,64.54801683015907,67.53323586372508,5
scale_default,Epsilon_Greedy,epsilon=0.7,540,66.14473923324985,1.4852542667049535,64.6594849665449,67.62999349995481,5
scale_default,Epsilon_Greedy,epsilon=0.7,541,66.34534522717209,1.3983899618260807,64.946955265346,67.74373518899817,5
scale_default,Epsilon_Greedy,epsilon=0.7,542,66.51506208377818,1.446802251643655,65.06825983213452,67.96186433542184,5
scale_default,Epsilon_Greedy,epsilon=0.7,543,66.81559671377727,1.3188264668084089,65.49677024696886,68.13442318058567,5
scale_default,Epsilon_Greedy,epsilon=0.7,544,66.97933159581639,1.3619269842214978,65.61740461159489,68.34125858003789,5
scale_default,Epsilon_Greedy,epsilon=0.7,545,67.09797870699087,1.3776961100630967,65.72028259692777,68.47567481705397,5
scale_default,Epsilon_Greedy,epsilon=0.7,546,67.31240921759817,1.4806483401265367,65.83176087747164,68.79305755772471,5
scale_default,Epsilon_Greedy,epsilon=0.7,547,67.42627381242653,1.4028351316235765,66.02343868080295,68.8291089440501,5
scale_default,Epsilon_Greedy,epsilon=0.7,548,67.62739185086846,1.359117035716906,66.26827481515156,68.98650888658537,5
scale_default,Epsilon_Greedy,epsilon=0.7,549,67.81587762070856,1.413260526668642,66.40261709403993,69.2291381473772,5
scale_default,Epsilon_Greedy,epsilon=0.7,550,68.05499330153448,1.3785245812708355,66.67646872026364,69.43351788280532,5
scale_default,Epsilon_Greedy,epsilon=0.7,551,68.13986982085265,1.4114640380328531,66.7284057828198,69.5513338588855,5
scale_default,Epsilon_Greedy,epsilon=0.7,552,68.38890750318004,1.4787901303138264,66.91011737286621,69.86769763349386,5
scale_default,Epsilon_Greedy,epsilon=0.7,553,68.6674218362527,1.694396541449957,66.97302529480274,70.36181837770266,5
scale_default,Epsilon_Greedy,epsilon=0.7,554,68.92890427670419,1.6809536045126212,67.24795067219156,70.60985788121681,5
scale_default,Epsilon_Greedy,epsilon=0.7,555,69.06340961958335,1.7127514648087014,67.35065815477465,70.77616108439206,5
scale_default,Epsilon_Greedy,epsilon=0.7,556,69.21976026132904,1.7380775821935661,67.48168267913547,70.95783784352261,5
scale_default,Epsilon_Greedy,epsilon=0.7,557,69.29397827700791,1.7432429843091055,67.5507352926988,71.03722126131701,5
scale_default,Epsilon_Greedy,epsilon=0.7,558,69.56899155585306,1.794938166202772,67.77405338965029,71.36392972205583,5
scale_default,Epsilon_Greedy,epsilon=0.7,559,69.69184214223259,1.7723860366219164,67.91945610561068,71.4642281788545,5
scale_default,Epsilon_Greedy,epsilon=0.7,560,69.88361288372472,1.8570532313079018,68.02655965241682,71.74066611503262,5
scale_default,Epsilon_Greedy,epsilon=0.7,561,70.03684265845192,1.9289751735224854,68.10786748492943,71.9658178319744,5
scale_default,Epsilon_Greedy,epsilon=0.7,562,70.26502184389092,1.871530402782597,68.39349144110832,72.13655224667352,5
scale_default,Epsilon_Greedy,epsilon=0.7,563,70.4264534038464,1.8552289516212004,68.5712244522252,72.2816823554676,5
scale_default,Epsilon_Greedy,epsilon=0.7,564,70.68265790872901,1.5859692037798176,69.0966887049492,72.26862711250882,5
scale_default,Epsilon_Greedy,epsilon=0.7,565,70.96219343291011,1.679101892915275,69.28309153999484,72.64129532582538,5
scale_default,Epsilon_Greedy,epsilon=0.7,566,71.15872279759219,1.6734246473919256,69.48529815020026,72.83214744498412,5
scale_default,Epsilon_Greedy,epsilon=0.7,567,71.48293364809848,1.7206047822047061,69.76232886589378,73.20353843030318,5
scale_default,Epsilon_Greedy,epsilon=0.7,568,71.68610976668052,1.8281617176553941,69.85794804902513,73.51427148433591,5
scale_default,Epsilon_Greedy,epsilon=0.7,569,71.7806842007715,1.8545133012224204,69.92617089954908,73.63519750199393,5
scale_default,Epsilon_Greedy,epsilon=0.7,570,71.88410301936976,1.9147021387004692,69.9694008806693,73.79880515807022,5
scale_default,Epsilon_Greedy,epsilon=0.7,571,72.05081787843498,1.8193075450997518,70.23151033333524,73.87012542353473,5
scale_default,Epsilon_Greedy,epsilon=0.7,572,72.16832937895151,1.737607369870819,70.4307220090807,73.90593674882233,5
scale_default,Epsilon_Greedy,epsilon=0.7,573,72.40706175772678,1.682461620387951,70.72460013733883,74.08952337811473,5
scale_default,Epsilon_Greedy,epsilon=0.7,574,72.76018707849579,1.788083203715717,70.97210387478007,74.5482702822115,5
scale_default,Epsilon_Greedy,epsilon=0.7,575,73.13418222128884,2.0013529613043413,71.1328292599845,75.13553518259317,5
scale_default,Epsilon_Greedy,epsilon=0.7,576,73.31308304982886,2.0071723850184036,71.30591066481045,75.32025543484727,5
scale_default,Epsilon_Greedy,epsilon=0.7,577,73.60520270114985,2.1671208988815702,71.43808180226829,75.77232360003141,5
scale_default,Epsilon_Greedy,epsilon=0.7,578,73.79079436660832,2.263197310041188,71.52759705656713,76.05399167664952,5
scale_default,Epsilon_Greedy,epsilon=0.7,579,73.97488666020097,2.1875820640732386,71.78730459612773,76.1624687242742,5
scale_default,Epsilon_Greedy,epsilon=0.7,580,74.10633753650725,2.203039592418486,71.90329794408876,76.30937712892575,5
scale_default,Epsilon_Greedy,epsilon=0.7,581,74.36602225658989,2.130468958293297,72.2355532982966,76.49649121488318,5
scale_default,Epsilon_Greedy,epsilon=0.7,582,74.4711168403924,2.0815844001917343,72.38953244020067,76.55270124058413,5
scale_default,Epsilon_Greedy,epsilon=0.7,583,74.6742376638982,2.0822812981431773,72.59195636575502,76.75651896204137,5
scale_default,Epsilon_Greedy,epsilon=0.7,584,74.98194879476391,2.1917011530277937,72.79024764173612,77.1736499477917,5
scale_default,Epsilon_Greedy,epsilon=0.7,585,75.06302717722185,2.192835499153121,72.87019167806874,77.25586267637497,5
scale_default,Epsilon_Greedy,epsilon=0.7,586,75.14591813732588,2.169968303278673,72.9759498340472,77.31588644060456,5
scale_default,Epsilon_Greedy,epsilon=0.7,587,75.43564628367697,2.1757614128785128,73.25988487079846,77.61140769655549,5
scale_default,Epsilon_Greedy,epsilon=0.7,588,75.54978670140713,2.1166784390430022,73.43310826236413,77.66646514045013,5
scale_default,Epsilon_Greedy,epsilon=0.7,589,75.77743678939032,2.1490398606824757,73.62839692870784,77.9264766500728,5
scale_default,Epsilon_Greedy,epsilon=0.7,590,75.99766504650032,2.0728249329559723,73.92484011354435,78.07048997945628,5
scale_default,Epsilon_Greedy,epsilon=0.7,591,76.27695654111436,2.0063026176612526,74.27065392345311,78.2832591587756,5
scale_default,Epsilon_Greedy,epsilon=0.7,592,76.49268669397996,1.9768903565067208,74.51579633747325,78.46957705048668,5
scale_default,Epsilon_Greedy,epsilon=0.7,593,76.65259186955626,1.928816635242147,74.72377523431412,78.5814085047984,5
scale_default,Epsilon_Greedy,epsilon=0.7,594,76.78956820515347,1.9234051638022016,74.86616304135127,78.71297336895567,5
scale_default,Epsilon_Greedy,epsilon=0.7,595,76.87456861938657,1.9558390680467896,74.91872955133978,78.83040768743335,5
scale_default,Epsilon_Greedy,epsilon=0.7,596,77.04447942455332,1.9575538951215392,75.08692552943178,79.00203331967485,5
scale_default,Epsilon_Greedy,epsilon=0.7,597,77.2216289225918,1.928690642165523,75.29293828042628,79.15031956475732,5
scale_default,Epsilon_Greedy,epsilon=0.7,598,77.37082228468071,1.8806031597602426,75.49021912492047,79.25142544444095,5
scale_default,Epsilon_Greedy,epsilon=0.7,599,77.57082152762952,1.9203223105302023,75.65049921709932,79.49114383815972,5
