setting,rep,policy,config_id,batch_index,cum_regret
shift,0,Epsilon_Greedy,epsilon=0.02,0,7.5501255861716094
shift,0,Epsilon_Greedy,epsilon=0.02,1,14.364135196195392
shift,0,Epsilon_Greedy,epsilon=0.02,2,18.71015945109449
shift,0,Epsilon_Greedy,epsilon=0.02,3,23.659605673598264
shift,0,Epsilon_Greedy,epsilon=0.02,4,30.372076277263595
shift,0,Epsilon_Greedy,epsilon=0.02,5,36.78689564867003
shift,0,Epsilon_Greedy,epsilon=0.02,6,41.322163743803934
shift,0,Epsilon_Greedy,epsilon=0.02,7,47.380503654171335
shift,0,Epsilon_Greedy,epsilon=0.02,8,53.63384628390361
shift,0,Epsilon_Greedy,epsilon=0.02,9,58.43068833535607
shift,0,Epsilon_Greedy,epsilon=0.02,10,65.12096248390114
shift,0,Epsilon_Greedy,epsilon=0.02,11,71.98505537426739
shift,0,Epsilon_Greedy,epsilon=0.02,12,77.02766323816454
shift,0,Epsilon_Greedy,epsilon=0.02,13,82.99392100318093
shift,0,Epsilon_Greedy,epsilon=0.02,14,88.29375807343465
shift,0,Epsilon_Greedy,epsilon=0.02,15,94.57422518477934
shift,0,Epsilon_Greedy,epsilon=0.02,16,100.61489519512027
shift,0,Epsilon_Greedy,epsilon=0.02,17,105.49200468619647
shift,0,Epsilon_Greedy,epsilon=0.02,18,110.54855598409895
shift,0,Epsilon_Greedy,epsilon=0.02,19,117.49333526294096
shift,0,Epsilon_Greedy,epsilon=0.02,20,117.49333526294096
shift,0,Epsilon_Greedy,epsilon=0.02,21,117.49333526294096
shift,0,Epsilon_Greedy,epsilon=0.02,22,117.49333526294096
shift,0,Epsilon_Greedy,epsilon=0.02,23,117.49333526294096
shift,0,Epsilon_Greedy,epsilon=0.02,24,117.49333526294096
shift,0,Epsilon_Greedy,epsilon=0.02,25,117.49333526294096
shift,0,Epsilon_Greedy,epsilon=0.02,26,117.49333526294096
shift,0,Epsilon_Greedy,epsilon=0.02,27,117.49333526294096
shift,0,Epsilon_Greedy,epsilon=0.02,28,117.49333526294096
shift,0,Epsilon_Greedy,epsilon=0.02,29,117.49333526294096
shift,0,Epsilon_Greedy,epsilon=0.02,30,117.49333526294096
shift,0,Epsilon_Greedy,epsilon=0.02,31,117.49333526294096
shift,0,Epsilon_Greedy,epsilon=0.02,32,117.49333526294096
shift,0,Epsilon_Greedy,epsilon=0.02,33,117.49333526294096
shift,0,Epsilon_Greedy,epsilon=0.02,34,117.49333526294096
shift,0,Epsilon_Greedy,epsilon=0.02,35,117.49333526294096
shift,0,Epsilon_Greedy,epsilon=0.02,36,117.49333526294096
shift,0,Epsilon_Greedy,epsilon=0.02,37,117.49333526294096
shift,0,Epsilon_Greedy,epsilon=0.02,38,117.49333526294096
shift,0,Epsilon_Greedy,epsilon=0.02,39,117.49333526294096
shift,0,Epsilon_Greedy,epsilon=0.02,40,117.49333526294096
shift,0,Epsilon_Greedy,epsilon=0.02,41,117.49333526294096
shift,0,Epsilon_Greedy,epsilon=0.02,42,117.49333526294096
shift,0,Epsilon_Greedy,epsilon=0.02,43,117.49333526294096
shift,0,Epsilon_Greedy,epsilon=0.02,44,117.49333526294096
shift,0,Epsilon_Greedy,epsilon=0.02,45,117.49333526294096
shift,0,Epsilon_Greedy,epsilon=0.02,46,117.49333526294096
shift,0,Epsilon_Greedy,epsilon=0.02,47,117.49333526294096
shift,0,Epsilon_Greedy,epsilon=0.02,48,117.49333526294096
shift,0,Epsilon_Greedy,epsilon=0.02,49,117.49333526294096
shift,0,Epsilon_Greedy,epsilon=0.02,50,117.49333526294096
shift,0,Epsilon_Greedy,epsilon=0.02,51,117.49333526294096
shift,0,Epsilon_Greedy,epsilon=0.02,52,117.49333526294096
shift,0,Epsilon_Greedy,epsilon=0.02,53,117.49333526294096
shift,0,Epsilon_Greedy,epsilon=0.02,54,117.49333526294096
shift,0,Epsilon_Greedy,epsilon=0.02,55,117.49333526294096
shift,0,Epsilon_Greedy,epsilon=0.02,56,117.49333526294096
shift,0,Epsilon_Greedy,epsilon=0.02,57,117.49333526294096
shift,0,Epsilon_Greedy,epsilon=0.02,58,117.49333526294096
shift,0,Epsilon_Greedy,epsilon=0.02,59,117.49333526294096
shift,0,Epsilon_Greedy,epsilon=0.02,60,117.49333526294096
shift,0,Epsilon_Greedy,epsilon=0.02,61,117.49333526294096
shift,0,Epsilon_Greedy,epsilon=0.02,62,117.49333526294096
shift,0,Epsilon_Greedy,epsilon=0.02,63,117.49333526294096
shift,0,Epsilon_Greedy,epsilon=0.02,64,117.49333526294096
shift,0,Epsilon_Greedy,epsilon=0.02,65,117.49333526294096
shift,0,Epsilon_Greedy,epsilon=0.02,66,117.49333526294096
shift,0,Epsilon_Greedy,epsilon=0.02,67,117.49333526294096
shift,0,Epsilon_Greedy,epsilon=0.02,68,117.49333526294096
shift,0,Epsilon_Greedy,epsilon=0.02,69,117.49333526294096
shift,0,Epsilon_Greedy,epsilon=0.02,70,117.49333526294096
shift,0,Epsilon_Greedy,epsilon=0.02,71,117.49333526294096
shift,0,Epsilon_Greedy,epsilon=0.02,72,117.49333526294096
shift,0,Epsilon_Greedy,epsilon=0.02,73,117.49333526294096
shift,0,Epsilon_Greedy,epsilon=0.02,74,117.49333526294096
shift,0,Epsilon_Greedy,epsilon=0.02,75,117.49333526294096
shift,0,Epsilon_Greedy,epsilon=0.02,76,117.49333526294096
shift,0,Epsilon_Greedy,epsilon=0.02,77,117.49333526294096
shift,0,Epsilon_Greedy,epsilon=0.02,78,117.49333526294096
shift,0,Epsilon_Greedy,epsilon=0.02,79,117.49333526294096
shift,0,Epsilon_Greedy,epsilon=0.02,80,123.54505667876612
shift,0,Epsilon_Greedy,epsilon=0.02,81,129.1210515296351
shift,0,Epsilon_Greedy,epsilon=0.02,82,133.75283423339482
shift,0,Epsilon_Greedy,epsilon=0.02,83,139.04139049800946
shift,0,Epsilon_Greedy,epsilon=0.02,84,144.8018086217739
shift,0,Epsilon_Greedy,epsilon=0.02,85,151.1625538570603
shift,0,Epsilon_Greedy,epsilon=0.02,86,158.65973469349547
shift,0,Epsilon_Greedy,epsilon=0.02,87,164.30610263711532
shift,0,Epsilon_Greedy,epsilon=0.02,88,170.2228906832826
shift,0,Epsilon_Greedy,epsilon=0.02,89,177.2070058356603
shift,0,Epsilon_Greedy,epsilon=0.02,90,182.52008434056415
shift,0,Epsilon_Greedy,epsilon=0.02,91,189.22088919391092
shift,0,Epsilon_Greedy,epsilon=0.02,92,196.11222799341363
shift,0,Epsilon_Greedy,epsilon=0.02,93,201.73309354256486
shift,0,Epsilon_Greedy,epsilon=0.02,94,207.59843995877353
shift,0,Epsilon_Greedy,epsilon=0.02,95,211.7837738939288
shift,0,Epsilon_Greedy,epsilon=0.02,96,216.64916543375352
shift,0,Epsilon_Greedy,epsilon=0.02,97,223.17292348658847
shift,0,Epsilon_Greedy,epsilon=0.02,98,229.86093534967307
shift,0,Epsilon_Greedy,epsilon=0.02,99,235.71521344105923
shift,0,Epsilon_Greedy,epsilon=0.05,0,7.5501255861716094
shift,0,Epsilon_Greedy,epsilon=0.05,1,14.364135196195392
shift,0,Epsilon_Greedy,epsilon=0.05,2,18.71015945109449
shift,0,Epsilon_Greedy,epsilon=0.05,3,23.659605673598264
shift,0,Epsilon_Greedy,epsilon=0.05,4,30.372076277263595
shift,0,Epsilon_Greedy,epsilon=0.05,5,36.78689564867003
shift,0,Epsilon_Greedy,epsilon=0.05,6,41.322163743803934
shift,0,Epsilon_Greedy,epsilon=0.05,7,47.380503654171335
shift,0,Epsilon_Greedy,epsilon=0.05,8,53.63384628390361
shift,0,Epsilon_Greedy,epsilon=0.05,9,58.43068833535607
shift,0,Epsilon_Greedy,epsilon=0.05,10,65.12096248390114
shift,0,Epsilon_Greedy,epsilon=0.05,11,71.98505537426739
shift,0,Epsilon_Greedy,epsilon=0.05,12,77.02766323816454
shift,0,Epsilon_Greedy,epsilon=0.05,13,82.99392100318093
shift,0,Epsilon_Greedy,epsilon=0.05,14,88.29375807343465
shift,0,Epsilon_Greedy,epsilon=0.05,15,94.57422518477934
shift,0,Epsilon_Greedy,epsilon=0.05,16,94.65309452803457
shift,0,Epsilon_Greedy,epsilon=0.05,17,96.48469213766732
shift,0,Epsilon_Greedy,epsilon=0.05,18,96.55452554914164
shift,0,Epsilon_Greedy,epsilon=0.05,19,96.81140894030382
shift,0,Epsilon_Greedy,epsilon=0.05,20,111.19812991672764
shift,0,Epsilon_Greedy,epsilon=0.05,21,112.88042740424014
shift,0,Epsilon_Greedy,epsilon=0.05,22,120.15949604725884
shift,0,Epsilon_Greedy,epsilon=0.05,23,120.15949604725884
shift,0,Epsilon_Greedy,epsilon=0.05,24,120.15949604725884
shift,0,Epsilon_Greedy,epsilon=0.05,25,125.3161452478725
shift,0,Epsilon_Greedy,epsilon=0.05,26,125.3161452478725
shift,0,Epsilon_Greedy,epsilon=0.05,27,125.3161452478725
shift,0,Epsilon_Greedy,epsilon=0.05,28,125.3161452478725
shift,0,Epsilon_Greedy,epsilon=0.05,29,125.3161452478725
shift,0,Epsilon_Greedy,epsilon=0.05,30,125.3161452478725
shift,0,Epsilon_Greedy,epsilon=0.05,31,125.3161452478725
shift,0,Epsilon_Greedy,epsilon=0.05,32,125.3161452478725
shift,0,Epsilon_Greedy,epsilon=0.05,33,125.3161452478725
shift,0,Epsilon_Greedy,epsilon=0.05,34,125.3161452478725
shift,0,Epsilon_Greedy,epsilon=0.05,35,125.3161452478725
shift,0,Epsilon_Greedy,epsilon=0.05,36,125.3161452478725
shift,0,Epsilon_Greedy,epsilon=0.05,37,125.3161452478725
shift,0,Epsilon_Greedy,epsilon=0.05,38,125.3161452478725
shift,0,Epsilon_Greedy,epsilon=0.05,39,141.66593283666649
shift,0,Epsilon_Greedy,epsilon=0.05,40,141.66593283666649
shift,0,Epsilon_Greedy,epsilon=0.05,41,141.66593283666649
shift,0,Epsilon_Greedy,epsilon=0.05,42,141.66593283666649
shift,0,Epsilon_Greedy,epsilon=0.05,43,141.66593283666649
shift,0,Epsilon_Greedy,epsilon=0.05,44,141.66593283666649
shift,0,Epsilon_Greedy,epsilon=0.05,45,141.66593283666649
shift,0,Epsilon_Greedy,epsilon=0.05,46,155.1660920426434
shift,0,Epsilon_Greedy,epsilon=0.05,47,155.1660920426434
shift,0,Epsilon_Greedy,epsilon=0.05,48,155.1660920426434
shift,0,Epsilon_Greedy,epsilon=0.05,49,155.1660920426434
shift,0,Epsilon_Greedy,epsilon=0.05,50,155.1660920426434
shift,0,Epsilon_Greedy,epsilon=0.05,51,155.1660920426434
shift,0,Epsilon_Greedy,epsilon=0.05,52,155.1660920426434
shift,0,Epsilon_Greedy,epsilon=0.05,53,155.1660920426434
shift,0,Epsilon_Greedy,epsilon=0.05,54,155.1660920426434
shift,0,Epsilon_Greedy,epsilon=0.05,55,155.1660920426434
shift,0,Epsilon_Greedy,epsilon=0.05,56,155.1660920426434
shift,0,Epsilon_Greedy,epsilon=0.05,57,155.1660920426434
shift,0,Epsilon_Greedy,epsilon=0.05,58,155.1660920426434
shift,0,Epsilon_Greedy,epsilon=0.05,59,155.1660920426434
shift,0,Epsilon_Greedy,epsilon=0.05,60,155.1660920426434
shift,0,Epsilon_Greedy,epsilon=0.05,61,155.1660920426434
shift,0,Epsilon_Greedy,epsilon=0.05,62,155.1660920426434
shift,0,Epsilon_Greedy,epsilon=0.05,63,155.1660920426434
shift,0,Epsilon_Greedy,epsilon=0.05,64,155.1660920426434
shift,0,Epsilon_Greedy,epsilon=0.05,65,155.1660920426434
shift,0,Epsilon_Greedy,epsilon=0.05,66,155.1660920426434
shift,0,Epsilon_Greedy,epsilon=0.05,67,155.1660920426434
shift,0,Epsilon_Greedy,epsilon=0.05,68,155.1660920426434
shift,0,Epsilon_Greedy,epsilon=0.05,69,155.1660920426434
shift,0,Epsilon_Greedy,epsilon=0.05,70,155.1660920426434
shift,0,Epsilon_Greedy,epsilon=0.05,71,155.1660920426434
shift,0,Epsilon_Greedy,epsilon=0.05,72,155.1660920426434
shift,0,Epsilon_Greedy,epsilon=0.05,73,155.1660920426434
shift,0,Epsilon_Greedy,epsilon=0.05,74,155.1660920426434
shift,0,Epsilon_Greedy,epsilon=0.05,75,155.1660920426434
shift,0,Epsilon_Greedy,epsilon=0.05,76,155.1660920426434
shift,0,Epsilon_Greedy,epsilon=0.05,77,155.1660920426434
shift,0,Epsilon_Greedy,epsilon=0.05,78,155.1660920426434
shift,0,Epsilon_Greedy,epsilon=0.05,79,155.1660920426434
shift,0,Epsilon_Greedy,epsilon=0.05,80,161.21781345846858
shift,0,Epsilon_Greedy,epsilon=0.05,81,166.79380830933758
shift,0,Epsilon_Greedy,epsilon=0.05,82,171.4255910130973
shift,0,Epsilon_Greedy,epsilon=0.05,83,176.71414727771193
shift,0,Epsilon_Greedy,epsilon=0.05,84,182.47456540147635
shift,0,Epsilon_Greedy,epsilon=0.05,85,188.83531063676276
shift,0,Epsilon_Greedy,epsilon=0.05,86,196.33249147319793
shift,0,Epsilon_Greedy,epsilon=0.05,87,201.97885941681778
shift,0,Epsilon_Greedy,epsilon=0.05,88,207.89564746298507
shift,0,Epsilon_Greedy,epsilon=0.05,89,208.41216869046596
shift,0,Epsilon_Greedy,epsilon=0.05,90,208.64036859757047
shift,0,Epsilon_Greedy,epsilon=0.05,91,208.85605502957904
shift,0,Epsilon_Greedy,epsilon=0.05,92,209.01747507211917
shift,0,Epsilon_Greedy,epsilon=0.05,93,209.24046528426223
shift,0,Epsilon_Greedy,epsilon=0.05,94,209.6500987726914
shift,0,Epsilon_Greedy,epsilon=0.05,95,209.74127552373815
shift,0,Epsilon_Greedy,epsilon=0.05,96,212.0550859905018
shift,0,Epsilon_Greedy,epsilon=0.05,97,212.2736649691138
shift,0,Epsilon_Greedy,epsilon=0.05,98,212.46132619119723
shift,0,Epsilon_Greedy,epsilon=0.05,99,212.56595357661837
shift,0,Epsilon_Greedy,epsilon=0.1,0,7.5501255861716094
shift,0,Epsilon_Greedy,epsilon=0.1,1,14.364135196195392
shift,0,Epsilon_Greedy,epsilon=0.1,2,18.71015945109449
shift,0,Epsilon_Greedy,epsilon=0.1,3,23.659605673598264
shift,0,Epsilon_Greedy,epsilon=0.1,4,30.372076277263595
shift,0,Epsilon_Greedy,epsilon=0.1,5,36.78689564867003
shift,0,Epsilon_Greedy,epsilon=0.1,6,41.322163743803934
shift,0,Epsilon_Greedy,epsilon=0.1,7,47.380503654171335
shift,0,Epsilon_Greedy,epsilon=0.1,8,53.63384628390361
shift,0,Epsilon_Greedy,epsilon=0.1,9,58.43068833535607
shift,0,Epsilon_Greedy,epsilon=0.1,10,65.12096248390114
shift,0,Epsilon_Greedy,epsilon=0.1,11,71.98505537426739
shift,0,Epsilon_Greedy,epsilon=0.1,12,77.02766323816454
shift,0,Epsilon_Greedy,epsilon=0.1,13,82.99392100318093
shift,0,Epsilon_Greedy,epsilon=0.1,14,88.29375807343465
shift,0,Epsilon_Greedy,epsilon=0.1,15,94.57422518477934
shift,0,Epsilon_Greedy,epsilon=0.1,16,100.61489519512027
shift,0,Epsilon_Greedy,epsilon=0.1,17,100.69010443839682
shift,0,Epsilon_Greedy,epsilon=0.1,18,100.75993784987114
shift,0,Epsilon_Greedy,epsilon=0.1,19,101.01682124103331
shift,0,Epsilon_Greedy,epsilon=0.1,20,115.40354221745713
shift,0,Epsilon_Greedy,epsilon=0.1,21,123.90030444409342
shift,0,Epsilon_Greedy,epsilon=0.1,22,123.90030444409342
shift,0,Epsilon_Greedy,epsilon=0.1,23,123.90030444409342
shift,0,Epsilon_Greedy,epsilon=0.1,24,123.90030444409342
shift,0,Epsilon_Greedy,epsilon=0.1,25,123.90030444409342
shift,0,Epsilon_Greedy,epsilon=0.1,26,123.90030444409342
shift,0,Epsilon_Greedy,epsilon=0.1,27,123.90030444409342
shift,0,Epsilon_Greedy,epsilon=0.1,28,123.90030444409342
shift,0,Epsilon_Greedy,epsilon=0.1,29,123.90030444409342
shift,0,Epsilon_Greedy,epsilon=0.1,30,123.90030444409342
shift,0,Epsilon_Greedy,epsilon=0.1,31,123.90030444409342
shift,0,Epsilon_Greedy,epsilon=0.1,32,123.90030444409342
shift,0,Epsilon_Greedy,epsilon=0.1,33,123.90030444409342
shift,0,Epsilon_Greedy,epsilon=0.1,34,123.90030444409342
shift,0,Epsilon_Greedy,epsilon=0.1,35,123.90030444409342
shift,0,Epsilon_Greedy,epsilon=0.1,36,131.78192539826875
shift,0,Epsilon_Greedy,epsilon=0.1,37,140.00017561515514
shift,0,Epsilon_Greedy,epsilon=0.1,38,140.00017561515514
shift,0,Epsilon_Greedy,epsilon=0.1,39,154.80992771228304
shift,0,Epsilon_Greedy,epsilon=0.1,40,154.80992771228304
shift,0,Epsilon_Greedy,epsilon=0.1,41,154.80992771228304
shift,0,Epsilon_Greedy,epsilon=0.1,42,154.80992771228304
shift,0,Epsilon_Greedy,epsilon=0.1,43,154.80992771228304
shift,0,Epsilon_Greedy,epsilon=0.1,44,154.80992771228304
shift,0,Epsilon_Greedy,epsilon=0.1,45,154.80992771228304
shift,0,Epsilon_Greedy,epsilon=0.1,46,154.80992771228304
shift,0,Epsilon_Greedy,epsilon=0.1,47,154.80992771228304
shift,0,Epsilon_Greedy,epsilon=0.1,48,154.80992771228304
shift,0,Epsilon_Greedy,epsilon=0.1,49,154.80992771228304
shift,0,Epsilon_Greedy,epsilon=0.1,50,154.80992771228304
shift,0,Epsilon_Greedy,epsilon=0.1,51,165.19884592587826
shift,0,Epsilon_Greedy,epsilon=0.1,52,165.19884592587826
shift,0,Epsilon_Greedy,epsilon=0.1,53,165.19884592587826
shift,0,Epsilon_Greedy,epsilon=0.1,54,165.19884592587826
shift,0,Epsilon_Greedy,epsilon=0.1,55,165.19884592587826
shift,0,Epsilon_Greedy,epsilon=0.1,56,165.19884592587826
shift,0,Epsilon_Greedy,epsilon=0.1,57,165.19884592587826
shift,0,Epsilon_Greedy,epsilon=0.1,58,165.19884592587826
shift,0,Epsilon_Greedy,epsilon=0.1,59,165.19884592587826
shift,0,Epsilon_Greedy,epsilon=0.1,60,178.44305831903347
shift,0,Epsilon_Greedy,epsilon=0.1,61,178.44305831903347
shift,0,Epsilon_Greedy,epsilon=0.1,62,178.44305831903347
shift,0,Epsilon_Greedy,epsilon=0.1,63,178.44305831903347
shift,0,Epsilon_Greedy,epsilon=0.1,64,178.44305831903347
shift,0,Epsilon_Greedy,epsilon=0.1,65,178.44305831903347
shift,0,Epsilon_Greedy,epsilon=0.1,66,178.44305831903347
shift,0,Epsilon_Greedy,epsilon=0.1,67,178.44305831903347
shift,0,Epsilon_Greedy,epsilon=0.1,68,178.44305831903347
shift,0,Epsilon_Greedy,epsilon=0.1,69,178.44305831903347
shift,0,Epsilon_Greedy,epsilon=0.1,70,178.44305831903347
shift,0,Epsilon_Greedy,epsilon=0.1,71,178.44305831903347
shift,0,Epsilon_Greedy,epsilon=0.1,72,178.44305831903347
shift,0,Epsilon_Greedy,epsilon=0.1,73,178.44305831903347
shift,0,Epsilon_Greedy,epsilon=0.1,74,178.44305831903347
shift,0,Epsilon_Greedy,epsilon=0.1,75,186.22538124081015
shift,0,Epsilon_Greedy,epsilon=0.1,76,186.22538124081015
shift,0,Epsilon_Greedy,epsilon=0.1,77,186.22538124081015
shift,0,Epsilon_Greedy,epsilon=0.1,78,186.22538124081015
shift,0,Epsilon_Greedy,epsilon=0.1,79,186.22538124081015
shift,0,Epsilon_Greedy,epsilon=0.1,80,186.44405343297646
shift,0,Epsilon_Greedy,epsilon=0.1,81,186.82332801737016
shift,0,Epsilon_Greedy,epsilon=0.1,82,187.05708599866773
shift,0,Epsilon_Greedy,epsilon=0.1,83,187.11152161365123
shift,0,Epsilon_Greedy,epsilon=0.1,84,187.11152161365123
shift,0,Epsilon_Greedy,epsilon=0.1,85,187.5571702135798
shift,0,Epsilon_Greedy,epsilon=0.1,86,190.7412967041041
shift,0,Epsilon_Greedy,epsilon=0.1,87,190.89280508842245
shift,0,Epsilon_Greedy,epsilon=0.1,88,191.1325710004286
shift,0,Epsilon_Greedy,epsilon=0.1,89,191.3767688458895
shift,0,Epsilon_Greedy,epsilon=0.1,90,191.4394565580391
shift,0,Epsilon_Greedy,epsilon=0.1,91,191.57234098825867
shift,0,Epsilon_Greedy,epsilon=0.1,92,191.61525382031635
shift,0,Epsilon_Greedy,epsilon=0.1,93,191.88063667073172
shift,0,Epsilon_Greedy,epsilon=0.1,94,191.98144075699662
shift,0,Epsilon_Greedy,epsilon=0.1,95,192.14909710580295
shift,0,Epsilon_Greedy,epsilon=0.1,96,193.28130313291064
shift,0,Epsilon_Greedy,epsilon=0.1,97,193.56105137667228
shift,0,Epsilon_Greedy,epsilon=0.1,98,193.72661917283094
shift,0,Epsilon_Greedy,epsilon=0.1,99,193.72661917283094
shift,0,AdaptiveEpsilonGreedy,anomaly_sensitivity=0.3|base_epsilon=0.05|gamma=0.9|max_epsilon=0.5,0,7.5501255861716094
shift,0,AdaptiveEpsilonGreedy,anomaly_sensitivity=0.3|base_epsilon=0.05|gamma=0.9|max_epsilon=0.5,1,8.389168173254346
shift,0,AdaptiveEpsilonGreedy,anomaly_sensitivity=0.3|base_epsilon=0.05|gamma=0.9|max_epsilon=0.5,2,10.839951146551321
shift,0,AdaptiveEpsilonGreedy,anomaly_sensitivity=0.3|base_epsilon=0.05|gamma=0.9|max_epsilon=0.5,3,15.789397369055095
shift,0,AdaptiveEpsilonGreedy,anomaly_sensitivity=0.3|base_epsilon=0.05|gamma=0.9|max_epsilon=0.5,4,15.86869492839886
shift,0,AdaptiveEpsilonGreedy,anomaly_sensitivity=0.3|base_epsilon=0.05|gamma=0.9|max_epsilon=0.5,5,16.3092748861952
shift,0,AdaptiveEpsilonGreedy,anomaly_sensitivity=0.3|base_epsilon=0.05|gamma=0.9|max_epsilon=0.5,6,17.80507828988624
shift,0,AdaptiveEpsilonGreedy,anomaly_sensitivity=0.3|base_epsilon=0.05|gamma=0.9|max_epsilon=0.5,7,17.80507828988624
shift,0,AdaptiveEpsilonGreedy,anomaly_sensitivity=0.3|base_epsilon=0.05|gamma=0.9|max_epsilon=0.5,8,18.008833087197804
shift,0,AdaptiveEpsilonGreedy,anomaly_sensitivity=0.3|base_epsilon=0.05|gamma=0.9|max_epsilon=0.5,9,18.647065842234312
shift,0,AdaptiveEpsilonGreedy,anomaly_sensitivity=0.3|base_epsilon=0.05|gamma=0.9|max_epsilon=0.5,10,18.8834671406188
shift,0,AdaptiveEpsilonGreedy,anomaly_sensitivity=0.3|base_epsilon=0.05|gamma=0.9|max_epsilon=0.5,11,18.8834671406188
shift,0,AdaptiveEpsilonGreedy,anomaly_sensitivity=0.3|base_epsilon=0.05|gamma=0.9|max_epsilon=0.5,12,19.130085356521167
shift,0,AdaptiveEpsilonGreedy,anomaly_sensitivity=0.3|base_epsilon=0.05|gamma=0.9|max_epsilon=0.5,13,19.130085356521167
shift,0,AdaptiveEpsilonGreedy,anomaly_sensitivity=0.3|base_epsilon=0.05|gamma=0.9|max_epsilon=0.5,14,19.400391021897438
shift,0,AdaptiveEpsilonGreedy,anomaly_sensitivity=0.3|base_epsilon=0.05|gamma=0.9|max_epsilon=0.5,15,19.924216342572556
shift,0,AdaptiveEpsilonGreedy,anomaly_sensitivity=0.3|base_epsilon=0.05|gamma=0.9|max_epsilon=0.5,16,20.292972085957206
shift,0,AdaptiveEpsilonGreedy,anomaly_sensitivity=0.3|base_epsilon=0.05|gamma=0.9|max_epsilon=0.5,17,20.36818132923376
shift,0,AdaptiveEpsilonGreedy,anomaly_sensitivity=0.3|base_epsilon=0.05|gamma=0.9|max_epsilon=0.5,18,20.54160884234515
shift,0,AdaptiveEpsilonGreedy,anomaly_sensitivity=0.3|base_epsilon=0.05|gamma=0.9|max_epsilon=0.5,19,20.840991901255613
shift,0,AdaptiveEpsilonGreedy,anomaly_sensitivity=0.3|base_epsilon=0.05|gamma=0.9|max_epsilon=0.5,20,33.501589240426206
shift,0,AdaptiveEpsilonGreedy,anomaly_sensitivity=0.3|base_epsilon=0.05|gamma=0.9|max_epsilon=0.5,21,39.486109246515184
shift,0,AdaptiveEpsilonGreedy,anomaly_sensitivity=0.3|base_epsilon=0.05|gamma=0.9|max_epsilon=0.5,22,40.17263243701487
shift,0,AdaptiveEpsilonGreedy,anomaly_sensitivity=0.3|base_epsilon=0.05|gamma=0.9|max_epsilon=0.5,23,49.608232208060905
shift,0,AdaptiveEpsilonGreedy,anomaly_sensitivity=0.3|base_epsilon=0.05|gamma=0.9|max_epsilon=0.5,24,58.125591022268814
shift,0,AdaptiveEpsilonGreedy,anomaly_sensitivity=0.3|base_epsilon=0.05|gamma=0.9|max_epsilon=0.5,25,72.2347170349826
shift,0,AdaptiveEpsilonGreedy,anomaly_sensitivity=0.3|base_epsilon=0.05|gamma=0.9|max_epsilon=0.5,26,76.12501109662719
shift,0,AdaptiveEpsilonGreedy,anomaly_sensitivity=0.3|base_epsilon=0.05|gamma=0.9|max_epsilon=0.5,27,85.89025385883151
shift,0,AdaptiveEpsilonGreedy,anomaly_sensitivity=0.3|base_epsilon=0.05|gamma=0.9|max_epsilon=0.5,28,87.07160096552315
shift,0,AdaptiveEpsilonGreedy,anomaly_sensitivity=0.3|base_epsilon=0.05|gamma=0.9|max_epsilon=0.5,29,97.70614229006613
shift,0,AdaptiveEpsilonGreedy,anomaly_sensitivity=0.3|base_epsilon=0.05|gamma=0.9|max_epsilon=0.5,30,108.22701427494474
shift,0,AdaptiveEpsilonGreedy,anomaly_sensitivity=0.3|base_epsilon=0.05|gamma=0.9|max_epsilon=0.5,31,108.22701427494474
shift,0,AdaptiveEpsilonGreedy,anomaly_sensitivity=0.3|base_epsilon=0.05|gamma=0.9|max_epsilon=0.5,32,123.58808744877803
shift,0,AdaptiveEpsilonGreedy,anomaly_sensitivity=0.3|base_epsilon=0.05|gamma=0.9|max_epsilon=0.5,33,135.97755947698118
shift,0,AdaptiveEpsilonGreedy,anomaly_sensitivity=0.3|base_epsilon=0.05|gamma=0.9|max_epsilon=0.5,34,144.31596854089184
shift,0,AdaptiveEpsilonGreedy,anomaly_sensitivity=0.3|base_epsilon=0.05|gamma=0.9|max_epsilon=0.5,35,144.31596854089184
shift,0,AdaptiveEpsilonGreedy,anomaly_sensitivity=0.3|base_epsilon=0.05|gamma=0.9|max_epsilon=0.5,36,152.1952372583914
shift,0,AdaptiveEpsilonGreedy,anomaly_sensitivity=0.3|base_epsilon=0.05|gamma=0.9|max_epsilon=0.5,37,154.436667619066
shift,0,AdaptiveEpsilonGreedy,anomaly_sensitivity=0.3|base_epsilon=0.05|gamma=0.9|max_epsilon=0.5,38,170.588008251198
shift,0,AdaptiveEpsilonGreedy,anomaly_sensitivity=0.3|base_epsilon=0.05|gamma=0.9|max_epsilon=0.5,39,186.55553234219218
shift,0,AdaptiveEpsilonGreedy,anomaly_sensitivity=0.3|base_epsilon=0.05|gamma=0.9|max_epsilon=0.5,40,200.83819117566168
shift,0,AdaptiveEpsilonGreedy,anomaly_sensitivity=0.3|base_epsilon=0.05|gamma=0.9|max_epsilon=0.5,41,203.3518457915028
shift,0,AdaptiveEpsilonGreedy,anomaly_sensitivity=0.3|base_epsilon=0.05|gamma=0.9|max_epsilon=0.5,42,208.00587872515763
shift,0,AdaptiveEpsilonGreedy,anomaly_sensitivity=0.3|base_epsilon=0.05|gamma=0.9|max_epsilon=0.5,43,217.42023902376923
shift,0,AdaptiveEpsilonGreedy,anomaly_sensitivity=0.3|base_epsilon=0.05|gamma=0.9|max_epsilon=0.5,44,218.6878905995699
shift,0,AdaptiveEpsilonGreedy,anomaly_sensitivity=0.3|base_epsilon=0.05|gamma=0.9|max_epsilon=0.5,45,225.47641386747543
shift,0,AdaptiveEpsilonGreedy,anomaly_sensitivity=0.3|base_epsilon=0.05|gamma=0.9|max_epsilon=0.5,46,238.45812446804564
shift,0,AdaptiveEpsilonGreedy,anomaly_sensitivity=0.3|base_epsilon=0.05|gamma=0.9|max_epsilon=0.5,47,247.62714770905444
shift,0,AdaptiveEpsilonGreedy,anomaly_sensitivity=0.3|base_epsilon=0.05|gamma=0.9|max_epsilon=0.5,48,249.01632553771998
shift,0,AdaptiveEpsilonGreedy,anomaly_sensitivity=0.3|base_epsilon=0.05|gamma=0.9|max_epsilon=0.5,49,249.01632553771998
shift,0,AdaptiveEpsilonGreedy,anomaly_sensitivity=0.3|base_epsilon=0.05|gamma=0.9|max_epsilon=0.5,50,249.01632553771998
shift,0,AdaptiveEpsilonGreedy,anomaly_sensitivity=0.3|base_epsilon=0.05|gamma=0.9|max_epsilon=0.5,51,249.01632553771998
shift,0,AdaptiveEpsilonGreedy,anomaly_sensitivity=0.3|base_epsilon=0.05|gamma=0.9|max_epsilon=0.5,52,261.1810458262111
shift,0,AdaptiveEpsilonGreedy,anomaly_sensitivity=0.3|base_epsilon=0.05|gamma=0.9|max_epsilon=0.5,53,262.1524608657446
shift,0,AdaptiveEpsilonGreedy,anomaly_sensitivity=0.3|base_epsilon=0.05|gamma=0.9|max_epsilon=0.5,54,269.34796594348137
shift,0,AdaptiveEpsilonGreedy,anomaly_sensitivity=0.3|base_epsilon=0.05|gamma=0.9|max_epsilon=0.5,55,273.97533179230425
shift,0,AdaptiveEpsilonGreedy,anomaly_sensitivity=0.3|base_epsilon=0.05|gamma=0.9|max_epsilon=0.5,56,275.56386367491973
shift,0,AdaptiveEpsilonGreedy,anomaly_sensitivity=0.3|base_epsilon=0.05|gamma=0.9|max_epsilon=0.5,57,276.12473388265107
shift,0,AdaptiveEpsilonGreedy,anomaly_sensitivity=0.3|base_epsilon=0.05|gamma=0.9|max_epsilon=0.5,58,279.6065049913107
shift,0,AdaptiveEpsilonGreedy,anomaly_sensitivity=0.3|base_epsilon=0.05|gamma=0.9|max_epsilon=0.5,59,287.4652619999389
shift,0,AdaptiveEpsilonGreedy,anomaly_sensitivity=0.3|base_epsilon=0.05|gamma=0.9|max_epsilon=0.5,60,290.0076866395732
shift,0,AdaptiveEpsilonGreedy,anomaly_sensitivity=0.3|base_epsilon=0.05|gamma=0.9|max_epsilon=0.5,61,304.0114279108781
shift,0,AdaptiveEpsilonGreedy,anomaly_sensitivity=0.3|base_epsilon=0.05|gamma=0.9|max_epsilon=0.5,62,304.0114279108781
shift,0,AdaptiveEpsilonGreedy,anomaly_sensitivity=0.3|base_epsilon=0.05|gamma=0.9|max_epsilon=0.5,63,311.84648861651584
shift,0,AdaptiveEpsilonGreedy,anomaly_sensitivity=0.3|base_epsilon=0.05|gamma=0.9|max_epsilon=0.5,64,320.635585688531
shift,0,AdaptiveEpsilonGreedy,anomaly_sensitivity=0.3|base_epsilon=0.05|gamma=0.9|max_epsilon=0.5,65,328.41018890288564
shift,0,AdaptiveEpsilonGreedy,anomaly_sensitivity=0.3|base_epsilon=0.05|gamma=0.9|max_epsilon=0.5,66,341.25331205685006
shift,0,AdaptiveEpsilonGreedy,anomaly_sensitivity=0.3|base_epsilon=0.05|gamma=0.9|max_epsilon=0.5,67,344.77523859369495
shift,0,AdaptiveEpsilonGreedy,anomaly_sensitivity=0.3|base_epsilon=0.05|gamma=0.9|max_epsilon=0.5,68,352.5772506251978
shift,0,AdaptiveEpsilonGreedy,anomaly_sensitivity=0.3|base_epsilon=0.05|gamma=0.9|max_epsilon=0.5,69,358.7935187824979
shift,0,AdaptiveEpsilonGreedy,anomaly_sensitivity=0.3|base_epsilon=0.05|gamma=0.9|max_epsilon=0.5,70,358.7935187824979
shift,0,AdaptiveEpsilonGreedy,anomaly_sensitivity=0.3|base_epsilon=0.05|gamma=0.9|max_epsilon=0.5,71,367.59688550761086
shift,0,AdaptiveEpsilonGreedy,anomaly_sensitivity=0.3|base_epsilon=0.05|gamma=0.9|max_epsilon=0.5,72,369.47117496461067
shift,0,AdaptiveEpsilonGreedy,anomaly_sensitivity=0.3|base_epsilon=0.05|gamma=0.9|max_epsilon=0.5,73,382.833330287559
shift,0,AdaptiveEpsilonGreedy,anomaly_sensitivity=0.3|base_epsilon=0.05|gamma=0.9|max_epsilon=0.5,74,382.833330287559
shift,0,AdaptiveEpsilonGreedy,anomaly_sensitivity=0.3|base_epsilon=0.05|gamma=0.9|max_epsilon=0.5,75,384.39826448255934
shift,0,AdaptiveEpsilonGreedy,anomaly_sensitivity=0.3|base_epsilon=0.05|gamma=0.9|max_epsilon=0.5,76,385.28448235772413
shift,0,AdaptiveEpsilonGreedy,anomaly_sensitivity=0.3|base_epsilon=0.05|gamma=0.9|max_epsilon=0.5,77,394.2657077016218
shift,0,AdaptiveEpsilonGreedy,anomaly_sensitivity=0.3|base_epsilon=0.05|gamma=0.9|max_epsilon=0.5,78,407.10712356929645
shift,0,AdaptiveEpsilonGreedy,anomaly_sensitivity=0.3|base_epsilon=0.05|gamma=0.9|max_epsilon=0.5,79,421.56070341747795
shift,0,AdaptiveEpsilonGreedy,anomaly_sensitivity=0.3|base_epsilon=0.05|gamma=0.9|max_epsilon=0.5,80,421.77937560964426
shift,0,AdaptiveEpsilonGreedy,anomaly_sensitivity=0.3|base_epsilon=0.05|gamma=0.9|max_epsilon=0.5,81,422.158650194038
shift,0,AdaptiveEpsilonGreedy,anomaly_sensitivity=0.3|base_epsilon=0.05|gamma=0.9|max_epsilon=0.5,82,422.39240817533556
shift,0,AdaptiveEpsilonGreedy,anomaly_sensitivity=0.3|base_epsilon=0.05|gamma=0.9|max_epsilon=0.5,83,422.44684379031906
shift,0,AdaptiveEpsilonGreedy,anomaly_sensitivity=0.3|base_epsilon=0.05|gamma=0.9|max_epsilon=0.5,84,422.44684379031906
shift,0,AdaptiveEpsilonGreedy,anomaly_sensitivity=0.3|base_epsilon=0.05|gamma=0.9|max_epsilon=0.5,85,422.7054220924732
shift,0,AdaptiveEpsilonGreedy,anomaly_sensitivity=0.3|base_epsilon=0.05|gamma=0.9|max_epsilon=0.5,86,422.9446233041172
shift,0,AdaptiveEpsilonGreedy,anomaly_sensitivity=0.3|base_epsilon=0.05|gamma=0.9|max_epsilon=0.5,87,423.0961316884356
shift,0,AdaptiveEpsilonGreedy,anomaly_sensitivity=0.3|base_epsilon=0.05|gamma=0.9|max_epsilon=0.5,88,423.3358976004418
shift,0,AdaptiveEpsilonGreedy,anomaly_sensitivity=0.3|base_epsilon=0.05|gamma=0.9|max_epsilon=0.5,89,423.5800954459027
shift,0,AdaptiveEpsilonGreedy,anomaly_sensitivity=0.3|base_epsilon=0.05|gamma=0.9|max_epsilon=0.5,90,423.64278315805234
shift,0,AdaptiveEpsilonGreedy,anomaly_sensitivity=0.3|base_epsilon=0.05|gamma=0.9|max_epsilon=0.5,91,423.7756675882719
shift,0,AdaptiveEpsilonGreedy,anomaly_sensitivity=0.3|base_epsilon=0.05|gamma=0.9|max_epsilon=0.5,92,423.8185804203296
shift,0,AdaptiveEpsilonGreedy,anomaly_sensitivity=0.3|base_epsilon=0.05|gamma=0.9|max_epsilon=0.5,93,424.08396327074496
shift,0,AdaptiveEpsilonGreedy,anomaly_sensitivity=0.3|base_epsilon=0.05|gamma=0.9|max_epsilon=0.5,94,424.1847673570099
shift,0,AdaptiveEpsilonGreedy,anomaly_sensitivity=0.3|base_epsilon=0.05|gamma=0.9|max_epsilon=0.5,95,424.35242370581625
shift,0,AdaptiveEpsilonGreedy,anomaly_sensitivity=0.3|base_epsilon=0.05|gamma=0.9|max_epsilon=0.5,96,425.4846297329239
shift,0,AdaptiveEpsilonGreedy,anomaly_sensitivity=0.3|base_epsilon=0.05|gamma=0.9|max_epsilon=0.5,97,425.7643779766855
shift,0,AdaptiveEpsilonGreedy,anomaly_sensitivity=0.3|base_epsilon=0.05|gamma=0.9|max_epsilon=0.5,98,425.9299457728442
shift,0,AdaptiveEpsilonGreedy,anomaly_sensitivity=0.3|base_epsilon=0.05|gamma=0.9|max_epsilon=0.5,99,425.9931324472177
shift,0,AdaptiveEpsilonGreedy,anomaly_sensitivity=0.5|base_epsilon=0.05|gamma=0.9|max_epsilon=0.5,0,1.2497999361369216
shift,0,AdaptiveEpsilonGreedy,anomaly_sensitivity=0.5|base_epsilon=0.05|gamma=0.9|max_epsilon=0.5,1,8.063809546160703
shift,0,AdaptiveEpsilonGreedy,anomaly_sensitivity=0.5|base_epsilon=0.05|gamma=0.9|max_epsilon=0.5,2,10.514592519457679
shift,0,AdaptiveEpsilonGreedy,anomaly_sensitivity=0.5|base_epsilon=0.05|gamma=0.9|max_epsilon=0.5,3,10.595550542658941
shift,0,AdaptiveEpsilonGreedy,anomaly_sensitivity=0.5|base_epsilon=0.05|gamma=0.9|max_epsilon=0.5,4,11.290650064566586
shift,0,AdaptiveEpsilonGreedy,anomaly_sensitivity=0.5|base_epsilon=0.05|gamma=0.9|max_epsilon=0.5,5,13.991536698974414
shift,0,AdaptiveEpsilonGreedy,anomaly_sensitivity=0.5|base_epsilon=0.05|gamma=0.9|max_epsilon=0.5,6,14.025979674770767
shift,0,AdaptiveEpsilonGreedy,anomaly_sensitivity=0.5|base_epsilon=0.05|gamma=0.9|max_epsilon=0.5,7,14.026217773671465
shift,0,AdaptiveEpsilonGreedy,anomaly_sensitivity=0.5|base_epsilon=0.05|gamma=0.9|max_epsilon=0.5,8,14.740884348019197
shift,0,AdaptiveEpsilonGreedy,anomaly_sensitivity=0.5|base_epsilon=0.05|gamma=0.9|max_epsilon=0.5,9,15.379117103055703
shift,0,AdaptiveEpsilonGreedy,anomaly_sensitivity=0.5|base_epsilon=0.05|gamma=0.9|max_epsilon=0.5,10,15.41593647519323
shift,0,AdaptiveEpsilonGreedy,anomaly_sensitivity=0.5|base_epsilon=0.05|gamma=0.9|max_epsilon=0.5,11,16.1927986456295
shift,0,AdaptiveEpsilonGreedy,anomaly_sensitivity=0.5|base_epsilon=0.05|gamma=0.9|max_epsilon=0.5,12,16.433373200425713
shift,0,AdaptiveEpsilonGreedy,anomaly_sensitivity=0.5|base_epsilon=0.05|gamma=0.9|max_epsilon=0.5,13,16.611215243165887
shift,0,AdaptiveEpsilonGreedy,anomaly_sensitivity=0.5|base_epsilon=0.05|gamma=0.9|max_epsilon=0.5,14,16.66054447894189
shift,0,AdaptiveEpsilonGreedy,anomaly_sensitivity=0.5|base_epsilon=0.05|gamma=0.9|max_epsilon=0.5,15,16.89876633477068
shift,0,AdaptiveEpsilonGreedy,anomaly_sensitivity=0.5|base_epsilon=0.05|gamma=0.9|max_epsilon=0.5,16,16.89876633477068
shift,0,AdaptiveEpsilonGreedy,anomaly_sensitivity=0.5|base_epsilon=0.05|gamma=0.9|max_epsilon=0.5,17,16.98983671161684
shift,0,AdaptiveEpsilonGreedy,anomaly_sensitivity=0.5|base_epsilon=0.05|gamma=0.9|max_epsilon=0.5,18,17.34344131884528
shift,0,AdaptiveEpsilonGreedy,anomaly_sensitivity=0.5|base_epsilon=0.05|gamma=0.9|max_epsilon=0.5,19,17.489361881584802
shift,0,AdaptiveEpsilonGreedy,anomaly_sensitivity=0.5|base_epsilon=0.05|gamma=0.9|max_epsilon=0.5,20,32.02120394494734
shift,0,AdaptiveEpsilonGreedy,anomaly_sensitivity=0.5|base_epsilon=0.05|gamma=0.9|max_epsilon=0.5,21,40.51796617158362
shift,0,AdaptiveEpsilonGreedy,anomaly_sensitivity=0.5|base_epsilon=0.05|gamma=0.9|max_epsilon=0.5,22,47.398140663138975
shift,0,AdaptiveEpsilonGreedy,anomaly_sensitivity=0.5|base_epsilon=0.05|gamma=0.9|max_epsilon=0.5,23,56.38000485620133
shift,0,AdaptiveEpsilonGreedy,anomaly_sensitivity=0.5|base_epsilon=0.05|gamma=0.9|max_epsilon=0.5,24,65.57177209173258
shift,0,AdaptiveEpsilonGreedy,anomaly_sensitivity=0.5|base_epsilon=0.05|gamma=0.9|max_epsilon=0.5,25,81.48091834409684
shift,0,AdaptiveEpsilonGreedy,anomaly_sensitivity=0.5|base_epsilon=0.05|gamma=0.9|max_epsilon=0.5,26,83.67227974473573
shift,0,AdaptiveEpsilonGreedy,anomaly_sensitivity=0.5|base_epsilon=0.05|gamma=0.9|max_epsilon=0.5,27,93.7188864992743
shift,0,AdaptiveEpsilonGreedy,anomaly_sensitivity=0.5|base_epsilon=0.05|gamma=0.9|max_epsilon=0.5,28,101.07681926671408
shift,0,AdaptiveEpsilonGreedy,anomaly_sensitivity=0.5|base_epsilon=0.05|gamma=0.9|max_epsilon=0.5,29,110.29249005142574
shift,0,AdaptiveEpsilonGreedy,anomaly_sensitivity=0.5|base_epsilon=0.05|gamma=0.9|max_epsilon=0.5,30,113.30047280631041
shift,0,AdaptiveEpsilonGreedy,anomaly_sensitivity=0.5|base_epsilon=0.05|gamma=0.9|max_epsilon=0.5,31,113.30047280631041
shift,0,AdaptiveEpsilonGreedy,anomaly_sensitivity=0.5|base_epsilon=0.05|gamma=0.9|max_epsilon=0.5,32,113.30047280631041
shift,0,AdaptiveEpsilonGreedy,anomaly_sensitivity=0.5|base_epsilon=0.05|gamma=0.9|max_epsilon=0.5,33,113.30047280631041
shift,0,AdaptiveEpsilonGreedy,anomaly_sensitivity=0.5|base_epsilon=0.05|gamma=0.9|max_epsilon=0.5,34,121.47164807589344
shift,0,AdaptiveEpsilonGreedy,anomaly_sensitivity=0.5|base_epsilon=0.05|gamma=0.9|max_epsilon=0.5,35,128.10809150548772
shift,0,AdaptiveEpsilonGreedy,anomaly_sensitivity=0.5|base_epsilon=0.05|gamma=0.9|max_epsilon=0.5,36,130.39343305237975
shift,0,AdaptiveEpsilonGreedy,anomaly_sensitivity=0.5|base_epsilon=0.05|gamma=0.9|max_epsilon=0.5,37,137.102459552617
shift,0,AdaptiveEpsilonGreedy,anomaly_sensitivity=0.5|base_epsilon=0.05|gamma=0.9|max_epsilon=0.5,38,152.99297349606292
shift,0,AdaptiveEpsilonGreedy,anomaly_sensitivity=0.5|base_epsilon=0.05|gamma=0.9|max_epsilon=0.5,39,165.52574720621496
shift,0,AdaptiveEpsilonGreedy,anomaly_sensitivity=0.5|base_epsilon=0.05|gamma=0.9|max_epsilon=0.5,40,167.49829340140192
shift,0,AdaptiveEpsilonGreedy,anomaly_sensitivity=0.5|base_epsilon=0.05|gamma=0.9|max_epsilon=0.5,41,177.21576417162458
shift,0,AdaptiveEpsilonGreedy,anomaly_sensitivity=0.5|base_epsilon=0.05|gamma=0.9|max_epsilon=0.5,42,182.4597413182451
shift,0,AdaptiveEpsilonGreedy,anomaly_sensitivity=0.5|base_epsilon=0.05|gamma=0.9|max_epsilon=0.5,43,191.4386861573764
shift,0,AdaptiveEpsilonGreedy,anomaly_sensitivity=0.5|base_epsilon=0.05|gamma=0.9|max_epsilon=0.5,44,192.70633773317707
shift,0,AdaptiveEpsilonGreedy,anomaly_sensitivity=0.5|base_epsilon=0.05|gamma=0.9|max_epsilon=0.5,45,194.7147225382482
shift,0,AdaptiveEpsilonGreedy,anomaly_sensitivity=0.5|base_epsilon=0.05|gamma=0.9|max_epsilon=0.5,46,207.18226063867164
shift,0,AdaptiveEpsilonGreedy,anomaly_sensitivity=0.5|base_epsilon=0.05|gamma=0.9|max_epsilon=0.5,47,208.21803299744738
shift,0,AdaptiveEpsilonGreedy,anomaly_sensitivity=0.5|base_epsilon=0.05|gamma=0.9|max_epsilon=0.5,48,210.91135270059527
shift,0,AdaptiveEpsilonGreedy,anomaly_sensitivity=0.5|base_epsilon=0.05|gamma=0.9|max_epsilon=0.5,49,219.62601825107595
shift,0,AdaptiveEpsilonGreedy,anomaly_sensitivity=0.5|base_epsilon=0.05|gamma=0.9|max_epsilon=0.5,50,227.16437521672032
shift,0,AdaptiveEpsilonGreedy,anomaly_sensitivity=0.5|base_epsilon=0.05|gamma=0.9|max_epsilon=0.5,51,237.52109215640112
shift,0,AdaptiveEpsilonGreedy,anomaly_sensitivity=0.5|base_epsilon=0.05|gamma=0.9|max_epsilon=0.5,52,239.4797496654491
shift,0,AdaptiveEpsilonGreedy,anomaly_sensitivity=0.5|base_epsilon=0.05|gamma=0.9|max_epsilon=0.5,53,249.88844781421784
shift,0,AdaptiveEpsilonGreedy,anomaly_sensitivity=0.5|base_epsilon=0.05|gamma=0.9|max_epsilon=0.5,54,256.2307903876563
shift,0,AdaptiveEpsilonGreedy,anomaly_sensitivity=0.5|base_epsilon=0.05|gamma=0.9|max_epsilon=0.5,55,256.2307903876563
shift,0,AdaptiveEpsilonGreedy,anomaly_sensitivity=0.5|base_epsilon=0.05|gamma=0.9|max_epsilon=0.5,56,257.8193222702718
shift,0,AdaptiveEpsilonGreedy,anomaly_sensitivity=0.5|base_epsilon=0.05|gamma=0.9|max_epsilon=0.5,57,258.38019247800315
shift,0,AdaptiveEpsilonGreedy,anomaly_sensitivity=0.5|base_epsilon=0.05|gamma=0.9|max_epsilon=0.5,58,258.38019247800315
shift,0,AdaptiveEpsilonGreedy,anomaly_sensitivity=0.5|base_epsilon=0.05|gamma=0.9|max_epsilon=0.5,59,260.3314039466788
shift,0,AdaptiveEpsilonGreedy,anomaly_sensitivity=0.5|base_epsilon=0.05|gamma=0.9|max_epsilon=0.5,60,272.6717487388903
shift,0,AdaptiveEpsilonGreedy,anomaly_sensitivity=0.5|base_epsilon=0.05|gamma=0.9|max_epsilon=0.5,61,272.6717487388903
shift,0,AdaptiveEpsilonGreedy,anomaly_sensitivity=0.5|base_epsilon=0.05|gamma=0.9|max_epsilon=0.5,62,277.87511122278084
shift,0,AdaptiveEpsilonGreedy,anomaly_sensitivity=0.5|base_epsilon=0.05|gamma=0.9|max_epsilon=0.5,63,278.67718600546266
shift,0,AdaptiveEpsilonGreedy,anomaly_sensitivity=0.5|base_epsilon=0.05|gamma=0.9|max_epsilon=0.5,64,278.67718600546266
shift,0,AdaptiveEpsilonGreedy,anomaly_sensitivity=0.5|base_epsilon=0.05|gamma=0.9|max_epsilon=0.5,65,288.27812400973403
shift,0,AdaptiveEpsilonGreedy,anomaly_sensitivity=0.5|base_epsilon=0.05|gamma=0.9|max_epsilon=0.5,66,301.81290710516424
shift,0,AdaptiveEpsilonGreedy,anomaly_sensitivity=0.5|base_epsilon=0.05|gamma=0.9|max_epsilon=0.5,67,312.2526827815889
shift,0,AdaptiveEpsilonGreedy,anomaly_sensitivity=0.5|base_epsilon=0.05|gamma=0.9|max_epsilon=0.5,68,320.0546948130917
shift,0,AdaptiveEpsilonGreedy,anomaly_sensitivity=0.5|base_epsilon=0.05|gamma=0.9|max_epsilon=0.5,69,321.2885295859737
shift,0,AdaptiveEpsilonGreedy,anomaly_sensitivity=0.5|base_epsilon=0.05|gamma=0.9|max_epsilon=0.5,70,325.9108694069934
shift,0,AdaptiveEpsilonGreedy,anomaly_sensitivity=0.5|base_epsilon=0.05|gamma=0.9|max_epsilon=0.5,71,335.05281573177854
shift,0,AdaptiveEpsilonGreedy,anomaly_sensitivity=0.5|base_epsilon=0.05|gamma=0.9|max_epsilon=0.5,72,347.1648122145168
shift,0,AdaptiveEpsilonGreedy,anomaly_sensitivity=0.5|base_epsilon=0.05|gamma=0.9|max_epsilon=0.5,73,359.20452794932584
shift,0,AdaptiveEpsilonGreedy,anomaly_sensitivity=0.5|base_epsilon=0.05|gamma=0.9|max_epsilon=0.5,74,368.71490074422235
shift,0,AdaptiveEpsilonGreedy,anomaly_sensitivity=0.5|base_epsilon=0.05|gamma=0.9|max_epsilon=0.5,75,377.43515936354635
shift,0,AdaptiveEpsilonGreedy,anomaly_sensitivity=0.5|base_epsilon=0.05|gamma=0.9|max_epsilon=0.5,76,378.32137723871114
shift,0,AdaptiveEpsilonGreedy,anomaly_sensitivity=0.5|base_epsilon=0.05|gamma=0.9|max_epsilon=0.5,77,381.64258927537577
shift,0,AdaptiveEpsilonGreedy,anomaly_sensitivity=0.5|base_epsilon=0.05|gamma=0.9|max_epsilon=0.5,78,394.4840051430504
shift,0,AdaptiveEpsilonGreedy,anomaly_sensitivity=0.5|base_epsilon=0.05|gamma=0.9|max_epsilon=0.5,79,396.7308526046121
shift,0,AdaptiveEpsilonGreedy,anomaly_sensitivity=0.5|base_epsilon=0.05|gamma=0.9|max_epsilon=0.5,80,402.78257402043727
shift,0,AdaptiveEpsilonGreedy,anomaly_sensitivity=0.5|base_epsilon=0.05|gamma=0.9|max_epsilon=0.5,81,402.8084946525468
shift,0,AdaptiveEpsilonGreedy,anomaly_sensitivity=0.5|base_epsilon=0.05|gamma=0.9|max_epsilon=0.5,82,407.4402773563065
shift,0,AdaptiveEpsilonGreedy,anomaly_sensitivity=0.5|base_epsilon=0.05|gamma=0.9|max_epsilon=0.5,83,412.7288336209212
shift,0,AdaptiveEpsilonGreedy,anomaly_sensitivity=0.5|base_epsilon=0.05|gamma=0.9|max_epsilon=0.5,84,418.4892517446856
shift,0,AdaptiveEpsilonGreedy,anomaly_sensitivity=0.5|base_epsilon=0.05|gamma=0.9|max_epsilon=0.5,85,421.2152560117448
shift,0,AdaptiveEpsilonGreedy,anomaly_sensitivity=0.5|base_epsilon=0.05|gamma=0.9|max_epsilon=0.5,86,424.39938250226913
shift,0,AdaptiveEpsilonGreedy,anomaly_sensitivity=0.5|base_epsilon=0.05|gamma=0.9|max_epsilon=0.5,87,426.8708641689903
shift,0,AdaptiveEpsilonGreedy,anomaly_sensitivity=0.5|base_epsilon=0.05|gamma=0.9|max_epsilon=0.5,88,429.42604733183043
shift,0,AdaptiveEpsilonGreedy,anomaly_sensitivity=0.5|base_epsilon=0.05|gamma=0.9|max_epsilon=0.5,89,432.7909018617813
shift,0,AdaptiveEpsilonGreedy,anomaly_sensitivity=0.5|base_epsilon=0.05|gamma=0.9|max_epsilon=0.5,90,433.01910176888583
shift,0,AdaptiveEpsilonGreedy,anomaly_sensitivity=0.5|base_epsilon=0.05|gamma=0.9|max_epsilon=0.5,91,436.0666457267031
shift,0,AdaptiveEpsilonGreedy,anomaly_sensitivity=0.5|base_epsilon=0.05|gamma=0.9|max_epsilon=0.5,92,439.20090563927965
shift,0,AdaptiveEpsilonGreedy,anomaly_sensitivity=0.5|base_epsilon=0.05|gamma=0.9|max_epsilon=0.5,93,441.5013486743756
shift,0,AdaptiveEpsilonGreedy,anomaly_sensitivity=0.5|base_epsilon=0.05|gamma=0.9|max_epsilon=0.5,94,441.5013486743756
shift,0,AdaptiveEpsilonGreedy,anomaly_sensitivity=0.5|base_epsilon=0.05|gamma=0.9|max_epsilon=0.5,95,441.55177893014536
shift,0,AdaptiveEpsilonGreedy,anomaly_sensitivity=0.5|base_epsilon=0.05|gamma=0.9|max_epsilon=0.5,96,443.453156982358
shift,0,AdaptiveEpsilonGreedy,anomaly_sensitivity=0.5|base_epsilon=0.05|gamma=0.9|max_epsilon=0.5,97,446.42456278762154
shift,0,AdaptiveEpsilonGreedy,anomaly_sensitivity=0.5|base_epsilon=0.05|gamma=0.9|max_epsilon=0.5,98,449.34775666911867
shift,0,AdaptiveEpsilonGreedy,anomaly_sensitivity=0.5|base_epsilon=0.05|gamma=0.9|max_epsilon=0.5,99,449.52640943930703
shift,0,AdaptiveEpsilonGreedy,anomaly_sensitivity=0.3|base_epsilon=0.1|gamma=0.9|max_epsilon=0.5,0,7.5501255861716094
shift,0,AdaptiveEpsilonGreedy,anomaly_sensitivity=0.3|base_epsilon=0.1|gamma=0.9|max_epsilon=0.5,1,8.389168173254346
shift,0,AdaptiveEpsilonGreedy,anomaly_sensitivity=0.3|base_epsilon=0.1|gamma=0.9|max_epsilon=0.5,2,10.839951146551321
shift,0,AdaptiveEpsilonGreedy,anomaly_sensitivity=0.3|base_epsilon=0.1|gamma=0.9|max_epsilon=0.5,3,10.920909169752584
shift,0,AdaptiveEpsilonGreedy,anomaly_sensitivity=0.3|base_epsilon=0.1|gamma=0.9|max_epsilon=0.5,4,13.807887995526979
shift,0,AdaptiveEpsilonGreedy,anomaly_sensitivity=0.3|base_epsilon=0.1|gamma=0.9|max_epsilon=0.5,5,13.807887995526979
shift,0,AdaptiveEpsilonGreedy,anomaly_sensitivity=0.3|base_epsilon=0.1|gamma=0.9|max_epsilon=0.5,6,13.860629224408834
shift,0,AdaptiveEpsilonGreedy,anomaly_sensitivity=0.3|base_epsilon=0.1|gamma=0.9|max_epsilon=0.5,7,14.253495859606748
shift,0,AdaptiveEpsilonGreedy,anomaly_sensitivity=0.3|base_epsilon=0.1|gamma=0.9|max_epsilon=0.5,8,14.579043043517721
shift,0,AdaptiveEpsilonGreedy,anomaly_sensitivity=0.3|base_epsilon=0.1|gamma=0.9|max_epsilon=0.5,9,17.41479199153829
shift,0,AdaptiveEpsilonGreedy,anomaly_sensitivity=0.3|base_epsilon=0.1|gamma=0.9|max_epsilon=0.5,10,17.65119328992278
shift,0,AdaptiveEpsilonGreedy,anomaly_sensitivity=0.3|base_epsilon=0.1|gamma=0.9|max_epsilon=0.5,11,18.744562000157238
shift,0,AdaptiveEpsilonGreedy,anomaly_sensitivity=0.3|base_epsilon=0.1|gamma=0.9|max_epsilon=0.5,12,18.832309107070863
shift,0,AdaptiveEpsilonGreedy,anomaly_sensitivity=0.3|base_epsilon=0.1|gamma=0.9|max_epsilon=0.5,13,18.9126628651205
shift,0,AdaptiveEpsilonGreedy,anomaly_sensitivity=0.3|base_epsilon=0.1|gamma=0.9|max_epsilon=0.5,14,19.18296853049677
shift,0,AdaptiveEpsilonGreedy,anomaly_sensitivity=0.3|base_epsilon=0.1|gamma=0.9|max_epsilon=0.5,15,19.3139751078427
shift,0,AdaptiveEpsilonGreedy,anomaly_sensitivity=0.3|base_epsilon=0.1|gamma=0.9|max_epsilon=0.5,16,19.39284445109793
shift,0,AdaptiveEpsilonGreedy,anomaly_sensitivity=0.3|base_epsilon=0.1|gamma=0.9|max_epsilon=0.5,17,20.427461785831394
shift,0,AdaptiveEpsilonGreedy,anomaly_sensitivity=0.3|base_epsilon=0.1|gamma=0.9|max_epsilon=0.5,18,20.781066393059834
shift,0,AdaptiveEpsilonGreedy,anomaly_sensitivity=0.3|base_epsilon=0.1|gamma=0.9|max_epsilon=0.5,19,20.879828241029028
shift,0,AdaptiveEpsilonGreedy,anomaly_sensitivity=0.3|base_epsilon=0.1|gamma=0.9|max_epsilon=0.5,20,34.98519368862435
shift,0,AdaptiveEpsilonGreedy,anomaly_sensitivity=0.3|base_epsilon=0.1|gamma=0.9|max_epsilon=0.5,21,42.86457325117385
shift,0,AdaptiveEpsilonGreedy,anomaly_sensitivity=0.3|base_epsilon=0.1|gamma=0.9|max_epsilon=0.5,22,50.14364189419255
shift,0,AdaptiveEpsilonGreedy,anomaly_sensitivity=0.3|base_epsilon=0.1|gamma=0.9|max_epsilon=0.5,23,51.32720681158777
shift,0,AdaptiveEpsilonGreedy,anomaly_sensitivity=0.3|base_epsilon=0.1|gamma=0.9|max_epsilon=0.5,24,61.56557823140401
shift,0,AdaptiveEpsilonGreedy,anomaly_sensitivity=0.3|base_epsilon=0.1|gamma=0.9|max_epsilon=0.5,25,78.08084369183705
shift,0,AdaptiveEpsilonGreedy,anomaly_sensitivity=0.3|base_epsilon=0.1|gamma=0.9|max_epsilon=0.5,26,90.0724466377609
shift,0,AdaptiveEpsilonGreedy,anomaly_sensitivity=0.3|base_epsilon=0.1|gamma=0.9|max_epsilon=0.5,27,99.89945913247017
shift,0,AdaptiveEpsilonGreedy,anomaly_sensitivity=0.3|base_epsilon=0.1|gamma=0.9|max_epsilon=0.5,28,109.40162499707391
shift,0,AdaptiveEpsilonGreedy,anomaly_sensitivity=0.3|base_epsilon=0.1|gamma=0.9|max_epsilon=0.5,29,120.24592775451036
shift,0,AdaptiveEpsilonGreedy,anomaly_sensitivity=0.3|base_epsilon=0.1|gamma=0.9|max_epsilon=0.5,30,129.67760587605295
shift,0,AdaptiveEpsilonGreedy,anomaly_sensitivity=0.3|base_epsilon=0.1|gamma=0.9|max_epsilon=0.5,31,131.6932808655839
shift,0,AdaptiveEpsilonGreedy,anomaly_sensitivity=0.3|base_epsilon=0.1|gamma=0.9|max_epsilon=0.5,32,146.79469890805254
shift,0,AdaptiveEpsilonGreedy,anomaly_sensitivity=0.3|base_epsilon=0.1|gamma=0.9|max_epsilon=0.5,33,149.79157569667794
shift,0,AdaptiveEpsilonGreedy,anomaly_sensitivity=0.3|base_epsilon=0.1|gamma=0.9|max_epsilon=0.5,34,158.1299847605886
shift,0,AdaptiveEpsilonGreedy,anomaly_sensitivity=0.3|base_epsilon=0.1|gamma=0.9|max_epsilon=0.5,35,159.8397753595737
shift,0,AdaptiveEpsilonGreedy,anomaly_sensitivity=0.3|base_epsilon=0.1|gamma=0.9|max_epsilon=0.5,36,168.30406291878012
shift,0,AdaptiveEpsilonGreedy,anomaly_sensitivity=0.3|base_epsilon=0.1|gamma=0.9|max_epsilon=0.5,37,175.0109652898023
shift,0,AdaptiveEpsilonGreedy,anomaly_sensitivity=0.3|base_epsilon=0.1|gamma=0.9|max_epsilon=0.5,38,189.9557779264976
shift,0,AdaptiveEpsilonGreedy,anomaly_sensitivity=0.3|base_epsilon=0.1|gamma=0.9|max_epsilon=0.5,39,189.9557779264976
shift,0,AdaptiveEpsilonGreedy,anomaly_sensitivity=0.3|base_epsilon=0.1|gamma=0.9|max_epsilon=0.5,40,189.9557779264976
shift,0,AdaptiveEpsilonGreedy,anomaly_sensitivity=0.3|base_epsilon=0.1|gamma=0.9|max_epsilon=0.5,41,192.46943254233872
shift,0,AdaptiveEpsilonGreedy,anomaly_sensitivity=0.3|base_epsilon=0.1|gamma=0.9|max_epsilon=0.5,42,197.02807407418842
shift,0,AdaptiveEpsilonGreedy,anomaly_sensitivity=0.3|base_epsilon=0.1|gamma=0.9|max_epsilon=0.5,43,206.90344131095216
shift,0,AdaptiveEpsilonGreedy,anomaly_sensitivity=0.3|base_epsilon=0.1|gamma=0.9|max_epsilon=0.5,44,206.90344131095216
shift,0,AdaptiveEpsilonGreedy,anomaly_sensitivity=0.3|base_epsilon=0.1|gamma=0.9|max_epsilon=0.5,45,208.9118261160233
shift,0,AdaptiveEpsilonGreedy,anomaly_sensitivity=0.3|base_epsilon=0.1|gamma=0.9|max_epsilon=0.5,46,219.83499259730164
shift,0,AdaptiveEpsilonGreedy,anomaly_sensitivity=0.3|base_epsilon=0.1|gamma=0.9|max_epsilon=0.5,47,222.15666743003024
shift,0,AdaptiveEpsilonGreedy,anomaly_sensitivity=0.3|base_epsilon=0.1|gamma=0.9|max_epsilon=0.5,48,222.15666743003024
shift,0,AdaptiveEpsilonGreedy,anomaly_sensitivity=0.3|base_epsilon=0.1|gamma=0.9|max_epsilon=0.5,49,230.8713329805109
shift,0,AdaptiveEpsilonGreedy,anomaly_sensitivity=0.3|base_epsilon=0.1|gamma=0.9|max_epsilon=0.5,50,230.8713329805109
shift,0,AdaptiveEpsilonGreedy,anomaly_sensitivity=0.3|base_epsilon=0.1|gamma=0.9|max_epsilon=0.5,51,240.77898550740758
shift,0,AdaptiveEpsilonGreedy,anomaly_sensitivity=0.3|base_epsilon=0.1|gamma=0.9|max_epsilon=0.5,52,240.77898550740758
shift,0,AdaptiveEpsilonGreedy,anomaly_sensitivity=0.3|base_epsilon=0.1|gamma=0.9|max_epsilon=0.5,53,242.7445739920564
shift,0,AdaptiveEpsilonGreedy,anomaly_sensitivity=0.3|base_epsilon=0.1|gamma=0.9|max_epsilon=0.5,54,242.7445739920564
shift,0,AdaptiveEpsilonGreedy,anomaly_sensitivity=0.3|base_epsilon=0.1|gamma=0.9|max_epsilon=0.5,55,244.03287580358796
shift,0,AdaptiveEpsilonGreedy,anomaly_sensitivity=0.3|base_epsilon=0.1|gamma=0.9|max_epsilon=0.5,56,244.03287580358796
shift,0,AdaptiveEpsilonGreedy,anomaly_sensitivity=0.3|base_epsilon=0.1|gamma=0.9|max_epsilon=0.5,57,244.03287580358796
shift,0,AdaptiveEpsilonGreedy,anomaly_sensitivity=0.3|base_epsilon=0.1|gamma=0.9|max_epsilon=0.5,58,244.03287580358796
shift,0,AdaptiveEpsilonGreedy,anomaly_sensitivity=0.3|base_epsilon=0.1|gamma=0.9|max_epsilon=0.5,59,251.90967661959965
shift,0,AdaptiveEpsilonGreedy,anomaly_sensitivity=0.3|base_epsilon=0.1|gamma=0.9|max_epsilon=0.5,60,262.70906441884784
shift,0,AdaptiveEpsilonGreedy,anomaly_sensitivity=0.3|base_epsilon=0.1|gamma=0.9|max_epsilon=0.5,61,262.70906441884784
shift,0,AdaptiveEpsilonGreedy,anomaly_sensitivity=0.3|base_epsilon=0.1|gamma=0.9|max_epsilon=0.5,62,263.4007053649075
shift,0,AdaptiveEpsilonGreedy,anomaly_sensitivity=0.3|base_epsilon=0.1|gamma=0.9|max_epsilon=0.5,63,270.03481144892663
shift,0,AdaptiveEpsilonGreedy,anomaly_sensitivity=0.3|base_epsilon=0.1|gamma=0.9|max_epsilon=0.5,64,278.16116147745197
shift,0,AdaptiveEpsilonGreedy,anomaly_sensitivity=0.3|base_epsilon=0.1|gamma=0.9|max_epsilon=0.5,65,287.76209948172334
shift,0,AdaptiveEpsilonGreedy,anomaly_sensitivity=0.3|base_epsilon=0.1|gamma=0.9|max_epsilon=0.5,66,290.06185250867975
shift,0,AdaptiveEpsilonGreedy,anomaly_sensitivity=0.3|base_epsilon=0.1|gamma=0.9|max_epsilon=0.5,67,299.67350328868434
shift,0,AdaptiveEpsilonGreedy,anomaly_sensitivity=0.3|base_epsilon=0.1|gamma=0.9|max_epsilon=0.5,68,308.7775768444591
shift,0,AdaptiveEpsilonGreedy,anomaly_sensitivity=0.3|base_epsilon=0.1|gamma=0.9|max_epsilon=0.5,69,310.0114116173411
shift,0,AdaptiveEpsilonGreedy,anomaly_sensitivity=0.3|base_epsilon=0.1|gamma=0.9|max_epsilon=0.5,70,311.4752803909318
shift,0,AdaptiveEpsilonGreedy,anomaly_sensitivity=0.3|base_epsilon=0.1|gamma=0.9|max_epsilon=0.5,71,320.27714973686415
shift,0,AdaptiveEpsilonGreedy,anomaly_sensitivity=0.3|base_epsilon=0.1|gamma=0.9|max_epsilon=0.5,72,320.27714973686415
shift,0,AdaptiveEpsilonGreedy,anomaly_sensitivity=0.3|base_epsilon=0.1|gamma=0.9|max_epsilon=0.5,73,333.8323653128775
shift,0,AdaptiveEpsilonGreedy,anomaly_sensitivity=0.3|base_epsilon=0.1|gamma=0.9|max_epsilon=0.5,74,342.88732616259966
shift,0,AdaptiveEpsilonGreedy,anomaly_sensitivity=0.3|base_epsilon=0.1|gamma=0.9|max_epsilon=0.5,75,349.7874937137034
shift,0,AdaptiveEpsilonGreedy,anomaly_sensitivity=0.3|base_epsilon=0.1|gamma=0.9|max_epsilon=0.5,76,357.3918812163307
shift,0,AdaptiveEpsilonGreedy,anomaly_sensitivity=0.3|base_epsilon=0.1|gamma=0.9|max_epsilon=0.5,77,359.3394919103516
shift,0,AdaptiveEpsilonGreedy,anomaly_sensitivity=0.3|base_epsilon=0.1|gamma=0.9|max_epsilon=0.5,78,359.3394919103516
shift,0,AdaptiveEpsilonGreedy,anomaly_sensitivity=0.3|base_epsilon=0.1|gamma=0.9|max_epsilon=0.5,79,374.6796655088354
shift,0,AdaptiveEpsilonGreedy,anomaly_sensitivity=0.3|base_epsilon=0.1|gamma=0.9|max_epsilon=0.5,80,380.73138692466057
shift,0,AdaptiveEpsilonGreedy,anomaly_sensitivity=0.3|base_epsilon=0.1|gamma=0.9|max_epsilon=0.5,81,380.73138692466057
shift,0,AdaptiveEpsilonGreedy,anomaly_sensitivity=0.3|base_epsilon=0.1|gamma=0.9|max_epsilon=0.5,82,383.46792024555737
shift,0,AdaptiveEpsilonGreedy,anomaly_sensitivity=0.3|base_epsilon=0.1|gamma=0.9|max_epsilon=0.5,83,383.53103487858925
shift,0,AdaptiveEpsilonGreedy,anomaly_sensitivity=0.3|base_epsilon=0.1|gamma=0.9|max_epsilon=0.5,84,383.92436628566594
shift,0,AdaptiveEpsilonGreedy,anomaly_sensitivity=0.3|base_epsilon=0.1|gamma=0.9|max_epsilon=0.5,85,384.2481029634319
shift,0,AdaptiveEpsilonGreedy,anomaly_sensitivity=0.3|base_epsilon=0.1|gamma=0.9|max_epsilon=0.5,86,384.40790987484854
shift,0,AdaptiveEpsilonGreedy,anomaly_sensitivity=0.3|base_epsilon=0.1|gamma=0.9|max_epsilon=0.5,87,384.5775126153344
shift,0,AdaptiveEpsilonGreedy,anomaly_sensitivity=0.3|base_epsilon=0.1|gamma=0.9|max_epsilon=0.5,88,384.8966635858835
shift,0,AdaptiveEpsilonGreedy,anomaly_sensitivity=0.3|base_epsilon=0.1|gamma=0.9|max_epsilon=0.5,89,385.0784060821646
shift,0,AdaptiveEpsilonGreedy,anomaly_sensitivity=0.3|base_epsilon=0.1|gamma=0.9|max_epsilon=0.5,90,385.1222676711815
shift,0,AdaptiveEpsilonGreedy,anomaly_sensitivity=0.3|base_epsilon=0.1|gamma=0.9|max_epsilon=0.5,91,385.29437967399366
shift,0,AdaptiveEpsilonGreedy,anomaly_sensitivity=0.3|base_epsilon=0.1|gamma=0.9|max_epsilon=0.5,92,385.5065851706377
shift,0,AdaptiveEpsilonGreedy,anomaly_sensitivity=0.3|base_epsilon=0.1|gamma=0.9|max_epsilon=0.5,93,385.58244034265283
shift,0,AdaptiveEpsilonGreedy,anomaly_sensitivity=0.3|base_epsilon=0.1|gamma=0.9|max_epsilon=0.5,94,385.7517249100622
shift,0,AdaptiveEpsilonGreedy,anomaly_sensitivity=0.3|base_epsilon=0.1|gamma=0.9|max_epsilon=0.5,95,385.85970882672757
shift,0,AdaptiveEpsilonGreedy,anomaly_sensitivity=0.3|base_epsilon=0.1|gamma=0.9|max_epsilon=0.5,96,385.9268740788254
shift,0,AdaptiveEpsilonGreedy,anomaly_sensitivity=0.3|base_epsilon=0.1|gamma=0.9|max_epsilon=0.5,97,386.11808810676274
shift,0,AdaptiveEpsilonGreedy,anomaly_sensitivity=0.3|base_epsilon=0.1|gamma=0.9|max_epsilon=0.5,98,386.2836559029214
shift,0,AdaptiveEpsilonGreedy,anomaly_sensitivity=0.3|base_epsilon=0.1|gamma=0.9|max_epsilon=0.5,99,386.3882832883425
shift,0,AdaptiveEpsilonGreedy,anomaly_sensitivity=0.5|base_epsilon=0.1|gamma=0.9|max_epsilon=0.5,0,7.5501255861716094
shift,0,AdaptiveEpsilonGreedy,anomaly_sensitivity=0.5|base_epsilon=0.1|gamma=0.9|max_epsilon=0.5,1,8.389168173254346
shift,0,AdaptiveEpsilonGreedy,anomaly_sensitivity=0.5|base_epsilon=0.1|gamma=0.9|max_epsilon=0.5,2,12.735192428153445
shift,0,AdaptiveEpsilonGreedy,anomaly_sensitivity=0.5|base_epsilon=0.1|gamma=0.9|max_epsilon=0.5,3,15.62911585770571
shift,0,AdaptiveEpsilonGreedy,anomaly_sensitivity=0.5|base_epsilon=0.1|gamma=0.9|max_epsilon=0.5,4,15.708413417049474
shift,0,AdaptiveEpsilonGreedy,anomaly_sensitivity=0.5|base_epsilon=0.1|gamma=0.9|max_epsilon=0.5,5,15.760586264410964
shift,0,AdaptiveEpsilonGreedy,anomaly_sensitivity=0.5|base_epsilon=0.1|gamma=0.9|max_epsilon=0.5,6,17.256389668102003
shift,0,AdaptiveEpsilonGreedy,anomaly_sensitivity=0.5|base_epsilon=0.1|gamma=0.9|max_epsilon=0.5,7,17.256389668102003
shift,0,AdaptiveEpsilonGreedy,anomaly_sensitivity=0.5|base_epsilon=0.1|gamma=0.9|max_epsilon=0.5,8,17.460144465413567
shift,0,AdaptiveEpsilonGreedy,anomaly_sensitivity=0.5|base_epsilon=0.1|gamma=0.9|max_epsilon=0.5,9,18.098377220450075
shift,0,AdaptiveEpsilonGreedy,anomaly_sensitivity=0.5|base_epsilon=0.1|gamma=0.9|max_epsilon=0.5,10,18.57625119815731
shift,0,AdaptiveEpsilonGreedy,anomaly_sensitivity=0.5|base_epsilon=0.1|gamma=0.9|max_epsilon=0.5,11,18.863796317819343
shift,0,AdaptiveEpsilonGreedy,anomaly_sensitivity=0.5|base_epsilon=0.1|gamma=0.9|max_epsilon=0.5,12,19.11041453372171
shift,0,AdaptiveEpsilonGreedy,anomaly_sensitivity=0.5|base_epsilon=0.1|gamma=0.9|max_epsilon=0.5,13,19.11041453372171
shift,0,AdaptiveEpsilonGreedy,anomaly_sensitivity=0.5|base_epsilon=0.1|gamma=0.9|max_epsilon=0.5,14,19.422241051958657
shift,0,AdaptiveEpsilonGreedy,anomaly_sensitivity=0.5|base_epsilon=0.1|gamma=0.9|max_epsilon=0.5,15,19.451854129083962
shift,0,AdaptiveEpsilonGreedy,anomaly_sensitivity=0.5|base_epsilon=0.1|gamma=0.9|max_epsilon=0.5,16,19.67533457055559
shift,0,AdaptiveEpsilonGreedy,anomaly_sensitivity=0.5|base_epsilon=0.1|gamma=0.9|max_epsilon=0.5,17,20.090352509958233
shift,0,AdaptiveEpsilonGreedy,anomaly_sensitivity=0.5|base_epsilon=0.1|gamma=0.9|max_epsilon=0.5,18,20.443957117186674
shift,0,AdaptiveEpsilonGreedy,anomaly_sensitivity=0.5|base_epsilon=0.1|gamma=0.9|max_epsilon=0.5,19,20.700840508348854
shift,0,AdaptiveEpsilonGreedy,anomaly_sensitivity=0.5|base_epsilon=0.1|gamma=0.9|max_epsilon=0.5,20,35.68193850973498
shift,0,AdaptiveEpsilonGreedy,anomaly_sensitivity=0.5|base_epsilon=0.1|gamma=0.9|max_epsilon=0.5,21,44.17870073637127
shift,0,AdaptiveEpsilonGreedy,anomaly_sensitivity=0.5|base_epsilon=0.1|gamma=0.9|max_epsilon=0.5,22,51.00096227553402
shift,0,AdaptiveEpsilonGreedy,anomaly_sensitivity=0.5|base_epsilon=0.1|gamma=0.9|max_epsilon=0.5,23,59.88015517609098
shift,0,AdaptiveEpsilonGreedy,anomaly_sensitivity=0.5|base_epsilon=0.1|gamma=0.9|max_epsilon=0.5,24,62.82480992087866
shift,0,AdaptiveEpsilonGreedy,anomaly_sensitivity=0.5|base_epsilon=0.1|gamma=0.9|max_epsilon=0.5,25,76.93393593359244
shift,0,AdaptiveEpsilonGreedy,anomaly_sensitivity=0.5|base_epsilon=0.1|gamma=0.9|max_epsilon=0.5,26,90.94580029888566
shift,0,AdaptiveEpsilonGreedy,anomaly_sensitivity=0.5|base_epsilon=0.1|gamma=0.9|max_epsilon=0.5,27,100.77281279359492
shift,0,AdaptiveEpsilonGreedy,anomaly_sensitivity=0.5|base_epsilon=0.1|gamma=0.9|max_epsilon=0.5,28,108.1307455610347
shift,0,AdaptiveEpsilonGreedy,anomaly_sensitivity=0.5|base_epsilon=0.1|gamma=0.9|max_epsilon=0.5,29,118.76528688557768
shift,0,AdaptiveEpsilonGreedy,anomaly_sensitivity=0.5|base_epsilon=0.1|gamma=0.9|max_epsilon=0.5,30,120.56037945009378
shift,0,AdaptiveEpsilonGreedy,anomaly_sensitivity=0.5|base_epsilon=0.1|gamma=0.9|max_epsilon=0.5,31,129.5822133425611
shift,0,AdaptiveEpsilonGreedy,anomaly_sensitivity=0.5|base_epsilon=0.1|gamma=0.9|max_epsilon=0.5,32,146.11406907177275
shift,0,AdaptiveEpsilonGreedy,anomaly_sensitivity=0.5|base_epsilon=0.1|gamma=0.9|max_epsilon=0.5,33,161.21402617281223
shift,0,AdaptiveEpsilonGreedy,anomaly_sensitivity=0.5|base_epsilon=0.1|gamma=0.9|max_epsilon=0.5,34,161.21402617281223
shift,0,AdaptiveEpsilonGreedy,anomaly_sensitivity=0.5|base_epsilon=0.1|gamma=0.9|max_epsilon=0.5,35,162.23750438310657
shift,0,AdaptiveEpsilonGreedy,anomaly_sensitivity=0.5|base_epsilon=0.1|gamma=0.9|max_epsilon=0.5,36,170.1167731006061
shift,0,AdaptiveEpsilonGreedy,anomaly_sensitivity=0.5|base_epsilon=0.1|gamma=0.9|max_epsilon=0.5,37,172.3582034612807
shift,0,AdaptiveEpsilonGreedy,anomaly_sensitivity=0.5|base_epsilon=0.1|gamma=0.9|max_epsilon=0.5,38,187.739319390518
shift,0,AdaptiveEpsilonGreedy,anomaly_sensitivity=0.5|base_epsilon=0.1|gamma=0.9|max_epsilon=0.5,39,200.27209310067005
shift,0,AdaptiveEpsilonGreedy,anomaly_sensitivity=0.5|base_epsilon=0.1|gamma=0.9|max_epsilon=0.5,40,214.55475193413957
shift,0,AdaptiveEpsilonGreedy,anomaly_sensitivity=0.5|base_epsilon=0.1|gamma=0.9|max_epsilon=0.5,41,214.55475193413957
shift,0,AdaptiveEpsilonGreedy,anomaly_sensitivity=0.5|base_epsilon=0.1|gamma=0.9|max_epsilon=0.5,42,218.7579239256333
shift,0,AdaptiveEpsilonGreedy,anomaly_sensitivity=0.5|base_epsilon=0.1|gamma=0.9|max_epsilon=0.5,43,227.2942568606671
shift,0,AdaptiveEpsilonGreedy,anomaly_sensitivity=0.5|base_epsilon=0.1|gamma=0.9|max_epsilon=0.5,44,227.2942568606671
shift,0,AdaptiveEpsilonGreedy,anomaly_sensitivity=0.5|base_epsilon=0.1|gamma=0.9|max_epsilon=0.5,45,235.0814930321042
shift,0,AdaptiveEpsilonGreedy,anomaly_sensitivity=0.5|base_epsilon=0.1|gamma=0.9|max_epsilon=0.5,46,237.34378377564937
shift,0,AdaptiveEpsilonGreedy,anomaly_sensitivity=0.5|base_epsilon=0.1|gamma=0.9|max_epsilon=0.5,47,237.34378377564937
shift,0,AdaptiveEpsilonGreedy,anomaly_sensitivity=0.5|base_epsilon=0.1|gamma=0.9|max_epsilon=0.5,48,240.03710347879726
shift,0,AdaptiveEpsilonGreedy,anomaly_sensitivity=0.5|base_epsilon=0.1|gamma=0.9|max_epsilon=0.5,49,250.25668055791144
shift,0,AdaptiveEpsilonGreedy,anomaly_sensitivity=0.5|base_epsilon=0.1|gamma=0.9|max_epsilon=0.5,50,257.29336522635003
shift,0,AdaptiveEpsilonGreedy,anomaly_sensitivity=0.5|base_epsilon=0.1|gamma=0.9|max_epsilon=0.5,51,267.41836740460724
shift,0,AdaptiveEpsilonGreedy,anomaly_sensitivity=0.5|base_epsilon=0.1|gamma=0.9|max_epsilon=0.5,52,267.41836740460724
shift,0,AdaptiveEpsilonGreedy,anomaly_sensitivity=0.5|base_epsilon=0.1|gamma=0.9|max_epsilon=0.5,53,268.38978244414074
shift,0,AdaptiveEpsilonGreedy,anomaly_sensitivity=0.5|base_epsilon=0.1|gamma=0.9|max_epsilon=0.5,54,268.38978244414074
shift,0,AdaptiveEpsilonGreedy,anomaly_sensitivity=0.5|base_epsilon=0.1|gamma=0.9|max_epsilon=0.5,55,272.7974557395645
shift,0,AdaptiveEpsilonGreedy,anomaly_sensitivity=0.5|base_epsilon=0.1|gamma=0.9|max_epsilon=0.5,56,278.86215677320905
shift,0,AdaptiveEpsilonGreedy,anomaly_sensitivity=0.5|base_epsilon=0.1|gamma=0.9|max_epsilon=0.5,57,280.2520058962071
shift,0,AdaptiveEpsilonGreedy,anomaly_sensitivity=0.5|base_epsilon=0.1|gamma=0.9|max_epsilon=0.5,58,290.2077765277059
shift,0,AdaptiveEpsilonGreedy,anomaly_sensitivity=0.5|base_epsilon=0.1|gamma=0.9|max_epsilon=0.5,59,290.2077765277059
shift,0,AdaptiveEpsilonGreedy,anomaly_sensitivity=0.5|base_epsilon=0.1|gamma=0.9|max_epsilon=0.5,60,290.2077765277059
shift,0,AdaptiveEpsilonGreedy,anomaly_sensitivity=0.5|base_epsilon=0.1|gamma=0.9|max_epsilon=0.5,61,303.04183446359673
shift,0,AdaptiveEpsilonGreedy,anomaly_sensitivity=0.5|base_epsilon=0.1|gamma=0.9|max_epsilon=0.5,62,303.30590136225544
shift,0,AdaptiveEpsilonGreedy,anomaly_sensitivity=0.5|base_epsilon=0.1|gamma=0.9|max_epsilon=0.5,63,309.62253352794033
shift,0,AdaptiveEpsilonGreedy,anomaly_sensitivity=0.5|base_epsilon=0.1|gamma=0.9|max_epsilon=0.5,64,317.43044310672843
shift,0,AdaptiveEpsilonGreedy,anomaly_sensitivity=0.5|base_epsilon=0.1|gamma=0.9|max_epsilon=0.5,65,327.8310437553961
shift,0,AdaptiveEpsilonGreedy,anomaly_sensitivity=0.5|base_epsilon=0.1|gamma=0.9|max_epsilon=0.5,66,331.57211243158935
shift,0,AdaptiveEpsilonGreedy,anomaly_sensitivity=0.5|base_epsilon=0.1|gamma=0.9|max_epsilon=0.5,67,344.05921448525163
shift,0,AdaptiveEpsilonGreedy,anomaly_sensitivity=0.5|base_epsilon=0.1|gamma=0.9|max_epsilon=0.5,68,351.86122651675447
shift,0,AdaptiveEpsilonGreedy,anomaly_sensitivity=0.5|base_epsilon=0.1|gamma=0.9|max_epsilon=0.5,69,351.86122651675447
shift,0,AdaptiveEpsilonGreedy,anomaly_sensitivity=0.5|base_epsilon=0.1|gamma=0.9|max_epsilon=0.5,70,352.70000806918017
shift,0,AdaptiveEpsilonGreedy,anomaly_sensitivity=0.5|base_epsilon=0.1|gamma=0.9|max_epsilon=0.5,71,361.5033747942931
shift,0,AdaptiveEpsilonGreedy,anomaly_sensitivity=0.5|base_epsilon=0.1|gamma=0.9|max_epsilon=0.5,72,374.198585338337
shift,0,AdaptiveEpsilonGreedy,anomaly_sensitivity=0.5|base_epsilon=0.1|gamma=0.9|max_epsilon=0.5,73,377.35842702294747
shift,0,AdaptiveEpsilonGreedy,anomaly_sensitivity=0.5|base_epsilon=0.1|gamma=0.9|max_epsilon=0.5,74,377.35842702294747
shift,0,AdaptiveEpsilonGreedy,anomaly_sensitivity=0.5|base_epsilon=0.1|gamma=0.9|max_epsilon=0.5,75,377.98602453776607
shift,0,AdaptiveEpsilonGreedy,anomaly_sensitivity=0.5|base_epsilon=0.1|gamma=0.9|max_epsilon=0.5,76,377.98602453776607
shift,0,AdaptiveEpsilonGreedy,anomaly_sensitivity=0.5|base_epsilon=0.1|gamma=0.9|max_epsilon=0.5,77,388.1281547699071
shift,0,AdaptiveEpsilonGreedy,anomaly_sensitivity=0.5|base_epsilon=0.1|gamma=0.9|max_epsilon=0.5,78,404.46152250995476
shift,0,AdaptiveEpsilonGreedy,anomaly_sensitivity=0.5|base_epsilon=0.1|gamma=0.9|max_epsilon=0.5,79,419.1207242273101
shift,0,AdaptiveEpsilonGreedy,anomaly_sensitivity=0.5|base_epsilon=0.1|gamma=0.9|max_epsilon=0.5,80,419.9994994028219
shift,0,AdaptiveEpsilonGreedy,anomaly_sensitivity=0.5|base_epsilon=0.1|gamma=0.9|max_epsilon=0.5,81,420.3996026228068
shift,0,AdaptiveEpsilonGreedy,anomaly_sensitivity=0.5|base_epsilon=0.1|gamma=0.9|max_epsilon=0.5,82,420.8434324808176
shift,0,AdaptiveEpsilonGreedy,anomaly_sensitivity=0.5|base_epsilon=0.1|gamma=0.9|max_epsilon=0.5,83,421.209066658627
shift,0,AdaptiveEpsilonGreedy,anomaly_sensitivity=0.5|base_epsilon=0.1|gamma=0.9|max_epsilon=0.5,84,421.7725948852731
shift,0,AdaptiveEpsilonGreedy,anomaly_sensitivity=0.5|base_epsilon=0.1|gamma=0.9|max_epsilon=0.5,85,422.57070187442525
shift,0,AdaptiveEpsilonGreedy,anomaly_sensitivity=0.5|base_epsilon=0.1|gamma=0.9|max_epsilon=0.5,86,423.2743895110399
shift,0,AdaptiveEpsilonGreedy,anomaly_sensitivity=0.5|base_epsilon=0.1|gamma=0.9|max_epsilon=0.5,87,423.95925659168466
shift,0,AdaptiveEpsilonGreedy,anomaly_sensitivity=0.5|base_epsilon=0.1|gamma=0.9|max_epsilon=0.5,88,424.69931937873827
shift,0,AdaptiveEpsilonGreedy,anomaly_sensitivity=0.5|base_epsilon=0.1|gamma=0.9|max_epsilon=0.5,89,425.5051098807695
shift,0,AdaptiveEpsilonGreedy,anomaly_sensitivity=0.5|base_epsilon=0.1|gamma=0.9|max_epsilon=0.5,90,425.89423316013983
shift,0,AdaptiveEpsilonGreedy,anomaly_sensitivity=0.5|base_epsilon=0.1|gamma=0.9|max_epsilon=0.5,91,426.6501117172738
shift,0,AdaptiveEpsilonGreedy,anomaly_sensitivity=0.5|base_epsilon=0.1|gamma=0.9|max_epsilon=0.5,92,427.57582579526905
shift,0,AdaptiveEpsilonGreedy,anomaly_sensitivity=0.5|base_epsilon=0.1|gamma=0.9|max_epsilon=0.5,93,428.11329421202146
shift,0,AdaptiveEpsilonGreedy,anomaly_sensitivity=0.5|base_epsilon=0.1|gamma=0.9|max_epsilon=0.5,94,428.11329421202146
shift,0,AdaptiveEpsilonGreedy,anomaly_sensitivity=0.5|base_epsilon=0.1|gamma=0.9|max_epsilon=0.5,95,428.2809505608278
shift,0,AdaptiveEpsilonGreedy,anomaly_sensitivity=0.5|base_epsilon=0.1|gamma=0.9|max_epsilon=0.5,96,428.7045980707577
shift,0,AdaptiveEpsilonGreedy,anomaly_sensitivity=0.5|base_epsilon=0.1|gamma=0.9|max_epsilon=0.5,97,428.7045980707577
shift,0,AdaptiveEpsilonGreedy,anomaly_sensitivity=0.5|base_epsilon=0.1|gamma=0.9|max_epsilon=0.5,98,428.81158239721805
shift,0,AdaptiveEpsilonGreedy,anomaly_sensitivity=0.5|base_epsilon=0.1|gamma=0.9|max_epsilon=0.5,99,429.36221554867166
shift,0,UCB,default,0,7.5501255861716094
shift,0,UCB,default,1,8.389168173254346
shift,0,UCB,default,2,10.839951146551321
shift,0,UCB,default,3,10.920909169752584
shift,0,UCB,default,4,13.807887995526979
shift,0,UCB,default,5,13.807887995526979
shift,0,UCB,default,6,13.860629224408834
shift,0,UCB,default,7,14.253495859606748
shift,0,UCB,default,8,14.579043043517721
shift,0,UCB,default,9,14.705286760869305
shift,0,UCB,default,10,14.705286760869305
shift,0,UCB,default,11,15.337381275876943
shift,0,UCB,default,12,15.577955830673154
shift,0,UCB,default,13,16.23444848542824
shift,0,UCB,default,14,16.916057414925238
shift,0,UCB,default,15,17.00840610640232
shift,0,UCB,default,16,17.200845643240097
shift,0,UCB,default,17,17.35983722742831
shift,0,UCB,default,18,17.429670638902635
shift,0,UCB,default,19,17.498262801452764
shift,0,UCB,default,20,32.47936080283888
shift,0,UCB,default,21,41.35686140265301
shift,0,UCB,default,22,48.23703589420836
shift,0,UCB,default,23,55.31657108648048
shift,0,UCB,default,24,65.55494250629673
shift,0,UCB,default,25,82.01284097644583
shift,0,UCB,default,26,94.7281411407311
shift,0,UCB,default,27,104.49338390293542
shift,0,UCB,default,28,113.36895716554342
shift,0,UCB,default,29,114.91416643139907
shift,0,UCB,default,30,117.92214918628373
shift,0,UCB,default,31,117.92214918628373
shift,0,UCB,default,32,131.30268897420703
shift,0,UCB,default,33,146.3804966819912
shift,0,UCB,default,34,155.41250830708876
shift,0,UCB,default,35,156.43598651738307
shift,0,UCB,default,36,164.3152552348826
shift,0,UCB,default,37,172.533505451769
shift,0,UCB,default,38,177.17156879250425
shift,0,UCB,default,39,177.17156879250425
shift,0,UCB,default,40,190.5446179743237
shift,0,UCB,default,41,192.00453697549668
shift,0,UCB,default,42,192.5529167812824
shift,0,UCB,default,43,193.8942409498691
shift,0,UCB,default,44,195.16189252566977
shift,0,UCB,default,45,196.15578620184291
shift,0,UCB,default,46,198.4180769453881
shift,0,UCB,default,47,199.45384930416384
shift,0,UCB,default,48,200.84302713282938
shift,0,UCB,default,49,202.50242768077388
shift,0,UCB,default,50,203.65363645167406
shift,0,UCB,default,51,205.10597840659653
shift,0,UCB,default,52,207.06463591564452
shift,0,UCB,default,53,208.03605095517798
shift,0,UCB,default,54,208.71470102609467
shift,0,UCB,default,55,209.35396794134775
shift,0,UCB,default,56,210.16612276693786
shift,0,UCB,default,57,210.7269929746692
shift,0,UCB,default,58,212.78912570445289
shift,0,UCB,default,59,213.93607082388672
shift,0,UCB,default,60,216.47849546352103
shift,0,UCB,default,61,218.67267840167145
shift,0,UCB,default,62,218.9367453003302
shift,0,UCB,default,63,219.73882008301197
shift,0,UCB,default,64,220.76498789481403
shift,0,UCB,default,65,221.9960805629231
shift,0,UCB,default,66,224.29583358987952
shift,0,UCB,default,67,226.225605291306
shift,0,UCB,default,68,226.99054990134545
shift,0,UCB,default,69,226.99054990134545
shift,0,UCB,default,70,227.82933145377118
shift,0,UCB,default,71,229.07818925046294
shift,0,UCB,default,72,230.95247870746277
shift,0,UCB,default,73,232.55447241572378
shift,0,UCB,default,74,233.84625532938514
shift,0,UCB,default,75,241.62857825116183
shift,0,UCB,default,76,242.51479612632664
shift,0,UCB,default,77,244.46240682034755
shift,0,UCB,default,78,247.58672249927704
shift,0,UCB,default,79,247.58672249927704
shift,0,UCB,default,80,247.79783885736586
shift,0,UCB,default,81,247.79783885736586
shift,0,UCB,default,82,247.96753220049328
shift,0,UCB,default,83,248.0306468335252
shift,0,UCB,default,84,248.11604419527697
shift,0,UCB,default,85,248.4397808730429
shift,0,UCB,default,86,248.59958778445952
shift,0,UCB,default,87,248.7691905249454
shift,0,UCB,default,88,249.08834149549452
shift,0,UCB,default,89,249.27008399177558
shift,0,UCB,default,90,249.31394558079248
shift,0,UCB,default,91,249.48605758360466
shift,0,UCB,default,92,249.69826308024875
shift,0,UCB,default,93,249.77411825226386
shift,0,UCB,default,94,249.9434028196732
shift,0,UCB,default,95,250.05138673633857
shift,0,UCB,default,96,250.11855198843637
shift,0,UCB,default,97,250.30976601637371
shift,0,UCB,default,98,250.49742723845713
shift,0,UCB,default,99,250.60205462387827
shift,0,Random,default,0,0.0
shift,0,Random,default,1,0.07447492768722253
shift,0,Random,default,2,0.13267243990116473
shift,0,Random,default,3,0.3322763995084852
shift,0,Random,default,4,0.6352050092189039
shift,0,Random,default,5,3.336091643626732
shift,0,Random,default,6,5.806298410003428
shift,0,Random,default,7,5.806536508904127
shift,0,Random,default,8,8.406341208240736
shift,0,Random,default,9,13.203183259693201
shift,0,Random,default,10,13.395559540805294
shift,0,Random,default,11,20.259652431171546
shift,0,Random,default,12,20.30596605798546
shift,0,Random,default,13,20.399988180680594
shift,0,Random,default,14,23.660062172387526
shift,0,Random,default,15,23.90671040722041
shift,0,Random,default,16,23.985579750475637
shift,0,Random,default,17,24.11573628648327
shift,0,Random,default,18,27.360852206018173
shift,0,Random,default,19,27.617735597180353
shift,0,Random,default,20,42.004456573604166
shift,0,Random,default,21,42.74352071698664
shift,0,Random,default,22,43.43004390748632
shift,0,Random,default,23,46.00910909052591
shift,0,Random,default,24,55.69356065190234
shift,0,Random,default,25,72.15145912205145
shift,0,Random,default,26,85.51208042936666
shift,0,Random,default,27,95.33909292407593
shift,0,Random,default,28,105.59790150115153
shift,0,Random,default,29,108.4694727043611
shift,0,Random,default,30,116.13362953461524
shift,0,Random,default,31,119.3432741824193
shift,0,Random,default,32,135.87512991163095
shift,0,Random,default,33,140.58168502819038
shift,0,Random,default,34,148.987487430989
shift,0,Random,default,35,155.55544121429278
shift,0,Random,default,36,156.71294679247086
shift,0,Random,default,37,164.93119700935725
shift,0,Random,default,38,180.56852534843156
shift,0,Random,default,39,196.06999811351213
shift,0,Random,default,40,198.0425443086991
shift,0,Random,default,41,199.50246330987207
shift,0,Random,default,42,199.50246330987207
shift,0,Random,default,43,208.91682360848367
shift,0,Random,default,44,208.91682360848367
shift,0,Random,default,45,210.9252084135548
shift,0,Random,default,46,223.68437866740715
shift,0,Random,default,47,224.7201510261829
shift,0,Random,default,48,236.75823657637446
shift,0,Random,default,49,247.03648350925155
shift,0,Random,default,50,255.46516441582247
shift,0,Random,default,51,265.37281694271917
shift,0,Random,default,52,279.0942146843717
shift,0,Random,default,53,288.21426465353466
shift,0,Random,default,54,295.3923884634822
shift,0,Random,default,55,296.6806902750138
shift,0,Random,default,56,303.22157836040606
shift,0,Random,default,57,309.7984648150178
shift,0,Random,default,58,322.26496599493373
shift,0,Random,default,59,330.14176681094546
shift,0,Random,default,60,330.14176681094546
shift,0,Random,default,61,343.990224808706
shift,0,Random,default,62,344.6818657547656
shift,0,Random,default,63,346.13799139236465
shift,0,Random,default,64,354.97197599107244
shift,0,Random,default,65,357.57082328051547
shift,0,Random,default,66,361.31189195670873
shift,0,Random,default,67,373.365701608874
shift,0,Random,default,68,381.99998280727635
shift,0,Random,default,69,382.6181109009347
shift,0,Random,default,70,389.04229335182623
shift,0,Random,default,71,395.6685316919202
shift,0,Random,default,72,397.54282114892
shift,0,Random,default,73,411.37828400140455
shift,0,Random,default,74,418.9819877102834
shift,0,Random,default,75,418.9819877102834
shift,0,Random,default,76,425.94044464756064
shift,0,Random,default,77,435.9705402751254
shift,0,Random,default,78,452.5334987200309
shift,0,Random,default,79,468.10505249802503
shift,0,Random,default,80,470.8509951557708
shift,0,Random,default,81,470.96520033743815
shift,0,Random,default,82,472.78819953109195
shift,0,Random,default,83,472.78819953109195
shift,0,Random,default,84,473.18153093816863
shift,0,Random,default,85,477.0958596828659
shift,0,Random,default,86,477.34813327857603
shift,0,Random,default,87,477.5177360190619
shift,0,Random,default,88,477.836886989611
shift,0,Random,default,89,484.82100214198874
shift,0,Random,default,90,485.21012542135907
shift,0,Random,default,91,491.91093027470583
shift,0,Random,default,92,492.0464292328643
shift,0,Random,default,93,495.4144131122077
shift,0,Random,default,94,498.0337666285469
shift,0,Random,default,95,498.2014229773533
shift,0,Random,default,96,499.33362900446093
shift,0,Random,default,97,505.85738705729585
shift,0,Random,default,98,506.41974444929303
shift,0,Random,default,99,506.48477750191535
shift,0,LinUCB_Vanilla,alpha=0.1|lambda_reg=50|use_momentum=False,0,7.5501255861716094
shift,0,LinUCB_Vanilla,alpha=0.1|lambda_reg=50|use_momentum=False,1,8.389168173254346
shift,0,LinUCB_Vanilla,alpha=0.1|lambda_reg=50|use_momentum=False,2,10.839951146551321
shift,0,LinUCB_Vanilla,alpha=0.1|lambda_reg=50|use_momentum=False,3,10.920909169752584
shift,0,LinUCB_Vanilla,alpha=0.1|lambda_reg=50|use_momentum=False,4,13.807887995526979
shift,0,LinUCB_Vanilla,alpha=0.1|lambda_reg=50|use_momentum=False,5,13.807887995526979
shift,0,LinUCB_Vanilla,alpha=0.1|lambda_reg=50|use_momentum=False,6,13.860629224408834
shift,0,LinUCB_Vanilla,alpha=0.1|lambda_reg=50|use_momentum=False,7,14.253495859606748
shift,0,LinUCB_Vanilla,alpha=0.1|lambda_reg=50|use_momentum=False,8,14.579043043517721
shift,0,LinUCB_Vanilla,alpha=0.1|lambda_reg=50|use_momentum=False,9,14.705286760869305
shift,0,LinUCB_Vanilla,alpha=0.1|lambda_reg=50|use_momentum=False,10,14.705286760869305
shift,0,LinUCB_Vanilla,alpha=0.1|lambda_reg=50|use_momentum=False,11,15.337381275876943
shift,0,LinUCB_Vanilla,alpha=0.1|lambda_reg=50|use_momentum=False,12,15.577955830673154
shift,0,LinUCB_Vanilla,alpha=0.1|lambda_reg=50|use_momentum=False,13,16.229235775736587
shift,0,LinUCB_Vanilla,alpha=0.1|lambda_reg=50|use_momentum=False,14,16.746800458475963
shift,0,LinUCB_Vanilla,alpha=0.1|lambda_reg=50|use_momentum=False,15,16.839149149953045
shift,0,LinUCB_Vanilla,alpha=0.1|lambda_reg=50|use_momentum=False,16,16.994880824676066
shift,0,LinUCB_Vanilla,alpha=0.1|lambda_reg=50|use_momentum=False,17,17.07009006795262
shift,0,LinUCB_Vanilla,alpha=0.1|lambda_reg=50|use_momentum=False,18,17.356497974712514
shift,0,LinUCB_Vanilla,alpha=0.1|lambda_reg=50|use_momentum=False,19,17.497896728219086
shift,0,LinUCB_Vanilla,alpha=0.1|lambda_reg=50|use_momentum=False,20,27.4291548302305
shift,0,LinUCB_Vanilla,alpha=0.1|lambda_reg=50|use_momentum=False,21,36.499566914843015
shift,0,LinUCB_Vanilla,alpha=0.1|lambda_reg=50|use_momentum=False,22,43.37974140639837
shift,0,LinUCB_Vanilla,alpha=0.1|lambda_reg=50|use_momentum=False,23,53.27213608275856
shift,0,LinUCB_Vanilla,alpha=0.1|lambda_reg=50|use_momentum=False,24,62.89081332394454
shift,0,LinUCB_Vanilla,alpha=0.1|lambda_reg=50|use_momentum=False,25,78.57481416348743
shift,0,LinUCB_Vanilla,alpha=0.1|lambda_reg=50|use_momentum=False,26,90.56641710941129
shift,0,LinUCB_Vanilla,alpha=0.1|lambda_reg=50|use_momentum=False,27,99.47232862944163
shift,0,LinUCB_Vanilla,alpha=0.1|lambda_reg=50|use_momentum=False,28,109.73113720651723
shift,0,LinUCB_Vanilla,alpha=0.1|lambda_reg=50|use_momentum=False,29,111.27634647237288
shift,0,LinUCB_Vanilla,alpha=0.1|lambda_reg=50|use_momentum=False,30,114.28432922725754
shift,0,LinUCB_Vanilla,alpha=0.1|lambda_reg=50|use_momentum=False,31,114.28432922725754
shift,0,LinUCB_Vanilla,alpha=0.1|lambda_reg=50|use_momentum=False,32,127.66486901518084
shift,0,LinUCB_Vanilla,alpha=0.1|lambda_reg=50|use_momentum=False,33,127.66486901518084
shift,0,LinUCB_Vanilla,alpha=0.1|lambda_reg=50|use_momentum=False,34,129.22146225111837
shift,0,LinUCB_Vanilla,alpha=0.1|lambda_reg=50|use_momentum=False,35,130.24494046141268
shift,0,LinUCB_Vanilla,alpha=0.1|lambda_reg=50|use_momentum=False,36,137.61587231710783
shift,0,LinUCB_Vanilla,alpha=0.1|lambda_reg=50|use_momentum=False,37,144.48946338512312
shift,0,LinUCB_Vanilla,alpha=0.1|lambda_reg=50|use_momentum=False,38,158.6871686956992
shift,0,LinUCB_Vanilla,alpha=0.1|lambda_reg=50|use_momentum=False,39,174.81796300894428
shift,0,LinUCB_Vanilla,alpha=0.1|lambda_reg=50|use_momentum=False,40,189.10062184241377
shift,0,LinUCB_Vanilla,alpha=0.1|lambda_reg=50|use_momentum=False,41,198.76308765888183
shift,0,LinUCB_Vanilla,alpha=0.1|lambda_reg=50|use_momentum=False,42,203.41712059253666
shift,0,LinUCB_Vanilla,alpha=0.1|lambda_reg=50|use_momentum=False,43,212.39606543166795
shift,0,LinUCB_Vanilla,alpha=0.1|lambda_reg=50|use_momentum=False,44,213.66371700746862
shift,0,LinUCB_Vanilla,alpha=0.1|lambda_reg=50|use_momentum=False,45,213.66371700746862
shift,0,LinUCB_Vanilla,alpha=0.1|lambda_reg=50|use_momentum=False,46,217.8211319825939
shift,0,LinUCB_Vanilla,alpha=0.1|lambda_reg=50|use_momentum=False,47,217.8211319825939
shift,0,LinUCB_Vanilla,alpha=0.1|lambda_reg=50|use_momentum=False,48,228.68346276135878
shift,0,LinUCB_Vanilla,alpha=0.1|lambda_reg=50|use_momentum=False,49,228.68346276135878
shift,0,LinUCB_Vanilla,alpha=0.1|lambda_reg=50|use_momentum=False,50,229.83467153225897
shift,0,LinUCB_Vanilla,alpha=0.1|lambda_reg=50|use_momentum=False,51,231.28701348718144
shift,0,LinUCB_Vanilla,alpha=0.1|lambda_reg=50|use_momentum=False,52,244.49858203874442
shift,0,LinUCB_Vanilla,alpha=0.1|lambda_reg=50|use_momentum=False,53,251.01060004382825
shift,0,LinUCB_Vanilla,alpha=0.1|lambda_reg=50|use_momentum=False,54,257.84762186717467
shift,0,LinUCB_Vanilla,alpha=0.1|lambda_reg=50|use_momentum=False,55,257.84762186717467
shift,0,LinUCB_Vanilla,alpha=0.1|lambda_reg=50|use_momentum=False,56,257.84762186717467
shift,0,LinUCB_Vanilla,alpha=0.1|lambda_reg=50|use_momentum=False,57,257.84762186717467
shift,0,LinUCB_Vanilla,alpha=0.1|lambda_reg=50|use_momentum=False,58,257.84762186717467
shift,0,LinUCB_Vanilla,alpha=0.1|lambda_reg=50|use_momentum=False,59,257.84762186717467
shift,0,LinUCB_Vanilla,alpha=0.1|lambda_reg=50|use_momentum=False,60,257.84762186717467
shift,0,LinUCB_Vanilla,alpha=0.1|lambda_reg=50|use_momentum=False,61,260.04180480532506
shift,0,LinUCB_Vanilla,alpha=0.1|lambda_reg=50|use_momentum=False,62,265.6101258899479
shift,0,LinUCB_Vanilla,alpha=0.1|lambda_reg=50|use_momentum=False,63,267.0662515275469
shift,0,LinUCB_Vanilla,alpha=0.1|lambda_reg=50|use_momentum=False,64,267.0662515275469
shift,0,LinUCB_Vanilla,alpha=0.1|lambda_reg=50|use_momentum=False,65,277.40494772824
shift,0,LinUCB_Vanilla,alpha=0.1|lambda_reg=50|use_momentum=False,66,287.86444241939546
shift,0,LinUCB_Vanilla,alpha=0.1|lambda_reg=50|use_momentum=False,67,289.79421412082195
shift,0,LinUCB_Vanilla,alpha=0.1|lambda_reg=50|use_momentum=False,68,297.9334132740809
shift,0,LinUCB_Vanilla,alpha=0.1|lambda_reg=50|use_momentum=False,69,304.14968143138105
shift,0,LinUCB_Vanilla,alpha=0.1|lambda_reg=50|use_momentum=False,70,310.2028815669171
shift,0,LinUCB_Vanilla,alpha=0.1|lambda_reg=50|use_momentum=False,71,310.2028815669171
shift,0,LinUCB_Vanilla,alpha=0.1|lambda_reg=50|use_momentum=False,72,322.898092110961
shift,0,LinUCB_Vanilla,alpha=0.1|lambda_reg=50|use_momentum=False,73,335.81768827164564
shift,0,LinUCB_Vanilla,alpha=0.1|lambda_reg=50|use_momentum=False,74,345.32806106654215
shift,0,LinUCB_Vanilla,alpha=0.1|lambda_reg=50|use_momentum=False,75,345.32806106654215
shift,0,LinUCB_Vanilla,alpha=0.1|lambda_reg=50|use_momentum=False,76,346.85383279535756
shift,0,LinUCB_Vanilla,alpha=0.1|lambda_reg=50|use_momentum=False,77,357.251477938284
shift,0,LinUCB_Vanilla,alpha=0.1|lambda_reg=50|use_momentum=False,78,360.3757936172135
shift,0,LinUCB_Vanilla,alpha=0.1|lambda_reg=50|use_momentum=False,79,364.6385842263891
shift,0,LinUCB_Vanilla,alpha=0.1|lambda_reg=50|use_momentum=False,80,364.7473913766268
shift,0,LinUCB_Vanilla,alpha=0.1|lambda_reg=50|use_momentum=False,81,364.96781190745776
shift,0,LinUCB_Vanilla,alpha=0.1|lambda_reg=50|use_momentum=False,82,364.96781190745776
shift,0,LinUCB_Vanilla,alpha=0.1|lambda_reg=50|use_momentum=False,83,365.1713071007109
shift,0,LinUCB_Vanilla,alpha=0.1|lambda_reg=50|use_momentum=False,84,365.3760545887764
shift,0,LinUCB_Vanilla,alpha=0.1|lambda_reg=50|use_momentum=False,85,365.6417903571271
shift,0,LinUCB_Vanilla,alpha=0.1|lambda_reg=50|use_momentum=False,86,365.891614409112
shift,0,LinUCB_Vanilla,alpha=0.1|lambda_reg=50|use_momentum=False,87,366.13617762724607
shift,0,LinUCB_Vanilla,alpha=0.1|lambda_reg=50|use_momentum=False,88,366.31360017829724
shift,0,LinUCB_Vanilla,alpha=0.1|lambda_reg=50|use_momentum=False,89,366.65480108663434
shift,0,LinUCB_Vanilla,alpha=0.1|lambda_reg=50|use_momentum=False,90,366.7738886246008
shift,0,LinUCB_Vanilla,alpha=0.1|lambda_reg=50|use_momentum=False,91,366.85852804555714
shift,0,LinUCB_Vanilla,alpha=0.1|lambda_reg=50|use_momentum=False,92,366.9483240545147
shift,0,LinUCB_Vanilla,alpha=0.1|lambda_reg=50|use_momentum=False,93,367.0546634474898
shift,0,LinUCB_Vanilla,alpha=0.1|lambda_reg=50|use_momentum=False,94,367.33805475048797
shift,0,LinUCB_Vanilla,alpha=0.1|lambda_reg=50|use_momentum=False,95,367.36677939540283
shift,0,LinUCB_Vanilla,alpha=0.1|lambda_reg=50|use_momentum=False,96,367.90677976941066
shift,0,LinUCB_Vanilla,alpha=0.1|lambda_reg=50|use_momentum=False,97,368.00428828572666
shift,0,LinUCB_Vanilla,alpha=0.1|lambda_reg=50|use_momentum=False,98,368.00428828572666
shift,0,LinUCB_Vanilla,alpha=0.1|lambda_reg=50|use_momentum=False,99,368.06932133834897
shift,0,LinUCB_Vanilla,alpha=0.1|lambda_reg=100|use_momentum=False,0,7.5501255861716094
shift,0,LinUCB_Vanilla,alpha=0.1|lambda_reg=100|use_momentum=False,1,8.389168173254346
shift,0,LinUCB_Vanilla,alpha=0.1|lambda_reg=100|use_momentum=False,2,10.839951146551321
shift,0,LinUCB_Vanilla,alpha=0.1|lambda_reg=100|use_momentum=False,3,10.920909169752584
shift,0,LinUCB_Vanilla,alpha=0.1|lambda_reg=100|use_momentum=False,4,13.807887995526979
shift,0,LinUCB_Vanilla,alpha=0.1|lambda_reg=100|use_momentum=False,5,13.807887995526979
shift,0,LinUCB_Vanilla,alpha=0.1|lambda_reg=100|use_momentum=False,6,13.860629224408834
shift,0,LinUCB_Vanilla,alpha=0.1|lambda_reg=100|use_momentum=False,7,14.253495859606748
shift,0,LinUCB_Vanilla,alpha=0.1|lambda_reg=100|use_momentum=False,8,14.579043043517721
shift,0,LinUCB_Vanilla,alpha=0.1|lambda_reg=100|use_momentum=False,9,14.705286760869305
shift,0,LinUCB_Vanilla,alpha=0.1|lambda_reg=100|use_momentum=False,10,14.705286760869305
shift,0,LinUCB_Vanilla,alpha=0.1|lambda_reg=100|use_momentum=False,11,15.337381275876943
shift,0,LinUCB_Vanilla,alpha=0.1|lambda_reg=100|use_momentum=False,12,15.577955830673154
shift,0,LinUCB_Vanilla,alpha=0.1|lambda_reg=100|use_momentum=False,13,16.229235775736587
shift,0,LinUCB_Vanilla,alpha=0.1|lambda_reg=100|use_momentum=False,14,16.746800458475963
shift,0,LinUCB_Vanilla,alpha=0.1|lambda_reg=100|use_momentum=False,15,16.839149149953045
shift,0,LinUCB_Vanilla,alpha=0.1|lambda_reg=100|use_momentum=False,16,16.994880824676066
shift,0,LinUCB_Vanilla,alpha=0.1|lambda_reg=100|use_momentum=False,17,17.07009006795262
shift,0,LinUCB_Vanilla,alpha=0.1|lambda_reg=100|use_momentum=False,18,17.356497974712514
shift,0,LinUCB_Vanilla,alpha=0.1|lambda_reg=100|use_momentum=False,19,17.497896728219086
shift,0,LinUCB_Vanilla,alpha=0.1|lambda_reg=100|use_momentum=False,20,27.4291548302305
shift,0,LinUCB_Vanilla,alpha=0.1|lambda_reg=100|use_momentum=False,21,36.499566914843015
shift,0,LinUCB_Vanilla,alpha=0.1|lambda_reg=100|use_momentum=False,22,43.77863555786171
shift,0,LinUCB_Vanilla,alpha=0.1|lambda_reg=100|use_momentum=False,23,54.54864427375513
shift,0,LinUCB_Vanilla,alpha=0.1|lambda_reg=100|use_momentum=False,24,64.16732151494112
shift,0,LinUCB_Vanilla,alpha=0.1|lambda_reg=100|use_momentum=False,25,79.85132235448401
shift,0,LinUCB_Vanilla,alpha=0.1|lambda_reg=100|use_momentum=False,26,91.84292530040787
shift,0,LinUCB_Vanilla,alpha=0.1|lambda_reg=100|use_momentum=False,27,100.74883682043821
shift,0,LinUCB_Vanilla,alpha=0.1|lambda_reg=100|use_momentum=False,28,111.00764539751381
shift,0,LinUCB_Vanilla,alpha=0.1|lambda_reg=100|use_momentum=False,29,112.55285466336946
shift,0,LinUCB_Vanilla,alpha=0.1|lambda_reg=100|use_momentum=False,30,115.56083741825412
shift,0,LinUCB_Vanilla,alpha=0.1|lambda_reg=100|use_momentum=False,31,115.56083741825412
shift,0,LinUCB_Vanilla,alpha=0.1|lambda_reg=100|use_momentum=False,32,115.56083741825412
shift,0,LinUCB_Vanilla,alpha=0.1|lambda_reg=100|use_momentum=False,33,127.95030944645727
shift,0,LinUCB_Vanilla,alpha=0.1|lambda_reg=100|use_momentum=False,34,129.5069026823948
shift,0,LinUCB_Vanilla,alpha=0.1|lambda_reg=100|use_momentum=False,35,130.53038089268915
shift,0,LinUCB_Vanilla,alpha=0.1|lambda_reg=100|use_momentum=False,36,137.9013127483843
shift,0,LinUCB_Vanilla,alpha=0.1|lambda_reg=100|use_momentum=False,37,144.61033924862159
shift,0,LinUCB_Vanilla,alpha=0.1|lambda_reg=100|use_momentum=False,38,160.5008531920675
shift,0,LinUCB_Vanilla,alpha=0.1|lambda_reg=100|use_momentum=False,39,176.63164750531257
shift,0,LinUCB_Vanilla,alpha=0.1|lambda_reg=100|use_momentum=False,40,189.70712689890814
shift,0,LinUCB_Vanilla,alpha=0.1|lambda_reg=100|use_momentum=False,41,199.3695927153762
shift,0,LinUCB_Vanilla,alpha=0.1|lambda_reg=100|use_momentum=False,42,204.02362564903103
shift,0,LinUCB_Vanilla,alpha=0.1|lambda_reg=100|use_momentum=False,43,204.02362564903103
shift,0,LinUCB_Vanilla,alpha=0.1|lambda_reg=100|use_momentum=False,44,214.6730845724927
shift,0,LinUCB_Vanilla,alpha=0.1|lambda_reg=100|use_momentum=False,45,214.6730845724927
shift,0,LinUCB_Vanilla,alpha=0.1|lambda_reg=100|use_momentum=False,46,214.6730845724927
shift,0,LinUCB_Vanilla,alpha=0.1|lambda_reg=100|use_momentum=False,47,216.99475940522132
shift,0,LinUCB_Vanilla,alpha=0.1|lambda_reg=100|use_momentum=False,48,218.38393723388685
shift,0,LinUCB_Vanilla,alpha=0.1|lambda_reg=100|use_momentum=False,49,228.06773496328034
shift,0,LinUCB_Vanilla,alpha=0.1|lambda_reg=100|use_momentum=False,50,228.06773496328034
shift,0,LinUCB_Vanilla,alpha=0.1|lambda_reg=100|use_momentum=False,51,229.52007691820282
shift,0,LinUCB_Vanilla,alpha=0.1|lambda_reg=100|use_momentum=False,52,229.52007691820282
shift,0,LinUCB_Vanilla,alpha=0.1|lambda_reg=100|use_momentum=False,53,229.52007691820282
shift,0,LinUCB_Vanilla,alpha=0.1|lambda_reg=100|use_momentum=False,54,231.11813960963227
shift,0,LinUCB_Vanilla,alpha=0.1|lambda_reg=100|use_momentum=False,55,235.93052624208696
shift,0,LinUCB_Vanilla,alpha=0.1|lambda_reg=100|use_momentum=False,56,242.4714143274792
shift,0,LinUCB_Vanilla,alpha=0.1|lambda_reg=100|use_momentum=False,57,249.04830078209093
shift,0,LinUCB_Vanilla,alpha=0.1|lambda_reg=100|use_momentum=False,58,259.0040714135897
shift,0,LinUCB_Vanilla,alpha=0.1|lambda_reg=100|use_momentum=False,59,266.7304607214629
shift,0,LinUCB_Vanilla,alpha=0.1|lambda_reg=100|use_momentum=False,60,266.7304607214629
shift,0,LinUCB_Vanilla,alpha=0.1|lambda_reg=100|use_momentum=False,61,268.9246436596133
shift,0,LinUCB_Vanilla,alpha=0.1|lambda_reg=100|use_momentum=False,62,269.61628460567294
shift,0,LinUCB_Vanilla,alpha=0.1|lambda_reg=100|use_momentum=False,63,276.71231018193413
shift,0,LinUCB_Vanilla,alpha=0.1|lambda_reg=100|use_momentum=False,64,276.71231018193413
shift,0,LinUCB_Vanilla,alpha=0.1|lambda_reg=100|use_momentum=False,65,286.9477380320485
shift,0,LinUCB_Vanilla,alpha=0.1|lambda_reg=100|use_momentum=False,66,300.0680983142598
shift,0,LinUCB_Vanilla,alpha=0.1|lambda_reg=100|use_momentum=False,67,312.4820850257414
shift,0,LinUCB_Vanilla,alpha=0.1|lambda_reg=100|use_momentum=False,68,321.1436809172037
shift,0,LinUCB_Vanilla,alpha=0.1|lambda_reg=100|use_momentum=False,69,329.7729188944597
shift,0,LinUCB_Vanilla,alpha=0.1|lambda_reg=100|use_momentum=False,70,335.8261190299957
shift,0,LinUCB_Vanilla,alpha=0.1|lambda_reg=100|use_momentum=False,71,343.6075205511666
shift,0,LinUCB_Vanilla,alpha=0.1|lambda_reg=100|use_momentum=False,72,347.2264900036272
shift,0,LinUCB_Vanilla,alpha=0.1|lambda_reg=100|use_momentum=False,73,348.8284837118882
shift,0,LinUCB_Vanilla,alpha=0.1|lambda_reg=100|use_momentum=False,74,356.4321874207671
shift,0,LinUCB_Vanilla,alpha=0.1|lambda_reg=100|use_momentum=False,75,356.4321874207671
shift,0,LinUCB_Vanilla,alpha=0.1|lambda_reg=100|use_momentum=False,76,357.9579591495825
shift,0,LinUCB_Vanilla,alpha=0.1|lambda_reg=100|use_momentum=False,77,359.9055698436034
shift,0,LinUCB_Vanilla,alpha=0.1|lambda_reg=100|use_momentum=False,78,359.9055698436034
shift,0,LinUCB_Vanilla,alpha=0.1|lambda_reg=100|use_momentum=False,79,377.19727292098077
shift,0,LinUCB_Vanilla,alpha=0.1|lambda_reg=100|use_momentum=False,80,377.4159451131471
shift,0,LinUCB_Vanilla,alpha=0.1|lambda_reg=100|use_momentum=False,81,377.7952196975408
shift,0,LinUCB_Vanilla,alpha=0.1|lambda_reg=100|use_momentum=False,82,378.0289776788384
shift,0,LinUCB_Vanilla,alpha=0.1|lambda_reg=100|use_momentum=False,83,378.0834132938219
shift,0,LinUCB_Vanilla,alpha=0.1|lambda_reg=100|use_momentum=False,84,378.0834132938219
shift,0,LinUCB_Vanilla,alpha=0.1|lambda_reg=100|use_momentum=False,85,378.341991595976
shift,0,LinUCB_Vanilla,alpha=0.1|lambda_reg=100|use_momentum=False,86,378.58119280762
shift,0,LinUCB_Vanilla,alpha=0.1|lambda_reg=100|use_momentum=False,87,378.7327011919384
shift,0,LinUCB_Vanilla,alpha=0.1|lambda_reg=100|use_momentum=False,88,378.9724671039446
shift,0,LinUCB_Vanilla,alpha=0.1|lambda_reg=100|use_momentum=False,89,379.2166649494055
shift,0,LinUCB_Vanilla,alpha=0.1|lambda_reg=100|use_momentum=False,90,379.27935266155515
shift,0,LinUCB_Vanilla,alpha=0.1|lambda_reg=100|use_momentum=False,91,379.4122370917747
shift,0,LinUCB_Vanilla,alpha=0.1|lambda_reg=100|use_momentum=False,92,379.45514992383244
shift,0,LinUCB_Vanilla,alpha=0.1|lambda_reg=100|use_momentum=False,93,379.7205327742478
shift,0,LinUCB_Vanilla,alpha=0.1|lambda_reg=100|use_momentum=False,94,379.8213368605127
shift,0,LinUCB_Vanilla,alpha=0.1|lambda_reg=100|use_momentum=False,95,379.98899320931906
shift,0,LinUCB_Vanilla,alpha=0.1|lambda_reg=100|use_momentum=False,96,381.1211992364267
shift,0,LinUCB_Vanilla,alpha=0.1|lambda_reg=100|use_momentum=False,97,381.40094748018834
shift,0,LinUCB_Vanilla,alpha=0.1|lambda_reg=100|use_momentum=False,98,381.566515276347
shift,0,LinUCB_Vanilla,alpha=0.1|lambda_reg=100|use_momentum=False,99,381.566515276347
shift,0,Thompson_Sampling,prior_lambda=0.1,0,0.09907479571145938
shift,0,Thompson_Sampling,prior_lambda=0.1,1,0.1735497233986819
shift,0,Thompson_Sampling,prior_lambda=0.1,2,0.1735497233986819
shift,0,Thompson_Sampling,prior_lambda=0.1,3,3.0674731529509476
shift,0,Thompson_Sampling,prior_lambda=0.1,4,3.1225454183820904
shift,0,Thompson_Sampling,prior_lambda=0.1,5,5.823432052789919
shift,0,Thompson_Sampling,prior_lambda=0.1,6,6.040989600365306
shift,0,Thompson_Sampling,prior_lambda=0.1,7,6.131201691566369
shift,0,Thompson_Sampling,prior_lambda=0.1,8,6.456748875477343
shift,0,Thompson_Sampling,prior_lambda=0.1,9,11.25359092692981
shift,0,Thompson_Sampling,prior_lambda=0.1,10,11.489992225314298
shift,0,Thompson_Sampling,prior_lambda=0.1,11,12.27153865689398
shift,0,Thompson_Sampling,prior_lambda=0.1,12,12.359285763807605
shift,0,Thompson_Sampling,prior_lambda=0.1,13,12.56002704015286
shift,0,Thompson_Sampling,prior_lambda=0.1,14,13.241635969649861
shift,0,Thompson_Sampling,prior_lambda=0.1,15,13.372642546995795
shift,0,Thompson_Sampling,prior_lambda=0.1,16,13.528374221718819
shift,0,Thompson_Sampling,prior_lambda=0.1,17,13.687365805907033
shift,0,Thompson_Sampling,prior_lambda=0.1,18,13.757199217381359
shift,0,Thompson_Sampling,prior_lambda=0.1,19,13.825791379931486
shift,0,Thompson_Sampling,prior_lambda=0.1,20,27.86352624237445
shift,0,Thompson_Sampling,prior_lambda=0.1,21,33.848046248463426
shift,0,Thompson_Sampling,prior_lambda=0.1,22,41.14375437001141
shift,0,Thompson_Sampling,prior_lambda=0.1,23,50.711633794406914
shift,0,Thompson_Sampling,prior_lambda=0.1,24,59.903401029938166
shift,0,Thompson_Sampling,prior_lambda=0.1,25,65.06005023055182
shift,0,Thompson_Sampling,prior_lambda=0.1,26,78.41255819908842
shift,0,Thompson_Sampling,prior_lambda=0.1,27,88.459164953627
shift,0,Thompson_Sampling,prior_lambda=0.1,28,95.81709772106677
shift,0,Thompson_Sampling,prior_lambda=0.1,29,106.89384335366658
shift,0,Thompson_Sampling,prior_lambda=0.1,30,116.32552147520916
shift,0,Thompson_Sampling,prior_lambda=0.1,31,124.86813401008322
shift,0,Thompson_Sampling,prior_lambda=0.1,32,139.7116899997056
shift,0,Thompson_Sampling,prior_lambda=0.1,33,155.4354934811436
shift,0,Thompson_Sampling,prior_lambda=0.1,34,163.84129588394222
shift,0,Thompson_Sampling,prior_lambda=0.1,35,164.86477409423657
shift,0,Thompson_Sampling,prior_lambda=0.1,36,172.86139596564192
shift,0,Thompson_Sampling,prior_lambda=0.1,37,180.42135174595526
shift,0,Thompson_Sampling,prior_lambda=0.1,38,183.1766573583042
shift,0,Thompson_Sampling,prior_lambda=0.1,39,198.67813012338476
shift,0,Thompson_Sampling,prior_lambda=0.1,40,198.67813012338476
shift,0,Thompson_Sampling,prior_lambda=0.1,41,208.34059593985282
shift,0,Thompson_Sampling,prior_lambda=0.1,42,208.34059593985282
shift,0,Thompson_Sampling,prior_lambda=0.1,43,208.34059593985282
shift,0,Thompson_Sampling,prior_lambda=0.1,44,208.34059593985282
shift,0,Thompson_Sampling,prior_lambda=0.1,45,216.03980543621876
shift,0,Thompson_Sampling,prior_lambda=0.1,46,226.9629719174971
shift,0,Thompson_Sampling,prior_lambda=0.1,47,236.91583545467861
shift,0,Thompson_Sampling,prior_lambda=0.1,48,236.91583545467861
shift,0,Thompson_Sampling,prior_lambda=0.1,49,246.5996331840721
shift,0,Thompson_Sampling,prior_lambda=0.1,50,253.08193517078718
shift,0,Thompson_Sampling,prior_lambda=0.1,51,255.71315503306806
shift,0,Thompson_Sampling,prior_lambda=0.1,52,268.51564580523694
shift,0,Thompson_Sampling,prior_lambda=0.1,53,268.51564580523694
shift,0,Thompson_Sampling,prior_lambda=0.1,54,268.51564580523694
shift,0,Thompson_Sampling,prior_lambda=0.1,55,273.32803243769166
shift,0,Thompson_Sampling,prior_lambda=0.1,56,273.32803243769166
shift,0,Thompson_Sampling,prior_lambda=0.1,57,279.9049188923034
shift,0,Thompson_Sampling,prior_lambda=0.1,58,279.9049188923034
shift,0,Thompson_Sampling,prior_lambda=0.1,59,287.9973576452428
shift,0,Thompson_Sampling,prior_lambda=0.1,60,292.2388105010629
shift,0,Thompson_Sampling,prior_lambda=0.1,61,306.1222330916041
shift,0,Thompson_Sampling,prior_lambda=0.1,62,306.1222330916041
shift,0,Thompson_Sampling,prior_lambda=0.1,63,306.1222330916041
shift,0,Thompson_Sampling,prior_lambda=0.1,64,314.95621769031186
shift,0,Thompson_Sampling,prior_lambda=0.1,65,325.29491389100497
shift,0,Thompson_Sampling,prior_lambda=0.1,66,338.1380370449694
shift,0,Thompson_Sampling,prior_lambda=0.1,67,338.1380370449694
shift,0,Thompson_Sampling,prior_lambda=0.1,68,338.1380370449694
shift,0,Thompson_Sampling,prior_lambda=0.1,69,338.1380370449694
shift,0,Thompson_Sampling,prior_lambda=0.1,70,338.1380370449694
shift,0,Thompson_Sampling,prior_lambda=0.1,71,339.38689484166116
shift,0,Thompson_Sampling,prior_lambda=0.1,72,339.38689484166116
shift,0,Thompson_Sampling,prior_lambda=0.1,73,339.38689484166116
shift,0,Thompson_Sampling,prior_lambda=0.1,74,348.8972676365577
shift,0,Thompson_Sampling,prior_lambda=0.1,75,356.6795905583343
shift,0,Thompson_Sampling,prior_lambda=0.1,76,356.6795905583343
shift,0,Thompson_Sampling,prior_lambda=0.1,77,366.82172079047535
shift,0,Thompson_Sampling,prior_lambda=0.1,78,379.66313665815
shift,0,Thompson_Sampling,prior_lambda=0.1,79,394.32233837550535
shift,0,Thompson_Sampling,prior_lambda=0.1,80,400.3740597913305
shift,0,Thompson_Sampling,prior_lambda=0.1,81,405.9500546421995
shift,0,Thompson_Sampling,prior_lambda=0.1,82,406.20271139901405
shift,0,Thompson_Sampling,prior_lambda=0.1,83,406.25714701399755
shift,0,Thompson_Sampling,prior_lambda=0.1,84,412.01756513776195
shift,0,Thompson_Sampling,prior_lambda=0.1,85,412.57170143102866
shift,0,Thompson_Sampling,prior_lambda=0.1,86,420.06888226746383
shift,0,Thompson_Sampling,prior_lambda=0.1,87,420.2203906517822
shift,0,Thompson_Sampling,prior_lambda=0.1,88,423.8654701751839
shift,0,Thompson_Sampling,prior_lambda=0.1,89,430.8495853275616
shift,0,Thompson_Sampling,prior_lambda=0.1,90,436.16266383246546
shift,0,Thompson_Sampling,prior_lambda=0.1,91,436.9185423895994
shift,0,Thompson_Sampling,prior_lambda=0.1,92,436.9185423895994
shift,0,Thompson_Sampling,prior_lambda=0.1,93,437.14400835503517
shift,0,Thompson_Sampling,prior_lambda=0.1,94,437.14400835503517
shift,0,Thompson_Sampling,prior_lambda=0.1,95,437.417390091566
shift,0,Thompson_Sampling,prior_lambda=0.1,96,442.2827816313907
shift,0,Thompson_Sampling,prior_lambda=0.1,97,443.18280479719283
shift,0,Thompson_Sampling,prior_lambda=0.1,98,443.7214020840629
shift,0,Thompson_Sampling,prior_lambda=0.1,99,443.9170390185766
shift,0,Thompson_Sampling,prior_lambda=0.15,0,0.07448661994692374
shift,0,Thompson_Sampling,prior_lambda=0.15,1,0.14896154763414626
shift,0,Thompson_Sampling,prior_lambda=0.15,2,0.6275946711210697
shift,0,Thompson_Sampling,prior_lambda=0.15,3,0.7085526943223309
shift,0,Thompson_Sampling,prior_lambda=0.15,4,7.421023297987663
shift,0,Thompson_Sampling,prior_lambda=0.15,5,7.577865390420661
shift,0,Thompson_Sampling,prior_lambda=0.15,6,10.048072156797357
shift,0,Thompson_Sampling,prior_lambda=0.15,7,10.440938791995269
shift,0,Thompson_Sampling,prior_lambda=0.15,8,13.040743491331877
shift,0,Thompson_Sampling,prior_lambda=0.15,9,13.206520537176802
shift,0,Thompson_Sampling,prior_lambda=0.15,10,13.257287556489466
shift,0,Thompson_Sampling,prior_lambda=0.15,11,13.480157009342616
shift,0,Thompson_Sampling,prior_lambda=0.15,12,13.589729590585826
shift,0,Thompson_Sampling,prior_lambda=0.15,13,13.683751713280959
shift,0,Thompson_Sampling,prior_lambda=0.15,14,13.683751713280959
shift,0,Thompson_Sampling,prior_lambda=0.15,15,14.001140675505704
shift,0,Thompson_Sampling,prior_lambda=0.15,16,14.156872350228728
shift,0,Thompson_Sampling,prior_lambda=0.15,17,14.200145630682107
shift,0,Thompson_Sampling,prior_lambda=0.15,18,14.910492222277975
shift,0,Thompson_Sampling,prior_lambda=0.15,19,14.910492222277975
shift,0,Thompson_Sampling,prior_lambda=0.15,20,28.63601346639529
shift,0,Thompson_Sampling,prior_lambda=0.15,21,36.71721321187606
shift,0,Thompson_Sampling,prior_lambda=0.15,22,43.6724959656134
shift,0,Thompson_Sampling,prior_lambda=0.15,23,46.25156114865299
shift,0,Thompson_Sampling,prior_lambda=0.15,24,55.601807896646484
shift,0,Thompson_Sampling,prior_lambda=0.15,25,71.24228573211575
shift,0,Thompson_Sampling,prior_lambda=0.15,26,83.95758589640101
shift,0,Thompson_Sampling,prior_lambda=0.15,27,92.28786393071802
shift,0,Thompson_Sampling,prior_lambda=0.15,28,99.77922102612251
shift,0,Thompson_Sampling,prior_lambda=0.15,29,101.32443029197816
shift,0,Thompson_Sampling,prior_lambda=0.15,30,108.9885871222323
shift,0,Thompson_Sampling,prior_lambda=0.15,31,116.76247891170019
shift,0,Thompson_Sampling,prior_lambda=0.15,32,132.53365115951235
shift,0,Thompson_Sampling,prior_lambda=0.15,33,148.17753303823557
shift,0,Thompson_Sampling,prior_lambda=0.15,34,148.17753303823557
shift,0,Thompson_Sampling,prior_lambda=0.15,35,154.20169828018365
shift,0,Thompson_Sampling,prior_lambda=0.15,36,161.93795218110654
shift,0,Thompson_Sampling,prior_lambda=0.15,37,164.17938254178114
shift,0,Thompson_Sampling,prior_lambda=0.15,38,166.93468815413007
shift,0,Thompson_Sampling,prior_lambda=0.15,39,182.43616091921064
shift,0,Thompson_Sampling,prior_lambda=0.15,40,195.96179087955315
shift,0,Thompson_Sampling,prior_lambda=0.15,41,204.64596822042964
shift,0,Thompson_Sampling,prior_lambda=0.15,42,209.70683586081344
shift,0,Thompson_Sampling,prior_lambda=0.15,43,219.58220309757718
shift,0,Thompson_Sampling,prior_lambda=0.15,44,230.20535550691395
shift,0,Thompson_Sampling,prior_lambda=0.15,45,236.24120568030696
shift,0,Thompson_Sampling,prior_lambda=0.15,46,247.1643721615853
shift,0,Thompson_Sampling,prior_lambda=0.15,47,249.4860469943139
shift,0,Thompson_Sampling,prior_lambda=0.15,48,260.7954225662499
shift,0,Thompson_Sampling,prior_lambda=0.15,49,269.51008811673057
shift,0,Thompson_Sampling,prior_lambda=0.15,50,277.282441152982
shift,0,Thompson_Sampling,prior_lambda=0.15,51,278.7347831079045
shift,0,Thompson_Sampling,prior_lambda=0.15,52,292.2843712357007
shift,0,Thompson_Sampling,prior_lambda=0.15,53,298.79638924078455
shift,0,Thompson_Sampling,prior_lambda=0.15,54,305.63341106413094
shift,0,Thompson_Sampling,prior_lambda=0.15,55,310.99510936886867
shift,0,Thompson_Sampling,prior_lambda=0.15,56,311.8072641944588
shift,0,Thompson_Sampling,prior_lambda=0.15,57,317.18708120950527
shift,0,Thompson_Sampling,prior_lambda=0.15,58,319.24921393928895
shift,0,Thompson_Sampling,prior_lambda=0.15,59,320.3961590587228
shift,0,Thompson_Sampling,prior_lambda=0.15,60,333.5326080984671
shift,0,Thompson_Sampling,prior_lambda=0.15,61,335.7267910366175
shift,0,Thompson_Sampling,prior_lambda=0.15,62,335.99085793527627
shift,0,Thompson_Sampling,prior_lambda=0.15,63,343.825918640914
shift,0,Thompson_Sampling,prior_lambda=0.15,64,352.0231074902975
shift,0,Thompson_Sampling,prior_lambda=0.15,65,362.70870354445
shift,0,Thompson_Sampling,prior_lambda=0.15,66,365.0084565714064
shift,0,Thompson_Sampling,prior_lambda=0.15,67,376.15828099326103
shift,0,Thompson_Sampling,prior_lambda=0.15,68,376.15828099326103
shift,0,Thompson_Sampling,prior_lambda=0.15,69,377.39211576614304
shift,0,Thompson_Sampling,prior_lambda=0.15,70,384.6442549845645
shift,0,Thompson_Sampling,prior_lambda=0.15,71,392.6957043665746
shift,0,Thompson_Sampling,prior_lambda=0.15,72,394.5699938235744
shift,0,Thompson_Sampling,prior_lambda=0.15,73,408.1252093995878
shift,0,Thompson_Sampling,prior_lambda=0.15,74,408.1252093995878
shift,0,Thompson_Sampling,prior_lambda=0.15,75,408.7528069144064
shift,0,Thompson_Sampling,prior_lambda=0.15,76,410.2785786432218
shift,0,Thompson_Sampling,prior_lambda=0.15,77,410.2785786432218
shift,0,Thompson_Sampling,prior_lambda=0.15,78,425.36587471989606
shift,0,Thompson_Sampling,prior_lambda=0.15,79,440.9374284978902
shift,0,Thompson_Sampling,prior_lambda=0.15,80,441.0462356481279
shift,0,Thompson_Sampling,prior_lambda=0.15,81,441.6252775366926
shift,0,Thompson_Sampling,prior_lambda=0.15,82,441.8779342935071
shift,0,Thompson_Sampling,prior_lambda=0.15,83,444.0124543208961
shift,0,Thompson_Sampling,prior_lambda=0.15,84,447.6317612125029
shift,0,Thompson_Sampling,prior_lambda=0.15,85,448.1858975057696
shift,0,Thompson_Sampling,prior_lambda=0.15,86,452.70604068910137
shift,0,Thompson_Sampling,prior_lambda=0.15,87,456.23253308544696
shift,0,Thompson_Sampling,prior_lambda=0.15,88,456.8751520490862
shift,0,Thompson_Sampling,prior_lambda=0.15,89,460.2400065790371
shift,0,Thompson_Sampling,prior_lambda=0.15,90,460.2400065790371
shift,0,Thompson_Sampling,prior_lambda=0.15,91,460.4638699695768
shift,0,Thompson_Sampling,prior_lambda=0.15,92,460.4638699695768
shift,0,Thompson_Sampling,prior_lambda=0.15,93,462.7643130046728
shift,0,Thompson_Sampling,prior_lambda=0.15,94,462.93359757208214
shift,0,Thompson_Sampling,prior_lambda=0.15,95,463.206979308613
shift,0,Thompson_Sampling,prior_lambda=0.15,96,463.7686377060538
shift,0,Thompson_Sampling,prior_lambda=0.15,97,463.7686377060538
shift,0,Thompson_Sampling,prior_lambda=0.15,98,464.3072349929239
shift,0,Thompson_Sampling,prior_lambda=0.15,99,464.5028719274376
shift,1,Epsilon_Greedy,epsilon=0.02,0,7.163612899373399
shift,1,Epsilon_Greedy,epsilon=0.02,1,12.6661365574765
shift,1,Epsilon_Greedy,epsilon=0.02,2,18.06377293867299
shift,1,Epsilon_Greedy,epsilon=0.02,3,25.059190197736534
shift,1,Epsilon_Greedy,epsilon=0.02,4,32.031656686082925
shift,1,Epsilon_Greedy,epsilon=0.02,5,38.87489979675034
shift,1,Epsilon_Greedy,epsilon=0.02,6,46.797762677529555
shift,1,Epsilon_Greedy,epsilon=0.02,7,54.341441059580234
shift,1,Epsilon_Greedy,epsilon=0.02,8,54.4321085436846
shift,1,Epsilon_Greedy,epsilon=0.02,9,54.54684369598469
shift,1,Epsilon_Greedy,epsilon=0.02,10,54.73587222694157
shift,1,Epsilon_Greedy,epsilon=0.02,11,54.897574581906234
shift,1,Epsilon_Greedy,epsilon=0.02,12,55.303956168633476
shift,1,Epsilon_Greedy,epsilon=0.02,13,55.43629048391435
shift,1,Epsilon_Greedy,epsilon=0.02,14,55.59845106707065
shift,1,Epsilon_Greedy,epsilon=0.02,15,55.8150457478381
shift,1,Epsilon_Greedy,epsilon=0.02,16,55.9291638531235
shift,1,Epsilon_Greedy,epsilon=0.02,17,56.04379609749671
shift,1,Epsilon_Greedy,epsilon=0.02,18,56.09800113787553
shift,1,Epsilon_Greedy,epsilon=0.02,19,56.248471495236416
shift,1,Epsilon_Greedy,epsilon=0.02,20,67.9145579099769
shift,1,Epsilon_Greedy,epsilon=0.02,21,74.55021239300036
shift,1,Epsilon_Greedy,epsilon=0.02,22,82.05686112782902
shift,1,Epsilon_Greedy,epsilon=0.02,23,91.42392282017803
shift,1,Epsilon_Greedy,epsilon=0.02,24,101.65062240982417
shift,1,Epsilon_Greedy,epsilon=0.02,25,113.32633589213188
shift,1,Epsilon_Greedy,epsilon=0.02,26,129.75836511108776
shift,1,Epsilon_Greedy,epsilon=0.02,27,129.75836511108776
shift,1,Epsilon_Greedy,epsilon=0.02,28,129.75836511108776
shift,1,Epsilon_Greedy,epsilon=0.02,29,135.11910840606555
shift,1,Epsilon_Greedy,epsilon=0.02,30,135.11910840606555
shift,1,Epsilon_Greedy,epsilon=0.02,31,135.11910840606555
shift,1,Epsilon_Greedy,epsilon=0.02,32,145.73415429455054
shift,1,Epsilon_Greedy,epsilon=0.02,33,153.84040415238192
shift,1,Epsilon_Greedy,epsilon=0.02,34,153.84040415238192
shift,1,Epsilon_Greedy,epsilon=0.02,35,153.84040415238192
shift,1,Epsilon_Greedy,epsilon=0.02,36,153.84040415238192
shift,1,Epsilon_Greedy,epsilon=0.02,37,153.84040415238192
shift,1,Epsilon_Greedy,epsilon=0.02,38,162.90089149936045
shift,1,Epsilon_Greedy,epsilon=0.02,39,178.48679097151216
shift,1,Epsilon_Greedy,epsilon=0.02,40,178.48679097151216
shift,1,Epsilon_Greedy,epsilon=0.02,41,178.48679097151216
shift,1,Epsilon_Greedy,epsilon=0.02,42,178.48679097151216
shift,1,Epsilon_Greedy,epsilon=0.02,43,178.48679097151216
shift,1,Epsilon_Greedy,epsilon=0.02,44,178.48679097151216
shift,1,Epsilon_Greedy,epsilon=0.02,45,178.48679097151216
shift,1,Epsilon_Greedy,epsilon=0.02,46,178.48679097151216
shift,1,Epsilon_Greedy,epsilon=0.02,47,178.48679097151216
shift,1,Epsilon_Greedy,epsilon=0.02,48,178.48679097151216
shift,1,Epsilon_Greedy,epsilon=0.02,49,178.48679097151216
shift,1,Epsilon_Greedy,epsilon=0.02,50,178.48679097151216
shift,1,Epsilon_Greedy,epsilon=0.02,51,178.48679097151216
shift,1,Epsilon_Greedy,epsilon=0.02,52,178.48679097151216
shift,1,Epsilon_Greedy,epsilon=0.02,53,178.48679097151216
shift,1,Epsilon_Greedy,epsilon=0.02,54,178.48679097151216
shift,1,Epsilon_Greedy,epsilon=0.02,55,178.48679097151216
shift,1,Epsilon_Greedy,epsilon=0.02,56,178.48679097151216
shift,1,Epsilon_Greedy,epsilon=0.02,57,178.48679097151216
shift,1,Epsilon_Greedy,epsilon=0.02,58,178.48679097151216
shift,1,Epsilon_Greedy,epsilon=0.02,59,178.48679097151216
shift,1,Epsilon_Greedy,epsilon=0.02,60,190.4040366109523
shift,1,Epsilon_Greedy,epsilon=0.02,61,190.4040366109523
shift,1,Epsilon_Greedy,epsilon=0.02,62,190.4040366109523
shift,1,Epsilon_Greedy,epsilon=0.02,63,190.4040366109523
shift,1,Epsilon_Greedy,epsilon=0.02,64,190.4040366109523
shift,1,Epsilon_Greedy,epsilon=0.02,65,190.4040366109523
shift,1,Epsilon_Greedy,epsilon=0.02,66,190.4040366109523
shift,1,Epsilon_Greedy,epsilon=0.02,67,190.4040366109523
shift,1,Epsilon_Greedy,epsilon=0.02,68,190.4040366109523
shift,1,Epsilon_Greedy,epsilon=0.02,69,190.4040366109523
shift,1,Epsilon_Greedy,epsilon=0.02,70,190.4040366109523
shift,1,Epsilon_Greedy,epsilon=0.02,71,190.4040366109523
shift,1,Epsilon_Greedy,epsilon=0.02,72,190.4040366109523
shift,1,Epsilon_Greedy,epsilon=0.02,73,190.4040366109523
shift,1,Epsilon_Greedy,epsilon=0.02,74,190.4040366109523
shift,1,Epsilon_Greedy,epsilon=0.02,75,190.4040366109523
shift,1,Epsilon_Greedy,epsilon=0.02,76,190.4040366109523
shift,1,Epsilon_Greedy,epsilon=0.02,77,190.4040366109523
shift,1,Epsilon_Greedy,epsilon=0.02,78,190.4040366109523
shift,1,Epsilon_Greedy,epsilon=0.02,79,190.4040366109523
shift,1,Epsilon_Greedy,epsilon=0.02,80,195.08166062877086
shift,1,Epsilon_Greedy,epsilon=0.02,81,201.4604135469902
shift,1,Epsilon_Greedy,epsilon=0.02,82,207.11335420646853
shift,1,Epsilon_Greedy,epsilon=0.02,83,213.5009624515429
shift,1,Epsilon_Greedy,epsilon=0.02,84,220.1624241562163
shift,1,Epsilon_Greedy,epsilon=0.02,85,225.82293090706594
shift,1,Epsilon_Greedy,epsilon=0.02,86,232.66179950128654
shift,1,Epsilon_Greedy,epsilon=0.02,87,237.9683343681558
shift,1,Epsilon_Greedy,epsilon=0.02,88,242.48907806962853
shift,1,Epsilon_Greedy,epsilon=0.02,89,249.49281467802444
shift,1,Epsilon_Greedy,epsilon=0.02,90,255.19559177604927
shift,1,Epsilon_Greedy,epsilon=0.02,91,263.15182098693674
shift,1,Epsilon_Greedy,epsilon=0.02,92,271.6107491364171
shift,1,Epsilon_Greedy,epsilon=0.02,93,277.2972994661165
shift,1,Epsilon_Greedy,epsilon=0.02,94,283.2269362401904
shift,1,Epsilon_Greedy,epsilon=0.02,95,287.6461119798348
shift,1,Epsilon_Greedy,epsilon=0.02,96,291.61571511742756
shift,1,Epsilon_Greedy,epsilon=0.02,97,297.53912337201984
shift,1,Epsilon_Greedy,epsilon=0.02,98,304.9902192312918
shift,1,Epsilon_Greedy,epsilon=0.02,99,310.89522332836253
shift,1,Epsilon_Greedy,epsilon=0.05,0,7.163612899373399
shift,1,Epsilon_Greedy,epsilon=0.05,1,12.6661365574765
shift,1,Epsilon_Greedy,epsilon=0.05,2,18.06377293867299
shift,1,Epsilon_Greedy,epsilon=0.05,3,25.059190197736534
shift,1,Epsilon_Greedy,epsilon=0.05,4,32.031656686082925
shift,1,Epsilon_Greedy,epsilon=0.05,5,38.87489979675034
shift,1,Epsilon_Greedy,epsilon=0.05,6,46.797762677529555
shift,1,Epsilon_Greedy,epsilon=0.05,7,54.341441059580234
shift,1,Epsilon_Greedy,epsilon=0.05,8,60.32215288036531
shift,1,Epsilon_Greedy,epsilon=0.05,9,65.1024499424548
shift,1,Epsilon_Greedy,epsilon=0.05,10,72.46607282184527
shift,1,Epsilon_Greedy,epsilon=0.05,11,78.3601091281278
shift,1,Epsilon_Greedy,epsilon=0.05,12,87.10773222696224
shift,1,Epsilon_Greedy,epsilon=0.05,13,92.8919697457419
shift,1,Epsilon_Greedy,epsilon=0.05,14,96.59706959287308
shift,1,Epsilon_Greedy,epsilon=0.05,15,102.82625518713603
shift,1,Epsilon_Greedy,epsilon=0.05,16,102.85363168677296
shift,1,Epsilon_Greedy,epsilon=0.05,17,102.92065284669255
shift,1,Epsilon_Greedy,epsilon=0.05,18,103.03846042439307
shift,1,Epsilon_Greedy,epsilon=0.05,19,103.04300075452504
shift,1,Epsilon_Greedy,epsilon=0.05,20,114.69521852586148
shift,1,Epsilon_Greedy,epsilon=0.05,21,121.53983891854783
shift,1,Epsilon_Greedy,epsilon=0.05,22,128.5907630416898
shift,1,Epsilon_Greedy,epsilon=0.05,23,128.5907630416898
shift,1,Epsilon_Greedy,epsilon=0.05,24,128.5907630416898
shift,1,Epsilon_Greedy,epsilon=0.05,25,128.5907630416898
shift,1,Epsilon_Greedy,epsilon=0.05,26,128.5907630416898
shift,1,Epsilon_Greedy,epsilon=0.05,27,128.5907630416898
shift,1,Epsilon_Greedy,epsilon=0.05,28,134.9370601891486
shift,1,Epsilon_Greedy,epsilon=0.05,29,134.9370601891486
shift,1,Epsilon_Greedy,epsilon=0.05,30,134.9370601891486
shift,1,Epsilon_Greedy,epsilon=0.05,31,134.9370601891486
shift,1,Epsilon_Greedy,epsilon=0.05,32,134.9370601891486
shift,1,Epsilon_Greedy,epsilon=0.05,33,134.9370601891486
shift,1,Epsilon_Greedy,epsilon=0.05,34,134.9370601891486
shift,1,Epsilon_Greedy,epsilon=0.05,35,134.9370601891486
shift,1,Epsilon_Greedy,epsilon=0.05,36,134.9370601891486
shift,1,Epsilon_Greedy,epsilon=0.05,37,134.9370601891486
shift,1,Epsilon_Greedy,epsilon=0.05,38,134.9370601891486
shift,1,Epsilon_Greedy,epsilon=0.05,39,134.9370601891486
shift,1,Epsilon_Greedy,epsilon=0.05,40,144.6335889495035
shift,1,Epsilon_Greedy,epsilon=0.05,41,144.6335889495035
shift,1,Epsilon_Greedy,epsilon=0.05,42,144.6335889495035
shift,1,Epsilon_Greedy,epsilon=0.05,43,144.6335889495035
shift,1,Epsilon_Greedy,epsilon=0.05,44,144.6335889495035
shift,1,Epsilon_Greedy,epsilon=0.05,45,144.6335889495035
shift,1,Epsilon_Greedy,epsilon=0.05,46,144.6335889495035
shift,1,Epsilon_Greedy,epsilon=0.05,47,144.6335889495035
shift,1,Epsilon_Greedy,epsilon=0.05,48,144.6335889495035
shift,1,Epsilon_Greedy,epsilon=0.05,49,144.6335889495035
shift,1,Epsilon_Greedy,epsilon=0.05,50,144.6335889495035
shift,1,Epsilon_Greedy,epsilon=0.05,51,144.6335889495035
shift,1,Epsilon_Greedy,epsilon=0.05,52,144.6335889495035
shift,1,Epsilon_Greedy,epsilon=0.05,53,144.6335889495035
shift,1,Epsilon_Greedy,epsilon=0.05,54,144.6335889495035
shift,1,Epsilon_Greedy,epsilon=0.05,55,144.6335889495035
shift,1,Epsilon_Greedy,epsilon=0.05,56,144.6335889495035
shift,1,Epsilon_Greedy,epsilon=0.05,57,144.6335889495035
shift,1,Epsilon_Greedy,epsilon=0.05,58,144.6335889495035
shift,1,Epsilon_Greedy,epsilon=0.05,59,144.6335889495035
shift,1,Epsilon_Greedy,epsilon=0.05,60,144.6335889495035
shift,1,Epsilon_Greedy,epsilon=0.05,61,144.6335889495035
shift,1,Epsilon_Greedy,epsilon=0.05,62,144.6335889495035
shift,1,Epsilon_Greedy,epsilon=0.05,63,144.6335889495035
shift,1,Epsilon_Greedy,epsilon=0.05,64,144.6335889495035
shift,1,Epsilon_Greedy,epsilon=0.05,65,144.6335889495035
shift,1,Epsilon_Greedy,epsilon=0.05,66,144.6335889495035
shift,1,Epsilon_Greedy,epsilon=0.05,67,144.6335889495035
shift,1,Epsilon_Greedy,epsilon=0.05,68,144.6335889495035
shift,1,Epsilon_Greedy,epsilon=0.05,69,144.6335889495035
shift,1,Epsilon_Greedy,epsilon=0.05,70,144.6335889495035
shift,1,Epsilon_Greedy,epsilon=0.05,71,144.6335889495035
shift,1,Epsilon_Greedy,epsilon=0.05,72,144.6335889495035
shift,1,Epsilon_Greedy,epsilon=0.05,73,145.91662456856758
shift,1,Epsilon_Greedy,epsilon=0.05,74,145.91662456856758
shift,1,Epsilon_Greedy,epsilon=0.05,75,154.34311942024172
shift,1,Epsilon_Greedy,epsilon=0.05,76,154.34311942024172
shift,1,Epsilon_Greedy,epsilon=0.05,77,154.34311942024172
shift,1,Epsilon_Greedy,epsilon=0.05,78,154.34311942024172
shift,1,Epsilon_Greedy,epsilon=0.05,79,154.34311942024172
shift,1,Epsilon_Greedy,epsilon=0.05,80,159.0207434380603
shift,1,Epsilon_Greedy,epsilon=0.05,81,159.25905495051177
shift,1,Epsilon_Greedy,epsilon=0.05,82,164.9119956099901
shift,1,Epsilon_Greedy,epsilon=0.05,83,171.29960385506448
shift,1,Epsilon_Greedy,epsilon=0.05,84,177.96106555973788
shift,1,Epsilon_Greedy,epsilon=0.05,85,183.6215723105875
shift,1,Epsilon_Greedy,epsilon=0.05,86,190.4604409048081
shift,1,Epsilon_Greedy,epsilon=0.05,87,195.76697577167738
shift,1,Epsilon_Greedy,epsilon=0.05,88,200.2877194731501
shift,1,Epsilon_Greedy,epsilon=0.05,89,207.29145608154602
shift,1,Epsilon_Greedy,epsilon=0.05,90,212.99423317957084
shift,1,Epsilon_Greedy,epsilon=0.05,91,220.9504623904583
shift,1,Epsilon_Greedy,epsilon=0.05,92,229.40939053993867
shift,1,Epsilon_Greedy,epsilon=0.05,93,235.0959408696381
shift,1,Epsilon_Greedy,epsilon=0.05,94,241.025577643712
shift,1,Epsilon_Greedy,epsilon=0.05,95,245.44475338335639
shift,1,Epsilon_Greedy,epsilon=0.05,96,249.41435652094916
shift,1,Epsilon_Greedy,epsilon=0.05,97,255.33776477554144
shift,1,Epsilon_Greedy,epsilon=0.05,98,262.7888606348134
shift,1,Epsilon_Greedy,epsilon=0.05,99,268.6938647318841
shift,1,Epsilon_Greedy,epsilon=0.1,0,7.163612899373399
shift,1,Epsilon_Greedy,epsilon=0.1,1,12.6661365574765
shift,1,Epsilon_Greedy,epsilon=0.1,2,18.06377293867299
shift,1,Epsilon_Greedy,epsilon=0.1,3,25.059190197736534
shift,1,Epsilon_Greedy,epsilon=0.1,4,32.031656686082925
shift,1,Epsilon_Greedy,epsilon=0.1,5,38.87489979675034
shift,1,Epsilon_Greedy,epsilon=0.1,6,46.797762677529555
shift,1,Epsilon_Greedy,epsilon=0.1,7,54.341441059580234
shift,1,Epsilon_Greedy,epsilon=0.1,8,60.32215288036531
shift,1,Epsilon_Greedy,epsilon=0.1,9,65.1024499424548
shift,1,Epsilon_Greedy,epsilon=0.1,10,72.46607282184527
shift,1,Epsilon_Greedy,epsilon=0.1,11,78.3601091281278
shift,1,Epsilon_Greedy,epsilon=0.1,12,87.10773222696224
shift,1,Epsilon_Greedy,epsilon=0.1,13,92.8919697457419
shift,1,Epsilon_Greedy,epsilon=0.1,14,96.59706959287308
shift,1,Epsilon_Greedy,epsilon=0.1,15,102.82625518713603
shift,1,Epsilon_Greedy,epsilon=0.1,16,102.91067031804776
shift,1,Epsilon_Greedy,epsilon=0.1,17,102.9999559964587
shift,1,Epsilon_Greedy,epsilon=0.1,18,108.96998757105972
shift,1,Epsilon_Greedy,epsilon=0.1,19,108.9866591656545
shift,1,Epsilon_Greedy,epsilon=0.1,20,120.50963748319664
shift,1,Epsilon_Greedy,epsilon=0.1,21,127.34331475051765
shift,1,Epsilon_Greedy,epsilon=0.1,22,127.34331475051765
shift,1,Epsilon_Greedy,epsilon=0.1,23,136.8720470322002
shift,1,Epsilon_Greedy,epsilon=0.1,24,136.8720470322002
shift,1,Epsilon_Greedy,epsilon=0.1,25,136.8720470322002
shift,1,Epsilon_Greedy,epsilon=0.1,26,136.8720470322002
shift,1,Epsilon_Greedy,epsilon=0.1,27,147.78878335141624
shift,1,Epsilon_Greedy,epsilon=0.1,28,147.78878335141624
shift,1,Epsilon_Greedy,epsilon=0.1,29,147.78878335141624
shift,1,Epsilon_Greedy,epsilon=0.1,30,147.78878335141624
shift,1,Epsilon_Greedy,epsilon=0.1,31,147.78878335141624
shift,1,Epsilon_Greedy,epsilon=0.1,32,147.78878335141624
shift,1,Epsilon_Greedy,epsilon=0.1,33,155.75646478722217
shift,1,Epsilon_Greedy,epsilon=0.1,34,155.75646478722217
shift,1,Epsilon_Greedy,epsilon=0.1,35,155.75646478722217
shift,1,Epsilon_Greedy,epsilon=0.1,36,155.75646478722217
shift,1,Epsilon_Greedy,epsilon=0.1,37,155.75646478722217
shift,1,Epsilon_Greedy,epsilon=0.1,38,155.75646478722217
shift,1,Epsilon_Greedy,epsilon=0.1,39,155.75646478722217
shift,1,Epsilon_Greedy,epsilon=0.1,40,155.75646478722217
shift,1,Epsilon_Greedy,epsilon=0.1,41,155.75646478722217
shift,1,Epsilon_Greedy,epsilon=0.1,42,155.75646478722217
shift,1,Epsilon_Greedy,epsilon=0.1,43,155.75646478722217
shift,1,Epsilon_Greedy,epsilon=0.1,44,155.75646478722217
shift,1,Epsilon_Greedy,epsilon=0.1,45,155.75646478722217
shift,1,Epsilon_Greedy,epsilon=0.1,46,155.75646478722217
shift,1,Epsilon_Greedy,epsilon=0.1,47,155.75646478722217
shift,1,Epsilon_Greedy,epsilon=0.1,48,155.75646478722217
shift,1,Epsilon_Greedy,epsilon=0.1,49,155.75646478722217
shift,1,Epsilon_Greedy,epsilon=0.1,50,155.75646478722217
shift,1,Epsilon_Greedy,epsilon=0.1,51,155.75646478722217
shift,1,Epsilon_Greedy,epsilon=0.1,52,155.75646478722217
shift,1,Epsilon_Greedy,epsilon=0.1,53,155.75646478722217
shift,1,Epsilon_Greedy,epsilon=0.1,54,155.75646478722217
shift,1,Epsilon_Greedy,epsilon=0.1,55,155.75646478722217
shift,1,Epsilon_Greedy,epsilon=0.1,56,155.75646478722217
shift,1,Epsilon_Greedy,epsilon=0.1,57,155.75646478722217
shift,1,Epsilon_Greedy,epsilon=0.1,58,155.75646478722217
shift,1,Epsilon_Greedy,epsilon=0.1,59,155.75646478722217
shift,1,Epsilon_Greedy,epsilon=0.1,60,155.75646478722217
shift,1,Epsilon_Greedy,epsilon=0.1,61,155.75646478722217
shift,1,Epsilon_Greedy,epsilon=0.1,62,155.75646478722217
shift,1,Epsilon_Greedy,epsilon=0.1,63,155.75646478722217
shift,1,Epsilon_Greedy,epsilon=0.1,64,155.75646478722217
shift,1,Epsilon_Greedy,epsilon=0.1,65,155.75646478722217
shift,1,Epsilon_Greedy,epsilon=0.1,66,155.75646478722217
shift,1,Epsilon_Greedy,epsilon=0.1,67,155.75646478722217
shift,1,Epsilon_Greedy,epsilon=0.1,68,155.75646478722217
shift,1,Epsilon_Greedy,epsilon=0.1,69,156.37512603966323
shift,1,Epsilon_Greedy,epsilon=0.1,70,156.37512603966323
shift,1,Epsilon_Greedy,epsilon=0.1,71,156.37512603966323
shift,1,Epsilon_Greedy,epsilon=0.1,72,156.37512603966323
shift,1,Epsilon_Greedy,epsilon=0.1,73,164.95666529091895
shift,1,Epsilon_Greedy,epsilon=0.1,74,164.95666529091895
shift,1,Epsilon_Greedy,epsilon=0.1,75,164.95666529091895
shift,1,Epsilon_Greedy,epsilon=0.1,76,164.95666529091895
shift,1,Epsilon_Greedy,epsilon=0.1,77,164.95666529091895
shift,1,Epsilon_Greedy,epsilon=0.1,78,164.95666529091895
shift,1,Epsilon_Greedy,epsilon=0.1,79,164.95666529091895
shift,1,Epsilon_Greedy,epsilon=0.1,80,169.63428930873752
shift,1,Epsilon_Greedy,epsilon=0.1,81,176.01304222695686
shift,1,Epsilon_Greedy,epsilon=0.1,82,178.45503654239232
shift,1,Epsilon_Greedy,epsilon=0.1,83,181.0679548220334
shift,1,Epsilon_Greedy,epsilon=0.1,84,184.18504196331136
shift,1,Epsilon_Greedy,epsilon=0.1,85,186.61512887687184
shift,1,Epsilon_Greedy,epsilon=0.1,86,189.58502668646278
shift,1,Epsilon_Greedy,epsilon=0.1,87,194.89156155333205
shift,1,Epsilon_Greedy,epsilon=0.1,88,195.4188663390346
shift,1,Epsilon_Greedy,epsilon=0.1,89,198.63267950194032
shift,1,Epsilon_Greedy,epsilon=0.1,90,201.03098401229923
shift,1,Epsilon_Greedy,epsilon=0.1,91,204.7901652007996
shift,1,Epsilon_Greedy,epsilon=0.1,92,210.58678499138114
shift,1,Epsilon_Greedy,epsilon=0.1,93,213.13673345707264
shift,1,Epsilon_Greedy,epsilon=0.1,94,215.69247936374637
shift,1,Epsilon_Greedy,epsilon=0.1,95,217.680176328341
shift,1,Epsilon_Greedy,epsilon=0.1,96,219.2109320983012
shift,1,Epsilon_Greedy,epsilon=0.1,97,221.90426612264557
shift,1,Epsilon_Greedy,epsilon=0.1,98,225.25340699546413
shift,1,Epsilon_Greedy,epsilon=0.1,99,227.78435932987298
shift,1,AdaptiveEpsilonGreedy,anomaly_sensitivity=0.3|base_epsilon=0.05|gamma=0.9|max_epsilon=0.5,0,7.163612899373399
shift,1,AdaptiveEpsilonGreedy,anomaly_sensitivity=0.3|base_epsilon=0.05|gamma=0.9|max_epsilon=0.5,1,7.627257551353745
shift,1,AdaptiveEpsilonGreedy,anomaly_sensitivity=0.3|base_epsilon=0.05|gamma=0.9|max_epsilon=0.5,2,7.729712388574154
shift,1,AdaptiveEpsilonGreedy,anomaly_sensitivity=0.3|base_epsilon=0.05|gamma=0.9|max_epsilon=0.5,3,12.437669362180092
shift,1,AdaptiveEpsilonGreedy,anomaly_sensitivity=0.3|base_epsilon=0.05|gamma=0.9|max_epsilon=0.5,4,15.541513515152184
shift,1,AdaptiveEpsilonGreedy,anomaly_sensitivity=0.3|base_epsilon=0.05|gamma=0.9|max_epsilon=0.5,5,15.753512395444563
shift,1,AdaptiveEpsilonGreedy,anomaly_sensitivity=0.3|base_epsilon=0.05|gamma=0.9|max_epsilon=0.5,6,23.676375276223773
shift,1,AdaptiveEpsilonGreedy,anomaly_sensitivity=0.3|base_epsilon=0.05|gamma=0.9|max_epsilon=0.5,7,23.676375276223773
shift,1,AdaptiveEpsilonGreedy,anomaly_sensitivity=0.3|base_epsilon=0.05|gamma=0.9|max_epsilon=0.5,8,23.676375276223773
shift,1,AdaptiveEpsilonGreedy,anomaly_sensitivity=0.3|base_epsilon=0.05|gamma=0.9|max_epsilon=0.5,9,23.96657392518175
shift,1,AdaptiveEpsilonGreedy,anomaly_sensitivity=0.3|base_epsilon=0.05|gamma=0.9|max_epsilon=0.5,10,24.194974545856052
shift,1,AdaptiveEpsilonGreedy,anomaly_sensitivity=0.3|base_epsilon=0.05|gamma=0.9|max_epsilon=0.5,11,24.427860132827348
shift,1,AdaptiveEpsilonGreedy,anomaly_sensitivity=0.3|base_epsilon=0.05|gamma=0.9|max_epsilon=0.5,12,24.46712927262086
shift,1,AdaptiveEpsilonGreedy,anomaly_sensitivity=0.3|base_epsilon=0.05|gamma=0.9|max_epsilon=0.5,13,24.741252488562964
shift,1,AdaptiveEpsilonGreedy,anomaly_sensitivity=0.3|base_epsilon=0.05|gamma=0.9|max_epsilon=0.5,14,24.788587604989274
shift,1,AdaptiveEpsilonGreedy,anomaly_sensitivity=0.3|base_epsilon=0.05|gamma=0.9|max_epsilon=0.5,15,24.857884111672433
shift,1,AdaptiveEpsilonGreedy,anomaly_sensitivity=0.3|base_epsilon=0.05|gamma=0.9|max_epsilon=0.5,16,24.857884111672433
shift,1,AdaptiveEpsilonGreedy,anomaly_sensitivity=0.3|base_epsilon=0.05|gamma=0.9|max_epsilon=0.5,17,24.929564283535974
shift,1,AdaptiveEpsilonGreedy,anomaly_sensitivity=0.3|base_epsilon=0.05|gamma=0.9|max_epsilon=0.5,18,25.455372852500695
shift,1,AdaptiveEpsilonGreedy,anomaly_sensitivity=0.3|base_epsilon=0.05|gamma=0.9|max_epsilon=0.5,19,25.455372852500695
shift,1,AdaptiveEpsilonGreedy,anomaly_sensitivity=0.3|base_epsilon=0.05|gamma=0.9|max_epsilon=0.5,20,38.39786788000882
shift,1,AdaptiveEpsilonGreedy,anomaly_sensitivity=0.3|base_epsilon=0.05|gamma=0.9|max_epsilon=0.5,21,45.24248827269516
shift,1,AdaptiveEpsilonGreedy,anomaly_sensitivity=0.3|base_epsilon=0.05|gamma=0.9|max_epsilon=0.5,22,53.08989063793386
shift,1,AdaptiveEpsilonGreedy,anomaly_sensitivity=0.3|base_epsilon=0.05|gamma=0.9|max_epsilon=0.5,23,61.56706148371286
shift,1,AdaptiveEpsilonGreedy,anomaly_sensitivity=0.3|base_epsilon=0.05|gamma=0.9|max_epsilon=0.5,24,72.93711628090031
shift,1,AdaptiveEpsilonGreedy,anomaly_sensitivity=0.3|base_epsilon=0.05|gamma=0.9|max_epsilon=0.5,25,85.09210598158917
shift,1,AdaptiveEpsilonGreedy,anomaly_sensitivity=0.3|base_epsilon=0.05|gamma=0.9|max_epsilon=0.5,26,101.620978589297
shift,1,AdaptiveEpsilonGreedy,anomaly_sensitivity=0.3|base_epsilon=0.05|gamma=0.9|max_epsilon=0.5,27,111.68211048271823
shift,1,AdaptiveEpsilonGreedy,anomaly_sensitivity=0.3|base_epsilon=0.05|gamma=0.9|max_epsilon=0.5,28,117.9435773958351
shift,1,AdaptiveEpsilonGreedy,anomaly_sensitivity=0.3|base_epsilon=0.05|gamma=0.9|max_epsilon=0.5,29,119.22540250211792
shift,1,AdaptiveEpsilonGreedy,anomaly_sensitivity=0.3|base_epsilon=0.05|gamma=0.9|max_epsilon=0.5,30,120.18265010752565
shift,1,AdaptiveEpsilonGreedy,anomaly_sensitivity=0.3|base_epsilon=0.05|gamma=0.9|max_epsilon=0.5,31,128.56472314053508
shift,1,AdaptiveEpsilonGreedy,anomaly_sensitivity=0.3|base_epsilon=0.05|gamma=0.9|max_epsilon=0.5,32,132.94191091919333
shift,1,AdaptiveEpsilonGreedy,anomaly_sensitivity=0.3|base_epsilon=0.05|gamma=0.9|max_epsilon=0.5,33,134.0028575951151
shift,1,AdaptiveEpsilonGreedy,anomaly_sensitivity=0.3|base_epsilon=0.05|gamma=0.9|max_epsilon=0.5,34,134.0028575951151
shift,1,AdaptiveEpsilonGreedy,anomaly_sensitivity=0.3|base_epsilon=0.05|gamma=0.9|max_epsilon=0.5,35,140.3265952313169
shift,1,AdaptiveEpsilonGreedy,anomaly_sensitivity=0.3|base_epsilon=0.05|gamma=0.9|max_epsilon=0.5,36,146.42767116833278
shift,1,AdaptiveEpsilonGreedy,anomaly_sensitivity=0.3|base_epsilon=0.05|gamma=0.9|max_epsilon=0.5,37,156.856039194344
shift,1,AdaptiveEpsilonGreedy,anomaly_sensitivity=0.3|base_epsilon=0.05|gamma=0.9|max_epsilon=0.5,38,166.69218652540945
shift,1,AdaptiveEpsilonGreedy,anomaly_sensitivity=0.3|base_epsilon=0.05|gamma=0.9|max_epsilon=0.5,39,181.8086301648942
shift,1,AdaptiveEpsilonGreedy,anomaly_sensitivity=0.3|base_epsilon=0.05|gamma=0.9|max_epsilon=0.5,40,192.04717485256094
shift,1,AdaptiveEpsilonGreedy,anomaly_sensitivity=0.3|base_epsilon=0.05|gamma=0.9|max_epsilon=0.5,41,199.97452717033752
shift,1,AdaptiveEpsilonGreedy,anomaly_sensitivity=0.3|base_epsilon=0.05|gamma=0.9|max_epsilon=0.5,42,213.02185676822472
shift,1,AdaptiveEpsilonGreedy,anomaly_sensitivity=0.3|base_epsilon=0.05|gamma=0.9|max_epsilon=0.5,43,221.0659609712991
shift,1,AdaptiveEpsilonGreedy,anomaly_sensitivity=0.3|base_epsilon=0.05|gamma=0.9|max_epsilon=0.5,44,221.0659609712991
shift,1,AdaptiveEpsilonGreedy,anomaly_sensitivity=0.3|base_epsilon=0.05|gamma=0.9|max_epsilon=0.5,45,224.11490995501293
shift,1,AdaptiveEpsilonGreedy,anomaly_sensitivity=0.3|base_epsilon=0.05|gamma=0.9|max_epsilon=0.5,46,225.99879406631632
shift,1,AdaptiveEpsilonGreedy,anomaly_sensitivity=0.3|base_epsilon=0.05|gamma=0.9|max_epsilon=0.5,47,225.99879406631632
shift,1,AdaptiveEpsilonGreedy,anomaly_sensitivity=0.3|base_epsilon=0.05|gamma=0.9|max_epsilon=0.5,48,234.6627647429447
shift,1,AdaptiveEpsilonGreedy,anomaly_sensitivity=0.3|base_epsilon=0.05|gamma=0.9|max_epsilon=0.5,49,234.6627647429447
shift,1,AdaptiveEpsilonGreedy,anomaly_sensitivity=0.3|base_epsilon=0.05|gamma=0.9|max_epsilon=0.5,50,245.86721830401433
shift,1,AdaptiveEpsilonGreedy,anomaly_sensitivity=0.3|base_epsilon=0.05|gamma=0.9|max_epsilon=0.5,51,251.1724819481779
shift,1,AdaptiveEpsilonGreedy,anomaly_sensitivity=0.3|base_epsilon=0.05|gamma=0.9|max_epsilon=0.5,52,253.93674109564193
shift,1,AdaptiveEpsilonGreedy,anomaly_sensitivity=0.3|base_epsilon=0.05|gamma=0.9|max_epsilon=0.5,53,253.93674109564193
shift,1,AdaptiveEpsilonGreedy,anomaly_sensitivity=0.3|base_epsilon=0.05|gamma=0.9|max_epsilon=0.5,54,254.51210655539631
shift,1,AdaptiveEpsilonGreedy,anomaly_sensitivity=0.3|base_epsilon=0.05|gamma=0.9|max_epsilon=0.5,55,254.51210655539631
shift,1,AdaptiveEpsilonGreedy,anomaly_sensitivity=0.3|base_epsilon=0.05|gamma=0.9|max_epsilon=0.5,56,254.51210655539631
shift,1,AdaptiveEpsilonGreedy,anomaly_sensitivity=0.3|base_epsilon=0.05|gamma=0.9|max_epsilon=0.5,57,257.44669184306116
shift,1,AdaptiveEpsilonGreedy,anomaly_sensitivity=0.3|base_epsilon=0.05|gamma=0.9|max_epsilon=0.5,58,272.6157510885176
shift,1,AdaptiveEpsilonGreedy,anomaly_sensitivity=0.3|base_epsilon=0.05|gamma=0.9|max_epsilon=0.5,59,272.6157510885176
shift,1,AdaptiveEpsilonGreedy,anomaly_sensitivity=0.3|base_epsilon=0.05|gamma=0.9|max_epsilon=0.5,60,272.6157510885176
shift,1,AdaptiveEpsilonGreedy,anomaly_sensitivity=0.3|base_epsilon=0.05|gamma=0.9|max_epsilon=0.5,61,279.6103311683271
shift,1,AdaptiveEpsilonGreedy,anomaly_sensitivity=0.3|base_epsilon=0.05|gamma=0.9|max_epsilon=0.5,62,280.7654795342518
shift,1,AdaptiveEpsilonGreedy,anomaly_sensitivity=0.3|base_epsilon=0.05|gamma=0.9|max_epsilon=0.5,63,283.002782189712
shift,1,AdaptiveEpsilonGreedy,anomaly_sensitivity=0.3|base_epsilon=0.05|gamma=0.9|max_epsilon=0.5,64,291.2160031534151
shift,1,AdaptiveEpsilonGreedy,anomaly_sensitivity=0.3|base_epsilon=0.05|gamma=0.9|max_epsilon=0.5,65,299.61912146279053
shift,1,AdaptiveEpsilonGreedy,anomaly_sensitivity=0.3|base_epsilon=0.05|gamma=0.9|max_epsilon=0.5,66,318.86832347849077
shift,1,AdaptiveEpsilonGreedy,anomaly_sensitivity=0.3|base_epsilon=0.05|gamma=0.9|max_epsilon=0.5,67,326.1391915878235
shift,1,AdaptiveEpsilonGreedy,anomaly_sensitivity=0.3|base_epsilon=0.05|gamma=0.9|max_epsilon=0.5,68,332.7431039191681
shift,1,AdaptiveEpsilonGreedy,anomaly_sensitivity=0.3|base_epsilon=0.05|gamma=0.9|max_epsilon=0.5,69,332.7431039191681
shift,1,AdaptiveEpsilonGreedy,anomaly_sensitivity=0.3|base_epsilon=0.05|gamma=0.9|max_epsilon=0.5,70,344.1955434049376
shift,1,AdaptiveEpsilonGreedy,anomaly_sensitivity=0.3|base_epsilon=0.05|gamma=0.9|max_epsilon=0.5,71,345.4000769626559
shift,1,AdaptiveEpsilonGreedy,anomaly_sensitivity=0.3|base_epsilon=0.05|gamma=0.9|max_epsilon=0.5,72,349.14773105582015
shift,1,AdaptiveEpsilonGreedy,anomaly_sensitivity=0.3|base_epsilon=0.05|gamma=0.9|max_epsilon=0.5,73,357.7700997036805
shift,1,AdaptiveEpsilonGreedy,anomaly_sensitivity=0.3|base_epsilon=0.05|gamma=0.9|max_epsilon=0.5,74,366.6138560610011
shift,1,AdaptiveEpsilonGreedy,anomaly_sensitivity=0.3|base_epsilon=0.05|gamma=0.9|max_epsilon=0.5,75,376.67916996050064
shift,1,AdaptiveEpsilonGreedy,anomaly_sensitivity=0.3|base_epsilon=0.05|gamma=0.9|max_epsilon=0.5,76,376.67916996050064
shift,1,AdaptiveEpsilonGreedy,anomaly_sensitivity=0.3|base_epsilon=0.05|gamma=0.9|max_epsilon=0.5,77,388.45865762333335
shift,1,AdaptiveEpsilonGreedy,anomaly_sensitivity=0.3|base_epsilon=0.05|gamma=0.9|max_epsilon=0.5,78,390.94423924541064
shift,1,AdaptiveEpsilonGreedy,anomaly_sensitivity=0.3|base_epsilon=0.05|gamma=0.9|max_epsilon=0.5,79,403.50152914799844
shift,1,AdaptiveEpsilonGreedy,anomaly_sensitivity=0.3|base_epsilon=0.05|gamma=0.9|max_epsilon=0.5,80,403.9992116104516
shift,1,AdaptiveEpsilonGreedy,anomaly_sensitivity=0.3|base_epsilon=0.05|gamma=0.9|max_epsilon=0.5,81,404.761269414641
shift,1,AdaptiveEpsilonGreedy,anomaly_sensitivity=0.3|base_epsilon=0.05|gamma=0.9|max_epsilon=0.5,82,404.761269414641
shift,1,AdaptiveEpsilonGreedy,anomaly_sensitivity=0.3|base_epsilon=0.05|gamma=0.9|max_epsilon=0.5,83,405.5467236943617
shift,1,AdaptiveEpsilonGreedy,anomaly_sensitivity=0.3|base_epsilon=0.05|gamma=0.9|max_epsilon=0.5,84,406.4706338660544
shift,1,AdaptiveEpsilonGreedy,anomaly_sensitivity=0.3|base_epsilon=0.05|gamma=0.9|max_epsilon=0.5,85,407.2901630938145
shift,1,AdaptiveEpsilonGreedy,anomaly_sensitivity=0.3|base_epsilon=0.05|gamma=0.9|max_epsilon=0.5,86,408.0760254777014
shift,1,AdaptiveEpsilonGreedy,anomaly_sensitivity=0.3|base_epsilon=0.05|gamma=0.9|max_epsilon=0.5,87,408.7436665554102
shift,1,AdaptiveEpsilonGreedy,anomaly_sensitivity=0.3|base_epsilon=0.05|gamma=0.9|max_epsilon=0.5,88,409.0517227841722
shift,1,AdaptiveEpsilonGreedy,anomaly_sensitivity=0.3|base_epsilon=0.05|gamma=0.9|max_epsilon=0.5,89,409.94736331870024
shift,1,AdaptiveEpsilonGreedy,anomaly_sensitivity=0.3|base_epsilon=0.05|gamma=0.9|max_epsilon=0.5,90,410.84260653362423
shift,1,AdaptiveEpsilonGreedy,anomaly_sensitivity=0.3|base_epsilon=0.05|gamma=0.9|max_epsilon=0.5,91,412.11711447068916
shift,1,AdaptiveEpsilonGreedy,anomaly_sensitivity=0.3|base_epsilon=0.05|gamma=0.9|max_epsilon=0.5,92,413.45486878605027
shift,1,AdaptiveEpsilonGreedy,anomaly_sensitivity=0.3|base_epsilon=0.05|gamma=0.9|max_epsilon=0.5,93,414.1971543901339
shift,1,AdaptiveEpsilonGreedy,anomaly_sensitivity=0.3|base_epsilon=0.05|gamma=0.9|max_epsilon=0.5,94,414.8718884175728
shift,1,AdaptiveEpsilonGreedy,anomaly_sensitivity=0.3|base_epsilon=0.05|gamma=0.9|max_epsilon=0.5,95,415.25996092154526
shift,1,AdaptiveEpsilonGreedy,anomaly_sensitivity=0.3|base_epsilon=0.05|gamma=0.9|max_epsilon=0.5,96,415.67082425999206
shift,1,AdaptiveEpsilonGreedy,anomaly_sensitivity=0.3|base_epsilon=0.05|gamma=0.9|max_epsilon=0.5,97,416.59221391908744
shift,1,AdaptiveEpsilonGreedy,anomaly_sensitivity=0.3|base_epsilon=0.05|gamma=0.9|max_epsilon=0.5,98,417.65226395769406
shift,1,AdaptiveEpsilonGreedy,anomaly_sensitivity=0.3|base_epsilon=0.05|gamma=0.9|max_epsilon=0.5,99,418.4072752691483
shift,1,AdaptiveEpsilonGreedy,anomaly_sensitivity=0.5|base_epsilon=0.05|gamma=0.9|max_epsilon=0.5,0,7.163612899373399
shift,1,AdaptiveEpsilonGreedy,anomaly_sensitivity=0.5|base_epsilon=0.05|gamma=0.9|max_epsilon=0.5,1,7.163612899373399
shift,1,AdaptiveEpsilonGreedy,anomaly_sensitivity=0.5|base_epsilon=0.05|gamma=0.9|max_epsilon=0.5,2,7.7044915272354615
shift,1,AdaptiveEpsilonGreedy,anomaly_sensitivity=0.5|base_epsilon=0.05|gamma=0.9|max_epsilon=0.5,3,8.616581867338446
shift,1,AdaptiveEpsilonGreedy,anomaly_sensitivity=0.5|base_epsilon=0.05|gamma=0.9|max_epsilon=0.5,4,15.589048355684838
shift,1,AdaptiveEpsilonGreedy,anomaly_sensitivity=0.5|base_epsilon=0.05|gamma=0.9|max_epsilon=0.5,5,20.076104357108704
shift,1,AdaptiveEpsilonGreedy,anomaly_sensitivity=0.5|base_epsilon=0.05|gamma=0.9|max_epsilon=0.5,6,20.195886381832025
shift,1,AdaptiveEpsilonGreedy,anomaly_sensitivity=0.5|base_epsilon=0.05|gamma=0.9|max_epsilon=0.5,7,23.730968633160234
shift,1,AdaptiveEpsilonGreedy,anomaly_sensitivity=0.5|base_epsilon=0.05|gamma=0.9|max_epsilon=0.5,8,23.75098136462038
shift,1,AdaptiveEpsilonGreedy,anomaly_sensitivity=0.5|base_epsilon=0.05|gamma=0.9|max_epsilon=0.5,9,23.885403848852363
shift,1,AdaptiveEpsilonGreedy,anomaly_sensitivity=0.5|base_epsilon=0.05|gamma=0.9|max_epsilon=0.5,10,24.631214495128344
shift,1,AdaptiveEpsilonGreedy,anomaly_sensitivity=0.5|base_epsilon=0.05|gamma=0.9|max_epsilon=0.5,11,24.86410008209964
shift,1,AdaptiveEpsilonGreedy,anomaly_sensitivity=0.5|base_epsilon=0.05|gamma=0.9|max_epsilon=0.5,12,24.90336922189315
shift,1,AdaptiveEpsilonGreedy,anomaly_sensitivity=0.5|base_epsilon=0.05|gamma=0.9|max_epsilon=0.5,13,25.33516002506467
shift,1,AdaptiveEpsilonGreedy,anomaly_sensitivity=0.5|base_epsilon=0.05|gamma=0.9|max_epsilon=0.5,14,25.49732060822097
shift,1,AdaptiveEpsilonGreedy,anomaly_sensitivity=0.5|base_epsilon=0.05|gamma=0.9|max_epsilon=0.5,15,25.56661711490413
shift,1,AdaptiveEpsilonGreedy,anomaly_sensitivity=0.5|base_epsilon=0.05|gamma=0.9|max_epsilon=0.5,16,25.56661711490413
shift,1,AdaptiveEpsilonGreedy,anomaly_sensitivity=0.5|base_epsilon=0.05|gamma=0.9|max_epsilon=0.5,17,25.633638274823724
shift,1,AdaptiveEpsilonGreedy,anomaly_sensitivity=0.5|base_epsilon=0.05|gamma=0.9|max_epsilon=0.5,18,25.636252282614286
shift,1,AdaptiveEpsilonGreedy,anomaly_sensitivity=0.5|base_epsilon=0.05|gamma=0.9|max_epsilon=0.5,19,25.636252282614286
shift,1,AdaptiveEpsilonGreedy,anomaly_sensitivity=0.5|base_epsilon=0.05|gamma=0.9|max_epsilon=0.5,20,38.4731442486547
shift,1,AdaptiveEpsilonGreedy,anomaly_sensitivity=0.5|base_epsilon=0.05|gamma=0.9|max_epsilon=0.5,21,45.81911393518209
shift,1,AdaptiveEpsilonGreedy,anomaly_sensitivity=0.5|base_epsilon=0.05|gamma=0.9|max_epsilon=0.5,22,53.420702163923956
shift,1,AdaptiveEpsilonGreedy,anomaly_sensitivity=0.5|base_epsilon=0.05|gamma=0.9|max_epsilon=0.5,23,63.20310108037938
shift,1,AdaptiveEpsilonGreedy,anomaly_sensitivity=0.5|base_epsilon=0.05|gamma=0.9|max_epsilon=0.5,24,65.85642914612384
shift,1,AdaptiveEpsilonGreedy,anomaly_sensitivity=0.5|base_epsilon=0.05|gamma=0.9|max_epsilon=0.5,25,78.0114188468127
shift,1,AdaptiveEpsilonGreedy,anomaly_sensitivity=0.5|base_epsilon=0.05|gamma=0.9|max_epsilon=0.5,26,94.54029145452053
shift,1,AdaptiveEpsilonGreedy,anomaly_sensitivity=0.5|base_epsilon=0.05|gamma=0.9|max_epsilon=0.5,27,106.3944372734263
shift,1,AdaptiveEpsilonGreedy,anomaly_sensitivity=0.5|base_epsilon=0.05|gamma=0.9|max_epsilon=0.5,28,111.45178957162663
shift,1,AdaptiveEpsilonGreedy,anomaly_sensitivity=0.5|base_epsilon=0.05|gamma=0.9|max_epsilon=0.5,29,116.55909693978275
shift,1,AdaptiveEpsilonGreedy,anomaly_sensitivity=0.5|base_epsilon=0.05|gamma=0.9|max_epsilon=0.5,30,125.17846961912173
shift,1,AdaptiveEpsilonGreedy,anomaly_sensitivity=0.5|base_epsilon=0.05|gamma=0.9|max_epsilon=0.5,31,126.45442938144922
shift,1,AdaptiveEpsilonGreedy,anomaly_sensitivity=0.5|base_epsilon=0.05|gamma=0.9|max_epsilon=0.5,32,126.45442938144922
shift,1,AdaptiveEpsilonGreedy,anomaly_sensitivity=0.5|base_epsilon=0.05|gamma=0.9|max_epsilon=0.5,33,135.62988158507952
shift,1,AdaptiveEpsilonGreedy,anomaly_sensitivity=0.5|base_epsilon=0.05|gamma=0.9|max_epsilon=0.5,34,137.38679458452165
shift,1,AdaptiveEpsilonGreedy,anomaly_sensitivity=0.5|base_epsilon=0.05|gamma=0.9|max_epsilon=0.5,35,138.47663759540052
shift,1,AdaptiveEpsilonGreedy,anomaly_sensitivity=0.5|base_epsilon=0.05|gamma=0.9|max_epsilon=0.5,36,144.5777135324164
shift,1,AdaptiveEpsilonGreedy,anomaly_sensitivity=0.5|base_epsilon=0.05|gamma=0.9|max_epsilon=0.5,37,155.33029829675036
shift,1,AdaptiveEpsilonGreedy,anomaly_sensitivity=0.5|base_epsilon=0.05|gamma=0.9|max_epsilon=0.5,38,164.06462385238217
shift,1,AdaptiveEpsilonGreedy,anomaly_sensitivity=0.5|base_epsilon=0.05|gamma=0.9|max_epsilon=0.5,39,179.90479750035945
shift,1,AdaptiveEpsilonGreedy,anomaly_sensitivity=0.5|base_epsilon=0.05|gamma=0.9|max_epsilon=0.5,40,187.2888156180238
shift,1,AdaptiveEpsilonGreedy,anomaly_sensitivity=0.5|base_epsilon=0.05|gamma=0.9|max_epsilon=0.5,41,195.01784737351574
shift,1,AdaptiveEpsilonGreedy,anomaly_sensitivity=0.5|base_epsilon=0.05|gamma=0.9|max_epsilon=0.5,42,207.501488606349
shift,1,AdaptiveEpsilonGreedy,anomaly_sensitivity=0.5|base_epsilon=0.05|gamma=0.9|max_epsilon=0.5,43,207.501488606349
shift,1,AdaptiveEpsilonGreedy,anomaly_sensitivity=0.5|base_epsilon=0.05|gamma=0.9|max_epsilon=0.5,44,214.39483741792606
shift,1,AdaptiveEpsilonGreedy,anomaly_sensitivity=0.5|base_epsilon=0.05|gamma=0.9|max_epsilon=0.5,45,217.4437864016399
shift,1,AdaptiveEpsilonGreedy,anomaly_sensitivity=0.5|base_epsilon=0.05|gamma=0.9|max_epsilon=0.5,46,219.32767051294329
shift,1,AdaptiveEpsilonGreedy,anomaly_sensitivity=0.5|base_epsilon=0.05|gamma=0.9|max_epsilon=0.5,47,219.32767051294329
shift,1,AdaptiveEpsilonGreedy,anomaly_sensitivity=0.5|base_epsilon=0.05|gamma=0.9|max_epsilon=0.5,48,227.99164118957165
shift,1,AdaptiveEpsilonGreedy,anomaly_sensitivity=0.5|base_epsilon=0.05|gamma=0.9|max_epsilon=0.5,49,235.15112903644874
shift,1,AdaptiveEpsilonGreedy,anomaly_sensitivity=0.5|base_epsilon=0.05|gamma=0.9|max_epsilon=0.5,50,246.717956811452
shift,1,AdaptiveEpsilonGreedy,anomaly_sensitivity=0.5|base_epsilon=0.05|gamma=0.9|max_epsilon=0.5,51,248.16221046780754
shift,1,AdaptiveEpsilonGreedy,anomaly_sensitivity=0.5|base_epsilon=0.05|gamma=0.9|max_epsilon=0.5,52,248.16221046780754
shift,1,AdaptiveEpsilonGreedy,anomaly_sensitivity=0.5|base_epsilon=0.05|gamma=0.9|max_epsilon=0.5,53,248.16221046780754
shift,1,AdaptiveEpsilonGreedy,anomaly_sensitivity=0.5|base_epsilon=0.05|gamma=0.9|max_epsilon=0.5,54,248.73757592756192
shift,1,AdaptiveEpsilonGreedy,anomaly_sensitivity=0.5|base_epsilon=0.05|gamma=0.9|max_epsilon=0.5,55,249.2081196069474
shift,1,AdaptiveEpsilonGreedy,anomaly_sensitivity=0.5|base_epsilon=0.05|gamma=0.9|max_epsilon=0.5,56,257.1783723376698
shift,1,AdaptiveEpsilonGreedy,anomaly_sensitivity=0.5|base_epsilon=0.05|gamma=0.9|max_epsilon=0.5,57,257.1783723376698
shift,1,AdaptiveEpsilonGreedy,anomaly_sensitivity=0.5|base_epsilon=0.05|gamma=0.9|max_epsilon=0.5,58,257.1783723376698
shift,1,AdaptiveEpsilonGreedy,anomaly_sensitivity=0.5|base_epsilon=0.05|gamma=0.9|max_epsilon=0.5,59,265.0418162451892
shift,1,AdaptiveEpsilonGreedy,anomaly_sensitivity=0.5|base_epsilon=0.05|gamma=0.9|max_epsilon=0.5,60,278.0813920634739
shift,1,AdaptiveEpsilonGreedy,anomaly_sensitivity=0.5|base_epsilon=0.05|gamma=0.9|max_epsilon=0.5,61,280.594326432005
shift,1,AdaptiveEpsilonGreedy,anomaly_sensitivity=0.5|base_epsilon=0.05|gamma=0.9|max_epsilon=0.5,62,288.46852847801176
shift,1,AdaptiveEpsilonGreedy,anomaly_sensitivity=0.5|base_epsilon=0.05|gamma=0.9|max_epsilon=0.5,63,295.56552008203425
shift,1,AdaptiveEpsilonGreedy,anomaly_sensitivity=0.5|base_epsilon=0.05|gamma=0.9|max_epsilon=0.5,64,304.15577638978766
shift,1,AdaptiveEpsilonGreedy,anomaly_sensitivity=0.5|base_epsilon=0.05|gamma=0.9|max_epsilon=0.5,65,304.15577638978766
shift,1,AdaptiveEpsilonGreedy,anomaly_sensitivity=0.5|base_epsilon=0.05|gamma=0.9|max_epsilon=0.5,66,306.8142943503273
shift,1,AdaptiveEpsilonGreedy,anomaly_sensitivity=0.5|base_epsilon=0.05|gamma=0.9|max_epsilon=0.5,67,314.08516245966007
shift,1,AdaptiveEpsilonGreedy,anomaly_sensitivity=0.5|base_epsilon=0.05|gamma=0.9|max_epsilon=0.5,68,320.56355113249555
shift,1,AdaptiveEpsilonGreedy,anomaly_sensitivity=0.5|base_epsilon=0.05|gamma=0.9|max_epsilon=0.5,69,325.7974892154074
shift,1,AdaptiveEpsilonGreedy,anomaly_sensitivity=0.5|base_epsilon=0.05|gamma=0.9|max_epsilon=0.5,70,338.125014541765
shift,1,AdaptiveEpsilonGreedy,anomaly_sensitivity=0.5|base_epsilon=0.05|gamma=0.9|max_epsilon=0.5,71,340.42726752455616
shift,1,AdaptiveEpsilonGreedy,anomaly_sensitivity=0.5|base_epsilon=0.05|gamma=0.9|max_epsilon=0.5,72,353.8636849610171
shift,1,AdaptiveEpsilonGreedy,anomaly_sensitivity=0.5|base_epsilon=0.05|gamma=0.9|max_epsilon=0.5,73,353.8636849610171
shift,1,AdaptiveEpsilonGreedy,anomaly_sensitivity=0.5|base_epsilon=0.05|gamma=0.9|max_epsilon=0.5,74,355.0289109928364
shift,1,AdaptiveEpsilonGreedy,anomaly_sensitivity=0.5|base_epsilon=0.05|gamma=0.9|max_epsilon=0.5,75,364.8174951646861
shift,1,AdaptiveEpsilonGreedy,anomaly_sensitivity=0.5|base_epsilon=0.05|gamma=0.9|max_epsilon=0.5,76,366.7888834664807
shift,1,AdaptiveEpsilonGreedy,anomaly_sensitivity=0.5|base_epsilon=0.05|gamma=0.9|max_epsilon=0.5,77,370.045957207222
shift,1,AdaptiveEpsilonGreedy,anomaly_sensitivity=0.5|base_epsilon=0.05|gamma=0.9|max_epsilon=0.5,78,370.045957207222
shift,1,AdaptiveEpsilonGreedy,anomaly_sensitivity=0.5|base_epsilon=0.05|gamma=0.9|max_epsilon=0.5,79,380.4361269896793
shift,1,AdaptiveEpsilonGreedy,anomaly_sensitivity=0.5|base_epsilon=0.05|gamma=0.9|max_epsilon=0.5,80,380.52820809579856
shift,1,AdaptiveEpsilonGreedy,anomaly_sensitivity=0.5|base_epsilon=0.05|gamma=0.9|max_epsilon=0.5,81,384.7915669877036
shift,1,AdaptiveEpsilonGreedy,anomaly_sensitivity=0.5|base_epsilon=0.05|gamma=0.9|max_epsilon=0.5,82,388.5511529179311
shift,1,AdaptiveEpsilonGreedy,anomaly_sensitivity=0.5|base_epsilon=0.05|gamma=0.9|max_epsilon=0.5,83,392.6106483801103
shift,1,AdaptiveEpsilonGreedy,anomaly_sensitivity=0.5|base_epsilon=0.05|gamma=0.9|max_epsilon=0.5,84,397.2612512197527
shift,1,AdaptiveEpsilonGreedy,anomaly_sensitivity=0.5|base_epsilon=0.05|gamma=0.9|max_epsilon=0.5,85,400.96840273871413
shift,1,AdaptiveEpsilonGreedy,anomaly_sensitivity=0.5|base_epsilon=0.05|gamma=0.9|max_epsilon=0.5,86,405.53248461051373
shift,1,AdaptiveEpsilonGreedy,anomaly_sensitivity=0.5|base_epsilon=0.05|gamma=0.9|max_epsilon=0.5,87,405.5672689388642
shift,1,AdaptiveEpsilonGreedy,anomaly_sensitivity=0.5|base_epsilon=0.05|gamma=0.9|max_epsilon=0.5,88,405.62210146374
shift,1,AdaptiveEpsilonGreedy,anomaly_sensitivity=0.5|base_epsilon=0.05|gamma=0.9|max_epsilon=0.5,89,405.62210146374
shift,1,AdaptiveEpsilonGreedy,anomaly_sensitivity=0.5|base_epsilon=0.05|gamma=0.9|max_epsilon=0.5,90,405.6829838168818
shift,1,AdaptiveEpsilonGreedy,anomaly_sensitivity=0.5|base_epsilon=0.05|gamma=0.9|max_epsilon=0.5,91,405.84000310540677
shift,1,AdaptiveEpsilonGreedy,anomaly_sensitivity=0.5|base_epsilon=0.05|gamma=0.9|max_epsilon=0.5,92,405.84000310540677
shift,1,AdaptiveEpsilonGreedy,anomaly_sensitivity=0.5|base_epsilon=0.05|gamma=0.9|max_epsilon=0.5,93,405.9055164015346
shift,1,AdaptiveEpsilonGreedy,anomaly_sensitivity=0.5|base_epsilon=0.05|gamma=0.9|max_epsilon=0.5,94,406.39945761775385
shift,1,AdaptiveEpsilonGreedy,anomaly_sensitivity=0.5|base_epsilon=0.05|gamma=0.9|max_epsilon=0.5,95,406.41365189681505
shift,1,AdaptiveEpsilonGreedy,anomaly_sensitivity=0.5|base_epsilon=0.05|gamma=0.9|max_epsilon=0.5,96,406.608023587193
shift,1,AdaptiveEpsilonGreedy,anomaly_sensitivity=0.5|base_epsilon=0.05|gamma=0.9|max_epsilon=0.5,97,406.82218342651566
shift,1,AdaptiveEpsilonGreedy,anomaly_sensitivity=0.5|base_epsilon=0.05|gamma=0.9|max_epsilon=0.5,98,406.83908612707916
shift,1,AdaptiveEpsilonGreedy,anomaly_sensitivity=0.5|base_epsilon=0.05|gamma=0.9|max_epsilon=0.5,99,406.84823714686354
shift,1,AdaptiveEpsilonGreedy,anomaly_sensitivity=0.3|base_epsilon=0.1|gamma=0.9|max_epsilon=0.5,0,7.163612899373399
shift,1,AdaptiveEpsilonGreedy,anomaly_sensitivity=0.3|base_epsilon=0.1|gamma=0.9|max_epsilon=0.5,1,7.627257551353745
shift,1,AdaptiveEpsilonGreedy,anomaly_sensitivity=0.3|base_epsilon=0.1|gamma=0.9|max_epsilon=0.5,2,11.083498175112688
shift,1,AdaptiveEpsilonGreedy,anomaly_sensitivity=0.3|base_epsilon=0.1|gamma=0.9|max_epsilon=0.5,3,11.41699340118796
shift,1,AdaptiveEpsilonGreedy,anomaly_sensitivity=0.3|base_epsilon=0.1|gamma=0.9|max_epsilon=0.5,4,11.58540844682893
shift,1,AdaptiveEpsilonGreedy,anomaly_sensitivity=0.3|base_epsilon=0.1|gamma=0.9|max_epsilon=0.5,5,12.424136440179893
shift,1,AdaptiveEpsilonGreedy,anomaly_sensitivity=0.3|base_epsilon=0.1|gamma=0.9|max_epsilon=0.5,6,15.975024869733645
shift,1,AdaptiveEpsilonGreedy,anomaly_sensitivity=0.3|base_epsilon=0.1|gamma=0.9|max_epsilon=0.5,7,21.141759778265033
shift,1,AdaptiveEpsilonGreedy,anomaly_sensitivity=0.3|base_epsilon=0.1|gamma=0.9|max_epsilon=0.5,8,21.232427262369402
shift,1,AdaptiveEpsilonGreedy,anomaly_sensitivity=0.3|base_epsilon=0.1|gamma=0.9|max_epsilon=0.5,9,21.232427262369402
shift,1,AdaptiveEpsilonGreedy,anomaly_sensitivity=0.3|base_epsilon=0.1|gamma=0.9|max_epsilon=0.5,10,21.422536069656882
shift,1,AdaptiveEpsilonGreedy,anomaly_sensitivity=0.3|base_epsilon=0.1|gamma=0.9|max_epsilon=0.5,11,22.01711361302864
shift,1,AdaptiveEpsilonGreedy,anomaly_sensitivity=0.3|base_epsilon=0.1|gamma=0.9|max_epsilon=0.5,12,22.056382752822152
shift,1,AdaptiveEpsilonGreedy,anomaly_sensitivity=0.3|base_epsilon=0.1|gamma=0.9|max_epsilon=0.5,13,22.330505968764257
shift,1,AdaptiveEpsilonGreedy,anomaly_sensitivity=0.3|base_epsilon=0.1|gamma=0.9|max_epsilon=0.5,14,22.480871668052632
shift,1,AdaptiveEpsilonGreedy,anomaly_sensitivity=0.3|base_epsilon=0.1|gamma=0.9|max_epsilon=0.5,15,22.726546036674254
shift,1,AdaptiveEpsilonGreedy,anomaly_sensitivity=0.3|base_epsilon=0.1|gamma=0.9|max_epsilon=0.5,16,22.726546036674254
shift,1,AdaptiveEpsilonGreedy,anomaly_sensitivity=0.3|base_epsilon=0.1|gamma=0.9|max_epsilon=0.5,17,22.726546036674254
shift,1,AdaptiveEpsilonGreedy,anomaly_sensitivity=0.3|base_epsilon=0.1|gamma=0.9|max_epsilon=0.5,18,22.729160044464816
shift,1,AdaptiveEpsilonGreedy,anomaly_sensitivity=0.3|base_epsilon=0.1|gamma=0.9|max_epsilon=0.5,19,22.806718663155714
shift,1,AdaptiveEpsilonGreedy,anomaly_sensitivity=0.3|base_epsilon=0.1|gamma=0.9|max_epsilon=0.5,20,34.32969698069785
shift,1,AdaptiveEpsilonGreedy,anomaly_sensitivity=0.3|base_epsilon=0.1|gamma=0.9|max_epsilon=0.5,21,41.3665146772428
shift,1,AdaptiveEpsilonGreedy,anomaly_sensitivity=0.3|base_epsilon=0.1|gamma=0.9|max_epsilon=0.5,22,48.41743880038477
shift,1,AdaptiveEpsilonGreedy,anomaly_sensitivity=0.3|base_epsilon=0.1|gamma=0.9|max_epsilon=0.5,23,58.992701952899985
shift,1,AdaptiveEpsilonGreedy,anomaly_sensitivity=0.3|base_epsilon=0.1|gamma=0.9|max_epsilon=0.5,24,70.36275675008743
shift,1,AdaptiveEpsilonGreedy,anomaly_sensitivity=0.3|base_epsilon=0.1|gamma=0.9|max_epsilon=0.5,25,82.03847023239514
shift,1,AdaptiveEpsilonGreedy,anomaly_sensitivity=0.3|base_epsilon=0.1|gamma=0.9|max_epsilon=0.5,26,98.58993489157157
shift,1,AdaptiveEpsilonGreedy,anomaly_sensitivity=0.3|base_epsilon=0.1|gamma=0.9|max_epsilon=0.5,27,110.50151235587288
shift,1,AdaptiveEpsilonGreedy,anomaly_sensitivity=0.3|base_epsilon=0.1|gamma=0.9|max_epsilon=0.5,28,115.5588646540732
shift,1,AdaptiveEpsilonGreedy,anomaly_sensitivity=0.3|base_epsilon=0.1|gamma=0.9|max_epsilon=0.5,29,116.84068976035601
shift,1,AdaptiveEpsilonGreedy,anomaly_sensitivity=0.3|base_epsilon=0.1|gamma=0.9|max_epsilon=0.5,30,119.01654452828552
shift,1,AdaptiveEpsilonGreedy,anomaly_sensitivity=0.3|base_epsilon=0.1|gamma=0.9|max_epsilon=0.5,31,119.01654452828552
shift,1,AdaptiveEpsilonGreedy,anomaly_sensitivity=0.3|base_epsilon=0.1|gamma=0.9|max_epsilon=0.5,32,121.22128387361344
shift,1,AdaptiveEpsilonGreedy,anomaly_sensitivity=0.3|base_epsilon=0.1|gamma=0.9|max_epsilon=0.5,33,121.22128387361344
shift,1,AdaptiveEpsilonGreedy,anomaly_sensitivity=0.3|base_epsilon=0.1|gamma=0.9|max_epsilon=0.5,34,130.84281397196494
shift,1,AdaptiveEpsilonGreedy,anomaly_sensitivity=0.3|base_epsilon=0.1|gamma=0.9|max_epsilon=0.5,35,137.6063862343716
shift,1,AdaptiveEpsilonGreedy,anomaly_sensitivity=0.3|base_epsilon=0.1|gamma=0.9|max_epsilon=0.5,36,146.5096775550952
shift,1,AdaptiveEpsilonGreedy,anomaly_sensitivity=0.3|base_epsilon=0.1|gamma=0.9|max_epsilon=0.5,37,156.66634569117517
shift,1,AdaptiveEpsilonGreedy,anomaly_sensitivity=0.3|base_epsilon=0.1|gamma=0.9|max_epsilon=0.5,38,165.40067124680698
shift,1,AdaptiveEpsilonGreedy,anomaly_sensitivity=0.3|base_epsilon=0.1|gamma=0.9|max_epsilon=0.5,39,167.77655586516838
shift,1,AdaptiveEpsilonGreedy,anomaly_sensitivity=0.3|base_epsilon=0.1|gamma=0.9|max_epsilon=0.5,40,177.96108599106662
shift,1,AdaptiveEpsilonGreedy,anomaly_sensitivity=0.3|base_epsilon=0.1|gamma=0.9|max_epsilon=0.5,41,185.24862249718268
shift,1,AdaptiveEpsilonGreedy,anomaly_sensitivity=0.3|base_epsilon=0.1|gamma=0.9|max_epsilon=0.5,42,198.6222089159673
shift,1,AdaptiveEpsilonGreedy,anomaly_sensitivity=0.3|base_epsilon=0.1|gamma=0.9|max_epsilon=0.5,43,200.318806238753
shift,1,AdaptiveEpsilonGreedy,anomaly_sensitivity=0.3|base_epsilon=0.1|gamma=0.9|max_epsilon=0.5,44,200.318806238753
shift,1,AdaptiveEpsilonGreedy,anomaly_sensitivity=0.3|base_epsilon=0.1|gamma=0.9|max_epsilon=0.5,45,200.318806238753
shift,1,AdaptiveEpsilonGreedy,anomaly_sensitivity=0.3|base_epsilon=0.1|gamma=0.9|max_epsilon=0.5,46,212.36081594953143
shift,1,AdaptiveEpsilonGreedy,anomaly_sensitivity=0.3|base_epsilon=0.1|gamma=0.9|max_epsilon=0.5,47,219.57579155486647
shift,1,AdaptiveEpsilonGreedy,anomaly_sensitivity=0.3|base_epsilon=0.1|gamma=0.9|max_epsilon=0.5,48,219.57579155486647
shift,1,AdaptiveEpsilonGreedy,anomaly_sensitivity=0.3|base_epsilon=0.1|gamma=0.9|max_epsilon=0.5,49,226.17603122997525
shift,1,AdaptiveEpsilonGreedy,anomaly_sensitivity=0.3|base_epsilon=0.1|gamma=0.9|max_epsilon=0.5,50,229.46044115475337
shift,1,AdaptiveEpsilonGreedy,anomaly_sensitivity=0.3|base_epsilon=0.1|gamma=0.9|max_epsilon=0.5,51,234.76570479891694
shift,1,AdaptiveEpsilonGreedy,anomaly_sensitivity=0.3|base_epsilon=0.1|gamma=0.9|max_epsilon=0.5,52,236.06451827339868
shift,1,AdaptiveEpsilonGreedy,anomaly_sensitivity=0.3|base_epsilon=0.1|gamma=0.9|max_epsilon=0.5,53,243.8497317458044
shift,1,AdaptiveEpsilonGreedy,anomaly_sensitivity=0.3|base_epsilon=0.1|gamma=0.9|max_epsilon=0.5,54,250.4804878926058
shift,1,AdaptiveEpsilonGreedy,anomaly_sensitivity=0.3|base_epsilon=0.1|gamma=0.9|max_epsilon=0.5,55,256.0157330976305
shift,1,AdaptiveEpsilonGreedy,anomaly_sensitivity=0.3|base_epsilon=0.1|gamma=0.9|max_epsilon=0.5,56,256.0157330976305
shift,1,AdaptiveEpsilonGreedy,anomaly_sensitivity=0.3|base_epsilon=0.1|gamma=0.9|max_epsilon=0.5,57,257.35467299387614
shift,1,AdaptiveEpsilonGreedy,anomaly_sensitivity=0.3|base_epsilon=0.1|gamma=0.9|max_epsilon=0.5,58,257.35467299387614
shift,1,AdaptiveEpsilonGreedy,anomaly_sensitivity=0.3|base_epsilon=0.1|gamma=0.9|max_epsilon=0.5,59,257.35467299387614
shift,1,AdaptiveEpsilonGreedy,anomaly_sensitivity=0.3|base_epsilon=0.1|gamma=0.9|max_epsilon=0.5,60,257.35467299387614
shift,1,AdaptiveEpsilonGreedy,anomaly_sensitivity=0.3|base_epsilon=0.1|gamma=0.9|max_epsilon=0.5,61,265.1036688759567
shift,1,AdaptiveEpsilonGreedy,anomaly_sensitivity=0.3|base_epsilon=0.1|gamma=0.9|max_epsilon=0.5,62,266.25881724188145
shift,1,AdaptiveEpsilonGreedy,anomaly_sensitivity=0.3|base_epsilon=0.1|gamma=0.9|max_epsilon=0.5,63,274.2101937644401
shift,1,AdaptiveEpsilonGreedy,anomaly_sensitivity=0.3|base_epsilon=0.1|gamma=0.9|max_epsilon=0.5,64,282.4234147281432
shift,1,AdaptiveEpsilonGreedy,anomaly_sensitivity=0.3|base_epsilon=0.1|gamma=0.9|max_epsilon=0.5,65,292.1600709050655
shift,1,AdaptiveEpsilonGreedy,anomaly_sensitivity=0.3|base_epsilon=0.1|gamma=0.9|max_epsilon=0.5,66,311.4092729207657
shift,1,AdaptiveEpsilonGreedy,anomaly_sensitivity=0.3|base_epsilon=0.1|gamma=0.9|max_epsilon=0.5,67,314.22467246146294
shift,1,AdaptiveEpsilonGreedy,anomaly_sensitivity=0.3|base_epsilon=0.1|gamma=0.9|max_epsilon=0.5,68,320.3250955353982
shift,1,AdaptiveEpsilonGreedy,anomaly_sensitivity=0.3|base_epsilon=0.1|gamma=0.9|max_epsilon=0.5,69,326.85177068063234
shift,1,AdaptiveEpsilonGreedy,anomaly_sensitivity=0.3|base_epsilon=0.1|gamma=0.9|max_epsilon=0.5,70,337.0584592369138
shift,1,AdaptiveEpsilonGreedy,anomaly_sensitivity=0.3|base_epsilon=0.1|gamma=0.9|max_epsilon=0.5,71,343.44211516516583
shift,1,AdaptiveEpsilonGreedy,anomaly_sensitivity=0.3|base_epsilon=0.1|gamma=0.9|max_epsilon=0.5,72,343.44211516516583
shift,1,AdaptiveEpsilonGreedy,anomaly_sensitivity=0.3|base_epsilon=0.1|gamma=0.9|max_epsilon=0.5,73,344.7251507842299
shift,1,AdaptiveEpsilonGreedy,anomaly_sensitivity=0.3|base_epsilon=0.1|gamma=0.9|max_epsilon=0.5,74,347.1946221664693
shift,1,AdaptiveEpsilonGreedy,anomaly_sensitivity=0.3|base_epsilon=0.1|gamma=0.9|max_epsilon=0.5,75,356.98320633831895
shift,1,AdaptiveEpsilonGreedy,anomaly_sensitivity=0.3|base_epsilon=0.1|gamma=0.9|max_epsilon=0.5,76,364.89542611321485
shift,1,AdaptiveEpsilonGreedy,anomaly_sensitivity=0.3|base_epsilon=0.1|gamma=0.9|max_epsilon=0.5,77,364.89542611321485
shift,1,AdaptiveEpsilonGreedy,anomaly_sensitivity=0.3|base_epsilon=0.1|gamma=0.9|max_epsilon=0.5,78,377.02075596581085
shift,1,AdaptiveEpsilonGreedy,anomaly_sensitivity=0.3|base_epsilon=0.1|gamma=0.9|max_epsilon=0.5,79,387.41092574826814
shift,1,AdaptiveEpsilonGreedy,anomaly_sensitivity=0.3|base_epsilon=0.1|gamma=0.9|max_epsilon=0.5,80,389.27360112663797
shift,1,AdaptiveEpsilonGreedy,anomaly_sensitivity=0.3|base_epsilon=0.1|gamma=0.9|max_epsilon=0.5,81,389.5119126390894
shift,1,AdaptiveEpsilonGreedy,anomaly_sensitivity=0.3|base_epsilon=0.1|gamma=0.9|max_epsilon=0.5,82,391.9539069545249
shift,1,AdaptiveEpsilonGreedy,anomaly_sensitivity=0.3|base_epsilon=0.1|gamma=0.9|max_epsilon=0.5,83,394.56682523416595
shift,1,AdaptiveEpsilonGreedy,anomaly_sensitivity=0.3|base_epsilon=0.1|gamma=0.9|max_epsilon=0.5,84,394.8244567829336
shift,1,AdaptiveEpsilonGreedy,anomaly_sensitivity=0.3|base_epsilon=0.1|gamma=0.9|max_epsilon=0.5,85,397.2545436964941
shift,1,AdaptiveEpsilonGreedy,anomaly_sensitivity=0.3|base_epsilon=0.1|gamma=0.9|max_epsilon=0.5,86,400.22444150608504
shift,1,AdaptiveEpsilonGreedy,anomaly_sensitivity=0.3|base_epsilon=0.1|gamma=0.9|max_epsilon=0.5,87,400.2592258344355
shift,1,AdaptiveEpsilonGreedy,anomaly_sensitivity=0.3|base_epsilon=0.1|gamma=0.9|max_epsilon=0.5,88,401.8379422408189
shift,1,AdaptiveEpsilonGreedy,anomaly_sensitivity=0.3|base_epsilon=0.1|gamma=0.9|max_epsilon=0.5,89,405.05175540372466
shift,1,AdaptiveEpsilonGreedy,anomaly_sensitivity=0.3|base_epsilon=0.1|gamma=0.9|max_epsilon=0.5,90,407.45005991408357
shift,1,AdaptiveEpsilonGreedy,anomaly_sensitivity=0.3|base_epsilon=0.1|gamma=0.9|max_epsilon=0.5,91,411.209241102584
shift,1,AdaptiveEpsilonGreedy,anomaly_sensitivity=0.3|base_epsilon=0.1|gamma=0.9|max_epsilon=0.5,92,415.426237044624
shift,1,AdaptiveEpsilonGreedy,anomaly_sensitivity=0.3|base_epsilon=0.1|gamma=0.9|max_epsilon=0.5,93,417.9761855103155
shift,1,AdaptiveEpsilonGreedy,anomaly_sensitivity=0.3|base_epsilon=0.1|gamma=0.9|max_epsilon=0.5,94,420.5319314169892
shift,1,AdaptiveEpsilonGreedy,anomaly_sensitivity=0.3|base_epsilon=0.1|gamma=0.9|max_epsilon=0.5,95,422.51962838158386
shift,1,AdaptiveEpsilonGreedy,anomaly_sensitivity=0.3|base_epsilon=0.1|gamma=0.9|max_epsilon=0.5,96,424.05038415154405
shift,1,AdaptiveEpsilonGreedy,anomaly_sensitivity=0.3|base_epsilon=0.1|gamma=0.9|max_epsilon=0.5,97,426.7437181758884
shift,1,AdaptiveEpsilonGreedy,anomaly_sensitivity=0.3|base_epsilon=0.1|gamma=0.9|max_epsilon=0.5,98,430.09285904870694
shift,1,AdaptiveEpsilonGreedy,anomaly_sensitivity=0.3|base_epsilon=0.1|gamma=0.9|max_epsilon=0.5,99,432.62381138311576
shift,1,AdaptiveEpsilonGreedy,anomaly_sensitivity=0.5|base_epsilon=0.1|gamma=0.9|max_epsilon=0.5,0,0.0526605801468194
shift,1,AdaptiveEpsilonGreedy,anomaly_sensitivity=0.5|base_epsilon=0.1|gamma=0.9|max_epsilon=0.5,1,5.55518423824992
shift,1,AdaptiveEpsilonGreedy,anomaly_sensitivity=0.5|base_epsilon=0.1|gamma=0.9|max_epsilon=0.5,2,6.096062866111982
shift,1,AdaptiveEpsilonGreedy,anomaly_sensitivity=0.5|base_epsilon=0.1|gamma=0.9|max_epsilon=0.5,3,10.80401983971792
shift,1,AdaptiveEpsilonGreedy,anomaly_sensitivity=0.5|base_epsilon=0.1|gamma=0.9|max_epsilon=0.5,4,10.97243488535889
shift,1,AdaptiveEpsilonGreedy,anomaly_sensitivity=0.5|base_epsilon=0.1|gamma=0.9|max_epsilon=0.5,5,15.459490886782756
shift,1,AdaptiveEpsilonGreedy,anomaly_sensitivity=0.5|base_epsilon=0.1|gamma=0.9|max_epsilon=0.5,6,19.010379316336508
shift,1,AdaptiveEpsilonGreedy,anomaly_sensitivity=0.5|base_epsilon=0.1|gamma=0.9|max_epsilon=0.5,7,19.10863413998732
shift,1,AdaptiveEpsilonGreedy,anomaly_sensitivity=0.5|base_epsilon=0.1|gamma=0.9|max_epsilon=0.5,8,19.128646871447465
shift,1,AdaptiveEpsilonGreedy,anomaly_sensitivity=0.5|base_epsilon=0.1|gamma=0.9|max_epsilon=0.5,9,19.26306935567945
shift,1,AdaptiveEpsilonGreedy,anomaly_sensitivity=0.5|base_epsilon=0.1|gamma=0.9|max_epsilon=0.5,10,20.00888000195543
shift,1,AdaptiveEpsilonGreedy,anomaly_sensitivity=0.5|base_epsilon=0.1|gamma=0.9|max_epsilon=0.5,11,20.70157223637274
shift,1,AdaptiveEpsilonGreedy,anomaly_sensitivity=0.5|base_epsilon=0.1|gamma=0.9|max_epsilon=0.5,12,20.870070839161027
shift,1,AdaptiveEpsilonGreedy,anomaly_sensitivity=0.5|base_epsilon=0.1|gamma=0.9|max_epsilon=0.5,13,20.98198435377979
shift,1,AdaptiveEpsilonGreedy,anomaly_sensitivity=0.5|base_epsilon=0.1|gamma=0.9|max_epsilon=0.5,14,21.132350053068166
shift,1,AdaptiveEpsilonGreedy,anomaly_sensitivity=0.5|base_epsilon=0.1|gamma=0.9|max_epsilon=0.5,15,21.378024421689787
shift,1,AdaptiveEpsilonGreedy,anomaly_sensitivity=0.5|base_epsilon=0.1|gamma=0.9|max_epsilon=0.5,16,21.49214252697519
shift,1,AdaptiveEpsilonGreedy,anomaly_sensitivity=0.5|base_epsilon=0.1|gamma=0.9|max_epsilon=0.5,17,21.559163686894784
shift,1,AdaptiveEpsilonGreedy,anomaly_sensitivity=0.5|base_epsilon=0.1|gamma=0.9|max_epsilon=0.5,18,21.67991881592711
shift,1,AdaptiveEpsilonGreedy,anomaly_sensitivity=0.5|base_epsilon=0.1|gamma=0.9|max_epsilon=0.5,19,21.759720809874594
shift,1,AdaptiveEpsilonGreedy,anomaly_sensitivity=0.5|base_epsilon=0.1|gamma=0.9|max_epsilon=0.5,20,33.425807224615085
shift,1,AdaptiveEpsilonGreedy,anomaly_sensitivity=0.5|base_epsilon=0.1|gamma=0.9|max_epsilon=0.5,21,41.15757875269177
shift,1,AdaptiveEpsilonGreedy,anomaly_sensitivity=0.5|base_epsilon=0.1|gamma=0.9|max_epsilon=0.5,22,48.75916698143364
shift,1,AdaptiveEpsilonGreedy,anomaly_sensitivity=0.5|base_epsilon=0.1|gamma=0.9|max_epsilon=0.5,23,58.541565897889065
shift,1,AdaptiveEpsilonGreedy,anomaly_sensitivity=0.5|base_epsilon=0.1|gamma=0.9|max_epsilon=0.5,24,70.30260725352178
shift,1,AdaptiveEpsilonGreedy,anomaly_sensitivity=0.5|base_epsilon=0.1|gamma=0.9|max_epsilon=0.5,25,82.56214893084754
shift,1,AdaptiveEpsilonGreedy,anomaly_sensitivity=0.5|base_epsilon=0.1|gamma=0.9|max_epsilon=0.5,26,98.83108620674105
shift,1,AdaptiveEpsilonGreedy,anomaly_sensitivity=0.5|base_epsilon=0.1|gamma=0.9|max_epsilon=0.5,27,110.68523202564683
shift,1,AdaptiveEpsilonGreedy,anomaly_sensitivity=0.5|base_epsilon=0.1|gamma=0.9|max_epsilon=0.5,28,117.38695438418839
shift,1,AdaptiveEpsilonGreedy,anomaly_sensitivity=0.5|base_epsilon=0.1|gamma=0.9|max_epsilon=0.5,29,121.68226836337314
shift,1,AdaptiveEpsilonGreedy,anomaly_sensitivity=0.5|base_epsilon=0.1|gamma=0.9|max_epsilon=0.5,30,130.30164104271213
shift,1,AdaptiveEpsilonGreedy,anomaly_sensitivity=0.5|base_epsilon=0.1|gamma=0.9|max_epsilon=0.5,31,132.92532980110337
shift,1,AdaptiveEpsilonGreedy,anomaly_sensitivity=0.5|base_epsilon=0.1|gamma=0.9|max_epsilon=0.5,32,132.92532980110337
shift,1,AdaptiveEpsilonGreedy,anomaly_sensitivity=0.5|base_epsilon=0.1|gamma=0.9|max_epsilon=0.5,33,133.98627647702514
shift,1,AdaptiveEpsilonGreedy,anomaly_sensitivity=0.5|base_epsilon=0.1|gamma=0.9|max_epsilon=0.5,34,146.36145627561405
shift,1,AdaptiveEpsilonGreedy,anomaly_sensitivity=0.5|base_epsilon=0.1|gamma=0.9|max_epsilon=0.5,35,150.41689296661662
shift,1,AdaptiveEpsilonGreedy,anomaly_sensitivity=0.5|base_epsilon=0.1|gamma=0.9|max_epsilon=0.5,36,150.41689296661662
shift,1,AdaptiveEpsilonGreedy,anomaly_sensitivity=0.5|base_epsilon=0.1|gamma=0.9|max_epsilon=0.5,37,159.11946386864287
shift,1,AdaptiveEpsilonGreedy,anomaly_sensitivity=0.5|base_epsilon=0.1|gamma=0.9|max_epsilon=0.5,38,160.38201678564735
shift,1,AdaptiveEpsilonGreedy,anomaly_sensitivity=0.5|base_epsilon=0.1|gamma=0.9|max_epsilon=0.5,39,176.22416089372436
shift,1,AdaptiveEpsilonGreedy,anomaly_sensitivity=0.5|base_epsilon=0.1|gamma=0.9|max_epsilon=0.5,40,186.73491210280318
shift,1,AdaptiveEpsilonGreedy,anomaly_sensitivity=0.5|base_epsilon=0.1|gamma=0.9|max_epsilon=0.5,41,195.22758887073735
shift,1,AdaptiveEpsilonGreedy,anomaly_sensitivity=0.5|base_epsilon=0.1|gamma=0.9|max_epsilon=0.5,42,208.54624630808576
shift,1,AdaptiveEpsilonGreedy,anomaly_sensitivity=0.5|base_epsilon=0.1|gamma=0.9|max_epsilon=0.5,43,216.12446551812872
shift,1,AdaptiveEpsilonGreedy,anomaly_sensitivity=0.5|base_epsilon=0.1|gamma=0.9|max_epsilon=0.5,44,218.04794140994153
shift,1,AdaptiveEpsilonGreedy,anomaly_sensitivity=0.5|base_epsilon=0.1|gamma=0.9|max_epsilon=0.5,45,227.95581333526476
shift,1,AdaptiveEpsilonGreedy,anomaly_sensitivity=0.5|base_epsilon=0.1|gamma=0.9|max_epsilon=0.5,46,240.59768582083672
shift,1,AdaptiveEpsilonGreedy,anomaly_sensitivity=0.5|base_epsilon=0.1|gamma=0.9|max_epsilon=0.5,47,242.83000259182492
shift,1,AdaptiveEpsilonGreedy,anomaly_sensitivity=0.5|base_epsilon=0.1|gamma=0.9|max_epsilon=0.5,48,252.13913467053112
shift,1,AdaptiveEpsilonGreedy,anomaly_sensitivity=0.5|base_epsilon=0.1|gamma=0.9|max_epsilon=0.5,49,252.13913467053112
shift,1,AdaptiveEpsilonGreedy,anomaly_sensitivity=0.5|base_epsilon=0.1|gamma=0.9|max_epsilon=0.5,50,252.13913467053112
shift,1,AdaptiveEpsilonGreedy,anomaly_sensitivity=0.5|base_epsilon=0.1|gamma=0.9|max_epsilon=0.5,51,257.0911942920604
shift,1,AdaptiveEpsilonGreedy,anomaly_sensitivity=0.5|base_epsilon=0.1|gamma=0.9|max_epsilon=0.5,52,259.8554534395244
shift,1,AdaptiveEpsilonGreedy,anomaly_sensitivity=0.5|base_epsilon=0.1|gamma=0.9|max_epsilon=0.5,53,261.26572702200207
shift,1,AdaptiveEpsilonGreedy,anomaly_sensitivity=0.5|base_epsilon=0.1|gamma=0.9|max_epsilon=0.5,54,267.0146636851024
shift,1,AdaptiveEpsilonGreedy,anomaly_sensitivity=0.5|base_epsilon=0.1|gamma=0.9|max_epsilon=0.5,55,272.2410932382351
shift,1,AdaptiveEpsilonGreedy,anomaly_sensitivity=0.5|base_epsilon=0.1|gamma=0.9|max_epsilon=0.5,56,278.3288332872379
shift,1,AdaptiveEpsilonGreedy,anomaly_sensitivity=0.5|base_epsilon=0.1|gamma=0.9|max_epsilon=0.5,57,287.63581263667453
shift,1,AdaptiveEpsilonGreedy,anomaly_sensitivity=0.5|base_epsilon=0.1|gamma=0.9|max_epsilon=0.5,58,301.5934584632749
shift,1,AdaptiveEpsilonGreedy,anomaly_sensitivity=0.5|base_epsilon=0.1|gamma=0.9|max_epsilon=0.5,59,309.9012861623787
shift,1,AdaptiveEpsilonGreedy,anomaly_sensitivity=0.5|base_epsilon=0.1|gamma=0.9|max_epsilon=0.5,60,309.9012861623787
shift,1,AdaptiveEpsilonGreedy,anomaly_sensitivity=0.5|base_epsilon=0.1|gamma=0.9|max_epsilon=0.5,61,316.8958662421882
shift,1,AdaptiveEpsilonGreedy,anomaly_sensitivity=0.5|base_epsilon=0.1|gamma=0.9|max_epsilon=0.5,62,319.0485830261003
shift,1,AdaptiveEpsilonGreedy,anomaly_sensitivity=0.5|base_epsilon=0.1|gamma=0.9|max_epsilon=0.5,63,320.09753258246735
shift,1,AdaptiveEpsilonGreedy,anomaly_sensitivity=0.5|base_epsilon=0.1|gamma=0.9|max_epsilon=0.5,64,328.40303824354453
shift,1,AdaptiveEpsilonGreedy,anomaly_sensitivity=0.5|base_epsilon=0.1|gamma=0.9|max_epsilon=0.5,65,336.80615655291996
shift,1,AdaptiveEpsilonGreedy,anomaly_sensitivity=0.5|base_epsilon=0.1|gamma=0.9|max_epsilon=0.5,66,336.80615655291996
shift,1,AdaptiveEpsilonGreedy,anomaly_sensitivity=0.5|base_epsilon=0.1|gamma=0.9|max_epsilon=0.5,67,345.09677743034956
shift,1,AdaptiveEpsilonGreedy,anomaly_sensitivity=0.5|base_epsilon=0.1|gamma=0.9|max_epsilon=0.5,68,351.2121120527806
shift,1,AdaptiveEpsilonGreedy,anomaly_sensitivity=0.5|base_epsilon=0.1|gamma=0.9|max_epsilon=0.5,69,357.7025536510995
shift,1,AdaptiveEpsilonGreedy,anomaly_sensitivity=0.5|base_epsilon=0.1|gamma=0.9|max_epsilon=0.5,70,359.4983492301037
shift,1,AdaptiveEpsilonGreedy,anomaly_sensitivity=0.5|base_epsilon=0.1|gamma=0.9|max_epsilon=0.5,71,361.8006022128949
shift,1,AdaptiveEpsilonGreedy,anomaly_sensitivity=0.5|base_epsilon=0.1|gamma=0.9|max_epsilon=0.5,72,375.23701964935583
shift,1,AdaptiveEpsilonGreedy,anomaly_sensitivity=0.5|base_epsilon=0.1|gamma=0.9|max_epsilon=0.5,73,376.5200552684199
shift,1,AdaptiveEpsilonGreedy,anomaly_sensitivity=0.5|base_epsilon=0.1|gamma=0.9|max_epsilon=0.5,74,376.5200552684199
shift,1,AdaptiveEpsilonGreedy,anomaly_sensitivity=0.5|base_epsilon=0.1|gamma=0.9|max_epsilon=0.5,75,385.4023273437774
shift,1,AdaptiveEpsilonGreedy,anomaly_sensitivity=0.5|base_epsilon=0.1|gamma=0.9|max_epsilon=0.5,76,392.56801154999323
shift,1,AdaptiveEpsilonGreedy,anomaly_sensitivity=0.5|base_epsilon=0.1|gamma=0.9|max_epsilon=0.5,77,395.82508529073453
shift,1,AdaptiveEpsilonGreedy,anomaly_sensitivity=0.5|base_epsilon=0.1|gamma=0.9|max_epsilon=0.5,78,407.44281415529304
shift,1,AdaptiveEpsilonGreedy,anomaly_sensitivity=0.5|base_epsilon=0.1|gamma=0.9|max_epsilon=0.5,79,420.0001040578808
shift,1,AdaptiveEpsilonGreedy,anomaly_sensitivity=0.5|base_epsilon=0.1|gamma=0.9|max_epsilon=0.5,80,424.67772807569935
shift,1,AdaptiveEpsilonGreedy,anomaly_sensitivity=0.5|base_epsilon=0.1|gamma=0.9|max_epsilon=0.5,81,431.0564809939187
shift,1,AdaptiveEpsilonGreedy,anomaly_sensitivity=0.5|base_epsilon=0.1|gamma=0.9|max_epsilon=0.5,82,436.709421653397
shift,1,AdaptiveEpsilonGreedy,anomaly_sensitivity=0.5|base_epsilon=0.1|gamma=0.9|max_epsilon=0.5,83,443.09702989847136
shift,1,AdaptiveEpsilonGreedy,anomaly_sensitivity=0.5|base_epsilon=0.1|gamma=0.9|max_epsilon=0.5,84,447.7476327381138
shift,1,AdaptiveEpsilonGreedy,anomaly_sensitivity=0.5|base_epsilon=0.1|gamma=0.9|max_epsilon=0.5,85,447.8107441611805
shift,1,AdaptiveEpsilonGreedy,anomaly_sensitivity=0.5|base_epsilon=0.1|gamma=0.9|max_epsilon=0.5,86,447.8107441611805
shift,1,AdaptiveEpsilonGreedy,anomaly_sensitivity=0.5|base_epsilon=0.1|gamma=0.9|max_epsilon=0.5,87,447.8107441611805
shift,1,AdaptiveEpsilonGreedy,anomaly_sensitivity=0.5|base_epsilon=0.1|gamma=0.9|max_epsilon=0.5,88,447.8461747808372
shift,1,AdaptiveEpsilonGreedy,anomaly_sensitivity=0.5|base_epsilon=0.1|gamma=0.9|max_epsilon=0.5,89,447.8837256681357
shift,1,AdaptiveEpsilonGreedy,anomaly_sensitivity=0.5|base_epsilon=0.1|gamma=0.9|max_epsilon=0.5,90,447.9406449659103
shift,1,AdaptiveEpsilonGreedy,anomaly_sensitivity=0.5|base_epsilon=0.1|gamma=0.9|max_epsilon=0.5,91,447.9406449659103
shift,1,AdaptiveEpsilonGreedy,anomaly_sensitivity=0.5|base_epsilon=0.1|gamma=0.9|max_epsilon=0.5,92,447.9637690023
shift,1,AdaptiveEpsilonGreedy,anomaly_sensitivity=0.5|base_epsilon=0.1|gamma=0.9|max_epsilon=0.5,93,447.9637690023
shift,1,AdaptiveEpsilonGreedy,anomaly_sensitivity=0.5|base_epsilon=0.1|gamma=0.9|max_epsilon=0.5,94,447.9637690023
shift,1,AdaptiveEpsilonGreedy,anomaly_sensitivity=0.5|base_epsilon=0.1|gamma=0.9|max_epsilon=0.5,95,447.9637690023
shift,1,AdaptiveEpsilonGreedy,anomaly_sensitivity=0.5|base_epsilon=0.1|gamma=0.9|max_epsilon=0.5,96,448.15814069267793
shift,1,AdaptiveEpsilonGreedy,anomaly_sensitivity=0.5|base_epsilon=0.1|gamma=0.9|max_epsilon=0.5,97,448.21174127584743
shift,1,AdaptiveEpsilonGreedy,anomaly_sensitivity=0.5|base_epsilon=0.1|gamma=0.9|max_epsilon=0.5,98,448.22706639041064
shift,1,AdaptiveEpsilonGreedy,anomaly_sensitivity=0.5|base_epsilon=0.1|gamma=0.9|max_epsilon=0.5,99,448.22706639041064
shift,1,UCB,default,0,7.163612899373399
shift,1,UCB,default,1,7.627257551353745
shift,1,UCB,default,2,11.083498175112688
shift,1,UCB,default,3,11.337267157243279
shift,1,UCB,default,4,14.441111310215371
shift,1,UCB,default,5,14.549324103972511
shift,1,UCB,default,6,14.549324103972511
shift,1,UCB,default,7,15.02397154637073
shift,1,UCB,default,8,15.214703021712676
shift,1,UCB,default,9,15.352710468411233
shift,1,UCB,default,10,15.471811078426484
shift,1,UCB,default,11,15.61591006446277
shift,1,UCB,default,12,15.784408667251055
shift,1,UCB,default,13,16.35032402271308
shift,1,UCB,default,14,16.561298850641343
shift,1,UCB,default,15,16.777893531408793
shift,1,UCB,default,16,16.783432144124255
shift,1,UCB,default,17,17.059013558611117
shift,1,UCB,default,18,17.059013558611117
shift,1,UCB,default,19,17.136572177302014
shift,1,UCB,default,20,29.146260388103435
shift,1,UCB,default,21,35.97993765542445
shift,1,UCB,default,22,43.03086177856642
shift,1,UCB,default,23,52.64656624842053
shift,1,UCB,default,24,64.01662104560798
shift,1,UCB,default,25,75.69233452791569
shift,1,UCB,default,26,91.9612718038092
shift,1,UCB,default,27,102.02240369723043
shift,1,UCB,default,28,103.53776743402452
shift,1,UCB,default,29,109.31785064078748
shift,1,UCB,default,30,110.27509824619521
shift,1,UCB,default,31,118.34362144926878
shift,1,UCB,default,32,131.18770031024377
shift,1,UCB,default,33,131.18770031024377
shift,1,UCB,default,34,134.92829217756068
shift,1,UCB,default,35,135.15417437877176
shift,1,UCB,default,36,144.73373999941018
shift,1,UCB,default,37,155.0377215980111
shift,1,UCB,default,38,164.09820894498964
shift,1,UCB,default,39,166.47409356335103
shift,1,UCB,default,40,176.69723491399452
shift,1,UCB,default,41,183.8341030123763
shift,1,UCB,default,42,193.6134831453963
shift,1,UCB,default,43,201.32344064984173
shift,1,UCB,default,44,201.32344064984173
shift,1,UCB,default,45,201.32344064984173
shift,1,UCB,default,46,201.32344064984173
shift,1,UCB,default,47,201.32344064984173
shift,1,UCB,default,48,201.32344064984173
shift,1,UCB,default,49,201.32344064984173
shift,1,UCB,default,50,201.32344064984173
shift,1,UCB,default,51,201.32344064984173
shift,1,UCB,default,52,201.32344064984173
shift,1,UCB,default,53,201.32344064984173
shift,1,UCB,default,54,201.32344064984173
shift,1,UCB,default,55,201.32344064984173
shift,1,UCB,default,56,201.32344064984173
shift,1,UCB,default,57,201.32344064984173
shift,1,UCB,default,58,201.32344064984173
shift,1,UCB,default,59,201.32344064984173
shift,1,UCB,default,60,201.32344064984173
shift,1,UCB,default,61,201.32344064984173
shift,1,UCB,default,62,201.32344064984173
shift,1,UCB,default,63,201.32344064984173
shift,1,UCB,default,64,201.32344064984173
shift,1,UCB,default,65,201.32344064984173
shift,1,UCB,default,66,201.32344064984173
shift,1,UCB,default,67,201.32344064984173
shift,1,UCB,default,68,201.32344064984173
shift,1,UCB,default,69,201.32344064984173
shift,1,UCB,default,70,201.32344064984173
shift,1,UCB,default,71,201.32344064984173
shift,1,UCB,default,72,201.32344064984173
shift,1,UCB,default,73,201.32344064984173
shift,1,UCB,default,74,201.32344064984173
shift,1,UCB,default,75,201.32344064984173
shift,1,UCB,default,76,201.32344064984173
shift,1,UCB,default,77,204.580514390583
shift,1,UCB,default,78,204.580514390583
shift,1,UCB,default,79,215.92148009170762
shift,1,UCB,default,80,220.5991041095262
shift,1,UCB,default,81,226.97785702774553
shift,1,UCB,default,82,232.63079768722386
shift,1,UCB,default,83,239.01840593229824
shift,1,UCB,default,84,245.67986763697164
shift,1,UCB,default,85,251.34037438782127
shift,1,UCB,default,86,258.1792429820419
shift,1,UCB,default,87,263.4857778489112
shift,1,UCB,default,88,268.0065215503839
shift,1,UCB,default,89,275.01025815877983
shift,1,UCB,default,90,280.7130352568047
shift,1,UCB,default,91,288.6692644676922
shift,1,UCB,default,92,297.12819261717254
shift,1,UCB,default,93,302.81474294687195
shift,1,UCB,default,94,308.74437972094586
shift,1,UCB,default,95,313.16355546059026
shift,1,UCB,default,96,317.133158598183
shift,1,UCB,default,97,323.0565668527753
shift,1,UCB,default,98,330.50766271204725
shift,1,UCB,default,99,336.412666809118
shift,1,Random,default,0,1.0383501431723294
shift,1,Random,default,1,1.0408323822863321
shift,1,Random,default,2,1.1366705995608626
shift,1,Random,default,3,2.048760939663847
shift,1,Random,default,4,2.048760939663847
shift,1,Random,default,5,6.535816941087712
shift,1,Random,default,6,6.91203157228999
shift,1,Random,default,7,12.078766480821379
shift,1,Random,default,8,12.39243231681597
shift,1,Random,default,9,12.534716476420073
shift,1,Random,default,10,13.280527122696054
shift,1,Random,default,11,13.366506085863573
shift,1,Random,default,12,19.504023174572115
shift,1,Random,default,13,19.504023174572115
shift,1,Random,default,14,21.71864517740064
shift,1,Random,default,15,27.94783077166358
shift,1,Random,default,16,28.22974020081166
shift,1,Random,default,17,31.837172335761167
shift,1,Random,default,18,31.89137737613998
shift,1,Random,default,19,31.971179370087466
shift,1,Random,default,20,44.127609059798246
shift,1,Random,default,21,50.96128632711926
shift,1,Random,default,22,53.161408382880964
shift,1,Random,default,23,62.77711285273507
shift,1,Random,default,24,74.19943096504078
shift,1,Random,default,25,76.14162890894768
shift,1,Random,default,26,93.48425194682363
shift,1,Random,default,27,105.68636677690252
shift,1,Random,default,28,107.20173051369662
shift,1,Random,default,29,107.20173051369662
shift,1,Random,default,30,107.20173051369662
shift,1,Random,default,31,114.43438321778847
shift,1,Random,default,32,126.18880017614266
shift,1,Random,default,33,134.82991436077134
shift,1,Random,default,34,147.20509415936024
shift,1,Random,default,35,153.1447659596769
shift,1,Random,default,36,153.1447659596769
shift,1,Random,default,37,162.88140572802808
shift,1,Random,default,38,172.0094548587633
shift,1,Random,default,39,187.8515989668403
shift,1,Random,default,40,197.585178612384
shift,1,Random,default,41,206.07785538031817
shift,1,Random,default,42,207.68638965937726
shift,1,Random,default,43,212.99410454005297
shift,1,Random,default,44,220.07144762388614
shift,1,Random,default,45,229.97931954920938
shift,1,Random,default,46,242.48419135886914
shift,1,Random,default,47,243.48874612905604
shift,1,Random,default,48,243.48874612905604
shift,1,Random,default,49,248.82466957711443
shift,1,Random,default,50,260.0291231381841
shift,1,Random,default,51,260.0291231381841
shift,1,Random,default,52,270.24532079188384
shift,1,Random,default,53,273.0286504671164
shift,1,Random,default,54,279.82212800605384
shift,1,Random,default,55,285.6431854347147
shift,1,Random,default,56,287.799524996081
shift,1,Random,default,57,297.49885472614324
shift,1,Random,default,58,301.77457976771535
shift,1,Random,default,59,310.28045224174053
shift,1,Random,default,60,315.1194570613913
shift,1,Random,default,61,316.30770622415804
shift,1,Random,default,62,322.69171418317535
shift,1,Random,default,63,323.7406637395424
shift,1,Random,default,64,331.95388470324554
shift,1,Random,default,65,340.4130076787139
shift,1,Random,default,66,359.6622096944141
shift,1,Random,default,67,367.23492809941234
shift,1,Random,default,68,372.10909460306283
shift,1,Random,default,69,372.72775585550386
shift,1,Random,default,70,376.6260221116157
shift,1,Random,default,71,384.6189695495049
shift,1,Random,default,72,396.72940728044495
shift,1,Random,default,73,406.474808423855
shift,1,Random,default,74,414.2465059380089
shift,1,Random,default,75,423.1001963267271
shift,1,Random,default,76,430.2658805329429
shift,1,Random,default,77,430.2658805329429
shift,1,Random,default,78,441.8836093975014
shift,1,Random,default,79,452.2737791799587
shift,1,Random,default,80,456.95140319777727
shift,1,Random,default,81,457.71346100196666
shift,1,Random,default,82,457.993263443478
shift,1,Random,default,83,458.1312664554667
shift,1,Random,default,84,459.0551766271594
shift,1,Random,default,85,459.2735247647967
shift,1,Random,default,86,459.6541428450431
shift,1,Random,default,87,459.6541428450431
shift,1,Random,default,88,459.96219907380515
shift,1,Random,default,89,460.85783960833317
shift,1,Random,default,90,461.05443403875074
shift,1,Random,default,91,464.81361522725115
shift,1,Random,default,92,464.8367392636409
shift,1,Random,default,93,464.8770989916553
shift,1,Random,default,94,464.92150114654976
shift,1,Random,default,95,465.3095736505222
shift,1,Random,default,96,465.50394534090015
shift,1,Random,default,97,465.72851102056507
shift,1,Random,default,98,473.179606879837
shift,1,Random,default,99,473.50613785747277
shift,1,LinUCB_Vanilla,alpha=0.1|lambda_reg=50|use_momentum=False,0,7.163612899373399
shift,1,LinUCB_Vanilla,alpha=0.1|lambda_reg=50|use_momentum=False,1,7.627257551353745
shift,1,LinUCB_Vanilla,alpha=0.1|lambda_reg=50|use_momentum=False,2,11.083498175112688
shift,1,LinUCB_Vanilla,alpha=0.1|lambda_reg=50|use_momentum=False,3,11.337267157243279
shift,1,LinUCB_Vanilla,alpha=0.1|lambda_reg=50|use_momentum=False,4,14.441111310215371
shift,1,LinUCB_Vanilla,alpha=0.1|lambda_reg=50|use_momentum=False,5,14.549324103972511
shift,1,LinUCB_Vanilla,alpha=0.1|lambda_reg=50|use_momentum=False,6,14.549324103972511
shift,1,LinUCB_Vanilla,alpha=0.1|lambda_reg=50|use_momentum=False,7,15.02397154637073
shift,1,LinUCB_Vanilla,alpha=0.1|lambda_reg=50|use_momentum=False,8,15.214703021712676
shift,1,LinUCB_Vanilla,alpha=0.1|lambda_reg=50|use_momentum=False,9,15.352710468411233
shift,1,LinUCB_Vanilla,alpha=0.1|lambda_reg=50|use_momentum=False,10,15.471811078426484
shift,1,LinUCB_Vanilla,alpha=0.1|lambda_reg=50|use_momentum=False,11,15.61591006446277
shift,1,LinUCB_Vanilla,alpha=0.1|lambda_reg=50|use_momentum=False,12,15.784408667251055
shift,1,LinUCB_Vanilla,alpha=0.1|lambda_reg=50|use_momentum=False,13,16.35032402271308
shift,1,LinUCB_Vanilla,alpha=0.1|lambda_reg=50|use_momentum=False,14,16.464595883210276
shift,1,LinUCB_Vanilla,alpha=0.1|lambda_reg=50|use_momentum=False,15,16.681190563977722
shift,1,LinUCB_Vanilla,alpha=0.1|lambda_reg=50|use_momentum=False,16,17.10410035113537
shift,1,LinUCB_Vanilla,alpha=0.1|lambda_reg=50|use_momentum=False,17,17.1933860295463
shift,1,LinUCB_Vanilla,alpha=0.1|lambda_reg=50|use_momentum=False,18,17.196000037336862
shift,1,LinUCB_Vanilla,alpha=0.1|lambda_reg=50|use_momentum=False,19,17.200626819482142
shift,1,LinUCB_Vanilla,alpha=0.1|lambda_reg=50|use_momentum=False,20,30.037518785522558
shift,1,LinUCB_Vanilla,alpha=0.1|lambda_reg=50|use_momentum=False,21,36.8821391782089
shift,1,LinUCB_Vanilla,alpha=0.1|lambda_reg=50|use_momentum=False,22,44.69236790719364
shift,1,LinUCB_Vanilla,alpha=0.1|lambda_reg=50|use_momentum=False,23,54.54120432269965
shift,1,LinUCB_Vanilla,alpha=0.1|lambda_reg=50|use_momentum=False,24,64.76790391234579
shift,1,LinUCB_Vanilla,alpha=0.1|lambda_reg=50|use_momentum=False,25,76.09121146636676
shift,1,LinUCB_Vanilla,alpha=0.1|lambda_reg=50|use_momentum=False,26,91.39194952253912
shift,1,LinUCB_Vanilla,alpha=0.1|lambda_reg=50|use_momentum=False,27,101.45308141596036
shift,1,LinUCB_Vanilla,alpha=0.1|lambda_reg=50|use_momentum=False,28,107.98473677413587
shift,1,LinUCB_Vanilla,alpha=0.1|lambda_reg=50|use_momentum=False,29,109.26656188041868
shift,1,LinUCB_Vanilla,alpha=0.1|lambda_reg=50|use_momentum=False,30,110.22380948582641
shift,1,LinUCB_Vanilla,alpha=0.1|lambda_reg=50|use_momentum=False,31,110.22380948582641
shift,1,LinUCB_Vanilla,alpha=0.1|lambda_reg=50|use_momentum=False,32,114.60099726448466
shift,1,LinUCB_Vanilla,alpha=0.1|lambda_reg=50|use_momentum=False,33,115.66194394040643
shift,1,LinUCB_Vanilla,alpha=0.1|lambda_reg=50|use_momentum=False,34,115.66194394040643
shift,1,LinUCB_Vanilla,alpha=0.1|lambda_reg=50|use_momentum=False,35,121.98568157660821
shift,1,LinUCB_Vanilla,alpha=0.1|lambda_reg=50|use_momentum=False,36,130.86499360118376
shift,1,LinUCB_Vanilla,alpha=0.1|lambda_reg=50|use_momentum=False,37,141.16897519978468
shift,1,LinUCB_Vanilla,alpha=0.1|lambda_reg=50|use_momentum=False,38,150.22946254676322
shift,1,LinUCB_Vanilla,alpha=0.1|lambda_reg=50|use_momentum=False,39,166.19441985727923
shift,1,LinUCB_Vanilla,alpha=0.1|lambda_reg=50|use_momentum=False,40,176.70517106635805
shift,1,LinUCB_Vanilla,alpha=0.1|lambda_reg=50|use_momentum=False,41,185.19784783429222
shift,1,LinUCB_Vanilla,alpha=0.1|lambda_reg=50|use_momentum=False,42,194.97722796731222
shift,1,LinUCB_Vanilla,alpha=0.1|lambda_reg=50|use_momentum=False,43,202.55544717735518
shift,1,LinUCB_Vanilla,alpha=0.1|lambda_reg=50|use_momentum=False,44,204.478923069168
shift,1,LinUCB_Vanilla,alpha=0.1|lambda_reg=50|use_momentum=False,45,206.0561971364169
shift,1,LinUCB_Vanilla,alpha=0.1|lambda_reg=50|use_momentum=False,46,206.0561971364169
shift,1,LinUCB_Vanilla,alpha=0.1|lambda_reg=50|use_momentum=False,47,208.2885139074051
shift,1,LinUCB_Vanilla,alpha=0.1|lambda_reg=50|use_momentum=False,48,209.62496189313958
shift,1,LinUCB_Vanilla,alpha=0.1|lambda_reg=50|use_momentum=False,49,209.62496189313958
shift,1,LinUCB_Vanilla,alpha=0.1|lambda_reg=50|use_momentum=False,50,209.62496189313958
shift,1,LinUCB_Vanilla,alpha=0.1|lambda_reg=50|use_momentum=False,51,211.0692155494951
shift,1,LinUCB_Vanilla,alpha=0.1|lambda_reg=50|use_momentum=False,52,221.4267191901484
shift,1,LinUCB_Vanilla,alpha=0.1|lambda_reg=50|use_momentum=False,53,231.39621232853872
shift,1,LinUCB_Vanilla,alpha=0.1|lambda_reg=50|use_momentum=False,54,231.39621232853872
shift,1,LinUCB_Vanilla,alpha=0.1|lambda_reg=50|use_momentum=False,55,236.62264188167143
shift,1,LinUCB_Vanilla,alpha=0.1|lambda_reg=50|use_momentum=False,56,237.50331098985492
shift,1,LinUCB_Vanilla,alpha=0.1|lambda_reg=50|use_momentum=False,57,240.43789627751974
shift,1,LinUCB_Vanilla,alpha=0.1|lambda_reg=50|use_momentum=False,58,255.60695552297616
shift,1,LinUCB_Vanilla,alpha=0.1|lambda_reg=50|use_momentum=False,59,256.5682177264191
shift,1,LinUCB_Vanilla,alpha=0.1|lambda_reg=50|use_momentum=False,60,259.0073611658351
shift,1,LinUCB_Vanilla,alpha=0.1|lambda_reg=50|use_momentum=False,61,265.6685131471552
shift,1,LinUCB_Vanilla,alpha=0.1|lambda_reg=50|use_momentum=False,62,274.32799762170947
shift,1,LinUCB_Vanilla,alpha=0.1|lambda_reg=50|use_momentum=False,63,274.32799762170947
shift,1,LinUCB_Vanilla,alpha=0.1|lambda_reg=50|use_momentum=False,64,282.20898474630167
shift,1,LinUCB_Vanilla,alpha=0.1|lambda_reg=50|use_momentum=False,65,285.3428319579383
shift,1,LinUCB_Vanilla,alpha=0.1|lambda_reg=50|use_momentum=False,66,304.24306504034024
shift,1,LinUCB_Vanilla,alpha=0.1|lambda_reg=50|use_momentum=False,67,312.2548286586599
shift,1,LinUCB_Vanilla,alpha=0.1|lambda_reg=50|use_momentum=False,68,318.7332173314954
shift,1,LinUCB_Vanilla,alpha=0.1|lambda_reg=50|use_momentum=False,69,318.7332173314954
shift,1,LinUCB_Vanilla,alpha=0.1|lambda_reg=50|use_momentum=False,70,330.23270965603376
shift,1,LinUCB_Vanilla,alpha=0.1|lambda_reg=50|use_momentum=False,71,331.437243213752
shift,1,LinUCB_Vanilla,alpha=0.1|lambda_reg=50|use_momentum=False,72,344.2894340708784
shift,1,LinUCB_Vanilla,alpha=0.1|lambda_reg=50|use_momentum=False,73,345.57246968994247
shift,1,LinUCB_Vanilla,alpha=0.1|lambda_reg=50|use_momentum=False,74,348.0419410721818
shift,1,LinUCB_Vanilla,alpha=0.1|lambda_reg=50|use_momentum=False,75,348.0419410721818
shift,1,LinUCB_Vanilla,alpha=0.1|lambda_reg=50|use_momentum=False,76,348.0419410721818
shift,1,LinUCB_Vanilla,alpha=0.1|lambda_reg=50|use_momentum=False,77,356.5379252639692
shift,1,LinUCB_Vanilla,alpha=0.1|lambda_reg=50|use_momentum=False,78,369.4871185210386
shift,1,LinUCB_Vanilla,alpha=0.1|lambda_reg=50|use_momentum=False,79,373.66458238264033
shift,1,LinUCB_Vanilla,alpha=0.1|lambda_reg=50|use_momentum=False,80,373.79875736737
shift,1,LinUCB_Vanilla,alpha=0.1|lambda_reg=50|use_momentum=False,81,374.03706887982145
shift,1,LinUCB_Vanilla,alpha=0.1|lambda_reg=50|use_momentum=False,82,374.1719336202219
shift,1,LinUCB_Vanilla,alpha=0.1|lambda_reg=50|use_momentum=False,83,374.51095885569555
shift,1,LinUCB_Vanilla,alpha=0.1|lambda_reg=50|use_momentum=False,84,374.78118658356254
shift,1,LinUCB_Vanilla,alpha=0.1|lambda_reg=50|use_momentum=False,85,374.99953472119984
shift,1,LinUCB_Vanilla,alpha=0.1|lambda_reg=50|use_momentum=False,86,375.0539682400453
shift,1,LinUCB_Vanilla,alpha=0.1|lambda_reg=50|use_momentum=False,87,375.1070643548182
shift,1,LinUCB_Vanilla,alpha=0.1|lambda_reg=50|use_momentum=False,88,375.1070643548182
shift,1,LinUCB_Vanilla,alpha=0.1|lambda_reg=50|use_momentum=False,89,375.2973862199921
shift,1,LinUCB_Vanilla,alpha=0.1|lambda_reg=50|use_momentum=False,90,375.57071038075475
shift,1,LinUCB_Vanilla,alpha=0.1|lambda_reg=50|use_momentum=False,91,375.61844258548325
shift,1,LinUCB_Vanilla,alpha=0.1|lambda_reg=50|use_momentum=False,92,375.8137213092939
shift,1,LinUCB_Vanilla,alpha=0.1|lambda_reg=50|use_momentum=False,93,375.90794847916334
shift,1,LinUCB_Vanilla,alpha=0.1|lambda_reg=50|use_momentum=False,94,375.9677767689568
shift,1,LinUCB_Vanilla,alpha=0.1|lambda_reg=50|use_momentum=False,95,376.17021898682106
shift,1,LinUCB_Vanilla,alpha=0.1|lambda_reg=50|use_momentum=False,96,376.45139902307614
shift,1,LinUCB_Vanilla,alpha=0.1|lambda_reg=50|use_momentum=False,97,376.62957174056044
shift,1,LinUCB_Vanilla,alpha=0.1|lambda_reg=50|use_momentum=False,98,376.7248077097044
shift,1,LinUCB_Vanilla,alpha=0.1|lambda_reg=50|use_momentum=False,99,376.87694207831424
shift,1,LinUCB_Vanilla,alpha=0.1|lambda_reg=100|use_momentum=False,0,7.163612899373399
shift,1,LinUCB_Vanilla,alpha=0.1|lambda_reg=100|use_momentum=False,1,7.627257551353745
shift,1,LinUCB_Vanilla,alpha=0.1|lambda_reg=100|use_momentum=False,2,11.083498175112688
shift,1,LinUCB_Vanilla,alpha=0.1|lambda_reg=100|use_momentum=False,3,11.337267157243279
shift,1,LinUCB_Vanilla,alpha=0.1|lambda_reg=100|use_momentum=False,4,14.441111310215371
shift,1,LinUCB_Vanilla,alpha=0.1|lambda_reg=100|use_momentum=False,5,14.549324103972511
shift,1,LinUCB_Vanilla,alpha=0.1|lambda_reg=100|use_momentum=False,6,14.549324103972511
shift,1,LinUCB_Vanilla,alpha=0.1|lambda_reg=100|use_momentum=False,7,15.02397154637073
shift,1,LinUCB_Vanilla,alpha=0.1|lambda_reg=100|use_momentum=False,8,15.214703021712676
shift,1,LinUCB_Vanilla,alpha=0.1|lambda_reg=100|use_momentum=False,9,15.352710468411233
shift,1,LinUCB_Vanilla,alpha=0.1|lambda_reg=100|use_momentum=False,10,15.471811078426484
shift,1,LinUCB_Vanilla,alpha=0.1|lambda_reg=100|use_momentum=False,11,15.61591006446277
shift,1,LinUCB_Vanilla,alpha=0.1|lambda_reg=100|use_momentum=False,12,15.784408667251055
shift,1,LinUCB_Vanilla,alpha=0.1|lambda_reg=100|use_momentum=False,13,16.35032402271308
shift,1,LinUCB_Vanilla,alpha=0.1|lambda_reg=100|use_momentum=False,14,16.464595883210276
shift,1,LinUCB_Vanilla,alpha=0.1|lambda_reg=100|use_momentum=False,15,16.681190563977722
shift,1,LinUCB_Vanilla,alpha=0.1|lambda_reg=100|use_momentum=False,16,17.10410035113537
shift,1,LinUCB_Vanilla,alpha=0.1|lambda_reg=100|use_momentum=False,17,17.1933860295463
shift,1,LinUCB_Vanilla,alpha=0.1|lambda_reg=100|use_momentum=False,18,17.196000037336862
shift,1,LinUCB_Vanilla,alpha=0.1|lambda_reg=100|use_momentum=False,19,17.200626819482142
shift,1,LinUCB_Vanilla,alpha=0.1|lambda_reg=100|use_momentum=False,20,30.037518785522558
shift,1,LinUCB_Vanilla,alpha=0.1|lambda_reg=100|use_momentum=False,21,36.8821391782089
shift,1,LinUCB_Vanilla,alpha=0.1|lambda_reg=100|use_momentum=False,22,44.69236790719364
shift,1,LinUCB_Vanilla,alpha=0.1|lambda_reg=100|use_momentum=False,23,54.54120432269965
shift,1,LinUCB_Vanilla,alpha=0.1|lambda_reg=100|use_momentum=False,24,64.76790391234579
shift,1,LinUCB_Vanilla,alpha=0.1|lambda_reg=100|use_momentum=False,25,76.09121146636676
shift,1,LinUCB_Vanilla,alpha=0.1|lambda_reg=100|use_momentum=False,26,91.39194952253912
shift,1,LinUCB_Vanilla,alpha=0.1|lambda_reg=100|use_momentum=False,27,103.594064352618
shift,1,LinUCB_Vanilla,alpha=0.1|lambda_reg=100|use_momentum=False,28,108.65141665081833
shift,1,LinUCB_Vanilla,alpha=0.1|lambda_reg=100|use_momentum=False,29,109.93324175710114
shift,1,LinUCB_Vanilla,alpha=0.1|lambda_reg=100|use_momentum=False,30,110.89048936250887
shift,1,LinUCB_Vanilla,alpha=0.1|lambda_reg=100|use_momentum=False,31,110.89048936250887
shift,1,LinUCB_Vanilla,alpha=0.1|lambda_reg=100|use_momentum=False,32,115.26767714116713
shift,1,LinUCB_Vanilla,alpha=0.1|lambda_reg=100|use_momentum=False,33,115.26767714116713
shift,1,LinUCB_Vanilla,alpha=0.1|lambda_reg=100|use_momentum=False,34,117.02459014060928
shift,1,LinUCB_Vanilla,alpha=0.1|lambda_reg=100|use_momentum=False,35,123.34832777681106
shift,1,LinUCB_Vanilla,alpha=0.1|lambda_reg=100|use_momentum=False,36,129.44940371382694
shift,1,LinUCB_Vanilla,alpha=0.1|lambda_reg=100|use_momentum=False,37,139.75338531242787
shift,1,LinUCB_Vanilla,alpha=0.1|lambda_reg=100|use_momentum=False,38,149.57155335662452
shift,1,LinUCB_Vanilla,alpha=0.1|lambda_reg=100|use_momentum=False,39,165.53651066714053
shift,1,LinUCB_Vanilla,alpha=0.1|lambda_reg=100|use_momentum=False,40,174.99313861077417
shift,1,LinUCB_Vanilla,alpha=0.1|lambda_reg=100|use_momentum=False,41,182.62023268452447
shift,1,LinUCB_Vanilla,alpha=0.1|lambda_reg=100|use_momentum=False,42,194.22366274420256
shift,1,LinUCB_Vanilla,alpha=0.1|lambda_reg=100|use_momentum=False,43,195.92026006698828
shift,1,LinUCB_Vanilla,alpha=0.1|lambda_reg=100|use_momentum=False,44,195.92026006698828
shift,1,LinUCB_Vanilla,alpha=0.1|lambda_reg=100|use_momentum=False,45,197.49753413423718
shift,1,LinUCB_Vanilla,alpha=0.1|lambda_reg=100|use_momentum=False,46,197.49753413423718
shift,1,LinUCB_Vanilla,alpha=0.1|lambda_reg=100|use_momentum=False,47,204.94882862046455
shift,1,LinUCB_Vanilla,alpha=0.1|lambda_reg=100|use_momentum=False,48,214.25796069917075
shift,1,LinUCB_Vanilla,alpha=0.1|lambda_reg=100|use_momentum=False,49,221.3518653742373
shift,1,LinUCB_Vanilla,alpha=0.1|lambda_reg=100|use_momentum=False,50,222.88387671427603
shift,1,LinUCB_Vanilla,alpha=0.1|lambda_reg=100|use_momentum=False,51,224.32813037063156
shift,1,LinUCB_Vanilla,alpha=0.1|lambda_reg=100|use_momentum=False,52,235.1172084159999
shift,1,LinUCB_Vanilla,alpha=0.1|lambda_reg=100|use_momentum=False,53,245.8170969300547
shift,1,LinUCB_Vanilla,alpha=0.1|lambda_reg=100|use_momentum=False,54,245.8170969300547
shift,1,LinUCB_Vanilla,alpha=0.1|lambda_reg=100|use_momentum=False,55,249.74204182402298
shift,1,LinUCB_Vanilla,alpha=0.1|lambda_reg=100|use_momentum=False,56,251.89838138538929
shift,1,LinUCB_Vanilla,alpha=0.1|lambda_reg=100|use_momentum=False,57,262.5009240603346
shift,1,LinUCB_Vanilla,alpha=0.1|lambda_reg=100|use_momentum=False,58,262.5009240603346
shift,1,LinUCB_Vanilla,alpha=0.1|lambda_reg=100|use_momentum=False,59,268.4577474335764
shift,1,LinUCB_Vanilla,alpha=0.1|lambda_reg=100|use_momentum=False,60,281.2204875679804
shift,1,LinUCB_Vanilla,alpha=0.1|lambda_reg=100|use_momentum=False,61,282.40873673074714
shift,1,LinUCB_Vanilla,alpha=0.1|lambda_reg=100|use_momentum=False,62,290.2829387767539
shift,1,LinUCB_Vanilla,alpha=0.1|lambda_reg=100|use_momentum=False,63,292.52024143221405
shift,1,LinUCB_Vanilla,alpha=0.1|lambda_reg=100|use_momentum=False,64,292.52024143221405
shift,1,LinUCB_Vanilla,alpha=0.1|lambda_reg=100|use_momentum=False,65,302.7519618086256
shift,1,LinUCB_Vanilla,alpha=0.1|lambda_reg=100|use_momentum=False,66,321.51201881430063
shift,1,LinUCB_Vanilla,alpha=0.1|lambda_reg=100|use_momentum=False,67,328.7441847456918
shift,1,LinUCB_Vanilla,alpha=0.1|lambda_reg=100|use_momentum=False,68,335.2225734185273
shift,1,LinUCB_Vanilla,alpha=0.1|lambda_reg=100|use_momentum=False,69,341.74924856376145
shift,1,LinUCB_Vanilla,alpha=0.1|lambda_reg=100|use_momentum=False,70,354.07677389011906
shift,1,LinUCB_Vanilla,alpha=0.1|lambda_reg=100|use_momentum=False,71,354.07677389011906
shift,1,LinUCB_Vanilla,alpha=0.1|lambda_reg=100|use_momentum=False,72,356.05869773070333
shift,1,LinUCB_Vanilla,alpha=0.1|lambda_reg=100|use_momentum=False,73,365.61854842025036
shift,1,LinUCB_Vanilla,alpha=0.1|lambda_reg=100|use_momentum=False,74,368.0880198024897
shift,1,LinUCB_Vanilla,alpha=0.1|lambda_reg=100|use_momentum=False,75,368.0880198024897
shift,1,LinUCB_Vanilla,alpha=0.1|lambda_reg=100|use_momentum=False,76,369.1098879020086
shift,1,LinUCB_Vanilla,alpha=0.1|lambda_reg=100|use_momentum=False,77,377.60587209379594
shift,1,LinUCB_Vanilla,alpha=0.1|lambda_reg=100|use_momentum=False,78,390.80824358931545
shift,1,LinUCB_Vanilla,alpha=0.1|lambda_reg=100|use_momentum=False,79,394.9857074509172
shift,1,LinUCB_Vanilla,alpha=0.1|lambda_reg=100|use_momentum=False,80,395.55749495796454
shift,1,LinUCB_Vanilla,alpha=0.1|lambda_reg=100|use_momentum=False,81,396.11232785169034
shift,1,LinUCB_Vanilla,alpha=0.1|lambda_reg=100|use_momentum=False,82,396.7988595210245
shift,1,LinUCB_Vanilla,alpha=0.1|lambda_reg=100|use_momentum=False,83,397.4717547216076
shift,1,LinUCB_Vanilla,alpha=0.1|lambda_reg=100|use_momentum=False,84,398.29895309333915
shift,1,LinUCB_Vanilla,alpha=0.1|lambda_reg=100|use_momentum=False,85,398.8126676863024
shift,1,LinUCB_Vanilla,alpha=0.1|lambda_reg=100|use_momentum=False,86,399.1932857665488
shift,1,LinUCB_Vanilla,alpha=0.1|lambda_reg=100|use_momentum=False,87,399.4475780659806
shift,1,LinUCB_Vanilla,alpha=0.1|lambda_reg=100|use_momentum=False,88,400.283229239972
shift,1,LinUCB_Vanilla,alpha=0.1|lambda_reg=100|use_momentum=False,89,400.7789054810728
shift,1,LinUCB_Vanilla,alpha=0.1|lambda_reg=100|use_momentum=False,90,401.37974824787284
shift,1,LinUCB_Vanilla,alpha=0.1|lambda_reg=100|use_momentum=False,91,402.2073405617696
shift,1,LinUCB_Vanilla,alpha=0.1|lambda_reg=100|use_momentum=False,92,402.69088227938687
shift,1,LinUCB_Vanilla,alpha=0.1|lambda_reg=100|use_momentum=False,93,403.02922606550305
shift,1,LinUCB_Vanilla,alpha=0.1|lambda_reg=100|use_momentum=False,94,403.5231672817223
shift,1,LinUCB_Vanilla,alpha=0.1|lambda_reg=100|use_momentum=False,95,403.91123978569476
shift,1,LinUCB_Vanilla,alpha=0.1|lambda_reg=100|use_momentum=False,96,404.19358019412465
shift,1,LinUCB_Vanilla,alpha=0.1|lambda_reg=100|use_momentum=False,97,404.41814587378957
shift,1,LinUCB_Vanilla,alpha=0.1|lambda_reg=100|use_momentum=False,98,404.8684747675603
shift,1,LinUCB_Vanilla,alpha=0.1|lambda_reg=100|use_momentum=False,99,405.19500574519606
shift,1,Thompson_Sampling,prior_lambda=0.1,0,0.32295838611975713
shift,1,Thompson_Sampling,prior_lambda=0.1,1,0.32295838611975713
shift,1,Thompson_Sampling,prior_lambda=0.1,2,2.5041128267950867
shift,1,Thompson_Sampling,prior_lambda=0.1,3,3.641513212293985
shift,1,Thompson_Sampling,prior_lambda=0.1,4,3.7069227674513288
shift,1,Thompson_Sampling,prior_lambda=0.1,5,4.019682563615718
shift,1,Thompson_Sampling,prior_lambda=0.1,6,4.134707187393139
shift,1,Thompson_Sampling,prior_lambda=0.1,7,4.232962011043951
shift,1,Thompson_Sampling,prior_lambda=0.1,8,4.323629495148319
shift,1,Thompson_Sampling,prior_lambda=0.1,9,4.613828144106295
shift,1,Thompson_Sampling,prior_lambda=0.1,10,5.52526058510064
shift,1,Thompson_Sampling,prior_lambda=0.1,11,9.360373010822657
shift,1,Thompson_Sampling,prior_lambda=0.1,12,18.107996109657098
shift,1,Thompson_Sampling,prior_lambda=0.1,13,18.539786912828617
shift,1,Thompson_Sampling,prior_lambda=0.1,14,18.539786912828617
shift,1,Thompson_Sampling,prior_lambda=0.1,15,18.65132830032746
shift,1,Thompson_Sampling,prior_lambda=0.1,16,21.61483730482956
shift,1,Thompson_Sampling,prior_lambda=0.1,17,21.729469549202772
shift,1,Thompson_Sampling,prior_lambda=0.1,18,21.847277126903293
shift,1,Thompson_Sampling,prior_lambda=0.1,19,21.99774748426418
shift,1,Thompson_Sampling,prior_lambda=0.1,20,34.57118149445623
shift,1,Thompson_Sampling,prior_lambda=0.1,21,41.17142303651321
shift,1,Thompson_Sampling,prior_lambda=0.1,22,48.67807177134187
shift,1,Thompson_Sampling,prior_lambda=0.1,23,51.75594459482759
shift,1,Thompson_Sampling,prior_lambda=0.1,24,63.51698595046031
shift,1,Thompson_Sampling,prior_lambda=0.1,25,75.67197565114917
shift,1,Thompson_Sampling,prior_lambda=0.1,26,91.49523962705675
shift,1,Thompson_Sampling,prior_lambda=0.1,27,103.69735445713563
shift,1,Thompson_Sampling,prior_lambda=0.1,28,109.05544128541061
shift,1,Thompson_Sampling,prior_lambda=0.1,29,113.35075526459536
shift,1,Thompson_Sampling,prior_lambda=0.1,30,123.09502962530527
shift,1,Thompson_Sampling,prior_lambda=0.1,31,131.00236382118175
shift,1,Thompson_Sampling,prior_lambda=0.1,32,133.20710316650968
shift,1,Thompson_Sampling,prior_lambda=0.1,33,141.84821735113837
shift,1,Thompson_Sampling,prior_lambda=0.1,34,153.80077622718275
shift,1,Thompson_Sampling,prior_lambda=0.1,35,160.12451386338455
shift,1,Thompson_Sampling,prior_lambda=0.1,36,169.90187000592712
shift,1,Thompson_Sampling,prior_lambda=0.1,37,178.60444090795338
shift,1,Thompson_Sampling,prior_lambda=0.1,38,187.3387664635852
shift,1,Thompson_Sampling,prior_lambda=0.1,39,202.9246659357369
shift,1,Thompson_Sampling,prior_lambda=0.1,40,205.4392561176038
shift,1,Thompson_Sampling,prior_lambda=0.1,41,212.72679262371986
shift,1,Thompson_Sampling,prior_lambda=0.1,42,225.96740846404657
shift,1,Thompson_Sampling,prior_lambda=0.1,43,225.96740846404657
shift,1,Thompson_Sampling,prior_lambda=0.1,44,232.86075727562363
shift,1,Thompson_Sampling,prior_lambda=0.1,45,234.43803134287253
shift,1,Thompson_Sampling,prior_lambda=0.1,46,246.10558204710358
shift,1,Thompson_Sampling,prior_lambda=0.1,47,253.55687653333095
shift,1,Thompson_Sampling,prior_lambda=0.1,48,262.63744803980404
shift,1,Thompson_Sampling,prior_lambda=0.1,49,269.9509695736849
shift,1,Thompson_Sampling,prior_lambda=0.1,50,281.040276551683
shift,1,Thompson_Sampling,prior_lambda=0.1,51,281.040276551683
shift,1,Thompson_Sampling,prior_lambda=0.1,52,291.25647420538274
shift,1,Thompson_Sampling,prior_lambda=0.1,53,301.2259673437731
shift,1,Thompson_Sampling,prior_lambda=0.1,54,306.97490400687343
shift,1,Thompson_Sampling,prior_lambda=0.1,55,307.44544768625894
shift,1,Thompson_Sampling,prior_lambda=0.1,56,309.6017872476252
shift,1,Thompson_Sampling,prior_lambda=0.1,57,321.03653220994977
shift,1,Thompson_Sampling,prior_lambda=0.1,58,323.0054072240165
shift,1,Thompson_Sampling,prior_lambda=0.1,59,331.5112796980417
shift,1,Thompson_Sampling,prior_lambda=0.1,60,331.5112796980417
shift,1,Thompson_Sampling,prior_lambda=0.1,61,332.6995288608084
shift,1,Thompson_Sampling,prior_lambda=0.1,62,341.42911563824185
shift,1,Thompson_Sampling,prior_lambda=0.1,63,343.666418293702
shift,1,Thompson_Sampling,prior_lambda=0.1,64,351.6105210759244
shift,1,Thompson_Sampling,prior_lambda=0.1,65,353.0448197466451
shift,1,Thompson_Sampling,prior_lambda=0.1,66,355.70333770718474
shift,1,Thompson_Sampling,prior_lambda=0.1,67,356.9004713507587
shift,1,Thompson_Sampling,prior_lambda=0.1,68,356.9004713507587
shift,1,Thompson_Sampling,prior_lambda=0.1,69,358.62039454759304
shift,1,Thompson_Sampling,prior_lambda=0.1,70,369.9346406379886
shift,1,Thompson_Sampling,prior_lambda=0.1,71,369.9346406379886
shift,1,Thompson_Sampling,prior_lambda=0.1,72,369.9346406379886
shift,1,Thompson_Sampling,prior_lambda=0.1,73,378.55700928584895
shift,1,Thompson_Sampling,prior_lambda=0.1,74,379.72223531766826
shift,1,Thompson_Sampling,prior_lambda=0.1,75,380.818200094046
shift,1,Thompson_Sampling,prior_lambda=0.1,76,388.60713235801984
shift,1,Thompson_Sampling,prior_lambda=0.1,77,401.1911328048675
shift,1,Thompson_Sampling,prior_lambda=0.1,78,413.87770137327345
shift,1,Thompson_Sampling,prior_lambda=0.1,79,415.8100557001668
shift,1,Thompson_Sampling,prior_lambda=0.1,80,415.8100557001668
shift,1,Thompson_Sampling,prior_lambda=0.1,81,418.5278661657437
shift,1,Thompson_Sampling,prior_lambda=0.1,82,418.57737298457795
shift,1,Thompson_Sampling,prior_lambda=0.1,83,419.36282726429863
shift,1,Thompson_Sampling,prior_lambda=0.1,84,419.6204588130663
shift,1,Thompson_Sampling,prior_lambda=0.1,85,420.4399880408264
shift,1,Thompson_Sampling,prior_lambda=0.1,86,420.61811856212836
shift,1,Thompson_Sampling,prior_lambda=0.1,87,420.79776886188455
shift,1,Thompson_Sampling,prior_lambda=0.1,88,422.37648526826797
shift,1,Thompson_Sampling,prior_lambda=0.1,89,422.62523124307
shift,1,Thompson_Sampling,prior_lambda=0.1,90,422.62523124307
shift,1,Thompson_Sampling,prior_lambda=0.1,91,422.80543402921364
shift,1,Thompson_Sampling,prior_lambda=0.1,92,427.02242997125364
shift,1,Thompson_Sampling,prior_lambda=0.1,93,427.7647155753373
shift,1,Thompson_Sampling,prior_lambda=0.1,94,428.0282139553947
shift,1,Thompson_Sampling,prior_lambda=0.1,95,428.28105280431663
shift,1,Thompson_Sampling,prior_lambda=0.1,96,428.69191614276343
shift,1,Thompson_Sampling,prior_lambda=0.1,97,429.6133058018588
shift,1,Thompson_Sampling,prior_lambda=0.1,98,429.7614893991376
shift,1,Thompson_Sampling,prior_lambda=0.1,99,430.5165007105918
shift,1,Thompson_Sampling,prior_lambda=0.15,0,4.791903818376654
shift,1,Thompson_Sampling,prior_lambda=0.15,1,4.865736005349559
shift,1,Thompson_Sampling,prior_lambda=0.15,2,4.9480600146187115
shift,1,Thompson_Sampling,prior_lambda=0.15,3,4.9480600146187115
shift,1,Thompson_Sampling,prior_lambda=0.15,4,11.920526502965103
shift,1,Thompson_Sampling,prior_lambda=0.15,5,12.132525383257482
shift,1,Thompson_Sampling,prior_lambda=0.15,6,12.88284394391605
shift,1,Thompson_Sampling,prior_lambda=0.15,7,16.41792619524426
shift,1,Thompson_Sampling,prior_lambda=0.15,8,17.232371268348555
shift,1,Thompson_Sampling,prior_lambda=0.15,9,17.232371268348555
shift,1,Thompson_Sampling,prior_lambda=0.15,10,17.351471878363807
shift,1,Thompson_Sampling,prior_lambda=0.15,11,17.584357465335103
shift,1,Thompson_Sampling,prior_lambda=0.15,12,17.86412094579662
shift,1,Thompson_Sampling,prior_lambda=0.15,13,18.166845313761804
shift,1,Thompson_Sampling,prior_lambda=0.15,14,18.214180430188115
shift,1,Thompson_Sampling,prior_lambda=0.15,15,18.283476936871274
shift,1,Thompson_Sampling,prior_lambda=0.15,16,18.70638672402892
shift,1,Thompson_Sampling,prior_lambda=0.15,17,18.981968138515782
shift,1,Thompson_Sampling,prior_lambda=0.15,18,24.9519997131168
shift,1,Thompson_Sampling,prior_lambda=0.15,19,25.102470070477686
shift,1,Thompson_Sampling,prior_lambda=0.15,20,37.9393620365181
shift,1,Thompson_Sampling,prior_lambda=0.15,21,45.67113356459478
shift,1,Thompson_Sampling,prior_lambda=0.15,22,53.27272179333665
shift,1,Thompson_Sampling,prior_lambda=0.15,23,62.63978348568566
shift,1,Thompson_Sampling,prior_lambda=0.15,24,74.0098382828731
shift,1,Thompson_Sampling,prior_lambda=0.15,25,84.064867226802
shift,1,Thompson_Sampling,prior_lambda=0.15,26,100.3338045026955
shift,1,Thompson_Sampling,prior_lambda=0.15,27,111.12068858055343
shift,1,Thompson_Sampling,prior_lambda=0.15,28,118.12139946633272
shift,1,Thompson_Sampling,prior_lambda=0.15,29,123.22870683448883
shift,1,Thompson_Sampling,prior_lambda=0.15,30,132.97298119519874
shift,1,Thompson_Sampling,prior_lambda=0.15,31,140.89463122037773
shift,1,Thompson_Sampling,prior_lambda=0.15,32,152.65282139613785
shift,1,Thompson_Sampling,prior_lambda=0.15,33,153.71376807205962
shift,1,Thompson_Sampling,prior_lambda=0.15,34,164.7765246907331
shift,1,Thompson_Sampling,prior_lambda=0.15,35,165.86636770161198
shift,1,Thompson_Sampling,prior_lambda=0.15,36,174.0465734179701
shift,1,Thompson_Sampling,prior_lambda=0.15,37,184.47494144398132
shift,1,Thompson_Sampling,prior_lambda=0.15,38,193.20926699961313
shift,1,Thompson_Sampling,prior_lambda=0.15,39,208.74781607550625
shift,1,Thompson_Sampling,prior_lambda=0.15,40,218.48139572104995
shift,1,Thompson_Sampling,prior_lambda=0.15,41,226.97407248898412
shift,1,Thompson_Sampling,prior_lambda=0.15,42,239.85987374431645
shift,1,Thompson_Sampling,prior_lambda=0.15,43,247.42480796230586
shift,1,Thompson_Sampling,prior_lambda=0.15,44,247.42480796230586
shift,1,Thompson_Sampling,prior_lambda=0.15,45,247.42480796230586
shift,1,Thompson_Sampling,prior_lambda=0.15,46,251.35224252878436
shift,1,Thompson_Sampling,prior_lambda=0.15,47,252.35679729897126
shift,1,Thompson_Sampling,prior_lambda=0.15,48,261.02076797559965
shift,1,Thompson_Sampling,prior_lambda=0.15,49,268.5317648412273
shift,1,Thompson_Sampling,prior_lambda=0.15,50,280.7333448602301
shift,1,Thompson_Sampling,prior_lambda=0.15,51,286.42069028660256
shift,1,Thompson_Sampling,prior_lambda=0.15,52,296.77819392725587
shift,1,Thompson_Sampling,prior_lambda=0.15,53,298.1884675097335
shift,1,Thompson_Sampling,prior_lambda=0.15,54,303.93740417283385
shift,1,Thompson_Sampling,prior_lambda=0.15,55,309.47264937785854
shift,1,Thompson_Sampling,prior_lambda=0.15,56,309.47264937785854
shift,1,Thompson_Sampling,prior_lambda=0.15,57,320.9073943401831
shift,1,Thompson_Sampling,prior_lambda=0.15,58,336.0764535856395
shift,1,Thompson_Sampling,prior_lambda=0.15,59,344.3232630193099
shift,1,Thompson_Sampling,prior_lambda=0.15,60,344.3232630193099
shift,1,Thompson_Sampling,prior_lambda=0.15,61,351.3178430991194
shift,1,Thompson_Sampling,prior_lambda=0.15,62,359.6990621406494
shift,1,Thompson_Sampling,prior_lambda=0.15,63,361.93636479610956
shift,1,Thompson_Sampling,prior_lambda=0.15,64,370.24187045718674
shift,1,Thompson_Sampling,prior_lambda=0.15,65,370.24187045718674
shift,1,Thompson_Sampling,prior_lambda=0.15,66,389.49107247288697
shift,1,Thompson_Sampling,prior_lambda=0.15,67,390.68820611646095
shift,1,Thompson_Sampling,prior_lambda=0.15,68,392.1404558653264
shift,1,Thompson_Sampling,prior_lambda=0.15,69,392.1404558653264
shift,1,Thompson_Sampling,prior_lambda=0.15,70,402.02622550121976
shift,1,Thompson_Sampling,prior_lambda=0.15,71,402.02622550121976
shift,1,Thompson_Sampling,prior_lambda=0.15,72,415.355917691669
shift,1,Thompson_Sampling,prior_lambda=0.15,73,425.38451519390605
shift,1,Thompson_Sampling,prior_lambda=0.15,74,425.38451519390605
shift,1,Thompson_Sampling,prior_lambda=0.15,75,425.38451519390605
shift,1,Thompson_Sampling,prior_lambda=0.15,76,425.38451519390605
shift,1,Thompson_Sampling,prior_lambda=0.15,77,427.0884155122211
shift,1,Thompson_Sampling,prior_lambda=0.15,78,440.0376087692905
shift,1,Thompson_Sampling,prior_lambda=0.15,79,452.59489867187824
shift,1,Thompson_Sampling,prior_lambda=0.15,80,454.45757405024807
shift,1,Thompson_Sampling,prior_lambda=0.15,81,455.21963185443747
shift,1,Thompson_Sampling,prior_lambda=0.15,82,460.87257251391577
shift,1,Thompson_Sampling,prior_lambda=0.15,83,463.48549079355683
shift,1,Thompson_Sampling,prior_lambda=0.15,84,463.81704918182186
shift,1,Thompson_Sampling,prior_lambda=0.15,85,464.3307637747851
shift,1,Thompson_Sampling,prior_lambda=0.15,86,464.3851972936306
shift,1,Thompson_Sampling,prior_lambda=0.15,87,469.6917321604999
shift,1,Thompson_Sampling,prior_lambda=0.15,88,471.2704485668833
shift,1,Thompson_Sampling,prior_lambda=0.15,89,471.691392382812
shift,1,Thompson_Sampling,prior_lambda=0.15,90,472.586635597736
shift,1,Thompson_Sampling,prior_lambda=0.15,91,472.6343678024645
shift,1,Thompson_Sampling,prior_lambda=0.15,92,481.09329595194487
shift,1,Thompson_Sampling,prior_lambda=0.15,93,483.64324441763637
shift,1,Thompson_Sampling,prior_lambda=0.15,94,484.31797844507525
shift,1,Thompson_Sampling,prior_lambda=0.15,95,487.1826333077898
shift,1,Thompson_Sampling,prior_lambda=0.15,96,487.46381334404487
shift,1,Thompson_Sampling,prior_lambda=0.15,97,491.4293937188344
shift,1,Thompson_Sampling,prior_lambda=0.15,98,496.38077087395226
shift,1,Thompson_Sampling,prior_lambda=0.15,99,498.9117232083611
shift,2,Epsilon_Greedy,epsilon=0.02,0,7.232585627761223
shift,2,Epsilon_Greedy,epsilon=0.02,1,13.359459083780196
shift,2,Epsilon_Greedy,epsilon=0.02,2,20.94397762177049
shift,2,Epsilon_Greedy,epsilon=0.02,3,27.71891259464223
shift,2,Epsilon_Greedy,epsilon=0.02,4,33.24818105759009
shift,2,Epsilon_Greedy,epsilon=0.02,5,39.37834337239011
shift,2,Epsilon_Greedy,epsilon=0.02,6,47.47104852727645
shift,2,Epsilon_Greedy,epsilon=0.02,7,52.16653014174689
shift,2,Epsilon_Greedy,epsilon=0.02,8,57.5886051318477
shift,2,Epsilon_Greedy,epsilon=0.02,9,63.20612191980535
shift,2,Epsilon_Greedy,epsilon=0.02,10,70.30431368373203
shift,2,Epsilon_Greedy,epsilon=0.02,11,76.88817337664575
shift,2,Epsilon_Greedy,epsilon=0.02,12,82.40623716336208
shift,2,Epsilon_Greedy,epsilon=0.02,13,82.50090598238407
shift,2,Epsilon_Greedy,epsilon=0.02,14,82.6700341094487
shift,2,Epsilon_Greedy,epsilon=0.02,15,82.8707553978024
shift,2,Epsilon_Greedy,epsilon=0.02,16,83.0850714900091
shift,2,Epsilon_Greedy,epsilon=0.02,17,83.16923100236055
shift,2,Epsilon_Greedy,epsilon=0.02,18,83.31988792591886
shift,2,Epsilon_Greedy,epsilon=0.02,19,83.3756603906115
shift,2,Epsilon_Greedy,epsilon=0.02,20,95.26808707854272
shift,2,Epsilon_Greedy,epsilon=0.02,21,106.71842606040009
shift,2,Epsilon_Greedy,epsilon=0.02,22,114.82798369080957
shift,2,Epsilon_Greedy,epsilon=0.02,23,123.07913132443305
shift,2,Epsilon_Greedy,epsilon=0.02,24,127.08601420292646
shift,2,Epsilon_Greedy,epsilon=0.02,25,127.08601420292646
shift,2,Epsilon_Greedy,epsilon=0.02,26,143.56873887213285
shift,2,Epsilon_Greedy,epsilon=0.02,27,143.56873887213285
shift,2,Epsilon_Greedy,epsilon=0.02,28,143.56873887213285
shift,2,Epsilon_Greedy,epsilon=0.02,29,143.56873887213285
shift,2,Epsilon_Greedy,epsilon=0.02,30,143.56873887213285
shift,2,Epsilon_Greedy,epsilon=0.02,31,143.56873887213285
shift,2,Epsilon_Greedy,epsilon=0.02,32,143.56873887213285
shift,2,Epsilon_Greedy,epsilon=0.02,33,143.56873887213285
shift,2,Epsilon_Greedy,epsilon=0.02,34,143.56873887213285
shift,2,Epsilon_Greedy,epsilon=0.02,35,150.5484360308923
shift,2,Epsilon_Greedy,epsilon=0.02,36,150.5484360308923
shift,2,Epsilon_Greedy,epsilon=0.02,37,150.5484360308923
shift,2,Epsilon_Greedy,epsilon=0.02,38,150.5484360308923
shift,2,Epsilon_Greedy,epsilon=0.02,39,150.5484360308923
shift,2,Epsilon_Greedy,epsilon=0.02,40,162.28518556400766
shift,2,Epsilon_Greedy,epsilon=0.02,41,162.28518556400766
shift,2,Epsilon_Greedy,epsilon=0.02,42,162.28518556400766
shift,2,Epsilon_Greedy,epsilon=0.02,43,162.28518556400766
shift,2,Epsilon_Greedy,epsilon=0.02,44,162.28518556400766
shift,2,Epsilon_Greedy,epsilon=0.02,45,162.28518556400766
shift,2,Epsilon_Greedy,epsilon=0.02,46,162.28518556400766
shift,2,Epsilon_Greedy,epsilon=0.02,47,162.28518556400766
shift,2,Epsilon_Greedy,epsilon=0.02,48,162.28518556400766
shift,2,Epsilon_Greedy,epsilon=0.02,49,162.28518556400766
shift,2,Epsilon_Greedy,epsilon=0.02,50,162.28518556400766
shift,2,Epsilon_Greedy,epsilon=0.02,51,162.28518556400766
shift,2,Epsilon_Greedy,epsilon=0.02,52,162.28518556400766
shift,2,Epsilon_Greedy,epsilon=0.02,53,162.28518556400766
shift,2,Epsilon_Greedy,epsilon=0.02,54,164.19887104674902
shift,2,Epsilon_Greedy,epsilon=0.02,55,166.5444979058803
shift,2,Epsilon_Greedy,epsilon=0.02,56,169.3321718110651
shift,2,Epsilon_Greedy,epsilon=0.02,57,169.3321718110651
shift,2,Epsilon_Greedy,epsilon=0.02,58,169.3321718110651
shift,2,Epsilon_Greedy,epsilon=0.02,59,169.3321718110651
shift,2,Epsilon_Greedy,epsilon=0.02,60,169.3321718110651
shift,2,Epsilon_Greedy,epsilon=0.02,61,169.3321718110651
shift,2,Epsilon_Greedy,epsilon=0.02,62,169.3321718110651
shift,2,Epsilon_Greedy,epsilon=0.02,63,169.3321718110651
shift,2,Epsilon_Greedy,epsilon=0.02,64,169.3321718110651
shift,2,Epsilon_Greedy,epsilon=0.02,65,169.3321718110651
shift,2,Epsilon_Greedy,epsilon=0.02,66,169.3321718110651
shift,2,Epsilon_Greedy,epsilon=0.02,67,169.3321718110651
shift,2,Epsilon_Greedy,epsilon=0.02,68,169.3321718110651
shift,2,Epsilon_Greedy,epsilon=0.02,69,169.3321718110651
shift,2,Epsilon_Greedy,epsilon=0.02,70,169.3321718110651
shift,2,Epsilon_Greedy,epsilon=0.02,71,172.39392320794042
shift,2,Epsilon_Greedy,epsilon=0.02,72,172.39392320794042
shift,2,Epsilon_Greedy,epsilon=0.02,73,172.39392320794042
shift,2,Epsilon_Greedy,epsilon=0.02,74,172.39392320794042
shift,2,Epsilon_Greedy,epsilon=0.02,75,172.39392320794042
shift,2,Epsilon_Greedy,epsilon=0.02,76,172.39392320794042
shift,2,Epsilon_Greedy,epsilon=0.02,77,172.39392320794042
shift,2,Epsilon_Greedy,epsilon=0.02,78,172.39392320794042
shift,2,Epsilon_Greedy,epsilon=0.02,79,172.39392320794042
shift,2,Epsilon_Greedy,epsilon=0.02,80,179.84035775940578
shift,2,Epsilon_Greedy,epsilon=0.02,81,186.50704296824867
shift,2,Epsilon_Greedy,epsilon=0.02,82,192.0625646837806
shift,2,Epsilon_Greedy,epsilon=0.02,83,196.53836398818794
shift,2,Epsilon_Greedy,epsilon=0.02,84,205.8862937866711
shift,2,Epsilon_Greedy,epsilon=0.02,85,213.0408614932795
shift,2,Epsilon_Greedy,epsilon=0.02,86,219.54425562185625
shift,2,Epsilon_Greedy,epsilon=0.02,87,223.58169579603305
shift,2,Epsilon_Greedy,epsilon=0.02,88,230.66088749831832
shift,2,Epsilon_Greedy,epsilon=0.02,89,236.13344779698141
shift,2,Epsilon_Greedy,epsilon=0.02,90,242.18712126062954
shift,2,Epsilon_Greedy,epsilon=0.02,91,249.79414149001246
shift,2,Epsilon_Greedy,epsilon=0.02,92,257.27942797211193
shift,2,Epsilon_Greedy,epsilon=0.02,93,263.2012988703938
shift,2,Epsilon_Greedy,epsilon=0.02,94,268.88830004586225
shift,2,Epsilon_Greedy,epsilon=0.02,95,274.713880038899
shift,2,Epsilon_Greedy,epsilon=0.02,96,279.50174906865846
shift,2,Epsilon_Greedy,epsilon=0.02,97,283.79263037150656
shift,2,Epsilon_Greedy,epsilon=0.02,98,290.27967693414087
shift,2,Epsilon_Greedy,epsilon=0.02,99,296.7071258161104
shift,2,Epsilon_Greedy,epsilon=0.05,0,7.232585627761223
shift,2,Epsilon_Greedy,epsilon=0.05,1,13.359459083780196
shift,2,Epsilon_Greedy,epsilon=0.05,2,20.94397762177049
shift,2,Epsilon_Greedy,epsilon=0.05,3,27.71891259464223
shift,2,Epsilon_Greedy,epsilon=0.05,4,33.24818105759009
shift,2,Epsilon_Greedy,epsilon=0.05,5,39.37834337239011
shift,2,Epsilon_Greedy,epsilon=0.05,6,47.47104852727645
shift,2,Epsilon_Greedy,epsilon=0.05,7,52.16653014174689
shift,2,Epsilon_Greedy,epsilon=0.05,8,57.5886051318477
shift,2,Epsilon_Greedy,epsilon=0.05,9,63.20612191980535
shift,2,Epsilon_Greedy,epsilon=0.05,10,70.30431368373203
shift,2,Epsilon_Greedy,epsilon=0.05,11,76.88817337664575
shift,2,Epsilon_Greedy,epsilon=0.05,12,82.40623716336208
shift,2,Epsilon_Greedy,epsilon=0.05,13,88.33035838626051
shift,2,Epsilon_Greedy,epsilon=0.05,14,94.95817596921634
shift,2,Epsilon_Greedy,epsilon=0.05,15,101.25850325278742
shift,2,Epsilon_Greedy,epsilon=0.05,16,109.11846280616896
shift,2,Epsilon_Greedy,epsilon=0.05,17,115.37122023921262
shift,2,Epsilon_Greedy,epsilon=0.05,18,120.58264177589797
shift,2,Epsilon_Greedy,epsilon=0.05,19,126.91263110981014
shift,2,Epsilon_Greedy,epsilon=0.05,20,126.91263110981014
shift,2,Epsilon_Greedy,epsilon=0.05,21,126.91263110981014
shift,2,Epsilon_Greedy,epsilon=0.05,22,126.91263110981014
shift,2,Epsilon_Greedy,epsilon=0.05,23,126.91263110981014
shift,2,Epsilon_Greedy,epsilon=0.05,24,126.91263110981014
shift,2,Epsilon_Greedy,epsilon=0.05,25,126.91263110981014
shift,2,Epsilon_Greedy,epsilon=0.05,26,126.91263110981014
shift,2,Epsilon_Greedy,epsilon=0.05,27,126.91263110981014
shift,2,Epsilon_Greedy,epsilon=0.05,28,126.91263110981014
shift,2,Epsilon_Greedy,epsilon=0.05,29,126.91263110981014
shift,2,Epsilon_Greedy,epsilon=0.05,30,126.91263110981014
shift,2,Epsilon_Greedy,epsilon=0.05,31,126.91263110981014
shift,2,Epsilon_Greedy,epsilon=0.05,32,126.91263110981014
shift,2,Epsilon_Greedy,epsilon=0.05,33,141.6900347871464
shift,2,Epsilon_Greedy,epsilon=0.05,34,141.6900347871464
shift,2,Epsilon_Greedy,epsilon=0.05,35,148.66973194590585
shift,2,Epsilon_Greedy,epsilon=0.05,36,148.66973194590585
shift,2,Epsilon_Greedy,epsilon=0.05,37,148.66973194590585
shift,2,Epsilon_Greedy,epsilon=0.05,38,148.66973194590585
shift,2,Epsilon_Greedy,epsilon=0.05,39,148.66973194590585
shift,2,Epsilon_Greedy,epsilon=0.05,40,148.66973194590585
shift,2,Epsilon_Greedy,epsilon=0.05,41,148.66973194590585
shift,2,Epsilon_Greedy,epsilon=0.05,42,148.66973194590585
shift,2,Epsilon_Greedy,epsilon=0.05,43,148.66973194590585
shift,2,Epsilon_Greedy,epsilon=0.05,44,148.66973194590585
shift,2,Epsilon_Greedy,epsilon=0.05,45,148.66973194590585
shift,2,Epsilon_Greedy,epsilon=0.05,46,148.66973194590585
shift,2,Epsilon_Greedy,epsilon=0.05,47,148.66973194590585
shift,2,Epsilon_Greedy,epsilon=0.05,48,148.66973194590585
shift,2,Epsilon_Greedy,epsilon=0.05,49,148.66973194590585
shift,2,Epsilon_Greedy,epsilon=0.05,50,158.43255047421573
shift,2,Epsilon_Greedy,epsilon=0.05,51,158.43255047421573
shift,2,Epsilon_Greedy,epsilon=0.05,52,158.43255047421573
shift,2,Epsilon_Greedy,epsilon=0.05,53,158.43255047421573
shift,2,Epsilon_Greedy,epsilon=0.05,54,158.43255047421573
shift,2,Epsilon_Greedy,epsilon=0.05,55,158.43255047421573
shift,2,Epsilon_Greedy,epsilon=0.05,56,158.43255047421573
shift,2,Epsilon_Greedy,epsilon=0.05,57,158.43255047421573
shift,2,Epsilon_Greedy,epsilon=0.05,58,158.43255047421573
shift,2,Epsilon_Greedy,epsilon=0.05,59,158.43255047421573
shift,2,Epsilon_Greedy,epsilon=0.05,60,158.43255047421573
shift,2,Epsilon_Greedy,epsilon=0.05,61,158.43255047421573
shift,2,Epsilon_Greedy,epsilon=0.05,62,158.43255047421573
shift,2,Epsilon_Greedy,epsilon=0.05,63,158.43255047421573
shift,2,Epsilon_Greedy,epsilon=0.05,64,158.43255047421573
shift,2,Epsilon_Greedy,epsilon=0.05,65,166.473428763852
shift,2,Epsilon_Greedy,epsilon=0.05,66,166.473428763852
shift,2,Epsilon_Greedy,epsilon=0.05,67,166.473428763852
shift,2,Epsilon_Greedy,epsilon=0.05,68,166.473428763852
shift,2,Epsilon_Greedy,epsilon=0.05,69,166.473428763852
shift,2,Epsilon_Greedy,epsilon=0.05,70,166.473428763852
shift,2,Epsilon_Greedy,epsilon=0.05,71,166.473428763852
shift,2,Epsilon_Greedy,epsilon=0.05,72,166.473428763852
shift,2,Epsilon_Greedy,epsilon=0.05,73,166.473428763852
shift,2,Epsilon_Greedy,epsilon=0.05,74,166.473428763852
shift,2,Epsilon_Greedy,epsilon=0.05,75,166.473428763852
shift,2,Epsilon_Greedy,epsilon=0.05,76,166.473428763852
shift,2,Epsilon_Greedy,epsilon=0.05,77,166.473428763852
shift,2,Epsilon_Greedy,epsilon=0.05,78,166.473428763852
shift,2,Epsilon_Greedy,epsilon=0.05,79,166.473428763852
shift,2,Epsilon_Greedy,epsilon=0.05,80,173.91986331531737
shift,2,Epsilon_Greedy,epsilon=0.05,81,180.58654852416026
shift,2,Epsilon_Greedy,epsilon=0.05,82,186.1420702396922
shift,2,Epsilon_Greedy,epsilon=0.05,83,190.61786954409953
shift,2,Epsilon_Greedy,epsilon=0.05,84,199.96579934258273
shift,2,Epsilon_Greedy,epsilon=0.05,85,207.12036704919112
shift,2,Epsilon_Greedy,epsilon=0.05,86,213.62376117776788
shift,2,Epsilon_Greedy,epsilon=0.05,87,217.66120135194467
shift,2,Epsilon_Greedy,epsilon=0.05,88,224.74039305422994
shift,2,Epsilon_Greedy,epsilon=0.05,89,230.21295335289304
shift,2,Epsilon_Greedy,epsilon=0.05,90,236.26662681654116
shift,2,Epsilon_Greedy,epsilon=0.05,91,243.8736470459241
shift,2,Epsilon_Greedy,epsilon=0.05,92,251.35893352802353
shift,2,Epsilon_Greedy,epsilon=0.05,93,257.28080442630545
shift,2,Epsilon_Greedy,epsilon=0.05,94,262.9678056017739
shift,2,Epsilon_Greedy,epsilon=0.05,95,268.7933855948106
shift,2,Epsilon_Greedy,epsilon=0.05,96,273.5812546245701
shift,2,Epsilon_Greedy,epsilon=0.05,97,277.8721359274182
shift,2,Epsilon_Greedy,epsilon=0.05,98,278.2002122146834
shift,2,Epsilon_Greedy,epsilon=0.05,99,284.62766109665296
shift,2,Epsilon_Greedy,epsilon=0.1,0,7.232585627761223
shift,2,Epsilon_Greedy,epsilon=0.1,1,13.359459083780196
shift,2,Epsilon_Greedy,epsilon=0.1,2,20.94397762177049
shift,2,Epsilon_Greedy,epsilon=0.1,3,27.71891259464223
shift,2,Epsilon_Greedy,epsilon=0.1,4,33.24818105759009
shift,2,Epsilon_Greedy,epsilon=0.1,5,39.37834337239011
shift,2,Epsilon_Greedy,epsilon=0.1,6,47.47104852727645
shift,2,Epsilon_Greedy,epsilon=0.1,7,52.16653014174689
shift,2,Epsilon_Greedy,epsilon=0.1,8,57.5886051318477
shift,2,Epsilon_Greedy,epsilon=0.1,9,63.20612191980535
shift,2,Epsilon_Greedy,epsilon=0.1,10,70.30431368373203
shift,2,Epsilon_Greedy,epsilon=0.1,11,76.88817337664575
shift,2,Epsilon_Greedy,epsilon=0.1,12,82.40623716336208
shift,2,Epsilon_Greedy,epsilon=0.1,13,88.33035838626051
shift,2,Epsilon_Greedy,epsilon=0.1,14,94.95817596921634
shift,2,Epsilon_Greedy,epsilon=0.1,15,101.25850325278742
shift,2,Epsilon_Greedy,epsilon=0.1,16,109.11846280616896
shift,2,Epsilon_Greedy,epsilon=0.1,17,115.37122023921262
shift,2,Epsilon_Greedy,epsilon=0.1,18,120.58264177589797
shift,2,Epsilon_Greedy,epsilon=0.1,19,126.91263110981014
shift,2,Epsilon_Greedy,epsilon=0.1,20,126.91263110981014
shift,2,Epsilon_Greedy,epsilon=0.1,21,126.91263110981014
shift,2,Epsilon_Greedy,epsilon=0.1,22,126.91263110981014
shift,2,Epsilon_Greedy,epsilon=0.1,23,126.91263110981014
shift,2,Epsilon_Greedy,epsilon=0.1,24,126.91263110981014
shift,2,Epsilon_Greedy,epsilon=0.1,25,126.91263110981014
shift,2,Epsilon_Greedy,epsilon=0.1,26,126.91263110981014
shift,2,Epsilon_Greedy,epsilon=0.1,27,126.91263110981014
shift,2,Epsilon_Greedy,epsilon=0.1,28,126.91263110981014
shift,2,Epsilon_Greedy,epsilon=0.1,29,126.91263110981014
shift,2,Epsilon_Greedy,epsilon=0.1,30,126.91263110981014
shift,2,Epsilon_Greedy,epsilon=0.1,31,126.91263110981014
shift,2,Epsilon_Greedy,epsilon=0.1,32,126.91263110981014
shift,2,Epsilon_Greedy,epsilon=0.1,33,126.91263110981014
shift,2,Epsilon_Greedy,epsilon=0.1,34,126.91263110981014
shift,2,Epsilon_Greedy,epsilon=0.1,35,126.91263110981014
shift,2,Epsilon_Greedy,epsilon=0.1,36,129.1254610207597
shift,2,Epsilon_Greedy,epsilon=0.1,37,129.1254610207597
shift,2,Epsilon_Greedy,epsilon=0.1,38,129.1254610207597
shift,2,Epsilon_Greedy,epsilon=0.1,39,129.1254610207597
shift,2,Epsilon_Greedy,epsilon=0.1,40,129.1254610207597
shift,2,Epsilon_Greedy,epsilon=0.1,41,129.1254610207597
shift,2,Epsilon_Greedy,epsilon=0.1,42,129.1254610207597
shift,2,Epsilon_Greedy,epsilon=0.1,43,129.1254610207597
shift,2,Epsilon_Greedy,epsilon=0.1,44,136.69607221312043
shift,2,Epsilon_Greedy,epsilon=0.1,45,136.69607221312043
shift,2,Epsilon_Greedy,epsilon=0.1,46,136.69607221312043
shift,2,Epsilon_Greedy,epsilon=0.1,47,136.69607221312043
shift,2,Epsilon_Greedy,epsilon=0.1,48,136.69607221312043
shift,2,Epsilon_Greedy,epsilon=0.1,49,136.69607221312043
shift,2,Epsilon_Greedy,epsilon=0.1,50,136.69607221312043
shift,2,Epsilon_Greedy,epsilon=0.1,51,143.78192182345828
shift,2,Epsilon_Greedy,epsilon=0.1,52,154.57438837951952
shift,2,Epsilon_Greedy,epsilon=0.1,53,154.57438837951952
shift,2,Epsilon_Greedy,epsilon=0.1,54,163.15679181123753
shift,2,Epsilon_Greedy,epsilon=0.1,55,171.85353238093333
shift,2,Epsilon_Greedy,epsilon=0.1,56,171.85353238093333
shift,2,Epsilon_Greedy,epsilon=0.1,57,171.85353238093333
shift,2,Epsilon_Greedy,epsilon=0.1,58,171.85353238093333
shift,2,Epsilon_Greedy,epsilon=0.1,59,171.85353238093333
shift,2,Epsilon_Greedy,epsilon=0.1,60,171.85353238093333
shift,2,Epsilon_Greedy,epsilon=0.1,61,171.85353238093333
shift,2,Epsilon_Greedy,epsilon=0.1,62,171.85353238093333
shift,2,Epsilon_Greedy,epsilon=0.1,63,171.85353238093333
shift,2,Epsilon_Greedy,epsilon=0.1,64,171.85353238093333
shift,2,Epsilon_Greedy,epsilon=0.1,65,171.85353238093333
shift,2,Epsilon_Greedy,epsilon=0.1,66,175.11833882742764
shift,2,Epsilon_Greedy,epsilon=0.1,67,175.11833882742764
shift,2,Epsilon_Greedy,epsilon=0.1,68,175.11833882742764
shift,2,Epsilon_Greedy,epsilon=0.1,69,181.27776444530411
shift,2,Epsilon_Greedy,epsilon=0.1,70,181.27776444530411
shift,2,Epsilon_Greedy,epsilon=0.1,71,181.27776444530411
shift,2,Epsilon_Greedy,epsilon=0.1,72,181.27776444530411
shift,2,Epsilon_Greedy,epsilon=0.1,73,181.27776444530411
shift,2,Epsilon_Greedy,epsilon=0.1,74,181.27776444530411
shift,2,Epsilon_Greedy,epsilon=0.1,75,181.27776444530411
shift,2,Epsilon_Greedy,epsilon=0.1,76,181.27776444530411
shift,2,Epsilon_Greedy,epsilon=0.1,77,181.27776444530411
shift,2,Epsilon_Greedy,epsilon=0.1,78,181.27776444530411
shift,2,Epsilon_Greedy,epsilon=0.1,79,181.27776444530411
shift,2,Epsilon_Greedy,epsilon=0.1,80,188.72419899676947
shift,2,Epsilon_Greedy,epsilon=0.1,81,195.39088420561237
shift,2,Epsilon_Greedy,epsilon=0.1,82,195.71202179533225
shift,2,Epsilon_Greedy,epsilon=0.1,83,197.6518463510971
shift,2,Epsilon_Greedy,epsilon=0.1,84,197.84026910374652
shift,2,Epsilon_Greedy,epsilon=0.1,85,198.1880068129888
shift,2,Epsilon_Greedy,epsilon=0.1,86,198.22794421189005
shift,2,Epsilon_Greedy,epsilon=0.1,87,198.33652726428568
shift,2,Epsilon_Greedy,epsilon=0.1,88,198.33652726428568
shift,2,Epsilon_Greedy,epsilon=0.1,89,198.33652726428568
shift,2,Epsilon_Greedy,epsilon=0.1,90,198.3670691255088
shift,2,Epsilon_Greedy,epsilon=0.1,91,198.38554627832409
shift,2,Epsilon_Greedy,epsilon=0.1,92,198.38554627832409
shift,2,Epsilon_Greedy,epsilon=0.1,93,198.38554627832409
shift,2,Epsilon_Greedy,epsilon=0.1,94,198.38554627832409
shift,2,Epsilon_Greedy,epsilon=0.1,95,198.38554627832409
shift,2,Epsilon_Greedy,epsilon=0.1,96,198.4012870105912
shift,2,Epsilon_Greedy,epsilon=0.1,97,198.4012870105912
shift,2,Epsilon_Greedy,epsilon=0.1,98,204.88833357322554
shift,2,Epsilon_Greedy,epsilon=0.1,99,204.998136018609
shift,2,AdaptiveEpsilonGreedy,anomaly_sensitivity=0.3|base_epsilon=0.05|gamma=0.9|max_epsilon=0.5,0,7.232585627761223
shift,2,AdaptiveEpsilonGreedy,anomaly_sensitivity=0.3|base_epsilon=0.05|gamma=0.9|max_epsilon=0.5,1,8.00910116631626
shift,2,AdaptiveEpsilonGreedy,anomaly_sensitivity=0.3|base_epsilon=0.05|gamma=0.9|max_epsilon=0.5,2,12.607248307107453
shift,2,AdaptiveEpsilonGreedy,anomaly_sensitivity=0.3|base_epsilon=0.05|gamma=0.9|max_epsilon=0.5,3,12.732940652067748
shift,2,AdaptiveEpsilonGreedy,anomaly_sensitivity=0.3|base_epsilon=0.05|gamma=0.9|max_epsilon=0.5,4,15.062923300013562
shift,2,AdaptiveEpsilonGreedy,anomaly_sensitivity=0.3|base_epsilon=0.05|gamma=0.9|max_epsilon=0.5,5,15.062923300013562
shift,2,AdaptiveEpsilonGreedy,anomaly_sensitivity=0.3|base_epsilon=0.05|gamma=0.9|max_epsilon=0.5,6,15.29832131524288
shift,2,AdaptiveEpsilonGreedy,anomaly_sensitivity=0.3|base_epsilon=0.05|gamma=0.9|max_epsilon=0.5,7,15.633079040849633
shift,2,AdaptiveEpsilonGreedy,anomaly_sensitivity=0.3|base_epsilon=0.05|gamma=0.9|max_epsilon=0.5,8,15.947224305173904
shift,2,AdaptiveEpsilonGreedy,anomaly_sensitivity=0.3|base_epsilon=0.05|gamma=0.9|max_epsilon=0.5,9,15.952259492592706
shift,2,AdaptiveEpsilonGreedy,anomaly_sensitivity=0.3|base_epsilon=0.05|gamma=0.9|max_epsilon=0.5,10,16.084911883469236
shift,2,AdaptiveEpsilonGreedy,anomaly_sensitivity=0.3|base_epsilon=0.05|gamma=0.9|max_epsilon=0.5,11,16.12621126415761
shift,2,AdaptiveEpsilonGreedy,anomaly_sensitivity=0.3|base_epsilon=0.05|gamma=0.9|max_epsilon=0.5,12,16.242927718360075
shift,2,AdaptiveEpsilonGreedy,anomaly_sensitivity=0.3|base_epsilon=0.05|gamma=0.9|max_epsilon=0.5,13,16.30352124022321
shift,2,AdaptiveEpsilonGreedy,anomaly_sensitivity=0.3|base_epsilon=0.05|gamma=0.9|max_epsilon=0.5,14,16.48735226790033
shift,2,AdaptiveEpsilonGreedy,anomaly_sensitivity=0.3|base_epsilon=0.05|gamma=0.9|max_epsilon=0.5,15,16.84449035024621
shift,2,AdaptiveEpsilonGreedy,anomaly_sensitivity=0.3|base_epsilon=0.05|gamma=0.9|max_epsilon=0.5,16,16.84449035024621
shift,2,AdaptiveEpsilonGreedy,anomaly_sensitivity=0.3|base_epsilon=0.05|gamma=0.9|max_epsilon=0.5,17,17.62622490645138
shift,2,AdaptiveEpsilonGreedy,anomaly_sensitivity=0.3|base_epsilon=0.05|gamma=0.9|max_epsilon=0.5,18,18.136702531572446
shift,2,AdaptiveEpsilonGreedy,anomaly_sensitivity=0.3|base_epsilon=0.05|gamma=0.9|max_epsilon=0.5,19,18.378480518323645
shift,2,AdaptiveEpsilonGreedy,anomaly_sensitivity=0.3|base_epsilon=0.05|gamma=0.9|max_epsilon=0.5,20,28.758950210572177
shift,2,AdaptiveEpsilonGreedy,anomaly_sensitivity=0.3|base_epsilon=0.05|gamma=0.9|max_epsilon=0.5,21,39.54387640093776
shift,2,AdaptiveEpsilonGreedy,anomaly_sensitivity=0.3|base_epsilon=0.05|gamma=0.9|max_epsilon=0.5,22,47.435403925288036
shift,2,AdaptiveEpsilonGreedy,anomaly_sensitivity=0.3|base_epsilon=0.05|gamma=0.9|max_epsilon=0.5,23,55.68655155891151
shift,2,AdaptiveEpsilonGreedy,anomaly_sensitivity=0.3|base_epsilon=0.05|gamma=0.9|max_epsilon=0.5,24,60.87044172011399
shift,2,AdaptiveEpsilonGreedy,anomaly_sensitivity=0.3|base_epsilon=0.05|gamma=0.9|max_epsilon=0.5,25,76.49825720276141
shift,2,AdaptiveEpsilonGreedy,anomaly_sensitivity=0.3|base_epsilon=0.05|gamma=0.9|max_epsilon=0.5,26,81.39840802325627
shift,2,AdaptiveEpsilonGreedy,anomaly_sensitivity=0.3|base_epsilon=0.05|gamma=0.9|max_epsilon=0.5,27,89.80416448315567
shift,2,AdaptiveEpsilonGreedy,anomaly_sensitivity=0.3|base_epsilon=0.05|gamma=0.9|max_epsilon=0.5,28,96.59820587465077
shift,2,AdaptiveEpsilonGreedy,anomaly_sensitivity=0.3|base_epsilon=0.05|gamma=0.9|max_epsilon=0.5,29,100.42387509106919
shift,2,AdaptiveEpsilonGreedy,anomaly_sensitivity=0.3|base_epsilon=0.05|gamma=0.9|max_epsilon=0.5,30,102.00710249316892
shift,2,AdaptiveEpsilonGreedy,anomaly_sensitivity=0.3|base_epsilon=0.05|gamma=0.9|max_epsilon=0.5,31,102.00710249316892
shift,2,AdaptiveEpsilonGreedy,anomaly_sensitivity=0.3|base_epsilon=0.05|gamma=0.9|max_epsilon=0.5,32,105.05451918495007
shift,2,AdaptiveEpsilonGreedy,anomaly_sensitivity=0.3|base_epsilon=0.05|gamma=0.9|max_epsilon=0.5,33,121.3198845664941
shift,2,AdaptiveEpsilonGreedy,anomaly_sensitivity=0.3|base_epsilon=0.05|gamma=0.9|max_epsilon=0.5,34,130.9086702396683
shift,2,AdaptiveEpsilonGreedy,anomaly_sensitivity=0.3|base_epsilon=0.05|gamma=0.9|max_epsilon=0.5,35,136.01709601760348
shift,2,AdaptiveEpsilonGreedy,anomaly_sensitivity=0.3|base_epsilon=0.05|gamma=0.9|max_epsilon=0.5,36,138.22992592855306
shift,2,AdaptiveEpsilonGreedy,anomaly_sensitivity=0.3|base_epsilon=0.05|gamma=0.9|max_epsilon=0.5,37,138.22992592855306
shift,2,AdaptiveEpsilonGreedy,anomaly_sensitivity=0.3|base_epsilon=0.05|gamma=0.9|max_epsilon=0.5,38,145.92421542739254
shift,2,AdaptiveEpsilonGreedy,anomaly_sensitivity=0.3|base_epsilon=0.05|gamma=0.9|max_epsilon=0.5,39,162.14185889248768
shift,2,AdaptiveEpsilonGreedy,anomaly_sensitivity=0.3|base_epsilon=0.05|gamma=0.9|max_epsilon=0.5,40,173.4330912249298
shift,2,AdaptiveEpsilonGreedy,anomaly_sensitivity=0.3|base_epsilon=0.05|gamma=0.9|max_epsilon=0.5,41,182.6894319648604
shift,2,AdaptiveEpsilonGreedy,anomaly_sensitivity=0.3|base_epsilon=0.05|gamma=0.9|max_epsilon=0.5,42,191.20960791824504
shift,2,AdaptiveEpsilonGreedy,anomaly_sensitivity=0.3|base_epsilon=0.05|gamma=0.9|max_epsilon=0.5,43,191.20960791824504
shift,2,AdaptiveEpsilonGreedy,anomaly_sensitivity=0.3|base_epsilon=0.05|gamma=0.9|max_epsilon=0.5,44,192.092038454528
shift,2,AdaptiveEpsilonGreedy,anomaly_sensitivity=0.3|base_epsilon=0.05|gamma=0.9|max_epsilon=0.5,45,195.21324758401875
shift,2,AdaptiveEpsilonGreedy,anomaly_sensitivity=0.3|base_epsilon=0.05|gamma=0.9|max_epsilon=0.5,46,204.9104964165032
shift,2,AdaptiveEpsilonGreedy,anomaly_sensitivity=0.3|base_epsilon=0.05|gamma=0.9|max_epsilon=0.5,47,204.9104964165032
shift,2,AdaptiveEpsilonGreedy,anomaly_sensitivity=0.3|base_epsilon=0.05|gamma=0.9|max_epsilon=0.5,48,206.4269392210329
shift,2,AdaptiveEpsilonGreedy,anomaly_sensitivity=0.3|base_epsilon=0.05|gamma=0.9|max_epsilon=0.5,49,207.82894580027383
shift,2,AdaptiveEpsilonGreedy,anomaly_sensitivity=0.3|base_epsilon=0.05|gamma=0.9|max_epsilon=0.5,50,217.82664406482644
shift,2,AdaptiveEpsilonGreedy,anomaly_sensitivity=0.3|base_epsilon=0.05|gamma=0.9|max_epsilon=0.5,51,223.66531883747612
shift,2,AdaptiveEpsilonGreedy,anomaly_sensitivity=0.3|base_epsilon=0.05|gamma=0.9|max_epsilon=0.5,52,234.45778539353736
shift,2,AdaptiveEpsilonGreedy,anomaly_sensitivity=0.3|base_epsilon=0.05|gamma=0.9|max_epsilon=0.5,53,235.940275020773
shift,2,AdaptiveEpsilonGreedy,anomaly_sensitivity=0.3|base_epsilon=0.05|gamma=0.9|max_epsilon=0.5,54,235.940275020773
shift,2,AdaptiveEpsilonGreedy,anomaly_sensitivity=0.3|base_epsilon=0.05|gamma=0.9|max_epsilon=0.5,55,244.6651772524625
shift,2,AdaptiveEpsilonGreedy,anomaly_sensitivity=0.3|base_epsilon=0.05|gamma=0.9|max_epsilon=0.5,56,252.88500613976257
shift,2,AdaptiveEpsilonGreedy,anomaly_sensitivity=0.3|base_epsilon=0.05|gamma=0.9|max_epsilon=0.5,57,260.5302519061601
shift,2,AdaptiveEpsilonGreedy,anomaly_sensitivity=0.3|base_epsilon=0.05|gamma=0.9|max_epsilon=0.5,58,271.5997304892916
shift,2,AdaptiveEpsilonGreedy,anomaly_sensitivity=0.3|base_epsilon=0.05|gamma=0.9|max_epsilon=0.5,59,273.56554708140226
shift,2,AdaptiveEpsilonGreedy,anomaly_sensitivity=0.3|base_epsilon=0.05|gamma=0.9|max_epsilon=0.5,60,273.56554708140226
shift,2,AdaptiveEpsilonGreedy,anomaly_sensitivity=0.3|base_epsilon=0.05|gamma=0.9|max_epsilon=0.5,61,276.19772889800805
shift,2,AdaptiveEpsilonGreedy,anomaly_sensitivity=0.3|base_epsilon=0.05|gamma=0.9|max_epsilon=0.5,62,282.39452152488724
shift,2,AdaptiveEpsilonGreedy,anomaly_sensitivity=0.3|base_epsilon=0.05|gamma=0.9|max_epsilon=0.5,63,286.5590611420426
shift,2,AdaptiveEpsilonGreedy,anomaly_sensitivity=0.3|base_epsilon=0.05|gamma=0.9|max_epsilon=0.5,64,293.7304730382466
shift,2,AdaptiveEpsilonGreedy,anomaly_sensitivity=0.3|base_epsilon=0.05|gamma=0.9|max_epsilon=0.5,65,303.1793991338376
shift,2,AdaptiveEpsilonGreedy,anomaly_sensitivity=0.3|base_epsilon=0.05|gamma=0.9|max_epsilon=0.5,66,303.1793991338376
shift,2,AdaptiveEpsilonGreedy,anomaly_sensitivity=0.3|base_epsilon=0.05|gamma=0.9|max_epsilon=0.5,67,304.3893006861905
shift,2,AdaptiveEpsilonGreedy,anomaly_sensitivity=0.3|base_epsilon=0.05|gamma=0.9|max_epsilon=0.5,68,308.7633574839219
shift,2,AdaptiveEpsilonGreedy,anomaly_sensitivity=0.3|base_epsilon=0.05|gamma=0.9|max_epsilon=0.5,69,314.04811489365363
shift,2,AdaptiveEpsilonGreedy,anomaly_sensitivity=0.3|base_epsilon=0.05|gamma=0.9|max_epsilon=0.5,70,319.84573817240965
shift,2,AdaptiveEpsilonGreedy,anomaly_sensitivity=0.3|base_epsilon=0.05|gamma=0.9|max_epsilon=0.5,71,331.52165715711556
shift,2,AdaptiveEpsilonGreedy,anomaly_sensitivity=0.3|base_epsilon=0.05|gamma=0.9|max_epsilon=0.5,72,348.72359187342283
shift,2,AdaptiveEpsilonGreedy,anomaly_sensitivity=0.3|base_epsilon=0.05|gamma=0.9|max_epsilon=0.5,73,356.20062678106063
shift,2,AdaptiveEpsilonGreedy,anomaly_sensitivity=0.3|base_epsilon=0.05|gamma=0.9|max_epsilon=0.5,74,358.3805438993954
shift,2,AdaptiveEpsilonGreedy,anomaly_sensitivity=0.3|base_epsilon=0.05|gamma=0.9|max_epsilon=0.5,75,366.21521150446455
shift,2,AdaptiveEpsilonGreedy,anomaly_sensitivity=0.3|base_epsilon=0.05|gamma=0.9|max_epsilon=0.5,76,366.21521150446455
shift,2,AdaptiveEpsilonGreedy,anomaly_sensitivity=0.3|base_epsilon=0.05|gamma=0.9|max_epsilon=0.5,77,367.853262688221
shift,2,AdaptiveEpsilonGreedy,anomaly_sensitivity=0.3|base_epsilon=0.05|gamma=0.9|max_epsilon=0.5,78,370.5586812073583
shift,2,AdaptiveEpsilonGreedy,anomaly_sensitivity=0.3|base_epsilon=0.05|gamma=0.9|max_epsilon=0.5,79,387.90223986932125
shift,2,AdaptiveEpsilonGreedy,anomaly_sensitivity=0.3|base_epsilon=0.05|gamma=0.9|max_epsilon=0.5,80,395.3486744207866
shift,2,AdaptiveEpsilonGreedy,anomaly_sensitivity=0.3|base_epsilon=0.05|gamma=0.9|max_epsilon=0.5,81,396.06336636684534
shift,2,AdaptiveEpsilonGreedy,anomaly_sensitivity=0.3|base_epsilon=0.05|gamma=0.9|max_epsilon=0.5,82,396.62877840874523
shift,2,AdaptiveEpsilonGreedy,anomaly_sensitivity=0.3|base_epsilon=0.05|gamma=0.9|max_epsilon=0.5,83,397.4341801530551
shift,2,AdaptiveEpsilonGreedy,anomaly_sensitivity=0.3|base_epsilon=0.05|gamma=0.9|max_epsilon=0.5,84,397.4341801530551
shift,2,AdaptiveEpsilonGreedy,anomaly_sensitivity=0.3|base_epsilon=0.05|gamma=0.9|max_epsilon=0.5,85,400.48050699325665
shift,2,AdaptiveEpsilonGreedy,anomaly_sensitivity=0.3|base_epsilon=0.05|gamma=0.9|max_epsilon=0.5,86,400.8634175211133
shift,2,AdaptiveEpsilonGreedy,anomaly_sensitivity=0.3|base_epsilon=0.05|gamma=0.9|max_epsilon=0.5,87,401.78109824079297
shift,2,AdaptiveEpsilonGreedy,anomaly_sensitivity=0.3|base_epsilon=0.05|gamma=0.9|max_epsilon=0.5,88,402.3264338847922
shift,2,AdaptiveEpsilonGreedy,anomaly_sensitivity=0.3|base_epsilon=0.05|gamma=0.9|max_epsilon=0.5,89,403.2334956252882
shift,2,AdaptiveEpsilonGreedy,anomaly_sensitivity=0.3|base_epsilon=0.05|gamma=0.9|max_epsilon=0.5,90,403.7859232583395
shift,2,AdaptiveEpsilonGreedy,anomaly_sensitivity=0.3|base_epsilon=0.05|gamma=0.9|max_epsilon=0.5,91,404.24807855591007
shift,2,AdaptiveEpsilonGreedy,anomaly_sensitivity=0.3|base_epsilon=0.05|gamma=0.9|max_epsilon=0.5,92,404.7721435708675
shift,2,AdaptiveEpsilonGreedy,anomaly_sensitivity=0.3|base_epsilon=0.05|gamma=0.9|max_epsilon=0.5,93,405.284672348595
shift,2,AdaptiveEpsilonGreedy,anomaly_sensitivity=0.3|base_epsilon=0.05|gamma=0.9|max_epsilon=0.5,94,405.71083927092803
shift,2,AdaptiveEpsilonGreedy,anomaly_sensitivity=0.3|base_epsilon=0.05|gamma=0.9|max_epsilon=0.5,95,406.5187693573995
shift,2,AdaptiveEpsilonGreedy,anomaly_sensitivity=0.3|base_epsilon=0.05|gamma=0.9|max_epsilon=0.5,96,407.27181263316476
shift,2,AdaptiveEpsilonGreedy,anomaly_sensitivity=0.3|base_epsilon=0.05|gamma=0.9|max_epsilon=0.5,97,407.7636177397747
shift,2,AdaptiveEpsilonGreedy,anomaly_sensitivity=0.3|base_epsilon=0.05|gamma=0.9|max_epsilon=0.5,98,408.355740574986
shift,2,AdaptiveEpsilonGreedy,anomaly_sensitivity=0.3|base_epsilon=0.05|gamma=0.9|max_epsilon=0.5,99,408.92324274763587
shift,2,AdaptiveEpsilonGreedy,anomaly_sensitivity=0.5|base_epsilon=0.05|gamma=0.9|max_epsilon=0.5,0,0.12861229711538802
shift,2,AdaptiveEpsilonGreedy,anomaly_sensitivity=0.5|base_epsilon=0.05|gamma=0.9|max_epsilon=0.5,1,6.255485753134361
shift,2,AdaptiveEpsilonGreedy,anomaly_sensitivity=0.5|base_epsilon=0.05|gamma=0.9|max_epsilon=0.5,2,7.183229009918644
shift,2,AdaptiveEpsilonGreedy,anomaly_sensitivity=0.5|base_epsilon=0.05|gamma=0.9|max_epsilon=0.5,3,11.05917812898171
shift,2,AdaptiveEpsilonGreedy,anomaly_sensitivity=0.5|base_epsilon=0.05|gamma=0.9|max_epsilon=0.5,4,12.121441552003457
shift,2,AdaptiveEpsilonGreedy,anomaly_sensitivity=0.5|base_epsilon=0.05|gamma=0.9|max_epsilon=0.5,5,12.271580474231147
shift,2,AdaptiveEpsilonGreedy,anomaly_sensitivity=0.5|base_epsilon=0.05|gamma=0.9|max_epsilon=0.5,6,16.342045543838346
shift,2,AdaptiveEpsilonGreedy,anomaly_sensitivity=0.5|base_epsilon=0.05|gamma=0.9|max_epsilon=0.5,7,16.478442560771906
shift,2,AdaptiveEpsilonGreedy,anomaly_sensitivity=0.5|base_epsilon=0.05|gamma=0.9|max_epsilon=0.5,8,16.518003160150222
shift,2,AdaptiveEpsilonGreedy,anomaly_sensitivity=0.5|base_epsilon=0.05|gamma=0.9|max_epsilon=0.5,9,16.584405743621502
shift,2,AdaptiveEpsilonGreedy,anomaly_sensitivity=0.5|base_epsilon=0.05|gamma=0.9|max_epsilon=0.5,10,16.67709394457866
shift,2,AdaptiveEpsilonGreedy,anomaly_sensitivity=0.5|base_epsilon=0.05|gamma=0.9|max_epsilon=0.5,11,16.718393325267037
shift,2,AdaptiveEpsilonGreedy,anomaly_sensitivity=0.5|base_epsilon=0.05|gamma=0.9|max_epsilon=0.5,12,16.8351097794695
shift,2,AdaptiveEpsilonGreedy,anomaly_sensitivity=0.5|base_epsilon=0.05|gamma=0.9|max_epsilon=0.5,13,16.8351097794695
shift,2,AdaptiveEpsilonGreedy,anomaly_sensitivity=0.5|base_epsilon=0.05|gamma=0.9|max_epsilon=0.5,14,17.20210056534267
shift,2,AdaptiveEpsilonGreedy,anomaly_sensitivity=0.5|base_epsilon=0.05|gamma=0.9|max_epsilon=0.5,15,17.40282185369638
shift,2,AdaptiveEpsilonGreedy,anomaly_sensitivity=0.5|base_epsilon=0.05|gamma=0.9|max_epsilon=0.5,16,18.054067178100134
shift,2,AdaptiveEpsilonGreedy,anomaly_sensitivity=0.5|base_epsilon=0.05|gamma=0.9|max_epsilon=0.5,17,18.295698403115974
shift,2,AdaptiveEpsilonGreedy,anomaly_sensitivity=0.5|base_epsilon=0.05|gamma=0.9|max_epsilon=0.5,18,18.295698403115974
shift,2,AdaptiveEpsilonGreedy,anomaly_sensitivity=0.5|base_epsilon=0.05|gamma=0.9|max_epsilon=0.5,19,18.70189347152156
shift,2,AdaptiveEpsilonGreedy,anomaly_sensitivity=0.5|base_epsilon=0.05|gamma=0.9|max_epsilon=0.5,20,30.308400323234626
shift,2,AdaptiveEpsilonGreedy,anomaly_sensitivity=0.5|base_epsilon=0.05|gamma=0.9|max_epsilon=0.5,21,41.07793142462105
shift,2,AdaptiveEpsilonGreedy,anomaly_sensitivity=0.5|base_epsilon=0.05|gamma=0.9|max_epsilon=0.5,22,48.336981653729445
shift,2,AdaptiveEpsilonGreedy,anomaly_sensitivity=0.5|base_epsilon=0.05|gamma=0.9|max_epsilon=0.5,23,56.04965277461819
shift,2,AdaptiveEpsilonGreedy,anomaly_sensitivity=0.5|base_epsilon=0.05|gamma=0.9|max_epsilon=0.5,24,60.74586162801393
shift,2,AdaptiveEpsilonGreedy,anomaly_sensitivity=0.5|base_epsilon=0.05|gamma=0.9|max_epsilon=0.5,25,76.64828785271908
shift,2,AdaptiveEpsilonGreedy,anomaly_sensitivity=0.5|base_epsilon=0.05|gamma=0.9|max_epsilon=0.5,26,91.85651142462115
shift,2,AdaptiveEpsilonGreedy,anomaly_sensitivity=0.5|base_epsilon=0.05|gamma=0.9|max_epsilon=0.5,27,94.87685850525963
shift,2,AdaptiveEpsilonGreedy,anomaly_sensitivity=0.5|base_epsilon=0.05|gamma=0.9|max_epsilon=0.5,28,101.36350678296057
shift,2,AdaptiveEpsilonGreedy,anomaly_sensitivity=0.5|base_epsilon=0.05|gamma=0.9|max_epsilon=0.5,29,105.27909691023612
shift,2,AdaptiveEpsilonGreedy,anomaly_sensitivity=0.5|base_epsilon=0.05|gamma=0.9|max_epsilon=0.5,30,112.7398287123165
shift,2,AdaptiveEpsilonGreedy,anomaly_sensitivity=0.5|base_epsilon=0.05|gamma=0.9|max_epsilon=0.5,31,116.355664830606
shift,2,AdaptiveEpsilonGreedy,anomaly_sensitivity=0.5|base_epsilon=0.05|gamma=0.9|max_epsilon=0.5,32,119.40308152238715
shift,2,AdaptiveEpsilonGreedy,anomaly_sensitivity=0.5|base_epsilon=0.05|gamma=0.9|max_epsilon=0.5,33,119.40308152238715
shift,2,AdaptiveEpsilonGreedy,anomaly_sensitivity=0.5|base_epsilon=0.05|gamma=0.9|max_epsilon=0.5,34,119.40308152238715
shift,2,AdaptiveEpsilonGreedy,anomaly_sensitivity=0.5|base_epsilon=0.05|gamma=0.9|max_epsilon=0.5,35,125.52867420899005
shift,2,AdaptiveEpsilonGreedy,anomaly_sensitivity=0.5|base_epsilon=0.05|gamma=0.9|max_epsilon=0.5,36,136.44146438179112
shift,2,AdaptiveEpsilonGreedy,anomaly_sensitivity=0.5|base_epsilon=0.05|gamma=0.9|max_epsilon=0.5,37,146.21588638888863
shift,2,AdaptiveEpsilonGreedy,anomaly_sensitivity=0.5|base_epsilon=0.05|gamma=0.9|max_epsilon=0.5,38,148.27668265601446
shift,2,AdaptiveEpsilonGreedy,anomaly_sensitivity=0.5|base_epsilon=0.05|gamma=0.9|max_epsilon=0.5,39,161.99600469046644
shift,2,AdaptiveEpsilonGreedy,anomaly_sensitivity=0.5|base_epsilon=0.05|gamma=0.9|max_epsilon=0.5,40,174.21398720403977
shift,2,AdaptiveEpsilonGreedy,anomaly_sensitivity=0.5|base_epsilon=0.05|gamma=0.9|max_epsilon=0.5,41,176.7900693350007
shift,2,AdaptiveEpsilonGreedy,anomaly_sensitivity=0.5|base_epsilon=0.05|gamma=0.9|max_epsilon=0.5,42,184.20400738860883
shift,2,AdaptiveEpsilonGreedy,anomaly_sensitivity=0.5|base_epsilon=0.05|gamma=0.9|max_epsilon=0.5,43,194.19533750538915
shift,2,AdaptiveEpsilonGreedy,anomaly_sensitivity=0.5|base_epsilon=0.05|gamma=0.9|max_epsilon=0.5,44,194.19533750538915
shift,2,AdaptiveEpsilonGreedy,anomaly_sensitivity=0.5|base_epsilon=0.05|gamma=0.9|max_epsilon=0.5,45,205.6174459710026
shift,2,AdaptiveEpsilonGreedy,anomaly_sensitivity=0.5|base_epsilon=0.05|gamma=0.9|max_epsilon=0.5,46,207.48978819652083
shift,2,AdaptiveEpsilonGreedy,anomaly_sensitivity=0.5|base_epsilon=0.05|gamma=0.9|max_epsilon=0.5,47,207.48978819652083
shift,2,AdaptiveEpsilonGreedy,anomaly_sensitivity=0.5|base_epsilon=0.05|gamma=0.9|max_epsilon=0.5,48,214.72472198360066
shift,2,AdaptiveEpsilonGreedy,anomaly_sensitivity=0.5|base_epsilon=0.05|gamma=0.9|max_epsilon=0.5,49,223.9962592005296
shift,2,AdaptiveEpsilonGreedy,anomaly_sensitivity=0.5|base_epsilon=0.05|gamma=0.9|max_epsilon=0.5,50,225.75068415640422
shift,2,AdaptiveEpsilonGreedy,anomaly_sensitivity=0.5|base_epsilon=0.05|gamma=0.9|max_epsilon=0.5,51,231.5893589290539
shift,2,AdaptiveEpsilonGreedy,anomaly_sensitivity=0.5|base_epsilon=0.05|gamma=0.9|max_epsilon=0.5,52,231.5893589290539
shift,2,AdaptiveEpsilonGreedy,anomaly_sensitivity=0.5|base_epsilon=0.05|gamma=0.9|max_epsilon=0.5,53,231.5893589290539
shift,2,AdaptiveEpsilonGreedy,anomaly_sensitivity=0.5|base_epsilon=0.05|gamma=0.9|max_epsilon=0.5,54,241.13779764062275
shift,2,AdaptiveEpsilonGreedy,anomaly_sensitivity=0.5|base_epsilon=0.05|gamma=0.9|max_epsilon=0.5,55,250.58282990274128
shift,2,AdaptiveEpsilonGreedy,anomaly_sensitivity=0.5|base_epsilon=0.05|gamma=0.9|max_epsilon=0.5,56,250.58282990274128
shift,2,AdaptiveEpsilonGreedy,anomaly_sensitivity=0.5|base_epsilon=0.05|gamma=0.9|max_epsilon=0.5,57,258.08359762389995
shift,2,AdaptiveEpsilonGreedy,anomaly_sensitivity=0.5|base_epsilon=0.05|gamma=0.9|max_epsilon=0.5,58,259.9926954790733
shift,2,AdaptiveEpsilonGreedy,anomaly_sensitivity=0.5|base_epsilon=0.05|gamma=0.9|max_epsilon=0.5,59,266.45347820504037
shift,2,AdaptiveEpsilonGreedy,anomaly_sensitivity=0.5|base_epsilon=0.05|gamma=0.9|max_epsilon=0.5,60,266.45347820504037
shift,2,AdaptiveEpsilonGreedy,anomaly_sensitivity=0.5|base_epsilon=0.05|gamma=0.9|max_epsilon=0.5,61,276.7718758336652
shift,2,AdaptiveEpsilonGreedy,anomaly_sensitivity=0.5|base_epsilon=0.05|gamma=0.9|max_epsilon=0.5,62,282.1213112435194
shift,2,AdaptiveEpsilonGreedy,anomaly_sensitivity=0.5|base_epsilon=0.05|gamma=0.9|max_epsilon=0.5,63,282.7520796679806
shift,2,AdaptiveEpsilonGreedy,anomaly_sensitivity=0.5|base_epsilon=0.05|gamma=0.9|max_epsilon=0.5,64,284.3554127118611
shift,2,AdaptiveEpsilonGreedy,anomaly_sensitivity=0.5|base_epsilon=0.05|gamma=0.9|max_epsilon=0.5,65,295.6769298296268
shift,2,AdaptiveEpsilonGreedy,anomaly_sensitivity=0.5|base_epsilon=0.05|gamma=0.9|max_epsilon=0.5,66,306.642216921985
shift,2,AdaptiveEpsilonGreedy,anomaly_sensitivity=0.5|base_epsilon=0.05|gamma=0.9|max_epsilon=0.5,67,313.9871200165414
shift,2,AdaptiveEpsilonGreedy,anomaly_sensitivity=0.5|base_epsilon=0.05|gamma=0.9|max_epsilon=0.5,68,319.98992525128773
shift,2,AdaptiveEpsilonGreedy,anomaly_sensitivity=0.5|base_epsilon=0.05|gamma=0.9|max_epsilon=0.5,69,326.7978296700959
shift,2,AdaptiveEpsilonGreedy,anomaly_sensitivity=0.5|base_epsilon=0.05|gamma=0.9|max_epsilon=0.5,70,326.7978296700959
shift,2,AdaptiveEpsilonGreedy,anomaly_sensitivity=0.5|base_epsilon=0.05|gamma=0.9|max_epsilon=0.5,71,329.8595810669712
shift,2,AdaptiveEpsilonGreedy,anomaly_sensitivity=0.5|base_epsilon=0.05|gamma=0.9|max_epsilon=0.5,72,347.8742690409387
shift,2,AdaptiveEpsilonGreedy,anomaly_sensitivity=0.5|base_epsilon=0.05|gamma=0.9|max_epsilon=0.5,73,349.5945997552303
shift,2,AdaptiveEpsilonGreedy,anomaly_sensitivity=0.5|base_epsilon=0.05|gamma=0.9|max_epsilon=0.5,74,349.5945997552303
shift,2,AdaptiveEpsilonGreedy,anomaly_sensitivity=0.5|base_epsilon=0.05|gamma=0.9|max_epsilon=0.5,75,357.5385219124673
shift,2,AdaptiveEpsilonGreedy,anomaly_sensitivity=0.5|base_epsilon=0.05|gamma=0.9|max_epsilon=0.5,76,359.0523590385874
shift,2,AdaptiveEpsilonGreedy,anomaly_sensitivity=0.5|base_epsilon=0.05|gamma=0.9|max_epsilon=0.5,77,369.8293642949002
shift,2,AdaptiveEpsilonGreedy,anomaly_sensitivity=0.5|base_epsilon=0.05|gamma=0.9|max_epsilon=0.5,78,384.3251261440707
shift,2,AdaptiveEpsilonGreedy,anomaly_sensitivity=0.5|base_epsilon=0.05|gamma=0.9|max_epsilon=0.5,79,397.124188547252
shift,2,AdaptiveEpsilonGreedy,anomaly_sensitivity=0.5|base_epsilon=0.05|gamma=0.9|max_epsilon=0.5,80,401.43937353045123
shift,2,AdaptiveEpsilonGreedy,anomaly_sensitivity=0.5|base_epsilon=0.05|gamma=0.9|max_epsilon=0.5,81,405.37183480688543
shift,2,AdaptiveEpsilonGreedy,anomaly_sensitivity=0.5|base_epsilon=0.05|gamma=0.9|max_epsilon=0.5,82,408.7095357065635
shift,2,AdaptiveEpsilonGreedy,anomaly_sensitivity=0.5|base_epsilon=0.05|gamma=0.9|max_epsilon=0.5,83,411.3228990787073
shift,2,AdaptiveEpsilonGreedy,anomaly_sensitivity=0.5|base_epsilon=0.05|gamma=0.9|max_epsilon=0.5,84,417.4830938051249
shift,2,AdaptiveEpsilonGreedy,anomaly_sensitivity=0.5|base_epsilon=0.05|gamma=0.9|max_epsilon=0.5,85,417.6772134502569
shift,2,AdaptiveEpsilonGreedy,anomaly_sensitivity=0.5|base_epsilon=0.05|gamma=0.9|max_epsilon=0.5,86,420.69916722053995
shift,2,AdaptiveEpsilonGreedy,anomaly_sensitivity=0.5|base_epsilon=0.05|gamma=0.9|max_epsilon=0.5,87,421.2964190808721
shift,2,AdaptiveEpsilonGreedy,anomaly_sensitivity=0.5|base_epsilon=0.05|gamma=0.9|max_epsilon=0.5,88,421.68064096903004
shift,2,AdaptiveEpsilonGreedy,anomaly_sensitivity=0.5|base_epsilon=0.05|gamma=0.9|max_epsilon=0.5,89,422.1921352586394
shift,2,AdaptiveEpsilonGreedy,anomaly_sensitivity=0.5|base_epsilon=0.05|gamma=0.9|max_epsilon=0.5,90,422.5365293485884
shift,2,AdaptiveEpsilonGreedy,anomaly_sensitivity=0.5|base_epsilon=0.05|gamma=0.9|max_epsilon=0.5,91,422.92480379398114
shift,2,AdaptiveEpsilonGreedy,anomaly_sensitivity=0.5|base_epsilon=0.05|gamma=0.9|max_epsilon=0.5,92,422.9870041216376
shift,2,AdaptiveEpsilonGreedy,anomaly_sensitivity=0.5|base_epsilon=0.05|gamma=0.9|max_epsilon=0.5,93,423.183212185339
shift,2,AdaptiveEpsilonGreedy,anomaly_sensitivity=0.5|base_epsilon=0.05|gamma=0.9|max_epsilon=0.5,94,423.60937910767205
shift,2,AdaptiveEpsilonGreedy,anomaly_sensitivity=0.5|base_epsilon=0.05|gamma=0.9|max_epsilon=0.5,95,424.07763398890296
shift,2,AdaptiveEpsilonGreedy,anomaly_sensitivity=0.5|base_epsilon=0.05|gamma=0.9|max_epsilon=0.5,96,424.4057195519028
shift,2,AdaptiveEpsilonGreedy,anomaly_sensitivity=0.5|base_epsilon=0.05|gamma=0.9|max_epsilon=0.5,97,424.8358922968315
shift,2,AdaptiveEpsilonGreedy,anomaly_sensitivity=0.5|base_epsilon=0.05|gamma=0.9|max_epsilon=0.5,98,425.36871166502925
shift,2,AdaptiveEpsilonGreedy,anomaly_sensitivity=0.5|base_epsilon=0.05|gamma=0.9|max_epsilon=0.5,99,425.58352499894437
shift,2,AdaptiveEpsilonGreedy,anomaly_sensitivity=0.3|base_epsilon=0.1|gamma=0.9|max_epsilon=0.5,0,7.232585627761223
shift,2,AdaptiveEpsilonGreedy,anomaly_sensitivity=0.3|base_epsilon=0.1|gamma=0.9|max_epsilon=0.5,1,7.434524492238543
shift,2,AdaptiveEpsilonGreedy,anomaly_sensitivity=0.3|base_epsilon=0.1|gamma=0.9|max_epsilon=0.5,2,8.362267749022827
shift,2,AdaptiveEpsilonGreedy,anomaly_sensitivity=0.3|base_epsilon=0.1|gamma=0.9|max_epsilon=0.5,3,12.238216868085892
shift,2,AdaptiveEpsilonGreedy,anomaly_sensitivity=0.3|base_epsilon=0.1|gamma=0.9|max_epsilon=0.5,4,12.36676011296795
shift,2,AdaptiveEpsilonGreedy,anomaly_sensitivity=0.3|base_epsilon=0.1|gamma=0.9|max_epsilon=0.5,5,12.396137789061688
shift,2,AdaptiveEpsilonGreedy,anomaly_sensitivity=0.3|base_epsilon=0.1|gamma=0.9|max_epsilon=0.5,6,13.199949363648146
shift,2,AdaptiveEpsilonGreedy,anomaly_sensitivity=0.3|base_epsilon=0.1|gamma=0.9|max_epsilon=0.5,7,13.297272101025019
shift,2,AdaptiveEpsilonGreedy,anomaly_sensitivity=0.3|base_epsilon=0.1|gamma=0.9|max_epsilon=0.5,8,15.459113639468313
shift,2,AdaptiveEpsilonGreedy,anomaly_sensitivity=0.3|base_epsilon=0.1|gamma=0.9|max_epsilon=0.5,9,15.459113639468313
shift,2,AdaptiveEpsilonGreedy,anomaly_sensitivity=0.3|base_epsilon=0.1|gamma=0.9|max_epsilon=0.5,10,15.551801840425473
shift,2,AdaptiveEpsilonGreedy,anomaly_sensitivity=0.3|base_epsilon=0.1|gamma=0.9|max_epsilon=0.5,11,15.627697975458636
shift,2,AdaptiveEpsilonGreedy,anomaly_sensitivity=0.3|base_epsilon=0.1|gamma=0.9|max_epsilon=0.5,12,15.744414429661099
shift,2,AdaptiveEpsilonGreedy,anomaly_sensitivity=0.3|base_epsilon=0.1|gamma=0.9|max_epsilon=0.5,13,16.063339553610685
shift,2,AdaptiveEpsilonGreedy,anomaly_sensitivity=0.3|base_epsilon=0.1|gamma=0.9|max_epsilon=0.5,14,16.063339553610685
shift,2,AdaptiveEpsilonGreedy,anomaly_sensitivity=0.3|base_epsilon=0.1|gamma=0.9|max_epsilon=0.5,15,16.264060841964397
shift,2,AdaptiveEpsilonGreedy,anomaly_sensitivity=0.3|base_epsilon=0.1|gamma=0.9|max_epsilon=0.5,16,16.404937820088076
shift,2,AdaptiveEpsilonGreedy,anomaly_sensitivity=0.3|base_epsilon=0.1|gamma=0.9|max_epsilon=0.5,17,17.186672376293245
shift,2,AdaptiveEpsilonGreedy,anomaly_sensitivity=0.3|base_epsilon=0.1|gamma=0.9|max_epsilon=0.5,18,17.186672376293245
shift,2,AdaptiveEpsilonGreedy,anomaly_sensitivity=0.3|base_epsilon=0.1|gamma=0.9|max_epsilon=0.5,19,17.269675505803384
shift,2,AdaptiveEpsilonGreedy,anomaly_sensitivity=0.3|base_epsilon=0.1|gamma=0.9|max_epsilon=0.5,20,27.650145198051916
shift,2,AdaptiveEpsilonGreedy,anomaly_sensitivity=0.3|base_epsilon=0.1|gamma=0.9|max_epsilon=0.5,21,39.10048417990929
shift,2,AdaptiveEpsilonGreedy,anomaly_sensitivity=0.3|base_epsilon=0.1|gamma=0.9|max_epsilon=0.5,22,40.27847594089434
shift,2,AdaptiveEpsilonGreedy,anomaly_sensitivity=0.3|base_epsilon=0.1|gamma=0.9|max_epsilon=0.5,23,48.57576761776916
shift,2,AdaptiveEpsilonGreedy,anomaly_sensitivity=0.3|base_epsilon=0.1|gamma=0.9|max_epsilon=0.5,24,52.53506449170497
shift,2,AdaptiveEpsilonGreedy,anomaly_sensitivity=0.3|base_epsilon=0.1|gamma=0.9|max_epsilon=0.5,25,68.6170391362543
shift,2,AdaptiveEpsilonGreedy,anomaly_sensitivity=0.3|base_epsilon=0.1|gamma=0.9|max_epsilon=0.5,26,83.82526270815637
shift,2,AdaptiveEpsilonGreedy,anomaly_sensitivity=0.3|base_epsilon=0.1|gamma=0.9|max_epsilon=0.5,27,86.84560978879486
shift,2,AdaptiveEpsilonGreedy,anomaly_sensitivity=0.3|base_epsilon=0.1|gamma=0.9|max_epsilon=0.5,28,91.9176781704447
shift,2,AdaptiveEpsilonGreedy,anomaly_sensitivity=0.3|base_epsilon=0.1|gamma=0.9|max_epsilon=0.5,29,95.00102017570556
shift,2,AdaptiveEpsilonGreedy,anomaly_sensitivity=0.3|base_epsilon=0.1|gamma=0.9|max_epsilon=0.5,30,105.15028894043596
shift,2,AdaptiveEpsilonGreedy,anomaly_sensitivity=0.3|base_epsilon=0.1|gamma=0.9|max_epsilon=0.5,31,105.15028894043596
shift,2,AdaptiveEpsilonGreedy,anomaly_sensitivity=0.3|base_epsilon=0.1|gamma=0.9|max_epsilon=0.5,32,108.19770563221711
shift,2,AdaptiveEpsilonGreedy,anomaly_sensitivity=0.3|base_epsilon=0.1|gamma=0.9|max_epsilon=0.5,33,122.75516436422093
shift,2,AdaptiveEpsilonGreedy,anomaly_sensitivity=0.3|base_epsilon=0.1|gamma=0.9|max_epsilon=0.5,34,132.34666062871358
shift,2,AdaptiveEpsilonGreedy,anomaly_sensitivity=0.3|base_epsilon=0.1|gamma=0.9|max_epsilon=0.5,35,132.34666062871358
shift,2,AdaptiveEpsilonGreedy,anomaly_sensitivity=0.3|base_epsilon=0.1|gamma=0.9|max_epsilon=0.5,36,134.55949053966316
shift,2,AdaptiveEpsilonGreedy,anomaly_sensitivity=0.3|base_epsilon=0.1|gamma=0.9|max_epsilon=0.5,37,142.2496610386237
shift,2,AdaptiveEpsilonGreedy,anomaly_sensitivity=0.3|base_epsilon=0.1|gamma=0.9|max_epsilon=0.5,38,150.82859699069007
shift,2,AdaptiveEpsilonGreedy,anomaly_sensitivity=0.3|base_epsilon=0.1|gamma=0.9|max_epsilon=0.5,39,164.54791902514205
shift,2,AdaptiveEpsilonGreedy,anomaly_sensitivity=0.3|base_epsilon=0.1|gamma=0.9|max_epsilon=0.5,40,176.88784321204028
shift,2,AdaptiveEpsilonGreedy,anomaly_sensitivity=0.3|base_epsilon=0.1|gamma=0.9|max_epsilon=0.5,41,185.651330134814
shift,2,AdaptiveEpsilonGreedy,anomaly_sensitivity=0.3|base_epsilon=0.1|gamma=0.9|max_epsilon=0.5,42,194.17150608819864
shift,2,AdaptiveEpsilonGreedy,anomaly_sensitivity=0.3|base_epsilon=0.1|gamma=0.9|max_epsilon=0.5,43,195.97325125330653
shift,2,AdaptiveEpsilonGreedy,anomaly_sensitivity=0.3|base_epsilon=0.1|gamma=0.9|max_epsilon=0.5,44,195.97325125330653
shift,2,AdaptiveEpsilonGreedy,anomaly_sensitivity=0.3|base_epsilon=0.1|gamma=0.9|max_epsilon=0.5,45,207.77138698474738
shift,2,AdaptiveEpsilonGreedy,anomaly_sensitivity=0.3|base_epsilon=0.1|gamma=0.9|max_epsilon=0.5,46,210.58937594543795
shift,2,AdaptiveEpsilonGreedy,anomaly_sensitivity=0.3|base_epsilon=0.1|gamma=0.9|max_epsilon=0.5,47,210.58937594543795
shift,2,AdaptiveEpsilonGreedy,anomaly_sensitivity=0.3|base_epsilon=0.1|gamma=0.9|max_epsilon=0.5,48,212.10581874996765
shift,2,AdaptiveEpsilonGreedy,anomaly_sensitivity=0.3|base_epsilon=0.1|gamma=0.9|max_epsilon=0.5,49,221.66630295027446
shift,2,AdaptiveEpsilonGreedy,anomaly_sensitivity=0.3|base_epsilon=0.1|gamma=0.9|max_epsilon=0.5,50,221.66630295027446
shift,2,AdaptiveEpsilonGreedy,anomaly_sensitivity=0.3|base_epsilon=0.1|gamma=0.9|max_epsilon=0.5,51,228.25930487438794
shift,2,AdaptiveEpsilonGreedy,anomaly_sensitivity=0.3|base_epsilon=0.1|gamma=0.9|max_epsilon=0.5,52,231.28307418427678
shift,2,AdaptiveEpsilonGreedy,anomaly_sensitivity=0.3|base_epsilon=0.1|gamma=0.9|max_epsilon=0.5,53,238.1359220460098
shift,2,AdaptiveEpsilonGreedy,anomaly_sensitivity=0.3|base_epsilon=0.1|gamma=0.9|max_epsilon=0.5,54,246.6482291614409
shift,2,AdaptiveEpsilonGreedy,anomaly_sensitivity=0.3|base_epsilon=0.1|gamma=0.9|max_epsilon=0.5,55,256.09105129358204
shift,2,AdaptiveEpsilonGreedy,anomaly_sensitivity=0.3|base_epsilon=0.1|gamma=0.9|max_epsilon=0.5,56,264.5111703178844
shift,2,AdaptiveEpsilonGreedy,anomaly_sensitivity=0.3|base_epsilon=0.1|gamma=0.9|max_epsilon=0.5,57,272.156416084282
shift,2,AdaptiveEpsilonGreedy,anomaly_sensitivity=0.3|base_epsilon=0.1|gamma=0.9|max_epsilon=0.5,58,275.0738789770797
shift,2,AdaptiveEpsilonGreedy,anomaly_sensitivity=0.3|base_epsilon=0.1|gamma=0.9|max_epsilon=0.5,59,276.40880596191636
shift,2,AdaptiveEpsilonGreedy,anomaly_sensitivity=0.3|base_epsilon=0.1|gamma=0.9|max_epsilon=0.5,60,288.3281724338027
shift,2,AdaptiveEpsilonGreedy,anomaly_sensitivity=0.3|base_epsilon=0.1|gamma=0.9|max_epsilon=0.5,61,288.3281724338027
shift,2,AdaptiveEpsilonGreedy,anomaly_sensitivity=0.3|base_epsilon=0.1|gamma=0.9|max_epsilon=0.5,62,293.6776078436569
shift,2,AdaptiveEpsilonGreedy,anomaly_sensitivity=0.3|base_epsilon=0.1|gamma=0.9|max_epsilon=0.5,63,293.998059701312
shift,2,AdaptiveEpsilonGreedy,anomaly_sensitivity=0.3|base_epsilon=0.1|gamma=0.9|max_epsilon=0.5,64,304.81527182995404
shift,2,AdaptiveEpsilonGreedy,anomaly_sensitivity=0.3|base_epsilon=0.1|gamma=0.9|max_epsilon=0.5,65,304.81527182995404
shift,2,AdaptiveEpsilonGreedy,anomaly_sensitivity=0.3|base_epsilon=0.1|gamma=0.9|max_epsilon=0.5,66,315.78055892231225
shift,2,AdaptiveEpsilonGreedy,anomaly_sensitivity=0.3|base_epsilon=0.1|gamma=0.9|max_epsilon=0.5,67,323.27957557385906
shift,2,AdaptiveEpsilonGreedy,anomaly_sensitivity=0.3|base_epsilon=0.1|gamma=0.9|max_epsilon=0.5,68,325.7330929321891
shift,2,AdaptiveEpsilonGreedy,anomaly_sensitivity=0.3|base_epsilon=0.1|gamma=0.9|max_epsilon=0.5,69,327.6686592063838
shift,2,AdaptiveEpsilonGreedy,anomaly_sensitivity=0.3|base_epsilon=0.1|gamma=0.9|max_epsilon=0.5,70,332.4673538739076
shift,2,AdaptiveEpsilonGreedy,anomaly_sensitivity=0.3|base_epsilon=0.1|gamma=0.9|max_epsilon=0.5,71,344.76762593735225
shift,2,AdaptiveEpsilonGreedy,anomaly_sensitivity=0.3|base_epsilon=0.1|gamma=0.9|max_epsilon=0.5,72,361.17949642022785
shift,2,AdaptiveEpsilonGreedy,anomaly_sensitivity=0.3|base_epsilon=0.1|gamma=0.9|max_epsilon=0.5,73,362.89982713451946
shift,2,AdaptiveEpsilonGreedy,anomaly_sensitivity=0.3|base_epsilon=0.1|gamma=0.9|max_epsilon=0.5,74,362.89982713451946
shift,2,AdaptiveEpsilonGreedy,anomaly_sensitivity=0.3|base_epsilon=0.1|gamma=0.9|max_epsilon=0.5,75,370.27456550959135
shift,2,AdaptiveEpsilonGreedy,anomaly_sensitivity=0.3|base_epsilon=0.1|gamma=0.9|max_epsilon=0.5,76,371.78840263571146
shift,2,AdaptiveEpsilonGreedy,anomaly_sensitivity=0.3|base_epsilon=0.1|gamma=0.9|max_epsilon=0.5,77,382.56540789202427
shift,2,AdaptiveEpsilonGreedy,anomaly_sensitivity=0.3|base_epsilon=0.1|gamma=0.9|max_epsilon=0.5,78,386.4306306643798
shift,2,AdaptiveEpsilonGreedy,anomaly_sensitivity=0.3|base_epsilon=0.1|gamma=0.9|max_epsilon=0.5,79,403.3953219875477
shift,2,AdaptiveEpsilonGreedy,anomaly_sensitivity=0.3|base_epsilon=0.1|gamma=0.9|max_epsilon=0.5,80,407.7105069707469
shift,2,AdaptiveEpsilonGreedy,anomaly_sensitivity=0.3|base_epsilon=0.1|gamma=0.9|max_epsilon=0.5,81,411.6429682471811
shift,2,AdaptiveEpsilonGreedy,anomaly_sensitivity=0.3|base_epsilon=0.1|gamma=0.9|max_epsilon=0.5,82,414.98066914685916
shift,2,AdaptiveEpsilonGreedy,anomaly_sensitivity=0.3|base_epsilon=0.1|gamma=0.9|max_epsilon=0.5,83,417.59403251900295
shift,2,AdaptiveEpsilonGreedy,anomaly_sensitivity=0.3|base_epsilon=0.1|gamma=0.9|max_epsilon=0.5,84,423.75422724542057
shift,2,AdaptiveEpsilonGreedy,anomaly_sensitivity=0.3|base_epsilon=0.1|gamma=0.9|max_epsilon=0.5,85,424.2846016340816
shift,2,AdaptiveEpsilonGreedy,anomaly_sensitivity=0.3|base_epsilon=0.1|gamma=0.9|max_epsilon=0.5,86,425.2231648626574
shift,2,AdaptiveEpsilonGreedy,anomaly_sensitivity=0.3|base_epsilon=0.1|gamma=0.9|max_epsilon=0.5,87,425.6441906025978
shift,2,AdaptiveEpsilonGreedy,anomaly_sensitivity=0.3|base_epsilon=0.1|gamma=0.9|max_epsilon=0.5,88,429.87953823392655
shift,2,AdaptiveEpsilonGreedy,anomaly_sensitivity=0.3|base_epsilon=0.1|gamma=0.9|max_epsilon=0.5,89,429.8861328451231
shift,2,AdaptiveEpsilonGreedy,anomaly_sensitivity=0.3|base_epsilon=0.1|gamma=0.9|max_epsilon=0.5,90,430.48123491173214
shift,2,AdaptiveEpsilonGreedy,anomaly_sensitivity=0.3|base_epsilon=0.1|gamma=0.9|max_epsilon=0.5,91,431.07711647571637
shift,2,AdaptiveEpsilonGreedy,anomaly_sensitivity=0.3|base_epsilon=0.1|gamma=0.9|max_epsilon=0.5,92,432.0328489824378
shift,2,AdaptiveEpsilonGreedy,anomaly_sensitivity=0.3|base_epsilon=0.1|gamma=0.9|max_epsilon=0.5,93,432.710178860682
shift,2,AdaptiveEpsilonGreedy,anomaly_sensitivity=0.3|base_epsilon=0.1|gamma=0.9|max_epsilon=0.5,94,433.19208672632874
shift,2,AdaptiveEpsilonGreedy,anomaly_sensitivity=0.3|base_epsilon=0.1|gamma=0.9|max_epsilon=0.5,95,433.6743514367086
shift,2,AdaptiveEpsilonGreedy,anomaly_sensitivity=0.3|base_epsilon=0.1|gamma=0.9|max_epsilon=0.5,96,434.11779684512413
shift,2,AdaptiveEpsilonGreedy,anomaly_sensitivity=0.3|base_epsilon=0.1|gamma=0.9|max_epsilon=0.5,97,434.58903793221924
shift,2,AdaptiveEpsilonGreedy,anomaly_sensitivity=0.3|base_epsilon=0.1|gamma=0.9|max_epsilon=0.5,98,435.41909333525945
shift,2,AdaptiveEpsilonGreedy,anomaly_sensitivity=0.3|base_epsilon=0.1|gamma=0.9|max_epsilon=0.5,99,436.1967413788886
shift,2,AdaptiveEpsilonGreedy,anomaly_sensitivity=0.5|base_epsilon=0.1|gamma=0.9|max_epsilon=0.5,0,7.232585627761223
shift,2,AdaptiveEpsilonGreedy,anomaly_sensitivity=0.5|base_epsilon=0.1|gamma=0.9|max_epsilon=0.5,1,8.00910116631626
shift,2,AdaptiveEpsilonGreedy,anomaly_sensitivity=0.5|base_epsilon=0.1|gamma=0.9|max_epsilon=0.5,2,12.607248307107453
shift,2,AdaptiveEpsilonGreedy,anomaly_sensitivity=0.5|base_epsilon=0.1|gamma=0.9|max_epsilon=0.5,3,12.732940652067748
shift,2,AdaptiveEpsilonGreedy,anomaly_sensitivity=0.5|base_epsilon=0.1|gamma=0.9|max_epsilon=0.5,4,15.062923300013562
shift,2,AdaptiveEpsilonGreedy,anomaly_sensitivity=0.5|base_epsilon=0.1|gamma=0.9|max_epsilon=0.5,5,15.062923300013562
shift,2,AdaptiveEpsilonGreedy,anomaly_sensitivity=0.5|base_epsilon=0.1|gamma=0.9|max_epsilon=0.5,6,15.29832131524288
shift,2,AdaptiveEpsilonGreedy,anomaly_sensitivity=0.5|base_epsilon=0.1|gamma=0.9|max_epsilon=0.5,7,15.633079040849633
shift,2,AdaptiveEpsilonGreedy,anomaly_sensitivity=0.5|base_epsilon=0.1|gamma=0.9|max_epsilon=0.5,8,15.947224305173904
shift,2,AdaptiveEpsilonGreedy,anomaly_sensitivity=0.5|base_epsilon=0.1|gamma=0.9|max_epsilon=0.5,9,16.31712496999014
shift,2,AdaptiveEpsilonGreedy,anomaly_sensitivity=0.5|base_epsilon=0.1|gamma=0.9|max_epsilon=0.5,10,16.388890865847927
shift,2,AdaptiveEpsilonGreedy,anomaly_sensitivity=0.5|base_epsilon=0.1|gamma=0.9|max_epsilon=0.5,11,16.41688653654886
shift,2,AdaptiveEpsilonGreedy,anomaly_sensitivity=0.5|base_epsilon=0.1|gamma=0.9|max_epsilon=0.5,12,16.533602990751323
shift,2,AdaptiveEpsilonGreedy,anomaly_sensitivity=0.5|base_epsilon=0.1|gamma=0.9|max_epsilon=0.5,13,16.594196512614456
shift,2,AdaptiveEpsilonGreedy,anomaly_sensitivity=0.5|base_epsilon=0.1|gamma=0.9|max_epsilon=0.5,14,16.75557877441978
shift,2,AdaptiveEpsilonGreedy,anomaly_sensitivity=0.5|base_epsilon=0.1|gamma=0.9|max_epsilon=0.5,15,16.956300062773494
shift,2,AdaptiveEpsilonGreedy,anomaly_sensitivity=0.5|base_epsilon=0.1|gamma=0.9|max_epsilon=0.5,16,17.1706161549802
shift,2,AdaptiveEpsilonGreedy,anomaly_sensitivity=0.5|base_epsilon=0.1|gamma=0.9|max_epsilon=0.5,17,17.41224737999604
shift,2,AdaptiveEpsilonGreedy,anomaly_sensitivity=0.5|base_epsilon=0.1|gamma=0.9|max_epsilon=0.5,18,17.82422863763926
shift,2,AdaptiveEpsilonGreedy,anomaly_sensitivity=0.5|base_epsilon=0.1|gamma=0.9|max_epsilon=0.5,19,18.230423706044846
shift,2,AdaptiveEpsilonGreedy,anomaly_sensitivity=0.5|base_epsilon=0.1|gamma=0.9|max_epsilon=0.5,20,30.115829665565062
shift,2,AdaptiveEpsilonGreedy,anomaly_sensitivity=0.5|base_epsilon=0.1|gamma=0.9|max_epsilon=0.5,21,41.56616864742243
shift,2,AdaptiveEpsilonGreedy,anomaly_sensitivity=0.5|base_epsilon=0.1|gamma=0.9|max_epsilon=0.5,22,48.69340792905083
shift,2,AdaptiveEpsilonGreedy,anomaly_sensitivity=0.5|base_epsilon=0.1|gamma=0.9|max_epsilon=0.5,23,56.9445555626743
shift,2,AdaptiveEpsilonGreedy,anomaly_sensitivity=0.5|base_epsilon=0.1|gamma=0.9|max_epsilon=0.5,24,61.26755118655208
shift,2,AdaptiveEpsilonGreedy,anomaly_sensitivity=0.5|base_epsilon=0.1|gamma=0.9|max_epsilon=0.5,25,75.70756536955821
shift,2,AdaptiveEpsilonGreedy,anomaly_sensitivity=0.5|base_epsilon=0.1|gamma=0.9|max_epsilon=0.5,26,91.45467638665909
shift,2,AdaptiveEpsilonGreedy,anomaly_sensitivity=0.5|base_epsilon=0.1|gamma=0.9|max_epsilon=0.5,27,100.99633601636495
shift,2,AdaptiveEpsilonGreedy,anomaly_sensitivity=0.5|base_epsilon=0.1|gamma=0.9|max_epsilon=0.5,28,107.84890762346664
shift,2,AdaptiveEpsilonGreedy,anomaly_sensitivity=0.5|base_epsilon=0.1|gamma=0.9|max_epsilon=0.5,29,111.67457683988506
shift,2,AdaptiveEpsilonGreedy,anomaly_sensitivity=0.5|base_epsilon=0.1|gamma=0.9|max_epsilon=0.5,30,121.66870720807417
shift,2,AdaptiveEpsilonGreedy,anomaly_sensitivity=0.5|base_epsilon=0.1|gamma=0.9|max_epsilon=0.5,31,133.64260195631468
shift,2,AdaptiveEpsilonGreedy,anomaly_sensitivity=0.5|base_epsilon=0.1|gamma=0.9|max_epsilon=0.5,32,149.48590061897505
shift,2,AdaptiveEpsilonGreedy,anomaly_sensitivity=0.5|base_epsilon=0.1|gamma=0.9|max_epsilon=0.5,33,153.61532383418927
shift,2,AdaptiveEpsilonGreedy,anomaly_sensitivity=0.5|base_epsilon=0.1|gamma=0.9|max_epsilon=0.5,34,163.59236502297
shift,2,AdaptiveEpsilonGreedy,anomaly_sensitivity=0.5|base_epsilon=0.1|gamma=0.9|max_epsilon=0.5,35,164.62174295248116
shift,2,AdaptiveEpsilonGreedy,anomaly_sensitivity=0.5|base_epsilon=0.1|gamma=0.9|max_epsilon=0.5,36,166.15484561279965
shift,2,AdaptiveEpsilonGreedy,anomaly_sensitivity=0.5|base_epsilon=0.1|gamma=0.9|max_epsilon=0.5,37,175.92926761989716
shift,2,AdaptiveEpsilonGreedy,anomaly_sensitivity=0.5|base_epsilon=0.1|gamma=0.9|max_epsilon=0.5,38,175.92926761989716
shift,2,AdaptiveEpsilonGreedy,anomaly_sensitivity=0.5|base_epsilon=0.1|gamma=0.9|max_epsilon=0.5,39,190.49778588151605
shift,2,AdaptiveEpsilonGreedy,anomaly_sensitivity=0.5|base_epsilon=0.1|gamma=0.9|max_epsilon=0.5,40,200.0087927242638
shift,2,AdaptiveEpsilonGreedy,anomaly_sensitivity=0.5|base_epsilon=0.1|gamma=0.9|max_epsilon=0.5,41,208.2718482986264
shift,2,AdaptiveEpsilonGreedy,anomaly_sensitivity=0.5|base_epsilon=0.1|gamma=0.9|max_epsilon=0.5,42,208.2718482986264
shift,2,AdaptiveEpsilonGreedy,anomaly_sensitivity=0.5|base_epsilon=0.1|gamma=0.9|max_epsilon=0.5,43,218.43476727655278
shift,2,AdaptiveEpsilonGreedy,anomaly_sensitivity=0.5|base_epsilon=0.1|gamma=0.9|max_epsilon=0.5,44,219.9337865453095
shift,2,AdaptiveEpsilonGreedy,anomaly_sensitivity=0.5|base_epsilon=0.1|gamma=0.9|max_epsilon=0.5,45,231.35589501092295
shift,2,AdaptiveEpsilonGreedy,anomaly_sensitivity=0.5|base_epsilon=0.1|gamma=0.9|max_epsilon=0.5,46,231.35589501092295
shift,2,AdaptiveEpsilonGreedy,anomaly_sensitivity=0.5|base_epsilon=0.1|gamma=0.9|max_epsilon=0.5,47,233.72101898746328
shift,2,AdaptiveEpsilonGreedy,anomaly_sensitivity=0.5|base_epsilon=0.1|gamma=0.9|max_epsilon=0.5,48,233.72101898746328
shift,2,AdaptiveEpsilonGreedy,anomaly_sensitivity=0.5|base_epsilon=0.1|gamma=0.9|max_epsilon=0.5,49,235.1230255667042
shift,2,AdaptiveEpsilonGreedy,anomaly_sensitivity=0.5|base_epsilon=0.1|gamma=0.9|max_epsilon=0.5,50,244.34786925292568
shift,2,AdaptiveEpsilonGreedy,anomaly_sensitivity=0.5|base_epsilon=0.1|gamma=0.9|max_epsilon=0.5,51,244.34786925292568
shift,2,AdaptiveEpsilonGreedy,anomaly_sensitivity=0.5|base_epsilon=0.1|gamma=0.9|max_epsilon=0.5,52,255.74010494925892
shift,2,AdaptiveEpsilonGreedy,anomaly_sensitivity=0.5|base_epsilon=0.1|gamma=0.9|max_epsilon=0.5,53,264.1919246036431
shift,2,AdaptiveEpsilonGreedy,anomaly_sensitivity=0.5|base_epsilon=0.1|gamma=0.9|max_epsilon=0.5,54,270.75545473069644
shift,2,AdaptiveEpsilonGreedy,anomaly_sensitivity=0.5|base_epsilon=0.1|gamma=0.9|max_epsilon=0.5,55,273.1010815898277
shift,2,AdaptiveEpsilonGreedy,anomaly_sensitivity=0.5|base_epsilon=0.1|gamma=0.9|max_epsilon=0.5,56,274.8717374097916
shift,2,AdaptiveEpsilonGreedy,anomaly_sensitivity=0.5|base_epsilon=0.1|gamma=0.9|max_epsilon=0.5,57,274.8717374097916
shift,2,AdaptiveEpsilonGreedy,anomaly_sensitivity=0.5|base_epsilon=0.1|gamma=0.9|max_epsilon=0.5,58,274.8717374097916
shift,2,AdaptiveEpsilonGreedy,anomaly_sensitivity=0.5|base_epsilon=0.1|gamma=0.9|max_epsilon=0.5,59,274.8717374097916
shift,2,AdaptiveEpsilonGreedy,anomaly_sensitivity=0.5|base_epsilon=0.1|gamma=0.9|max_epsilon=0.5,60,286.53042712023915
shift,2,AdaptiveEpsilonGreedy,anomaly_sensitivity=0.5|base_epsilon=0.1|gamma=0.9|max_epsilon=0.5,61,286.53042712023915
shift,2,AdaptiveEpsilonGreedy,anomaly_sensitivity=0.5|base_epsilon=0.1|gamma=0.9|max_epsilon=0.5,62,288.0793023766704
shift,2,AdaptiveEpsilonGreedy,anomaly_sensitivity=0.5|base_epsilon=0.1|gamma=0.9|max_epsilon=0.5,63,292.24384199382575
shift,2,AdaptiveEpsilonGreedy,anomaly_sensitivity=0.5|base_epsilon=0.1|gamma=0.9|max_epsilon=0.5,64,293.8471750377063
shift,2,AdaptiveEpsilonGreedy,anomaly_sensitivity=0.5|base_epsilon=0.1|gamma=0.9|max_epsilon=0.5,65,301.88805332734256
shift,2,AdaptiveEpsilonGreedy,anomaly_sensitivity=0.5|base_epsilon=0.1|gamma=0.9|max_epsilon=0.5,66,312.91548544282404
shift,2,AdaptiveEpsilonGreedy,anomaly_sensitivity=0.5|base_epsilon=0.1|gamma=0.9|max_epsilon=0.5,67,321.444414982589
shift,2,AdaptiveEpsilonGreedy,anomaly_sensitivity=0.5|base_epsilon=0.1|gamma=0.9|max_epsilon=0.5,68,325.81718002406876
shift,2,AdaptiveEpsilonGreedy,anomaly_sensitivity=0.5|base_epsilon=0.1|gamma=0.9|max_epsilon=0.5,69,331.1019374338005
shift,2,AdaptiveEpsilonGreedy,anomaly_sensitivity=0.5|base_epsilon=0.1|gamma=0.9|max_epsilon=0.5,70,337.03386081116474
shift,2,AdaptiveEpsilonGreedy,anomaly_sensitivity=0.5|base_epsilon=0.1|gamma=0.9|max_epsilon=0.5,71,337.03386081116474
shift,2,AdaptiveEpsilonGreedy,anomaly_sensitivity=0.5|base_epsilon=0.1|gamma=0.9|max_epsilon=0.5,72,354.4175948531206
shift,2,AdaptiveEpsilonGreedy,anomaly_sensitivity=0.5|base_epsilon=0.1|gamma=0.9|max_epsilon=0.5,73,362.07402004757034
shift,2,AdaptiveEpsilonGreedy,anomaly_sensitivity=0.5|base_epsilon=0.1|gamma=0.9|max_epsilon=0.5,74,364.2539371659051
shift,2,AdaptiveEpsilonGreedy,anomaly_sensitivity=0.5|base_epsilon=0.1|gamma=0.9|max_epsilon=0.5,75,371.628675540977
shift,2,AdaptiveEpsilonGreedy,anomaly_sensitivity=0.5|base_epsilon=0.1|gamma=0.9|max_epsilon=0.5,76,372.5732352802776
shift,2,AdaptiveEpsilonGreedy,anomaly_sensitivity=0.5|base_epsilon=0.1|gamma=0.9|max_epsilon=0.5,77,372.5732352802776
shift,2,AdaptiveEpsilonGreedy,anomaly_sensitivity=0.5|base_epsilon=0.1|gamma=0.9|max_epsilon=0.5,78,383.4418115047195
shift,2,AdaptiveEpsilonGreedy,anomaly_sensitivity=0.5|base_epsilon=0.1|gamma=0.9|max_epsilon=0.5,79,386.58600214558106
shift,2,AdaptiveEpsilonGreedy,anomaly_sensitivity=0.5|base_epsilon=0.1|gamma=0.9|max_epsilon=0.5,80,386.63805088660587
shift,2,AdaptiveEpsilonGreedy,anomaly_sensitivity=0.5|base_epsilon=0.1|gamma=0.9|max_epsilon=0.5,81,386.7521578159665
shift,2,AdaptiveEpsilonGreedy,anomaly_sensitivity=0.5|base_epsilon=0.1|gamma=0.9|max_epsilon=0.5,82,387.0732954056864
shift,2,AdaptiveEpsilonGreedy,anomaly_sensitivity=0.5|base_epsilon=0.1|gamma=0.9|max_epsilon=0.5,83,387.6010413986548
shift,2,AdaptiveEpsilonGreedy,anomaly_sensitivity=0.5|base_epsilon=0.1|gamma=0.9|max_epsilon=0.5,84,387.7894641513042
shift,2,AdaptiveEpsilonGreedy,anomaly_sensitivity=0.5|base_epsilon=0.1|gamma=0.9|max_epsilon=0.5,85,388.13720186054644
shift,2,AdaptiveEpsilonGreedy,anomaly_sensitivity=0.5|base_epsilon=0.1|gamma=0.9|max_epsilon=0.5,86,388.313707454305
shift,2,AdaptiveEpsilonGreedy,anomaly_sensitivity=0.5|base_epsilon=0.1|gamma=0.9|max_epsilon=0.5,87,388.43344944913576
shift,2,AdaptiveEpsilonGreedy,anomaly_sensitivity=0.5|base_epsilon=0.1|gamma=0.9|max_epsilon=0.5,88,388.43344944913576
shift,2,AdaptiveEpsilonGreedy,anomaly_sensitivity=0.5|base_epsilon=0.1|gamma=0.9|max_epsilon=0.5,89,388.5558388892175
shift,2,AdaptiveEpsilonGreedy,anomaly_sensitivity=0.5|base_epsilon=0.1|gamma=0.9|max_epsilon=0.5,90,388.9982884182312
shift,2,AdaptiveEpsilonGreedy,anomaly_sensitivity=0.5|base_epsilon=0.1|gamma=0.9|max_epsilon=0.5,91,393.306082906294
shift,2,AdaptiveEpsilonGreedy,anomaly_sensitivity=0.5|base_epsilon=0.1|gamma=0.9|max_epsilon=0.5,92,393.3293010818784
shift,2,AdaptiveEpsilonGreedy,anomaly_sensitivity=0.5|base_epsilon=0.1|gamma=0.9|max_epsilon=0.5,93,393.36731913223156
shift,2,AdaptiveEpsilonGreedy,anomaly_sensitivity=0.5|base_epsilon=0.1|gamma=0.9|max_epsilon=0.5,94,396.5896220984455
shift,2,AdaptiveEpsilonGreedy,anomaly_sensitivity=0.5|base_epsilon=0.1|gamma=0.9|max_epsilon=0.5,95,396.7588895303412
shift,2,AdaptiveEpsilonGreedy,anomaly_sensitivity=0.5|base_epsilon=0.1|gamma=0.9|max_epsilon=0.5,96,397.08697509334104
shift,2,AdaptiveEpsilonGreedy,anomaly_sensitivity=0.5|base_epsilon=0.1|gamma=0.9|max_epsilon=0.5,97,397.270745455946
shift,2,AdaptiveEpsilonGreedy,anomaly_sensitivity=0.5|base_epsilon=0.1|gamma=0.9|max_epsilon=0.5,98,397.59296264143717
shift,2,AdaptiveEpsilonGreedy,anomaly_sensitivity=0.5|base_epsilon=0.1|gamma=0.9|max_epsilon=0.5,99,398.16046481408705
shift,2,UCB,default,0,7.232585627761223
shift,2,UCB,default,1,8.00910116631626
shift,2,UCB,default,2,12.607248307107453
shift,2,UCB,default,3,12.732940652067748
shift,2,UCB,default,4,15.062923300013562
shift,2,UCB,default,5,15.062923300013562
shift,2,UCB,default,6,15.29832131524288
shift,2,UCB,default,7,15.633079040849633
shift,2,UCB,default,8,15.947224305173904
shift,2,UCB,default,9,15.952259492592706
shift,2,UCB,default,10,16.084911883469236
shift,2,UCB,default,11,16.12621126415761
shift,2,UCB,default,12,16.242927718360075
shift,2,UCB,default,13,16.30352124022321
shift,2,UCB,default,14,16.48735226790033
shift,2,UCB,default,15,16.84449035024621
shift,2,UCB,default,16,16.84449035024621
shift,2,UCB,default,17,17.08612157526205
shift,2,UCB,default,18,17.489821902803662
shift,2,UCB,default,19,17.6649250434441
shift,2,UCB,default,20,29.193108400091745
shift,2,UCB,default,21,40.6361189054058
shift,2,UCB,default,22,47.7633581870342
shift,2,UCB,default,23,55.49472449591137
shift,2,UCB,default,24,58.67291061606103
shift,2,UCB,default,25,69.8505735162691
shift,2,UCB,default,26,86.3914450670949
shift,2,UCB,default,27,96.55241353160491
shift,2,UCB,default,28,102.90244693478459
shift,2,UCB,default,29,103.93630771116447
shift,2,UCB,default,30,105.5195351132642
shift,2,UCB,default,31,116.08705484287552
shift,2,UCB,default,32,130.85111606277923
shift,2,UCB,default,33,134.98053927799344
shift,2,UCB,default,34,134.98053927799344
shift,2,UCB,default,35,141.10613196459633
shift,2,UCB,default,36,152.34056275078515
shift,2,UCB,default,37,153.99414998214553
shift,2,UCB,default,38,161.81238898445554
shift,2,UCB,default,39,173.46422716015383
shift,2,UCB,default,40,173.46422716015383
shift,2,UCB,default,41,173.46422716015383
shift,2,UCB,default,42,173.46422716015383
shift,2,UCB,default,43,173.46422716015383
shift,2,UCB,default,44,173.46422716015383
shift,2,UCB,default,45,173.46422716015383
shift,2,UCB,default,46,173.46422716015383
shift,2,UCB,default,47,173.46422716015383
shift,2,UCB,default,48,173.46422716015383
shift,2,UCB,default,49,173.46422716015383
shift,2,UCB,default,50,173.46422716015383
shift,2,UCB,default,51,173.46422716015383
shift,2,UCB,default,52,173.46422716015383
shift,2,UCB,default,53,173.46422716015383
shift,2,UCB,default,54,173.46422716015383
shift,2,UCB,default,55,173.46422716015383
shift,2,UCB,default,56,173.46422716015383
shift,2,UCB,default,57,173.46422716015383
shift,2,UCB,default,58,173.46422716015383
shift,2,UCB,default,59,173.46422716015383
shift,2,UCB,default,60,173.46422716015383
shift,2,UCB,default,61,173.46422716015383
shift,2,UCB,default,62,173.46422716015383
shift,2,UCB,default,63,173.46422716015383
shift,2,UCB,default,64,173.46422716015383
shift,2,UCB,default,65,173.46422716015383
shift,2,UCB,default,66,173.46422716015383
shift,2,UCB,default,67,173.46422716015383
shift,2,UCB,default,68,173.46422716015383
shift,2,UCB,default,69,173.46422716015383
shift,2,UCB,default,70,173.46422716015383
shift,2,UCB,default,71,173.46422716015383
shift,2,UCB,default,72,173.46422716015383
shift,2,UCB,default,73,173.46422716015383
shift,2,UCB,default,74,173.46422716015383
shift,2,UCB,default,75,173.46422716015383
shift,2,UCB,default,76,179.16345396291536
shift,2,UCB,default,77,179.16345396291536
shift,2,UCB,default,78,179.16345396291536
shift,2,UCB,default,79,183.790851494979
shift,2,UCB,default,80,191.23728604644435
shift,2,UCB,default,81,197.90397125528725
shift,2,UCB,default,82,203.45949297081918
shift,2,UCB,default,83,207.93529227522652
shift,2,UCB,default,84,217.28322207370968
shift,2,UCB,default,85,221.37015639676434
shift,2,UCB,default,86,225.1774379950484
shift,2,UCB,default,87,227.3377231997858
shift,2,UCB,default,88,231.57307083111453
shift,2,UCB,default,89,234.75948002388176
shift,2,UCB,default,90,238.12108958563596
shift,2,UCB,default,91,242.4288840736988
shift,2,UCB,default,92,246.7594862745933
shift,2,UCB,default,93,250.1406485515255
shift,2,UCB,default,94,253.36295151773945
shift,2,UCB,default,95,256.68365622223035
shift,2,UCB,default,96,259.285815152119
shift,2,UCB,default,97,261.65328594937745
shift,2,UCB,default,98,265.44480867360653
shift,2,UCB,default,99,269.1649889731019
shift,2,Random,default,0,0.0
shift,2,Random,default,1,2.6746608999260766
shift,2,Random,default,2,2.7089026839588315
shift,2,Random,default,3,3.0549808585014198
shift,2,Random,default,4,4.117244281523167
shift,2,Random,default,5,6.866372328248499
shift,2,Random,default,6,8.594357969877649
shift,2,Random,default,7,13.289839584348089
shift,2,Random,default,8,13.538134272242287
shift,2,Random,default,9,16.699679293385614
shift,2,Random,default,10,16.995037377849805
shift,2,Random,default,11,23.57889707076353
shift,2,Random,default,12,23.780008480636322
shift,2,Random,default,13,23.9903930163651
shift,2,Random,default,14,24.159521143429725
shift,2,Random,default,15,24.159521143429725
shift,2,Random,default,16,24.37383723563643
shift,2,Random,default,17,24.769341451305888
shift,2,Random,default,18,24.974497963020912
shift,2,Random,default,19,25.030270427713557
shift,2,Random,default,20,35.410740119962085
shift,2,Random,default,21,37.755117962024215
shift,2,Random,default,22,47.56924772645726
shift,2,Random,default,23,55.866539403332084
shift,2,Random,default,24,59.87342228182549
shift,2,Random,default,25,59.87342228182549
shift,2,Random,default,26,64.77357310232034
shift,2,Random,default,27,74.93454156683035
shift,2,Random,default,28,81.28457497001003
shift,2,Random,default,29,84.7678301350991
shift,2,Random,default,30,95.08972332335017
shift,2,Random,default,31,105.65724305296149
shift,2,Random,default,32,121.11687539248392
shift,2,Random,default,33,123.9274431219158
shift,2,Random,default,34,133.51893938640845
shift,2,Random,default,35,141.00736605061815
shift,2,Random,default,36,152.46206261769532
shift,2,Random,default,37,154.1156498490557
shift,2,Random,default,38,157.0773336636225
shift,2,Random,default,39,173.0192527263901
shift,2,Random,default,40,185.1661354521944
shift,2,Random,default,41,187.74221758315534
shift,2,Random,default,42,196.5303640426739
shift,2,Random,default,43,204.97190962314332
shift,2,Random,default,44,212.1847879577649
shift,2,Random,default,45,223.98292368920576
shift,2,Random,default,46,233.68017252169022
shift,2,Random,default,47,236.04529649823056
shift,2,Random,default,48,243.28023028531038
shift,2,Random,default,49,252.17573244970123
shift,2,Random,default,50,252.17573244970123
shift,2,Random,default,51,258.01440722235094
shift,2,Random,default,52,268.66574332737656
shift,2,Random,default,53,277.1175629817607
shift,2,Random,default,54,285.890209645344
shift,2,Random,default,55,295.33524190746255
shift,2,Random,default,56,295.33524190746255
shift,2,Random,default,57,302.6710133715689
shift,2,Random,default,58,304.58011122674225
shift,2,Random,default,59,311.3550658318326
shift,2,Random,default,60,311.3550658318326
shift,2,Random,default,61,312.9439614354609
shift,2,Random,default,62,313.92327317223624
shift,2,Random,default,63,318.3480361865284
shift,2,Random,default,64,318.3480361865284
shift,2,Random,default,65,327.7969622821194
shift,2,Random,default,66,329.9996028794119
shift,2,Random,default,67,337.4986195309587
shift,2,Random,default,68,337.4986195309587
shift,2,Random,default,69,344.30652394976687
shift,2,Random,default,70,350.3781164071364
shift,2,Random,default,71,362.0540353918424
shift,2,Random,default,72,376.5320302448882
shift,2,Random,default,73,384.009065152526
shift,2,Random,default,74,384.009065152526
shift,2,Random,default,75,384.009065152526
shift,2,Random,default,76,389.4385270011003
shift,2,Random,default,77,400.3295232186037
shift,2,Random,default,78,404.19474599095923
shift,2,Random,default,79,407.3389366318208
shift,2,Random,default,80,407.56842599247426
shift,2,Random,default,81,408.283117938533
shift,2,Random,default,82,408.3512072625847
shift,2,Random,default,83,408.3512072625847
shift,2,Random,default,84,408.4485027168308
shift,2,Random,default,85,408.51102160145325
shift,2,Random,default,86,408.7581346494381
shift,2,Random,default,87,412.7955748236149
shift,2,Random,default,88,419.87476652590016
shift,2,Random,default,89,419.87476652590016
shift,2,Random,default,90,420.31721605491384
shift,2,Random,default,91,420.3356932077291
shift,2,Random,default,92,420.3356932077291
shift,2,Random,default,93,420.43098778192206
shift,2,Random,default,94,423.653290748136
shift,2,Random,default,95,424.46122083460745
shift,2,Random,default,96,424.7390364317504
shift,2,Random,default,97,425.2102775188455
shift,2,Random,default,98,425.74309688704324
shift,2,Random,default,99,426.3105990596931
shift,2,LinUCB_Vanilla,alpha=0.1|lambda_reg=50|use_momentum=False,0,7.232585627761223
shift,2,LinUCB_Vanilla,alpha=0.1|lambda_reg=50|use_momentum=False,1,8.00910116631626
shift,2,LinUCB_Vanilla,alpha=0.1|lambda_reg=50|use_momentum=False,2,12.607248307107453
shift,2,LinUCB_Vanilla,alpha=0.1|lambda_reg=50|use_momentum=False,3,12.732940652067748
shift,2,LinUCB_Vanilla,alpha=0.1|lambda_reg=50|use_momentum=False,4,15.062923300013562
shift,2,LinUCB_Vanilla,alpha=0.1|lambda_reg=50|use_momentum=False,5,15.062923300013562
shift,2,LinUCB_Vanilla,alpha=0.1|lambda_reg=50|use_momentum=False,6,15.29832131524288
shift,2,LinUCB_Vanilla,alpha=0.1|lambda_reg=50|use_momentum=False,7,15.633079040849633
shift,2,LinUCB_Vanilla,alpha=0.1|lambda_reg=50|use_momentum=False,8,15.947224305173904
shift,2,LinUCB_Vanilla,alpha=0.1|lambda_reg=50|use_momentum=False,9,15.952259492592706
shift,2,LinUCB_Vanilla,alpha=0.1|lambda_reg=50|use_momentum=False,10,16.084911883469236
shift,2,LinUCB_Vanilla,alpha=0.1|lambda_reg=50|use_momentum=False,11,16.12621126415761
shift,2,LinUCB_Vanilla,alpha=0.1|lambda_reg=50|use_momentum=False,12,16.242927718360075
shift,2,LinUCB_Vanilla,alpha=0.1|lambda_reg=50|use_momentum=False,13,16.30352124022321
shift,2,LinUCB_Vanilla,alpha=0.1|lambda_reg=50|use_momentum=False,14,16.316771567247372
shift,2,LinUCB_Vanilla,alpha=0.1|lambda_reg=50|use_momentum=False,15,16.382995075154078
shift,2,LinUCB_Vanilla,alpha=0.1|lambda_reg=50|use_momentum=False,16,17.03424039955783
shift,2,LinUCB_Vanilla,alpha=0.1|lambda_reg=50|use_momentum=False,17,17.142135089388216
shift,2,LinUCB_Vanilla,alpha=0.1|lambda_reg=50|use_momentum=False,18,17.65261271450928
shift,2,LinUCB_Vanilla,alpha=0.1|lambda_reg=50|use_momentum=False,19,17.65261271450928
shift,2,LinUCB_Vanilla,alpha=0.1|lambda_reg=50|use_momentum=False,20,28.7309448887882
shift,2,LinUCB_Vanilla,alpha=0.1|lambda_reg=50|use_momentum=False,21,39.93929272272277
shift,2,LinUCB_Vanilla,alpha=0.1|lambda_reg=50|use_momentum=False,22,47.198342951831165
shift,2,LinUCB_Vanilla,alpha=0.1|lambda_reg=50|use_momentum=False,23,55.27111396607451
shift,2,LinUCB_Vanilla,alpha=0.1|lambda_reg=50|use_momentum=False,24,59.967322819470255
shift,2,LinUCB_Vanilla,alpha=0.1|lambda_reg=50|use_momentum=False,25,75.59513830211768
shift,2,LinUCB_Vanilla,alpha=0.1|lambda_reg=50|use_momentum=False,26,92.07786297132405
shift,2,LinUCB_Vanilla,alpha=0.1|lambda_reg=50|use_momentum=False,27,102.34876361447962
shift,2,LinUCB_Vanilla,alpha=0.1|lambda_reg=50|use_momentum=False,28,104.07371109821337
shift,2,LinUCB_Vanilla,alpha=0.1|lambda_reg=50|use_momentum=False,29,107.21269034083187
shift,2,LinUCB_Vanilla,alpha=0.1|lambda_reg=50|use_momentum=False,30,108.7959177429316
shift,2,LinUCB_Vanilla,alpha=0.1|lambda_reg=50|use_momentum=False,31,108.7959177429316
shift,2,LinUCB_Vanilla,alpha=0.1|lambda_reg=50|use_momentum=False,32,124.63921640559197
shift,2,LinUCB_Vanilla,alpha=0.1|lambda_reg=50|use_momentum=False,33,139.4388183864787
shift,2,LinUCB_Vanilla,alpha=0.1|lambda_reg=50|use_momentum=False,34,146.88352908784634
shift,2,LinUCB_Vanilla,alpha=0.1|lambda_reg=50|use_momentum=False,35,147.9129070173575
shift,2,LinUCB_Vanilla,alpha=0.1|lambda_reg=50|use_momentum=False,36,147.9129070173575
shift,2,LinUCB_Vanilla,alpha=0.1|lambda_reg=50|use_momentum=False,37,150.55299245189505
shift,2,LinUCB_Vanilla,alpha=0.1|lambda_reg=50|use_momentum=False,38,158.3712314542051
shift,2,LinUCB_Vanilla,alpha=0.1|lambda_reg=50|use_momentum=False,39,174.02319770097802
shift,2,LinUCB_Vanilla,alpha=0.1|lambda_reg=50|use_momentum=False,40,186.1700804267823
shift,2,LinUCB_Vanilla,alpha=0.1|lambda_reg=50|use_momentum=False,41,195.4264211667129
shift,2,LinUCB_Vanilla,alpha=0.1|lambda_reg=50|use_momentum=False,42,203.6937572457536
shift,2,LinUCB_Vanilla,alpha=0.1|lambda_reg=50|use_momentum=False,43,205.4955024108615
shift,2,LinUCB_Vanilla,alpha=0.1|lambda_reg=50|use_momentum=False,44,212.96462826611958
shift,2,LinUCB_Vanilla,alpha=0.1|lambda_reg=50|use_momentum=False,45,212.96462826611958
shift,2,LinUCB_Vanilla,alpha=0.1|lambda_reg=50|use_momentum=False,46,214.8369704916378
shift,2,LinUCB_Vanilla,alpha=0.1|lambda_reg=50|use_momentum=False,47,214.8369704916378
shift,2,LinUCB_Vanilla,alpha=0.1|lambda_reg=50|use_momentum=False,48,217.0664401078638
shift,2,LinUCB_Vanilla,alpha=0.1|lambda_reg=50|use_momentum=False,49,224.11614952034722
shift,2,LinUCB_Vanilla,alpha=0.1|lambda_reg=50|use_momentum=False,50,234.34898989255564
shift,2,LinUCB_Vanilla,alpha=0.1|lambda_reg=50|use_momentum=False,51,239.61526089120312
shift,2,LinUCB_Vanilla,alpha=0.1|lambda_reg=50|use_momentum=False,52,241.73054245701698
shift,2,LinUCB_Vanilla,alpha=0.1|lambda_reg=50|use_momentum=False,53,241.73054245701698
shift,2,LinUCB_Vanilla,alpha=0.1|lambda_reg=50|use_momentum=False,54,250.50318912060024
shift,2,LinUCB_Vanilla,alpha=0.1|lambda_reg=50|use_momentum=False,55,250.50318912060024
shift,2,LinUCB_Vanilla,alpha=0.1|lambda_reg=50|use_momentum=False,56,250.50318912060024
shift,2,LinUCB_Vanilla,alpha=0.1|lambda_reg=50|use_momentum=False,57,251.6249814161762
shift,2,LinUCB_Vanilla,alpha=0.1|lambda_reg=50|use_momentum=False,58,253.53407927134953
shift,2,LinUCB_Vanilla,alpha=0.1|lambda_reg=50|use_momentum=False,59,261.1240864374991
shift,2,LinUCB_Vanilla,alpha=0.1|lambda_reg=50|use_momentum=False,60,264.38233067592995
shift,2,LinUCB_Vanilla,alpha=0.1|lambda_reg=50|use_momentum=False,61,264.38233067592995
shift,2,LinUCB_Vanilla,alpha=0.1|lambda_reg=50|use_momentum=False,62,269.2631970748821
shift,2,LinUCB_Vanilla,alpha=0.1|lambda_reg=50|use_momentum=False,63,269.5836489325372
shift,2,LinUCB_Vanilla,alpha=0.1|lambda_reg=50|use_momentum=False,64,280.4008610611792
shift,2,LinUCB_Vanilla,alpha=0.1|lambda_reg=50|use_momentum=False,65,289.33775654724104
shift,2,LinUCB_Vanilla,alpha=0.1|lambda_reg=50|use_momentum=False,66,300.3651886627225
shift,2,LinUCB_Vanilla,alpha=0.1|lambda_reg=50|use_momentum=False,67,307.7100917572789
shift,2,LinUCB_Vanilla,alpha=0.1|lambda_reg=50|use_momentum=False,68,309.4514156352704
shift,2,LinUCB_Vanilla,alpha=0.1|lambda_reg=50|use_momentum=False,69,314.73617304500215
shift,2,LinUCB_Vanilla,alpha=0.1|lambda_reg=50|use_momentum=False,70,320.48699634284634
shift,2,LinUCB_Vanilla,alpha=0.1|lambda_reg=50|use_momentum=False,71,332.16291532755224
shift,2,LinUCB_Vanilla,alpha=0.1|lambda_reg=50|use_momentum=False,72,332.16291532755224
shift,2,LinUCB_Vanilla,alpha=0.1|lambda_reg=50|use_momentum=False,73,340.42863304292547
shift,2,LinUCB_Vanilla,alpha=0.1|lambda_reg=50|use_momentum=False,74,342.6085501612602
shift,2,LinUCB_Vanilla,alpha=0.1|lambda_reg=50|use_momentum=False,75,344.54200740776395
shift,2,LinUCB_Vanilla,alpha=0.1|lambda_reg=50|use_momentum=False,76,344.54200740776395
shift,2,LinUCB_Vanilla,alpha=0.1|lambda_reg=50|use_momentum=False,77,352.68565508525404
shift,2,LinUCB_Vanilla,alpha=0.1|lambda_reg=50|use_momentum=False,78,366.3103937435147
shift,2,LinUCB_Vanilla,alpha=0.1|lambda_reg=50|use_momentum=False,79,369.45458438437623
shift,2,LinUCB_Vanilla,alpha=0.1|lambda_reg=50|use_momentum=False,80,370.13078568829155
shift,2,LinUCB_Vanilla,alpha=0.1|lambda_reg=50|use_momentum=False,81,370.8454776343503
shift,2,LinUCB_Vanilla,alpha=0.1|lambda_reg=50|use_momentum=False,82,371.4108896762502
shift,2,LinUCB_Vanilla,alpha=0.1|lambda_reg=50|use_momentum=False,83,372.21629142056
shift,2,LinUCB_Vanilla,alpha=0.1|lambda_reg=50|use_momentum=False,84,372.6882122238924
shift,2,LinUCB_Vanilla,alpha=0.1|lambda_reg=50|use_momentum=False,85,372.7951960225631
shift,2,LinUCB_Vanilla,alpha=0.1|lambda_reg=50|use_momentum=False,86,373.1781065504198
shift,2,LinUCB_Vanilla,alpha=0.1|lambda_reg=50|use_momentum=False,87,374.09578727009944
shift,2,LinUCB_Vanilla,alpha=0.1|lambda_reg=50|use_momentum=False,88,374.6411229140987
shift,2,LinUCB_Vanilla,alpha=0.1|lambda_reg=50|use_momentum=False,89,375.54818465459465
shift,2,LinUCB_Vanilla,alpha=0.1|lambda_reg=50|use_momentum=False,90,376.10061228764596
shift,2,LinUCB_Vanilla,alpha=0.1|lambda_reg=50|use_momentum=False,91,376.56276758521653
shift,2,LinUCB_Vanilla,alpha=0.1|lambda_reg=50|use_momentum=False,92,377.086832600174
shift,2,LinUCB_Vanilla,alpha=0.1|lambda_reg=50|use_momentum=False,93,377.59936137790146
shift,2,LinUCB_Vanilla,alpha=0.1|lambda_reg=50|use_momentum=False,94,377.9804147090579
shift,2,LinUCB_Vanilla,alpha=0.1|lambda_reg=50|use_momentum=False,95,378.7883447955294
shift,2,LinUCB_Vanilla,alpha=0.1|lambda_reg=50|use_momentum=False,96,379.54138807129465
shift,2,LinUCB_Vanilla,alpha=0.1|lambda_reg=50|use_momentum=False,97,380.0331931779046
shift,2,LinUCB_Vanilla,alpha=0.1|lambda_reg=50|use_momentum=False,98,380.6253160131159
shift,2,LinUCB_Vanilla,alpha=0.1|lambda_reg=50|use_momentum=False,99,381.19281818576576
shift,2,LinUCB_Vanilla,alpha=0.1|lambda_reg=100|use_momentum=False,0,7.232585627761223
shift,2,LinUCB_Vanilla,alpha=0.1|lambda_reg=100|use_momentum=False,1,8.00910116631626
shift,2,LinUCB_Vanilla,alpha=0.1|lambda_reg=100|use_momentum=False,2,12.607248307107453
shift,2,LinUCB_Vanilla,alpha=0.1|lambda_reg=100|use_momentum=False,3,12.732940652067748
shift,2,LinUCB_Vanilla,alpha=0.1|lambda_reg=100|use_momentum=False,4,15.062923300013562
shift,2,LinUCB_Vanilla,alpha=0.1|lambda_reg=100|use_momentum=False,5,15.062923300013562
shift,2,LinUCB_Vanilla,alpha=0.1|lambda_reg=100|use_momentum=False,6,15.29832131524288
shift,2,LinUCB_Vanilla,alpha=0.1|lambda_reg=100|use_momentum=False,7,15.633079040849633
shift,2,LinUCB_Vanilla,alpha=0.1|lambda_reg=100|use_momentum=False,8,15.947224305173904
shift,2,LinUCB_Vanilla,alpha=0.1|lambda_reg=100|use_momentum=False,9,15.952259492592706
shift,2,LinUCB_Vanilla,alpha=0.1|lambda_reg=100|use_momentum=False,10,16.084911883469236
shift,2,LinUCB_Vanilla,alpha=0.1|lambda_reg=100|use_momentum=False,11,16.12621126415761
shift,2,LinUCB_Vanilla,alpha=0.1|lambda_reg=100|use_momentum=False,12,16.242927718360075
shift,2,LinUCB_Vanilla,alpha=0.1|lambda_reg=100|use_momentum=False,13,17.060060164410604
shift,2,LinUCB_Vanilla,alpha=0.1|lambda_reg=100|use_momentum=False,14,17.073310491434768
shift,2,LinUCB_Vanilla,alpha=0.1|lambda_reg=100|use_momentum=False,15,17.139533999341474
shift,2,LinUCB_Vanilla,alpha=0.1|lambda_reg=100|use_momentum=False,16,17.290551571877177
shift,2,LinUCB_Vanilla,alpha=0.1|lambda_reg=100|use_momentum=False,17,17.398446261707562
shift,2,LinUCB_Vanilla,alpha=0.1|lambda_reg=100|use_momentum=False,18,17.908923886828624
shift,2,LinUCB_Vanilla,alpha=0.1|lambda_reg=100|use_momentum=False,19,17.908923886828624
shift,2,LinUCB_Vanilla,alpha=0.1|lambda_reg=100|use_momentum=False,20,28.987256061107544
shift,2,LinUCB_Vanilla,alpha=0.1|lambda_reg=100|use_momentum=False,21,40.19560389504211
shift,2,LinUCB_Vanilla,alpha=0.1|lambda_reg=100|use_momentum=False,22,47.45465412415051
shift,2,LinUCB_Vanilla,alpha=0.1|lambda_reg=100|use_momentum=False,23,55.52742513839385
shift,2,LinUCB_Vanilla,alpha=0.1|lambda_reg=100|use_momentum=False,24,60.2236339917896
shift,2,LinUCB_Vanilla,alpha=0.1|lambda_reg=100|use_momentum=False,25,71.40129689199766
shift,2,LinUCB_Vanilla,alpha=0.1|lambda_reg=100|use_momentum=False,26,87.88402156120404
shift,2,LinUCB_Vanilla,alpha=0.1|lambda_reg=100|use_momentum=False,27,90.90436864184252
shift,2,LinUCB_Vanilla,alpha=0.1|lambda_reg=100|use_momentum=False,28,97.69841003333762
shift,2,LinUCB_Vanilla,alpha=0.1|lambda_reg=100|use_momentum=False,29,101.61400016061317
shift,2,LinUCB_Vanilla,alpha=0.1|lambda_reg=100|use_momentum=False,30,103.1972275627129
shift,2,LinUCB_Vanilla,alpha=0.1|lambda_reg=100|use_momentum=False,31,103.1972275627129
shift,2,LinUCB_Vanilla,alpha=0.1|lambda_reg=100|use_momentum=False,32,117.96128878261659
shift,2,LinUCB_Vanilla,alpha=0.1|lambda_reg=100|use_momentum=False,33,120.77185651204847
shift,2,LinUCB_Vanilla,alpha=0.1|lambda_reg=100|use_momentum=False,34,130.7488977008292
shift,2,LinUCB_Vanilla,alpha=0.1|lambda_reg=100|use_momentum=False,35,130.7488977008292
shift,2,LinUCB_Vanilla,alpha=0.1|lambda_reg=100|use_momentum=False,36,141.20115592924353
shift,2,LinUCB_Vanilla,alpha=0.1|lambda_reg=100|use_momentum=False,37,150.4095331394698
shift,2,LinUCB_Vanilla,alpha=0.1|lambda_reg=100|use_momentum=False,38,153.3712169540366
shift,2,LinUCB_Vanilla,alpha=0.1|lambda_reg=100|use_momentum=False,39,169.02318320080954
shift,2,LinUCB_Vanilla,alpha=0.1|lambda_reg=100|use_momentum=False,40,181.1700659266138
shift,2,LinUCB_Vanilla,alpha=0.1|lambda_reg=100|use_momentum=False,41,188.54853182823757
shift,2,LinUCB_Vanilla,alpha=0.1|lambda_reg=100|use_momentum=False,42,197.33667828775614
shift,2,LinUCB_Vanilla,alpha=0.1|lambda_reg=100|use_momentum=False,43,206.31793238055158
shift,2,LinUCB_Vanilla,alpha=0.1|lambda_reg=100|use_momentum=False,44,207.20036291683454
shift,2,LinUCB_Vanilla,alpha=0.1|lambda_reg=100|use_momentum=False,45,207.20036291683454
shift,2,LinUCB_Vanilla,alpha=0.1|lambda_reg=100|use_momentum=False,46,207.20036291683454
shift,2,LinUCB_Vanilla,alpha=0.1|lambda_reg=100|use_momentum=False,47,209.56548689337487
shift,2,LinUCB_Vanilla,alpha=0.1|lambda_reg=100|use_momentum=False,48,216.95015040447691
shift,2,LinUCB_Vanilla,alpha=0.1|lambda_reg=100|use_momentum=False,49,218.35215698371783
shift,2,LinUCB_Vanilla,alpha=0.1|lambda_reg=100|use_momentum=False,50,228.58499735592625
shift,2,LinUCB_Vanilla,alpha=0.1|lambda_reg=100|use_momentum=False,51,230.42857032104874
shift,2,LinUCB_Vanilla,alpha=0.1|lambda_reg=100|use_momentum=False,52,239.60877327977093
shift,2,LinUCB_Vanilla,alpha=0.1|lambda_reg=100|use_momentum=False,53,239.60877327977093
shift,2,LinUCB_Vanilla,alpha=0.1|lambda_reg=100|use_momentum=False,54,240.7976752348522
shift,2,LinUCB_Vanilla,alpha=0.1|lambda_reg=100|use_momentum=False,55,249.61982858144748
shift,2,LinUCB_Vanilla,alpha=0.1|lambda_reg=100|use_momentum=False,56,258.0834177827798
shift,2,LinUCB_Vanilla,alpha=0.1|lambda_reg=100|use_momentum=False,57,265.11048650111303
shift,2,LinUCB_Vanilla,alpha=0.1|lambda_reg=100|use_momentum=False,58,265.11048650111303
shift,2,LinUCB_Vanilla,alpha=0.1|lambda_reg=100|use_momentum=False,59,271.88544110620336
shift,2,LinUCB_Vanilla,alpha=0.1|lambda_reg=100|use_momentum=False,60,275.1436853446342
shift,2,LinUCB_Vanilla,alpha=0.1|lambda_reg=100|use_momentum=False,61,275.1436853446342
shift,2,LinUCB_Vanilla,alpha=0.1|lambda_reg=100|use_momentum=False,62,276.12299708140955
shift,2,LinUCB_Vanilla,alpha=0.1|lambda_reg=100|use_momentum=False,63,280.54776009570173
shift,2,LinUCB_Vanilla,alpha=0.1|lambda_reg=100|use_momentum=False,64,291.20760137205
shift,2,LinUCB_Vanilla,alpha=0.1|lambda_reg=100|use_momentum=False,65,299.2484796616863
shift,2,LinUCB_Vanilla,alpha=0.1|lambda_reg=100|use_momentum=False,66,310.2137667540445
shift,2,LinUCB_Vanilla,alpha=0.1|lambda_reg=100|use_momentum=False,67,317.7244967423823
shift,2,LinUCB_Vanilla,alpha=0.1|lambda_reg=100|use_momentum=False,68,323.44981694474666
shift,2,LinUCB_Vanilla,alpha=0.1|lambda_reg=100|use_momentum=False,69,330.3016245762254
shift,2,LinUCB_Vanilla,alpha=0.1|lambda_reg=100|use_momentum=False,70,331.86037118136676
shift,2,LinUCB_Vanilla,alpha=0.1|lambda_reg=100|use_momentum=False,71,331.86037118136676
shift,2,LinUCB_Vanilla,alpha=0.1|lambda_reg=100|use_momentum=False,72,349.87505915533427
shift,2,LinUCB_Vanilla,alpha=0.1|lambda_reg=100|use_momentum=False,73,351.5953898696259
shift,2,LinUCB_Vanilla,alpha=0.1|lambda_reg=100|use_momentum=False,74,357.44397446713907
shift,2,LinUCB_Vanilla,alpha=0.1|lambda_reg=100|use_momentum=False,75,365.50009302417675
shift,2,LinUCB_Vanilla,alpha=0.1|lambda_reg=100|use_momentum=False,76,365.50009302417675
shift,2,LinUCB_Vanilla,alpha=0.1|lambda_reg=100|use_momentum=False,77,368.452157814984
shift,2,LinUCB_Vanilla,alpha=0.1|lambda_reg=100|use_momentum=False,78,379.32073403942593
shift,2,LinUCB_Vanilla,alpha=0.1|lambda_reg=100|use_momentum=False,79,382.4649246802875
shift,2,LinUCB_Vanilla,alpha=0.1|lambda_reg=100|use_momentum=False,80,382.69441404094096
shift,2,LinUCB_Vanilla,alpha=0.1|lambda_reg=100|use_momentum=False,81,382.8980619140658
shift,2,LinUCB_Vanilla,alpha=0.1|lambda_reg=100|use_momentum=False,82,382.9911678135729
shift,2,LinUCB_Vanilla,alpha=0.1|lambda_reg=100|use_momentum=False,83,383.1559095319395
shift,2,LinUCB_Vanilla,alpha=0.1|lambda_reg=100|use_momentum=False,84,383.79303538837087
shift,2,LinUCB_Vanilla,alpha=0.1|lambda_reg=100|use_momentum=False,85,383.95316458494057
shift,2,LinUCB_Vanilla,alpha=0.1|lambda_reg=100|use_momentum=False,86,384.13157338499303
shift,2,LinUCB_Vanilla,alpha=0.1|lambda_reg=100|use_momentum=False,87,384.26660495192976
shift,2,LinUCB_Vanilla,alpha=0.1|lambda_reg=100|use_momentum=False,88,384.5129160742931
shift,2,LinUCB_Vanilla,alpha=0.1|lambda_reg=100|use_momentum=False,89,384.63530551437486
shift,2,LinUCB_Vanilla,alpha=0.1|lambda_reg=100|use_momentum=False,90,384.78715735741633
shift,2,LinUCB_Vanilla,alpha=0.1|lambda_reg=100|use_momentum=False,91,384.88843866358934
shift,2,LinUCB_Vanilla,alpha=0.1|lambda_reg=100|use_momentum=False,92,385.0844650936834
shift,2,LinUCB_Vanilla,alpha=0.1|lambda_reg=100|use_momentum=False,93,385.1683633426714
shift,2,LinUCB_Vanilla,alpha=0.1|lambda_reg=100|use_momentum=False,94,385.2627764474833
shift,2,LinUCB_Vanilla,alpha=0.1|lambda_reg=100|use_momentum=False,95,385.38974597569364
shift,2,LinUCB_Vanilla,alpha=0.1|lambda_reg=100|use_momentum=False,96,385.49610537081855
shift,2,LinUCB_Vanilla,alpha=0.1|lambda_reg=100|use_momentum=False,97,385.6098939241575
shift,2,LinUCB_Vanilla,alpha=0.1|lambda_reg=100|use_momentum=False,98,385.7845868714669
shift,2,LinUCB_Vanilla,alpha=0.1|lambda_reg=100|use_momentum=False,99,386.03781504321137
shift,2,Thompson_Sampling,prior_lambda=0.1,0,3.6389875047693554
shift,2,Thompson_Sampling,prior_lambda=0.1,1,7.112386101231866
shift,2,Thompson_Sampling,prior_lambda=0.1,2,7.641503335874169
shift,2,Thompson_Sampling,prior_lambda=0.1,3,7.825741140471611
shift,2,Thompson_Sampling,prior_lambda=0.1,4,7.928570557470662
shift,2,Thompson_Sampling,prior_lambda=0.1,5,7.928570557470662
shift,2,Thompson_Sampling,prior_lambda=0.1,6,9.65655619909981
shift,2,Thompson_Sampling,prior_lambda=0.1,7,9.792953216033371
shift,2,Thompson_Sampling,prior_lambda=0.1,8,15.215028206134182
shift,2,Thompson_Sampling,prior_lambda=0.1,9,15.220063393552984
shift,2,Thompson_Sampling,prior_lambda=0.1,10,15.343964152126581
shift,2,Thompson_Sampling,prior_lambda=0.1,11,15.850580876569085
shift,2,Thompson_Sampling,prior_lambda=0.1,12,16.411109391560117
shift,2,Thompson_Sampling,prior_lambda=0.1,13,16.621493927288896
shift,2,Thompson_Sampling,prior_lambda=0.1,14,16.78287618909422
shift,2,Thompson_Sampling,prior_lambda=0.1,15,17.355468478884234
shift,2,Thompson_Sampling,prior_lambda=0.1,16,17.496345457007912
shift,2,Thompson_Sampling,prior_lambda=0.1,17,17.588968616362063
shift,2,Thompson_Sampling,prior_lambda=0.1,18,17.794125128077088
shift,2,Thompson_Sampling,prior_lambda=0.1,19,17.794125128077088
shift,2,Thompson_Sampling,prior_lambda=0.1,20,28.17459482032562
shift,2,Thompson_Sampling,prior_lambda=0.1,21,38.959521010691205
shift,2,Thompson_Sampling,prior_lambda=0.1,22,44.28534830593869
shift,2,Thompson_Sampling,prior_lambda=0.1,23,46.06387917222598
shift,2,Thompson_Sampling,prior_lambda=0.1,24,50.39570073211655
shift,2,Thompson_Sampling,prior_lambda=0.1,25,66.02351621476399
shift,2,Thompson_Sampling,prior_lambda=0.1,26,82.14911786359873
shift,2,Thompson_Sampling,prior_lambda=0.1,27,92.94902162788173
shift,2,Thompson_Sampling,prior_lambda=0.1,28,99.43566990558267
shift,2,Thompson_Sampling,prior_lambda=0.1,29,104.03142580932905
shift,2,Thompson_Sampling,prior_lambda=0.1,30,111.49215761140943
shift,2,Thompson_Sampling,prior_lambda=0.1,31,123.46605235964992
shift,2,Thompson_Sampling,prior_lambda=0.1,32,138.23011357955363
shift,2,Thompson_Sampling,prior_lambda=0.1,33,152.78757231155745
shift,2,Thompson_Sampling,prior_lambda=0.1,34,161.82549301632858
shift,2,Thompson_Sampling,prior_lambda=0.1,35,168.80519017508803
shift,2,Thompson_Sampling,prior_lambda=0.1,36,179.7179803478891
shift,2,Thompson_Sampling,prior_lambda=0.1,37,179.7179803478891
shift,2,Thompson_Sampling,prior_lambda=0.1,38,187.83853609442318
shift,2,Thompson_Sampling,prior_lambda=0.1,39,191.9028716179912
shift,2,Thompson_Sampling,prior_lambda=0.1,40,195.1419285966354
shift,2,Thompson_Sampling,prior_lambda=0.1,41,202.52039449825918
shift,2,Thompson_Sampling,prior_lambda=0.1,42,210.91205689898953
shift,2,Thompson_Sampling,prior_lambda=0.1,43,218.78655263718525
shift,2,Thompson_Sampling,prior_lambda=0.1,44,226.39833157232627
shift,2,Thompson_Sampling,prior_lambda=0.1,45,238.45434225600877
shift,2,Thompson_Sampling,prior_lambda=0.1,46,248.4925388305115
shift,2,Thompson_Sampling,prior_lambda=0.1,47,250.10111523252513
shift,2,Thompson_Sampling,prior_lambda=0.1,48,250.10111523252513
shift,2,Thompson_Sampling,prior_lambda=0.1,49,260.10602337612994
shift,2,Thompson_Sampling,prior_lambda=0.1,50,269.3362242598567
shift,2,Thompson_Sampling,prior_lambda=0.1,51,275.1748990325064
shift,2,Thompson_Sampling,prior_lambda=0.1,52,286.31310253408884
shift,2,Thompson_Sampling,prior_lambda=0.1,53,293.8562784741725
shift,2,Thompson_Sampling,prior_lambda=0.1,54,303.40471718574133
shift,2,Thompson_Sampling,prior_lambda=0.1,55,305.7503440448726
shift,2,Thompson_Sampling,prior_lambda=0.1,56,314.17046306917496
shift,2,Thompson_Sampling,prior_lambda=0.1,57,315.29225536475093
shift,2,Thompson_Sampling,prior_lambda=0.1,58,324.0374970671937
shift,2,Thompson_Sampling,prior_lambda=0.1,59,325.3724240520304
shift,2,Thompson_Sampling,prior_lambda=0.1,60,335.71664217217085
shift,2,Thompson_Sampling,prior_lambda=0.1,61,346.47383189129505
shift,2,Thompson_Sampling,prior_lambda=0.1,62,351.82326730114926
shift,2,Thompson_Sampling,prior_lambda=0.1,63,352.14371915880434
shift,2,Thompson_Sampling,prior_lambda=0.1,64,352.14371915880434
shift,2,Thompson_Sampling,prior_lambda=0.1,65,361.76244311879054
shift,2,Thompson_Sampling,prior_lambda=0.1,66,372.789875234272
shift,2,Thompson_Sampling,prior_lambda=0.1,67,372.789875234272
shift,2,Thompson_Sampling,prior_lambda=0.1,68,374.5311991122635
shift,2,Thompson_Sampling,prior_lambda=0.1,69,381.4043247293176
shift,2,Thompson_Sampling,prior_lambda=0.1,70,382.96307133445896
shift,2,Thompson_Sampling,prior_lambda=0.1,71,394.1673750276989
shift,2,Thompson_Sampling,prior_lambda=0.1,72,397.7641640585569
shift,2,Thompson_Sampling,prior_lambda=0.1,73,400.0269294022658
shift,2,Thompson_Sampling,prior_lambda=0.1,74,407.0613933970776
shift,2,Thompson_Sampling,prior_lambda=0.1,75,409.8858797605697
shift,2,Thompson_Sampling,prior_lambda=0.1,76,410.8304394998703
shift,2,Thompson_Sampling,prior_lambda=0.1,77,412.4684906836267
shift,2,Thompson_Sampling,prior_lambda=0.1,78,425.66849732708505
shift,2,Thompson_Sampling,prior_lambda=0.1,79,425.66849732708505
shift,2,Thompson_Sampling,prior_lambda=0.1,80,425.8929598526395
shift,2,Thompson_Sampling,prior_lambda=0.1,81,429.8254211290737
shift,2,Thompson_Sampling,prior_lambda=0.1,82,429.91852702858074
shift,2,Thompson_Sampling,prior_lambda=0.1,83,430.0832687469474
shift,2,Thompson_Sampling,prior_lambda=0.1,84,439.43119854543056
shift,2,Thompson_Sampling,prior_lambda=0.1,85,443.5181328684852
shift,2,Thompson_Sampling,prior_lambda=0.1,86,444.45669609706107
shift,2,Thompson_Sampling,prior_lambda=0.1,87,444.87772183700145
shift,2,Thompson_Sampling,prior_lambda=0.1,88,444.96734088047083
shift,2,Thompson_Sampling,prior_lambda=0.1,89,445.48204262085153
shift,2,Thompson_Sampling,prior_lambda=0.1,90,448.8436521826057
shift,2,Thompson_Sampling,prior_lambda=0.1,91,453.1514466706685
shift,2,Thompson_Sampling,prior_lambda=0.1,92,454.10717917739
shift,2,Thompson_Sampling,prior_lambda=0.1,93,456.7925809189646
shift,2,Thompson_Sampling,prior_lambda=0.1,94,457.2744887846113
shift,2,Thompson_Sampling,prior_lambda=0.1,95,460.59519348910226
shift,2,Thompson_Sampling,prior_lambda=0.1,96,461.0386388975178
shift,2,Thompson_Sampling,prior_lambda=0.1,97,461.5098799846129
shift,2,Thompson_Sampling,prior_lambda=0.1,98,462.3399353876531
shift,2,Thompson_Sampling,prior_lambda=0.1,99,463.11758343128224
shift,2,Thompson_Sampling,prior_lambda=0.15,0,7.232585627761223
shift,2,Thompson_Sampling,prior_lambda=0.15,1,7.434524492238543
shift,2,Thompson_Sampling,prior_lambda=0.15,2,7.455198959439277
shift,2,Thompson_Sampling,prior_lambda=0.15,3,8.066923609158819
shift,2,Thompson_Sampling,prior_lambda=0.15,4,8.066923609158819
shift,2,Thompson_Sampling,prior_lambda=0.15,5,10.81605165588415
shift,2,Thompson_Sampling,prior_lambda=0.15,6,15.85654484154404
shift,2,Thompson_Sampling,prior_lambda=0.15,7,15.903867223714066
shift,2,Thompson_Sampling,prior_lambda=0.15,8,15.974169897403874
shift,2,Thompson_Sampling,prior_lambda=0.15,9,16.38098043476409
shift,2,Thompson_Sampling,prior_lambda=0.15,10,16.51363282564062
shift,2,Thompson_Sampling,prior_lambda=0.15,11,16.58112079823781
shift,2,Thompson_Sampling,prior_lambda=0.15,12,16.783887274334642
shift,2,Thompson_Sampling,prior_lambda=0.15,13,17.60101972038517
shift,2,Thompson_Sampling,prior_lambda=0.15,14,17.762401982190497
shift,2,Thompson_Sampling,prior_lambda=0.15,15,19.0378038714405
shift,2,Thompson_Sampling,prior_lambda=0.15,16,19.252119963647203
shift,2,Thompson_Sampling,prior_lambda=0.15,17,19.493751188663044
shift,2,Thompson_Sampling,prior_lambda=0.15,18,19.493751188663044
shift,2,Thompson_Sampling,prior_lambda=0.15,19,19.668854329303482
shift,2,Thompson_Sampling,prior_lambda=0.15,20,30.049324021552014
shift,2,Thompson_Sampling,prior_lambda=0.15,21,40.81885512293844
shift,2,Thompson_Sampling,prior_lambda=0.15,22,48.522911960609214
shift,2,Thompson_Sampling,prior_lambda=0.15,23,56.23558308149796
shift,2,Thompson_Sampling,prior_lambda=0.15,24,60.957094902984764
shift,2,Thompson_Sampling,prior_lambda=0.15,25,72.13475780319283
shift,2,Thompson_Sampling,prior_lambda=0.15,26,88.6174824723992
shift,2,Thompson_Sampling,prior_lambda=0.15,27,98.16561470634844
shift,2,Thompson_Sampling,prior_lambda=0.15,28,104.27370505979452
shift,2,Thompson_Sampling,prior_lambda=0.15,29,108.09937427621294
shift,2,Thompson_Sampling,prior_lambda=0.15,30,118.42126746446401
shift,2,Thompson_Sampling,prior_lambda=0.15,31,129.6447815246403
shift,2,Thompson_Sampling,prior_lambda=0.15,32,144.40884274454402
shift,2,Thompson_Sampling,prior_lambda=0.15,33,158.09861163134795
shift,2,Thompson_Sampling,prior_lambda=0.15,34,160.6483534054438
shift,2,Thompson_Sampling,prior_lambda=0.15,35,168.13678006965347
shift,2,Thompson_Sampling,prior_lambda=0.15,36,179.59147663673065
shift,2,Thompson_Sampling,prior_lambda=0.15,37,188.5830924322005
shift,2,Thompson_Sampling,prior_lambda=0.15,38,196.70364817873457
shift,2,Thompson_Sampling,prior_lambda=0.15,39,212.9212916438297
shift,2,Thompson_Sampling,prior_lambda=0.15,40,224.65804117694506
shift,2,Thompson_Sampling,prior_lambda=0.15,41,224.65804117694506
shift,2,Thompson_Sampling,prior_lambda=0.15,42,232.92537725598575
shift,2,Thompson_Sampling,prior_lambda=0.15,43,232.92537725598575
shift,2,Thompson_Sampling,prior_lambda=0.15,44,239.67880051689866
shift,2,Thompson_Sampling,prior_lambda=0.15,45,251.10090898251212
shift,2,Thompson_Sampling,prior_lambda=0.15,46,260.75394917868346
shift,2,Thompson_Sampling,prior_lambda=0.15,47,262.3625255806971
shift,2,Thompson_Sampling,prior_lambda=0.15,48,269.3967699206917
shift,2,Thompson_Sampling,prior_lambda=0.15,49,279.3858514454853
shift,2,Thompson_Sampling,prior_lambda=0.15,50,289.61869181769373
shift,2,Thompson_Sampling,prior_lambda=0.15,51,290.866196547635
shift,2,Thompson_Sampling,prior_lambda=0.15,52,290.866196547635
shift,2,Thompson_Sampling,prior_lambda=0.15,53,299.99889086353016
shift,2,Thompson_Sampling,prior_lambda=0.15,54,301.9125763462715
shift,2,Thompson_Sampling,prior_lambda=0.15,55,304.25820320540276
shift,2,Thompson_Sampling,prior_lambda=0.15,56,304.25820320540276
shift,2,Thompson_Sampling,prior_lambda=0.15,57,304.25820320540276
shift,2,Thompson_Sampling,prior_lambda=0.15,58,304.25820320540276
shift,2,Thompson_Sampling,prior_lambda=0.15,59,311.84821037155234
shift,2,Thompson_Sampling,prior_lambda=0.15,60,311.84821037155234
shift,2,Thompson_Sampling,prior_lambda=0.15,61,322.1666080001772
shift,2,Thompson_Sampling,prior_lambda=0.15,62,322.1666080001772
shift,2,Thompson_Sampling,prior_lambda=0.15,63,322.48705985783226
shift,2,Thompson_Sampling,prior_lambda=0.15,64,333.9133173232338
shift,2,Thompson_Sampling,prior_lambda=0.15,65,335.60207033268983
shift,2,Thompson_Sampling,prior_lambda=0.15,66,346.51577973916005
shift,2,Thompson_Sampling,prior_lambda=0.15,67,346.51577973916005
shift,2,Thompson_Sampling,prior_lambda=0.15,68,348.9692970974901
shift,2,Thompson_Sampling,prior_lambda=0.15,69,348.9692970974901
shift,2,Thompson_Sampling,prior_lambda=0.15,70,349.89855022466764
shift,2,Thompson_Sampling,prior_lambda=0.15,71,352.96030162154295
shift,2,Thompson_Sampling,prior_lambda=0.15,72,356.557090652401
shift,2,Thompson_Sampling,prior_lambda=0.15,73,356.557090652401
shift,2,Thompson_Sampling,prior_lambda=0.15,74,356.557090652401
shift,2,Thompson_Sampling,prior_lambda=0.15,75,364.439662398364
shift,2,Thompson_Sampling,prior_lambda=0.15,76,370.54525736561044
shift,2,Thompson_Sampling,prior_lambda=0.15,77,370.54525736561044
shift,2,Thompson_Sampling,prior_lambda=0.15,78,370.54525736561044
shift,2,Thompson_Sampling,prior_lambda=0.15,79,386.1528629798993
shift,2,Thompson_Sampling,prior_lambda=0.15,80,389.58447445557096
shift,2,Thompson_Sampling,prior_lambda=0.15,81,396.2511596644139
shift,2,Thompson_Sampling,prior_lambda=0.15,82,396.4070920399615
shift,2,Thompson_Sampling,prior_lambda=0.15,83,397.0172107495919
shift,2,Thompson_Sampling,prior_lambda=0.15,84,398.6578272486902
shift,2,Thompson_Sampling,prior_lambda=0.15,85,399.00556495793245
shift,2,Thompson_Sampling,prior_lambda=0.15,86,399.9441281865083
shift,2,Thompson_Sampling,prior_lambda=0.15,87,400.36515392644867
shift,2,Thompson_Sampling,prior_lambda=0.15,88,400.3745958749381
shift,2,Thompson_Sampling,prior_lambda=0.15,89,400.8892976153188
shift,2,Thompson_Sampling,prior_lambda=0.15,90,401.48439968192787
shift,2,Thompson_Sampling,prior_lambda=0.15,91,401.5856809881009
shift,2,Thompson_Sampling,prior_lambda=0.15,92,409.07096747020034
shift,2,Thompson_Sampling,prior_lambda=0.15,93,409.07096747020034
shift,2,Thompson_Sampling,prior_lambda=0.15,94,409.5528753358471
shift,2,Thompson_Sampling,prior_lambda=0.15,95,410.03514004622696
shift,2,Thompson_Sampling,prior_lambda=0.15,96,410.14149944135187
shift,2,Thompson_Sampling,prior_lambda=0.15,97,410.25528799469083
shift,2,Thompson_Sampling,prior_lambda=0.15,98,410.50801905189655
shift,2,Thompson_Sampling,prior_lambda=0.15,99,411.2856670955257
