cooling_preset,policy,config_id,batch_index,cum_regret_mean,cum_regret_std,cum_regret_lower,cum_regret_upper,n_repeats
stationary,AdaptiveEpsilonGreedy,anomaly_sensitivity=0.3|base_epsilon=0.05|gamma=0.9|max_epsilon=0.5,0,0.14422293676659834,0.01677874346278907,0.12744419330380927,0.1610016802293874,3
stationary,AdaptiveEpsilonGreedy,anomaly_sensitivity=0.3|base_epsilon=0.05|gamma=0.9|max_epsilon=0.5,1,0.16677710032313695,0.005386356293816334,0.1613907440293206,0.1721634566169533,3
stationary,AdaptiveEpsilonGreedy,anomaly_sensitivity=0.3|base_epsilon=0.05|gamma=0.9|max_epsilon=0.5,2,0.2139768666987408,0.056158895071869726,0.15781797162687108,0.27013576177061055,3
stationary,AdaptiveEpsilonGreedy,anomaly_sensitivity=0.3|base_epsilon=0.05|gamma=0.9|max_epsilon=0.5,3,0.2327496531716189,0.04230713691078002,0.19044251626083886,0.2750567900823989,3
stationary,AdaptiveEpsilonGreedy,anomaly_sensitivity=0.3|base_epsilon=0.05|gamma=0.9|max_epsilon=0.5,4,0.291145768263185,0.019176297333486754,0.27196947092969825,0.31032206559667175,3
stationary,AdaptiveEpsilonGreedy,anomaly_sensitivity=0.3|base_epsilon=0.05|gamma=0.9|max_epsilon=0.5,5,0.3177441178968623,0.024460321370885794,0.2932837965259765,0.3422044392677481,3
stationary,AdaptiveEpsilonGreedy,anomaly_sensitivity=0.3|base_epsilon=0.05|gamma=0.9|max_epsilon=0.5,6,0.3502735403076314,0.02142573279616858,0.3288478075114628,0.3716992731038,3
stationary,AdaptiveEpsilonGreedy,anomaly_sensitivity=0.3|base_epsilon=0.05|gamma=0.9|max_epsilon=0.5,7,0.39097629748466795,0.04612087551086314,0.3448554219738048,0.4370971729955311,3
stationary,AdaptiveEpsilonGreedy,anomaly_sensitivity=0.3|base_epsilon=0.05|gamma=0.9|max_epsilon=0.5,8,0.4085841629398792,0.0519554086033878,0.3566287543364914,0.460539571543267,3
stationary,AdaptiveEpsilonGreedy,anomaly_sensitivity=0.3|base_epsilon=0.05|gamma=0.9|max_epsilon=0.5,9,0.4395054494850242,0.06364344689467286,0.3758620025903513,0.5031488963796971,3
stationary,AdaptiveEpsilonGreedy,anomaly_sensitivity=0.3|base_epsilon=0.05|gamma=0.9|max_epsilon=0.5,10,0.4596919885542085,0.06498648712851039,0.3947055014256981,0.5246784756827189,3
stationary,AdaptiveEpsilonGreedy,anomaly_sensitivity=0.3|base_epsilon=0.05|gamma=0.9|max_epsilon=0.5,11,0.4781478422298706,0.07504390046117423,0.40310394176869635,0.5531917426910449,3
stationary,AdaptiveEpsilonGreedy,anomaly_sensitivity=0.3|base_epsilon=0.05|gamma=0.9|max_epsilon=0.5,12,0.48810556908613195,0.07841926343033084,0.4096863056558011,0.5665248325164628,3
stationary,AdaptiveEpsilonGreedy,anomaly_sensitivity=0.3|base_epsilon=0.05|gamma=0.9|max_epsilon=0.5,13,0.4969625069838666,0.07601428845185518,0.4209482185320115,0.5729767954357218,3
stationary,AdaptiveEpsilonGreedy,anomaly_sensitivity=0.3|base_epsilon=0.05|gamma=0.9|max_epsilon=0.5,14,0.5057227734317088,0.08395325724046963,0.42176951619123915,0.5896760306721784,3
stationary,AdaptiveEpsilonGreedy,anomaly_sensitivity=0.3|base_epsilon=0.05|gamma=0.9|max_epsilon=0.5,15,0.5236144506277084,0.09582791399428038,0.427786536633428,0.6194423646219888,3
stationary,AdaptiveEpsilonGreedy,anomaly_sensitivity=0.3|base_epsilon=0.05|gamma=0.9|max_epsilon=0.5,16,0.5376977639631243,0.10553774365244004,0.43216002031068423,0.6432355076155644,3
stationary,AdaptiveEpsilonGreedy,anomaly_sensitivity=0.3|base_epsilon=0.05|gamma=0.9|max_epsilon=0.5,17,0.5686041669820164,0.0931657903098521,0.4754383766721643,0.6617699572918685,3
stationary,AdaptiveEpsilonGreedy,anomaly_sensitivity=0.3|base_epsilon=0.05|gamma=0.9|max_epsilon=0.5,18,0.5834964410866462,0.07794372368060329,0.5055527174060429,0.6614401647672495,3
stationary,AdaptiveEpsilonGreedy,anomaly_sensitivity=0.3|base_epsilon=0.05|gamma=0.9|max_epsilon=0.5,19,0.6633907559670448,0.16586481189318703,0.49752594407385775,0.8292555678602318,3
stationary,AdaptiveEpsilonGreedy,anomaly_sensitivity=0.3|base_epsilon=0.05|gamma=0.9|max_epsilon=0.5,20,0.6901803116455274,0.1911023394966029,0.49907797214892446,0.8812826511421303,3
stationary,AdaptiveEpsilonGreedy,anomaly_sensitivity=0.3|base_epsilon=0.05|gamma=0.9|max_epsilon=0.5,21,0.7000641749458444,0.18299896336801455,0.5170652115778298,0.883063138313859,3
stationary,AdaptiveEpsilonGreedy,anomaly_sensitivity=0.3|base_epsilon=0.05|gamma=0.9|max_epsilon=0.5,22,0.7394137721641014,0.21581946054244575,0.5235943116216557,0.9552332327065471,3
stationary,AdaptiveEpsilonGreedy,anomaly_sensitivity=0.3|base_epsilon=0.05|gamma=0.9|max_epsilon=0.5,23,0.7608893829572937,0.24792469346049315,0.5129646894968005,1.0088140764177869,3
stationary,AdaptiveEpsilonGreedy,anomaly_sensitivity=0.3|base_epsilon=0.05|gamma=0.9|max_epsilon=0.5,24,0.7811840615664631,0.2612203040716612,0.519963757494802,1.0424043656381243,3
stationary,AdaptiveEpsilonGreedy,anomaly_sensitivity=0.3|base_epsilon=0.05|gamma=0.9|max_epsilon=0.5,25,0.7932967437277348,0.2557102116463018,0.537586532081433,1.0490069553740367,3
stationary,AdaptiveEpsilonGreedy,anomaly_sensitivity=0.3|base_epsilon=0.05|gamma=0.9|max_epsilon=0.5,26,0.8045894075269121,0.26672872045941143,0.5378606870675007,1.0713181279863235,3
stationary,AdaptiveEpsilonGreedy,anomaly_sensitivity=0.3|base_epsilon=0.05|gamma=0.9|max_epsilon=0.5,27,0.827956756141688,0.23766119108959252,0.5902955650520955,1.0656179472312806,3
stationary,AdaptiveEpsilonGreedy,anomaly_sensitivity=0.3|base_epsilon=0.05|gamma=0.9|max_epsilon=0.5,28,0.856280405087933,0.23378442557854404,0.622495979509389,1.090064830666477,3
stationary,AdaptiveEpsilonGreedy,anomaly_sensitivity=0.3|base_epsilon=0.05|gamma=0.9|max_epsilon=0.5,29,0.8657441813590011,0.22751141232924493,0.6382327690297562,1.093255593688246,3
stationary,AdaptiveEpsilonGreedy,anomaly_sensitivity=0.3|base_epsilon=0.05|gamma=0.9|max_epsilon=0.5,30,0.8790248218512335,0.23528604991405658,0.643738771937177,1.11431087176529,3
stationary,AdaptiveEpsilonGreedy,anomaly_sensitivity=0.3|base_epsilon=0.05|gamma=0.9|max_epsilon=0.5,31,0.8899241797555106,0.22118778558530536,0.6687363941702053,1.111111965340816,3
stationary,AdaptiveEpsilonGreedy,anomaly_sensitivity=0.3|base_epsilon=0.05|gamma=0.9|max_epsilon=0.5,32,0.911780247396991,0.2075670924611745,0.7042131549358166,1.1193473398581655,3
stationary,AdaptiveEpsilonGreedy,anomaly_sensitivity=0.3|base_epsilon=0.05|gamma=0.9|max_epsilon=0.5,33,0.9368953301616596,0.210166004151113,0.7267293260105466,1.1470613343127727,3
stationary,AdaptiveEpsilonGreedy,anomaly_sensitivity=0.3|base_epsilon=0.05|gamma=0.9|max_epsilon=0.5,34,0.9849046659169612,0.20936501586080922,0.775539650056152,1.1942696817777705,3
stationary,AdaptiveEpsilonGreedy,anomaly_sensitivity=0.3|base_epsilon=0.05|gamma=0.9|max_epsilon=0.5,35,0.9849046659169612,0.20936501586080922,0.775539650056152,1.1942696817777705,3
stationary,AdaptiveEpsilonGreedy,anomaly_sensitivity=0.3|base_epsilon=0.05|gamma=0.9|max_epsilon=0.5,36,0.9940743144999983,0.20755030253713364,0.7865240119628647,1.2016246170371319,3
stationary,AdaptiveEpsilonGreedy,anomaly_sensitivity=0.3|base_epsilon=0.05|gamma=0.9|max_epsilon=0.5,37,1.0018294166966761,0.2028340060108912,0.798995410685785,1.2046634227075672,3
stationary,AdaptiveEpsilonGreedy,anomaly_sensitivity=0.3|base_epsilon=0.05|gamma=0.9|max_epsilon=0.5,38,1.0190433413866427,0.20625676365429393,0.8127865777323487,1.2253001050409367,3
stationary,AdaptiveEpsilonGreedy,anomaly_sensitivity=0.3|base_epsilon=0.05|gamma=0.9|max_epsilon=0.5,39,1.0247944967708604,0.20916536096623722,0.8156291358046233,1.2339598577370976,3
stationary,AdaptiveEpsilonGreedy,anomaly_sensitivity=0.3|base_epsilon=0.05|gamma=0.9|max_epsilon=0.5,40,1.0613350385369031,0.23962455891726142,0.8217104796196417,1.3009595974541646,3
stationary,AdaptiveEpsilonGreedy,anomaly_sensitivity=0.3|base_epsilon=0.05|gamma=0.9|max_epsilon=0.5,41,1.069865590698288,0.23477249864248187,0.8350930920558061,1.3046380893407699,3
stationary,AdaptiveEpsilonGreedy,anomaly_sensitivity=0.3|base_epsilon=0.05|gamma=0.9|max_epsilon=0.5,42,1.0891380163572963,0.21821138080151017,0.8709266355557862,1.3073493971588066,3
stationary,AdaptiveEpsilonGreedy,anomaly_sensitivity=0.3|base_epsilon=0.05|gamma=0.9|max_epsilon=0.5,43,1.1040577371706866,0.21764754890862112,0.8864101882620654,1.3217052860793077,3
stationary,AdaptiveEpsilonGreedy,anomaly_sensitivity=0.3|base_epsilon=0.05|gamma=0.9|max_epsilon=0.5,44,1.12824874903136,0.23547633337264837,0.8927724156587116,1.3637250824040084,3
stationary,AdaptiveEpsilonGreedy,anomaly_sensitivity=0.3|base_epsilon=0.05|gamma=0.9|max_epsilon=0.5,45,1.1375817911051758,0.2395569543255133,0.8980248367796625,1.3771387454306891,3
stationary,AdaptiveEpsilonGreedy,anomaly_sensitivity=0.3|base_epsilon=0.05|gamma=0.9|max_epsilon=0.5,46,1.176294511571322,0.19069243554763218,0.9856020760236898,1.3669869471189542,3
stationary,AdaptiveEpsilonGreedy,anomaly_sensitivity=0.3|base_epsilon=0.05|gamma=0.9|max_epsilon=0.5,47,1.1843387600645021,0.18924645948531166,0.9950923005791905,1.3735852195498137,3
stationary,AdaptiveEpsilonGreedy,anomaly_sensitivity=0.3|base_epsilon=0.05|gamma=0.9|max_epsilon=0.5,48,1.1986296014168378,0.18265323792218724,1.0159763634946506,1.381282839339025,3
stationary,AdaptiveEpsilonGreedy,anomaly_sensitivity=0.3|base_epsilon=0.05|gamma=0.9|max_epsilon=0.5,49,1.2144312578616783,0.19674173956441898,1.0176895182972592,1.4111729974260974,3
stationary,AdaptiveEpsilonGreedy,anomaly_sensitivity=0.3|base_epsilon=0.05|gamma=0.9|max_epsilon=0.5,50,1.241834661280665,0.1939800263865181,1.0478546348941469,1.4358146876671831,3
stationary,AdaptiveEpsilonGreedy,anomaly_sensitivity=0.3|base_epsilon=0.05|gamma=0.9|max_epsilon=0.5,51,1.2482773856403364,0.19226557899479488,1.0560118066455415,1.4405429646351313,3
stationary,AdaptiveEpsilonGreedy,anomaly_sensitivity=0.3|base_epsilon=0.05|gamma=0.9|max_epsilon=0.5,52,1.2731250937476462,0.19685045226043618,1.07627464148721,1.4699755460080823,3
stationary,AdaptiveEpsilonGreedy,anomaly_sensitivity=0.3|base_epsilon=0.05|gamma=0.9|max_epsilon=0.5,53,1.2804569589066066,0.18779502386981362,1.092661935036793,1.4682519827764202,3
stationary,AdaptiveEpsilonGreedy,anomaly_sensitivity=0.3|base_epsilon=0.05|gamma=0.9|max_epsilon=0.5,54,1.3118931812559411,0.22196104356297158,1.0899321376929696,1.5338542248189126,3
stationary,AdaptiveEpsilonGreedy,anomaly_sensitivity=0.3|base_epsilon=0.05|gamma=0.9|max_epsilon=0.5,55,1.3300747238105133,0.22710949905889802,1.1029652247516153,1.5571842228694113,3
stationary,AdaptiveEpsilonGreedy,anomaly_sensitivity=0.3|base_epsilon=0.05|gamma=0.9|max_epsilon=0.5,56,1.3484324078786456,0.21521182108978595,1.1332205867888596,1.5636442289684316,3
stationary,AdaptiveEpsilonGreedy,anomaly_sensitivity=0.3|base_epsilon=0.05|gamma=0.9|max_epsilon=0.5,57,1.3611578119115897,0.21989117439427805,1.1412666375173117,1.5810489863058677,3
stationary,AdaptiveEpsilonGreedy,anomaly_sensitivity=0.3|base_epsilon=0.05|gamma=0.9|max_epsilon=0.5,58,1.379868864887263,0.20225757642473796,1.1776112884625252,1.5821264413120009,3
stationary,AdaptiveEpsilonGreedy,anomaly_sensitivity=0.3|base_epsilon=0.05|gamma=0.9|max_epsilon=0.5,59,1.4016611113092037,0.20765326022502442,1.1940078510841792,1.6093143715342282,3
stationary,AdaptiveEpsilonGreedy,anomaly_sensitivity=0.3|base_epsilon=0.05|gamma=0.9|max_epsilon=0.5,60,1.431810970321573,0.23055152224199288,1.20125944807958,1.6623624925635658,3
stationary,AdaptiveEpsilonGreedy,anomaly_sensitivity=0.3|base_epsilon=0.05|gamma=0.9|max_epsilon=0.5,61,1.4613875011029018,0.23835749496726835,1.2230300061356334,1.6997449960701703,3
stationary,AdaptiveEpsilonGreedy,anomaly_sensitivity=0.3|base_epsilon=0.05|gamma=0.9|max_epsilon=0.5,62,1.479328352612174,0.2617059709859986,1.2176223816261755,1.7410343235981727,3
stationary,AdaptiveEpsilonGreedy,anomaly_sensitivity=0.3|base_epsilon=0.05|gamma=0.9|max_epsilon=0.5,63,1.4926175792455423,0.2617937237906034,1.2308238554549389,1.7544113030361457,3
stationary,AdaptiveEpsilonGreedy,anomaly_sensitivity=0.3|base_epsilon=0.05|gamma=0.9|max_epsilon=0.5,64,1.5132948157964876,0.2468340090948813,1.2664608067016063,1.760128824891369,3
stationary,AdaptiveEpsilonGreedy,anomaly_sensitivity=0.3|base_epsilon=0.05|gamma=0.9|max_epsilon=0.5,65,1.566967256897818,0.20732300552087307,1.359644251376945,1.774290262418691,3
stationary,AdaptiveEpsilonGreedy,anomaly_sensitivity=0.3|base_epsilon=0.05|gamma=0.9|max_epsilon=0.5,66,1.5755243747806675,0.20583434129199282,1.3696900334886748,1.7813587160726603,3
stationary,AdaptiveEpsilonGreedy,anomaly_sensitivity=0.3|base_epsilon=0.05|gamma=0.9|max_epsilon=0.5,67,1.616118885941072,0.20985867914400583,1.4062602067970662,1.8259775650850778,3
stationary,AdaptiveEpsilonGreedy,anomaly_sensitivity=0.3|base_epsilon=0.05|gamma=0.9|max_epsilon=0.5,68,1.6308941308104543,0.20428680873408053,1.4266073220763738,1.8351809395445349,3
stationary,AdaptiveEpsilonGreedy,anomaly_sensitivity=0.3|base_epsilon=0.05|gamma=0.9|max_epsilon=0.5,69,1.6417319805055353,0.19216739444349926,1.449564586062036,1.8338993749490344,3
stationary,AdaptiveEpsilonGreedy,anomaly_sensitivity=0.3|base_epsilon=0.05|gamma=0.9|max_epsilon=0.5,70,1.6737385534231926,0.19039266872625432,1.4833458846969383,1.8641312221494468,3
stationary,AdaptiveEpsilonGreedy,anomaly_sensitivity=0.3|base_epsilon=0.05|gamma=0.9|max_epsilon=0.5,71,1.6785837038306086,0.18805640725556982,1.490527296575039,1.8666401110861783,3
stationary,AdaptiveEpsilonGreedy,anomaly_sensitivity=0.3|base_epsilon=0.05|gamma=0.9|max_epsilon=0.5,72,1.6884853638826394,0.19227006709410158,1.4962152967885378,1.880755430976741,3
stationary,AdaptiveEpsilonGreedy,anomaly_sensitivity=0.3|base_epsilon=0.05|gamma=0.9|max_epsilon=0.5,73,1.7268926207622564,0.1730642545236159,1.5538283662386405,1.8999568752858722,3
stationary,AdaptiveEpsilonGreedy,anomaly_sensitivity=0.3|base_epsilon=0.05|gamma=0.9|max_epsilon=0.5,74,1.8282972152878365,0.19876668232839342,1.6295305329594432,2.02706389761623,3
stationary,AdaptiveEpsilonGreedy,anomaly_sensitivity=0.3|base_epsilon=0.05|gamma=0.9|max_epsilon=0.5,75,1.8508623836327185,0.17593123501761687,1.6749311486151015,2.0267936186503355,3
stationary,AdaptiveEpsilonGreedy,anomaly_sensitivity=0.3|base_epsilon=0.05|gamma=0.9|max_epsilon=0.5,76,1.8706137806406076,0.15498237935537384,1.7156314012852336,2.0255961599959815,3
stationary,AdaptiveEpsilonGreedy,anomaly_sensitivity=0.3|base_epsilon=0.05|gamma=0.9|max_epsilon=0.5,77,1.9036123956179942,0.14740760687883436,1.7562047887391599,2.051020002496829,3
stationary,AdaptiveEpsilonGreedy,anomaly_sensitivity=0.3|base_epsilon=0.05|gamma=0.9|max_epsilon=0.5,78,1.9056885143756288,0.15053513441901945,1.7551533799566092,2.0562236487946484,3
stationary,AdaptiveEpsilonGreedy,anomaly_sensitivity=0.3|base_epsilon=0.05|gamma=0.9|max_epsilon=0.5,79,1.921042228303575,0.14964375517218895,1.771398473131386,2.070685983475764,3
stationary,AdaptiveEpsilonGreedy,anomaly_sensitivity=0.3|base_epsilon=0.05|gamma=0.9|max_epsilon=0.5,80,1.937466046759435,0.139698642317117,1.797767404442318,2.077164689076552,3
stationary,AdaptiveEpsilonGreedy,anomaly_sensitivity=0.3|base_epsilon=0.05|gamma=0.9|max_epsilon=0.5,81,1.9510523477380668,0.12810300037490777,1.822949347363159,2.0791553481129745,3
stationary,AdaptiveEpsilonGreedy,anomaly_sensitivity=0.3|base_epsilon=0.05|gamma=0.9|max_epsilon=0.5,82,1.954971819183787,0.130039571172764,1.824932248011023,2.0850113903565513,3
stationary,AdaptiveEpsilonGreedy,anomaly_sensitivity=0.3|base_epsilon=0.05|gamma=0.9|max_epsilon=0.5,83,1.9674690082268669,0.12999181823511932,1.8374771899917475,2.0974608264619863,3
stationary,AdaptiveEpsilonGreedy,anomaly_sensitivity=0.3|base_epsilon=0.05|gamma=0.9|max_epsilon=0.5,84,2.0174506605404474,0.16976977124497467,1.8476808892954728,2.187220431785422,3
stationary,AdaptiveEpsilonGreedy,anomaly_sensitivity=0.3|base_epsilon=0.05|gamma=0.9|max_epsilon=0.5,85,2.031875013359057,0.179794927094379,1.8520800862646778,2.2116699404534357,3
stationary,AdaptiveEpsilonGreedy,anomaly_sensitivity=0.3|base_epsilon=0.05|gamma=0.9|max_epsilon=0.5,86,2.053485023777542,0.18957881053427475,1.863906213243267,2.2430638343118168,3
stationary,AdaptiveEpsilonGreedy,anomaly_sensitivity=0.3|base_epsilon=0.05|gamma=0.9|max_epsilon=0.5,87,2.0736729252398662,0.18680764158337176,1.8868652836564945,2.260480566823238,3
stationary,AdaptiveEpsilonGreedy,anomaly_sensitivity=0.3|base_epsilon=0.05|gamma=0.9|max_epsilon=0.5,88,2.096402643476363,0.18960012182853833,1.9068025216478248,2.2860027653049015,3
stationary,AdaptiveEpsilonGreedy,anomaly_sensitivity=0.3|base_epsilon=0.05|gamma=0.9|max_epsilon=0.5,89,2.114146338783734,0.19040619406407872,1.9237401447196552,2.3045525328478127,3
stationary,AdaptiveEpsilonGreedy,anomaly_sensitivity=0.3|base_epsilon=0.05|gamma=0.9|max_epsilon=0.5,90,2.1196835219791894,0.18659588686318615,1.9330876351160033,2.3062794088423755,3
stationary,AdaptiveEpsilonGreedy,anomaly_sensitivity=0.3|base_epsilon=0.05|gamma=0.9|max_epsilon=0.5,91,2.1298667761424093,0.18438215881631304,1.9454846173260962,2.314248934958722,3
stationary,AdaptiveEpsilonGreedy,anomaly_sensitivity=0.3|base_epsilon=0.05|gamma=0.9|max_epsilon=0.5,92,2.158349059949462,0.169664660114679,1.9886843998347832,2.328013720064141,3
stationary,AdaptiveEpsilonGreedy,anomaly_sensitivity=0.3|base_epsilon=0.05|gamma=0.9|max_epsilon=0.5,93,2.1920382190971726,0.19080894788091785,2.0012292712162547,2.3828471669780904,3
stationary,AdaptiveEpsilonGreedy,anomaly_sensitivity=0.3|base_epsilon=0.05|gamma=0.9|max_epsilon=0.5,94,2.198691631222171,0.1945681871438018,2.0041234440783695,2.393259818365973,3
stationary,AdaptiveEpsilonGreedy,anomaly_sensitivity=0.3|base_epsilon=0.05|gamma=0.9|max_epsilon=0.5,95,2.2415048745935193,0.16659260596750478,2.0749122686260146,2.408097480561024,3
stationary,AdaptiveEpsilonGreedy,anomaly_sensitivity=0.3|base_epsilon=0.05|gamma=0.9|max_epsilon=0.5,96,2.2884306728126944,0.23667896965540808,2.0517517031572865,2.5251096424681023,3
stationary,AdaptiveEpsilonGreedy,anomaly_sensitivity=0.3|base_epsilon=0.05|gamma=0.9|max_epsilon=0.5,97,2.331564220342625,0.279430092161594,2.052134128181031,2.6109943125042188,3
stationary,AdaptiveEpsilonGreedy,anomaly_sensitivity=0.3|base_epsilon=0.05|gamma=0.9|max_epsilon=0.5,98,2.3522319200059907,0.2828608354726592,2.0693710845333313,2.63509275547865,3
stationary,AdaptiveEpsilonGreedy,anomaly_sensitivity=0.3|base_epsilon=0.05|gamma=0.9|max_epsilon=0.5,99,2.379970073859199,0.26563993821339965,2.1143301356457993,2.6456100120725985,3
stationary,AdaptiveEpsilonGreedy,anomaly_sensitivity=0.3|base_epsilon=0.05|gamma=0.9|max_epsilon=0.5,100,2.399879476864395,0.285380584134102,2.114498892730293,2.685260060998497,3
stationary,AdaptiveEpsilonGreedy,anomaly_sensitivity=0.3|base_epsilon=0.05|gamma=0.9|max_epsilon=0.5,101,2.4302696444656653,0.28288088387540994,2.1473887605902555,2.713150528341075,3
stationary,AdaptiveEpsilonGreedy,anomaly_sensitivity=0.3|base_epsilon=0.05|gamma=0.9|max_epsilon=0.5,102,2.444650295558565,0.27739029090733236,2.1672600046512325,2.7220405864658974,3
stationary,AdaptiveEpsilonGreedy,anomaly_sensitivity=0.3|base_epsilon=0.05|gamma=0.9|max_epsilon=0.5,103,2.444650295558565,0.27739029090733236,2.1672600046512325,2.7220405864658974,3
stationary,AdaptiveEpsilonGreedy,anomaly_sensitivity=0.3|base_epsilon=0.05|gamma=0.9|max_epsilon=0.5,104,2.4550511330192832,0.28244767527803294,2.1726034577412503,2.737498808297316,3
stationary,AdaptiveEpsilonGreedy,anomaly_sensitivity=0.3|base_epsilon=0.05|gamma=0.9|max_epsilon=0.5,105,2.477276820309621,0.29125770549974245,2.1860191148098784,2.7685345258093634,3
stationary,AdaptiveEpsilonGreedy,anomaly_sensitivity=0.3|base_epsilon=0.05|gamma=0.9|max_epsilon=0.5,106,2.487378320841135,0.2858925846333782,2.201485736207757,2.7732709054745133,3
stationary,AdaptiveEpsilonGreedy,anomaly_sensitivity=0.3|base_epsilon=0.05|gamma=0.9|max_epsilon=0.5,107,2.4953200010503065,0.2973143234146635,2.198005677635643,2.79263432446497,3
stationary,AdaptiveEpsilonGreedy,anomaly_sensitivity=0.3|base_epsilon=0.05|gamma=0.9|max_epsilon=0.5,108,2.5126039216093106,0.3272433143409658,2.1853606072683447,2.8398472359502764,3
stationary,AdaptiveEpsilonGreedy,anomaly_sensitivity=0.3|base_epsilon=0.05|gamma=0.9|max_epsilon=0.5,109,2.5193292531479385,0.3255857573921894,2.193743495755749,2.844915010540128,3
stationary,AdaptiveEpsilonGreedy,anomaly_sensitivity=0.3|base_epsilon=0.05|gamma=0.9|max_epsilon=0.5,110,2.5459811623956266,0.3069455216413336,2.239035640754293,2.85292668403696,3
stationary,AdaptiveEpsilonGreedy,anomaly_sensitivity=0.3|base_epsilon=0.05|gamma=0.9|max_epsilon=0.5,111,2.5584662573978,0.30777061338130934,2.2506956440164907,2.8662368707791095,3
stationary,AdaptiveEpsilonGreedy,anomaly_sensitivity=0.3|base_epsilon=0.05|gamma=0.9|max_epsilon=0.5,112,2.5611710719596466,0.3083817472299501,2.2527893247296964,2.8695528191895967,3
stationary,AdaptiveEpsilonGreedy,anomaly_sensitivity=0.3|base_epsilon=0.05|gamma=0.9|max_epsilon=0.5,113,2.582012665730941,0.31993788741943163,2.262074778311509,2.9019505531503724,3
stationary,AdaptiveEpsilonGreedy,anomaly_sensitivity=0.3|base_epsilon=0.05|gamma=0.9|max_epsilon=0.5,114,2.586751046645005,0.3150601161040253,2.27169093054098,2.9018111627490306,3
stationary,AdaptiveEpsilonGreedy,anomaly_sensitivity=0.3|base_epsilon=0.05|gamma=0.9|max_epsilon=0.5,115,2.5887652722978727,0.31853078032094934,2.2702344919769235,2.907296052618822,3
stationary,AdaptiveEpsilonGreedy,anomaly_sensitivity=0.3|base_epsilon=0.05|gamma=0.9|max_epsilon=0.5,116,2.5952633316948166,0.32178507315275073,2.273478258542066,2.9170484048475673,3
stationary,AdaptiveEpsilonGreedy,anomaly_sensitivity=0.3|base_epsilon=0.05|gamma=0.9|max_epsilon=0.5,117,2.606227331656859,0.3116786151729588,2.2945487164839,2.917905946829818,3
stationary,AdaptiveEpsilonGreedy,anomaly_sensitivity=0.3|base_epsilon=0.05|gamma=0.9|max_epsilon=0.5,118,2.615174558097331,0.3130926995800431,2.302081858517288,2.928267257677374,3
stationary,AdaptiveEpsilonGreedy,anomaly_sensitivity=0.3|base_epsilon=0.05|gamma=0.9|max_epsilon=0.5,119,2.621806867799544,0.31765537400822985,2.304151493791314,2.939462241807774,3
stationary,AdaptiveEpsilonGreedy,anomaly_sensitivity=0.3|base_epsilon=0.05|gamma=0.9|max_epsilon=0.5,120,2.6616547871328895,0.299391674019727,2.3622631131131624,2.9610464611526166,3
stationary,AdaptiveEpsilonGreedy,anomaly_sensitivity=0.3|base_epsilon=0.05|gamma=0.9|max_epsilon=0.5,121,2.669999687381098,0.29097110969361767,2.3790285776874804,2.9609707970747157,3
stationary,AdaptiveEpsilonGreedy,anomaly_sensitivity=0.3|base_epsilon=0.05|gamma=0.9|max_epsilon=0.5,122,2.678934901610198,0.2832603331698013,2.3956745684403966,2.9621952347799994,3
stationary,AdaptiveEpsilonGreedy,anomaly_sensitivity=0.3|base_epsilon=0.05|gamma=0.9|max_epsilon=0.5,123,2.6907882862562293,0.27312045845209243,2.417667827804137,2.9639087447083217,3
stationary,AdaptiveEpsilonGreedy,anomaly_sensitivity=0.3|base_epsilon=0.05|gamma=0.9|max_epsilon=0.5,124,2.6927828415698833,0.27115321159526923,2.421629629974614,2.9639360531651526,3
stationary,AdaptiveEpsilonGreedy,anomaly_sensitivity=0.3|base_epsilon=0.05|gamma=0.9|max_epsilon=0.5,125,2.746554259939741,0.23608190349477923,2.5104723564449616,2.9826361634345204,3
stationary,AdaptiveEpsilonGreedy,anomaly_sensitivity=0.3|base_epsilon=0.05|gamma=0.9|max_epsilon=0.5,126,2.7481461261218105,0.23869706541814767,2.509449060703663,2.986843191539958,3
stationary,AdaptiveEpsilonGreedy,anomaly_sensitivity=0.3|base_epsilon=0.05|gamma=0.9|max_epsilon=0.5,127,2.76269461063017,0.260989197812036,2.501705412818134,3.023683808442206,3
stationary,AdaptiveEpsilonGreedy,anomaly_sensitivity=0.3|base_epsilon=0.05|gamma=0.9|max_epsilon=0.5,128,2.7759713124240855,0.2777046642087444,2.498266648215341,3.05367597663283,3
stationary,AdaptiveEpsilonGreedy,anomaly_sensitivity=0.3|base_epsilon=0.05|gamma=0.9|max_epsilon=0.5,129,2.7816905293291474,0.2765111692820771,2.5051793600470704,3.0582016986112244,3
stationary,AdaptiveEpsilonGreedy,anomaly_sensitivity=0.3|base_epsilon=0.05|gamma=0.9|max_epsilon=0.5,130,2.7881836556198167,0.2732200234410458,2.514963632178771,3.0614036790608625,3
stationary,AdaptiveEpsilonGreedy,anomaly_sensitivity=0.3|base_epsilon=0.05|gamma=0.9|max_epsilon=0.5,131,2.804172585991663,0.29026456112394783,2.5139080248677153,3.094437147115611,3
stationary,AdaptiveEpsilonGreedy,anomaly_sensitivity=0.3|base_epsilon=0.05|gamma=0.9|max_epsilon=0.5,132,2.8309085440849295,0.2723089065631238,2.5585996375218056,3.1032174506480534,3
stationary,AdaptiveEpsilonGreedy,anomaly_sensitivity=0.3|base_epsilon=0.05|gamma=0.9|max_epsilon=0.5,133,2.866829598926225,0.23766368076422595,2.6291659181619993,3.104493279690451,3
stationary,AdaptiveEpsilonGreedy,anomaly_sensitivity=0.3|base_epsilon=0.05|gamma=0.9|max_epsilon=0.5,134,2.8991120092118003,0.28045451907157015,2.6186574901402304,3.1795665282833703,3
stationary,AdaptiveEpsilonGreedy,anomaly_sensitivity=0.3|base_epsilon=0.05|gamma=0.9|max_epsilon=0.5,135,2.910161992973574,0.2783238767195135,2.6318381162540607,3.1884858696930873,3
stationary,AdaptiveEpsilonGreedy,anomaly_sensitivity=0.3|base_epsilon=0.05|gamma=0.9|max_epsilon=0.5,136,2.9371497517295544,0.2712991709557936,2.665850580773761,3.208448922685348,3
stationary,AdaptiveEpsilonGreedy,anomaly_sensitivity=0.3|base_epsilon=0.05|gamma=0.9|max_epsilon=0.5,137,2.94709998163439,0.26292816975135064,2.684171811883039,3.2100281513857407,3
stationary,AdaptiveEpsilonGreedy,anomaly_sensitivity=0.3|base_epsilon=0.05|gamma=0.9|max_epsilon=0.5,138,2.954811451729105,0.27131856248743413,2.6834928892416707,3.2261300142165394,3
stationary,AdaptiveEpsilonGreedy,anomaly_sensitivity=0.3|base_epsilon=0.05|gamma=0.9|max_epsilon=0.5,139,3.0260105073406858,0.32817295932732826,2.6978375480133576,3.354183466668014,3
stationary,AdaptiveEpsilonGreedy,anomaly_sensitivity=0.3|base_epsilon=0.05|gamma=0.9|max_epsilon=0.5,140,3.0404305348679337,0.33181448616365944,2.708616048704274,3.3722450210315933,3
stationary,AdaptiveEpsilonGreedy,anomaly_sensitivity=0.3|base_epsilon=0.05|gamma=0.9|max_epsilon=0.5,141,3.0666540475844,0.3186511212545414,2.7480029263298587,3.3853051688389417,3
stationary,AdaptiveEpsilonGreedy,anomaly_sensitivity=0.3|base_epsilon=0.05|gamma=0.9|max_epsilon=0.5,142,3.072125018324693,0.3278907331722504,2.7442342851524426,3.4000157514969436,3
stationary,AdaptiveEpsilonGreedy,anomaly_sensitivity=0.3|base_epsilon=0.05|gamma=0.9|max_epsilon=0.5,143,3.0888777605824065,0.3340465231180164,2.75483123746439,3.422924283700423,3
stationary,AdaptiveEpsilonGreedy,anomaly_sensitivity=0.3|base_epsilon=0.05|gamma=0.9|max_epsilon=0.5,144,3.1015736033250314,0.32453942721836715,2.7770341761066644,3.4261130305433984,3
stationary,AdaptiveEpsilonGreedy,anomaly_sensitivity=0.3|base_epsilon=0.05|gamma=0.9|max_epsilon=0.5,145,3.1138487293058623,0.325717486888656,2.7881312424172062,3.4395662161945184,3
stationary,AdaptiveEpsilonGreedy,anomaly_sensitivity=0.3|base_epsilon=0.05|gamma=0.9|max_epsilon=0.5,146,3.118324926680913,0.33074500118447603,2.7875799254964373,3.449069927865389,3
stationary,AdaptiveEpsilonGreedy,anomaly_sensitivity=0.3|base_epsilon=0.05|gamma=0.9|max_epsilon=0.5,147,3.129194633179394,0.32215461349669716,2.8070400196826966,3.451349246676091,3
stationary,AdaptiveEpsilonGreedy,anomaly_sensitivity=0.3|base_epsilon=0.05|gamma=0.9|max_epsilon=0.5,148,3.176978965226546,0.3854074972899565,2.7915714679365893,3.5623864625165025,3
stationary,AdaptiveEpsilonGreedy,anomaly_sensitivity=0.3|base_epsilon=0.05|gamma=0.9|max_epsilon=0.5,149,3.188472542761487,0.38883367371257244,2.7996388690489145,3.577306216474059,3
stationary,AdaptiveEpsilonGreedy,anomaly_sensitivity=0.3|base_epsilon=0.05|gamma=0.9|max_epsilon=0.5,150,3.1989566319128926,0.3811992897402144,2.817757342172678,3.580155921653107,3
stationary,AdaptiveEpsilonGreedy,anomaly_sensitivity=0.3|base_epsilon=0.05|gamma=0.9|max_epsilon=0.5,151,3.200206622413005,0.379899891244884,2.8203067311681207,3.580106513657889,3
stationary,AdaptiveEpsilonGreedy,anomaly_sensitivity=0.3|base_epsilon=0.05|gamma=0.9|max_epsilon=0.5,152,3.214175415097175,0.3703328410363621,2.8438425740608126,3.584508256133537,3
stationary,AdaptiveEpsilonGreedy,anomaly_sensitivity=0.3|base_epsilon=0.05|gamma=0.9|max_epsilon=0.5,153,3.220637443447671,0.3653356432316179,2.8553018002160533,3.5859730866792887,3
stationary,AdaptiveEpsilonGreedy,anomaly_sensitivity=0.3|base_epsilon=0.05|gamma=0.9|max_epsilon=0.5,154,3.2331336467833958,0.3553285172302268,2.877805129553169,3.5884621640136225,3
stationary,AdaptiveEpsilonGreedy,anomaly_sensitivity=0.3|base_epsilon=0.05|gamma=0.9|max_epsilon=0.5,155,3.2522444035480667,0.34807850292277803,2.9041659006252885,3.600322906470845,3
stationary,AdaptiveEpsilonGreedy,anomaly_sensitivity=0.3|base_epsilon=0.05|gamma=0.9|max_epsilon=0.5,156,3.2684915920308857,0.34985198465443396,2.9186396073764516,3.61834357668532,3
stationary,AdaptiveEpsilonGreedy,anomaly_sensitivity=0.3|base_epsilon=0.05|gamma=0.9|max_epsilon=0.5,157,3.3110151705540516,0.3601270267994235,2.950888143754628,3.671142197353475,3
stationary,AdaptiveEpsilonGreedy,anomaly_sensitivity=0.3|base_epsilon=0.05|gamma=0.9|max_epsilon=0.5,158,3.334486869630855,0.33441495174730973,3.0000719178835453,3.6689018213781646,3
stationary,AdaptiveEpsilonGreedy,anomaly_sensitivity=0.3|base_epsilon=0.05|gamma=0.9|max_epsilon=0.5,159,3.3619296550107127,0.34605432336598974,3.015875331644723,3.7079839783767023,3
stationary,AdaptiveEpsilonGreedy,anomaly_sensitivity=0.3|base_epsilon=0.05|gamma=0.9|max_epsilon=0.5,160,3.380179646352414,0.3422440338095798,3.0379356125428343,3.7224236801619934,3
stationary,AdaptiveEpsilonGreedy,anomaly_sensitivity=0.3|base_epsilon=0.05|gamma=0.9|max_epsilon=0.5,161,3.3941001686969137,0.36167299079417375,3.03242717790274,3.7557731594910875,3
stationary,AdaptiveEpsilonGreedy,anomaly_sensitivity=0.3|base_epsilon=0.05|gamma=0.9|max_epsilon=0.5,162,3.3987862850416115,0.36164339368371434,3.037142891357897,3.760429678725326,3
stationary,AdaptiveEpsilonGreedy,anomaly_sensitivity=0.3|base_epsilon=0.05|gamma=0.9|max_epsilon=0.5,163,3.407884418478584,0.35702779013319486,3.050856628345389,3.7649122086117788,3
stationary,AdaptiveEpsilonGreedy,anomaly_sensitivity=0.3|base_epsilon=0.05|gamma=0.9|max_epsilon=0.5,164,3.409428912719514,0.3562019348285867,3.0532269778909273,3.7656308475481004,3
stationary,AdaptiveEpsilonGreedy,anomaly_sensitivity=0.3|base_epsilon=0.05|gamma=0.9|max_epsilon=0.5,165,3.4165523802955096,0.3553797597714795,3.06117262052403,3.771932140066989,3
stationary,AdaptiveEpsilonGreedy,anomaly_sensitivity=0.3|base_epsilon=0.05|gamma=0.9|max_epsilon=0.5,166,3.4291007163653275,0.35770366299911743,3.0713970533662103,3.786804379364445,3
stationary,AdaptiveEpsilonGreedy,anomaly_sensitivity=0.3|base_epsilon=0.05|gamma=0.9|max_epsilon=0.5,167,3.433757633795469,0.3631911176608867,3.070566516134582,3.796948751456356,3
stationary,AdaptiveEpsilonGreedy,anomaly_sensitivity=0.3|base_epsilon=0.05|gamma=0.9|max_epsilon=0.5,168,3.445534141363071,0.376634750494898,3.068899390868173,3.822168891857969,3
stationary,AdaptiveEpsilonGreedy,anomaly_sensitivity=0.3|base_epsilon=0.05|gamma=0.9|max_epsilon=0.5,169,3.449588964807931,0.3816619347597185,3.067927030048213,3.8312508995676495,3
stationary,AdaptiveEpsilonGreedy,anomaly_sensitivity=0.3|base_epsilon=0.05|gamma=0.9|max_epsilon=0.5,170,3.450266696992031,0.38099494240500736,3.0692717545870236,3.831261639397038,3
stationary,AdaptiveEpsilonGreedy,anomaly_sensitivity=0.3|base_epsilon=0.05|gamma=0.9|max_epsilon=0.5,171,3.4626646810232837,0.3798981958801116,3.082766485143172,3.8425628769033953,3
stationary,AdaptiveEpsilonGreedy,anomaly_sensitivity=0.3|base_epsilon=0.05|gamma=0.9|max_epsilon=0.5,172,3.474664328772677,0.36915192087169013,3.105512407900987,3.843816249644367,3
stationary,AdaptiveEpsilonGreedy,anomaly_sensitivity=0.3|base_epsilon=0.05|gamma=0.9|max_epsilon=0.5,173,3.490593124989365,0.36394312165329035,3.1266500033360747,3.8545362466426556,3
stationary,AdaptiveEpsilonGreedy,anomaly_sensitivity=0.3|base_epsilon=0.05|gamma=0.9|max_epsilon=0.5,174,3.515917476616534,0.3451996313507015,3.1707178452658327,3.8611171079672357,3
stationary,AdaptiveEpsilonGreedy,anomaly_sensitivity=0.3|base_epsilon=0.05|gamma=0.9|max_epsilon=0.5,175,3.573289181935708,0.3041716242328889,3.2691175577028195,3.877460806168597,3
stationary,AdaptiveEpsilonGreedy,anomaly_sensitivity=0.3|base_epsilon=0.05|gamma=0.9|max_epsilon=0.5,176,3.6357106049004884,0.38648831208370954,3.249222292816779,4.022198916984198,3
stationary,AdaptiveEpsilonGreedy,anomaly_sensitivity=0.3|base_epsilon=0.05|gamma=0.9|max_epsilon=0.5,177,3.6744165245798173,0.34909808889633126,3.325318435683486,4.023514613476149,3
stationary,AdaptiveEpsilonGreedy,anomaly_sensitivity=0.3|base_epsilon=0.05|gamma=0.9|max_epsilon=0.5,178,3.694883601309668,0.3421116741893851,3.352771927120283,4.036995275499053,3
stationary,AdaptiveEpsilonGreedy,anomaly_sensitivity=0.3|base_epsilon=0.05|gamma=0.9|max_epsilon=0.5,179,3.6988955197617095,0.34853411473929247,3.350361405022417,4.047429634501002,3
stationary,AdaptiveEpsilonGreedy,anomaly_sensitivity=0.3|base_epsilon=0.05|gamma=0.9|max_epsilon=0.5,180,3.754303139947744,0.3370839705201528,3.417219169427591,4.091387110467896,3
stationary,AdaptiveEpsilonGreedy,anomaly_sensitivity=0.3|base_epsilon=0.05|gamma=0.9|max_epsilon=0.5,181,3.766791391983388,0.33316919203115747,3.4336221999522305,4.099960584014545,3
stationary,AdaptiveEpsilonGreedy,anomaly_sensitivity=0.3|base_epsilon=0.05|gamma=0.9|max_epsilon=0.5,182,3.77623487622294,0.32732554170808914,3.448909334514851,4.103560417931029,3
stationary,AdaptiveEpsilonGreedy,anomaly_sensitivity=0.3|base_epsilon=0.05|gamma=0.9|max_epsilon=0.5,183,3.802286546040708,0.3500430588068964,3.4522434872338112,4.152329604847604,3
stationary,AdaptiveEpsilonGreedy,anomaly_sensitivity=0.3|base_epsilon=0.05|gamma=0.9|max_epsilon=0.5,184,3.813608625364522,0.3399594967431146,3.4736491286214073,4.153568122107637,3
stationary,AdaptiveEpsilonGreedy,anomaly_sensitivity=0.3|base_epsilon=0.05|gamma=0.9|max_epsilon=0.5,185,3.828261022294107,0.36019590679090574,3.468065115503201,4.188456929085013,3
stationary,AdaptiveEpsilonGreedy,anomaly_sensitivity=0.3|base_epsilon=0.05|gamma=0.9|max_epsilon=0.5,186,3.8405353102063935,0.3552339382754275,3.485301371930966,4.195769248481821,3
stationary,AdaptiveEpsilonGreedy,anomaly_sensitivity=0.3|base_epsilon=0.05|gamma=0.9|max_epsilon=0.5,187,3.854434380964724,0.3565710861289594,3.497863294835765,4.211005467093684,3
stationary,AdaptiveEpsilonGreedy,anomaly_sensitivity=0.3|base_epsilon=0.05|gamma=0.9|max_epsilon=0.5,188,3.8571770623180517,0.35606226667296487,3.501114795645087,4.213239328991016,3
stationary,AdaptiveEpsilonGreedy,anomaly_sensitivity=0.3|base_epsilon=0.05|gamma=0.9|max_epsilon=0.5,189,3.870287206147936,0.36171748100060414,3.5085697251473316,4.23200468714854,3
stationary,AdaptiveEpsilonGreedy,anomaly_sensitivity=0.3|base_epsilon=0.05|gamma=0.9|max_epsilon=0.5,190,3.8905493933196307,0.3799672238773934,3.5105821694422374,4.270516617197024,3
stationary,AdaptiveEpsilonGreedy,anomaly_sensitivity=0.3|base_epsilon=0.05|gamma=0.9|max_epsilon=0.5,191,3.897230147760696,0.383933238560307,3.513296909200389,4.281163386321003,3
stationary,AdaptiveEpsilonGreedy,anomaly_sensitivity=0.3|base_epsilon=0.05|gamma=0.9|max_epsilon=0.5,192,3.902575876615201,0.3799089665831132,3.522666910032088,4.282484843198314,3
stationary,AdaptiveEpsilonGreedy,anomaly_sensitivity=0.3|base_epsilon=0.05|gamma=0.9|max_epsilon=0.5,193,3.946833048572305,0.33547571995925024,3.611357328613055,4.282308768531555,3
stationary,AdaptiveEpsilonGreedy,anomaly_sensitivity=0.3|base_epsilon=0.05|gamma=0.9|max_epsilon=0.5,194,3.9548016579065597,0.33039636938186345,3.624405288524696,4.285198027288423,3
stationary,AdaptiveEpsilonGreedy,anomaly_sensitivity=0.3|base_epsilon=0.05|gamma=0.9|max_epsilon=0.5,195,3.966935980971391,0.3243227175597889,3.642613263411602,4.2912586985311805,3
stationary,AdaptiveEpsilonGreedy,anomaly_sensitivity=0.3|base_epsilon=0.05|gamma=0.9|max_epsilon=0.5,196,3.982978792216779,0.31559777228353714,3.667381019933242,4.298576564500316,3
stationary,AdaptiveEpsilonGreedy,anomaly_sensitivity=0.3|base_epsilon=0.05|gamma=0.9|max_epsilon=0.5,197,3.984668283518051,0.3147120059106027,3.669956277607448,4.299380289428654,3
stationary,AdaptiveEpsilonGreedy,anomaly_sensitivity=0.3|base_epsilon=0.05|gamma=0.9|max_epsilon=0.5,198,4.001564346820207,0.3368081701163372,3.6647561767038703,4.338372516936545,3
stationary,AdaptiveEpsilonGreedy,anomaly_sensitivity=0.3|base_epsilon=0.05|gamma=0.9|max_epsilon=0.5,199,4.014380227020893,0.34338525919832813,3.6709949678225646,4.357765486219221,3
stationary,AdaptiveEpsilonGreedy,anomaly_sensitivity=0.3|base_epsilon=0.05|gamma=0.9|max_epsilon=0.5,200,4.022251663570067,0.3484881452573221,3.673763518312745,4.370739808827389,3
stationary,AdaptiveEpsilonGreedy,anomaly_sensitivity=0.3|base_epsilon=0.05|gamma=0.9|max_epsilon=0.5,201,4.03635350176654,0.33649796007753097,3.6998555416890095,4.372851461844071,3
stationary,AdaptiveEpsilonGreedy,anomaly_sensitivity=0.3|base_epsilon=0.05|gamma=0.9|max_epsilon=0.5,202,4.050445222427214,0.3304913507625358,3.7199538716646785,4.38093657318975,3
stationary,AdaptiveEpsilonGreedy,anomaly_sensitivity=0.3|base_epsilon=0.05|gamma=0.9|max_epsilon=0.5,203,4.051839233974783,0.32920478581652207,3.722634448158261,4.381044019791305,3
stationary,AdaptiveEpsilonGreedy,anomaly_sensitivity=0.3|base_epsilon=0.05|gamma=0.9|max_epsilon=0.5,204,4.0572286234603885,0.32523708399120793,3.7319915394691807,4.382465707451597,3
stationary,AdaptiveEpsilonGreedy,anomaly_sensitivity=0.3|base_epsilon=0.05|gamma=0.9|max_epsilon=0.5,205,4.061942317675371,0.32861262813463016,3.7333296895407404,4.390554945810001,3
stationary,AdaptiveEpsilonGreedy,anomaly_sensitivity=0.3|base_epsilon=0.05|gamma=0.9|max_epsilon=0.5,206,4.067921808562763,0.32499660858944873,3.742925199973314,4.392918417152211,3
stationary,AdaptiveEpsilonGreedy,anomaly_sensitivity=0.3|base_epsilon=0.05|gamma=0.9|max_epsilon=0.5,207,4.092193120313361,0.3363723052036489,3.755820815109712,4.42856542551701,3
stationary,AdaptiveEpsilonGreedy,anomaly_sensitivity=0.3|base_epsilon=0.05|gamma=0.9|max_epsilon=0.5,208,4.094095593918927,0.33442630194859074,3.759669291970336,4.428521895867518,3
stationary,AdaptiveEpsilonGreedy,anomaly_sensitivity=0.3|base_epsilon=0.05|gamma=0.9|max_epsilon=0.5,209,4.106986289163082,0.3294995453731465,3.7774867437899355,4.436485834536229,3
stationary,AdaptiveEpsilonGreedy,anomaly_sensitivity=0.3|base_epsilon=0.05|gamma=0.9|max_epsilon=0.5,210,4.124773498354043,0.34558373179030016,3.7791897665637424,4.470357230144343,3
stationary,AdaptiveEpsilonGreedy,anomaly_sensitivity=0.3|base_epsilon=0.05|gamma=0.9|max_epsilon=0.5,211,4.139296829696484,0.3377468659014285,3.8015499637950554,4.477043695597913,3
stationary,AdaptiveEpsilonGreedy,anomaly_sensitivity=0.3|base_epsilon=0.05|gamma=0.9|max_epsilon=0.5,212,4.148771838896578,0.3323410276437472,3.8164308112528307,4.481112866540325,3
stationary,AdaptiveEpsilonGreedy,anomaly_sensitivity=0.3|base_epsilon=0.05|gamma=0.9|max_epsilon=0.5,213,4.153099936231423,0.3273626287246368,3.8257373075067864,4.48046256495606,3
stationary,AdaptiveEpsilonGreedy,anomaly_sensitivity=0.3|base_epsilon=0.05|gamma=0.9|max_epsilon=0.5,214,4.181505286079993,0.3150012643340603,3.866504021745933,4.496506550414053,3
stationary,AdaptiveEpsilonGreedy,anomaly_sensitivity=0.3|base_epsilon=0.05|gamma=0.9|max_epsilon=0.5,215,4.186406312583784,0.31376965943755,3.8726366531462335,4.500175972021333,3
stationary,AdaptiveEpsilonGreedy,anomaly_sensitivity=0.3|base_epsilon=0.05|gamma=0.9|max_epsilon=0.5,216,4.19837782358498,0.3001985324951333,3.8981792910898463,4.498576356080113,3
stationary,AdaptiveEpsilonGreedy,anomaly_sensitivity=0.3|base_epsilon=0.05|gamma=0.9|max_epsilon=0.5,217,4.203229064068747,0.29692540619079266,3.906303657877954,4.50015447025954,3
stationary,AdaptiveEpsilonGreedy,anomaly_sensitivity=0.3|base_epsilon=0.05|gamma=0.9|max_epsilon=0.5,218,4.276821782291816,0.32196128078660774,3.9548605015052085,4.598783063078424,3
stationary,AdaptiveEpsilonGreedy,anomaly_sensitivity=0.3|base_epsilon=0.05|gamma=0.9|max_epsilon=0.5,219,4.288271383603373,0.32028860753489036,3.9679827760684825,4.6085599911382635,3
stationary,AdaptiveEpsilonGreedy,anomaly_sensitivity=0.3|base_epsilon=0.05|gamma=0.9|max_epsilon=0.5,220,4.302029611325156,0.3042554609148418,3.997774150410314,4.606285072239998,3
stationary,AdaptiveEpsilonGreedy,anomaly_sensitivity=0.3|base_epsilon=0.05|gamma=0.9|max_epsilon=0.5,221,4.306127441494257,0.3030635022218004,4.003063939272457,4.609190943716057,3
stationary,AdaptiveEpsilonGreedy,anomaly_sensitivity=0.3|base_epsilon=0.05|gamma=0.9|max_epsilon=0.5,222,4.313189652431827,0.3014302694912576,4.0117593829405696,4.614619921923085,3
stationary,AdaptiveEpsilonGreedy,anomaly_sensitivity=0.3|base_epsilon=0.05|gamma=0.9|max_epsilon=0.5,223,4.330591621790176,0.28219422180105397,4.048397399989122,4.6127858435912295,3
stationary,AdaptiveEpsilonGreedy,anomaly_sensitivity=0.3|base_epsilon=0.05|gamma=0.9|max_epsilon=0.5,224,4.341243127328924,0.28026443069439,4.060978696634534,4.621507558023314,3
stationary,AdaptiveEpsilonGreedy,anomaly_sensitivity=0.3|base_epsilon=0.05|gamma=0.9|max_epsilon=0.5,225,4.3455166580880435,0.2819891805231872,4.063527477564857,4.62750583861123,3
stationary,AdaptiveEpsilonGreedy,anomaly_sensitivity=0.3|base_epsilon=0.05|gamma=0.9|max_epsilon=0.5,226,4.356861048602166,0.2749601909186685,4.081900857683498,4.631821239520835,3
stationary,AdaptiveEpsilonGreedy,anomaly_sensitivity=0.3|base_epsilon=0.05|gamma=0.9|max_epsilon=0.5,227,4.378951476047135,0.2948793993915561,4.084072076655579,4.673830875438691,3
stationary,AdaptiveEpsilonGreedy,anomaly_sensitivity=0.3|base_epsilon=0.05|gamma=0.9|max_epsilon=0.5,228,4.4009700703463634,0.3241798012319539,4.07679026911441,4.725149871578317,3
stationary,AdaptiveEpsilonGreedy,anomaly_sensitivity=0.3|base_epsilon=0.05|gamma=0.9|max_epsilon=0.5,229,4.4117192892874035,0.33737285991903126,4.074346429368372,4.749092149206435,3
stationary,AdaptiveEpsilonGreedy,anomaly_sensitivity=0.3|base_epsilon=0.05|gamma=0.9|max_epsilon=0.5,230,4.423606307870604,0.35218411747916883,4.071422190391435,4.775790425349773,3
stationary,AdaptiveEpsilonGreedy,anomaly_sensitivity=0.3|base_epsilon=0.05|gamma=0.9|max_epsilon=0.5,231,4.429458685055448,0.3504859375941763,4.078972747461272,4.779944622649625,3
stationary,AdaptiveEpsilonGreedy,anomaly_sensitivity=0.3|base_epsilon=0.05|gamma=0.9|max_epsilon=0.5,232,4.4302775199648305,0.3502835933966516,4.079993926568179,4.7805611133614825,3
stationary,AdaptiveEpsilonGreedy,anomaly_sensitivity=0.3|base_epsilon=0.05|gamma=0.9|max_epsilon=0.5,233,4.434163029463285,0.3477034520236992,4.0864595774395855,4.7818664814869845,3
stationary,AdaptiveEpsilonGreedy,anomaly_sensitivity=0.3|base_epsilon=0.05|gamma=0.9|max_epsilon=0.5,234,4.451016859982308,0.3567808841744488,4.094235975807859,4.8077977441567565,3
stationary,AdaptiveEpsilonGreedy,anomaly_sensitivity=0.3|base_epsilon=0.05|gamma=0.9|max_epsilon=0.5,235,4.462833165332352,0.35885745962885657,4.103975705703496,4.821690624961208,3
stationary,AdaptiveEpsilonGreedy,anomaly_sensitivity=0.3|base_epsilon=0.05|gamma=0.9|max_epsilon=0.5,236,4.465334520501384,0.3629007687390765,4.102433751762307,4.82823528924046,3
stationary,AdaptiveEpsilonGreedy,anomaly_sensitivity=0.3|base_epsilon=0.05|gamma=0.9|max_epsilon=0.5,237,4.472886017687077,0.3593846311273014,4.113501386559776,4.832270648814378,3
stationary,AdaptiveEpsilonGreedy,anomaly_sensitivity=0.3|base_epsilon=0.05|gamma=0.9|max_epsilon=0.5,238,4.476126658189202,0.3604100208511942,4.115716637338007,4.836536679040396,3
stationary,AdaptiveEpsilonGreedy,anomaly_sensitivity=0.3|base_epsilon=0.05|gamma=0.9|max_epsilon=0.5,239,4.480009105061154,0.35975456422517776,4.120254540835977,4.839763669286332,3
stationary,AdaptiveEpsilonGreedy,anomaly_sensitivity=0.3|base_epsilon=0.05|gamma=0.9|max_epsilon=0.5,240,4.504226949170014,0.36621521055866135,4.138011738611352,4.870442159728675,3
stationary,AdaptiveEpsilonGreedy,anomaly_sensitivity=0.3|base_epsilon=0.05|gamma=0.9|max_epsilon=0.5,241,4.505634429261203,0.368554961610699,4.137079467650504,4.874189390871902,3
stationary,AdaptiveEpsilonGreedy,anomaly_sensitivity=0.3|base_epsilon=0.05|gamma=0.9|max_epsilon=0.5,242,4.509547108015963,0.3679833948730267,4.141563713142936,4.877530502888989,3
stationary,AdaptiveEpsilonGreedy,anomaly_sensitivity=0.3|base_epsilon=0.05|gamma=0.9|max_epsilon=0.5,243,4.515224403829824,0.3622894990845543,4.152934904745269,4.877513902914378,3
stationary,AdaptiveEpsilonGreedy,anomaly_sensitivity=0.3|base_epsilon=0.05|gamma=0.9|max_epsilon=0.5,244,4.523779787193433,0.35272383974956306,4.17105594744387,4.876503626942997,3
stationary,AdaptiveEpsilonGreedy,anomaly_sensitivity=0.3|base_epsilon=0.05|gamma=0.9|max_epsilon=0.5,245,4.528463320474686,0.3476907866169395,4.180772533857747,4.876154107091626,3
stationary,AdaptiveEpsilonGreedy,anomaly_sensitivity=0.3|base_epsilon=0.05|gamma=0.9|max_epsilon=0.5,246,4.5354297853127,0.3428251192789947,4.192604666033705,4.878254904591695,3
stationary,AdaptiveEpsilonGreedy,anomaly_sensitivity=0.3|base_epsilon=0.05|gamma=0.9|max_epsilon=0.5,247,4.544629129873346,0.33260833192139627,4.21202079795195,4.877237461794743,3
stationary,AdaptiveEpsilonGreedy,anomaly_sensitivity=0.3|base_epsilon=0.05|gamma=0.9|max_epsilon=0.5,248,4.552398762414344,0.34440773032148514,4.207991032092859,4.89680649273583,3
stationary,AdaptiveEpsilonGreedy,anomaly_sensitivity=0.3|base_epsilon=0.05|gamma=0.9|max_epsilon=0.5,249,4.566892921482965,0.33576444508102943,4.231128476401936,4.902657366563994,3
stationary,AdaptiveEpsilonGreedy,anomaly_sensitivity=0.3|base_epsilon=0.05|gamma=0.9|max_epsilon=0.5,250,4.579325351558844,0.3259863272589907,4.253339024299853,4.905311678817835,3
stationary,AdaptiveEpsilonGreedy,anomaly_sensitivity=0.3|base_epsilon=0.05|gamma=0.9|max_epsilon=0.5,251,4.5799005370549,0.32539560761302766,4.254504929441873,4.905296144667928,3
stationary,AdaptiveEpsilonGreedy,anomaly_sensitivity=0.3|base_epsilon=0.05|gamma=0.9|max_epsilon=0.5,252,4.589745817820089,0.3228385022177911,4.266907315602298,4.91258432003788,3
stationary,AdaptiveEpsilonGreedy,anomaly_sensitivity=0.3|base_epsilon=0.05|gamma=0.9|max_epsilon=0.5,253,4.601056082822312,0.3399419818265138,4.2611141009957985,4.940998064648826,3
stationary,AdaptiveEpsilonGreedy,anomaly_sensitivity=0.3|base_epsilon=0.05|gamma=0.9|max_epsilon=0.5,254,4.610656757441222,0.33761201553612097,4.273044741905101,4.948268772977343,3
stationary,AdaptiveEpsilonGreedy,anomaly_sensitivity=0.3|base_epsilon=0.05|gamma=0.9|max_epsilon=0.5,255,4.620563557507846,0.341098964119701,4.279464593388145,4.961662521627547,3
stationary,AdaptiveEpsilonGreedy,anomaly_sensitivity=0.3|base_epsilon=0.05|gamma=0.9|max_epsilon=0.5,256,4.627386109072453,0.33830587272926194,4.289080236343191,4.965691981801715,3
stationary,AdaptiveEpsilonGreedy,anomaly_sensitivity=0.3|base_epsilon=0.05|gamma=0.9|max_epsilon=0.5,257,4.637563902954479,0.35123765573489946,4.28632624721958,4.988801558689379,3
stationary,AdaptiveEpsilonGreedy,anomaly_sensitivity=0.3|base_epsilon=0.05|gamma=0.9|max_epsilon=0.5,258,4.648851520975242,0.3505306270014642,4.298320893973778,4.999382147976706,3
stationary,AdaptiveEpsilonGreedy,anomaly_sensitivity=0.3|base_epsilon=0.05|gamma=0.9|max_epsilon=0.5,259,4.664727781128147,0.357465128832107,4.30726265229604,5.022192909960254,3
stationary,AdaptiveEpsilonGreedy,anomaly_sensitivity=0.3|base_epsilon=0.05|gamma=0.9|max_epsilon=0.5,260,4.678126511561307,0.36874635178252224,4.309380159778785,5.046872863343829,3
stationary,AdaptiveEpsilonGreedy,anomaly_sensitivity=0.3|base_epsilon=0.05|gamma=0.9|max_epsilon=0.5,261,4.685711430758849,0.3644633374705217,4.321248093288328,5.050174768229371,3
stationary,AdaptiveEpsilonGreedy,anomaly_sensitivity=0.3|base_epsilon=0.05|gamma=0.9|max_epsilon=0.5,262,4.691363155481805,0.361734252518862,4.329628902962943,5.053097408000667,3
stationary,AdaptiveEpsilonGreedy,anomaly_sensitivity=0.3|base_epsilon=0.05|gamma=0.9|max_epsilon=0.5,263,4.693349685858126,0.36043452095470113,4.332915164903425,5.053784206812828,3
stationary,AdaptiveEpsilonGreedy,anomaly_sensitivity=0.3|base_epsilon=0.05|gamma=0.9|max_epsilon=0.5,264,4.698798838648012,0.36926348253697855,4.329535356111034,5.068062321184991,3
stationary,AdaptiveEpsilonGreedy,anomaly_sensitivity=0.3|base_epsilon=0.05|gamma=0.9|max_epsilon=0.5,265,4.709826040075515,0.3823707933937319,4.327455246681783,5.092196833469247,3
stationary,AdaptiveEpsilonGreedy,anomaly_sensitivity=0.3|base_epsilon=0.05|gamma=0.9|max_epsilon=0.5,266,4.721852017437366,0.3791850454512426,4.342666971986124,5.101037062888609,3
stationary,AdaptiveEpsilonGreedy,anomaly_sensitivity=0.3|base_epsilon=0.05|gamma=0.9|max_epsilon=0.5,267,4.7347183162710955,0.3703089630508232,4.364409353220272,5.105027279321919,3
stationary,AdaptiveEpsilonGreedy,anomaly_sensitivity=0.3|base_epsilon=0.05|gamma=0.9|max_epsilon=0.5,268,4.747809508331253,0.37579224492268565,4.3720172634085674,5.123601753253938,3
stationary,AdaptiveEpsilonGreedy,anomaly_sensitivity=0.3|base_epsilon=0.05|gamma=0.9|max_epsilon=0.5,269,4.7543520065393485,0.3778223237319606,4.376529682807388,5.132174330271309,3
stationary,AdaptiveEpsilonGreedy,anomaly_sensitivity=0.3|base_epsilon=0.05|gamma=0.9|max_epsilon=0.5,270,4.763813279312887,0.38037214912020817,4.383441130192679,5.1441854284330955,3
stationary,AdaptiveEpsilonGreedy,anomaly_sensitivity=0.3|base_epsilon=0.05|gamma=0.9|max_epsilon=0.5,271,4.806788419883456,0.4035594641442046,4.403228955739252,5.2103478840276605,3
stationary,AdaptiveEpsilonGreedy,anomaly_sensitivity=0.3|base_epsilon=0.05|gamma=0.9|max_epsilon=0.5,272,4.815351244211644,0.3962436738571897,4.419107570354455,5.211594918068834,3
stationary,AdaptiveEpsilonGreedy,anomaly_sensitivity=0.3|base_epsilon=0.05|gamma=0.9|max_epsilon=0.5,273,4.824435461559541,0.3962918280514145,4.428143633508126,5.220727289610956,3
stationary,AdaptiveEpsilonGreedy,anomaly_sensitivity=0.3|base_epsilon=0.05|gamma=0.9|max_epsilon=0.5,274,4.833027147311309,0.3949967738259061,4.438030373485403,5.228023921137216,3
stationary,AdaptiveEpsilonGreedy,anomaly_sensitivity=0.3|base_epsilon=0.05|gamma=0.9|max_epsilon=0.5,275,4.846390907570683,0.4013486339642684,4.445042273606415,5.247739541534951,3
stationary,AdaptiveEpsilonGreedy,anomaly_sensitivity=0.3|base_epsilon=0.05|gamma=0.9|max_epsilon=0.5,276,4.867475556446487,0.39248344852578043,4.4749921079207065,5.259959004972267,3
stationary,AdaptiveEpsilonGreedy,anomaly_sensitivity=0.3|base_epsilon=0.05|gamma=0.9|max_epsilon=0.5,277,4.877708985354455,0.39154700148262483,4.48616198387183,5.26925598683708,3
stationary,AdaptiveEpsilonGreedy,anomaly_sensitivity=0.3|base_epsilon=0.05|gamma=0.9|max_epsilon=0.5,278,4.893455387412228,0.3885016163308762,4.504953771081352,5.281957003743104,3
stationary,AdaptiveEpsilonGreedy,anomaly_sensitivity=0.3|base_epsilon=0.05|gamma=0.9|max_epsilon=0.5,279,4.905310246159893,0.39252453815937743,4.512785708000516,5.297834784319271,3
stationary,AdaptiveEpsilonGreedy,anomaly_sensitivity=0.3|base_epsilon=0.05|gamma=0.9|max_epsilon=0.5,280,4.911165760337565,0.39579027365656944,4.515375486680996,5.306956033994134,3
stationary,AdaptiveEpsilonGreedy,anomaly_sensitivity=0.3|base_epsilon=0.05|gamma=0.9|max_epsilon=0.5,281,4.922889792555449,0.38866724349032544,4.534222549065124,5.311557036045775,3
stationary,AdaptiveEpsilonGreedy,anomaly_sensitivity=0.3|base_epsilon=0.05|gamma=0.9|max_epsilon=0.5,282,4.954763008820525,0.4343764647375242,4.520386544083,5.389139473558049,3
stationary,AdaptiveEpsilonGreedy,anomaly_sensitivity=0.3|base_epsilon=0.05|gamma=0.9|max_epsilon=0.5,283,4.970804257747749,0.4256052095363917,4.545199048211357,5.3964094672841405,3
stationary,AdaptiveEpsilonGreedy,anomaly_sensitivity=0.3|base_epsilon=0.05|gamma=0.9|max_epsilon=0.5,284,5.000411550590297,0.4161246164147207,4.584286934175576,5.416536167005018,3
stationary,AdaptiveEpsilonGreedy,anomaly_sensitivity=0.3|base_epsilon=0.05|gamma=0.9|max_epsilon=0.5,285,5.032473281285576,0.40470072506799143,4.627772556217584,5.437174006353567,3
stationary,AdaptiveEpsilonGreedy,anomaly_sensitivity=0.3|base_epsilon=0.05|gamma=0.9|max_epsilon=0.5,286,5.049689136937036,0.4176386912736709,4.632050445663365,5.467327828210706,3
stationary,AdaptiveEpsilonGreedy,anomaly_sensitivity=0.3|base_epsilon=0.05|gamma=0.9|max_epsilon=0.5,287,5.065118126415116,0.4307085897333871,4.634409536681728,5.495826716148503,3
stationary,AdaptiveEpsilonGreedy,anomaly_sensitivity=0.3|base_epsilon=0.05|gamma=0.9|max_epsilon=0.5,288,5.085641570550518,0.4363202381085352,4.649321332441983,5.521961808659053,3
stationary,AdaptiveEpsilonGreedy,anomaly_sensitivity=0.3|base_epsilon=0.05|gamma=0.9|max_epsilon=0.5,289,5.098557522923831,0.4263228334505192,4.672234689473312,5.52488035637435,3
stationary,AdaptiveEpsilonGreedy,anomaly_sensitivity=0.3|base_epsilon=0.05|gamma=0.9|max_epsilon=0.5,290,5.109312750533356,0.4194741113808108,4.689838639152546,5.528786861914167,3
stationary,AdaptiveEpsilonGreedy,anomaly_sensitivity=0.3|base_epsilon=0.05|gamma=0.9|max_epsilon=0.5,291,5.1214228517255895,0.41562288515266,4.705799966572929,5.53704573687825,3
stationary,AdaptiveEpsilonGreedy,anomaly_sensitivity=0.3|base_epsilon=0.05|gamma=0.9|max_epsilon=0.5,292,5.12983144099256,0.4166484550652893,4.713182985927271,5.546479896057849,3
stationary,AdaptiveEpsilonGreedy,anomaly_sensitivity=0.3|base_epsilon=0.05|gamma=0.9|max_epsilon=0.5,293,5.1705828966581215,0.43345831765581716,4.737124579002304,5.604041214313939,3
stationary,AdaptiveEpsilonGreedy,anomaly_sensitivity=0.3|base_epsilon=0.05|gamma=0.9|max_epsilon=0.5,294,5.188699181284854,0.41705358605764353,4.771645595227211,5.605752767342498,3
stationary,AdaptiveEpsilonGreedy,anomaly_sensitivity=0.3|base_epsilon=0.05|gamma=0.9|max_epsilon=0.5,295,5.203623228644997,0.4189469152226973,4.784676313422299,5.622570143867694,3
stationary,AdaptiveEpsilonGreedy,anomaly_sensitivity=0.3|base_epsilon=0.05|gamma=0.9|max_epsilon=0.5,296,5.226325327189108,0.4219589269687431,4.804366400220365,5.648284254157851,3
stationary,AdaptiveEpsilonGreedy,anomaly_sensitivity=0.3|base_epsilon=0.05|gamma=0.9|max_epsilon=0.5,297,5.233117994814691,0.42714904962066386,4.805968945194027,5.660267044435355,3
stationary,AdaptiveEpsilonGreedy,anomaly_sensitivity=0.3|base_epsilon=0.05|gamma=0.9|max_epsilon=0.5,298,5.233117994814691,0.42714904962066386,4.805968945194027,5.660267044435355,3
stationary,AdaptiveEpsilonGreedy,anomaly_sensitivity=0.3|base_epsilon=0.05|gamma=0.9|max_epsilon=0.5,299,5.239597319917244,0.4382192823954374,4.801378037521806,5.6778166023126815,3
stationary,AdaptiveEpsilonGreedy,anomaly_sensitivity=0.3|base_epsilon=0.05|gamma=0.9|max_epsilon=0.5,300,5.24545739394214,0.44823801821333514,4.7972193757288055,5.693695412155475,3
stationary,AdaptiveEpsilonGreedy,anomaly_sensitivity=0.3|base_epsilon=0.05|gamma=0.9|max_epsilon=0.5,301,5.2481087720681066,0.44709521903644533,4.8010135530316616,5.6952039911045516,3
stationary,AdaptiveEpsilonGreedy,anomaly_sensitivity=0.3|base_epsilon=0.05|gamma=0.9|max_epsilon=0.5,302,5.258932726013636,0.4534623961826568,4.805470329830979,5.712395122196292,3
stationary,AdaptiveEpsilonGreedy,anomaly_sensitivity=0.3|base_epsilon=0.05|gamma=0.9|max_epsilon=0.5,303,5.264594766260413,0.4544161480817089,4.810178618178704,5.719010914342122,3
stationary,AdaptiveEpsilonGreedy,anomaly_sensitivity=0.3|base_epsilon=0.05|gamma=0.9|max_epsilon=0.5,304,5.2687523091307895,0.4518240490512458,4.8169282600795436,5.7205763581820355,3
stationary,AdaptiveEpsilonGreedy,anomaly_sensitivity=0.3|base_epsilon=0.05|gamma=0.9|max_epsilon=0.5,305,5.280541910755527,0.44325442633847323,4.837287484417054,5.723796337094001,3
stationary,AdaptiveEpsilonGreedy,anomaly_sensitivity=0.3|base_epsilon=0.05|gamma=0.9|max_epsilon=0.5,306,5.28275197262383,0.4434803869927891,4.839271585631041,5.726232359616619,3
stationary,AdaptiveEpsilonGreedy,anomaly_sensitivity=0.3|base_epsilon=0.05|gamma=0.9|max_epsilon=0.5,307,5.319775288594002,0.49315044007008313,4.8266248485239185,5.812925728664085,3
stationary,AdaptiveEpsilonGreedy,anomaly_sensitivity=0.3|base_epsilon=0.05|gamma=0.9|max_epsilon=0.5,308,5.322882103733406,0.4896824362580619,4.833199667475344,5.812564539991468,3
stationary,AdaptiveEpsilonGreedy,anomaly_sensitivity=0.3|base_epsilon=0.05|gamma=0.9|max_epsilon=0.5,309,5.3413360683413345,0.4880022377782163,4.853333830563118,5.829338306119551,3
stationary,AdaptiveEpsilonGreedy,anomaly_sensitivity=0.3|base_epsilon=0.05|gamma=0.9|max_epsilon=0.5,310,5.342281797253716,0.48744135655750337,4.854840440696213,5.829723153811219,3
stationary,AdaptiveEpsilonGreedy,anomaly_sensitivity=0.3|base_epsilon=0.05|gamma=0.9|max_epsilon=0.5,311,5.3493178611896,0.4994450994114032,4.8498727617781965,5.848762960601003,3
stationary,AdaptiveEpsilonGreedy,anomaly_sensitivity=0.3|base_epsilon=0.05|gamma=0.9|max_epsilon=0.5,312,5.358523834245569,0.5052388813643574,4.8532849528812125,5.863762715609926,3
stationary,AdaptiveEpsilonGreedy,anomaly_sensitivity=0.3|base_epsilon=0.05|gamma=0.9|max_epsilon=0.5,313,5.413877403155116,0.596628368345195,4.817249034809921,6.010505771500311,3
stationary,AdaptiveEpsilonGreedy,anomaly_sensitivity=0.3|base_epsilon=0.05|gamma=0.9|max_epsilon=0.5,314,5.424172308312016,0.5988805557911178,4.825291752520899,6.023052864103134,3
stationary,AdaptiveEpsilonGreedy,anomaly_sensitivity=0.3|base_epsilon=0.05|gamma=0.9|max_epsilon=0.5,315,5.433388198070333,0.6046638320623148,4.828724366008019,6.038052030132648,3
stationary,AdaptiveEpsilonGreedy,anomaly_sensitivity=0.3|base_epsilon=0.05|gamma=0.9|max_epsilon=0.5,316,5.436542992272758,0.6066424676291587,4.8299005246436,6.043185459901917,3
stationary,AdaptiveEpsilonGreedy,anomaly_sensitivity=0.3|base_epsilon=0.05|gamma=0.9|max_epsilon=0.5,317,5.4505392487558835,0.606790212074619,4.843749036681264,6.057329460830503,3
stationary,AdaptiveEpsilonGreedy,anomaly_sensitivity=0.3|base_epsilon=0.05|gamma=0.9|max_epsilon=0.5,318,5.451455845352129,0.6058241243027819,4.845631721049347,6.0572799696549104,3
stationary,AdaptiveEpsilonGreedy,anomaly_sensitivity=0.3|base_epsilon=0.05|gamma=0.9|max_epsilon=0.5,319,5.457290549365209,0.6144418765961618,4.842848672769047,6.071732425961371,3
stationary,AdaptiveEpsilonGreedy,anomaly_sensitivity=0.3|base_epsilon=0.05|gamma=0.9|max_epsilon=0.5,320,5.466945557974882,0.6061674211104661,4.8607781368644165,6.073112979085348,3
stationary,AdaptiveEpsilonGreedy,anomaly_sensitivity=0.3|base_epsilon=0.05|gamma=0.9|max_epsilon=0.5,321,5.471319094091627,0.6020393864102721,4.869279707681355,6.073358480501899,3
stationary,AdaptiveEpsilonGreedy,anomaly_sensitivity=0.3|base_epsilon=0.05|gamma=0.9|max_epsilon=0.5,322,5.4885955073742965,0.5887343121154102,4.899861195258886,6.077329819489707,3
stationary,AdaptiveEpsilonGreedy,anomaly_sensitivity=0.3|base_epsilon=0.05|gamma=0.9|max_epsilon=0.5,323,5.491682479145226,0.5923672260512908,4.899315253093935,6.0840497051965166,3
stationary,AdaptiveEpsilonGreedy,anomaly_sensitivity=0.3|base_epsilon=0.05|gamma=0.9|max_epsilon=0.5,324,5.496483876301634,0.5908521272215038,4.905631749080131,6.087336003523138,3
stationary,AdaptiveEpsilonGreedy,anomaly_sensitivity=0.3|base_epsilon=0.05|gamma=0.9|max_epsilon=0.5,325,5.496571644810597,0.5910036404088169,4.90556800440178,6.0875752852194145,3
stationary,AdaptiveEpsilonGreedy,anomaly_sensitivity=0.3|base_epsilon=0.05|gamma=0.9|max_epsilon=0.5,326,5.506326726944079,0.583855873422041,4.922470853522038,6.09018260036612,3
stationary,AdaptiveEpsilonGreedy,anomaly_sensitivity=0.3|base_epsilon=0.05|gamma=0.9|max_epsilon=0.5,327,5.514468723366648,0.5900496821886764,4.924419041177972,6.104518405555325,3
stationary,AdaptiveEpsilonGreedy,anomaly_sensitivity=0.3|base_epsilon=0.05|gamma=0.9|max_epsilon=0.5,328,5.5288113783493875,0.594835422546297,4.93397595580309,6.123646800895685,3
stationary,AdaptiveEpsilonGreedy,anomaly_sensitivity=0.3|base_epsilon=0.05|gamma=0.9|max_epsilon=0.5,329,5.538627967764552,0.6035176960731835,4.935110271691369,6.142145663837735,3
stationary,AdaptiveEpsilonGreedy,anomaly_sensitivity=0.3|base_epsilon=0.05|gamma=0.9|max_epsilon=0.5,330,5.540266257637377,0.6063338880981988,4.933932369539178,6.146600145735576,3
stationary,AdaptiveEpsilonGreedy,anomaly_sensitivity=0.3|base_epsilon=0.05|gamma=0.9|max_epsilon=0.5,331,5.565431150962258,0.6469632119743152,4.918467938987943,6.212394362936573,3
stationary,AdaptiveEpsilonGreedy,anomaly_sensitivity=0.3|base_epsilon=0.05|gamma=0.9|max_epsilon=0.5,332,5.5660534015191665,0.64632118879772,4.9197322127214465,6.2123745903168865,3
stationary,AdaptiveEpsilonGreedy,anomaly_sensitivity=0.3|base_epsilon=0.05|gamma=0.9|max_epsilon=0.5,333,5.575616801731893,0.6488764712727212,4.926740330459172,6.224493273004613,3
stationary,AdaptiveEpsilonGreedy,anomaly_sensitivity=0.3|base_epsilon=0.05|gamma=0.9|max_epsilon=0.5,334,5.58743297573952,0.6379449091069438,4.9494880666325765,6.225377884846464,3
stationary,AdaptiveEpsilonGreedy,anomaly_sensitivity=0.3|base_epsilon=0.05|gamma=0.9|max_epsilon=0.5,335,5.591162221217203,0.6416714866836302,4.9494907345335735,6.232833707900833,3
stationary,AdaptiveEpsilonGreedy,anomaly_sensitivity=0.3|base_epsilon=0.05|gamma=0.9|max_epsilon=0.5,336,5.594339062815255,0.6384727056871552,4.9558663571281,6.23281176850241,3
stationary,AdaptiveEpsilonGreedy,anomaly_sensitivity=0.3|base_epsilon=0.05|gamma=0.9|max_epsilon=0.5,337,5.598290383216562,0.635137277024376,4.963153106192186,6.233427660240938,3
stationary,AdaptiveEpsilonGreedy,anomaly_sensitivity=0.3|base_epsilon=0.05|gamma=0.9|max_epsilon=0.5,338,5.613743544788619,0.6556415271163655,4.958102017672253,6.269385071904985,3
stationary,AdaptiveEpsilonGreedy,anomaly_sensitivity=0.3|base_epsilon=0.05|gamma=0.9|max_epsilon=0.5,339,5.614892214709893,0.65762201511369,4.957270199596203,6.2725142298235825,3
stationary,AdaptiveEpsilonGreedy,anomaly_sensitivity=0.3|base_epsilon=0.05|gamma=0.9|max_epsilon=0.5,340,5.625054639695226,0.6514845901983749,4.9735700494968516,6.276539229893601,3
stationary,AdaptiveEpsilonGreedy,anomaly_sensitivity=0.3|base_epsilon=0.05|gamma=0.9|max_epsilon=0.5,341,5.6284953663926,0.6490774198571724,4.979417946535428,6.277572786249772,3
stationary,AdaptiveEpsilonGreedy,anomaly_sensitivity=0.3|base_epsilon=0.05|gamma=0.9|max_epsilon=0.5,342,5.663780771546658,0.6151172427051999,5.048663528841458,6.278898014251857,3
stationary,AdaptiveEpsilonGreedy,anomaly_sensitivity=0.3|base_epsilon=0.05|gamma=0.9|max_epsilon=0.5,343,5.704231120703934,0.5934752587693052,5.110755861934629,6.297706379473239,3
stationary,AdaptiveEpsilonGreedy,anomaly_sensitivity=0.3|base_epsilon=0.05|gamma=0.9|max_epsilon=0.5,344,5.7051955390758655,0.592673762104018,5.112521776971848,6.297869301179883,3
stationary,AdaptiveEpsilonGreedy,anomaly_sensitivity=0.3|base_epsilon=0.05|gamma=0.9|max_epsilon=0.5,345,5.710242219212077,0.601331073222647,5.10891114598943,6.311573292434724,3
stationary,AdaptiveEpsilonGreedy,anomaly_sensitivity=0.3|base_epsilon=0.05|gamma=0.9|max_epsilon=0.5,346,5.713544020342193,0.6059562574626457,5.107587762879548,6.319500277804839,3
stationary,AdaptiveEpsilonGreedy,anomaly_sensitivity=0.3|base_epsilon=0.05|gamma=0.9|max_epsilon=0.5,347,5.719276263081351,0.6097225108617583,5.109553752219593,6.328998773943109,3
stationary,AdaptiveEpsilonGreedy,anomaly_sensitivity=0.3|base_epsilon=0.05|gamma=0.9|max_epsilon=0.5,348,5.722773095364467,0.6111720061008503,5.111601089263616,6.333945101465317,3
stationary,AdaptiveEpsilonGreedy,anomaly_sensitivity=0.3|base_epsilon=0.05|gamma=0.9|max_epsilon=0.5,349,5.724648995464669,0.6092097478280394,5.11543924763663,6.3338587432927085,3
stationary,AdaptiveEpsilonGreedy,anomaly_sensitivity=0.3|base_epsilon=0.05|gamma=0.9|max_epsilon=0.5,350,5.737787951516775,0.6058296571067522,5.131958294410023,6.343617608623527,3
stationary,AdaptiveEpsilonGreedy,anomaly_sensitivity=0.3|base_epsilon=0.05|gamma=0.9|max_epsilon=0.5,351,5.740078374482104,0.6045617246811439,5.13551664980096,6.3446400991632474,3
stationary,AdaptiveEpsilonGreedy,anomaly_sensitivity=0.3|base_epsilon=0.05|gamma=0.9|max_epsilon=0.5,352,5.7485638870626525,0.5999099720318304,5.148653915030822,6.348473859094483,3
stationary,AdaptiveEpsilonGreedy,anomaly_sensitivity=0.3|base_epsilon=0.05|gamma=0.9|max_epsilon=0.5,353,5.749533710546618,0.5992812913962279,5.150252419150391,6.348815001942846,3
stationary,AdaptiveEpsilonGreedy,anomaly_sensitivity=0.3|base_epsilon=0.05|gamma=0.9|max_epsilon=0.5,354,5.772199600383239,0.624279640382518,5.147919960000721,6.396479240765757,3
stationary,AdaptiveEpsilonGreedy,anomaly_sensitivity=0.3|base_epsilon=0.05|gamma=0.9|max_epsilon=0.5,355,5.778625074336078,0.6230360524811479,5.155589021854929,6.401661126817226,3
stationary,AdaptiveEpsilonGreedy,anomaly_sensitivity=0.3|base_epsilon=0.05|gamma=0.9|max_epsilon=0.5,356,5.786310645564023,0.6164946625547332,5.16981598300929,6.402805308118756,3
stationary,AdaptiveEpsilonGreedy,anomaly_sensitivity=0.3|base_epsilon=0.05|gamma=0.9|max_epsilon=0.5,357,5.803975234986441,0.6194092235298766,5.184566011456565,6.423384458516318,3
stationary,AdaptiveEpsilonGreedy,anomaly_sensitivity=0.3|base_epsilon=0.05|gamma=0.9|max_epsilon=0.5,358,5.871323303798671,0.5571797553588922,5.3141435484397785,6.428503059157563,3
stationary,AdaptiveEpsilonGreedy,anomaly_sensitivity=0.3|base_epsilon=0.05|gamma=0.9|max_epsilon=0.5,359,5.874439598529338,0.5543901740846455,5.320049424444692,6.428829772613984,3
stationary,AdaptiveEpsilonGreedy,anomaly_sensitivity=0.3|base_epsilon=0.05|gamma=0.9|max_epsilon=0.5,360,5.8769553813857405,0.5555915831881394,5.321363798197601,6.43254696457388,3
stationary,AdaptiveEpsilonGreedy,anomaly_sensitivity=0.3|base_epsilon=0.05|gamma=0.9|max_epsilon=0.5,361,5.888827273978827,0.5455865036478987,5.343240770330929,6.434413777626726,3
stationary,AdaptiveEpsilonGreedy,anomaly_sensitivity=0.3|base_epsilon=0.05|gamma=0.9|max_epsilon=0.5,362,5.901410151174093,0.5346942807066124,5.36671587046748,6.436104431880706,3
stationary,AdaptiveEpsilonGreedy,anomaly_sensitivity=0.3|base_epsilon=0.05|gamma=0.9|max_epsilon=0.5,363,5.908761410850308,0.5368947030939024,5.371866707756405,6.44565611394421,3
stationary,AdaptiveEpsilonGreedy,anomaly_sensitivity=0.3|base_epsilon=0.05|gamma=0.9|max_epsilon=0.5,364,5.914107754174782,0.5338897905530796,5.3802179636217025,6.447997544727861,3
stationary,AdaptiveEpsilonGreedy,anomaly_sensitivity=0.3|base_epsilon=0.05|gamma=0.9|max_epsilon=0.5,365,5.920629897365888,0.5374617954740297,5.383168101891858,6.458091692839918,3
stationary,AdaptiveEpsilonGreedy,anomaly_sensitivity=0.3|base_epsilon=0.05|gamma=0.9|max_epsilon=0.5,366,5.92882842539973,0.5300528389093471,5.398775586490383,6.458881264309077,3
stationary,AdaptiveEpsilonGreedy,anomaly_sensitivity=0.3|base_epsilon=0.05|gamma=0.9|max_epsilon=0.5,367,5.930236588214261,0.5324891243614573,5.397747463852804,6.462725712575718,3
stationary,AdaptiveEpsilonGreedy,anomaly_sensitivity=0.3|base_epsilon=0.05|gamma=0.9|max_epsilon=0.5,368,5.930306098639359,0.5326093861274211,5.397696712511937,6.46291548476678,3
stationary,AdaptiveEpsilonGreedy,anomaly_sensitivity=0.3|base_epsilon=0.05|gamma=0.9|max_epsilon=0.5,369,5.940254906152769,0.5313710777374416,5.408883828415328,6.471625983890211,3
stationary,AdaptiveEpsilonGreedy,anomaly_sensitivity=0.3|base_epsilon=0.05|gamma=0.9|max_epsilon=0.5,370,5.964052858351244,0.5725435443235924,5.391509314027651,6.536596402674837,3
stationary,AdaptiveEpsilonGreedy,anomaly_sensitivity=0.3|base_epsilon=0.05|gamma=0.9|max_epsilon=0.5,371,5.977796919129683,0.5728961021001653,5.404900817029517,6.550693021229849,3
stationary,AdaptiveEpsilonGreedy,anomaly_sensitivity=0.3|base_epsilon=0.05|gamma=0.9|max_epsilon=0.5,372,5.982998877546326,0.5733621533718933,5.409636724174432,6.556361030918219,3
stationary,AdaptiveEpsilonGreedy,anomaly_sensitivity=0.3|base_epsilon=0.05|gamma=0.9|max_epsilon=0.5,373,5.9860341111482995,0.5705920876131144,5.415442023535185,6.556626198761414,3
stationary,AdaptiveEpsilonGreedy,anomaly_sensitivity=0.3|base_epsilon=0.05|gamma=0.9|max_epsilon=0.5,374,5.990670284736542,0.5709410743670262,5.419729210369516,6.561611359103567,3
stationary,AdaptiveEpsilonGreedy,anomaly_sensitivity=0.3|base_epsilon=0.05|gamma=0.9|max_epsilon=0.5,375,5.9955491079069345,0.572834845070176,5.422714262836759,6.56838395297711,3
stationary,AdaptiveEpsilonGreedy,anomaly_sensitivity=0.3|base_epsilon=0.05|gamma=0.9|max_epsilon=0.5,376,6.00969698366339,0.5645144560577939,5.445182527605596,6.574211439721184,3
stationary,AdaptiveEpsilonGreedy,anomaly_sensitivity=0.3|base_epsilon=0.05|gamma=0.9|max_epsilon=0.5,377,6.00969698366339,0.5645144560577939,5.445182527605596,6.574211439721184,3
stationary,AdaptiveEpsilonGreedy,anomaly_sensitivity=0.3|base_epsilon=0.05|gamma=0.9|max_epsilon=0.5,378,6.015879224724354,0.5665787891804317,5.449300435543922,6.582458013904786,3
stationary,AdaptiveEpsilonGreedy,anomaly_sensitivity=0.3|base_epsilon=0.05|gamma=0.9|max_epsilon=0.5,379,6.019721192510546,0.5632627971177337,5.456458395392812,6.582983989628279,3
stationary,AdaptiveEpsilonGreedy,anomaly_sensitivity=0.3|base_epsilon=0.05|gamma=0.9|max_epsilon=0.5,380,6.071916261031766,0.6375474209991734,5.434368840032592,6.70946368203094,3
stationary,AdaptiveEpsilonGreedy,anomaly_sensitivity=0.3|base_epsilon=0.05|gamma=0.9|max_epsilon=0.5,381,6.092199971301784,0.6260246848355545,5.466175286466229,6.718224656137338,3
stationary,AdaptiveEpsilonGreedy,anomaly_sensitivity=0.3|base_epsilon=0.05|gamma=0.9|max_epsilon=0.5,382,6.102203277037854,0.6270520145537487,5.475151262484106,6.729255291591603,3
stationary,AdaptiveEpsilonGreedy,anomaly_sensitivity=0.3|base_epsilon=0.05|gamma=0.9|max_epsilon=0.5,383,6.106912472979829,0.6286740042529212,5.478238468726908,6.73558647723275,3
stationary,AdaptiveEpsilonGreedy,anomaly_sensitivity=0.3|base_epsilon=0.05|gamma=0.9|max_epsilon=0.5,384,6.112408993247441,0.6337625304503183,5.478646462797123,6.746171523697759,3
stationary,AdaptiveEpsilonGreedy,anomaly_sensitivity=0.3|base_epsilon=0.05|gamma=0.9|max_epsilon=0.5,385,6.120285738579928,0.6387946816050695,5.481491056974859,6.759080420184997,3
stationary,AdaptiveEpsilonGreedy,anomaly_sensitivity=0.3|base_epsilon=0.05|gamma=0.9|max_epsilon=0.5,386,6.1298356517880785,0.6552978034371443,5.474537848350934,6.785133455225223,3
stationary,AdaptiveEpsilonGreedy,anomaly_sensitivity=0.3|base_epsilon=0.05|gamma=0.9|max_epsilon=0.5,387,6.143212259760773,0.6479565784382086,5.495255681322565,6.791168838198981,3
stationary,AdaptiveEpsilonGreedy,anomaly_sensitivity=0.3|base_epsilon=0.05|gamma=0.9|max_epsilon=0.5,388,6.155725315180402,0.637450979473203,5.518274335707199,6.793176294653605,3
stationary,AdaptiveEpsilonGreedy,anomaly_sensitivity=0.3|base_epsilon=0.05|gamma=0.9|max_epsilon=0.5,389,6.171692955880079,0.6566050606238103,5.5150878952562685,6.82829801650389,3
stationary,AdaptiveEpsilonGreedy,anomaly_sensitivity=0.3|base_epsilon=0.05|gamma=0.9|max_epsilon=0.5,390,6.185125172769465,0.6786872034002641,5.506437969369201,6.8638123761697285,3
stationary,AdaptiveEpsilonGreedy,anomaly_sensitivity=0.3|base_epsilon=0.05|gamma=0.9|max_epsilon=0.5,391,6.187170464885891,0.6770400339548263,5.510130430931064,6.864210498840717,3
stationary,AdaptiveEpsilonGreedy,anomaly_sensitivity=0.3|base_epsilon=0.05|gamma=0.9|max_epsilon=0.5,392,6.19575243595438,0.6701093434286778,5.525643092525702,6.865861779383057,3
stationary,AdaptiveEpsilonGreedy,anomaly_sensitivity=0.3|base_epsilon=0.05|gamma=0.9|max_epsilon=0.5,393,6.196450908702261,0.6713155045453446,5.525135404156916,6.8677664132476055,3
stationary,AdaptiveEpsilonGreedy,anomaly_sensitivity=0.3|base_epsilon=0.05|gamma=0.9|max_epsilon=0.5,394,6.213169704339605,0.6938770507272642,5.519292653612341,6.907046755066869,3
stationary,AdaptiveEpsilonGreedy,anomaly_sensitivity=0.3|base_epsilon=0.05|gamma=0.9|max_epsilon=0.5,395,6.2236962512806,0.6871226757431039,5.5365735755374965,6.910818927023704,3
stationary,AdaptiveEpsilonGreedy,anomaly_sensitivity=0.3|base_epsilon=0.05|gamma=0.9|max_epsilon=0.5,396,6.2253108499252106,0.6856179040267368,5.539692945898474,6.910928753951947,3
stationary,AdaptiveEpsilonGreedy,anomaly_sensitivity=0.3|base_epsilon=0.05|gamma=0.9|max_epsilon=0.5,397,6.22863806453761,0.6863990416428946,5.542239022894716,6.915037106180504,3
stationary,AdaptiveEpsilonGreedy,anomaly_sensitivity=0.3|base_epsilon=0.05|gamma=0.9|max_epsilon=0.5,398,6.230295808311475,0.6870258624858867,5.543269945825588,6.917321670797361,3
stationary,AdaptiveEpsilonGreedy,anomaly_sensitivity=0.3|base_epsilon=0.05|gamma=0.9|max_epsilon=0.5,399,6.272972864980837,0.6599484623954628,5.613024402585374,6.932921327376301,3
stationary,AdaptiveEpsilonGreedy,anomaly_sensitivity=0.3|base_epsilon=0.05|gamma=0.9|max_epsilon=0.5,400,6.27892154378443,0.6662186933665816,5.612702850417849,6.945140237151012,3
stationary,AdaptiveEpsilonGreedy,anomaly_sensitivity=0.3|base_epsilon=0.05|gamma=0.9|max_epsilon=0.5,401,6.283444287128653,0.6680919692234358,5.6153523179052165,6.951536256352089,3
stationary,AdaptiveEpsilonGreedy,anomaly_sensitivity=0.3|base_epsilon=0.05|gamma=0.9|max_epsilon=0.5,402,6.341724630304064,0.7287091073465208,5.613015522957543,7.0704337376505855,3
stationary,AdaptiveEpsilonGreedy,anomaly_sensitivity=0.3|base_epsilon=0.05|gamma=0.9|max_epsilon=0.5,403,6.3428299968594315,0.7280104407151221,5.614819556144309,7.070840437574554,3
stationary,AdaptiveEpsilonGreedy,anomaly_sensitivity=0.3|base_epsilon=0.05|gamma=0.9|max_epsilon=0.5,404,6.345857249730071,0.7331943449467504,5.6126629047833205,7.079051594676821,3
stationary,AdaptiveEpsilonGreedy,anomaly_sensitivity=0.3|base_epsilon=0.05|gamma=0.9|max_epsilon=0.5,405,6.3543562854633535,0.7449482477321698,5.609408037731184,7.099304533195523,3
stationary,AdaptiveEpsilonGreedy,anomaly_sensitivity=0.3|base_epsilon=0.05|gamma=0.9|max_epsilon=0.5,406,6.354425575594816,0.7449039813432717,5.609521594251545,7.099329556938088,3
stationary,AdaptiveEpsilonGreedy,anomaly_sensitivity=0.3|base_epsilon=0.05|gamma=0.9|max_epsilon=0.5,407,6.359074421219326,0.7461231573168554,5.61295126390247,7.105197578536181,3
stationary,AdaptiveEpsilonGreedy,anomaly_sensitivity=0.3|base_epsilon=0.05|gamma=0.9|max_epsilon=0.5,408,6.37611288633137,0.7495502606241826,5.626562625707187,7.125663146955553,3
stationary,AdaptiveEpsilonGreedy,anomaly_sensitivity=0.3|base_epsilon=0.05|gamma=0.9|max_epsilon=0.5,409,6.382404146289048,0.7480840977014278,5.63432004858762,7.1304882439904755,3
stationary,AdaptiveEpsilonGreedy,anomaly_sensitivity=0.3|base_epsilon=0.05|gamma=0.9|max_epsilon=0.5,410,6.38959971129362,0.7471895473691806,5.642410163924439,7.136789258662801,3
stationary,AdaptiveEpsilonGreedy,anomaly_sensitivity=0.3|base_epsilon=0.05|gamma=0.9|max_epsilon=0.5,411,6.42731887995377,0.7203677189706666,5.706951160983103,7.1476865989244365,3
stationary,AdaptiveEpsilonGreedy,anomaly_sensitivity=0.3|base_epsilon=0.05|gamma=0.9|max_epsilon=0.5,412,6.434449558071418,0.7193169106890304,5.715132647382388,7.153766468760448,3
stationary,AdaptiveEpsilonGreedy,anomaly_sensitivity=0.3|base_epsilon=0.05|gamma=0.9|max_epsilon=0.5,413,6.4392806603794215,0.7145669574442265,5.724713702935195,7.153847617823648,3
stationary,AdaptiveEpsilonGreedy,anomaly_sensitivity=0.3|base_epsilon=0.05|gamma=0.9|max_epsilon=0.5,414,6.449955993091396,0.7136728183766718,5.736283174714724,7.163628811468068,3
stationary,AdaptiveEpsilonGreedy,anomaly_sensitivity=0.3|base_epsilon=0.05|gamma=0.9|max_epsilon=0.5,415,6.460157261206781,0.7126549699289181,5.747502291277863,7.172812231135699,3
stationary,AdaptiveEpsilonGreedy,anomaly_sensitivity=0.3|base_epsilon=0.05|gamma=0.9|max_epsilon=0.5,416,6.4637083117296115,0.7085194438396734,5.755188867889938,7.172227755569285,3
stationary,AdaptiveEpsilonGreedy,anomaly_sensitivity=0.3|base_epsilon=0.05|gamma=0.9|max_epsilon=0.5,417,6.466712392450255,0.7113998926031597,5.755312499847095,7.178112285053414,3
stationary,AdaptiveEpsilonGreedy,anomaly_sensitivity=0.3|base_epsilon=0.05|gamma=0.9|max_epsilon=0.5,418,6.4755176294263945,0.7038143353127276,5.771703294113667,7.179331964739122,3
stationary,AdaptiveEpsilonGreedy,anomaly_sensitivity=0.3|base_epsilon=0.05|gamma=0.9|max_epsilon=0.5,419,6.484894504182115,0.7012274066089514,5.783667097573164,7.1861219107910665,3
stationary,AdaptiveEpsilonGreedy,anomaly_sensitivity=0.3|base_epsilon=0.05|gamma=0.9|max_epsilon=0.5,420,6.491198809333849,0.7119324614271232,5.779266347906725,7.203131270760972,3
stationary,AdaptiveEpsilonGreedy,anomaly_sensitivity=0.3|base_epsilon=0.05|gamma=0.9|max_epsilon=0.5,421,6.493121463893734,0.7151985234859433,5.77792294040779,7.208319987379677,3
stationary,AdaptiveEpsilonGreedy,anomaly_sensitivity=0.3|base_epsilon=0.05|gamma=0.9|max_epsilon=0.5,422,6.50926819012891,0.741285246657134,5.767982943471775,7.250553436786044,3
stationary,AdaptiveEpsilonGreedy,anomaly_sensitivity=0.3|base_epsilon=0.05|gamma=0.9|max_epsilon=0.5,423,6.5297315030996925,0.7205867510931271,5.809144752006565,7.25031825419282,3
stationary,AdaptiveEpsilonGreedy,anomaly_sensitivity=0.3|base_epsilon=0.05|gamma=0.9|max_epsilon=0.5,424,6.540796930390125,0.7337013573634206,5.807095573026705,7.274498287753546,3
stationary,AdaptiveEpsilonGreedy,anomaly_sensitivity=0.3|base_epsilon=0.05|gamma=0.9|max_epsilon=0.5,425,6.54305627509098,0.7314437370058683,5.811612538085112,7.274500012096849,3
stationary,AdaptiveEpsilonGreedy,anomaly_sensitivity=0.3|base_epsilon=0.05|gamma=0.9|max_epsilon=0.5,426,6.544865626239563,0.729498239306173,5.81536738693339,7.274363865545736,3
stationary,AdaptiveEpsilonGreedy,anomaly_sensitivity=0.3|base_epsilon=0.05|gamma=0.9|max_epsilon=0.5,427,6.552701226150583,0.7210324362512743,5.831668789899308,7.273733662401857,3
stationary,AdaptiveEpsilonGreedy,anomaly_sensitivity=0.3|base_epsilon=0.05|gamma=0.9|max_epsilon=0.5,428,6.556122113298135,0.7235351432061539,5.832586970091981,7.279657256504288,3
stationary,AdaptiveEpsilonGreedy,anomaly_sensitivity=0.3|base_epsilon=0.05|gamma=0.9|max_epsilon=0.5,429,6.561031615831406,0.7183403288197481,5.842691287011658,7.279371944651154,3
stationary,AdaptiveEpsilonGreedy,anomaly_sensitivity=0.3|base_epsilon=0.05|gamma=0.9|max_epsilon=0.5,430,6.562919268731669,0.7201776956405607,5.842741573091108,7.28309696437223,3
stationary,AdaptiveEpsilonGreedy,anomaly_sensitivity=0.3|base_epsilon=0.05|gamma=0.9|max_epsilon=0.5,431,6.5882125269090865,0.7037347162641887,5.884477810644897,7.291947243173276,3
stationary,AdaptiveEpsilonGreedy,anomaly_sensitivity=0.3|base_epsilon=0.05|gamma=0.9|max_epsilon=0.5,432,6.602828068505095,0.6884827949313785,5.914345273573716,7.291310863436474,3
stationary,AdaptiveEpsilonGreedy,anomaly_sensitivity=0.3|base_epsilon=0.05|gamma=0.9|max_epsilon=0.5,433,6.60675973240302,0.695200460281829,5.911559272121191,7.30196019268485,3
stationary,AdaptiveEpsilonGreedy,anomaly_sensitivity=0.3|base_epsilon=0.05|gamma=0.9|max_epsilon=0.5,434,6.608969148939155,0.6934187904290352,5.91555035851012,7.302387939368191,3
stationary,AdaptiveEpsilonGreedy,anomaly_sensitivity=0.3|base_epsilon=0.05|gamma=0.9|max_epsilon=0.5,435,6.621326314613143,0.6896364351869513,5.931689879426192,7.310962749800095,3
stationary,AdaptiveEpsilonGreedy,anomaly_sensitivity=0.3|base_epsilon=0.05|gamma=0.9|max_epsilon=0.5,436,6.627592551569364,0.6842700535529975,5.943322498016367,7.311862605122362,3
stationary,AdaptiveEpsilonGreedy,anomaly_sensitivity=0.3|base_epsilon=0.05|gamma=0.9|max_epsilon=0.5,437,6.6341826075943935,0.6802314479644106,5.953951159629983,7.314414055558804,3
stationary,AdaptiveEpsilonGreedy,anomaly_sensitivity=0.3|base_epsilon=0.05|gamma=0.9|max_epsilon=0.5,438,6.641505224136725,0.6778173287111394,5.963687895425585,7.319322552847864,3
stationary,AdaptiveEpsilonGreedy,anomaly_sensitivity=0.3|base_epsilon=0.05|gamma=0.9|max_epsilon=0.5,439,6.645677466199501,0.6763208997723688,5.969356566427132,7.32199836597187,3
stationary,AdaptiveEpsilonGreedy,anomaly_sensitivity=0.3|base_epsilon=0.05|gamma=0.9|max_epsilon=0.5,440,6.6520592650988535,0.680169886950839,5.971889378148014,7.332229152049693,3
stationary,AdaptiveEpsilonGreedy,anomaly_sensitivity=0.3|base_epsilon=0.05|gamma=0.9|max_epsilon=0.5,441,6.660573848725932,0.6755348438337397,5.985039004892192,7.336108692559671,3
stationary,AdaptiveEpsilonGreedy,anomaly_sensitivity=0.3|base_epsilon=0.05|gamma=0.9|max_epsilon=0.5,442,6.681776305517956,0.6673820585268373,6.0143942469911185,7.3491583640447935,3
stationary,AdaptiveEpsilonGreedy,anomaly_sensitivity=0.3|base_epsilon=0.05|gamma=0.9|max_epsilon=0.5,443,6.688199913071688,0.669614828988764,6.018585084082924,7.357814742060452,3
stationary,AdaptiveEpsilonGreedy,anomaly_sensitivity=0.3|base_epsilon=0.05|gamma=0.9|max_epsilon=0.5,444,6.695415882357007,0.6664221793004028,6.028993703056604,7.3618380616574095,3
stationary,AdaptiveEpsilonGreedy,anomaly_sensitivity=0.3|base_epsilon=0.05|gamma=0.9|max_epsilon=0.5,445,6.696680587573231,0.6658852049429562,6.0307953826302745,7.362565792516187,3
stationary,AdaptiveEpsilonGreedy,anomaly_sensitivity=0.3|base_epsilon=0.05|gamma=0.9|max_epsilon=0.5,446,6.738665507072137,0.7327456307287419,6.005919876343396,7.471411137800879,3
stationary,AdaptiveEpsilonGreedy,anomaly_sensitivity=0.3|base_epsilon=0.05|gamma=0.9|max_epsilon=0.5,447,6.747486081142829,0.7394534298861523,6.008032651256676,7.486939511028981,3
stationary,AdaptiveEpsilonGreedy,anomaly_sensitivity=0.3|base_epsilon=0.05|gamma=0.9|max_epsilon=0.5,448,6.759286606591001,0.7398859928568619,6.019400613734139,7.499172599447863,3
stationary,AdaptiveEpsilonGreedy,anomaly_sensitivity=0.3|base_epsilon=0.05|gamma=0.9|max_epsilon=0.5,449,6.763322328511435,0.7399756509427131,6.023346677568722,7.503297979454149,3
stationary,AdaptiveEpsilonGreedy,anomaly_sensitivity=0.3|base_epsilon=0.05|gamma=0.9|max_epsilon=0.5,450,6.765700181888914,0.7383516216247492,6.027348560264166,7.504051803513663,3
stationary,AdaptiveEpsilonGreedy,anomaly_sensitivity=0.3|base_epsilon=0.05|gamma=0.9|max_epsilon=0.5,451,6.820409414093734,0.7444305798947414,6.075978834198993,7.564839993988476,3
stationary,AdaptiveEpsilonGreedy,anomaly_sensitivity=0.3|base_epsilon=0.05|gamma=0.9|max_epsilon=0.5,452,6.821769188807738,0.742689468989841,6.079079719817897,7.564458657797579,3
stationary,AdaptiveEpsilonGreedy,anomaly_sensitivity=0.3|base_epsilon=0.05|gamma=0.9|max_epsilon=0.5,453,6.823835392649387,0.7414040390670712,6.082431353582315,7.565239431716458,3
stationary,AdaptiveEpsilonGreedy,anomaly_sensitivity=0.3|base_epsilon=0.05|gamma=0.9|max_epsilon=0.5,454,6.827683090707921,0.7393708695271075,6.088312221180813,7.567053960235028,3
stationary,AdaptiveEpsilonGreedy,anomaly_sensitivity=0.3|base_epsilon=0.05|gamma=0.9|max_epsilon=0.5,455,6.828068667433386,0.739031466325807,6.089037201107579,7.567100133759193,3
stationary,AdaptiveEpsilonGreedy,anomaly_sensitivity=0.3|base_epsilon=0.05|gamma=0.9|max_epsilon=0.5,456,6.830241568237064,0.7382626884085687,6.091978879828495,7.568504256645633,3
stationary,AdaptiveEpsilonGreedy,anomaly_sensitivity=0.3|base_epsilon=0.05|gamma=0.9|max_epsilon=0.5,457,6.904178836227935,0.6621500871158045,6.24202874911213,7.56632892334374,3
stationary,AdaptiveEpsilonGreedy,anomaly_sensitivity=0.3|base_epsilon=0.05|gamma=0.9|max_epsilon=0.5,458,6.91149058383137,0.6532574872145914,6.258233096616778,7.564748071045961,3
stationary,AdaptiveEpsilonGreedy,anomaly_sensitivity=0.3|base_epsilon=0.05|gamma=0.9|max_epsilon=0.5,459,6.9147106548818265,0.6545312679769626,6.260179386904864,7.569241922858789,3
stationary,AdaptiveEpsilonGreedy,anomaly_sensitivity=0.3|base_epsilon=0.05|gamma=0.9|max_epsilon=0.5,460,6.924463126004727,0.6499410116129984,6.274522114391728,7.574404137617726,3
stationary,AdaptiveEpsilonGreedy,anomaly_sensitivity=0.3|base_epsilon=0.05|gamma=0.9|max_epsilon=0.5,461,6.932330165745206,0.6481595323883002,6.284170633356906,7.580489698133507,3
stationary,AdaptiveEpsilonGreedy,anomaly_sensitivity=0.3|base_epsilon=0.05|gamma=0.9|max_epsilon=0.5,462,6.937631076775792,0.6490275838560842,6.288603492919707,7.586658660631876,3
stationary,AdaptiveEpsilonGreedy,anomaly_sensitivity=0.3|base_epsilon=0.05|gamma=0.9|max_epsilon=0.5,463,6.938469220682404,0.6479892217200262,6.290479998962378,7.586458442402431,3
stationary,AdaptiveEpsilonGreedy,anomaly_sensitivity=0.3|base_epsilon=0.05|gamma=0.9|max_epsilon=0.5,464,6.943390425363042,0.6562021995565038,6.2871882258065375,7.599592624919546,3
stationary,AdaptiveEpsilonGreedy,anomaly_sensitivity=0.3|base_epsilon=0.05|gamma=0.9|max_epsilon=0.5,465,6.94737260486512,0.6560250244683424,6.291347580396778,7.603397629333463,3
stationary,AdaptiveEpsilonGreedy,anomaly_sensitivity=0.3|base_epsilon=0.05|gamma=0.9|max_epsilon=0.5,466,6.950425645133138,0.6554005458913229,6.2950250992418155,7.605826191024461,3
stationary,AdaptiveEpsilonGreedy,anomaly_sensitivity=0.3|base_epsilon=0.05|gamma=0.9|max_epsilon=0.5,467,6.978972347822668,0.6520130784587982,6.32695926936387,7.630985426281466,3
stationary,AdaptiveEpsilonGreedy,anomaly_sensitivity=0.3|base_epsilon=0.05|gamma=0.9|max_epsilon=0.5,468,6.979459598835466,0.6513698778814392,6.3280897209540266,7.630829476716905,3
stationary,AdaptiveEpsilonGreedy,anomaly_sensitivity=0.3|base_epsilon=0.05|gamma=0.9|max_epsilon=0.5,469,6.987001451310003,0.6501649743526906,6.336836476957313,7.637166425662693,3
stationary,AdaptiveEpsilonGreedy,anomaly_sensitivity=0.3|base_epsilon=0.05|gamma=0.9|max_epsilon=0.5,470,6.987976910013835,0.6494938103612026,6.338483099652632,7.637470720375037,3
stationary,AdaptiveEpsilonGreedy,anomaly_sensitivity=0.3|base_epsilon=0.05|gamma=0.9|max_epsilon=0.5,471,7.02496824461872,0.6034337706832162,6.421534473935504,7.628402015301937,3
stationary,AdaptiveEpsilonGreedy,anomaly_sensitivity=0.3|base_epsilon=0.05|gamma=0.9|max_epsilon=0.5,472,7.065804055552142,0.5638606907456037,6.501943364806539,7.629664746297746,3
stationary,AdaptiveEpsilonGreedy,anomaly_sensitivity=0.3|base_epsilon=0.05|gamma=0.9|max_epsilon=0.5,473,7.08094375719602,0.5835671945378965,6.497376562658124,7.6645109517339165,3
stationary,AdaptiveEpsilonGreedy,anomaly_sensitivity=0.3|base_epsilon=0.05|gamma=0.9|max_epsilon=0.5,474,7.0827032765618085,0.5826706596237645,6.500032616938044,7.665373936185573,3
stationary,AdaptiveEpsilonGreedy,anomaly_sensitivity=0.3|base_epsilon=0.05|gamma=0.9|max_epsilon=0.5,475,7.0827032765618085,0.5826706596237645,6.500032616938044,7.665373936185573,3
stationary,AdaptiveEpsilonGreedy,anomaly_sensitivity=0.3|base_epsilon=0.05|gamma=0.9|max_epsilon=0.5,476,7.089378774651762,0.5797362787947253,6.509642495857037,7.669115053446488,3
stationary,AdaptiveEpsilonGreedy,anomaly_sensitivity=0.3|base_epsilon=0.05|gamma=0.9|max_epsilon=0.5,477,7.092913270706068,0.5824169886511432,6.510496282054924,7.675330259357211,3
stationary,AdaptiveEpsilonGreedy,anomaly_sensitivity=0.3|base_epsilon=0.05|gamma=0.9|max_epsilon=0.5,478,7.106741859768878,0.5688780601193042,6.537863799649574,7.675619919888182,3
stationary,AdaptiveEpsilonGreedy,anomaly_sensitivity=0.3|base_epsilon=0.05|gamma=0.9|max_epsilon=0.5,479,7.11547018965942,0.568840263405883,6.546629926253537,7.684310453065303,3
stationary,AdaptiveEpsilonGreedy,anomaly_sensitivity=0.3|base_epsilon=0.05|gamma=0.9|max_epsilon=0.5,480,7.117088465583058,0.5715868500206521,6.545501615562406,7.68867531560371,3
stationary,AdaptiveEpsilonGreedy,anomaly_sensitivity=0.3|base_epsilon=0.05|gamma=0.9|max_epsilon=0.5,481,7.120822668818319,0.5745138834066179,6.546308785411702,7.695336552224937,3
stationary,AdaptiveEpsilonGreedy,anomaly_sensitivity=0.3|base_epsilon=0.05|gamma=0.9|max_epsilon=0.5,482,7.12776828716473,0.574917986441552,6.552850300723178,7.7026862736062816,3
stationary,AdaptiveEpsilonGreedy,anomaly_sensitivity=0.3|base_epsilon=0.05|gamma=0.9|max_epsilon=0.5,483,7.151938319675504,0.5977850277227753,6.554153291952729,7.749723347398279,3
stationary,AdaptiveEpsilonGreedy,anomaly_sensitivity=0.3|base_epsilon=0.05|gamma=0.9|max_epsilon=0.5,484,7.154904035982173,0.5947504061718917,6.560153629810281,7.749654442154065,3
stationary,AdaptiveEpsilonGreedy,anomaly_sensitivity=0.3|base_epsilon=0.05|gamma=0.9|max_epsilon=0.5,485,7.1709615814557734,0.6220870667953713,6.548874514660402,7.793048648251145,3
stationary,AdaptiveEpsilonGreedy,anomaly_sensitivity=0.3|base_epsilon=0.05|gamma=0.9|max_epsilon=0.5,486,7.17130696495672,0.6218864020386806,6.54942056291804,7.793193366995401,3
stationary,AdaptiveEpsilonGreedy,anomaly_sensitivity=0.3|base_epsilon=0.05|gamma=0.9|max_epsilon=0.5,487,7.172657932382369,0.6229659295920201,6.549692002790349,7.795623861974389,3
stationary,AdaptiveEpsilonGreedy,anomaly_sensitivity=0.3|base_epsilon=0.05|gamma=0.9|max_epsilon=0.5,488,7.194706063438292,0.6004297709213998,6.594276292516892,7.795135834359692,3
stationary,AdaptiveEpsilonGreedy,anomaly_sensitivity=0.3|base_epsilon=0.05|gamma=0.9|max_epsilon=0.5,489,7.1973532515006715,0.5980126908337619,6.59934056066691,7.795365942334433,3
stationary,AdaptiveEpsilonGreedy,anomaly_sensitivity=0.3|base_epsilon=0.05|gamma=0.9|max_epsilon=0.5,490,7.2006645816112735,0.5958457008514825,6.604818880759791,7.796510282462756,3
stationary,AdaptiveEpsilonGreedy,anomaly_sensitivity=0.3|base_epsilon=0.05|gamma=0.9|max_epsilon=0.5,491,7.226353319062452,0.5799646382260948,6.646388680836357,7.806317957288546,3
stationary,AdaptiveEpsilonGreedy,anomaly_sensitivity=0.3|base_epsilon=0.05|gamma=0.9|max_epsilon=0.5,492,7.247791225293267,0.5592695904742206,6.688521634819047,7.807060815767487,3
stationary,AdaptiveEpsilonGreedy,anomaly_sensitivity=0.3|base_epsilon=0.05|gamma=0.9|max_epsilon=0.5,493,7.254363077544766,0.5628882916589972,6.691474785885768,7.817251369203763,3
stationary,AdaptiveEpsilonGreedy,anomaly_sensitivity=0.3|base_epsilon=0.05|gamma=0.9|max_epsilon=0.5,494,7.266143591658332,0.5613611465730483,6.704782445085283,7.82750473823138,3
stationary,AdaptiveEpsilonGreedy,anomaly_sensitivity=0.3|base_epsilon=0.05|gamma=0.9|max_epsilon=0.5,495,7.269917177083289,0.5575297912683639,6.712387385814925,7.827446968351653,3
stationary,AdaptiveEpsilonGreedy,anomaly_sensitivity=0.3|base_epsilon=0.05|gamma=0.9|max_epsilon=0.5,496,7.277515978614976,0.5606312481814274,6.716884730433549,7.838147226796403,3
stationary,AdaptiveEpsilonGreedy,anomaly_sensitivity=0.3|base_epsilon=0.05|gamma=0.9|max_epsilon=0.5,497,7.288988543712694,0.549410717476991,6.739577826235704,7.838399261189685,3
stationary,AdaptiveEpsilonGreedy,anomaly_sensitivity=0.3|base_epsilon=0.05|gamma=0.9|max_epsilon=0.5,498,7.292193625932267,0.5549061818323798,6.737287444099887,7.847099807764647,3
stationary,AdaptiveEpsilonGreedy,anomaly_sensitivity=0.3|base_epsilon=0.05|gamma=0.9|max_epsilon=0.5,499,7.30266136185018,0.5573414090728039,6.7453199527773755,7.860002770922984,3
stationary,AdaptiveEpsilonGreedy,anomaly_sensitivity=0.3|base_epsilon=0.05|gamma=0.9|max_epsilon=0.5,500,7.308044488524662,0.5663501517905992,6.741694336734063,7.874394640315262,3
stationary,AdaptiveEpsilonGreedy,anomaly_sensitivity=0.3|base_epsilon=0.05|gamma=0.9|max_epsilon=0.5,501,7.310984875142691,0.5714000464236669,6.739584828719024,7.882384921566358,3
stationary,AdaptiveEpsilonGreedy,anomaly_sensitivity=0.3|base_epsilon=0.05|gamma=0.9|max_epsilon=0.5,502,7.317372903225556,0.5720231799421679,6.745349723283389,7.889396083167724,3
stationary,AdaptiveEpsilonGreedy,anomaly_sensitivity=0.3|base_epsilon=0.05|gamma=0.9|max_epsilon=0.5,503,7.320161224276304,0.5713535471875638,6.74880767708874,7.891514771463868,3
stationary,AdaptiveEpsilonGreedy,anomaly_sensitivity=0.3|base_epsilon=0.05|gamma=0.9|max_epsilon=0.5,504,7.321217495113179,0.5704155002759602,6.750801994837219,7.891632995389139,3
stationary,AdaptiveEpsilonGreedy,anomaly_sensitivity=0.3|base_epsilon=0.05|gamma=0.9|max_epsilon=0.5,505,7.328193963891903,0.5676961757756298,6.7604977881162736,7.895890139667532,3
stationary,AdaptiveEpsilonGreedy,anomaly_sensitivity=0.3|base_epsilon=0.05|gamma=0.9|max_epsilon=0.5,506,7.333307304090424,0.5646861240867931,6.768621180003631,7.897993428177218,3
stationary,AdaptiveEpsilonGreedy,anomaly_sensitivity=0.3|base_epsilon=0.05|gamma=0.9|max_epsilon=0.5,507,7.338989373401776,0.5690275452207019,6.769961828181074,7.908016918622478,3
stationary,AdaptiveEpsilonGreedy,anomaly_sensitivity=0.3|base_epsilon=0.05|gamma=0.9|max_epsilon=0.5,508,7.345973387804321,0.5707944833598773,6.775178904444443,7.916767871164199,3
stationary,AdaptiveEpsilonGreedy,anomaly_sensitivity=0.3|base_epsilon=0.05|gamma=0.9|max_epsilon=0.5,509,7.354257584029796,0.5639136013707884,6.7903439826590075,7.918171185400584,3
stationary,AdaptiveEpsilonGreedy,anomaly_sensitivity=0.3|base_epsilon=0.05|gamma=0.9|max_epsilon=0.5,510,7.376445388177596,0.5434313353947156,6.833014052782881,7.919876723572312,3
stationary,AdaptiveEpsilonGreedy,anomaly_sensitivity=0.3|base_epsilon=0.05|gamma=0.9|max_epsilon=0.5,511,7.379538530098299,0.5483052599565128,6.8312332701417855,7.927843790054812,3
stationary,AdaptiveEpsilonGreedy,anomaly_sensitivity=0.3|base_epsilon=0.05|gamma=0.9|max_epsilon=0.5,512,7.379538530098299,0.5483052599565128,6.8312332701417855,7.927843790054812,3
stationary,AdaptiveEpsilonGreedy,anomaly_sensitivity=0.3|base_epsilon=0.05|gamma=0.9|max_epsilon=0.5,513,7.383094367123106,0.5479414652621695,6.835152901860937,7.931035832385275,3
stationary,AdaptiveEpsilonGreedy,anomaly_sensitivity=0.3|base_epsilon=0.05|gamma=0.9|max_epsilon=0.5,514,7.392893655443644,0.5415961696003981,6.851297485843246,7.934489825044042,3
stationary,AdaptiveEpsilonGreedy,anomaly_sensitivity=0.3|base_epsilon=0.05|gamma=0.9|max_epsilon=0.5,515,7.401856698573219,0.5365636749085774,6.865293023664642,7.938420373481796,3
stationary,AdaptiveEpsilonGreedy,anomaly_sensitivity=0.3|base_epsilon=0.05|gamma=0.9|max_epsilon=0.5,516,7.407700256454618,0.5447407455613004,6.862959510893317,7.952441002015918,3
stationary,AdaptiveEpsilonGreedy,anomaly_sensitivity=0.3|base_epsilon=0.05|gamma=0.9|max_epsilon=0.5,517,7.409019959331232,0.5469363564354204,6.862083602895812,7.955956315766652,3
stationary,AdaptiveEpsilonGreedy,anomaly_sensitivity=0.3|base_epsilon=0.05|gamma=0.9|max_epsilon=0.5,518,7.412409350031749,0.5441823011095919,6.868227048922157,7.95659165114134,3
stationary,AdaptiveEpsilonGreedy,anomaly_sensitivity=0.3|base_epsilon=0.05|gamma=0.9|max_epsilon=0.5,519,7.424401386336747,0.5432735957900359,6.881127790546711,7.967674982126783,3
stationary,AdaptiveEpsilonGreedy,anomaly_sensitivity=0.3|base_epsilon=0.05|gamma=0.9|max_epsilon=0.5,520,7.426999561826988,0.5431801313877829,6.883819430439205,7.970179693214771,3
stationary,AdaptiveEpsilonGreedy,anomaly_sensitivity=0.3|base_epsilon=0.05|gamma=0.9|max_epsilon=0.5,521,7.429317323220972,0.5413132182778444,6.8880041049431275,7.970630541498816,3
stationary,AdaptiveEpsilonGreedy,anomaly_sensitivity=0.3|base_epsilon=0.05|gamma=0.9|max_epsilon=0.5,522,7.432192518515289,0.5384070795800647,6.893785438935224,7.970599598095354,3
stationary,AdaptiveEpsilonGreedy,anomaly_sensitivity=0.3|base_epsilon=0.05|gamma=0.9|max_epsilon=0.5,523,7.437256597496536,0.5471387782110134,6.890117819285523,7.98439537570755,3
stationary,AdaptiveEpsilonGreedy,anomaly_sensitivity=0.3|base_epsilon=0.05|gamma=0.9|max_epsilon=0.5,524,7.44086383374612,0.5440937144589258,6.896770119287194,7.984957548205046,3
stationary,AdaptiveEpsilonGreedy,anomaly_sensitivity=0.3|base_epsilon=0.05|gamma=0.9|max_epsilon=0.5,525,7.44238434279292,0.542568562191404,6.899815780601516,7.984952904984324,3
stationary,AdaptiveEpsilonGreedy,anomaly_sensitivity=0.3|base_epsilon=0.05|gamma=0.9|max_epsilon=0.5,526,7.4448172857192745,0.5408402349699536,6.9039770507493206,7.985657520689228,3
stationary,AdaptiveEpsilonGreedy,anomaly_sensitivity=0.3|base_epsilon=0.05|gamma=0.9|max_epsilon=0.5,527,7.448801556639012,0.5418666608850227,6.906934895753989,7.990668217524035,3
stationary,AdaptiveEpsilonGreedy,anomaly_sensitivity=0.3|base_epsilon=0.05|gamma=0.9|max_epsilon=0.5,528,7.449981826713959,0.5410397713039542,6.908942055410004,7.991021598017913,3
stationary,AdaptiveEpsilonGreedy,anomaly_sensitivity=0.3|base_epsilon=0.05|gamma=0.9|max_epsilon=0.5,529,7.458812557099034,0.5382166922827541,6.9205958648162795,7.997029249381788,3
stationary,AdaptiveEpsilonGreedy,anomaly_sensitivity=0.3|base_epsilon=0.05|gamma=0.9|max_epsilon=0.5,530,7.477987782672113,0.5382642437452629,6.93972353892685,8.016252026417376,3
stationary,AdaptiveEpsilonGreedy,anomaly_sensitivity=0.3|base_epsilon=0.05|gamma=0.9|max_epsilon=0.5,531,7.490699254824843,0.528898344069026,6.961800910755818,8.019597598893869,3
stationary,AdaptiveEpsilonGreedy,anomaly_sensitivity=0.3|base_epsilon=0.05|gamma=0.9|max_epsilon=0.5,532,7.495448414948826,0.5309414505597418,6.964506964389084,8.026389865508568,3
stationary,AdaptiveEpsilonGreedy,anomaly_sensitivity=0.3|base_epsilon=0.05|gamma=0.9|max_epsilon=0.5,533,7.505988816663682,0.5349436515792607,6.971045165084421,8.040932468242943,3
stationary,AdaptiveEpsilonGreedy,anomaly_sensitivity=0.3|base_epsilon=0.05|gamma=0.9|max_epsilon=0.5,534,7.5067395953837535,0.5342032426273923,6.972536352756361,8.040942838011146,3
stationary,AdaptiveEpsilonGreedy,anomaly_sensitivity=0.3|base_epsilon=0.05|gamma=0.9|max_epsilon=0.5,535,7.511054685481227,0.53049703138614,6.980557654095087,8.041551716867367,3
stationary,AdaptiveEpsilonGreedy,anomaly_sensitivity=0.3|base_epsilon=0.05|gamma=0.9|max_epsilon=0.5,536,7.514391412767257,0.5328227305293695,6.981568682237887,8.047214143296626,3
stationary,AdaptiveEpsilonGreedy,anomaly_sensitivity=0.3|base_epsilon=0.05|gamma=0.9|max_epsilon=0.5,537,7.551398225632314,0.5110042401035243,7.04039398552879,8.062402465735838,3
stationary,AdaptiveEpsilonGreedy,anomaly_sensitivity=0.3|base_epsilon=0.05|gamma=0.9|max_epsilon=0.5,538,7.572221572064373,0.5186762475594145,7.053545324504958,8.090897819623788,3
stationary,AdaptiveEpsilonGreedy,anomaly_sensitivity=0.3|base_epsilon=0.05|gamma=0.9|max_epsilon=0.5,539,7.580319877431255,0.5274193237591458,7.052900553672109,8.107739201190402,3
stationary,AdaptiveEpsilonGreedy,anomaly_sensitivity=0.3|base_epsilon=0.05|gamma=0.9|max_epsilon=0.5,540,7.592164139059981,0.527373805383311,7.06479033367667,8.119537944443291,3
stationary,AdaptiveEpsilonGreedy,anomaly_sensitivity=0.3|base_epsilon=0.05|gamma=0.9|max_epsilon=0.5,541,7.598118671325351,0.5211394506110283,7.076979220714323,8.11925812193638,3
stationary,AdaptiveEpsilonGreedy,anomaly_sensitivity=0.3|base_epsilon=0.05|gamma=0.9|max_epsilon=0.5,542,7.60998278837458,0.5126604962576509,7.09732229211693,8.12264328463223,3
stationary,AdaptiveEpsilonGreedy,anomaly_sensitivity=0.3|base_epsilon=0.05|gamma=0.9|max_epsilon=0.5,543,7.612359535635129,0.5106763001360897,7.101683235499039,8.12303583577122,3
stationary,AdaptiveEpsilonGreedy,anomaly_sensitivity=0.3|base_epsilon=0.05|gamma=0.9|max_epsilon=0.5,544,7.613500299583101,0.5094461795100113,7.10405412007309,8.122946479093113,3
stationary,AdaptiveEpsilonGreedy,anomaly_sensitivity=0.3|base_epsilon=0.05|gamma=0.9|max_epsilon=0.5,545,7.614230761302552,0.5086609687605665,7.105569792541985,8.122891730063118,3
stationary,AdaptiveEpsilonGreedy,anomaly_sensitivity=0.3|base_epsilon=0.05|gamma=0.9|max_epsilon=0.5,546,7.6230365010480625,0.5145869843689165,7.108449516679146,8.137623485416979,3
stationary,AdaptiveEpsilonGreedy,anomaly_sensitivity=0.3|base_epsilon=0.05|gamma=0.9|max_epsilon=0.5,547,7.634481644543392,0.5175532182670739,7.116928426276318,8.152034862810465,3
stationary,AdaptiveEpsilonGreedy,anomaly_sensitivity=0.3|base_epsilon=0.05|gamma=0.9|max_epsilon=0.5,548,7.644385001405367,0.53218972636082,7.112195275044547,8.176574727766187,3
stationary,AdaptiveEpsilonGreedy,anomaly_sensitivity=0.3|base_epsilon=0.05|gamma=0.9|max_epsilon=0.5,549,7.652323076273709,0.5269615994026077,7.1253614768711016,8.179284675676318,3
stationary,AdaptiveEpsilonGreedy,anomaly_sensitivity=0.3|base_epsilon=0.05|gamma=0.9|max_epsilon=0.5,550,7.656903489134275,0.5256874856212351,7.13121600351304,8.18259097475551,3
stationary,AdaptiveEpsilonGreedy,anomaly_sensitivity=0.3|base_epsilon=0.05|gamma=0.9|max_epsilon=0.5,551,7.661818149181038,0.5311735120775465,7.130644637103492,8.192991661258585,3
stationary,AdaptiveEpsilonGreedy,anomaly_sensitivity=0.3|base_epsilon=0.05|gamma=0.9|max_epsilon=0.5,552,7.667204694030467,0.5404143699970783,7.126790324033388,8.207619064027545,3
stationary,AdaptiveEpsilonGreedy,anomaly_sensitivity=0.3|base_epsilon=0.05|gamma=0.9|max_epsilon=0.5,553,7.674362203822267,0.5420367637837289,7.132325440038538,8.216398967605995,3
stationary,AdaptiveEpsilonGreedy,anomaly_sensitivity=0.3|base_epsilon=0.05|gamma=0.9|max_epsilon=0.5,554,7.678394606436126,0.5474226241956411,7.130971982240485,8.225817230631767,3
stationary,AdaptiveEpsilonGreedy,anomaly_sensitivity=0.3|base_epsilon=0.05|gamma=0.9|max_epsilon=0.5,555,7.683440127352333,0.5444632805336671,7.138976846818666,8.227903407886,3
stationary,AdaptiveEpsilonGreedy,anomaly_sensitivity=0.3|base_epsilon=0.05|gamma=0.9|max_epsilon=0.5,556,7.691461348563384,0.541090491440178,7.150370857123206,8.232551840003563,3
stationary,AdaptiveEpsilonGreedy,anomaly_sensitivity=0.3|base_epsilon=0.05|gamma=0.9|max_epsilon=0.5,557,7.691643405107224,0.5409779865366597,7.150665418570565,8.232621391643884,3
stationary,AdaptiveEpsilonGreedy,anomaly_sensitivity=0.3|base_epsilon=0.05|gamma=0.9|max_epsilon=0.5,558,7.696033019310916,0.5484863806812152,7.147546638629701,8.244519399992132,3
stationary,AdaptiveEpsilonGreedy,anomaly_sensitivity=0.3|base_epsilon=0.05|gamma=0.9|max_epsilon=0.5,559,7.7142401423609686,0.5374478178217253,7.176792324539243,8.251687960182695,3
stationary,AdaptiveEpsilonGreedy,anomaly_sensitivity=0.3|base_epsilon=0.05|gamma=0.9|max_epsilon=0.5,560,7.724852633746905,0.5287542488758424,7.196098384871062,8.253606882622748,3
stationary,AdaptiveEpsilonGreedy,anomaly_sensitivity=0.3|base_epsilon=0.05|gamma=0.9|max_epsilon=0.5,561,7.739251130528902,0.5401836646277833,7.199067465901118,8.279434795156686,3
stationary,AdaptiveEpsilonGreedy,anomaly_sensitivity=0.3|base_epsilon=0.05|gamma=0.9|max_epsilon=0.5,562,7.745740190934263,0.5371209443804208,7.208619246553842,8.282861135314683,3
stationary,AdaptiveEpsilonGreedy,anomaly_sensitivity=0.3|base_epsilon=0.05|gamma=0.9|max_epsilon=0.5,563,7.746118653189222,0.536931344298008,7.209187308891214,8.28304999748723,3
stationary,AdaptiveEpsilonGreedy,anomaly_sensitivity=0.3|base_epsilon=0.05|gamma=0.9|max_epsilon=0.5,564,7.761733610194955,0.5297570084737124,7.231976601721242,8.291490618668668,3
stationary,AdaptiveEpsilonGreedy,anomaly_sensitivity=0.3|base_epsilon=0.05|gamma=0.9|max_epsilon=0.5,565,7.764555061001974,0.528597925751911,7.235957135250063,8.293152986753885,3
stationary,AdaptiveEpsilonGreedy,anomaly_sensitivity=0.3|base_epsilon=0.05|gamma=0.9|max_epsilon=0.5,566,7.768088585136856,0.5270995224875604,7.240989062649295,8.295188107624416,3
stationary,AdaptiveEpsilonGreedy,anomaly_sensitivity=0.3|base_epsilon=0.05|gamma=0.9|max_epsilon=0.5,567,7.78418112537785,0.5216070513034609,7.262574074074389,8.305788176681311,3
stationary,AdaptiveEpsilonGreedy,anomaly_sensitivity=0.3|base_epsilon=0.05|gamma=0.9|max_epsilon=0.5,568,7.78630966945664,0.520987908647165,7.265321760809474,8.307297578103805,3
stationary,AdaptiveEpsilonGreedy,anomaly_sensitivity=0.3|base_epsilon=0.05|gamma=0.9|max_epsilon=0.5,569,7.791214998521551,0.5235830516365397,7.267631946885011,8.31479805015809,3
stationary,AdaptiveEpsilonGreedy,anomaly_sensitivity=0.3|base_epsilon=0.05|gamma=0.9|max_epsilon=0.5,570,7.793756035311493,0.5229065370762948,7.270849498235199,8.316662572387788,3
stationary,AdaptiveEpsilonGreedy,anomaly_sensitivity=0.3|base_epsilon=0.05|gamma=0.9|max_epsilon=0.5,571,7.80015264566138,0.5174720602502932,7.282680585411087,8.317624705911673,3
stationary,AdaptiveEpsilonGreedy,anomaly_sensitivity=0.3|base_epsilon=0.05|gamma=0.9|max_epsilon=0.5,572,7.808263647833993,0.5264725816025037,7.281791066231489,8.334736229436496,3
stationary,AdaptiveEpsilonGreedy,anomaly_sensitivity=0.3|base_epsilon=0.05|gamma=0.9|max_epsilon=0.5,573,7.8113151520687865,0.5290991080377477,7.282216044031038,8.340414260106535,3
stationary,AdaptiveEpsilonGreedy,anomaly_sensitivity=0.3|base_epsilon=0.05|gamma=0.9|max_epsilon=0.5,574,7.824145827600501,0.5377960678012208,7.28634975979928,8.36194189540172,3
stationary,AdaptiveEpsilonGreedy,anomaly_sensitivity=0.3|base_epsilon=0.05|gamma=0.9|max_epsilon=0.5,575,7.826601498835058,0.5388147288947512,7.287786769940307,8.36541622772981,3
stationary,AdaptiveEpsilonGreedy,anomaly_sensitivity=0.3|base_epsilon=0.05|gamma=0.9|max_epsilon=0.5,576,7.830577369931981,0.5355522678024933,7.295025102129488,8.366129637734474,3
stationary,AdaptiveEpsilonGreedy,anomaly_sensitivity=0.3|base_epsilon=0.05|gamma=0.9|max_epsilon=0.5,577,7.831968779990148,0.5346147654769802,7.297354014513168,8.366583545467128,3
stationary,AdaptiveEpsilonGreedy,anomaly_sensitivity=0.3|base_epsilon=0.05|gamma=0.9|max_epsilon=0.5,578,7.835718095205203,0.5406875953751011,7.295030499830101,8.376405690580304,3
stationary,AdaptiveEpsilonGreedy,anomaly_sensitivity=0.3|base_epsilon=0.05|gamma=0.9|max_epsilon=0.5,579,7.845282748489043,0.5530280641751787,7.292254684313865,8.398310812664223,3
stationary,AdaptiveEpsilonGreedy,anomaly_sensitivity=0.3|base_epsilon=0.05|gamma=0.9|max_epsilon=0.5,580,7.854995808908359,0.5467653244739977,7.308230484434361,8.401761133382356,3
stationary,AdaptiveEpsilonGreedy,anomaly_sensitivity=0.3|base_epsilon=0.05|gamma=0.9|max_epsilon=0.5,581,7.862686816520859,0.547435248852599,7.31525156766826,8.410122065373457,3
stationary,AdaptiveEpsilonGreedy,anomaly_sensitivity=0.3|base_epsilon=0.05|gamma=0.9|max_epsilon=0.5,582,7.8995873857444225,0.5124504686292782,7.387136917115145,8.4120378543737,3
stationary,AdaptiveEpsilonGreedy,anomaly_sensitivity=0.3|base_epsilon=0.05|gamma=0.9|max_epsilon=0.5,583,7.934459830466399,0.5620571510167341,7.372402679449665,8.496516981483133,3
stationary,AdaptiveEpsilonGreedy,anomaly_sensitivity=0.3|base_epsilon=0.05|gamma=0.9|max_epsilon=0.5,584,7.94012290508348,0.5610040988142619,7.379118806269218,8.501127003897741,3
stationary,AdaptiveEpsilonGreedy,anomaly_sensitivity=0.3|base_epsilon=0.05|gamma=0.9|max_epsilon=0.5,585,7.944263934435494,0.5676152573257783,7.376648677109715,8.511879191761272,3
stationary,AdaptiveEpsilonGreedy,anomaly_sensitivity=0.3|base_epsilon=0.05|gamma=0.9|max_epsilon=0.5,586,7.954097025350776,0.5838808018740805,7.370216223476695,8.537977827224855,3
stationary,AdaptiveEpsilonGreedy,anomaly_sensitivity=0.3|base_epsilon=0.05|gamma=0.9|max_epsilon=0.5,587,7.957979955558174,0.5789804499360197,7.378999505622154,8.536960405494193,3
stationary,AdaptiveEpsilonGreedy,anomaly_sensitivity=0.3|base_epsilon=0.05|gamma=0.9|max_epsilon=0.5,588,7.960987167450985,0.575210622914631,7.385776544536354,8.536197790365616,3
stationary,AdaptiveEpsilonGreedy,anomaly_sensitivity=0.3|base_epsilon=0.05|gamma=0.9|max_epsilon=0.5,589,7.963586754761543,0.5719699935179487,7.391616761243594,8.535556748279491,3
stationary,AdaptiveEpsilonGreedy,anomaly_sensitivity=0.3|base_epsilon=0.05|gamma=0.9|max_epsilon=0.5,590,7.965678843638919,0.5715034869685366,7.394175356670383,8.537182330607456,3
stationary,AdaptiveEpsilonGreedy,anomaly_sensitivity=0.3|base_epsilon=0.05|gamma=0.9|max_epsilon=0.5,591,7.977708430443393,0.5758055000841757,7.401902930359217,8.553513930527568,3
stationary,AdaptiveEpsilonGreedy,anomaly_sensitivity=0.3|base_epsilon=0.05|gamma=0.9|max_epsilon=0.5,592,8.007908753449485,0.5646671988907885,7.443241554558696,8.572575952340273,3
stationary,AdaptiveEpsilonGreedy,anomaly_sensitivity=0.3|base_epsilon=0.05|gamma=0.9|max_epsilon=0.5,593,8.010722218857909,0.5640688449725438,7.446653373885365,8.574791063830453,3
stationary,AdaptiveEpsilonGreedy,anomaly_sensitivity=0.3|base_epsilon=0.05|gamma=0.9|max_epsilon=0.5,594,8.014259933857609,0.5656265423525574,7.4486333915050515,8.579886476210167,3
stationary,AdaptiveEpsilonGreedy,anomaly_sensitivity=0.3|base_epsilon=0.05|gamma=0.9|max_epsilon=0.5,595,8.024814284308105,0.5628999834904085,7.461914300817696,8.587714267798514,3
stationary,AdaptiveEpsilonGreedy,anomaly_sensitivity=0.3|base_epsilon=0.05|gamma=0.9|max_epsilon=0.5,596,8.034009287673372,0.564399572988958,7.469609714684414,8.59840886066233,3
stationary,AdaptiveEpsilonGreedy,anomaly_sensitivity=0.3|base_epsilon=0.05|gamma=0.9|max_epsilon=0.5,597,8.037523702467654,0.5633461506675856,7.474177551800068,8.60086985313524,3
stationary,AdaptiveEpsilonGreedy,anomaly_sensitivity=0.3|base_epsilon=0.05|gamma=0.9|max_epsilon=0.5,598,8.052564797631353,0.5615666698344762,7.490998127796877,8.61413146746583,3
stationary,AdaptiveEpsilonGreedy,anomaly_sensitivity=0.3|base_epsilon=0.05|gamma=0.9|max_epsilon=0.5,599,8.080299144984059,0.5381285497167926,7.542170595267266,8.618427694700852,3
stationary,Epsilon_Greedy,epsilon=0.1,0,0.10945513216538932,0.07573024986106017,0.03372488230432916,0.1851853820264495,3
stationary,Epsilon_Greedy,epsilon=0.1,1,0.17044490130362663,0.09962877408656719,0.07081612721705945,0.27007367539019383,3
stationary,Epsilon_Greedy,epsilon=0.1,2,0.22961111219819805,0.14817078190676872,0.08144033029142933,0.37778189410496676,3
stationary,Epsilon_Greedy,epsilon=0.1,3,0.27496380153006394,0.21724533625289216,0.05771846527717178,0.4922091377829561,3
stationary,Epsilon_Greedy,epsilon=0.1,4,0.32040057497227903,0.27519358682989775,0.04520698814238128,0.5955941618021767,3
stationary,Epsilon_Greedy,epsilon=0.1,5,0.4134426109540788,0.3520687331587735,0.06137387779530529,0.7655113441128523,3
stationary,Epsilon_Greedy,epsilon=0.1,6,0.4725517721396318,0.4330456271557103,0.039506144983921465,0.9055973992953421,3
stationary,Epsilon_Greedy,epsilon=0.1,7,0.5477156196181682,0.5193054182438924,0.028410201374275745,1.0670210378620606,3
stationary,Epsilon_Greedy,epsilon=0.1,8,0.595244891201734,0.584775502735253,0.010469388466480933,1.1800203939369869,3
stationary,Epsilon_Greedy,epsilon=0.1,9,0.6138080879522511,0.5976552887588154,0.016152799193435707,1.2114633767110665,3
stationary,Epsilon_Greedy,epsilon=0.1,10,0.6600645250900531,0.6488081720720182,0.011256353018034848,1.3088726971620712,3
stationary,Epsilon_Greedy,epsilon=0.1,11,0.6955385449004078,0.710057331521246,-0.014518786620838164,1.4055958764216538,3
stationary,Epsilon_Greedy,epsilon=0.1,12,0.719156121649831,0.7467429735243618,-0.027586851874530804,1.4658990951741928,3
stationary,Epsilon_Greedy,epsilon=0.1,13,0.7668465056466923,0.8032098380065915,-0.03636333235989919,1.5700563436532837,3
stationary,Epsilon_Greedy,epsilon=0.1,14,0.8227526534438935,0.8682438666232806,-0.04549121317938709,1.690996520067174,3
stationary,Epsilon_Greedy,epsilon=0.1,15,0.8759957843510474,0.9576393192157641,-0.08164353486471665,1.8336351035668115,3
stationary,Epsilon_Greedy,epsilon=0.1,16,0.9101983314857099,0.9910952863229161,-0.08089695483720616,1.901293617808626,3
stationary,Epsilon_Greedy,epsilon=0.1,17,0.9828958902595805,1.0733001093404946,-0.09040421908091412,2.056195999600075,3
stationary,Epsilon_Greedy,epsilon=0.1,18,1.0734513779303414,1.2189537551907668,-0.14550237726042536,2.2924051331211084,3
stationary,Epsilon_Greedy,epsilon=0.1,19,1.1508449108607282,1.3042968938486292,-0.15345198298790108,2.455141804709357,3
stationary,Epsilon_Greedy,epsilon=0.1,20,1.1727656249610667,1.3153131480526414,-0.1425475230915747,2.488078773013708,3
stationary,Epsilon_Greedy,epsilon=0.1,21,1.196858188280185,1.3517472599910387,-0.15488907171085375,2.548605448271224,3
stationary,Epsilon_Greedy,epsilon=0.1,22,1.2330086596206522,1.4033452004766835,-0.17033654085603134,2.6363538600973357,3
stationary,Epsilon_Greedy,epsilon=0.1,23,1.2755440134946516,1.4770185937487585,-0.20147458025410692,2.7525626072434104,3
stationary,Epsilon_Greedy,epsilon=0.1,24,1.332466712465415,1.5640043936311934,-0.23153768116577833,2.8964711060966084,3
stationary,Epsilon_Greedy,epsilon=0.1,25,1.3675203694793179,1.6161837258963923,-0.24866335641707438,2.9837040953757104,3
stationary,Epsilon_Greedy,epsilon=0.1,26,1.4130816313369623,1.6906268508015339,-0.27754521946457156,3.1037084821384964,3
stationary,Epsilon_Greedy,epsilon=0.1,27,1.4594776380820553,1.7618763541557199,-0.30239871607366453,3.221353992237775,3
stationary,Epsilon_Greedy,epsilon=0.1,28,1.5082002724861916,1.7982193917149236,-0.290019119228732,3.3064196642011154,3
stationary,Epsilon_Greedy,epsilon=0.1,29,1.5531003362015792,1.8759883114346403,-0.3228879752330611,3.4290886476362195,3
stationary,Epsilon_Greedy,epsilon=0.1,30,1.5736341988477784,1.891054639011427,-0.31742044016364845,3.4646888378592053,3
stationary,Epsilon_Greedy,epsilon=0.1,31,1.638145605068697,2.0027913179383128,-0.36464571286961567,3.64093692300701,3
stationary,Epsilon_Greedy,epsilon=0.1,32,1.6894386765448486,2.084072784848977,-0.39463410830412826,3.7735114613938254,3
stationary,Epsilon_Greedy,epsilon=0.1,33,1.731069586897748,2.1521562413560154,-0.42108665445826743,3.8832258282537633,3
stationary,Epsilon_Greedy,epsilon=0.1,34,1.7860161254850642,2.233500462721585,-0.4474843372365207,4.019516588206649,3
stationary,Epsilon_Greedy,epsilon=0.1,35,1.828287473959105,2.3023003320173485,-0.47401285805824345,4.130587805976454,3
stationary,Epsilon_Greedy,epsilon=0.1,36,1.863970980084679,2.3641048692244246,-0.5001338891397455,4.2280758493091035,3
stationary,Epsilon_Greedy,epsilon=0.1,37,1.9161645755172205,2.4474338558919477,-0.5312692803747272,4.3635984314091685,3
stationary,Epsilon_Greedy,epsilon=0.1,38,1.9528513727483177,2.5028228187874375,-0.5499714460391198,4.455674191535755,3
stationary,Epsilon_Greedy,epsilon=0.1,39,1.9889665664044696,2.5623689599662063,-0.5734023935617367,4.551335526370676,3
stationary,Epsilon_Greedy,epsilon=0.1,40,2.051227987586486,2.662873606480601,-0.6116456188941153,4.7141015940670865,3
stationary,Epsilon_Greedy,epsilon=0.1,41,2.0931215267687615,2.716054127332341,-0.6229326005635794,4.809175654101102,3
stationary,Epsilon_Greedy,epsilon=0.1,42,2.1445931764025543,2.794024011655377,-0.6494308352528226,4.938617188057931,3
stationary,Epsilon_Greedy,epsilon=0.1,43,2.177101919235718,2.8454120213408833,-0.6683101021051652,5.0225139405766015,3
stationary,Epsilon_Greedy,epsilon=0.1,44,2.2064293382266578,2.8962081309400314,-0.6897787927133736,5.102637469166689,3
stationary,Epsilon_Greedy,epsilon=0.1,45,2.2615278871337927,2.97813522114132,-0.7166073340075272,5.239663108275113,3
stationary,Epsilon_Greedy,epsilon=0.1,46,2.3010761106451816,3.0340958246732717,-0.7330197140280901,5.335171935318453,3
stationary,Epsilon_Greedy,epsilon=0.1,47,2.3489078513331623,3.1072187725089284,-0.7583109211757662,5.45612662384209,3
stationary,Epsilon_Greedy,epsilon=0.1,48,2.4016536862707425,3.1871565210450674,-0.7855028347743249,5.5888102073158095,3
stationary,Epsilon_Greedy,epsilon=0.1,49,2.4549411302134287,3.26690625730509,-0.8119651270916615,5.721847387518519,3
stationary,Epsilon_Greedy,epsilon=0.1,50,2.4825910406521703,3.2963704446284825,-0.8137794039763122,5.778961485280653,3
stationary,Epsilon_Greedy,epsilon=0.1,51,2.5328639099298256,3.3827553953164653,-0.8498914853866397,5.915619305246291,3
stationary,Epsilon_Greedy,epsilon=0.1,52,2.5600675927107646,3.419637276578377,-0.8595696838676123,5.979704869289142,3
stationary,Epsilon_Greedy,epsilon=0.1,53,2.5630321106943925,3.4241717919449974,-0.8611396812506049,5.98720390263939,3
stationary,Epsilon_Greedy,epsilon=0.1,54,2.5793685904715886,3.4274402664109775,-0.8480716759393889,6.006808856882566,3
stationary,Epsilon_Greedy,epsilon=0.1,55,2.596743557531443,3.4153518847128823,-0.8186083271814395,6.012095442244325,3
stationary,Epsilon_Greedy,epsilon=0.1,56,2.6032214442088084,3.4162978387486866,-0.8130763945398782,6.019519282957495,3
stationary,Epsilon_Greedy,epsilon=0.1,57,2.6078074515863277,3.4148103521503668,-0.8070029005640391,6.022617803736694,3
stationary,Epsilon_Greedy,epsilon=0.1,58,2.6159080834366164,3.409638169232575,-0.7937300857959584,6.025546252669191,3
stationary,Epsilon_Greedy,epsilon=0.1,59,2.6375171745481745,3.415900442147096,-0.7783832675989215,6.0534176166952705,3
stationary,Epsilon_Greedy,epsilon=0.1,60,2.6416401896100976,3.4153216211538426,-0.773681431543745,6.056961810763941,3
stationary,Epsilon_Greedy,epsilon=0.1,61,2.6497899543284573,3.425042203923905,-0.7752522495954475,6.074832158252362,3
stationary,Epsilon_Greedy,epsilon=0.1,62,2.6552654015248875,3.4306160504788465,-0.775350648953959,6.0858814520037345,3
stationary,Epsilon_Greedy,epsilon=0.1,63,2.662197677066088,3.4426217469995106,-0.7804240699334226,6.104819424065599,3
stationary,Epsilon_Greedy,epsilon=0.1,64,2.666147549675933,3.4429696950143645,-0.7768221453384316,6.109117244690298,3
stationary,Epsilon_Greedy,epsilon=0.1,65,2.6755930102267063,3.454756663152505,-0.7791636529257988,6.130349673379211,3
stationary,Epsilon_Greedy,epsilon=0.1,66,2.680653953331799,3.4514100372971686,-0.7707560839653698,6.132063990628968,3
stationary,Epsilon_Greedy,epsilon=0.1,67,2.6953735830551815,3.459811890860501,-0.7644383078053196,6.155185473915683,3
stationary,Epsilon_Greedy,epsilon=0.1,68,2.705549303869994,3.4559165166015298,-0.7503672127315357,6.161465820471523,3
stationary,Epsilon_Greedy,epsilon=0.1,69,2.709466361780901,3.452832102221621,-0.7433657404407197,6.162298464002522,3
stationary,Epsilon_Greedy,epsilon=0.1,70,2.7165879119057017,3.458267036774651,-0.7416791248689494,6.174854948680353,3
stationary,Epsilon_Greedy,epsilon=0.1,71,2.7266665585604257,3.449523192186197,-0.7228566336257711,6.176189750746623,3
stationary,Epsilon_Greedy,epsilon=0.1,72,2.7321288394928867,3.4454976538677506,-0.713368814374864,6.177626493360638,3
stationary,Epsilon_Greedy,epsilon=0.1,73,2.741089138089053,3.45777307932142,-0.7166839412323669,6.198862217410474,3
stationary,Epsilon_Greedy,epsilon=0.1,74,2.741862813147566,3.4571173745844006,-0.7152545614368346,6.198980187731967,3
stationary,Epsilon_Greedy,epsilon=0.1,75,2.7814586533180132,3.5037099054324923,-0.722251252114479,6.285168558750506,3
stationary,Epsilon_Greedy,epsilon=0.1,76,2.7864030882722104,3.5010000693457046,-0.7145969810734942,6.287403157617915,3
stationary,Epsilon_Greedy,epsilon=0.1,77,2.7906541591708436,3.499401356179229,-0.7087471970083854,6.290055515350073,3
stationary,Epsilon_Greedy,epsilon=0.1,78,2.804638965282118,3.515922547754345,-0.7112835824722272,6.320561513036463,3
stationary,Epsilon_Greedy,epsilon=0.1,79,2.8086221677773975,3.5160540844469033,-0.7074319166695058,6.3246762522243,3
stationary,Epsilon_Greedy,epsilon=0.1,80,2.8132110984516814,3.5184088852632205,-0.7051977868115391,6.331619983714901,3
stationary,Epsilon_Greedy,epsilon=0.1,81,2.816325509440635,3.522255616705909,-0.7059301072652739,6.3385811261465435,3
stationary,Epsilon_Greedy,epsilon=0.1,82,2.8167632371133244,3.5230137001823607,-0.7062504630690363,6.339776937295685,3
stationary,Epsilon_Greedy,epsilon=0.1,83,2.8219966188262844,3.524662674898481,-0.7026660560721965,6.346659293724765,3
stationary,Epsilon_Greedy,epsilon=0.1,84,2.8244475710709387,3.5267648939598844,-0.7023173228889457,6.351212465030823,3
stationary,Epsilon_Greedy,epsilon=0.1,85,2.8286175718554105,3.5339865817788683,-0.7053690099234577,6.362604153634279,3
stationary,Epsilon_Greedy,epsilon=0.1,86,2.8333138247105842,3.538072812079004,-0.7047589873684199,6.371386636789588,3
stationary,Epsilon_Greedy,epsilon=0.1,87,2.843146980170658,3.5484478183457533,-0.7053008381750954,6.391594798516412,3
stationary,Epsilon_Greedy,epsilon=0.1,88,2.8520368127451055,3.5461194107953666,-0.6940825980502612,6.398156223540472,3
stationary,Epsilon_Greedy,epsilon=0.1,89,2.8728633991915644,3.5770732265314655,-0.7042098273399011,6.44993662572303,3
stationary,Epsilon_Greedy,epsilon=0.1,90,2.877792108485982,3.577492313513439,-0.6997002050274572,6.455284421999421,3
stationary,Epsilon_Greedy,epsilon=0.1,91,2.8806322962503508,3.5795534088344647,-0.6989211125841139,6.4601857050848155,3
stationary,Epsilon_Greedy,epsilon=0.1,92,2.889972444704586,3.584862118016917,-0.6948896733123311,6.474834562721503,3
stationary,Epsilon_Greedy,epsilon=0.1,93,2.8945817170618304,3.5906755880825645,-0.6960938710207341,6.485257305144395,3
stationary,Epsilon_Greedy,epsilon=0.1,94,2.9026034231354516,3.6032631330378755,-0.7006597099024239,6.505866556173327,3
stationary,Epsilon_Greedy,epsilon=0.1,95,2.9073826582297397,3.59925087158921,-0.6918682133594705,6.50663352981895,3
stationary,Epsilon_Greedy,epsilon=0.1,96,2.945480922390241,3.5753063172885184,-0.6298253948982775,6.520787239678759,3
stationary,Epsilon_Greedy,epsilon=0.1,97,2.9562313946528587,3.5693344564781304,-0.6131030618252717,6.525565851130989,3
stationary,Epsilon_Greedy,epsilon=0.1,98,2.9606189826925866,3.573855853082522,-0.6132368703899354,6.534474835775109,3
stationary,Epsilon_Greedy,epsilon=0.1,99,2.972882480412279,3.565765053928804,-0.5928825735165248,6.538647534341083,3
stationary,Epsilon_Greedy,epsilon=0.1,100,2.977081809776033,3.563305010876452,-0.5862232011004189,6.5403868206524844,3
stationary,Epsilon_Greedy,epsilon=0.1,101,2.9892488008181495,3.5600322336200696,-0.5707834328019201,6.549281034438219,3
stationary,Epsilon_Greedy,epsilon=0.1,102,2.9972285077078666,3.5532667570640064,-0.5560382493561398,6.5504952647718735,3
stationary,Epsilon_Greedy,epsilon=0.1,103,3.0162131551049645,3.555441316555335,-0.5392281614503704,6.571654471660299,3
stationary,Epsilon_Greedy,epsilon=0.1,104,3.0425019303727274,3.5354526299753273,-0.49295069960259985,6.577954560348054,3
stationary,Epsilon_Greedy,epsilon=0.1,105,3.0478166511238527,3.5308249224026604,-0.48300827127880774,6.578641573526513,3
stationary,Epsilon_Greedy,epsilon=0.1,106,3.0530367277168096,3.5295920744405977,-0.4765553467237882,6.582628802157407,3
stationary,Epsilon_Greedy,epsilon=0.1,107,3.0600697876099954,3.5417706925411148,-0.4817009049311194,6.60184048015111,3
stationary,Epsilon_Greedy,epsilon=0.1,108,3.1428982662009024,3.6453643799719284,-0.502466113771026,6.78826264617283,3
stationary,Epsilon_Greedy,epsilon=0.1,109,3.1509535024870057,3.657569361708155,-0.5066158592211494,6.808522864195161,3
stationary,Epsilon_Greedy,epsilon=0.1,110,3.1566979985476036,3.656541959160356,-0.49984396061275227,6.813239957707959,3
stationary,Epsilon_Greedy,epsilon=0.1,111,3.162110013272162,3.66276031706166,-0.5006503037894983,6.824870330333821,3
stationary,Epsilon_Greedy,epsilon=0.1,112,3.164901767056088,3.6666501612682003,-0.5017483942121124,6.831551928324288,3
stationary,Epsilon_Greedy,epsilon=0.1,113,3.17176405322307,3.6725846353885836,-0.5008205821655136,6.844348688611653,3
stationary,Epsilon_Greedy,epsilon=0.1,114,3.181366644446372,3.6666348649076035,-0.4852682204612315,6.848001509353976,3
stationary,Epsilon_Greedy,epsilon=0.1,115,3.21385652985546,3.7222197822531884,-0.5083632523977282,6.936076312108648,3
stationary,Epsilon_Greedy,epsilon=0.1,116,3.2180988793777883,3.722931882441216,-0.5048330030634278,6.941030761819004,3
stationary,Epsilon_Greedy,epsilon=0.1,117,3.221713384106622,3.7262077478222837,-0.5044943637156618,6.947921131928906,3
stationary,Epsilon_Greedy,epsilon=0.1,118,3.2293220922193915,3.730402178533225,-0.5010800863138334,6.959724270752616,3
stationary,Epsilon_Greedy,epsilon=0.1,119,3.252856916281997,3.7237316911374516,-0.4708747748554547,6.9765886074194485,3
stationary,Epsilon_Greedy,epsilon=0.1,120,3.258224922504351,3.723362736679768,-0.4651378141754172,6.981587659184119,3
stationary,Epsilon_Greedy,epsilon=0.1,121,3.262669775817503,3.726317250302013,-0.46364747448451027,6.988987026119516,3
stationary,Epsilon_Greedy,epsilon=0.1,122,3.2719537792971747,3.721072028150951,-0.44911824885377616,6.9930258074481255,3
stationary,Epsilon_Greedy,epsilon=0.1,123,3.282217419952558,3.7180977671846502,-0.43588034723209246,7.000315187137208,3
stationary,Epsilon_Greedy,epsilon=0.1,124,3.3039779024455207,3.7504441939525446,-0.4464662915070239,7.054422096398065,3
stationary,Epsilon_Greedy,epsilon=0.1,125,3.309262639592362,3.7473960710443235,-0.4381334314519614,7.056658710636686,3
stationary,Epsilon_Greedy,epsilon=0.1,126,3.319121073472296,3.749538544937501,-0.43041747146520537,7.0686596184097965,3
stationary,Epsilon_Greedy,epsilon=0.1,127,3.3296429575916817,3.7447082253731314,-0.4150652677814497,7.074351182964813,3
stationary,Epsilon_Greedy,epsilon=0.1,128,3.342686646804004,3.7672903743848365,-0.4246037275808323,7.109977021188841,3
stationary,Epsilon_Greedy,epsilon=0.1,129,3.3709513757603413,3.746615002495319,-0.37566362673497755,7.11756637825566,3
stationary,Epsilon_Greedy,epsilon=0.1,130,3.3725489914877276,3.7493800483621667,-0.3768310568744391,7.121929039849894,3
stationary,Epsilon_Greedy,epsilon=0.1,131,3.377568913457715,3.7555242119162013,-0.3779552984584864,7.133093125373916,3
stationary,Epsilon_Greedy,epsilon=0.1,132,3.4148453860084835,3.820041789453008,-0.40519640344452457,7.234887175461491,3
stationary,Epsilon_Greedy,epsilon=0.1,133,3.417065090099855,3.820740575408518,-0.4036754853086628,7.237805665508374,3
stationary,Epsilon_Greedy,epsilon=0.1,134,3.4234683072161225,3.8221877817778793,-0.3987194745617568,7.245656088994002,3
stationary,Epsilon_Greedy,epsilon=0.1,135,3.428697968802712,3.819027095608691,-0.390329126805979,7.247725064411403,3
stationary,Epsilon_Greedy,epsilon=0.1,136,3.4349541164833592,3.829004123458683,-0.3940500069753239,7.263958239942042,3
stationary,Epsilon_Greedy,epsilon=0.1,137,3.43944076981681,3.8268370254259803,-0.3873962556091701,7.26627779524279,3
stationary,Epsilon_Greedy,epsilon=0.1,138,3.4505298769775763,3.8356198221229754,-0.38508994514539907,7.286149699100552,3
stationary,Epsilon_Greedy,epsilon=0.1,139,3.4720183062608245,3.833378741130873,-0.3613604348700483,7.305397047391697,3
stationary,Epsilon_Greedy,epsilon=0.1,140,3.473340892885682,3.8356676316302214,-0.36232673874453925,7.309008524515903,3
stationary,Epsilon_Greedy,epsilon=0.1,141,3.485095733135673,3.839222429389547,-0.35412669625387405,7.32431816252522,3
stationary,Epsilon_Greedy,epsilon=0.1,142,3.4879540997456,3.8441691551559196,-0.3562150554103196,7.33212325490152,3
stationary,Epsilon_Greedy,epsilon=0.1,143,3.4964554135222485,3.857927151215439,-0.3614717376931904,7.354382564737687,3
stationary,Epsilon_Greedy,epsilon=0.1,144,3.5046329595851216,3.852216919830491,-0.34758396024536964,7.356849879415613,3
stationary,Epsilon_Greedy,epsilon=0.1,145,3.5112627331259105,3.849824998244388,-0.3385622651184774,7.361087731370299,3
stationary,Epsilon_Greedy,epsilon=0.1,146,3.51780873717358,3.8532189202895104,-0.3354101831159304,7.37102765746309,3
stationary,Epsilon_Greedy,epsilon=0.1,147,3.5315329229841943,3.862303889366389,-0.3307709663821945,7.3938368123505835,3
stationary,Epsilon_Greedy,epsilon=0.1,148,3.53392892404708,3.863561285162972,-0.329632361115892,7.397490209210052,3
stationary,Epsilon_Greedy,epsilon=0.1,149,3.5454225015820207,3.8669789875134075,-0.32155648593138686,7.412401489095428,3
stationary,Epsilon_Greedy,epsilon=0.1,150,3.5492910647910936,3.870363766360759,-0.3210727015696655,7.419654831151853,3
stationary,Epsilon_Greedy,epsilon=0.1,151,3.5586774126161598,3.86777010333957,-0.30909269072341017,7.426447515955729,3
stationary,Epsilon_Greedy,epsilon=0.1,152,3.565768918321144,3.868127308273617,-0.3023583899524733,7.4338962265947615,3
stationary,Epsilon_Greedy,epsilon=0.1,153,3.5676886775862067,3.868059053824887,-0.30037037623868024,7.435747731411094,3
stationary,Epsilon_Greedy,epsilon=0.1,154,3.570295426986442,3.871915244056277,-0.301619817069835,7.442210671042719,3
stationary,Epsilon_Greedy,epsilon=0.1,155,3.577220941283248,3.8805446866062283,-0.30332374532298045,7.457765627889476,3
stationary,Epsilon_Greedy,epsilon=0.1,156,3.584963036855296,3.8902454614682114,-0.30528242461291555,7.475208498323507,3
stationary,Epsilon_Greedy,epsilon=0.1,157,3.589691778850659,3.8984278077096546,-0.30873602885899576,7.488119586560313,3
stationary,Epsilon_Greedy,epsilon=0.1,158,3.5924078762963076,3.8962393926340777,-0.30383151633777006,7.488647268930386,3
stationary,Epsilon_Greedy,epsilon=0.1,159,3.5935159096373557,3.898156593719424,-0.30464068408206835,7.49167250335678,3
stationary,Epsilon_Greedy,epsilon=0.1,160,3.5996515718774895,3.895899670939049,-0.2962480990615597,7.495551242816539,3
stationary,Epsilon_Greedy,epsilon=0.1,161,3.6075895165743455,3.9090088096375926,-0.3014192930632471,7.516598326211938,3
stationary,Epsilon_Greedy,epsilon=0.1,162,3.6175845079974036,3.912383184910967,-0.29479867691356354,7.529967692908371,3
stationary,Epsilon_Greedy,epsilon=0.1,163,3.625665098024942,3.918458202333097,-0.2927931043081551,7.54412330035804,3
stationary,Epsilon_Greedy,epsilon=0.1,164,3.6260928944194704,3.9187698310606955,-0.2926769366412252,7.544862725480166,3
stationary,Epsilon_Greedy,epsilon=0.1,165,3.6322786870037613,3.9191956755443202,-0.2869169885405589,7.551474362548081,3
stationary,Epsilon_Greedy,epsilon=0.1,166,3.6371455104261767,3.927609633524184,-0.2904641230980074,7.564755143950361,3
stationary,Epsilon_Greedy,epsilon=0.1,167,3.641802427856318,3.933184792872785,-0.29138236501646686,7.574987220729103,3
stationary,Epsilon_Greedy,epsilon=0.1,168,3.6471325317581123,3.938146520116891,-0.2910139883587788,7.585279051875004,3
stationary,Epsilon_Greedy,epsilon=0.1,169,3.653598949213727,3.947650629174088,-0.29405167996036097,7.601249578387815,3
stationary,Epsilon_Greedy,epsilon=0.1,170,3.6556976945997253,3.951282959988697,-0.2955852653889717,7.606980654588423,3
stationary,Epsilon_Greedy,epsilon=0.1,171,3.669701541669084,3.9613333188011524,-0.2916317771320682,7.631034860470237,3
stationary,Epsilon_Greedy,epsilon=0.1,172,3.6831664051914488,3.953134708840522,-0.2699683036490734,7.636301114031971,3
stationary,Epsilon_Greedy,epsilon=0.1,173,3.688701191600103,3.950806863920108,-0.26210567232000503,7.639508055520211,3
stationary,Epsilon_Greedy,epsilon=0.1,174,3.6943964602059762,3.9493926249578557,-0.2549961647518795,7.6437890851638315,3
stationary,Epsilon_Greedy,epsilon=0.1,175,3.6970919713969277,3.948929772267526,-0.25183780087059837,7.646021743664454,3
stationary,Epsilon_Greedy,epsilon=0.1,176,3.697243953315178,3.948807855893344,-0.25156390257816597,7.646051809208522,3
stationary,Epsilon_Greedy,epsilon=0.1,177,3.7074338750101927,3.9406652463833725,-0.23323137137317973,7.648099121393566,3
stationary,Epsilon_Greedy,epsilon=0.1,178,3.7194879855441916,3.9422341522373663,-0.2227461666931747,7.661722137781558,3
stationary,Epsilon_Greedy,epsilon=0.1,179,3.7305620727965128,3.942419654493614,-0.21185758169710134,7.672981727290127,3
stationary,Epsilon_Greedy,epsilon=0.1,180,3.7361885218350963,3.9379417342413827,-0.2017532124062864,7.674130256076479,3
stationary,Epsilon_Greedy,epsilon=0.1,181,3.739551029458209,3.9387027719217755,-0.1991517424635667,7.678253801379984,3
stationary,Epsilon_Greedy,epsilon=0.1,182,3.7444417362256477,3.9468460350171446,-0.2024042987914969,7.691287771242792,3
stationary,Epsilon_Greedy,epsilon=0.1,183,3.7472714865708547,3.9501850080641163,-0.20291352149326158,7.697456494634971,3
stationary,Epsilon_Greedy,epsilon=0.1,184,3.7530681882609134,3.9507647903844214,-0.19769660212350804,7.703832978645335,3
stationary,Epsilon_Greedy,epsilon=0.1,185,3.7612166250824544,3.9565906605498715,-0.19537403546741716,7.717807285632325,3
stationary,Epsilon_Greedy,epsilon=0.1,186,3.7699094447944828,3.948896433918357,-0.17898698912387445,7.71880587871284,3
stationary,Epsilon_Greedy,epsilon=0.1,187,3.7702165635735363,3.948609959650801,-0.17839339607726457,7.718826523224337,3
stationary,Epsilon_Greedy,epsilon=0.1,188,3.773127266864654,3.9497116883706265,-0.17658442150597242,7.7228389552352805,3
stationary,Epsilon_Greedy,epsilon=0.1,189,3.797789638897497,3.9735105676536016,-0.17572092875610457,7.771300206551098,3
stationary,Epsilon_Greedy,epsilon=0.1,190,3.8066780615724944,3.9745983844919137,-0.16792032291941927,7.781276446064409,3
stationary,Epsilon_Greedy,epsilon=0.1,191,3.809393353971705,3.973301833728638,-0.163908479756933,7.782695187700343,3
stationary,Epsilon_Greedy,epsilon=0.1,192,3.8148969746097467,3.9695699575819416,-0.1546729829721949,7.784466932191688,3
stationary,Epsilon_Greedy,epsilon=0.1,193,3.823356572028977,3.9727972715869644,-0.14944069955798733,7.796153843615942,3
stationary,Epsilon_Greedy,epsilon=0.1,194,3.834272329650642,3.97570925620443,-0.14143692655378803,7.809981585855072,3
stationary,Epsilon_Greedy,epsilon=0.1,195,3.8386386962077714,3.9717129004486513,-0.1330742042408799,7.810351596656423,3
stationary,Epsilon_Greedy,epsilon=0.1,196,3.847294599038032,3.971442862461061,-0.12414826342302909,7.818737461499093,3
stationary,Epsilon_Greedy,epsilon=0.1,197,3.855419759017208,3.9716232625595307,-0.11620350354232256,7.827043021576738,3
stationary,Epsilon_Greedy,epsilon=0.1,198,3.86197036438271,3.974332112251072,-0.11236174786836184,7.836302476633782,3
stationary,Epsilon_Greedy,epsilon=0.1,199,3.867121032464381,3.9702071813891116,-0.10308614892473056,7.8373282138534925,3
stationary,Epsilon_Greedy,epsilon=0.1,200,3.8690114796293895,3.9734780968850196,-0.10446661725563011,7.842489576514409,3
stationary,Epsilon_Greedy,epsilon=0.1,201,3.8821060921073474,3.9811877349895477,-0.09908164288220034,7.863293827096895,3
stationary,Epsilon_Greedy,epsilon=0.1,202,3.8821060921073474,3.9811877349895477,-0.09908164288220034,7.863293827096895,3
stationary,Epsilon_Greedy,epsilon=0.1,203,3.884860580408006,3.980581924636931,-0.09572134422892509,7.865442505044937,3
stationary,Epsilon_Greedy,epsilon=0.1,204,3.9012778223740145,3.967826145409848,-0.06654832303583325,7.869103967783863,3
stationary,Epsilon_Greedy,epsilon=0.1,205,3.903963424373959,3.9701483079010416,-0.0661848835270824,7.874111732275001,3
stationary,Epsilon_Greedy,epsilon=0.1,206,3.918092196519613,3.962065785362822,-0.04397358884320868,7.880157981882435,3
stationary,Epsilon_Greedy,epsilon=0.1,207,3.9868743118958068,3.910437039776915,0.07643727211889173,7.897311351672721,3
stationary,Epsilon_Greedy,epsilon=0.1,208,4.030827723631495,3.880246117677858,0.15058160595363645,7.911073841309353,3
stationary,Epsilon_Greedy,epsilon=0.1,209,4.0338743060985855,3.8855007383580427,0.1483735677405429,7.919375044456628,3
stationary,Epsilon_Greedy,epsilon=0.1,210,4.035402895921415,3.884393280587118,0.15100961533429658,7.919796176508533,3
stationary,Epsilon_Greedy,epsilon=0.1,211,4.054630264217377,3.8877823227959967,0.1668479414213806,7.942412587013374,3
stationary,Epsilon_Greedy,epsilon=0.1,212,4.060774317092638,3.891745191496565,0.16902912559607275,7.952519508589203,3
stationary,Epsilon_Greedy,epsilon=0.1,213,4.066878395196714,3.898665072068494,0.16821332312821946,7.965543467265208,3
stationary,Epsilon_Greedy,epsilon=0.1,214,4.0706141204487745,3.8959470101093205,0.17466711033945392,7.966561130558095,3
stationary,Epsilon_Greedy,epsilon=0.1,215,4.072280664781474,3.8942836637172213,0.1779970010642531,7.966564328498696,3
stationary,Epsilon_Greedy,epsilon=0.1,216,4.08670681614389,3.893085184214598,0.19362163192929183,7.979792000358488,3
stationary,Epsilon_Greedy,epsilon=0.1,217,4.094404030446471,3.8978235474665253,0.1965804829799458,7.992227577912996,3
stationary,Epsilon_Greedy,epsilon=0.1,218,4.100759891933486,3.899772204916897,0.20098768701658942,8.000532096850383,3
stationary,Epsilon_Greedy,epsilon=0.1,219,4.102359560811721,3.8986155915763905,0.2037439692353309,8.000975152388111,3
stationary,Epsilon_Greedy,epsilon=0.1,220,4.102813507287059,3.898219655129576,0.20459385215748283,8.001033162416634,3
stationary,Epsilon_Greedy,epsilon=0.1,221,4.129377502375332,3.913303725128041,0.21607377724729115,8.042681227503373,3
stationary,Epsilon_Greedy,epsilon=0.1,222,4.143419392900408,3.9177488641681295,0.22567052873227844,8.061168257068537,3
stationary,Epsilon_Greedy,epsilon=0.1,223,4.1516419305045895,3.915627436894061,0.2360144936105284,8.067269367398652,3
stationary,Epsilon_Greedy,epsilon=0.1,224,4.1572710119122505,3.9174822327915635,0.23978877912068697,8.074753244703814,3
stationary,Epsilon_Greedy,epsilon=0.1,225,4.191907533792279,3.8953774857548753,0.296530048037404,8.087285019547155,3
stationary,Epsilon_Greedy,epsilon=0.1,226,4.19662091230918,3.892142144803869,0.30447876750531133,8.088763057113049,3
stationary,Epsilon_Greedy,epsilon=0.1,227,4.203931939255502,3.8939575911055333,0.3099743481499684,8.097889530361035,3
stationary,Epsilon_Greedy,epsilon=0.1,228,4.211184823618163,3.8950712154515363,0.3161136081666269,8.106256039069699,3
stationary,Epsilon_Greedy,epsilon=0.1,229,4.218764272079925,3.8911848160228533,0.3275794560570717,8.109949088102779,3
stationary,Epsilon_Greedy,epsilon=0.1,230,4.224979346924044,3.897842587187772,0.32713675973627243,8.122821934111816,3
stationary,Epsilon_Greedy,epsilon=0.1,231,4.233194150630614,3.897008954860272,0.33618519577034167,8.130203105490885,3
stationary,Epsilon_Greedy,epsilon=0.1,232,4.236424703023746,3.8987037771107254,0.33772092591302094,8.135128480134473,3
stationary,Epsilon_Greedy,epsilon=0.1,233,4.24062406430737,3.900662590976247,0.3399614733311225,8.141286655283617,3
stationary,Epsilon_Greedy,epsilon=0.1,234,4.251426550490529,3.917673428820641,0.33375312166988813,8.16909997931117,3
stationary,Epsilon_Greedy,epsilon=0.1,235,4.256647605731607,3.926664413490187,0.32998319224142003,8.183312019221795,3
stationary,Epsilon_Greedy,epsilon=0.1,236,4.274597469782577,3.9192050227508317,0.35539244703174555,8.19380249253341,3
stationary,Epsilon_Greedy,epsilon=0.1,237,4.276632057221733,3.9171164406843624,0.35951561653737096,8.193748497906096,3
stationary,Epsilon_Greedy,epsilon=0.1,238,4.294283484459541,3.9067199849368754,0.38756349952266556,8.201003469396417,3
stationary,Epsilon_Greedy,epsilon=0.1,239,4.302725798814027,3.9087627853395923,0.39396301347443474,8.211488584153619,3
stationary,Epsilon_Greedy,epsilon=0.1,240,4.312085957885394,3.917653744293015,0.394432213592379,8.229739702178408,3
stationary,Epsilon_Greedy,epsilon=0.1,241,4.313980107629216,3.9206602680949265,0.3933198395342892,8.234640375724142,3
stationary,Epsilon_Greedy,epsilon=0.1,242,4.318548889364032,3.922629289478152,0.3959195998858802,8.241178178842183,3
stationary,Epsilon_Greedy,epsilon=0.1,243,4.323487153668515,3.9278209666823614,0.39566618698615397,8.251308120350878,3
stationary,Epsilon_Greedy,epsilon=0.1,244,4.344556961640321,3.907358554682496,0.4371984069578252,8.251915516322818,3
stationary,Epsilon_Greedy,epsilon=0.1,245,4.349773854189817,3.905462755111665,0.44431109907815225,8.255236609301482,3
stationary,Epsilon_Greedy,epsilon=0.1,246,4.353186906471923,3.909000321557744,0.4441865849141795,8.262187228029667,3
stationary,Epsilon_Greedy,epsilon=0.1,247,4.358212833250097,3.9071231662845376,0.45108966696555974,8.265335999534635,3
stationary,Epsilon_Greedy,epsilon=0.1,248,4.363619359280661,3.908436690873746,0.45518266840691535,8.272056050154408,3
stationary,Epsilon_Greedy,epsilon=0.1,249,4.376165018679322,3.9066697062759532,0.46949531240336917,8.282834724955276,3
stationary,Epsilon_Greedy,epsilon=0.1,250,4.389582342623275,3.898332654942435,0.49124968768084054,8.28791499756571,3
stationary,Epsilon_Greedy,epsilon=0.1,251,4.3931869910961385,3.9043663922472693,0.4888205988488692,8.297553383343407,3
stationary,Epsilon_Greedy,epsilon=0.1,252,4.403583580002061,3.9081692862180852,0.4954142937839756,8.311752866220147,3
stationary,Epsilon_Greedy,epsilon=0.1,253,4.403914109556197,3.9083175947883078,0.4955965147678896,8.312231704344505,3
stationary,Epsilon_Greedy,epsilon=0.1,254,4.411256281331226,3.909623639545172,0.5016326417860539,8.320879920876397,3
stationary,Epsilon_Greedy,epsilon=0.1,255,4.422782732631701,3.921017848989412,0.5017648836422888,8.343800581621114,3
stationary,Epsilon_Greedy,epsilon=0.1,256,4.4287093070850485,3.9293598043921087,0.49934950269293976,8.358069111477157,3
stationary,Epsilon_Greedy,epsilon=0.1,257,4.439078840723624,3.9428631064030535,0.49621573432057087,8.381941947126677,3
stationary,Epsilon_Greedy,epsilon=0.1,258,4.44851730251018,3.9439355129434324,0.5045817895667479,8.392452815453613,3
stationary,Epsilon_Greedy,epsilon=0.1,259,4.460004807573548,3.955678000333957,0.504326807239591,8.415682807907505,3
stationary,Epsilon_Greedy,epsilon=0.1,260,4.466617122778101,3.952508388900464,0.5141087338776367,8.419125511678565,3
stationary,Epsilon_Greedy,epsilon=0.1,261,4.4747782345219065,3.9484901241664248,0.5262881103554817,8.42326835868833,3
stationary,Epsilon_Greedy,epsilon=0.1,262,4.479491282310557,3.9475824194166087,0.5319088628939479,8.427073701727165,3
stationary,Epsilon_Greedy,epsilon=0.1,263,4.480248538967161,3.947558316202935,0.5326902227642263,8.427806855170097,3
stationary,Epsilon_Greedy,epsilon=0.1,264,4.4854717259832295,3.956554274740153,0.5289174512430765,8.442026000723382,3
stationary,Epsilon_Greedy,epsilon=0.1,265,4.49521179402441,3.970564569372783,0.5246472246516269,8.465776363397193,3
stationary,Epsilon_Greedy,epsilon=0.1,266,4.504949087722662,3.9679138427320684,0.5370352449905935,8.472862930454731,3
stationary,Epsilon_Greedy,epsilon=0.1,267,4.508675161771906,3.966963305702429,0.5417118560694774,8.475638467474335,3
stationary,Epsilon_Greedy,epsilon=0.1,268,4.5215495514228845,3.972080553908378,0.5494689975145066,8.493630105331263,3
stationary,Epsilon_Greedy,epsilon=0.1,269,4.521619536597455,3.9722011343487926,0.5494184022486621,8.493820670946247,3
stationary,Epsilon_Greedy,epsilon=0.1,270,4.52796983116787,3.970036304014847,0.5579335271530232,8.498006135182717,3
stationary,Epsilon_Greedy,epsilon=0.1,271,4.534301973287814,3.9721031388309607,0.5621988344568534,8.506405112118774,3
stationary,Epsilon_Greedy,epsilon=0.1,272,4.5369298348383955,3.97024862356826,0.5666812112701356,8.507178458406656,3
stationary,Epsilon_Greedy,epsilon=0.1,273,4.539047203596081,3.9738960377568073,0.565151165839274,8.51294324135289,3
stationary,Epsilon_Greedy,epsilon=0.1,274,4.548604291791084,3.9741661804930346,0.5744381112980492,8.522770472284119,3
stationary,Epsilon_Greedy,epsilon=0.1,275,4.555203950156211,3.983269688708665,0.571934261447546,8.538473638864875,3
stationary,Epsilon_Greedy,epsilon=0.1,276,4.5654190886934884,3.975840180799995,0.5895789078934937,8.541259269493484,3
stationary,Epsilon_Greedy,epsilon=0.1,277,4.574533321669876,3.974378767984766,0.6001545536851101,8.548912089654642,3
stationary,Epsilon_Greedy,epsilon=0.1,278,4.5795237850224115,3.9823572785828834,0.5971665064395282,8.561881063605295,3
stationary,Epsilon_Greedy,epsilon=0.1,279,4.59123771463024,3.9878558201244463,0.6033818945057936,8.579093534754687,3
stationary,Epsilon_Greedy,epsilon=0.1,280,4.594741643734417,3.9930417616754066,0.6016998820590103,8.587783405409823,3
stationary,Epsilon_Greedy,epsilon=0.1,281,4.605621933851174,3.987808883894004,0.6178130499571703,8.593430817745178,3
stationary,Epsilon_Greedy,epsilon=0.1,282,4.609191864558708,3.989114402985546,0.6200774615731621,8.598306267544254,3
stationary,Epsilon_Greedy,epsilon=0.1,283,4.627652964397103,3.9793718455130773,0.6482811188840256,8.60702480991018,3
stationary,Epsilon_Greedy,epsilon=0.1,284,4.635458307002581,3.991638763001198,0.6438195440013836,8.62709707000378,3
stationary,Epsilon_Greedy,epsilon=0.1,285,4.640758809732727,3.995818189668338,0.6449406200643892,8.636576999401065,3
stationary,Epsilon_Greedy,epsilon=0.1,286,4.644447790503696,4.002178012230977,0.6422697782727189,8.646625802734672,3
stationary,Epsilon_Greedy,epsilon=0.1,287,4.646380108410145,4.004168751609034,0.642211356801111,8.650548860019178,3
stationary,Epsilon_Greedy,epsilon=0.1,288,4.67717186926757,3.983938789436119,0.6932330798314514,8.66111065870369,3
stationary,Epsilon_Greedy,epsilon=0.1,289,4.679194990204273,3.9845702589561403,0.6946247312481328,8.663765249160413,3
stationary,Epsilon_Greedy,epsilon=0.1,290,4.680101794532127,3.9847248460492977,0.6953769484828292,8.664826640581424,3
stationary,Epsilon_Greedy,epsilon=0.1,291,4.688507290873442,3.984551702653496,0.7039555882199462,8.673058993526938,3
stationary,Epsilon_Greedy,epsilon=0.1,292,4.692568024035927,3.9868011360851665,0.7057668879507601,8.679369160121093,3
stationary,Epsilon_Greedy,epsilon=0.1,293,4.725139128892109,4.039935739495391,0.685203389396718,8.7650748683875,3
stationary,Epsilon_Greedy,epsilon=0.1,294,4.7373896500711785,4.034907786126962,0.7024818639442163,8.77229743619814,3
stationary,Epsilon_Greedy,epsilon=0.1,295,4.747020835532595,4.046269928819143,0.7007509067134521,8.793290764351738,3
stationary,Epsilon_Greedy,epsilon=0.1,296,4.762275409226475,4.0568228668524515,0.7054525423740232,8.819098276078925,3
stationary,Epsilon_Greedy,epsilon=0.1,297,4.76952597729936,4.061614842907126,0.7079111343922344,8.831140820206485,3
stationary,Epsilon_Greedy,epsilon=0.1,298,4.773399634937613,4.062307845577004,0.7110917893606095,8.835707480514618,3
stationary,Epsilon_Greedy,epsilon=0.1,299,4.783200661500692,4.066552821527822,0.71664783997287,8.849753483028515,3
stationary,Epsilon_Greedy,epsilon=0.1,300,4.784652160146567,4.067018098650527,0.7176340614960397,8.851670258797093,3
stationary,Epsilon_Greedy,epsilon=0.1,301,4.796121820424262,4.061084147502775,0.7350376729214876,8.857205967927037,3
stationary,Epsilon_Greedy,epsilon=0.1,302,4.800138874198559,4.068000699720447,0.7321381744781119,8.868139573919006,3
stationary,Epsilon_Greedy,epsilon=0.1,303,4.815691465292505,4.053729553303049,0.7619619119894558,8.869421018595554,3
stationary,Epsilon_Greedy,epsilon=0.1,304,4.876720945673646,4.027268791382879,0.8494521542907671,8.903989737056524,3
stationary,Epsilon_Greedy,epsilon=0.1,305,4.891866914295054,4.053395545604112,0.838471368690942,8.945262459899165,3
stationary,Epsilon_Greedy,epsilon=0.1,306,4.899912865037122,4.065290411149029,0.8346224538880938,8.965203276186152,3
stationary,Epsilon_Greedy,epsilon=0.1,307,4.9144173729034035,4.054613606500933,0.8598037664024707,8.969030979404337,3
stationary,Epsilon_Greedy,epsilon=0.1,308,4.915081213371405,4.054131778079627,0.8609494352917775,8.969212991451032,3
stationary,Epsilon_Greedy,epsilon=0.1,309,4.926969754688639,4.0572852336977645,0.8696845209908748,8.984254988386404,3
stationary,Epsilon_Greedy,epsilon=0.1,310,4.935899387006789,4.063870581332283,0.872028805674506,8.999769968339074,3
stationary,Epsilon_Greedy,epsilon=0.1,311,4.9432035867253346,4.069517270385,0.8736863163403346,9.012720857110335,3
stationary,Epsilon_Greedy,epsilon=0.1,312,4.9432035867253346,4.069517270385,0.8736863163403346,9.012720857110335,3
stationary,Epsilon_Greedy,epsilon=0.1,313,4.951708273506379,4.075255027459502,0.8764532460468777,9.026963300965882,3
stationary,Epsilon_Greedy,epsilon=0.1,314,4.953830458554356,4.07670784048336,0.8771226180709961,9.030538299037715,3
stationary,Epsilon_Greedy,epsilon=0.1,315,4.960189691530215,4.085064794312937,0.8751248972172778,9.045254485843152,3
stationary,Epsilon_Greedy,epsilon=0.1,316,4.9774142723800345,4.114777976045487,0.8626362963345473,9.092192248425523,3
stationary,Epsilon_Greedy,epsilon=0.1,317,4.987637383751706,4.120835407489605,0.8668019762621011,9.108472791241311,3
stationary,Epsilon_Greedy,epsilon=0.1,318,5.007402325908427,4.1056727524058925,0.9017295735025348,9.11307507831432,3
stationary,Epsilon_Greedy,epsilon=0.1,319,5.00828919679417,4.106829198968009,0.9014599978261613,9.115118395762178,3
stationary,Epsilon_Greedy,epsilon=0.1,320,5.014160944299552,4.103722228891097,0.9104387154084552,9.117883173190648,3
stationary,Epsilon_Greedy,epsilon=0.1,321,5.01723286975069,4.105963960716563,0.9112689090341268,9.123196830467254,3
stationary,Epsilon_Greedy,epsilon=0.1,322,5.022282138458832,4.106925009368829,0.9153571290900029,9.12920714782766,3
stationary,Epsilon_Greedy,epsilon=0.1,323,5.025995837763577,4.113334496723557,0.9126613410400193,9.139330334487134,3
stationary,Epsilon_Greedy,epsilon=0.1,324,5.028061689031569,4.114280994899625,0.913780694131944,9.142342683931194,3
stationary,Epsilon_Greedy,epsilon=0.1,325,5.032919093186962,4.115694837356971,0.917224255829991,9.148613930543933,3
stationary,Epsilon_Greedy,epsilon=0.1,326,5.040539714592831,4.117786395020469,0.9227533195723616,9.1583261096133,3
stationary,Epsilon_Greedy,epsilon=0.1,327,5.045734748152065,4.113144140279755,0.9325906078723101,9.15887888843182,3
stationary,Epsilon_Greedy,epsilon=0.1,328,5.051512726001289,4.107447696117363,0.9440650298839257,9.158960422118653,3
stationary,Epsilon_Greedy,epsilon=0.1,329,5.052228000426925,4.106743661789157,0.945484338637768,9.158971662216082,3
stationary,Epsilon_Greedy,epsilon=0.1,330,5.064073579167333,4.10122827006508,0.9628453091022529,9.165301849232414,3
stationary,Epsilon_Greedy,epsilon=0.1,331,5.0672495014147145,4.09872505825703,0.9685244431576843,9.165974559671746,3
stationary,Epsilon_Greedy,epsilon=0.1,332,5.073100282117913,4.1033249217647585,0.9697753603531547,9.176425203882673,3
stationary,Epsilon_Greedy,epsilon=0.1,333,5.11692736080296,4.084703357278251,1.0322240035247097,9.201630718081212,3
stationary,Epsilon_Greedy,epsilon=0.1,334,5.131798037151987,4.078891788035775,1.0529062491162122,9.210689825187762,3
stationary,Epsilon_Greedy,epsilon=0.1,335,5.136428986477449,4.077896033652131,1.0585329528253178,9.214325020129579,3
stationary,Epsilon_Greedy,epsilon=0.1,336,5.139656143315182,4.0832070928467985,1.0564490504683839,9.222863236161981,3
stationary,Epsilon_Greedy,epsilon=0.1,337,5.146530110030539,4.0862685837615595,1.0602615262689792,9.232798693792098,3
stationary,Epsilon_Greedy,epsilon=0.1,338,5.1744164792401035,4.128334486079016,1.0460819931610876,9.30275096531912,3
stationary,Epsilon_Greedy,epsilon=0.1,339,5.2266152126004055,4.2030239345804485,1.023591278019957,9.429639147180854,3
stationary,Epsilon_Greedy,epsilon=0.1,340,5.231966378584193,4.198799714557538,1.0331666640266555,9.430766093141731,3
stationary,Epsilon_Greedy,epsilon=0.1,341,5.242744983269282,4.198349249318388,1.0443957339508945,9.44109423258767,3
stationary,Epsilon_Greedy,epsilon=0.1,342,5.248425400255558,4.198032236846503,1.0503931634090549,9.44645763710206,3
stationary,Epsilon_Greedy,epsilon=0.1,343,5.269811538551464,4.233152530823689,1.036659007727775,9.502964069375153,3
stationary,Epsilon_Greedy,epsilon=0.1,344,5.30464273359281,4.20953798114466,1.09510475244815,9.51418071473747,3
stationary,Epsilon_Greedy,epsilon=0.1,345,5.3100810222889585,4.212351719982269,1.0977293023066892,9.522432742271228,3
stationary,Epsilon_Greedy,epsilon=0.1,346,5.312903420524218,4.21692936915685,1.0959740513673673,9.529832789681068,3
stationary,Epsilon_Greedy,epsilon=0.1,347,5.322030810542052,4.227302980676938,1.0947278298651142,9.54933379121899,3
stationary,Epsilon_Greedy,epsilon=0.1,348,5.328733261070621,4.2318191953869695,1.0969140656836514,9.56055245645759,3
stationary,Epsilon_Greedy,epsilon=0.1,349,5.334752820988701,4.242212806624743,1.0925400143639576,9.576965627613443,3
stationary,Epsilon_Greedy,epsilon=0.1,350,5.336641784821168,4.2436170605510934,1.0930247242700748,9.580258845372262,3
stationary,Epsilon_Greedy,epsilon=0.1,351,5.338779359948973,4.24730785086703,1.0914715090819422,9.586087210816004,3
stationary,Epsilon_Greedy,epsilon=0.1,352,5.345025943875061,4.24374928502013,1.101276658854931,9.58877522889519,3
stationary,Epsilon_Greedy,epsilon=0.1,353,5.3554046207374855,4.247984435804564,1.1074201849329217,9.60338905654205,3
stationary,Epsilon_Greedy,epsilon=0.1,354,5.361013919707047,4.244898872814063,1.1161150468929844,9.60591279252111,3
stationary,Epsilon_Greedy,epsilon=0.1,355,5.366392260844184,4.239931571212405,1.126460689631779,9.606323832056589,3
stationary,Epsilon_Greedy,epsilon=0.1,356,5.369559457254664,4.2414159740143536,1.1281434832403106,9.610975431269019,3
stationary,Epsilon_Greedy,epsilon=0.1,357,5.372883862801662,4.239778801697443,1.133105061104219,9.612662664499105,3
stationary,Epsilon_Greedy,epsilon=0.1,358,5.3903751515540215,4.241553969063123,1.1488211824908987,9.631929120617144,3
stationary,Epsilon_Greedy,epsilon=0.1,359,5.399189115709675,4.2441898049607465,1.154999310748929,9.643378920670422,3
stationary,Epsilon_Greedy,epsilon=0.1,360,5.403093618750101,4.248998892121477,1.1540947266286237,9.65209251087158,3
stationary,Epsilon_Greedy,epsilon=0.1,361,5.407702929855802,4.245458466298808,1.162244463556994,9.653161396154609,3
stationary,Epsilon_Greedy,epsilon=0.1,362,5.429193477052951,4.241779017628036,1.1874144594249145,9.670972494680987,3
stationary,Epsilon_Greedy,epsilon=0.1,363,5.435964816133378,4.253466550461066,1.1824982656723124,9.689431366594444,3
stationary,Epsilon_Greedy,epsilon=0.1,364,5.436002604989426,4.253531775781333,1.1824708292080928,9.689534380770759,3
stationary,Epsilon_Greedy,epsilon=0.1,365,5.439905312175912,4.259165794070639,1.1807395181052733,9.699071106246551,3
stationary,Epsilon_Greedy,epsilon=0.1,366,5.441686100013648,4.262239512237994,1.1794465877756535,9.703925612251641,3
stationary,Epsilon_Greedy,epsilon=0.1,367,5.451269561839102,4.2671464627847655,1.1841230990543368,9.718416024623867,3
stationary,Epsilon_Greedy,epsilon=0.1,368,5.457661378674142,4.264937210335186,1.1927241683389553,9.722598589009328,3
stationary,Epsilon_Greedy,epsilon=0.1,369,5.460882859262505,4.261868344630442,1.1990145146320632,9.722751203892948,3
stationary,Epsilon_Greedy,epsilon=0.1,370,5.526209580681653,4.297144628214894,1.229064952466759,9.823354208896546,3
stationary,Epsilon_Greedy,epsilon=0.1,371,5.535759993205421,4.288865729228654,1.2468942639767668,9.824625722434075,3
stationary,Epsilon_Greedy,epsilon=0.1,372,5.545215958784485,4.297475579911563,1.2477403788729227,9.842691538696048,3
stationary,Epsilon_Greedy,epsilon=0.1,373,5.554437162120181,4.298957851078073,1.2554793110421087,9.853395013198254,3
stationary,Epsilon_Greedy,epsilon=0.1,374,5.557546303840939,4.3017906273332205,1.255755676507719,9.859336931174159,3
stationary,Epsilon_Greedy,epsilon=0.1,375,5.560705233100731,4.302566738718741,1.2581384943819902,9.863271971819472,3
stationary,Epsilon_Greedy,epsilon=0.1,376,5.583551714463923,4.285058061033492,1.2984936534304303,9.868609775497415,3
stationary,Epsilon_Greedy,epsilon=0.1,377,5.590361470242397,4.291607128935659,1.2987543413067373,9.881968599178055,3
stationary,Epsilon_Greedy,epsilon=0.1,378,5.5921711930834475,4.290511374998012,1.3016598180854357,9.88268256808146,3
stationary,Epsilon_Greedy,epsilon=0.1,379,5.608492055739955,4.286769903331766,1.3217221524081886,9.895261959071721,3
stationary,Epsilon_Greedy,epsilon=0.1,380,5.608492055739955,4.286769903331766,1.3217221524081886,9.895261959071721,3
stationary,Epsilon_Greedy,epsilon=0.1,381,5.621113418630899,4.280556445139791,1.3405569734911085,9.901669863770689,3
stationary,Epsilon_Greedy,epsilon=0.1,382,5.6293738274918175,4.287402766710481,1.3419710607813364,9.916776594202299,3
stationary,Epsilon_Greedy,epsilon=0.1,383,5.631662952117004,4.291355401070263,1.3403075510467417,9.923018353187267,3
stationary,Epsilon_Greedy,epsilon=0.1,384,5.643087681914995,4.2858045745044855,1.3572831074105096,9.92889225641948,3
stationary,Epsilon_Greedy,epsilon=0.1,385,5.6475980614198305,4.287850882105869,1.3597471793139615,9.9354489435257,3
stationary,Epsilon_Greedy,epsilon=0.1,386,5.662318491153911,4.297086395171164,1.3652320959827469,9.959404886325075,3
stationary,Epsilon_Greedy,epsilon=0.1,387,5.667468997826934,4.29629682405378,1.3711721737731546,9.963765821880713,3
stationary,Epsilon_Greedy,epsilon=0.1,388,5.681598347101155,4.284038141551525,1.3975602055496301,9.965636488652681,3
stationary,Epsilon_Greedy,epsilon=0.1,389,5.685099567786299,4.281617525452886,1.4034820423334127,9.966717093239186,3
stationary,Epsilon_Greedy,epsilon=0.1,390,5.688011935276767,4.285520795074129,1.4024911402026374,9.973532730350897,3
stationary,Epsilon_Greedy,epsilon=0.1,391,5.6913810239625375,4.2861784891835155,1.405202534779022,9.977559513146053,3
stationary,Epsilon_Greedy,epsilon=0.1,392,5.695086290191566,4.28293148168869,1.4121548085028754,9.978017771880257,3
stationary,Epsilon_Greedy,epsilon=0.1,393,5.6957847629394465,4.2841378800373295,1.411646882902117,9.979922642976776,3
stationary,Epsilon_Greedy,epsilon=0.1,394,5.701970468078652,4.288499678837038,1.4134707892416136,9.99047014691569,3
stationary,Epsilon_Greedy,epsilon=0.1,395,5.7073106225110495,4.285490217178106,1.4218204053329435,9.992800839689156,3
stationary,Epsilon_Greedy,epsilon=0.1,396,5.708925221155659,4.284006283583479,1.4249189375721798,9.992931504739138,3
stationary,Epsilon_Greedy,epsilon=0.1,397,5.712252435768058,4.284725359868105,1.4275270758999534,9.996977795636163,3
stationary,Epsilon_Greedy,epsilon=0.1,398,5.713910179541923,4.285377965296565,1.428532214245358,9.999288144838488,3
stationary,Epsilon_Greedy,epsilon=0.1,399,5.719545878860661,4.28116780482066,1.438378074040001,10.00071368368132,3
stationary,Epsilon_Greedy,epsilon=0.1,400,5.725494557664253,4.287788380365547,1.4377061772987059,10.0132829380298,3
stationary,Epsilon_Greedy,epsilon=0.1,401,5.729792180380188,4.290065929135358,1.4397262512448297,10.019858109515546,3
stationary,Epsilon_Greedy,epsilon=0.1,402,5.730278080423223,4.289702930026362,1.4405751503968611,10.019981010449584,3
stationary,Epsilon_Greedy,epsilon=0.1,403,5.731383446978589,4.288877649649347,1.4425057973292423,10.020261096627937,3
stationary,Epsilon_Greedy,epsilon=0.1,404,5.734410699849229,4.294105026936707,1.4403056729125217,10.028515726785937,3
stationary,Epsilon_Greedy,epsilon=0.1,405,5.758369707881229,4.290973318517846,1.4673963893633832,10.049343026399075,3
stationary,Epsilon_Greedy,epsilon=0.1,406,5.760075398225699,4.293747898421945,1.4663274998037545,10.053823296647643,3
stationary,Epsilon_Greedy,epsilon=0.1,407,5.7647242438502095,4.294646911055373,1.4700773327948369,10.059371154905582,3
stationary,Epsilon_Greedy,epsilon=0.1,408,5.774760574329547,4.2860074051025,1.4887531692270475,10.060767979432047,3
stationary,Epsilon_Greedy,epsilon=0.1,409,5.783169751585517,4.287454650991317,1.4957151005942002,10.070624402576835,3
stationary,Epsilon_Greedy,epsilon=0.1,410,5.791365517678979,4.287814329205976,1.5035511884730024,10.079179846884955,3
stationary,Epsilon_Greedy,epsilon=0.1,411,5.797013628435599,4.2841646821409185,1.5128489462946808,10.081178310576519,3
stationary,Epsilon_Greedy,epsilon=0.1,412,5.801659909186753,4.282755027155072,1.5189048820316815,10.084414936341826,3
stationary,Epsilon_Greedy,epsilon=0.1,413,5.804074887289648,4.280772341520867,1.5233025457687805,10.084847228810515,3
stationary,Epsilon_Greedy,epsilon=0.1,414,5.862837204680253,4.355198857953177,1.5076383467270764,10.21803606263343,3
stationary,Epsilon_Greedy,epsilon=0.1,415,5.873222938600059,4.356928290352411,1.5162946482476478,10.23015122895247,3
stationary,Epsilon_Greedy,epsilon=0.1,416,5.874988566584211,4.356870659700094,1.5181179068841164,10.231859226284305,3
stationary,Epsilon_Greedy,epsilon=0.1,417,5.897229123558404,4.346519595348214,1.5507095282101897,10.243748718906618,3
stationary,Epsilon_Greedy,epsilon=0.1,418,5.907952085776912,4.364159284509461,1.5437928012674504,10.272111370286373,3
stationary,Epsilon_Greedy,epsilon=0.1,419,5.918162321425417,4.362710913944228,1.555451407481189,10.280873235369643,3
stationary,Epsilon_Greedy,epsilon=0.1,420,5.928703701219015,4.380900637014714,1.5478030642043006,10.30960433823373,3
stationary,Epsilon_Greedy,epsilon=0.1,421,5.932639270776561,4.387691821767253,1.5449474490093085,10.320331092543814,3
stationary,Epsilon_Greedy,epsilon=0.1,422,5.934329011073729,4.38912883410867,1.545200176965059,10.323457845182398,3
stationary,Epsilon_Greedy,epsilon=0.1,423,5.939262517581182,4.387408967049922,1.55185355053126,10.326671484631103,3
stationary,Epsilon_Greedy,epsilon=0.1,424,5.9520886356183516,4.403941590174493,1.5481470454438586,10.356030225792844,3
stationary,Epsilon_Greedy,epsilon=0.1,425,5.955689323149081,4.404131183584052,1.5515581395650289,10.359820506733133,3
stationary,Epsilon_Greedy,epsilon=0.1,426,5.958482599237237,4.4040594045241,1.554423194713137,10.362542003761337,3
stationary,Epsilon_Greedy,epsilon=0.1,427,5.971312930546467,4.404925844890529,1.566387085655938,10.376238775436995,3
stationary,Epsilon_Greedy,epsilon=0.1,428,5.976361549358398,4.410124639166149,1.5662369101922486,10.386486188524547,3
stationary,Epsilon_Greedy,epsilon=0.1,429,5.982008918881848,4.405019826584017,1.5769890922978318,10.387028745465866,3
stationary,Epsilon_Greedy,epsilon=0.1,430,5.98389657178211,4.406909169405002,1.5769874023771084,10.390805741187112,3
stationary,Epsilon_Greedy,epsilon=0.1,431,5.996074420583951,4.423080072963945,1.5729943476200061,10.419154493547897,3
stationary,Epsilon_Greedy,epsilon=0.1,432,5.997426136309955,4.425413689274153,1.5720124470358021,10.42283982558411,3
stationary,Epsilon_Greedy,epsilon=0.1,433,6.0030089634432775,4.430976201568857,1.5720327618744205,10.433985165012135,3
stationary,Epsilon_Greedy,epsilon=0.1,434,6.0074237853074415,4.432928802663721,1.5744949826437207,10.440352587971162,3
stationary,Epsilon_Greedy,epsilon=0.1,435,6.031545373406641,4.423694615318875,1.607850758087766,10.455239988725516,3
stationary,Epsilon_Greedy,epsilon=0.1,436,6.041038565053808,4.4188717561462365,1.6221668089075711,10.459910321200045,3
stationary,Epsilon_Greedy,epsilon=0.1,437,6.048384984139155,4.415329494323752,1.6330554898154022,10.463714478462908,3
stationary,Epsilon_Greedy,epsilon=0.1,438,6.057699589759572,4.415431801411798,1.642267788347774,10.473131391171371,3
stationary,Epsilon_Greedy,epsilon=0.1,439,6.074944463027695,4.417532512715249,1.6574119503124454,10.492476975742944,3
stationary,Epsilon_Greedy,epsilon=0.1,440,6.08155533363319,4.421365009267858,1.660190324365332,10.50292034290105,3
stationary,Epsilon_Greedy,epsilon=0.1,441,6.0838258272947,4.422727618950384,1.661098208344316,10.506553446245086,3
stationary,Epsilon_Greedy,epsilon=0.1,442,6.086141719917855,4.425710384193943,1.6604313357239118,10.511852104111798,3
stationary,Epsilon_Greedy,epsilon=0.1,443,6.105796406477583,4.419071510034532,1.6867248964430512,10.524867916512115,3
stationary,Epsilon_Greedy,epsilon=0.1,444,6.108646759850807,4.419636778400048,1.6890099814507593,10.528283538250855,3
stationary,Epsilon_Greedy,epsilon=0.1,445,6.1111512844298375,4.420852696427363,1.6902985880024746,10.532003980857201,3
stationary,Epsilon_Greedy,epsilon=0.1,446,6.115286192456099,4.424754277242258,1.6905319152138416,10.540040469698358,3
stationary,Epsilon_Greedy,epsilon=0.1,447,6.1241067665267925,4.430701427549257,1.6934053389775352,10.554808194076049,3
stationary,Epsilon_Greedy,epsilon=0.1,448,6.137653005746419,4.434172417258281,1.703480588488138,10.5718254230047,3
stationary,Epsilon_Greedy,epsilon=0.1,449,6.142093875270228,4.43446539752331,1.7076284777469182,10.576559272793538,3
stationary,Epsilon_Greedy,epsilon=0.1,450,6.14781219495196,4.439056743997855,1.7087554509541052,10.586868938949817,3
stationary,Epsilon_Greedy,epsilon=0.1,451,6.155745925079636,4.436594849606011,1.7191510754736248,10.592340774685645,3
stationary,Epsilon_Greedy,epsilon=0.1,452,6.159783753962526,4.436449134640792,1.7233346193217338,10.596232888603318,3
stationary,Epsilon_Greedy,epsilon=0.1,453,6.163510209946381,4.435047041641354,1.7284631683050264,10.598557251587735,3
stationary,Epsilon_Greedy,epsilon=0.1,454,6.166439677160825,4.435025043868288,1.7314146332925366,10.601464721029114,3
stationary,Epsilon_Greedy,epsilon=0.1,455,6.170210105376327,4.433172765200163,1.7370373401761645,10.603382870576489,3
stationary,Epsilon_Greedy,epsilon=0.1,456,6.173241714156338,4.431964409577763,1.741277304578575,10.6052061237341,3
stationary,Epsilon_Greedy,epsilon=0.1,457,6.1883483844019125,4.420167151491401,1.7681812329105115,10.608515535893314,3
stationary,Epsilon_Greedy,epsilon=0.1,458,6.193419276358455,4.415147431291115,1.7782718450673398,10.608566707649569,3
stationary,Epsilon_Greedy,epsilon=0.1,459,6.199457614404607,4.415193384442648,1.784264229961959,10.614650998847255,3
stationary,Epsilon_Greedy,epsilon=0.1,460,6.210407708570879,4.41264634529242,1.7977613632784593,10.6230540538633,3
stationary,Epsilon_Greedy,epsilon=0.1,461,6.233995377475971,4.394921222322544,1.839074155153427,10.628916599798515,3
stationary,Epsilon_Greedy,epsilon=0.1,462,6.240450954057572,4.39677093596597,1.843680018091602,10.637221890023541,3
stationary,Epsilon_Greedy,epsilon=0.1,463,6.242889318083883,4.3986904641727405,1.8441988539111422,10.641579782256624,3
stationary,Epsilon_Greedy,epsilon=0.1,464,6.243849995202196,4.400347169597087,1.8435028256051096,10.644197164799284,3
stationary,Epsilon_Greedy,epsilon=0.1,465,6.2469345660515785,4.398000612731898,1.8489339533196807,10.644935178783477,3
stationary,Epsilon_Greedy,epsilon=0.1,466,6.251268353021916,4.398784492982404,1.852483860039512,10.650052846004321,3
stationary,Epsilon_Greedy,epsilon=0.1,467,6.262098217635451,4.399797051821508,1.8623011658139426,10.66189526945696,3
stationary,Epsilon_Greedy,epsilon=0.1,468,6.263287157373475,4.400515625363551,1.8627715320099245,10.663802782737026,3
stationary,Epsilon_Greedy,epsilon=0.1,469,6.298083836023022,4.369627055267051,1.9284567807559707,10.667710891290072,3
stationary,Epsilon_Greedy,epsilon=0.1,470,6.299751600533221,4.3700123667998865,1.9297392337333346,10.669763967333108,3
stationary,Epsilon_Greedy,epsilon=0.1,471,6.303362385955718,4.371950498778582,1.931411887177136,10.6753128847343,3
stationary,Epsilon_Greedy,epsilon=0.1,472,6.313114359772427,4.377211425927229,1.935902933845198,10.690325785699656,3
stationary,Epsilon_Greedy,epsilon=0.1,473,6.3162963778353465,4.379806619354729,1.9364897584806178,10.696102997190074,3
stationary,Epsilon_Greedy,epsilon=0.1,474,6.326606900240247,4.381075516133402,1.945531384106845,10.707682416373649,3
stationary,Epsilon_Greedy,epsilon=0.1,475,6.327337528939648,4.382335615132331,1.9450019138073165,10.709673144071978,3
stationary,Epsilon_Greedy,epsilon=0.1,476,6.334224802449683,4.378922419471746,1.9553023829779361,10.713147221921428,3
stationary,Epsilon_Greedy,epsilon=0.1,477,6.340630135360338,4.388085645660592,1.9525444896997461,10.72871578102093,3
stationary,Epsilon_Greedy,epsilon=0.1,478,6.342475699545091,4.391268384124122,1.9512073154209686,10.733744083669212,3
stationary,Epsilon_Greedy,epsilon=0.1,479,6.34817649317403,4.397601453090356,1.9505750400836739,10.745777946264386,3
stationary,Epsilon_Greedy,epsilon=0.1,480,6.374071515371277,4.38747279150966,1.9865987238616167,10.761544306880937,3
stationary,Epsilon_Greedy,epsilon=0.1,481,6.376611342603883,4.390928162419975,1.9856831801839077,10.767539505023858,3
stationary,Epsilon_Greedy,epsilon=0.1,482,6.3842945690867525,4.393204275284431,1.9910902938023218,10.777498844371184,3
stationary,Epsilon_Greedy,epsilon=0.1,483,6.392831386447958,4.389120734971388,2.0037106514765703,10.781952121419346,3
stationary,Epsilon_Greedy,epsilon=0.1,484,6.396667493424894,4.38779334744273,2.0088741459821637,10.784460840867624,3
stationary,Epsilon_Greedy,epsilon=0.1,485,6.399683910096813,4.39299151618564,2.0066923939111723,10.792675426282454,3
stationary,Epsilon_Greedy,epsilon=0.1,486,6.400672871588349,4.39385502006176,2.0068178515265895,10.794527891650109,3
stationary,Epsilon_Greedy,epsilon=0.1,487,6.4011053159948785,4.3934172745988755,2.007688041396003,10.794522590593754,3
stationary,Epsilon_Greedy,epsilon=0.1,488,6.404228107117802,4.397281503188497,2.006946603929306,10.801509610306299,3
stationary,Epsilon_Greedy,epsilon=0.1,489,6.408562439822511,4.397798549380081,2.01076389044243,10.806360989202592,3
stationary,Epsilon_Greedy,epsilon=0.1,490,6.412047389966478,4.39574316304161,2.016304226924868,10.807790553008088,3
stationary,Epsilon_Greedy,epsilon=0.1,491,6.414899295126355,4.39748133234182,2.017417962784535,10.812380627468174,3
stationary,Epsilon_Greedy,epsilon=0.1,492,6.42027390553035,4.398000247274048,2.022273658256302,10.818274152804399,3
stationary,Epsilon_Greedy,epsilon=0.1,493,6.4264492074584565,4.400861398093203,2.0255878093652537,10.82731060555166,3
stationary,Epsilon_Greedy,epsilon=0.1,494,6.440288081744224,4.402744760348426,2.0375433213957974,10.84303284209265,3
stationary,Epsilon_Greedy,epsilon=0.1,495,6.444398601243308,4.399698839166912,2.0446997620763963,10.84409744041022,3
stationary,Epsilon_Greedy,epsilon=0.1,496,6.455192976426605,4.407928143097496,2.047264833329109,10.8631211195241,3
stationary,Epsilon_Greedy,epsilon=0.1,497,6.457020682575288,4.406078050057556,2.0509426325177316,10.863098732632844,3
stationary,Epsilon_Greedy,epsilon=0.1,498,6.460225764794861,4.411601562687505,2.048624202107356,10.871827327482364,3
stationary,Epsilon_Greedy,epsilon=0.1,499,6.467311391058327,4.420444536034202,2.046866855024125,10.887755927092527,3
stationary,Epsilon_Greedy,epsilon=0.1,500,6.469461849990641,4.423910439801721,2.0455514101889207,10.893372289792362,3
stationary,Epsilon_Greedy,epsilon=0.1,501,6.47335854021397,4.430625784319885,2.042732755894085,10.903984324533855,3
stationary,Epsilon_Greedy,epsilon=0.1,502,6.481306428539653,4.433713611046809,2.047592817492844,10.915020039586462,3
stationary,Epsilon_Greedy,epsilon=0.1,503,6.495473542669827,4.423549033246631,2.071924509423196,10.919022575916458,3
stationary,Epsilon_Greedy,epsilon=0.1,504,6.500025134904234,4.428635160036753,2.0713899748674818,10.928660294940986,3
stationary,Epsilon_Greedy,epsilon=0.1,505,6.508344862741075,4.427979438841897,2.0803654238991784,10.936324301582971,3
stationary,Epsilon_Greedy,epsilon=0.1,506,6.5141188045096685,4.423712000641371,2.090406803868298,10.93783080515104,3
stationary,Epsilon_Greedy,epsilon=0.1,507,6.524426561430727,4.4305416573139755,2.0938849041167513,10.954968218744703,3
stationary,Epsilon_Greedy,epsilon=0.1,508,6.541686321267108,4.426356508348939,2.1153298129181692,10.968042829616047,3
stationary,Epsilon_Greedy,epsilon=0.1,509,6.551272890584723,4.42202378669562,2.1292491038891033,10.973296677280343,3
stationary,Epsilon_Greedy,epsilon=0.1,510,6.559712060275438,4.419042162472121,2.140669897803317,10.97875422274756,3
stationary,Epsilon_Greedy,epsilon=0.1,511,6.563898057889898,4.425808135026551,2.1380899228633474,10.989706192916449,3
stationary,Epsilon_Greedy,epsilon=0.1,512,6.564295779246659,4.426493002034513,2.137802777212146,10.990788781281172,3
stationary,Epsilon_Greedy,epsilon=0.1,513,6.56897059432531,4.4280887200856025,2.1408818742397075,10.997059314410912,3
stationary,Epsilon_Greedy,epsilon=0.1,514,6.577974776401025,4.420366857743842,2.157607918657183,10.998341634144866,3
stationary,Epsilon_Greedy,epsilon=0.1,515,6.586779333352908,4.413269699179007,2.173509634173901,11.000049032531916,3
stationary,Epsilon_Greedy,epsilon=0.1,516,6.5957510325397655,4.426865962611565,2.1688850699282005,11.022616995151331,3
stationary,Epsilon_Greedy,epsilon=0.1,517,6.5974798756542254,4.429770439935148,2.167709435719077,11.027250315589374,3
stationary,Epsilon_Greedy,epsilon=0.1,518,6.601553589734958,4.431645268085871,2.1699083216490864,11.033198857820828,3
stationary,Epsilon_Greedy,epsilon=0.1,519,6.614037755796198,4.431671565622734,2.1823661901734637,11.045709321418933,3
stationary,Epsilon_Greedy,epsilon=0.1,520,6.618983261886196,4.43561391429293,2.183369347593266,11.054597176179126,3
stationary,Epsilon_Greedy,epsilon=0.1,521,6.622803827045286,4.436340811408943,2.1864630156363427,11.059144638454228,3
stationary,Epsilon_Greedy,epsilon=0.1,522,6.627639291017722,4.436788428826293,2.1908508621914295,11.064427719844016,3
stationary,Epsilon_Greedy,epsilon=0.1,523,6.629859720219083,4.440613298758074,2.189246421461009,11.070473018977157,3
stationary,Epsilon_Greedy,epsilon=0.1,524,6.633978790630507,4.438459363105322,2.195519427525185,11.072438153735828,3
stationary,Epsilon_Greedy,epsilon=0.1,525,6.63694242880604,4.43939776355419,2.1975446652518498,11.076340192360231,3
stationary,Epsilon_Greedy,epsilon=0.1,526,6.639363703143723,4.4376835858954164,2.2016801172483067,11.07704728903914,3
stationary,Epsilon_Greedy,epsilon=0.1,527,6.645109846773224,4.441756076358353,2.2033537704148705,11.086865923131576,3
stationary,Epsilon_Greedy,epsilon=0.1,528,6.646647014298612,4.441541683394774,2.205105330903838,11.088188697693386,3
stationary,Epsilon_Greedy,epsilon=0.1,529,6.654622497835909,4.444686074270503,2.2099364235654058,11.099308572106413,3
stationary,Epsilon_Greedy,epsilon=0.1,530,6.664440209898378,4.4556217732940775,2.2088184366043,11.120061983192455,3
stationary,Epsilon_Greedy,epsilon=0.1,531,6.677232443046584,4.446718848060217,2.230513594986367,11.123951291106803,3
stationary,Epsilon_Greedy,epsilon=0.1,532,6.682646084148367,4.452273789444086,2.2303722947042806,11.134919873592452,3
stationary,Epsilon_Greedy,epsilon=0.1,533,6.686146824443331,4.449400989572249,2.2367458348710825,11.135547814015581,3
stationary,Epsilon_Greedy,epsilon=0.1,534,6.6885965232230795,4.451549909996544,2.2370466132265356,11.140146433219623,3
stationary,Epsilon_Greedy,epsilon=0.1,535,6.691842196702794,4.449837604241011,2.2420045924617833,11.141679800943805,3
stationary,Epsilon_Greedy,epsilon=0.1,536,6.694815864927363,4.454961072856159,2.2398547920712035,11.149776937783521,3
stationary,Epsilon_Greedy,epsilon=0.1,537,6.70554423865454,4.451187932772605,2.2543563058819354,11.156732171427144,3
stationary,Epsilon_Greedy,epsilon=0.1,538,6.714151818196059,4.442462099061736,2.271689719134323,11.156613917257793,3
stationary,Epsilon_Greedy,epsilon=0.1,539,6.720948247368772,4.444044356314928,2.276903891053844,11.1649926036837,3
stationary,Epsilon_Greedy,epsilon=0.1,540,6.726210454262399,4.45041353247366,2.2757969217887393,11.17662398673606,3
stationary,Epsilon_Greedy,epsilon=0.1,541,6.7305965862262624,4.454409742342997,2.2761868438832655,11.185006328569258,3
stationary,Epsilon_Greedy,epsilon=0.1,542,6.741961071656479,4.450055334732694,2.291905736923785,11.192016406389172,3
stationary,Epsilon_Greedy,epsilon=0.1,543,6.744967081100142,4.449126887816566,2.295840193283576,11.194093968916707,3
stationary,Epsilon_Greedy,epsilon=0.1,544,6.76824287936288,4.438016219262615,2.330226660100265,11.206259098625495,3
stationary,Epsilon_Greedy,epsilon=0.1,545,6.770260845032442,4.439485973361198,2.3307748716712435,11.20974681839364,3
stationary,Epsilon_Greedy,epsilon=0.1,546,6.780899304771798,4.448581807860318,2.3323174969114797,11.229481112632115,3
stationary,Epsilon_Greedy,epsilon=0.1,547,6.794091888488373,4.45454319950036,2.339548688988013,11.248635087988735,3
stationary,Epsilon_Greedy,epsilon=0.1,548,6.8049902137273435,4.445336817352807,2.3596533963745365,11.25032703108015,3
stationary,Epsilon_Greedy,epsilon=0.1,549,6.833451942719734,4.427255559143038,2.406196383576696,11.260707501862772,3
stationary,Epsilon_Greedy,epsilon=0.1,550,6.839089072750203,4.427942665391405,2.411146407358798,11.267031738141608,3
stationary,Epsilon_Greedy,epsilon=0.1,551,6.844944644521134,4.435016474513362,2.409928170007772,11.279961119034496,3
stationary,Epsilon_Greedy,epsilon=0.1,552,6.851180325577893,4.445749689814785,2.405430635763108,11.296930015392679,3
stationary,Epsilon_Greedy,epsilon=0.1,553,6.859888350883455,4.4499191778445715,2.409969173038884,11.309807528728026,3
stationary,Epsilon_Greedy,epsilon=0.1,554,6.866969405737895,4.460599523775359,2.4063698819625357,11.327568929513255,3
stationary,Epsilon_Greedy,epsilon=0.1,555,6.879051893545174,4.448669829755047,2.4303820637901277,11.327721723300222,3
stationary,Epsilon_Greedy,epsilon=0.1,556,6.881147551182039,4.450070790896804,2.431076760285235,11.331218342078843,3
stationary,Epsilon_Greedy,epsilon=0.1,557,6.883501521329813,4.453683272273296,2.4298182490565168,11.33718479360311,3
stationary,Epsilon_Greedy,epsilon=0.1,558,6.890140884676684,4.465114566406333,2.4250263182703504,11.355255451083018,3
stationary,Epsilon_Greedy,epsilon=0.1,559,6.892000745100936,4.465952836886001,2.426047908214935,11.357953581986937,3
stationary,Epsilon_Greedy,epsilon=0.1,560,6.906118972896116,4.470588238916628,2.435530733979488,11.376707211812743,3
stationary,Epsilon_Greedy,epsilon=0.1,561,6.9232949313002194,4.486898412272321,2.436396519027898,11.41019334357254,3
stationary,Epsilon_Greedy,epsilon=0.1,562,6.9310075361595525,4.484821763932262,2.446185772227291,11.415829300091815,3
stationary,Epsilon_Greedy,epsilon=0.1,563,6.931788833899863,4.485252799534102,2.446536034365761,11.417041633433964,3
stationary,Epsilon_Greedy,epsilon=0.1,564,6.962390088918507,4.46668832636364,2.4957017625548676,11.429078415282147,3
stationary,Epsilon_Greedy,epsilon=0.1,565,6.975725132952971,4.456257110801811,2.51946802215116,11.431982243754781,3
stationary,Epsilon_Greedy,epsilon=0.1,566,6.981318774543717,4.457357117383454,2.523961657160263,11.438675891927172,3
stationary,Epsilon_Greedy,epsilon=0.1,567,6.984135620058665,4.460211026275599,2.5239245937830663,11.444346646334264,3
stationary,Epsilon_Greedy,epsilon=0.1,568,6.987448842450097,4.460806662708511,2.526642179741586,11.448255505158608,3
stationary,Epsilon_Greedy,epsilon=0.1,569,6.992769427797935,4.4632048272493385,2.5295646005485963,11.455974255047273,3
stationary,Epsilon_Greedy,epsilon=0.1,570,7.012332914052916,4.445455853919081,2.5668770601338347,11.457788767971998,3
stationary,Epsilon_Greedy,epsilon=0.1,571,7.020950737307467,4.445603290538528,2.575347446768939,11.466554027845994,3
stationary,Epsilon_Greedy,epsilon=0.1,572,7.029401447743784,4.456256873678853,2.5731445740649317,11.485658321422637,3
stationary,Epsilon_Greedy,epsilon=0.1,573,7.033894273290966,4.461063616929599,2.5728306563613668,11.494957890220565,3
stationary,Epsilon_Greedy,epsilon=0.1,574,7.049359133201072,4.47349222122685,2.575866911974222,11.522851354427923,3
stationary,Epsilon_Greedy,epsilon=0.1,575,7.05442476140863,4.4784680091671145,2.575956752241516,11.532892770575746,3
stationary,Epsilon_Greedy,epsilon=0.1,576,7.059495828255341,4.476918572685929,2.5825772555694115,11.53641440094127,3
stationary,Epsilon_Greedy,epsilon=0.1,577,7.0662719645661936,4.485046257418612,2.5812257071475813,11.551318221984806,3
stationary,Epsilon_Greedy,epsilon=0.1,578,7.070213248481099,4.4918254229482875,2.578387825532811,11.562038671429386,3
stationary,Epsilon_Greedy,epsilon=0.1,579,7.095595847625835,4.531484457750528,2.5641113898753067,11.627080305376364,3
stationary,Epsilon_Greedy,epsilon=0.1,580,7.105657698068718,4.527111635659268,2.5785460624094503,11.632769333727985,3
stationary,Epsilon_Greedy,epsilon=0.1,581,7.1125279992578605,4.524062107305159,2.5884658919527013,11.63659010656302,3
stationary,Epsilon_Greedy,epsilon=0.1,582,7.116740353873773,4.529136674428985,2.587603679444788,11.645877028302758,3
stationary,Epsilon_Greedy,epsilon=0.1,583,7.124692094924424,4.537095996518849,2.5875960984055757,11.661788091443274,3
stationary,Epsilon_Greedy,epsilon=0.1,584,7.132643446715909,4.539773720827455,2.5928697258884545,11.672417167543365,3
stationary,Epsilon_Greedy,epsilon=0.1,585,7.139248314608289,4.550922108855736,2.588326205752553,11.690170423464025,3
stationary,Epsilon_Greedy,epsilon=0.1,586,7.143309368234701,4.557907192598655,2.5854021756360455,11.701216560833355,3
stationary,Epsilon_Greedy,epsilon=0.1,587,7.148818628664884,4.5566839017921446,2.5921347268727395,11.705502530457029,3
stationary,Epsilon_Greedy,epsilon=0.1,588,7.152033511023045,4.553931708419868,2.5981018026031766,11.705965219442913,3
stationary,Epsilon_Greedy,epsilon=0.1,589,7.156990559263395,4.550773049588767,2.606217509674628,11.707763608852161,3
stationary,Epsilon_Greedy,epsilon=0.1,590,7.20886041957998,4.502088567132778,2.7067718524472024,11.710948986712758,3
stationary,Epsilon_Greedy,epsilon=0.1,591,7.222422526974836,4.509795696661533,2.7126268303133028,11.73221822363637,3
stationary,Epsilon_Greedy,epsilon=0.1,592,7.226012312135947,4.512598941102663,2.713413371033284,11.73861125323861,3
stationary,Epsilon_Greedy,epsilon=0.1,593,7.229920057216077,4.5145365920190885,2.7153834651969886,11.744456649235165,3
stationary,Epsilon_Greedy,epsilon=0.1,594,7.233307818552511,4.515700526575269,2.7176072919772416,11.74900834512778,3
stationary,Epsilon_Greedy,epsilon=0.1,595,7.24650129209337,4.517450634805474,2.729050657287896,11.763951926898844,3
stationary,Epsilon_Greedy,epsilon=0.1,596,7.255266288457679,4.526725155311703,2.728541133145976,11.781991443769382,3
stationary,Epsilon_Greedy,epsilon=0.1,597,7.259864547422008,4.526113714885502,2.733750832536505,11.78597826230751,3
stationary,Epsilon_Greedy,epsilon=0.1,598,7.278696472202275,4.5232597201525255,2.755436752049749,11.801956192354801,3
stationary,Epsilon_Greedy,epsilon=0.1,599,7.284436229867623,4.533148874258164,2.751287355609459,11.817585104125786,3
stationary,LinUCB_Vanilla,alpha=0.1|lambda_reg=50|use_momentum=False,0,0.14422293676659834,0.01677874346278907,0.12744419330380927,0.1610016802293874,3
stationary,LinUCB_Vanilla,alpha=0.1|lambda_reg=50|use_momentum=False,1,0.17506209932937855,0.01632801102672652,0.15873408830265204,0.19139011035610506,3
stationary,LinUCB_Vanilla,alpha=0.1|lambda_reg=50|use_momentum=False,2,0.2603594798558107,0.04838427107158315,0.21197520878422754,0.30874375092739387,3
stationary,LinUCB_Vanilla,alpha=0.1|lambda_reg=50|use_momentum=False,3,0.2684788596560263,0.0545378225538917,0.2139410371021346,0.323016682209918,3
stationary,LinUCB_Vanilla,alpha=0.1|lambda_reg=50|use_momentum=False,4,0.31099603174940676,0.039523670702483325,0.27147236104692346,0.35051970245189007,3
stationary,LinUCB_Vanilla,alpha=0.1|lambda_reg=50|use_momentum=False,5,0.3124338579033635,0.03925671003037378,0.2731771478729897,0.35169056793373726,3
stationary,LinUCB_Vanilla,alpha=0.1|lambda_reg=50|use_momentum=False,6,0.33862568632084367,0.04449459552921504,0.29413109079162864,0.3831202818500587,3
stationary,LinUCB_Vanilla,alpha=0.1|lambda_reg=50|use_momentum=False,7,0.3453697525336599,0.041553531910421444,0.3038162206232385,0.38692328444408136,3
stationary,LinUCB_Vanilla,alpha=0.1|lambda_reg=50|use_momentum=False,8,0.35373155404224343,0.032223139362840617,0.32150841467940283,0.38595469340508404,3
stationary,LinUCB_Vanilla,alpha=0.1|lambda_reg=50|use_momentum=False,9,0.4077031085118257,0.04997382481928803,0.35772928369253765,0.4576769333311137,3
stationary,LinUCB_Vanilla,alpha=0.1|lambda_reg=50|use_momentum=False,10,0.43236781895193155,0.05015650243811382,0.38221131651381773,0.48252432139004536,3
stationary,LinUCB_Vanilla,alpha=0.1|lambda_reg=50|use_momentum=False,11,0.5514923344605971,0.04664784723171846,0.5048444872288786,0.5981401816923155,3
stationary,LinUCB_Vanilla,alpha=0.1|lambda_reg=50|use_momentum=False,12,0.6328041913600312,0.07215934201741571,0.5606448493426155,0.7049635333774469,3
stationary,LinUCB_Vanilla,alpha=0.1|lambda_reg=50|use_momentum=False,13,0.6683352335193211,0.07729925865654094,0.5910359748627801,0.7456344921758621,3
stationary,LinUCB_Vanilla,alpha=0.1|lambda_reg=50|use_momentum=False,14,0.6938490954606227,0.06015773119981129,0.6336913642608114,0.754006826660434,3
stationary,LinUCB_Vanilla,alpha=0.1|lambda_reg=50|use_momentum=False,15,0.7015824985126254,0.05979868893425228,0.6417838095783731,0.7613811874468778,3
stationary,LinUCB_Vanilla,alpha=0.1|lambda_reg=50|use_momentum=False,16,0.7147285705315581,0.06944767444457543,0.6452808960869827,0.7841762449761336,3
stationary,LinUCB_Vanilla,alpha=0.1|lambda_reg=50|use_momentum=False,17,0.7718778698635617,0.02180851873172589,0.7500693511318358,0.7936863885952875,3
stationary,LinUCB_Vanilla,alpha=0.1|lambda_reg=50|use_momentum=False,18,0.8017789549217419,0.009750573339276638,0.7920283815824652,0.8115295282610185,3
stationary,LinUCB_Vanilla,alpha=0.1|lambda_reg=50|use_momentum=False,19,0.8071752869812726,0.00821764974075816,0.7989576372405145,0.8153929367220307,3
stationary,LinUCB_Vanilla,alpha=0.1|lambda_reg=50|use_momentum=False,20,0.8380491486453469,0.030422280147744656,0.8076268684976022,0.8684714287930915,3
stationary,LinUCB_Vanilla,alpha=0.1|lambda_reg=50|use_momentum=False,21,0.8446640447000459,0.03145616508077176,0.8132078796192741,0.8761202097808176,3
stationary,LinUCB_Vanilla,alpha=0.1|lambda_reg=50|use_momentum=False,22,0.8720202219186403,0.029380868517634096,0.8426393534010062,0.9014010904362744,3
stationary,LinUCB_Vanilla,alpha=0.1|lambda_reg=50|use_momentum=False,23,0.884307961966936,0.039467015092629815,0.8448409468743061,0.9237749770595658,3
stationary,LinUCB_Vanilla,alpha=0.1|lambda_reg=50|use_momentum=False,24,0.8923689551730157,0.033408568427196576,0.8589603867458192,0.9257775236002123,3
stationary,LinUCB_Vanilla,alpha=0.1|lambda_reg=50|use_momentum=False,25,0.9095775790093384,0.017285042828942165,0.8922925361803963,0.9268626218382806,3
stationary,LinUCB_Vanilla,alpha=0.1|lambda_reg=50|use_momentum=False,26,0.9244650494289903,0.031135682510838095,0.8933293669181522,0.9556007319398284,3
stationary,LinUCB_Vanilla,alpha=0.1|lambda_reg=50|use_momentum=False,27,0.9342531192750577,0.035241987086843306,0.8990111321882144,0.9694951063619011,3
stationary,LinUCB_Vanilla,alpha=0.1|lambda_reg=50|use_momentum=False,28,0.9596000465620356,0.05723203722563272,0.9023680093364028,1.0168320837876683,3
stationary,LinUCB_Vanilla,alpha=0.1|lambda_reg=50|use_momentum=False,29,1.0068282463661005,0.01859969000283601,0.9882285563632645,1.0254279363689365,3
stationary,LinUCB_Vanilla,alpha=0.1|lambda_reg=50|use_momentum=False,30,1.041465076433919,0.03692866665097238,1.0045364097829468,1.0783937430848913,3
stationary,LinUCB_Vanilla,alpha=0.1|lambda_reg=50|use_momentum=False,31,1.0645407969621286,0.0178988593846611,1.0466419375774674,1.0824396563467897,3
stationary,LinUCB_Vanilla,alpha=0.1|lambda_reg=50|use_momentum=False,32,1.074914457530018,0.017557742196385073,1.057356715333633,1.092472199726403,3
stationary,LinUCB_Vanilla,alpha=0.1|lambda_reg=50|use_momentum=False,33,1.079617617824401,0.022871038156445235,1.0567465796679558,1.1024886559808462,3
stationary,LinUCB_Vanilla,alpha=0.1|lambda_reg=50|use_momentum=False,34,1.1308951431709386,0.04102534988910848,1.0898697932818302,1.171920493060047,3
stationary,LinUCB_Vanilla,alpha=0.1|lambda_reg=50|use_momentum=False,35,1.146202926298834,0.050242062776318076,1.095960863522516,1.196444989075152,3
stationary,LinUCB_Vanilla,alpha=0.1|lambda_reg=50|use_momentum=False,36,1.1904888581225719,0.08618013263929745,1.1043087254832744,1.2766689907618693,3
stationary,LinUCB_Vanilla,alpha=0.1|lambda_reg=50|use_momentum=False,37,1.1963665569243054,0.0845709729360213,1.111795583988284,1.2809375298603267,3
stationary,LinUCB_Vanilla,alpha=0.1|lambda_reg=50|use_momentum=False,38,1.2207177716461004,0.08292086669475521,1.1377969049513452,1.3036386383408556,3
stationary,LinUCB_Vanilla,alpha=0.1|lambda_reg=50|use_momentum=False,39,1.2244832927787028,0.08286345324873014,1.1416198395299726,1.307346746027433,3
stationary,LinUCB_Vanilla,alpha=0.1|lambda_reg=50|use_momentum=False,40,1.2319094322521535,0.08220550367198386,1.1497039285801698,1.3141149359241373,3
stationary,LinUCB_Vanilla,alpha=0.1|lambda_reg=50|use_momentum=False,41,1.2719185649897362,0.03527900535912183,1.2366395596306143,1.307197570348858,3
stationary,LinUCB_Vanilla,alpha=0.1|lambda_reg=50|use_momentum=False,42,1.2813121262644014,0.040206185998648156,1.2411059402657532,1.3215183122630496,3
stationary,LinUCB_Vanilla,alpha=0.1|lambda_reg=50|use_momentum=False,43,1.316756739891249,0.0866820092695977,1.2300747306216513,1.4034387491608467,3
stationary,LinUCB_Vanilla,alpha=0.1|lambda_reg=50|use_momentum=False,44,1.332996055399749,0.08635421184693441,1.2466418435528146,1.4193502672466836,3
stationary,LinUCB_Vanilla,alpha=0.1|lambda_reg=50|use_momentum=False,45,1.349112106981546,0.10379434368739358,1.2453177632941523,1.4529064506689395,3
stationary,LinUCB_Vanilla,alpha=0.1|lambda_reg=50|use_momentum=False,46,1.368771114698377,0.07862416520056835,1.2901469494978086,1.4473952798989453,3
stationary,LinUCB_Vanilla,alpha=0.1|lambda_reg=50|use_momentum=False,47,1.3841278038138238,0.0864968199154836,1.2976309838983402,1.4706246237293075,3
stationary,LinUCB_Vanilla,alpha=0.1|lambda_reg=50|use_momentum=False,48,1.4085759075131616,0.1026932271390513,1.3058826803741104,1.511269134652213,3
stationary,LinUCB_Vanilla,alpha=0.1|lambda_reg=50|use_momentum=False,49,1.414742316607551,0.10049908507029998,1.314243231537251,1.515241401677851,3
stationary,LinUCB_Vanilla,alpha=0.1|lambda_reg=50|use_momentum=False,50,1.4346020125303969,0.09624097698860994,1.338361035541787,1.5308429895190068,3
stationary,LinUCB_Vanilla,alpha=0.1|lambda_reg=50|use_momentum=False,51,1.449082970177015,0.09461891963294665,1.3544640505440684,1.5437018898099615,3
stationary,LinUCB_Vanilla,alpha=0.1|lambda_reg=50|use_momentum=False,52,1.456136756524274,0.1059958533707435,1.3501409031535305,1.5621326098950175,3
stationary,LinUCB_Vanilla,alpha=0.1|lambda_reg=50|use_momentum=False,53,1.475073466993659,0.10540619695965406,1.369667270034005,1.580479663953313,3
stationary,LinUCB_Vanilla,alpha=0.1|lambda_reg=50|use_momentum=False,54,1.516509736483565,0.10201762208411692,1.414492114399448,1.6185273585676818,3
stationary,LinUCB_Vanilla,alpha=0.1|lambda_reg=50|use_momentum=False,55,1.5416437814274018,0.11393385283215919,1.4277099285952426,1.655577634259561,3
stationary,LinUCB_Vanilla,alpha=0.1|lambda_reg=50|use_momentum=False,56,1.5506658401577986,0.1164007962549441,1.4342650439028546,1.6670666364127427,3
stationary,LinUCB_Vanilla,alpha=0.1|lambda_reg=50|use_momentum=False,57,1.5692794898464102,0.11858499115545511,1.4506944986909551,1.6878644810018653,3
stationary,LinUCB_Vanilla,alpha=0.1|lambda_reg=50|use_momentum=False,58,1.589726482607163,0.12923803268459885,1.4604884499225643,1.7189645152917619,3
stationary,LinUCB_Vanilla,alpha=0.1|lambda_reg=50|use_momentum=False,59,1.604468589762816,0.12312594724271995,1.481342642520096,1.727594537005536,3
stationary,LinUCB_Vanilla,alpha=0.1|lambda_reg=50|use_momentum=False,60,1.6392545482154073,0.1166428306342195,1.5226117175811877,1.7558973788496268,3
stationary,LinUCB_Vanilla,alpha=0.1|lambda_reg=50|use_momentum=False,61,1.6467961606991126,0.11654139700424326,1.5302547636948693,1.7633375577033559,3
stationary,LinUCB_Vanilla,alpha=0.1|lambda_reg=50|use_momentum=False,62,1.6638932652405771,0.116350378901207,1.54754288633937,1.7802436441417842,3
stationary,LinUCB_Vanilla,alpha=0.1|lambda_reg=50|use_momentum=False,63,1.6922314826439206,0.13891136628691608,1.5533201163570045,1.8311428489308368,3
stationary,LinUCB_Vanilla,alpha=0.1|lambda_reg=50|use_momentum=False,64,1.7071027651567308,0.13764579884529846,1.5694569663114324,1.8447485640020291,3
stationary,LinUCB_Vanilla,alpha=0.1|lambda_reg=50|use_momentum=False,65,1.747167252199449,0.16578806198043736,1.5813791902190117,1.9129553141798863,3
stationary,LinUCB_Vanilla,alpha=0.1|lambda_reg=50|use_momentum=False,66,1.7633118520567503,0.16983282273227412,1.5934790293244763,1.9331446747890244,3
stationary,LinUCB_Vanilla,alpha=0.1|lambda_reg=50|use_momentum=False,67,1.8503440462290301,0.05580074217915103,1.794543304049879,1.9061447884081812,3
stationary,LinUCB_Vanilla,alpha=0.1|lambda_reg=50|use_momentum=False,68,1.8594039336422856,0.05124496146154584,1.8081589721807398,1.9106488951038314,3
stationary,LinUCB_Vanilla,alpha=0.1|lambda_reg=50|use_momentum=False,69,1.8847774599788771,0.052502259259798956,1.8322752007190781,1.9372797192386761,3
stationary,LinUCB_Vanilla,alpha=0.1|lambda_reg=50|use_momentum=False,70,1.9139668938366092,0.0717408122801792,1.84222608155643,1.9857077061167885,3
stationary,LinUCB_Vanilla,alpha=0.1|lambda_reg=50|use_momentum=False,71,1.924076461176864,0.06458186150705204,1.8594945996698118,1.988658322683916,3
stationary,LinUCB_Vanilla,alpha=0.1|lambda_reg=50|use_momentum=False,72,1.9301682316798257,0.06652782694606707,1.8636404047337587,1.9966960586258926,3
stationary,LinUCB_Vanilla,alpha=0.1|lambda_reg=50|use_momentum=False,73,1.9578996105292943,0.048246111026423726,1.9096534995028707,2.006145721555718,3
stationary,LinUCB_Vanilla,alpha=0.1|lambda_reg=50|use_momentum=False,74,1.9655212113887595,0.05267188251801565,1.9128493288707438,2.018193093906775,3
stationary,LinUCB_Vanilla,alpha=0.1|lambda_reg=50|use_momentum=False,75,1.9866507321783307,0.060850338894359625,1.9258003932839711,2.0475010710726904,3
stationary,LinUCB_Vanilla,alpha=0.1|lambda_reg=50|use_momentum=False,76,1.9915951671325276,0.0617654336837265,1.929829733448801,2.053360600816254,3
stationary,LinUCB_Vanilla,alpha=0.1|lambda_reg=50|use_momentum=False,77,2.0005536291299033,0.07038387322679304,1.9301697559031104,2.0709375023566965,3
stationary,LinUCB_Vanilla,alpha=0.1|lambda_reg=50|use_momentum=False,78,2.00723495308629,0.06983221841564388,1.937402734670646,2.0770671715019335,3
stationary,LinUCB_Vanilla,alpha=0.1|lambda_reg=50|use_momentum=False,79,2.0189800134820075,0.07258024060421295,1.9463997728777946,2.0915602540862204,3
stationary,LinUCB_Vanilla,alpha=0.1|lambda_reg=50|use_momentum=False,80,2.029334858046958,0.0787573974865162,1.9505774605604418,2.108092255533474,3
stationary,LinUCB_Vanilla,alpha=0.1|lambda_reg=50|use_momentum=False,81,2.061635159029782,0.07384561025238369,1.9877895487773984,2.135480769282166,3
stationary,LinUCB_Vanilla,alpha=0.1|lambda_reg=50|use_momentum=False,82,2.0667338336092684,0.07176900243922392,1.9949648311700445,2.1385028360484926,3
stationary,LinUCB_Vanilla,alpha=0.1|lambda_reg=50|use_momentum=False,83,2.0947960063838256,0.0733658163824016,2.021430190001424,2.168161822766227,3
stationary,LinUCB_Vanilla,alpha=0.1|lambda_reg=50|use_momentum=False,84,2.0964144564378504,0.0744800165097678,2.0219344399280827,2.170894472947618,3
stationary,LinUCB_Vanilla,alpha=0.1|lambda_reg=50|use_momentum=False,85,2.1009652176771216,0.07456965647973192,2.02639556119739,2.1755348741568534,3
stationary,LinUCB_Vanilla,alpha=0.1|lambda_reg=50|use_momentum=False,86,2.104952020282292,0.0759282337653457,2.0290237865169463,2.1808802540476373,3
stationary,LinUCB_Vanilla,alpha=0.1|lambda_reg=50|use_momentum=False,87,2.143821963990904,0.10762395721294565,2.0361980067779584,2.2514459212038496,3
stationary,LinUCB_Vanilla,alpha=0.1|lambda_reg=50|use_momentum=False,88,2.1568914017791205,0.10786088947480404,2.0490305123043164,2.2647522912539246,3
stationary,LinUCB_Vanilla,alpha=0.1|lambda_reg=50|use_momentum=False,89,2.1604400631974094,0.106102810727106,2.0543372524703036,2.2665428739245153,3
stationary,LinUCB_Vanilla,alpha=0.1|lambda_reg=50|use_momentum=False,90,2.1811621410366797,0.1232303656155824,2.0579317754210975,2.304392506652262,3
stationary,LinUCB_Vanilla,alpha=0.1|lambda_reg=50|use_momentum=False,91,2.188855403065555,0.11877810463330844,2.0700772984322464,2.3076335076988634,3
stationary,LinUCB_Vanilla,alpha=0.1|lambda_reg=50|use_momentum=False,92,2.1944592303652906,0.11531741395294624,2.0791418164123443,2.309776644318237,3
stationary,LinUCB_Vanilla,alpha=0.1|lambda_reg=50|use_momentum=False,93,2.2200636347827296,0.10018925570508477,2.1198743790776446,2.3202528904878146,3
stationary,LinUCB_Vanilla,alpha=0.1|lambda_reg=50|use_momentum=False,94,2.2330022358953694,0.10736898218251385,2.1256332537128557,2.340371218077883,3
stationary,LinUCB_Vanilla,alpha=0.1|lambda_reg=50|use_momentum=False,95,2.242262868763529,0.11647781936475078,2.125785049398778,2.3587406881282797,3
stationary,LinUCB_Vanilla,alpha=0.1|lambda_reg=50|use_momentum=False,96,2.26250042627267,0.13456702287589659,2.1279334033967734,2.397067449148566,3
stationary,LinUCB_Vanilla,alpha=0.1|lambda_reg=50|use_momentum=False,97,2.2735176526897805,0.1335785471376214,2.139939105552159,2.407096199827402,3
stationary,LinUCB_Vanilla,alpha=0.1|lambda_reg=50|use_momentum=False,98,2.290504844284852,0.1376641113208751,2.152840732963977,2.4281689556057273,3
stationary,LinUCB_Vanilla,alpha=0.1|lambda_reg=50|use_momentum=False,99,2.308516746105441,0.13648776507454394,2.172028981030897,2.445004511179985,3
stationary,LinUCB_Vanilla,alpha=0.1|lambda_reg=50|use_momentum=False,100,2.325358573333769,0.12385546470147019,2.201503108632299,2.449214038035239,3
stationary,LinUCB_Vanilla,alpha=0.1|lambda_reg=50|use_momentum=False,101,2.364837977456532,0.10842281482317545,2.256415162633356,2.4732607922797074,3
stationary,LinUCB_Vanilla,alpha=0.1|lambda_reg=50|use_momentum=False,102,2.393691889557465,0.10978471640084,2.283907173156625,2.503476605958305,3
stationary,LinUCB_Vanilla,alpha=0.1|lambda_reg=50|use_momentum=False,103,2.4224918909186144,0.11866731991816389,2.3038245710004506,2.541159210836778,3
stationary,LinUCB_Vanilla,alpha=0.1|lambda_reg=50|use_momentum=False,104,2.4588191834490023,0.131389887403549,2.3274292960454535,2.590209070852551,3
stationary,LinUCB_Vanilla,alpha=0.1|lambda_reg=50|use_momentum=False,105,2.464385075920821,0.1371772312717032,2.327207844649118,2.601562307192524,3
stationary,LinUCB_Vanilla,alpha=0.1|lambda_reg=50|use_momentum=False,106,2.4745708798297863,0.13870670385100797,2.335864175978778,2.6132775836807944,3
stationary,LinUCB_Vanilla,alpha=0.1|lambda_reg=50|use_momentum=False,107,2.475479500145772,0.13773831836206152,2.33774118178371,2.6132178185078336,3
stationary,LinUCB_Vanilla,alpha=0.1|lambda_reg=50|use_momentum=False,108,2.482795028411283,0.13694036985506453,2.3458546585562186,2.6197353982663474,3
stationary,LinUCB_Vanilla,alpha=0.1|lambda_reg=50|use_momentum=False,109,2.5013183974678506,0.1264350368420622,2.3748833606257884,2.6277534343099127,3
stationary,LinUCB_Vanilla,alpha=0.1|lambda_reg=50|use_momentum=False,110,2.508357570678772,0.1289970753674274,2.3793604953113445,2.6373546460461994,3
stationary,LinUCB_Vanilla,alpha=0.1|lambda_reg=50|use_momentum=False,111,2.519735406083034,0.11867942768618679,2.4010559783968475,2.638414833769221,3
stationary,LinUCB_Vanilla,alpha=0.1|lambda_reg=50|use_momentum=False,112,2.531534936656586,0.12903083120801837,2.4025041054485676,2.660565767864604,3
stationary,LinUCB_Vanilla,alpha=0.1|lambda_reg=50|use_momentum=False,113,2.5344848678016683,0.1312374686439978,2.4032473991576704,2.665722336445666,3
stationary,LinUCB_Vanilla,alpha=0.1|lambda_reg=50|use_momentum=False,114,2.5493121062891464,0.13609261880626017,2.4132194874828863,2.6854047250954065,3
stationary,LinUCB_Vanilla,alpha=0.1|lambda_reg=50|use_momentum=False,115,2.563383484381154,0.13206324049086257,2.4313202438902914,2.695446724872016,3
stationary,LinUCB_Vanilla,alpha=0.1|lambda_reg=50|use_momentum=False,116,2.5666411131612006,0.1287548961899374,2.437886216971263,2.695396009351138,3
stationary,LinUCB_Vanilla,alpha=0.1|lambda_reg=50|use_momentum=False,117,2.584633740770484,0.13751764449528758,2.447116096275196,2.7221513852657715,3
stationary,LinUCB_Vanilla,alpha=0.1|lambda_reg=50|use_momentum=False,118,2.593199873824094,0.13050047485375169,2.4626993989703423,2.7237003486778453,3
stationary,LinUCB_Vanilla,alpha=0.1|lambda_reg=50|use_momentum=False,119,2.616896158421484,0.11346403563617113,2.5034321227853127,2.7303601940576554,3
stationary,LinUCB_Vanilla,alpha=0.1|lambda_reg=50|use_momentum=False,120,2.6206705833433355,0.11995077989059846,2.500719803452737,2.740621363233934,3
stationary,LinUCB_Vanilla,alpha=0.1|lambda_reg=50|use_momentum=False,121,2.633752974994802,0.13031704500751817,2.503435929987284,2.76407002000232,3
stationary,LinUCB_Vanilla,alpha=0.1|lambda_reg=50|use_momentum=False,122,2.6531638090141336,0.1215512120623353,2.531612596951798,2.774715021076469,3
stationary,LinUCB_Vanilla,alpha=0.1|lambda_reg=50|use_momentum=False,123,2.6796517790667025,0.1333202929723668,2.546331486094336,2.812972072039069,3
stationary,LinUCB_Vanilla,alpha=0.1|lambda_reg=50|use_momentum=False,124,2.684411979806727,0.13450217215362426,2.549909807653103,2.8189141519603513,3
stationary,LinUCB_Vanilla,alpha=0.1|lambda_reg=50|use_momentum=False,125,2.7064281694289725,0.13470774117982848,2.571720428249144,2.8411359106088008,3
stationary,LinUCB_Vanilla,alpha=0.1|lambda_reg=50|use_momentum=False,126,2.720995830666226,0.12161951932007126,2.5993763113461545,2.842615349986297,3
stationary,LinUCB_Vanilla,alpha=0.1|lambda_reg=50|use_momentum=False,127,2.7362881248843443,0.1418631665933015,2.5944249582910426,2.878151291477646,3
stationary,LinUCB_Vanilla,alpha=0.1|lambda_reg=50|use_momentum=False,128,2.7521017321742867,0.13693090857481452,2.615170823599472,2.889032640749101,3
stationary,LinUCB_Vanilla,alpha=0.1|lambda_reg=50|use_momentum=False,129,2.755584595067973,0.13553110096810322,2.62005349409987,2.891115696036076,3
stationary,LinUCB_Vanilla,alpha=0.1|lambda_reg=50|use_momentum=False,130,2.7600729652874274,0.13872324106214753,2.6213497242252797,2.898796206349575,3
stationary,LinUCB_Vanilla,alpha=0.1|lambda_reg=50|use_momentum=False,131,2.76020886689556,0.13894998461849764,2.6212588822770626,2.899158851514058,3
stationary,LinUCB_Vanilla,alpha=0.1|lambda_reg=50|use_momentum=False,132,2.7711730420280074,0.13488348395766875,2.6362895580703385,2.9060565259856763,3
stationary,LinUCB_Vanilla,alpha=0.1|lambda_reg=50|use_momentum=False,133,2.8494750232175754,0.09966803096956803,2.7498069922480073,2.9491430541871435,3
stationary,LinUCB_Vanilla,alpha=0.1|lambda_reg=50|use_momentum=False,134,2.8591526600120125,0.0948373429831069,2.7643153170289056,2.9539900029951194,3
stationary,LinUCB_Vanilla,alpha=0.1|lambda_reg=50|use_momentum=False,135,2.8959137853833496,0.06668975028276937,2.82922403510058,2.962603535666119,3
stationary,LinUCB_Vanilla,alpha=0.1|lambda_reg=50|use_momentum=False,136,2.9163386702538037,0.07998039307923958,2.836358277174564,2.9963190633330434,3
stationary,LinUCB_Vanilla,alpha=0.1|lambda_reg=50|use_momentum=False,137,2.920170424829534,0.08099071576417011,2.839179709065364,3.001161140593704,3
stationary,LinUCB_Vanilla,alpha=0.1|lambda_reg=50|use_momentum=False,138,2.9459113374202333,0.08305059171963595,2.8628607457005972,3.0289619291398693,3
stationary,LinUCB_Vanilla,alpha=0.1|lambda_reg=50|use_momentum=False,139,2.9591755002218734,0.07168765149863983,2.8874878487232336,3.030863151720513,3
stationary,LinUCB_Vanilla,alpha=0.1|lambda_reg=50|use_momentum=False,140,2.9857588917071936,0.11140132365436316,2.8743575680528304,3.0971602153615567,3
stationary,LinUCB_Vanilla,alpha=0.1|lambda_reg=50|use_momentum=False,141,3.0009148974574695,0.11093815777773751,2.889976739679732,3.111853055235207,3
stationary,LinUCB_Vanilla,alpha=0.1|lambda_reg=50|use_momentum=False,142,3.0046513904444194,0.10901257503963163,2.8956388154047876,3.113663965484051,3
stationary,LinUCB_Vanilla,alpha=0.1|lambda_reg=50|use_momentum=False,143,3.0119022010058685,0.11166948155314124,2.900232719452727,3.12357168255901,3
stationary,LinUCB_Vanilla,alpha=0.1|lambda_reg=50|use_momentum=False,144,3.021003359496699,0.10718512479736222,2.913818234699337,3.128188484294061,3
stationary,LinUCB_Vanilla,alpha=0.1|lambda_reg=50|use_momentum=False,145,3.0781057742276494,0.12444955527372321,2.953656218953926,3.2025553295013727,3
stationary,LinUCB_Vanilla,alpha=0.1|lambda_reg=50|use_momentum=False,146,3.093903618148458,0.11584775608510987,2.978055862063348,3.2097513742335675,3
stationary,LinUCB_Vanilla,alpha=0.1|lambda_reg=50|use_momentum=False,147,3.1216470170527995,0.10816720038342129,3.013479816669378,3.2298142174362208,3
stationary,LinUCB_Vanilla,alpha=0.1|lambda_reg=50|use_momentum=False,148,3.1796006315933845,0.16037512970174075,3.019225501891644,3.339975761295125,3
stationary,LinUCB_Vanilla,alpha=0.1|lambda_reg=50|use_momentum=False,149,3.1884291873286057,0.15490208607504377,3.033527101253562,3.3433312734036496,3
stationary,LinUCB_Vanilla,alpha=0.1|lambda_reg=50|use_momentum=False,150,3.2034997547975252,0.15630210894470067,3.0471976458528247,3.359801863742226,3
stationary,LinUCB_Vanilla,alpha=0.1|lambda_reg=50|use_momentum=False,151,3.2115271173512165,0.14422005129033577,3.0673070660608808,3.3557471686415523,3
stationary,LinUCB_Vanilla,alpha=0.1|lambda_reg=50|use_momentum=False,152,3.239942368392556,0.1433238419958106,3.0966185263967456,3.3832662103883666,3
stationary,LinUCB_Vanilla,alpha=0.1|lambda_reg=50|use_momentum=False,153,3.241235296973891,0.1416389954402398,3.099596301533651,3.382874292414131,3
stationary,LinUCB_Vanilla,alpha=0.1|lambda_reg=50|use_momentum=False,154,3.2528774394369875,0.1327633686571993,3.1201140707797883,3.3856408080941867,3
stationary,LinUCB_Vanilla,alpha=0.1|lambda_reg=50|use_momentum=False,155,3.2604588639468877,0.12976149217996236,3.1306973717669253,3.39022035612685,3
stationary,LinUCB_Vanilla,alpha=0.1|lambda_reg=50|use_momentum=False,156,3.2692185266129123,0.12866927878045195,3.1405492478324604,3.3978878053933643,3
stationary,LinUCB_Vanilla,alpha=0.1|lambda_reg=50|use_momentum=False,157,3.307981039846164,0.16319766086677562,3.144783378979388,3.4711787007129398,3
stationary,LinUCB_Vanilla,alpha=0.1|lambda_reg=50|use_momentum=False,158,3.3167535769867054,0.17299945791507118,3.1437541190716343,3.4897530349017765,3
stationary,LinUCB_Vanilla,alpha=0.1|lambda_reg=50|use_momentum=False,159,3.331461485080362,0.16167037112023414,3.169791113960128,3.493131856200596,3
stationary,LinUCB_Vanilla,alpha=0.1|lambda_reg=50|use_momentum=False,160,3.339296846118937,0.1540956928466242,3.185201153272313,3.4933925389655616,3
stationary,LinUCB_Vanilla,alpha=0.1|lambda_reg=50|use_momentum=False,161,3.34902585067433,0.14784943237126655,3.201176418303063,3.4968752830455965,3
stationary,LinUCB_Vanilla,alpha=0.1|lambda_reg=50|use_momentum=False,162,3.366527089112012,0.12999851986705505,3.236528569244957,3.4965256089790673,3
stationary,LinUCB_Vanilla,alpha=0.1|lambda_reg=50|use_momentum=False,163,3.3723919562129097,0.12574651144099272,3.246645444771917,3.4981384676539022,3
stationary,LinUCB_Vanilla,alpha=0.1|lambda_reg=50|use_momentum=False,164,3.3725533221297135,0.12556467190098344,3.24698865022873,3.498117994030697,3
stationary,LinUCB_Vanilla,alpha=0.1|lambda_reg=50|use_momentum=False,165,3.3844819146032328,0.13008107369549404,3.2544008409077385,3.514562988298727,3
stationary,LinUCB_Vanilla,alpha=0.1|lambda_reg=50|use_momentum=False,166,3.3883011983445264,0.1277058344534625,3.260595363891064,3.516007032797989,3
stationary,LinUCB_Vanilla,alpha=0.1|lambda_reg=50|use_momentum=False,167,3.3997826188024884,0.1288391697359387,3.2709434490665497,3.5286217885384272,3
stationary,LinUCB_Vanilla,alpha=0.1|lambda_reg=50|use_momentum=False,168,3.4044120450599826,0.13372397855388032,3.270688066506102,3.538136023613863,3
stationary,LinUCB_Vanilla,alpha=0.1|lambda_reg=50|use_momentum=False,169,3.41300535470279,0.12765991954188272,3.2853454351609073,3.5406652742446725,3
stationary,LinUCB_Vanilla,alpha=0.1|lambda_reg=50|use_momentum=False,170,3.4168663638391705,0.12775276827358722,3.2891135955655835,3.5446191321127576,3
stationary,LinUCB_Vanilla,alpha=0.1|lambda_reg=50|use_momentum=False,171,3.4417048923734033,0.12931455035546247,3.312390342017941,3.5710194427288657,3
stationary,LinUCB_Vanilla,alpha=0.1|lambda_reg=50|use_momentum=False,172,3.4631578402998398,0.11311254237856803,3.350045297921272,3.5762703826784077,3
stationary,LinUCB_Vanilla,alpha=0.1|lambda_reg=50|use_momentum=False,173,3.468984099999675,0.11270268037555636,3.3562814196241186,3.5816867803752315,3
stationary,LinUCB_Vanilla,alpha=0.1|lambda_reg=50|use_momentum=False,174,3.4713292405895846,0.11136112124264318,3.3599681193469415,3.5826903618322277,3
stationary,LinUCB_Vanilla,alpha=0.1|lambda_reg=50|use_momentum=False,175,3.4766434956032968,0.10623201258985224,3.3704114830134446,3.582875508193149,3
stationary,LinUCB_Vanilla,alpha=0.1|lambda_reg=50|use_momentum=False,176,3.4880423386047315,0.11038572070484415,3.3776566178998872,3.5984280593095757,3
stationary,LinUCB_Vanilla,alpha=0.1|lambda_reg=50|use_momentum=False,177,3.492967267921651,0.11846786880687542,3.3744993991147756,3.611435136728526,3
stationary,LinUCB_Vanilla,alpha=0.1|lambda_reg=50|use_momentum=False,178,3.509989522810654,0.12106859727150655,3.3889209255391473,3.6310581200821606,3
stationary,LinUCB_Vanilla,alpha=0.1|lambda_reg=50|use_momentum=False,179,3.531923059046612,0.10738146127607204,3.42454159777054,3.639304520322684,3
stationary,LinUCB_Vanilla,alpha=0.1|lambda_reg=50|use_momentum=False,180,3.5617246731617818,0.09944655876047212,3.4622781144013097,3.661171231922254,3
stationary,LinUCB_Vanilla,alpha=0.1|lambda_reg=50|use_momentum=False,181,3.5734504753935066,0.09431748354926468,3.4791329918442417,3.6677679589427714,3
stationary,LinUCB_Vanilla,alpha=0.1|lambda_reg=50|use_momentum=False,182,3.5801560341691725,0.08740231563003621,3.492753718539136,3.667558349799209,3
stationary,LinUCB_Vanilla,alpha=0.1|lambda_reg=50|use_momentum=False,183,3.58829500616732,0.0840474356725416,3.5042475704947784,3.6723424418398616,3
stationary,LinUCB_Vanilla,alpha=0.1|lambda_reg=50|use_momentum=False,184,3.5939439734885035,0.08633127297192139,3.507612700516582,3.680275246460425,3
stationary,LinUCB_Vanilla,alpha=0.1|lambda_reg=50|use_momentum=False,185,3.6347903503146655,0.08144906687302478,3.5533412834416405,3.7162394171876905,3
stationary,LinUCB_Vanilla,alpha=0.1|lambda_reg=50|use_momentum=False,186,3.65581600668498,0.07702982688185839,3.5787861798031213,3.7328458335668384,3
stationary,LinUCB_Vanilla,alpha=0.1|lambda_reg=50|use_momentum=False,187,3.662663868717159,0.07343757836266933,3.5892262903544894,3.7361014470798284,3
stationary,LinUCB_Vanilla,alpha=0.1|lambda_reg=50|use_momentum=False,188,3.66518810389451,0.07511699541101001,3.5900711084835,3.74030509930552,3
stationary,LinUCB_Vanilla,alpha=0.1|lambda_reg=50|use_momentum=False,189,3.6789697943216333,0.0696466391519473,3.609323155169686,3.7486164334735808,3
stationary,LinUCB_Vanilla,alpha=0.1|lambda_reg=50|use_momentum=False,190,3.7073103437540014,0.06062433220965872,3.6466860115443427,3.76793467596366,3
stationary,LinUCB_Vanilla,alpha=0.1|lambda_reg=50|use_momentum=False,191,3.7109696729594073,0.0622158340699754,3.648753838889432,3.7731855070293827,3
stationary,LinUCB_Vanilla,alpha=0.1|lambda_reg=50|use_momentum=False,192,3.7194479355268117,0.0641689793069257,3.655278956219886,3.7836169148337375,3
stationary,LinUCB_Vanilla,alpha=0.1|lambda_reg=50|use_momentum=False,193,3.724812594987238,0.06092333360222861,3.6638892613850094,3.785735928589467,3
stationary,LinUCB_Vanilla,alpha=0.1|lambda_reg=50|use_momentum=False,194,3.7330020059201314,0.0627153564728105,3.6702866494473207,3.795717362392942,3
stationary,LinUCB_Vanilla,alpha=0.1|lambda_reg=50|use_momentum=False,195,3.7379820800664088,0.05836122144804632,3.6796208586183625,3.796343301514455,3
stationary,LinUCB_Vanilla,alpha=0.1|lambda_reg=50|use_momentum=False,196,3.7494242060929928,0.07076537655244172,3.678658829540551,3.8201895826454346,3
stationary,LinUCB_Vanilla,alpha=0.1|lambda_reg=50|use_momentum=False,197,3.7750966035505567,0.0628414405685962,3.7122551629819602,3.837938044119153,3
stationary,LinUCB_Vanilla,alpha=0.1|lambda_reg=50|use_momentum=False,198,3.7836592380295233,0.05650416686340372,3.7271550711661194,3.840163404892927,3
stationary,LinUCB_Vanilla,alpha=0.1|lambda_reg=50|use_momentum=False,199,3.7998106950214954,0.05457993926291737,3.7452307557585782,3.8543906342844125,3
stationary,LinUCB_Vanilla,alpha=0.1|lambda_reg=50|use_momentum=False,200,3.8159488127998586,0.06706438474019488,3.7488844280596636,3.8830131975400537,3
stationary,LinUCB_Vanilla,alpha=0.1|lambda_reg=50|use_momentum=False,201,3.83338388880318,0.06357582840065491,3.769808060402525,3.896959717203835,3
stationary,LinUCB_Vanilla,alpha=0.1|lambda_reg=50|use_momentum=False,202,3.8504952673727195,0.07417441698400849,3.776320850388711,3.924669684356728,3
stationary,LinUCB_Vanilla,alpha=0.1|lambda_reg=50|use_momentum=False,203,3.8532898738167702,0.07401357922682725,3.779276294589943,3.9273034530435975,3
stationary,LinUCB_Vanilla,alpha=0.1|lambda_reg=50|use_momentum=False,204,3.8598668807133305,0.07360176733190911,3.7862651133814214,3.9334686480452397,3
stationary,LinUCB_Vanilla,alpha=0.1|lambda_reg=50|use_momentum=False,205,3.8663158574770704,0.07527473242418542,3.791041125052885,3.941590589901256,3
stationary,LinUCB_Vanilla,alpha=0.1|lambda_reg=50|use_momentum=False,206,3.888838139004252,0.08353337946375357,3.8053047595404985,3.9723715184680053,3
stationary,LinUCB_Vanilla,alpha=0.1|lambda_reg=50|use_momentum=False,207,3.8933675538945294,0.08754775621144141,3.805819797683088,3.9809153101059707,3
stationary,LinUCB_Vanilla,alpha=0.1|lambda_reg=50|use_momentum=False,208,3.895270027500095,0.08988103351671983,3.8053889939833754,3.985151061016815,3
stationary,LinUCB_Vanilla,alpha=0.1|lambda_reg=50|use_momentum=False,209,3.899186444724631,0.08731716899670068,3.8118692757279304,3.986503613721332,3
stationary,LinUCB_Vanilla,alpha=0.1|lambda_reg=50|use_momentum=False,210,3.908890089234714,0.08475100917387333,3.8241390800608404,3.9936410984085873,3
stationary,LinUCB_Vanilla,alpha=0.1|lambda_reg=50|use_momentum=False,211,3.9278389854241342,0.07793656567872617,3.849902419745408,4.00577555110286,3
stationary,LinUCB_Vanilla,alpha=0.1|lambda_reg=50|use_momentum=False,212,3.9385532589716967,0.06890385012106107,3.8696494088506355,4.0074571090927575,3
stationary,LinUCB_Vanilla,alpha=0.1|lambda_reg=50|use_momentum=False,213,3.9456750421489954,0.0743282968489296,3.871346745300066,4.020003338997925,3
stationary,LinUCB_Vanilla,alpha=0.1|lambda_reg=50|use_momentum=False,214,3.961788307900878,0.07135783810379122,3.890430469797087,4.033146146004669,3
stationary,LinUCB_Vanilla,alpha=0.1|lambda_reg=50|use_momentum=False,215,3.9696487596070984,0.07854089310961516,3.8911078664974834,4.048189652716713,3
stationary,LinUCB_Vanilla,alpha=0.1|lambda_reg=50|use_momentum=False,216,3.9781573719087233,0.09024273109865218,3.887914640810071,4.0684001030073755,3
stationary,LinUCB_Vanilla,alpha=0.1|lambda_reg=50|use_momentum=False,217,3.9820243363566923,0.09088978927132849,3.8911345470853638,4.072914125628021,3
stationary,LinUCB_Vanilla,alpha=0.1|lambda_reg=50|use_momentum=False,218,3.9914497780940263,0.09774139995428069,3.8937083781397455,4.089191178048307,3
stationary,LinUCB_Vanilla,alpha=0.1|lambda_reg=50|use_momentum=False,219,4.005530875998664,0.10918240898181825,3.896348467016846,4.114713284980482,3
stationary,LinUCB_Vanilla,alpha=0.1|lambda_reg=50|use_momentum=False,220,4.00644731012088,0.10852776361880201,3.8979195465020777,4.114975073739682,3
stationary,LinUCB_Vanilla,alpha=0.1|lambda_reg=50|use_momentum=False,221,4.014801611658595,0.101953126698088,3.912848484960507,4.116754738356684,3
stationary,LinUCB_Vanilla,alpha=0.1|lambda_reg=50|use_momentum=False,222,4.029404858394897,0.09802257986128629,3.9313822785336106,4.127427438256183,3
stationary,LinUCB_Vanilla,alpha=0.1|lambda_reg=50|use_momentum=False,223,4.041793718349401,0.09941763931098939,3.9423760790384113,4.14121135766039,3
stationary,LinUCB_Vanilla,alpha=0.1|lambda_reg=50|use_momentum=False,224,4.047684976276928,0.10329289413369389,3.944392082143234,4.150977870410622,3
stationary,LinUCB_Vanilla,alpha=0.1|lambda_reg=50|use_momentum=False,225,4.057543252625902,0.09634571872562782,3.9611975339002745,4.15388897135153,3
stationary,LinUCB_Vanilla,alpha=0.1|lambda_reg=50|use_momentum=False,226,4.079544573420038,0.09196655400275822,3.98757801941728,4.1715111274227965,3
stationary,LinUCB_Vanilla,alpha=0.1|lambda_reg=50|use_momentum=False,227,4.095945607807999,0.10440595793321483,3.991539649874784,4.200351565741213,3
stationary,LinUCB_Vanilla,alpha=0.1|lambda_reg=50|use_momentum=False,228,4.106534986124911,0.11236124045861087,3.9941737456663007,4.218896226583523,3
stationary,LinUCB_Vanilla,alpha=0.1|lambda_reg=50|use_momentum=False,229,4.109168049742803,0.10971665857246644,3.9994513911703367,4.21888470831527,3
stationary,LinUCB_Vanilla,alpha=0.1|lambda_reg=50|use_momentum=False,230,4.119380147556878,0.11083601345556465,4.008544134101314,4.230216161012443,3
stationary,LinUCB_Vanilla,alpha=0.1|lambda_reg=50|use_momentum=False,231,4.121177945449738,0.11390459357228211,4.007273351877457,4.23508253902202,3
stationary,LinUCB_Vanilla,alpha=0.1|lambda_reg=50|use_momentum=False,232,4.132209654066301,0.12667155161392027,4.005538102452381,4.258881205680221,3
stationary,LinUCB_Vanilla,alpha=0.1|lambda_reg=50|use_momentum=False,233,4.144810127329335,0.1245449635549808,4.020265163774354,4.269355090884316,3
stationary,LinUCB_Vanilla,alpha=0.1|lambda_reg=50|use_momentum=False,234,4.166295073594564,0.10648418722492463,4.05981088636964,4.272779260819489,3
stationary,LinUCB_Vanilla,alpha=0.1|lambda_reg=50|use_momentum=False,235,4.1767907467899805,0.10048933381803142,4.076301412971949,4.277280080608012,3
stationary,LinUCB_Vanilla,alpha=0.1|lambda_reg=50|use_momentum=False,236,4.195573836209493,0.12025722760344586,4.075316608606047,4.315831063812939,3
stationary,LinUCB_Vanilla,alpha=0.1|lambda_reg=50|use_momentum=False,237,4.214192436370113,0.14358345304438652,4.070608983325727,4.3577758894145,3
stationary,LinUCB_Vanilla,alpha=0.1|lambda_reg=50|use_momentum=False,238,4.230574102642354,0.15372621118844368,4.076847891453911,4.384300313830797,3
stationary,LinUCB_Vanilla,alpha=0.1|lambda_reg=50|use_momentum=False,239,4.24805122838039,0.14854519539781527,4.099506032982575,4.396596423778206,3
stationary,LinUCB_Vanilla,alpha=0.1|lambda_reg=50|use_momentum=False,240,4.266520532491664,0.14486238162254436,4.12165815086912,4.411382914114208,3
stationary,LinUCB_Vanilla,alpha=0.1|lambda_reg=50|use_momentum=False,241,4.283925649714681,0.13799282603050314,4.145932823684178,4.421918475745184,3
stationary,LinUCB_Vanilla,alpha=0.1|lambda_reg=50|use_momentum=False,242,4.292142393405495,0.1412443183938748,4.15089807501162,4.43338671179937,3
stationary,LinUCB_Vanilla,alpha=0.1|lambda_reg=50|use_momentum=False,243,4.302369299265966,0.15039880017739912,4.151970499088567,4.452768099443365,3
stationary,LinUCB_Vanilla,alpha=0.1|lambda_reg=50|use_momentum=False,244,4.316669476204338,0.1724787195909514,4.144190756613387,4.4891481957952895,3
stationary,LinUCB_Vanilla,alpha=0.1|lambda_reg=50|use_momentum=False,245,4.322199113241318,0.17975306864767496,4.142446044593643,4.501952181888993,3
stationary,LinUCB_Vanilla,alpha=0.1|lambda_reg=50|use_momentum=False,246,4.3261857088130675,0.18004055825037668,4.146145150562691,4.506226267063444,3
stationary,LinUCB_Vanilla,alpha=0.1|lambda_reg=50|use_momentum=False,247,4.336417858337022,0.19504832796766186,4.14136953036936,4.531466186304684,3
stationary,LinUCB_Vanilla,alpha=0.1|lambda_reg=50|use_momentum=False,248,4.342734667257145,0.20269540433091449,4.14003926292623,4.54543007158806,3
stationary,LinUCB_Vanilla,alpha=0.1|lambda_reg=50|use_momentum=False,249,4.360396991433219,0.227486620220873,4.132910371212346,4.5878836116540915,3
stationary,LinUCB_Vanilla,alpha=0.1|lambda_reg=50|use_momentum=False,250,4.378828949113236,0.2150286359624749,4.1638003131507615,4.593857585075711,3
stationary,LinUCB_Vanilla,alpha=0.1|lambda_reg=50|use_momentum=False,251,4.390342416900274,0.21054437519322325,4.17979804170705,4.6008867920934975,3
stationary,LinUCB_Vanilla,alpha=0.1|lambda_reg=50|use_momentum=False,252,4.403062801657512,0.2218140064356247,4.1812487952218875,4.624876808093137,3
stationary,LinUCB_Vanilla,alpha=0.1|lambda_reg=50|use_momentum=False,253,4.405038743924229,0.22016041542717651,4.184878328497053,4.625199159351405,3
stationary,LinUCB_Vanilla,alpha=0.1|lambda_reg=50|use_momentum=False,254,4.416526625907692,0.22222567381457925,4.194300952093113,4.638752299722271,3
stationary,LinUCB_Vanilla,alpha=0.1|lambda_reg=50|use_momentum=False,255,4.428761427019882,0.21723619353812712,4.211525233481755,4.64599762055801,3
stationary,LinUCB_Vanilla,alpha=0.1|lambda_reg=50|use_momentum=False,256,4.438025782498197,0.21817015085837735,4.2198556316398195,4.656195933356574,3
stationary,LinUCB_Vanilla,alpha=0.1|lambda_reg=50|use_momentum=False,257,4.45066893020099,0.2119154925708708,4.23875343763012,4.662584422771861,3
stationary,LinUCB_Vanilla,alpha=0.1|lambda_reg=50|use_momentum=False,258,4.465605348247432,0.21103782185115355,4.254567526396278,4.676643170098585,3
stationary,LinUCB_Vanilla,alpha=0.1|lambda_reg=50|use_momentum=False,259,4.481126243824604,0.2176925223867229,4.263433721437881,4.6988187662113265,3
stationary,LinUCB_Vanilla,alpha=0.1|lambda_reg=50|use_momentum=False,260,4.489316572862166,0.21966104305306805,4.269655529809098,4.708977615915234,3
stationary,LinUCB_Vanilla,alpha=0.1|lambda_reg=50|use_momentum=False,261,4.4959923181503365,0.21788773066708375,4.278104587483253,4.71388004881742,3
stationary,LinUCB_Vanilla,alpha=0.1|lambda_reg=50|use_momentum=False,262,4.500705365938987,0.22342423476283846,4.2772811311761485,4.724129600701825,3
stationary,LinUCB_Vanilla,alpha=0.1|lambda_reg=50|use_momentum=False,263,4.5032299618657445,0.2260834747822971,4.2771464870834475,4.729313436648042,3
stationary,LinUCB_Vanilla,alpha=0.1|lambda_reg=50|use_momentum=False,264,4.509786603977848,0.22765401140481195,4.282132592573037,4.73744061538266,3
stationary,LinUCB_Vanilla,alpha=0.1|lambda_reg=50|use_momentum=False,265,4.533692622672269,0.22851585113458608,4.305176771537683,4.762208473806854,3
stationary,LinUCB_Vanilla,alpha=0.1|lambda_reg=50|use_momentum=False,266,4.547178572701996,0.21725150747089214,4.329927065231104,4.764430080172888,3
stationary,LinUCB_Vanilla,alpha=0.1|lambda_reg=50|use_momentum=False,267,4.562937571297236,0.2038346888025709,4.359102882494665,4.766772260099807,3
stationary,LinUCB_Vanilla,alpha=0.1|lambda_reg=50|use_momentum=False,268,4.615457474679829,0.18051132196034847,4.434946152719481,4.795968796640177,3
stationary,LinUCB_Vanilla,alpha=0.1|lambda_reg=50|use_momentum=False,269,4.615716305212015,0.18078380853800577,4.434932496674009,4.79650011375002,3
stationary,LinUCB_Vanilla,alpha=0.1|lambda_reg=50|use_momentum=False,270,4.629854984353607,0.18808452213243543,4.441770462221172,4.817939506486043,3
stationary,LinUCB_Vanilla,alpha=0.1|lambda_reg=50|use_momentum=False,271,4.650793022954827,0.16597296180059684,4.48482006115423,4.816765984755423,3
stationary,LinUCB_Vanilla,alpha=0.1|lambda_reg=50|use_momentum=False,272,4.655801518333096,0.17250036145075553,4.48330115688234,4.828301879783852,3
stationary,LinUCB_Vanilla,alpha=0.1|lambda_reg=50|use_momentum=False,273,4.666105476296099,0.1840158331537263,4.482089643142373,4.8501213094498254,3
stationary,LinUCB_Vanilla,alpha=0.1|lambda_reg=50|use_momentum=False,274,4.681802174359821,0.19206395990792413,4.489738214451897,4.873866134267745,3
stationary,LinUCB_Vanilla,alpha=0.1|lambda_reg=50|use_momentum=False,275,4.7005586996964475,0.1976552844411054,4.502903415255342,4.898213984137553,3
stationary,LinUCB_Vanilla,alpha=0.1|lambda_reg=50|use_momentum=False,276,4.723559473222494,0.19809689432154914,4.525462578900945,4.921656367544043,3
stationary,LinUCB_Vanilla,alpha=0.1|lambda_reg=50|use_momentum=False,277,4.758565624247679,0.23959559777976003,4.518970026467919,4.99816122202744,3
stationary,LinUCB_Vanilla,alpha=0.1|lambda_reg=50|use_momentum=False,278,4.7626355752361755,0.23991691997450604,4.522718655261669,5.002552495210682,3
stationary,LinUCB_Vanilla,alpha=0.1|lambda_reg=50|use_momentum=False,279,4.7744426585867625,0.23272402150378715,4.541718637082975,5.00716668009055,3
stationary,LinUCB_Vanilla,alpha=0.1|lambda_reg=50|use_momentum=False,280,4.800828432201686,0.26060337414174556,4.54022505805994,5.061431806343432,3
stationary,LinUCB_Vanilla,alpha=0.1|lambda_reg=50|use_momentum=False,281,4.811871972268015,0.2561883331397468,4.555683639128269,5.068060305407762,3
stationary,LinUCB_Vanilla,alpha=0.1|lambda_reg=50|use_momentum=False,282,4.839485450819528,0.26661516251970296,4.572870288299825,5.1061006133392315,3
stationary,LinUCB_Vanilla,alpha=0.1|lambda_reg=50|use_momentum=False,283,4.849074467644819,0.2676690582831842,4.5814054093616345,5.116743525928003,3
stationary,LinUCB_Vanilla,alpha=0.1|lambda_reg=50|use_momentum=False,284,4.855124440818805,0.2683000061845681,4.586824434634236,5.123424447003373,3
stationary,LinUCB_Vanilla,alpha=0.1|lambda_reg=50|use_momentum=False,285,4.859674828437182,0.2688083882783548,4.590866440158827,5.128483216715537,3
stationary,LinUCB_Vanilla,alpha=0.1|lambda_reg=50|use_momentum=False,286,4.861377476071687,0.26883490693725987,4.5925425691344275,5.1302123830089466,3
stationary,LinUCB_Vanilla,alpha=0.1|lambda_reg=50|use_momentum=False,287,4.874162809956289,0.26108764915387134,4.613075160802418,5.13525045911016,3
stationary,LinUCB_Vanilla,alpha=0.1|lambda_reg=50|use_momentum=False,288,4.881484319271846,0.24996262941566877,4.631521689856177,5.131446948687515,3
stationary,LinUCB_Vanilla,alpha=0.1|lambda_reg=50|use_momentum=False,289,4.886782591067594,0.24713869686369522,4.639643894203899,5.133921287931289,3
stationary,LinUCB_Vanilla,alpha=0.1|lambda_reg=50|use_momentum=False,290,4.88922351276362,0.24348049661687388,4.645743016146747,5.132704009380494,3
stationary,LinUCB_Vanilla,alpha=0.1|lambda_reg=50|use_momentum=False,291,4.89706586931882,0.24027013340382333,4.656795735914996,5.137336002722644,3
stationary,LinUCB_Vanilla,alpha=0.1|lambda_reg=50|use_momentum=False,292,4.905690160454106,0.23940426549457236,4.666285894959533,5.145094425948678,3
stationary,LinUCB_Vanilla,alpha=0.1|lambda_reg=50|use_momentum=False,293,4.926205649524993,0.24253747645220106,4.6836681730727925,5.168743125977194,3
stationary,LinUCB_Vanilla,alpha=0.1|lambda_reg=50|use_momentum=False,294,4.943295323336696,0.2585992188073216,4.684696104529374,5.201894542144018,3
stationary,LinUCB_Vanilla,alpha=0.1|lambda_reg=50|use_momentum=False,295,4.963471259067823,0.24355954490809967,4.719911714159724,5.207030803975923,3
stationary,LinUCB_Vanilla,alpha=0.1|lambda_reg=50|use_momentum=False,296,4.970807321121478,0.23674991009305746,4.73405741102842,5.207557231214535,3
stationary,LinUCB_Vanilla,alpha=0.1|lambda_reg=50|use_momentum=False,297,4.978764451938976,0.23303812483770883,4.745726327101267,5.211802576776685,3
stationary,LinUCB_Vanilla,alpha=0.1|lambda_reg=50|use_momentum=False,298,4.984584017961902,0.23950443754134243,4.74507958042056,5.224088455503244,3
stationary,LinUCB_Vanilla,alpha=0.1|lambda_reg=50|use_momentum=False,299,4.998740505331138,0.23881002345610466,4.759930481875033,5.237550528787242,3
stationary,LinUCB_Vanilla,alpha=0.1|lambda_reg=50|use_momentum=False,300,5.002104164343781,0.24395762223087017,4.758146542112911,5.246061786574652,3
stationary,LinUCB_Vanilla,alpha=0.1|lambda_reg=50|use_momentum=False,301,5.025734149585847,0.28086810677115853,4.744866042814688,5.306602256357006,3
stationary,LinUCB_Vanilla,alpha=0.1|lambda_reg=50|use_momentum=False,302,5.04100376069199,0.2624815516696251,4.778522209022365,5.303485312361615,3
stationary,LinUCB_Vanilla,alpha=0.1|lambda_reg=50|use_momentum=False,303,5.047561829293797,0.2593228622114746,4.788238967082322,5.306884691505272,3
stationary,LinUCB_Vanilla,alpha=0.1|lambda_reg=50|use_momentum=False,304,5.074283297168392,0.2545705793189633,4.819712717849429,5.328853876487356,3
stationary,LinUCB_Vanilla,alpha=0.1|lambda_reg=50|use_momentum=False,305,5.088327705846936,0.25648532093090076,4.831842384916035,5.344813026777837,3
stationary,LinUCB_Vanilla,alpha=0.1|lambda_reg=50|use_momentum=False,306,5.091146713442108,0.25615767473717205,4.834989038704936,5.34730438817928,3
stationary,LinUCB_Vanilla,alpha=0.1|lambda_reg=50|use_momentum=False,307,5.108557518027458,0.2660326775779391,4.842524840449519,5.374590195605396,3
stationary,LinUCB_Vanilla,alpha=0.1|lambda_reg=50|use_momentum=False,308,5.112787196698499,0.2650805733405838,4.847706623357915,5.377867770039083,3
stationary,LinUCB_Vanilla,alpha=0.1|lambda_reg=50|use_momentum=False,309,5.126487754335255,0.25259793135751896,4.873889822977736,5.379085685692774,3
stationary,LinUCB_Vanilla,alpha=0.1|lambda_reg=50|use_momentum=False,310,5.139009331255458,0.26630738008696764,4.872701951168491,5.405316711342426,3
stationary,LinUCB_Vanilla,alpha=0.1|lambda_reg=50|use_momentum=False,311,5.147854118127495,0.26774810107658875,4.880106017050906,5.415602219204084,3
stationary,LinUCB_Vanilla,alpha=0.1|lambda_reg=50|use_momentum=False,312,5.152995858269503,0.2607257938362961,4.892270064433207,5.413721652105799,3
stationary,LinUCB_Vanilla,alpha=0.1|lambda_reg=50|use_momentum=False,313,5.161088093899147,0.2605299774806639,4.900558116418483,5.42161807137981,3
stationary,LinUCB_Vanilla,alpha=0.1|lambda_reg=50|use_momentum=False,314,5.169541282764737,0.24998271983621434,4.919558562928522,5.4195240026009515,3
stationary,LinUCB_Vanilla,alpha=0.1|lambda_reg=50|use_momentum=False,315,5.186264810537131,0.24304719468551125,4.94321761585162,5.429312005222642,3
stationary,LinUCB_Vanilla,alpha=0.1|lambda_reg=50|use_momentum=False,316,5.1926975111920335,0.246333738143721,4.946363773048312,5.439031249335755,3
stationary,LinUCB_Vanilla,alpha=0.1|lambda_reg=50|use_momentum=False,317,5.205644427390929,0.24768438315612468,4.957960044234804,5.453328810547054,3
stationary,LinUCB_Vanilla,alpha=0.1|lambda_reg=50|use_momentum=False,318,5.220890852846367,0.23394341797953327,4.986947434866833,5.4548342708259,3
stationary,LinUCB_Vanilla,alpha=0.1|lambda_reg=50|use_momentum=False,319,5.222411222956613,0.23642854119050677,4.985982681766107,5.45883976414712,3
stationary,LinUCB_Vanilla,alpha=0.1|lambda_reg=50|use_momentum=False,320,5.2359955187221745,0.2279027481928828,5.0080927705292915,5.4638982669150575,3
stationary,LinUCB_Vanilla,alpha=0.1|lambda_reg=50|use_momentum=False,321,5.242174316955258,0.22943313098869178,5.012741185966566,5.47160744794395,3
stationary,LinUCB_Vanilla,alpha=0.1|lambda_reg=50|use_momentum=False,322,5.250375216326847,0.24065050261304513,5.009724713713802,5.491025718939892,3
stationary,LinUCB_Vanilla,alpha=0.1|lambda_reg=50|use_momentum=False,323,5.255244075734073,0.2380940479756611,5.017150027758412,5.493338123709734,3
stationary,LinUCB_Vanilla,alpha=0.1|lambda_reg=50|use_momentum=False,324,5.26039368440843,0.2398298861455429,5.020563798262887,5.500223570553973,3
stationary,LinUCB_Vanilla,alpha=0.1|lambda_reg=50|use_momentum=False,325,5.267349840122956,0.24503968781562377,5.022310152307333,5.51238952793858,3
stationary,LinUCB_Vanilla,alpha=0.1|lambda_reg=50|use_momentum=False,326,5.280299216386567,0.23558694427968538,5.044712272106882,5.515886160666252,3
stationary,LinUCB_Vanilla,alpha=0.1|lambda_reg=50|use_momentum=False,327,5.286462347380804,0.23542704141306225,5.051035305967742,5.521889388793866,3
stationary,LinUCB_Vanilla,alpha=0.1|lambda_reg=50|use_momentum=False,328,5.294769556591332,0.2279680728101721,5.06680148378116,5.522737629401504,3
stationary,LinUCB_Vanilla,alpha=0.1|lambda_reg=50|use_momentum=False,329,5.304619924169729,0.22328764833816228,5.081332275831567,5.527907572507891,3
stationary,LinUCB_Vanilla,alpha=0.1|lambda_reg=50|use_momentum=False,330,5.322735378786716,0.20956719556360193,5.113168183223115,5.532302574350318,3
stationary,LinUCB_Vanilla,alpha=0.1|lambda_reg=50|use_momentum=False,331,5.331116907744968,0.22208474162558745,5.1090321661193805,5.553201649370555,3
stationary,LinUCB_Vanilla,alpha=0.1|lambda_reg=50|use_momentum=False,332,5.335624175514753,0.22669537031268922,5.108928805202064,5.562319545827442,3
stationary,LinUCB_Vanilla,alpha=0.1|lambda_reg=50|use_momentum=False,333,5.351414677620504,0.21993786186989864,5.131476815750605,5.571352539490403,3
stationary,LinUCB_Vanilla,alpha=0.1|lambda_reg=50|use_momentum=False,334,5.359439722690887,0.21271417746623683,5.14672554522465,5.572153900157123,3
stationary,LinUCB_Vanilla,alpha=0.1|lambda_reg=50|use_momentum=False,335,5.365958535636476,0.21260536428137855,5.153353171355097,5.578563899917854,3
stationary,LinUCB_Vanilla,alpha=0.1|lambda_reg=50|use_momentum=False,336,5.373611926555168,0.21168193057555784,5.1619299959796106,5.585293857130726,3
stationary,LinUCB_Vanilla,alpha=0.1|lambda_reg=50|use_momentum=False,337,5.383264905674316,0.21368677612706594,5.16957812954725,5.596951681801381,3
stationary,LinUCB_Vanilla,alpha=0.1|lambda_reg=50|use_momentum=False,338,5.394015813088454,0.21025609921229718,5.183759713876157,5.604271912300751,3
stationary,LinUCB_Vanilla,alpha=0.1|lambda_reg=50|use_momentum=False,339,5.40974764604299,0.19628692069490067,5.21346072534809,5.606034566737891,3
stationary,LinUCB_Vanilla,alpha=0.1|lambda_reg=50|use_momentum=False,340,5.4202118876332035,0.2089822713086249,5.211229616324578,5.629194158941829,3
stationary,LinUCB_Vanilla,alpha=0.1|lambda_reg=50|use_momentum=False,341,5.432931094603343,0.20787369701554767,5.225057397587795,5.640804791618891,3
stationary,LinUCB_Vanilla,alpha=0.1|lambda_reg=50|use_momentum=False,342,5.445345951858559,0.20379433845027142,5.241551613408287,5.64914029030883,3
stationary,LinUCB_Vanilla,alpha=0.1|lambda_reg=50|use_momentum=False,343,5.457863245390107,0.19855363744962629,5.259309607940481,5.656416882839733,3
stationary,LinUCB_Vanilla,alpha=0.1|lambda_reg=50|use_momentum=False,344,5.463800915842609,0.19335545424858758,5.270445461594021,5.657156370091196,3
stationary,LinUCB_Vanilla,alpha=0.1|lambda_reg=50|use_momentum=False,345,5.473446672237109,0.19558726144734193,5.277859410789767,5.66903393368445,3
stationary,LinUCB_Vanilla,alpha=0.1|lambda_reg=50|use_momentum=False,346,5.477271676049842,0.19234563623195286,5.284926039817889,5.669617312281795,3
stationary,LinUCB_Vanilla,alpha=0.1|lambda_reg=50|use_momentum=False,347,5.4881621478674125,0.19252821112003998,5.295633936747373,5.6806903589874524,3
stationary,LinUCB_Vanilla,alpha=0.1|lambda_reg=50|use_momentum=False,348,5.503785262902785,0.2132045602416517,5.290580702661133,5.716989823144436,3
stationary,LinUCB_Vanilla,alpha=0.1|lambda_reg=50|use_momentum=False,349,5.514056262262815,0.20731264490944146,5.306743617353374,5.721368907172256,3
stationary,LinUCB_Vanilla,alpha=0.1|lambda_reg=50|use_momentum=False,350,5.517371255719663,0.20856452002415915,5.308806735695504,5.725935775743822,3
stationary,LinUCB_Vanilla,alpha=0.1|lambda_reg=50|use_momentum=False,351,5.522536191622429,0.21042188285113686,5.312114308771291,5.732958074473566,3
stationary,LinUCB_Vanilla,alpha=0.1|lambda_reg=50|use_momentum=False,352,5.528016506398225,0.2103589788309873,5.3176575275672375,5.738375485229212,3
stationary,LinUCB_Vanilla,alpha=0.1|lambda_reg=50|use_momentum=False,353,5.544046049773892,0.2115118031543579,5.3325342466195345,5.75555785292825,3
stationary,LinUCB_Vanilla,alpha=0.1|lambda_reg=50|use_momentum=False,354,5.554054904869486,0.20362848159300623,5.350426423276479,5.757683386462492,3
stationary,LinUCB_Vanilla,alpha=0.1|lambda_reg=50|use_momentum=False,355,5.578173674101485,0.2131670369980959,5.36500663710339,5.791340711099581,3
stationary,LinUCB_Vanilla,alpha=0.1|lambda_reg=50|use_momentum=False,356,5.583456652430581,0.22078046149170055,5.36267619093888,5.804237113922281,3
stationary,LinUCB_Vanilla,alpha=0.1|lambda_reg=50|use_momentum=False,357,5.585452457028988,0.2242285024521334,5.361223954576855,5.809680959481121,3
stationary,LinUCB_Vanilla,alpha=0.1|lambda_reg=50|use_momentum=False,358,5.601068693035959,0.22521187111410304,5.375856821921856,5.826280564150062,3
stationary,LinUCB_Vanilla,alpha=0.1|lambda_reg=50|use_momentum=False,359,5.63859224422887,0.20066607462319774,5.437926169605673,5.8392583188520675,3
stationary,LinUCB_Vanilla,alpha=0.1|lambda_reg=50|use_momentum=False,360,5.652979443513575,0.19222799833174334,5.460751445181832,5.845207441845319,3
stationary,LinUCB_Vanilla,alpha=0.1|lambda_reg=50|use_momentum=False,361,5.660224507854633,0.1928133267881556,5.467411181066478,5.853037834642789,3
stationary,LinUCB_Vanilla,alpha=0.1|lambda_reg=50|use_momentum=False,362,5.673168771064826,0.17726694514585592,5.49590182591897,5.850435716210682,3
stationary,LinUCB_Vanilla,alpha=0.1|lambda_reg=50|use_momentum=False,363,5.680934907740929,0.16934421716438952,5.51159069057654,5.8502791249053185,3
stationary,LinUCB_Vanilla,alpha=0.1|lambda_reg=50|use_momentum=False,364,5.680972696596977,0.16930203160493576,5.5116706649920415,5.850274728201913,3
stationary,LinUCB_Vanilla,alpha=0.1|lambda_reg=50|use_momentum=False,365,5.682990876890325,0.16707081701738632,5.515920059872939,5.850061693907711,3
stationary,LinUCB_Vanilla,alpha=0.1|lambda_reg=50|use_momentum=False,366,5.68561473694712,0.16551187447053964,5.52010286247658,5.85112661141766,3
stationary,LinUCB_Vanilla,alpha=0.1|lambda_reg=50|use_momentum=False,367,5.691256114611316,0.1730252424427724,5.518230872168544,5.864281357054089,3
stationary,LinUCB_Vanilla,alpha=0.1|lambda_reg=50|use_momentum=False,368,5.702752743779136,0.1811722501821773,5.521580493596959,5.883924993961314,3
stationary,LinUCB_Vanilla,alpha=0.1|lambda_reg=50|use_momentum=False,369,5.706535441486792,0.17741964365897508,5.529115797827816,5.883955085145767,3
stationary,LinUCB_Vanilla,alpha=0.1|lambda_reg=50|use_momentum=False,370,5.718189769470503,0.19359509316747628,5.5245946763030265,5.91178486263798,3
stationary,LinUCB_Vanilla,alpha=0.1|lambda_reg=50|use_momentum=False,371,5.735481818360935,0.21177884049640927,5.5237029778645255,5.947260658857344,3
stationary,LinUCB_Vanilla,alpha=0.1|lambda_reg=50|use_momentum=False,372,5.7392756648471375,0.2085078368150259,5.530767828032111,5.947783501662164,3
stationary,LinUCB_Vanilla,alpha=0.1|lambda_reg=50|use_momentum=False,373,5.753633134577395,0.22419241320242903,5.529440721374966,5.977825547779824,3
stationary,LinUCB_Vanilla,alpha=0.1|lambda_reg=50|use_momentum=False,374,5.766086470032929,0.23836428888667088,5.527722181146258,6.0044507589195995,3
stationary,LinUCB_Vanilla,alpha=0.1|lambda_reg=50|use_momentum=False,375,5.770629912272888,0.23543604000198842,5.5351938722708995,6.006065952274876,3
stationary,LinUCB_Vanilla,alpha=0.1|lambda_reg=50|use_momentum=False,376,5.7849353048374335,0.24794497497287402,5.536990329864559,6.032880279810308,3
stationary,LinUCB_Vanilla,alpha=0.1|lambda_reg=50|use_momentum=False,377,5.792007923077726,0.24555579636118352,5.5464521267165425,6.03756371943891,3
stationary,LinUCB_Vanilla,alpha=0.1|lambda_reg=50|use_momentum=False,378,5.797030641441992,0.2477147738794203,5.549315867562572,6.044745415321413,3
stationary,LinUCB_Vanilla,alpha=0.1|lambda_reg=50|use_momentum=False,379,5.810229306749978,0.24598309916310115,5.564246207586876,6.0562124059130795,3
stationary,LinUCB_Vanilla,alpha=0.1|lambda_reg=50|use_momentum=False,380,5.811559390034103,0.24809006840010306,5.563469321634,6.0596494584342055,3
stationary,LinUCB_Vanilla,alpha=0.1|lambda_reg=50|use_momentum=False,381,5.827078886157977,0.2568789509861209,5.570199935171857,6.083957837144098,3
stationary,LinUCB_Vanilla,alpha=0.1|lambda_reg=50|use_momentum=False,382,5.8444060501926005,0.24395027428137656,5.600455775911224,6.088356324473977,3
stationary,LinUCB_Vanilla,alpha=0.1|lambda_reg=50|use_momentum=False,383,5.850866168766708,0.2409291642981406,5.609937004468567,6.091795333064849,3
stationary,LinUCB_Vanilla,alpha=0.1|lambda_reg=50|use_momentum=False,384,5.860209385222171,0.23660180092834085,5.62360758429383,6.096811186150512,3
stationary,LinUCB_Vanilla,alpha=0.1|lambda_reg=50|use_momentum=False,385,5.867162378796283,0.2341289183893764,5.633033460406907,6.101291297185659,3
stationary,LinUCB_Vanilla,alpha=0.1|lambda_reg=50|use_momentum=False,386,5.882598249267421,0.24035497112318502,5.642243278144235,6.122953220390606,3
stationary,LinUCB_Vanilla,alpha=0.1|lambda_reg=50|use_momentum=False,387,5.887603350858078,0.23703154712214639,5.650571803735931,6.124634897980225,3
stationary,LinUCB_Vanilla,alpha=0.1|lambda_reg=50|use_momentum=False,388,5.904994517381123,0.24827478482422113,5.656719732556902,6.153269302205344,3
stationary,LinUCB_Vanilla,alpha=0.1|lambda_reg=50|use_momentum=False,389,5.924919192748998,0.27344725351933563,5.651471939229663,6.198366446268333,3
stationary,LinUCB_Vanilla,alpha=0.1|lambda_reg=50|use_momentum=False,390,5.932567482483936,0.26965089907104706,5.662916583412889,6.202218381554983,3
stationary,LinUCB_Vanilla,alpha=0.1|lambda_reg=50|use_momentum=False,391,5.937118503599838,0.2641732264453473,5.672945277154491,6.2012917300451855,3
stationary,LinUCB_Vanilla,alpha=0.1|lambda_reg=50|use_momentum=False,392,5.940544909757737,0.2663812219256724,5.674163687832064,6.206926131683409,3
stationary,LinUCB_Vanilla,alpha=0.1|lambda_reg=50|use_momentum=False,393,5.948415550766462,0.2636437866749083,5.684771764091553,6.21205933744137,3
stationary,LinUCB_Vanilla,alpha=0.1|lambda_reg=50|use_momentum=False,394,5.954601255905665,0.26300284932494844,5.691598406580717,6.217604105230613,3
stationary,LinUCB_Vanilla,alpha=0.1|lambda_reg=50|use_momentum=False,395,5.960941880147004,0.2690286196369908,5.691913260510013,6.229970499783995,3
stationary,LinUCB_Vanilla,alpha=0.1|lambda_reg=50|use_momentum=False,396,5.965498348523359,0.2684205191615128,5.697077829361846,6.233918867684872,3
stationary,LinUCB_Vanilla,alpha=0.1|lambda_reg=50|use_momentum=False,397,5.970982257781195,0.2716603604744221,5.699321897306772,6.242642618255617,3
stationary,LinUCB_Vanilla,alpha=0.1|lambda_reg=50|use_momentum=False,398,5.973132765761463,0.27062717573377343,5.702505590027689,6.243759941495236,3
stationary,LinUCB_Vanilla,alpha=0.1|lambda_reg=50|use_momentum=False,399,5.989918926059733,0.2723335362955578,5.717585389764175,6.262252462355291,3
stationary,LinUCB_Vanilla,alpha=0.1|lambda_reg=50|use_momentum=False,400,5.995174529640026,0.26575379235908425,5.729420737280941,6.26092832199911,3
stationary,LinUCB_Vanilla,alpha=0.1|lambda_reg=50|use_momentum=False,401,6.017465204212356,0.2913066946613699,5.726158509550986,6.308771898873726,3
stationary,LinUCB_Vanilla,alpha=0.1|lambda_reg=50|use_momentum=False,402,6.023286975183972,0.2908475506106473,5.732439424573325,6.3141345257946195,3
stationary,LinUCB_Vanilla,alpha=0.1|lambda_reg=50|use_momentum=False,403,6.030297621893669,0.3020484292170355,5.728249192676634,6.332346051110704,3
stationary,LinUCB_Vanilla,alpha=0.1|lambda_reg=50|use_momentum=False,404,6.048386749668505,0.3098157337400673,5.7385710159284375,6.358202483408572,3
stationary,LinUCB_Vanilla,alpha=0.1|lambda_reg=50|use_momentum=False,405,6.083699611454608,0.27632650576983586,5.807373105684772,6.360026117224444,3
stationary,LinUCB_Vanilla,alpha=0.1|lambda_reg=50|use_momentum=False,406,6.083811590800484,0.27627104199302144,5.807540548807463,6.360082632793505,3
stationary,LinUCB_Vanilla,alpha=0.1|lambda_reg=50|use_momentum=False,407,6.093538050128777,0.2772584750724327,5.8162795750563445,6.37079652520121,3
stationary,LinUCB_Vanilla,alpha=0.1|lambda_reg=50|use_momentum=False,408,6.107472239613778,0.2785462947529827,5.828925944860796,6.386018534366761,3
stationary,LinUCB_Vanilla,alpha=0.1|lambda_reg=50|use_momentum=False,409,6.11680398507598,0.2713929116497323,5.845411073426248,6.388196896725712,3
stationary,LinUCB_Vanilla,alpha=0.1|lambda_reg=50|use_momentum=False,410,6.130092061304244,0.27348887622309853,5.856603185081145,6.403580937527343,3
stationary,LinUCB_Vanilla,alpha=0.1|lambda_reg=50|use_momentum=False,411,6.136812806031442,0.28194892974553476,5.854863876285908,6.418761735776977,3
stationary,LinUCB_Vanilla,alpha=0.1|lambda_reg=50|use_momentum=False,412,6.145534021000427,0.2882222716134707,5.857311749386956,6.433756292613897,3
stationary,LinUCB_Vanilla,alpha=0.1|lambda_reg=50|use_momentum=False,413,6.15174040872352,0.29118435129225734,5.860556057431263,6.442924760015777,3
stationary,LinUCB_Vanilla,alpha=0.1|lambda_reg=50|use_momentum=False,414,6.164900990119517,0.29829066578096386,5.866610324338554,6.463191655900481,3
stationary,LinUCB_Vanilla,alpha=0.1|lambda_reg=50|use_momentum=False,415,6.168856503789051,0.29459857325914346,5.874257930529907,6.463455077048195,3
stationary,LinUCB_Vanilla,alpha=0.1|lambda_reg=50|use_momentum=False,416,6.175269657005599,0.29458060436172323,5.880689052643876,6.4698502613673226,3
stationary,LinUCB_Vanilla,alpha=0.1|lambda_reg=50|use_momentum=False,417,6.1788977107605945,0.29266674961157424,5.88623096114902,6.471564460372169,3
stationary,LinUCB_Vanilla,alpha=0.1|lambda_reg=50|use_momentum=False,418,6.18164344602661,0.29384692297512066,5.887796523051489,6.47549036900173,3
stationary,LinUCB_Vanilla,alpha=0.1|lambda_reg=50|use_momentum=False,419,6.1918536816751155,0.2966263674889175,5.895227314186198,6.488480049164033,3
stationary,LinUCB_Vanilla,alpha=0.1|lambda_reg=50|use_momentum=False,420,6.206717251580296,0.2992379429760324,5.907479308604264,6.5059551945563285,3
stationary,LinUCB_Vanilla,alpha=0.1|lambda_reg=50|use_momentum=False,421,6.211445303087072,0.29597886847190197,5.91546643461517,6.5074241715589745,3
stationary,LinUCB_Vanilla,alpha=0.1|lambda_reg=50|use_momentum=False,422,6.217742540486246,0.29477441613088706,5.922968124355359,6.512516956617134,3
stationary,LinUCB_Vanilla,alpha=0.1|lambda_reg=50|use_momentum=False,423,6.224614858822458,0.30392275424010196,5.920692104582356,6.528537613062561,3
stationary,LinUCB_Vanilla,alpha=0.1|lambda_reg=50|use_momentum=False,424,6.2270707724862815,0.3025806057109651,5.924490166775317,6.529651378197246,3
stationary,LinUCB_Vanilla,alpha=0.1|lambda_reg=50|use_momentum=False,425,6.2295813431332805,0.30126449395935617,5.928316849173925,6.530845837092636,3
stationary,LinUCB_Vanilla,alpha=0.1|lambda_reg=50|use_momentum=False,426,6.235006418241319,0.29788683260081633,5.937119585640503,6.532893250842135,3
stationary,LinUCB_Vanilla,alpha=0.1|lambda_reg=50|use_momentum=False,427,6.249320856610111,0.2926407541134788,5.956680102496632,6.54196161072359,3
stationary,LinUCB_Vanilla,alpha=0.1|lambda_reg=50|use_momentum=False,428,6.253202941182269,0.2940980132178215,5.9591049279644475,6.54730095440009,3
stationary,LinUCB_Vanilla,alpha=0.1|lambda_reg=50|use_momentum=False,429,6.255865124197691,0.29519140017330064,5.9606737240243906,6.551056524370992,3
stationary,LinUCB_Vanilla,alpha=0.1|lambda_reg=50|use_momentum=False,430,6.260926025848945,0.29844041851821673,5.962485607330728,6.5593664443671615,3
stationary,LinUCB_Vanilla,alpha=0.1|lambda_reg=50|use_momentum=False,431,6.270552651447517,0.2944886545672874,5.976063996880229,6.5650413060148045,3
stationary,LinUCB_Vanilla,alpha=0.1|lambda_reg=50|use_momentum=False,432,6.27433032256468,0.2957690484717103,5.97856127409297,6.57009937103639,3
stationary,LinUCB_Vanilla,alpha=0.1|lambda_reg=50|use_momentum=False,433,6.285336152352779,0.28840610206795764,5.9969300502848215,6.573742254420737,3
stationary,LinUCB_Vanilla,alpha=0.1|lambda_reg=50|use_momentum=False,434,6.290511523705104,0.28844260644284436,6.002068917262259,6.578954130147948,3
stationary,LinUCB_Vanilla,alpha=0.1|lambda_reg=50|use_momentum=False,435,6.3071594672038485,0.28838869472046796,6.01877077248338,6.595548161924317,3
stationary,LinUCB_Vanilla,alpha=0.1|lambda_reg=50|use_momentum=False,436,6.31928809108562,0.3083452324856459,6.010942858599974,6.627633323571266,3
stationary,LinUCB_Vanilla,alpha=0.1|lambda_reg=50|use_momentum=False,437,6.329326258459925,0.321632584857214,6.00769367360271,6.650958843317139,3
stationary,LinUCB_Vanilla,alpha=0.1|lambda_reg=50|use_momentum=False,438,6.34029721087235,0.331619955807509,6.008677255064841,6.67191716667986,3
stationary,LinUCB_Vanilla,alpha=0.1|lambda_reg=50|use_momentum=False,439,6.35375171069948,0.3304666135200651,6.023285097179414,6.684218324219545,3
stationary,LinUCB_Vanilla,alpha=0.1|lambda_reg=50|use_momentum=False,440,6.359816305286021,0.3369621846287394,6.022854120657281,6.69677848991476,3
stationary,LinUCB_Vanilla,alpha=0.1|lambda_reg=50|use_momentum=False,441,6.365182282461288,0.33506704345963034,6.030115239001658,6.700249325920918,3
stationary,LinUCB_Vanilla,alpha=0.1|lambda_reg=50|use_momentum=False,442,6.366686661903523,0.3334721918154341,6.0332144700880885,6.700158853718957,3
stationary,LinUCB_Vanilla,alpha=0.1|lambda_reg=50|use_momentum=False,443,6.374502961984381,0.3274740470469757,6.047028914937405,6.701977009031356,3
stationary,LinUCB_Vanilla,alpha=0.1|lambda_reg=50|use_momentum=False,444,6.377490782011431,0.32924417480501217,6.048246607206418,6.706734956816443,3
stationary,LinUCB_Vanilla,alpha=0.1|lambda_reg=50|use_momentum=False,445,6.381867487671123,0.33394609362888106,6.047921394042242,6.7158135813000035,3
stationary,LinUCB_Vanilla,alpha=0.1|lambda_reg=50|use_momentum=False,446,6.388202414100831,0.329311584383945,6.058890829716885,6.717513998484776,3
stationary,LinUCB_Vanilla,alpha=0.1|lambda_reg=50|use_momentum=False,447,6.397022988171522,0.32914683980319737,6.067876148368325,6.7261698279747195,3
stationary,LinUCB_Vanilla,alpha=0.1|lambda_reg=50|use_momentum=False,448,6.415195096184392,0.32634955336358856,6.0888455428208035,6.74154464954798,3
stationary,LinUCB_Vanilla,alpha=0.1|lambda_reg=50|use_momentum=False,449,6.417633260844332,0.3303597417757235,6.087273519068609,6.747993002620055,3
stationary,LinUCB_Vanilla,alpha=0.1|lambda_reg=50|use_momentum=False,450,6.4297835028954395,0.3252194960055111,6.1045640068899285,6.755002998900951,3
stationary,LinUCB_Vanilla,alpha=0.1|lambda_reg=50|use_momentum=False,451,6.441503046073752,0.3236035619888782,6.117899484084874,6.76510660806263,3
stationary,LinUCB_Vanilla,alpha=0.1|lambda_reg=50|use_momentum=False,452,6.46507797162553,0.3056639781290181,6.159413993496512,6.770741949754548,3
stationary,LinUCB_Vanilla,alpha=0.1|lambda_reg=50|use_momentum=False,453,6.469491527073443,0.3097450381379214,6.159746488935522,6.779236565211365,3
stationary,LinUCB_Vanilla,alpha=0.1|lambda_reg=50|use_momentum=False,454,6.474460246435126,0.31546200411611974,6.158998242319006,6.789922250551246,3
stationary,LinUCB_Vanilla,alpha=0.1|lambda_reg=50|use_momentum=False,455,6.5016846574252805,0.3582044949335122,6.143480162491768,6.859889152358793,3
stationary,LinUCB_Vanilla,alpha=0.1|lambda_reg=50|use_momentum=False,456,6.510292896300478,0.3564890895224006,6.153803806778077,6.866781985822879,3
stationary,LinUCB_Vanilla,alpha=0.1|lambda_reg=50|use_momentum=False,457,6.522396670394573,0.35470329752712404,6.167693372867449,6.877099967921698,3
stationary,LinUCB_Vanilla,alpha=0.1|lambda_reg=50|use_momentum=False,458,6.529957317920773,0.3532882175335369,6.176669100387236,6.88324553545431,3
stationary,LinUCB_Vanilla,alpha=0.1|lambda_reg=50|use_momentum=False,459,6.544165237269541,0.35591873210448743,6.188246505165054,6.900083969374029,3
stationary,LinUCB_Vanilla,alpha=0.1|lambda_reg=50|use_momentum=False,460,6.554961534493415,0.36149397305678915,6.193467561436626,6.9164555075502046,3
stationary,LinUCB_Vanilla,alpha=0.1|lambda_reg=50|use_momentum=False,461,6.565849479523322,0.36665578645738994,6.199193693065933,6.932505265980712,3
stationary,LinUCB_Vanilla,alpha=0.1|lambda_reg=50|use_momentum=False,462,6.580601736783113,0.364178272595621,6.216423464187493,6.944780009378734,3
stationary,LinUCB_Vanilla,alpha=0.1|lambda_reg=50|use_momentum=False,463,6.5940616686149225,0.3797445247312231,6.214317143883699,6.973806193346146,3
stationary,LinUCB_Vanilla,alpha=0.1|lambda_reg=50|use_momentum=False,464,6.604550938645684,0.37360555680045743,6.230945381845227,6.978156495446142,3
stationary,LinUCB_Vanilla,alpha=0.1|lambda_reg=50|use_momentum=False,465,6.610898550106891,0.37784295456704364,6.233055595539848,6.988741504673935,3
stationary,LinUCB_Vanilla,alpha=0.1|lambda_reg=50|use_momentum=False,466,6.61523233707723,0.3802084691177646,6.235023867959465,6.995440806194995,3
stationary,LinUCB_Vanilla,alpha=0.1|lambda_reg=50|use_momentum=False,467,6.659903274838448,0.4401258329395219,6.219777441898926,7.10002910777797,3
stationary,LinUCB_Vanilla,alpha=0.1|lambda_reg=50|use_momentum=False,468,6.669349755338479,0.44825822517981884,6.2210915301586605,7.117607980518298,3
stationary,LinUCB_Vanilla,alpha=0.1|lambda_reg=50|use_momentum=False,469,6.678561915643271,0.4508818874316907,6.22768002821158,7.129443803074961,3
stationary,LinUCB_Vanilla,alpha=0.1|lambda_reg=50|use_momentum=False,470,6.68022968015347,0.45087500230591926,6.229354677847551,7.131104682459389,3
stationary,LinUCB_Vanilla,alpha=0.1|lambda_reg=50|use_momentum=False,471,6.68477627383448,0.45325088106683564,6.231525392767644,7.138027154901316,3
stationary,LinUCB_Vanilla,alpha=0.1|lambda_reg=50|use_momentum=False,472,6.699765812083625,0.4526359146552215,6.247129897428404,7.152401726738847,3
stationary,LinUCB_Vanilla,alpha=0.1|lambda_reg=50|use_momentum=False,473,6.702429784970536,0.4570471083626019,6.245382676607934,7.159476893333138,3
stationary,LinUCB_Vanilla,alpha=0.1|lambda_reg=50|use_momentum=False,474,6.706682932219079,0.4537290527591307,6.252953879459948,7.160411984978209,3
stationary,LinUCB_Vanilla,alpha=0.1|lambda_reg=50|use_momentum=False,475,6.711200320757638,0.45380884455170545,6.257391476205933,7.1650091653093435,3
stationary,LinUCB_Vanilla,alpha=0.1|lambda_reg=50|use_momentum=False,476,6.72026775269907,0.4625657203435435,6.257702032355526,7.1828334730426135,3
stationary,LinUCB_Vanilla,alpha=0.1|lambda_reg=50|use_momentum=False,477,6.724029767405202,0.46006492902380425,6.263964838381398,7.184094696429007,3
stationary,LinUCB_Vanilla,alpha=0.1|lambda_reg=50|use_momentum=False,478,6.728989520883883,0.4573577233200142,6.2716317975638685,7.186347244203898,3
stationary,LinUCB_Vanilla,alpha=0.1|lambda_reg=50|use_momentum=False,479,6.733694410355056,0.4558551978441469,6.277839212510909,7.1895496081992025,3
stationary,LinUCB_Vanilla,alpha=0.1|lambda_reg=50|use_momentum=False,480,6.747140266760344,0.46810911859152693,6.2790311481688175,7.215249385351871,3
stationary,LinUCB_Vanilla,alpha=0.1|lambda_reg=50|use_momentum=False,481,6.749331733076507,0.46980093160323705,6.279530801473269,7.219132664679744,3
stationary,LinUCB_Vanilla,alpha=0.1|lambda_reg=50|use_momentum=False,482,6.759220495677915,0.463039986501514,6.2961805091764,7.222260482179429,3
stationary,LinUCB_Vanilla,alpha=0.1|lambda_reg=50|use_momentum=False,483,6.761402769367707,0.46217701305298514,6.299225756314722,7.223579782420692,3
stationary,LinUCB_Vanilla,alpha=0.1|lambda_reg=50|use_momentum=False,484,6.765830272925865,0.46051653214474164,6.3053137407811235,7.226346805070607,3
stationary,LinUCB_Vanilla,alpha=0.1|lambda_reg=50|use_momentum=False,485,6.767070465451945,0.45997030074989925,6.307100164702046,7.227040766201844,3
stationary,LinUCB_Vanilla,alpha=0.1|lambda_reg=50|use_momentum=False,486,6.7680594269434815,0.45971490440265633,6.308344522540825,7.227774331346138,3
stationary,LinUCB_Vanilla,alpha=0.1|lambda_reg=50|use_momentum=False,487,6.7735136610280735,0.4570671711844485,6.316446489843625,7.230580832212522,3
stationary,LinUCB_Vanilla,alpha=0.1|lambda_reg=50|use_momentum=False,488,6.793218722293883,0.45158178646969904,6.341636935824184,7.244800508763582,3
stationary,LinUCB_Vanilla,alpha=0.1|lambda_reg=50|use_momentum=False,489,6.7942319998145635,0.45312174374160263,6.341110256072961,7.247353743556166,3
stationary,LinUCB_Vanilla,alpha=0.1|lambda_reg=50|use_momentum=False,490,6.794831572741809,0.45294920636449976,6.341882366377309,7.247780779106309,3
stationary,LinUCB_Vanilla,alpha=0.1|lambda_reg=50|use_momentum=False,491,6.797003975147505,0.4531717137693416,6.3438322613781635,7.250175688916847,3
stationary,LinUCB_Vanilla,alpha=0.1|lambda_reg=50|use_momentum=False,492,6.81355643703603,0.4706684296214761,6.342888007414554,7.284224866657506,3
stationary,LinUCB_Vanilla,alpha=0.1|lambda_reg=50|use_momentum=False,493,6.8165075395078505,0.4738307013125357,6.342676838195315,7.290338240820386,3
stationary,LinUCB_Vanilla,alpha=0.1|lambda_reg=50|use_momentum=False,494,6.837848952401903,0.48985349509161547,6.3479954573102875,7.327702447493519,3
stationary,LinUCB_Vanilla,alpha=0.1|lambda_reg=50|use_momentum=False,495,6.845910804289559,0.48493248617227436,6.360978318117285,7.330843290461834,3
stationary,LinUCB_Vanilla,alpha=0.1|lambda_reg=50|use_momentum=False,496,6.852378895897708,0.484593719390344,6.367785176507364,7.336972615288052,3
stationary,LinUCB_Vanilla,alpha=0.1|lambda_reg=50|use_momentum=False,497,6.864732685263239,0.47591700923002733,6.388815676033212,7.340649694493266,3
stationary,LinUCB_Vanilla,alpha=0.1|lambda_reg=50|use_momentum=False,498,6.874919169355444,0.4648540591383528,6.410065110217091,7.339773228493796,3
stationary,LinUCB_Vanilla,alpha=0.1|lambda_reg=50|use_momentum=False,499,6.881265147285062,0.4582015572097946,6.423063590075268,7.339466704494857,3
stationary,LinUCB_Vanilla,alpha=0.1|lambda_reg=50|use_momentum=False,500,6.885586433184531,0.4549990363075702,6.430587396876961,7.340585469492101,3
stationary,LinUCB_Vanilla,alpha=0.1|lambda_reg=50|use_momentum=False,501,6.892253551222761,0.45283334561035665,6.439420205612405,7.345086896833117,3
stationary,LinUCB_Vanilla,alpha=0.1|lambda_reg=50|use_momentum=False,502,6.896147138364459,0.44810562791743064,6.448041510447028,7.3442527662818895,3
stationary,LinUCB_Vanilla,alpha=0.1|lambda_reg=50|use_momentum=False,503,6.898419219029539,0.4507685426664762,6.447650676363063,7.349187761696015,3
stationary,LinUCB_Vanilla,alpha=0.1|lambda_reg=50|use_momentum=False,504,6.902099691107108,0.4556215257507094,6.446478165356399,7.357721216857818,3
stationary,LinUCB_Vanilla,alpha=0.1|lambda_reg=50|use_momentum=False,505,6.91140412458448,0.4651543337582075,6.446249790826272,7.3765584583426875,3
stationary,LinUCB_Vanilla,alpha=0.1|lambda_reg=50|use_momentum=False,506,6.912173843800935,0.46481597712066736,6.447357866680267,7.376989820921603,3
stationary,LinUCB_Vanilla,alpha=0.1|lambda_reg=50|use_momentum=False,507,6.934138678370684,0.4579643058419143,6.47617437252877,7.392102984212598,3
stationary,LinUCB_Vanilla,alpha=0.1|lambda_reg=50|use_momentum=False,508,6.9416336761316275,0.45223261802464176,6.489401058106986,7.393866294156269,3
stationary,LinUCB_Vanilla,alpha=0.1|lambda_reg=50|use_momentum=False,509,6.957595857372315,0.4469423911744163,6.5106534661978985,7.404538248546731,3
stationary,LinUCB_Vanilla,alpha=0.1|lambda_reg=50|use_momentum=False,510,6.965090113245483,0.45066908673367445,6.514421026511808,7.415759199979158,3
stationary,LinUCB_Vanilla,alpha=0.1|lambda_reg=50|use_momentum=False,511,6.968022168879862,0.44663193631500614,6.521390232564856,7.414654105194868,3
stationary,LinUCB_Vanilla,alpha=0.1|lambda_reg=50|use_momentum=False,512,6.968347916247787,0.44618472749707644,6.52216318875071,7.414532643744863,3
stationary,LinUCB_Vanilla,alpha=0.1|lambda_reg=50|use_momentum=False,513,6.973524209920856,0.44540209295612027,6.528122116964735,7.418926302876977,3
stationary,LinUCB_Vanilla,alpha=0.1|lambda_reg=50|use_momentum=False,514,6.98883725915337,0.4459552443657438,6.542882014787626,7.434792503519114,3
stationary,LinUCB_Vanilla,alpha=0.1|lambda_reg=50|use_momentum=False,515,7.004912274486777,0.4533202982961689,6.5515919761906085,7.458232572782946,3
stationary,LinUCB_Vanilla,alpha=0.1|lambda_reg=50|use_momentum=False,516,7.0126204430377825,0.4470217558021994,6.565598687235584,7.4596421988399815,3
stationary,LinUCB_Vanilla,alpha=0.1|lambda_reg=50|use_momentum=False,517,7.0178221457781715,0.4486946192357361,6.569127526542435,7.466516765013908,3
stationary,LinUCB_Vanilla,alpha=0.1|lambda_reg=50|use_momentum=False,518,7.021689383037476,0.4548260710425537,6.566863311994922,7.47651545408003,3
stationary,LinUCB_Vanilla,alpha=0.1|lambda_reg=50|use_momentum=False,519,7.0382389719895,0.4408970987513413,6.597341873238159,7.479136070740841,3
stationary,LinUCB_Vanilla,alpha=0.1|lambda_reg=50|use_momentum=False,520,7.0499747673770345,0.4391223190764362,6.610852448300598,7.489097086453471,3
stationary,LinUCB_Vanilla,alpha=0.1|lambda_reg=50|use_momentum=False,521,7.0544999832116675,0.43926132900899556,6.615238654202672,7.493761312220663,3
stationary,LinUCB_Vanilla,alpha=0.1|lambda_reg=50|use_momentum=False,522,7.0711948547710195,0.4363179887813156,6.634876865989704,7.507512843552335,3
stationary,LinUCB_Vanilla,alpha=0.1|lambda_reg=50|use_momentum=False,523,7.087668609108661,0.45380296890243593,6.633865640206225,7.541471578011097,3
stationary,LinUCB_Vanilla,alpha=0.1|lambda_reg=50|use_momentum=False,524,7.092221034685356,0.45671494161725046,6.635506093068106,7.548935976302607,3
stationary,LinUCB_Vanilla,alpha=0.1|lambda_reg=50|use_momentum=False,525,7.096567100037504,0.4597971301223323,6.636769969915171,7.556364230159836,3
stationary,LinUCB_Vanilla,alpha=0.1|lambda_reg=50|use_momentum=False,526,7.099500772975844,0.4642728546106885,6.635227918365156,7.563773627586532,3
stationary,LinUCB_Vanilla,alpha=0.1|lambda_reg=50|use_momentum=False,527,7.104968622389957,0.46091898211056276,6.644049640279394,7.56588760450052,3
stationary,LinUCB_Vanilla,alpha=0.1|lambda_reg=50|use_momentum=False,528,7.108618242271272,0.4655443840645963,6.643073858206676,7.574162626335869,3
stationary,LinUCB_Vanilla,alpha=0.1|lambda_reg=50|use_momentum=False,529,7.114316917772929,0.4704966417817463,6.643820275991183,7.584813559554676,3
stationary,LinUCB_Vanilla,alpha=0.1|lambda_reg=50|use_momentum=False,530,7.123606060098594,0.46008693090556635,6.663519129193028,7.583692991004161,3
stationary,LinUCB_Vanilla,alpha=0.1|lambda_reg=50|use_momentum=False,531,7.154736375771869,0.45772622294617654,6.697010152825693,7.612462598718046,3
stationary,LinUCB_Vanilla,alpha=0.1|lambda_reg=50|use_momentum=False,532,7.178876360305048,0.4422813782196223,6.736594982085426,7.62115773852467,3
stationary,LinUCB_Vanilla,alpha=0.1|lambda_reg=50|use_momentum=False,533,7.183209145910449,0.44890395326691906,6.73430519264353,7.632113099177368,3
stationary,LinUCB_Vanilla,alpha=0.1|lambda_reg=50|use_momentum=False,534,7.183966198695562,0.4488662439123282,6.735099954783234,7.63283244260789,3
stationary,LinUCB_Vanilla,alpha=0.1|lambda_reg=50|use_momentum=False,535,7.194982030384236,0.4550018508525538,6.739980179531682,7.64998388123679,3
stationary,LinUCB_Vanilla,alpha=0.1|lambda_reg=50|use_momentum=False,536,7.198456099619903,0.4515452192916903,6.746910880328213,7.650001318911593,3
stationary,LinUCB_Vanilla,alpha=0.1|lambda_reg=50|use_momentum=False,537,7.224437949449947,0.45913547174419655,6.765302477705751,7.6835734211941435,3
stationary,LinUCB_Vanilla,alpha=0.1|lambda_reg=50|use_momentum=False,538,7.23524269233445,0.45714758397566574,6.778095108358784,7.692390276310116,3
stationary,LinUCB_Vanilla,alpha=0.1|lambda_reg=50|use_momentum=False,539,7.276666720699282,0.4615134382262475,6.815153282473035,7.7381801589255295,3
stationary,LinUCB_Vanilla,alpha=0.1|lambda_reg=50|use_momentum=False,540,7.285395548894928,0.4498690977668513,6.835526451128077,7.735264646661779,3
stationary,LinUCB_Vanilla,alpha=0.1|lambda_reg=50|use_momentum=False,541,7.290211175237097,0.45633888001136014,6.833872295225737,7.746550055248457,3
stationary,LinUCB_Vanilla,alpha=0.1|lambda_reg=50|use_momentum=False,542,7.3087596769070435,0.4745590007861758,6.834200676120868,7.783318677693219,3
stationary,LinUCB_Vanilla,alpha=0.1|lambda_reg=50|use_momentum=False,543,7.320056794228105,0.4650571182608668,6.854999675967238,7.785113912488971,3
stationary,LinUCB_Vanilla,alpha=0.1|lambda_reg=50|use_momentum=False,544,7.328692894298289,0.4615936868213611,6.867099207476928,7.79028658111965,3
stationary,LinUCB_Vanilla,alpha=0.1|lambda_reg=50|use_momentum=False,545,7.332256066729612,0.4599959692946673,6.872260097434945,7.792252036024279,3
stationary,LinUCB_Vanilla,alpha=0.1|lambda_reg=50|use_momentum=False,546,7.34328886788003,0.45780969715107434,6.885479170728956,7.801098565031104,3
stationary,LinUCB_Vanilla,alpha=0.1|lambda_reg=50|use_momentum=False,547,7.35473401137536,0.4554775538904526,6.899256457484907,7.810211565265813,3
stationary,LinUCB_Vanilla,alpha=0.1|lambda_reg=50|use_momentum=False,548,7.370616664428848,0.44931278139878705,6.921303883030061,7.819929445827635,3
stationary,LinUCB_Vanilla,alpha=0.1|lambda_reg=50|use_momentum=False,549,7.379264423203158,0.4512668589972257,6.927997564205932,7.830531282200384,3
stationary,LinUCB_Vanilla,alpha=0.1|lambda_reg=50|use_momentum=False,550,7.385743852887935,0.45037641818389124,6.935367434704044,7.8361202710718265,3
stationary,LinUCB_Vanilla,alpha=0.1|lambda_reg=50|use_momentum=False,551,7.390658512934699,0.4461700801241561,6.944488432810544,7.836828593058855,3
stationary,LinUCB_Vanilla,alpha=0.1|lambda_reg=50|use_momentum=False,552,7.394266508728603,0.44192255759731547,6.9523439511312874,7.836189066325919,3
stationary,LinUCB_Vanilla,alpha=0.1|lambda_reg=50|use_momentum=False,553,7.410606226191284,0.44312715224135635,6.967479073949928,7.85373337843264,3
stationary,LinUCB_Vanilla,alpha=0.1|lambda_reg=50|use_momentum=False,554,7.41409047556174,0.4375179070217076,6.976572568540033,7.851608382583447,3
stationary,LinUCB_Vanilla,alpha=0.1|lambda_reg=50|use_momentum=False,555,7.41991669846163,0.4378792239053807,6.982037474556249,7.857795922367011,3
stationary,LinUCB_Vanilla,alpha=0.1|lambda_reg=50|use_momentum=False,556,7.422888537634509,0.4383348518408905,6.984553685793618,7.861223389475399,3
stationary,LinUCB_Vanilla,alpha=0.1|lambda_reg=50|use_momentum=False,557,7.432436851657119,0.43432474282403993,6.998112108833079,7.866761594481159,3
stationary,LinUCB_Vanilla,alpha=0.1|lambda_reg=50|use_momentum=False,558,7.446996893111719,0.4161363006923856,7.030860592419334,7.863133193804105,3
stationary,LinUCB_Vanilla,alpha=0.1|lambda_reg=50|use_momentum=False,559,7.44961371300375,0.41510219299486223,7.034511520008888,7.864715905998612,3
stationary,LinUCB_Vanilla,alpha=0.1|lambda_reg=50|use_momentum=False,560,7.4637319407989295,0.4135888266421253,7.050143114156804,7.877320767441055,3
stationary,LinUCB_Vanilla,alpha=0.1|lambda_reg=50|use_momentum=False,561,7.484259540399839,0.39661965613633343,7.087639884263506,7.880879196536172,3
stationary,LinUCB_Vanilla,alpha=0.1|lambda_reg=50|use_momentum=False,562,7.492851388971551,0.4089442900579068,7.083907098913644,7.9017956790294575,3
stationary,LinUCB_Vanilla,alpha=0.1|lambda_reg=50|use_momentum=False,563,7.527263616280276,0.360290205965122,7.166973410315154,7.8875538222453985,3
stationary,LinUCB_Vanilla,alpha=0.1|lambda_reg=50|use_momentum=False,564,7.529197655667701,0.36321721548618074,7.165980440181521,7.892414871153882,3
stationary,LinUCB_Vanilla,alpha=0.1|lambda_reg=50|use_momentum=False,565,7.5385643258342006,0.3534336909369699,7.185130634897231,7.89199801677117,3
stationary,LinUCB_Vanilla,alpha=0.1|lambda_reg=50|use_momentum=False,566,7.544774479341697,0.3566284350788677,7.1881460442628295,7.901402914420565,3
stationary,LinUCB_Vanilla,alpha=0.1|lambda_reg=50|use_momentum=False,567,7.546998106105239,0.3600693402596756,7.186928765845563,7.907067446364914,3
stationary,LinUCB_Vanilla,alpha=0.1|lambda_reg=50|use_momentum=False,568,7.55901776760279,0.34586301708181244,7.213154750520978,7.904880784684602,3
stationary,LinUCB_Vanilla,alpha=0.1|lambda_reg=50|use_momentum=False,569,7.5660585887605905,0.34854891892600803,7.217509669834582,7.914607507686599,3
stationary,LinUCB_Vanilla,alpha=0.1|lambda_reg=50|use_momentum=False,570,7.569213567485375,0.3516781515465255,7.217535415938849,7.9208917190319,3
stationary,LinUCB_Vanilla,alpha=0.1|lambda_reg=50|use_momentum=False,571,7.581132454108726,0.347779864318031,7.2333525897906945,7.928912318426757,3
stationary,LinUCB_Vanilla,alpha=0.1|lambda_reg=50|use_momentum=False,572,7.591121887222269,0.3377629079714292,7.25335897925084,7.9288847951936985,3
stationary,LinUCB_Vanilla,alpha=0.1|lambda_reg=50|use_momentum=False,573,7.595973391051479,0.33388220151999143,7.262091189531487,7.929855592571471,3
stationary,LinUCB_Vanilla,alpha=0.1|lambda_reg=50|use_momentum=False,574,7.610307229944127,0.3254586697643213,7.284848560179805,7.935765899708448,3
stationary,LinUCB_Vanilla,alpha=0.1|lambda_reg=50|use_momentum=False,575,7.614545288913374,0.32632755480784603,7.288217734105528,7.94087284372122,3
stationary,LinUCB_Vanilla,alpha=0.1|lambda_reg=50|use_momentum=False,576,7.618521160010299,0.3290416602319678,7.289479499778331,7.947562820242267,3
stationary,LinUCB_Vanilla,alpha=0.1|lambda_reg=50|use_momentum=False,577,7.623507597310508,0.33451732006057017,7.288990277249938,7.958024917371078,3
stationary,LinUCB_Vanilla,alpha=0.1|lambda_reg=50|use_momentum=False,578,7.631091182650368,0.3293933997214742,7.301697782928894,7.960484582371842,3
stationary,LinUCB_Vanilla,alpha=0.1|lambda_reg=50|use_momentum=False,579,7.635578510772359,0.3295714837532942,7.306007027019065,7.965149994525653,3
stationary,LinUCB_Vanilla,alpha=0.1|lambda_reg=50|use_momentum=False,580,7.647631492653454,0.33284837760618813,7.314783115047265,7.980479870259642,3
stationary,LinUCB_Vanilla,alpha=0.1|lambda_reg=50|use_momentum=False,581,7.659165362209116,0.34518227589886297,7.313983086310253,8.004347638107978,3
stationary,LinUCB_Vanilla,alpha=0.1|lambda_reg=50|use_momentum=False,582,7.667223059343879,0.35205175619540957,7.315171303148469,8.019274815539289,3
stationary,LinUCB_Vanilla,alpha=0.1|lambda_reg=50|use_momentum=False,583,7.682248360678945,0.3367948472120922,7.345453513466853,8.019043207891038,3
stationary,LinUCB_Vanilla,alpha=0.1|lambda_reg=50|use_momentum=False,584,7.688255159890502,0.33891970458462156,7.34933545530588,8.027174864475123,3
stationary,LinUCB_Vanilla,alpha=0.1|lambda_reg=50|use_momentum=False,585,7.694749770001709,0.3361871231869124,7.358562646814797,8.030936893188622,3
stationary,LinUCB_Vanilla,alpha=0.1|lambda_reg=50|use_momentum=False,586,7.700836348513583,0.3301802344854547,7.370656114028129,8.031016582999039,3
stationary,LinUCB_Vanilla,alpha=0.1|lambda_reg=50|use_momentum=False,587,7.705197480337389,0.32989909067095624,7.375298389666432,8.035096571008346,3
stationary,LinUCB_Vanilla,alpha=0.1|lambda_reg=50|use_momentum=False,588,7.710375075146136,0.3284542216245678,7.381920853521569,8.038829296770704,3
stationary,LinUCB_Vanilla,alpha=0.1|lambda_reg=50|use_momentum=False,589,7.715827816628889,0.3274335778130408,7.388394238815848,8.04326139444193,3
stationary,LinUCB_Vanilla,alpha=0.1|lambda_reg=50|use_momentum=False,590,7.720873394912782,0.32470536367746045,7.396168031235321,8.045578758590242,3
stationary,LinUCB_Vanilla,alpha=0.1|lambda_reg=50|use_momentum=False,591,7.734211171420701,0.3180479757222555,7.416163195698445,8.052259147142957,3
stationary,LinUCB_Vanilla,alpha=0.1|lambda_reg=50|use_momentum=False,592,7.745180989657601,0.3302143624454339,7.414966627212166,8.075395352103035,3
stationary,LinUCB_Vanilla,alpha=0.1|lambda_reg=50|use_momentum=False,593,7.7631852068327385,0.3274218927177085,7.43576331411503,8.090607099550446,3
stationary,LinUCB_Vanilla,alpha=0.1|lambda_reg=50|use_momentum=False,594,7.769754155635293,0.3292015546503604,7.440552600984932,8.098955710285653,3
stationary,LinUCB_Vanilla,alpha=0.1|lambda_reg=50|use_momentum=False,595,7.788576330625038,0.33761546658561853,7.45096086403942,8.126191797210657,3
stationary,LinUCB_Vanilla,alpha=0.1|lambda_reg=50|use_momentum=False,596,7.799259733394455,0.34183735446930297,7.457422378925152,8.141097087863757,3
stationary,LinUCB_Vanilla,alpha=0.1|lambda_reg=50|use_momentum=False,597,7.802449364538702,0.34662088732204116,7.45582847721666,8.149070251860742,3
stationary,LinUCB_Vanilla,alpha=0.1|lambda_reg=50|use_momentum=False,598,7.823471967987497,0.3592843952110212,7.464187572776476,8.182756363198518,3
stationary,LinUCB_Vanilla,alpha=0.1|lambda_reg=50|use_momentum=False,599,7.8298023600277515,0.3513093186437394,7.478493041384012,8.18111167867149,3
stationary,Random,default,0,0.014329261148501466,0.012469001427510772,0.0018602597209906938,0.026798262576012238,3
stationary,Random,default,1,0.03853396921721943,0.008383571390088966,0.030150397827130464,0.0469175406073084,3
stationary,Random,default,2,0.05630974389191906,0.01245925317130098,0.043850490720618085,0.06876899706322004,3
stationary,Random,default,3,0.12893625080698282,0.08391418727248483,0.04502206353449799,0.21285043807946763,3
stationary,Random,default,4,0.14010365627948573,0.08475236318266326,0.055351293096822476,0.224856019462149,3
stationary,Random,default,5,0.20600748507095132,0.11882553986937969,0.08718194520157163,0.324833024940331,3
stationary,Random,default,6,0.24564774071805032,0.0912860551399243,0.15436168557812602,0.3369337958579746,3
stationary,Random,default,7,0.25879709178647387,0.11082019811014807,0.1479768936763258,0.3696172898966219,3
stationary,Random,default,8,0.27688007956950006,0.11825239905092494,0.15862768051857512,0.395132478620425,3
stationary,Random,default,9,0.33237548110492937,0.07831074033445232,0.254064740770477,0.4106862214393817,3
stationary,Random,default,10,0.3547710570576393,0.10142372481531782,0.2533473322423215,0.4561947818729571,3
stationary,Random,default,11,0.3926978117955449,0.09990749893758974,0.2927903128579552,0.4926053107331346,3
stationary,Random,default,12,0.40695492177452053,0.10326922687194834,0.3036856949025722,0.5102241486464689,3
stationary,Random,default,13,0.43246821906493205,0.12580277156271139,0.3066654475022207,0.5582709906276434,3
stationary,Random,default,14,0.4417891137575105,0.11824784140485828,0.32354127235265223,0.5600369551623687,3
stationary,Random,default,15,0.45975605591344787,0.10150101139545377,0.3582550445179941,0.5612570673089017,3
stationary,Random,default,16,0.4804972902353046,0.11405746213110025,0.36643982810420433,0.5945547523664049,3
stationary,Random,default,17,0.4973186792623688,0.11327409045103642,0.38404458881133235,0.6105927697134053,3
stationary,Random,default,18,0.530658910719077,0.08610068801159841,0.4445582227074786,0.6167595987306754,3
stationary,Random,default,19,0.5414275667227765,0.09264118581637408,0.4487863809064024,0.6340687525391505,3
stationary,Random,default,20,0.556763564793577,0.08659666474494064,0.47016690004863637,0.6433602295385177,3
stationary,Random,default,21,0.6085076347810725,0.0429250102967324,0.56558262448434,0.651432645077805,3
stationary,Random,default,22,0.6249056227277722,0.04296737052779033,0.5819382521999819,0.6678729932555625,3
stationary,Random,default,23,0.6444813693910314,0.032517090370292066,0.6119642790207394,0.6769984597613234,3
stationary,Random,default,24,0.6570259028541219,0.049022069145516704,0.6080038337086052,0.7060479719996385,3
stationary,Random,default,25,0.7188690583461673,0.08447303157796678,0.6343960267682005,0.8033420899241341,3
stationary,Random,default,26,0.7754212869409223,0.1439488655664723,0.63147242137445,0.9193701525073945,3
stationary,Random,default,27,0.8672372869561794,0.18009542375643273,0.6871418631997467,1.0473327107126122,3
stationary,Random,default,28,0.9178255143078952,0.18036245015685223,0.7374630641510429,1.0981879644647474,3
stationary,Random,default,29,0.9255157754427952,0.1852361279239237,0.7402796475188715,1.1107519033667188,3
stationary,Random,default,30,0.9596981331600242,0.1668212060342112,0.7928769271258129,1.1265193391942354,3
stationary,Random,default,31,0.9796425297191284,0.17374665045682128,0.8058958792623071,1.1533891801759497,3
stationary,Random,default,32,1.0194571855191603,0.22465134854893098,0.7948058369702293,1.2441085340680913,3
stationary,Random,default,33,1.041129055383319,0.23348802481821707,0.807641030565102,1.2746170802015362,3
stationary,Random,default,34,1.0845624895394055,0.23826385506408604,0.8462986344753194,1.3228263446034916,3
stationary,Random,default,35,1.1867428658039123,0.28408107379330216,0.9026617920106101,1.4708239395972145,3
stationary,Random,default,36,1.2046036201570547,0.2900889877535023,0.9145146324035525,1.494692607910557,3
stationary,Random,default,37,1.2166687804201888,0.2726027180977247,0.9440660623224642,1.4892714985179134,3
stationary,Random,default,38,1.2702711607154236,0.30463188307987504,0.9656392776355485,1.5749030437952987,3
stationary,Random,default,39,1.2810142734220102,0.2980551307478795,0.9829591426741308,1.5790694041698896,3
stationary,Random,default,40,1.320534721760391,0.3260710012267987,0.9944637205335924,1.6466057229871898,3
stationary,Random,default,41,1.356187579784115,0.34843392855747135,1.0077536512266436,1.7046215083415863,3
stationary,Random,default,42,1.4019646383416202,0.3414612076155803,1.06050343072604,1.7434258459572005,3
stationary,Random,default,43,1.432335584198156,0.3400054784924661,1.09233010570569,1.772341062690622,3
stationary,Random,default,44,1.4424236185645292,0.33669781312451186,1.1057258054400174,1.779121431689041,3
stationary,Random,default,45,1.4683855680488775,0.3249873796022519,1.1433981884466258,1.7933729476511293,3
stationary,Random,default,46,1.4962038517008702,0.3113168671431406,1.1848869845577297,1.8075207188440108,3
stationary,Random,default,47,1.5754076180524903,0.3753862264217864,1.2000213916307039,1.9507938444742767,3
stationary,Random,default,48,1.5871807230981343,0.37192461865236354,1.2152561044457708,1.9591053417504978,3
stationary,Random,default,49,1.607062487286267,0.3717407593388191,1.235321727947448,1.9788032466250862,3
stationary,Random,default,50,1.6231305327219363,0.36247881405709664,1.2606517186648396,1.985609346779033,3
stationary,Random,default,51,1.6598124808500092,0.3784869420054212,1.2813255388445879,2.0382994228554305,3
stationary,Random,default,52,1.6931283991362378,0.3509784233748837,1.342149975761354,2.0441068225111216,3
stationary,Random,default,53,1.7334811003335997,0.35403880009021044,1.3794423002433893,2.08751990042381,3
stationary,Random,default,54,1.751496369505113,0.34301006611438745,1.4084863033907253,2.0945064356195005,3
stationary,Random,default,55,1.7638854668961461,0.342929832737439,1.420955634158707,2.106815299633585,3
stationary,Random,default,56,1.7881673414431065,0.3338221363913937,1.454345205051713,2.1219894778345,3
stationary,Random,default,57,1.8439310341299506,0.3742548281822897,1.469676205947661,2.2181858623122404,3
stationary,Random,default,58,1.8891015472457455,0.3793118587807573,1.5097896884649882,2.268413406026503,3
stationary,Random,default,59,1.9479275587371159,0.3452054708455463,1.6027220878915696,2.293133029582662,3
stationary,Random,default,60,1.9750963646004782,0.3603346324799191,1.6147617321205592,2.3354309970803975,3
stationary,Random,default,61,2.0025249092347503,0.36706950870453064,1.6354554005302198,2.369594417939281,3
stationary,Random,default,62,2.024352888238219,0.3752843177835215,1.6490685704546975,2.3996372060217404,3
stationary,Random,default,63,2.1515043208405324,0.4299044440824513,1.7215998767580811,2.5814087649229838,3
stationary,Random,default,64,2.1825185384137424,0.4371406825776875,1.7453778558360549,2.61965922099143,3
stationary,Random,default,65,2.2129442507540147,0.4420198281357853,1.7709244226182295,2.6549640788898,3
stationary,Random,default,66,2.290831680615151,0.4432372512207133,1.847594429394438,2.7340689318358646,3
stationary,Random,default,67,2.329111606145874,0.4449186006483976,1.8841930054974765,2.7740302067942717,3
stationary,Random,default,68,2.349763270647155,0.46686992656793574,1.8828933440792195,2.816633197215091,3
stationary,Random,default,69,2.410576796656897,0.4875715135022691,1.923005283154628,2.8981483101591663,3
stationary,Random,default,70,2.443023003800618,0.5088361487524373,1.9341868550481809,2.9518591525530553,3
stationary,Random,default,71,2.477008929116626,0.5179015326330775,1.9591073964835486,2.9949104617497033,3
stationary,Random,default,72,2.5194854184550817,0.52734265205884,1.9921427663962417,3.0468280705139215,3
stationary,Random,default,73,2.55543192011632,0.5114836855945866,2.0439482345217335,3.0669156057109066,3
stationary,Random,default,74,2.5839401656747527,0.5169199226859429,2.06702024298881,3.1008600883606956,3
stationary,Random,default,75,2.664260969111649,0.5535446020232646,2.110716367088384,3.2178055711349134,3
stationary,Random,default,76,2.733004363264293,0.5143598850040438,2.2186444782602495,3.2473642482683367,3
stationary,Random,default,77,2.8172341889095756,0.5232548810357457,2.2939793078738298,3.3404890699453214,3
stationary,Random,default,78,2.8430062243458796,0.532214153010052,2.3107920713358276,3.3752203773559315,3
stationary,Random,default,79,2.862589253540611,0.5251255375694143,2.3374637159711966,3.3877147911100254,3
stationary,Random,default,80,2.8791914516769554,0.5202108393901093,2.358980612286846,3.399402291067065,3
stationary,Random,default,81,2.895601405921706,0.4977428704851555,2.3978585354365505,3.3933442764068618,3
stationary,Random,default,82,2.9169770733586033,0.4963969632206661,2.420580110137937,3.4133740365792695,3
stationary,Random,default,83,2.9370648825480274,0.49269854816003,2.4443663343879973,3.4297634307080576,3
stationary,Random,default,84,2.977397483259781,0.5414560656705021,2.435941417589279,3.518853548930283,3
stationary,Random,default,85,3.016510725731495,0.5367486978494502,2.479762027882045,3.553259423580945,3
stationary,Random,default,86,3.0654545895106096,0.5339003277347114,2.531554261775898,3.599354917245321,3
stationary,Random,default,87,3.1182231345567217,0.5261680737880099,2.592055060768712,3.6443912083447314,3
stationary,Random,default,88,3.13342627465981,0.5219366014977354,2.6114896731620747,3.6553628761575454,3
stationary,Random,default,89,3.172480945770437,0.5304330161666834,2.6420479296037533,3.7029139619371203,3
stationary,Random,default,90,3.2083086366364864,0.5238985613991431,2.684410075237343,3.7322071980356295,3
stationary,Random,default,91,3.2254308184633937,0.5058688986575429,2.7195619198058507,3.7312997171209368,3
stationary,Random,default,92,3.2588710870900677,0.47092222456775884,2.787948862522309,3.7297933116578266,3
stationary,Random,default,93,3.263612901001298,0.46654049927031377,2.7970724017309845,3.730153400271612,3
stationary,Random,default,94,3.341978781707914,0.5222910115805254,2.8196877701273886,3.8642697932884396,3
stationary,Random,default,95,3.392156553689342,0.5461453696562725,2.8460111840330695,3.9383019233456142,3
stationary,Random,default,96,3.407238215077623,0.5283339229922386,2.8789042920853842,3.9355721380698614,3
stationary,Random,default,97,3.434237667623181,0.5394642448469815,2.8947734227761996,3.9737019124701627,3
stationary,Random,default,98,3.469074333244576,0.567054305865743,2.902020027378833,4.036128639110319,3
stationary,Random,default,99,3.525517615736501,0.5539414529794697,2.9715761627570316,4.079459068715971,3
stationary,Random,default,100,3.5642747746938928,0.5545025160821541,3.0097722586117386,4.1187772907760465,3
stationary,Random,default,101,3.646238477279116,0.5811398542271625,3.0650986230519535,4.227378331506278,3
stationary,Random,default,102,3.7022071614195866,0.5600765320669633,3.142130629352623,4.26228369348655,3
stationary,Random,default,103,3.748095980014431,0.5779503370601491,3.170145642954282,4.32604631707458,3
stationary,Random,default,104,3.820330954684465,0.5994207444960791,3.2209102101883857,4.419751699180544,3
stationary,Random,default,105,3.8806058331485076,0.5418078156782377,3.33879801747027,4.422413648826745,3
stationary,Random,default,106,3.888450997059335,0.5477319236302189,3.340719073429116,4.4361829206895536,3
stationary,Random,default,107,3.9242911371809677,0.5603517570209964,3.3639393801599713,4.484642894201964,3
stationary,Random,default,108,3.939500039354486,0.548471371480804,3.391028667873682,4.48797141083529,3
stationary,Random,default,109,3.9998046679610653,0.5222298134157523,3.477574854545313,4.522034481376817,3
stationary,Random,default,110,4.033592215554788,0.5406401779789245,3.492952037575863,4.574232393533713,3
stationary,Random,default,111,4.040885511338075,0.5280432593241426,3.5128422520139324,4.568928770662218,3
stationary,Random,default,112,4.051357159262167,0.5343548806732424,3.517002278588925,4.58571203993541,3
stationary,Random,default,113,4.070867707060042,0.5285079403933676,3.542359766666675,4.59937564745341,3
stationary,Random,default,114,4.100873374244004,0.5347151737439728,3.566158200500031,4.635588547987977,3
stationary,Random,default,115,4.136147151055732,0.509660423293387,3.6264867277623445,4.645807574349119,3
stationary,Random,default,116,4.157397559898349,0.5264028540841786,3.63099470581417,4.683800413982527,3
stationary,Random,default,117,4.189038260363309,0.5454140702046852,3.6436241901586235,4.7344523305679935,3
stationary,Random,default,118,4.201564669816695,0.5415824113409078,3.659982258475787,4.743147081157603,3
stationary,Random,default,119,4.231921502647166,0.5654283386793821,3.6664931639677842,4.7973498413265485,3
stationary,Random,default,120,4.246990705912464,0.5711495676242989,3.675841138288165,4.818140273536763,3
stationary,Random,default,121,4.259742275677993,0.5814377460068276,3.678304529671165,4.841180021684821,3
stationary,Random,default,122,4.3100305386514,0.6149045338125633,3.695126004838837,4.924935072463963,3
stationary,Random,default,123,4.358056814368873,0.6512344332636838,3.7068223811051895,5.009291247632557,3
stationary,Random,default,124,4.377754074172344,0.658085348907313,3.719668725265031,5.035839423079657,3
stationary,Random,default,125,4.436138626798631,0.6444849044666916,3.7916537223319398,5.0806235312653225,3
stationary,Random,default,126,4.494267613359516,0.5835502845380732,3.9107173288214425,5.077817897897589,3
stationary,Random,default,127,4.511972627928961,0.5529169523647925,3.959055675564169,5.0648895802937535,3
stationary,Random,default,128,4.539434074587583,0.5501905227026993,3.9892435518848837,5.089624597290283,3
stationary,Random,default,129,4.549564653494381,0.5553785978698521,3.9941860556245294,5.104943251364234,3
stationary,Random,default,130,4.572424391505453,0.5242515278572657,4.048172863648187,5.096675919362719,3
stationary,Random,default,131,4.5841737357923344,0.5355295719767141,4.04864416381562,5.119703307769049,3
stationary,Random,default,132,4.595433281795036,0.5449421408182028,4.050491140976833,5.140375422613239,3
stationary,Random,default,133,4.627738752161579,0.567346670800543,4.060392081361036,5.195085422962122,3
stationary,Random,default,134,4.675670284747919,0.6040805464302165,4.071589738317702,5.279750831178135,3
stationary,Random,default,135,4.732583035402198,0.6007897592997701,4.131793276102427,5.333372794701968,3
stationary,Random,default,136,4.759119500332638,0.5964418412459804,4.162677659086658,5.355561341578618,3
stationary,Random,default,137,4.770000167560271,0.5956424501642917,4.17435771739598,5.365642617724562,3
stationary,Random,default,138,4.790284151966005,0.6050867392968522,4.185197412669153,5.395370891262857,3
stationary,Random,default,139,4.824808166275941,0.6059391019382633,4.218869064337677,5.430747268214204,3
stationary,Random,default,140,4.8398014109205425,0.6052731344718524,4.23452827644869,5.445074545392395,3
stationary,Random,default,141,4.869932010105297,0.6224300771741549,4.247501932931143,5.492362087279452,3
stationary,Random,default,142,4.897333694037941,0.6340694262707545,4.263264267767186,5.5314031203086955,3
stationary,Random,default,143,4.928065974040693,0.648705634965226,4.279360339075467,5.5767716090059185,3
stationary,Random,default,144,4.936885654381282,0.634987728490588,4.301897925890694,5.571873382871869,3
stationary,Random,default,145,4.965584576819682,0.6202385984575807,4.345345978362101,5.5858231752772625,3
stationary,Random,default,146,4.9783237090283565,0.6187593417523214,4.359564367276035,5.597083050780678,3
stationary,Random,default,147,5.025040038101625,0.5390411549868277,4.485998883114797,5.564081193088453,3
stationary,Random,default,148,5.038049421952285,0.5426784554313206,4.495370966520964,5.580727877383605,3
stationary,Random,default,149,5.07064972535725,0.5263983985812088,4.544251326776042,5.597048123938459,3
stationary,Random,default,150,5.113407597176427,0.5024614039519597,4.610946193224468,5.615869001128386,3
stationary,Random,default,151,5.157301182642188,0.5020716365353391,4.655229546106849,5.659372819177527,3
stationary,Random,default,152,5.221443391862146,0.48392167957507465,4.737521712287071,5.705365071437221,3
stationary,Random,default,153,5.249846640145706,0.4412414122590524,4.808605227886654,5.6910880524047585,3
stationary,Random,default,154,5.2616135007876474,0.4464890135226621,4.815124487264986,5.708102514310309,3
stationary,Random,default,155,5.301764381602311,0.4019746060894925,4.899789775512819,5.703738987691803,3
stationary,Random,default,156,5.335422271675907,0.4323176670565044,4.9031046046194025,5.7677399387324115,3
stationary,Random,default,157,5.3545923672724856,0.44293999634904047,4.911652370923445,5.797532363621526,3
stationary,Random,default,158,5.394669980915701,0.4718782453915144,4.922791735524187,5.8665482263072155,3
stationary,Random,default,159,5.4362103549772245,0.4251783238706436,5.011032031106581,5.861388678847868,3
stationary,Random,default,160,5.506270639793011,0.3534166677834306,5.152853972009581,5.859687307576442,3
stationary,Random,default,161,5.528816333887512,0.36379378559993575,5.165022548287577,5.892610119487448,3
stationary,Random,default,162,5.597372151071366,0.2876159461554383,5.309756204915928,5.884988097226804,3
stationary,Random,default,163,5.643638581977359,0.32787996651426676,5.315758615463092,5.971518548491626,3
stationary,Random,default,164,5.649398498827268,0.33290993921517703,5.316488559612091,5.982308438042445,3
stationary,Random,default,165,5.684788994619045,0.35943354686817147,5.325355447750874,6.044222541487216,3
stationary,Random,default,166,5.720946520747088,0.3562222218640675,5.36472429888302,6.077168742611155,3
stationary,Random,default,167,5.762869279043944,0.38276463272247585,5.380104646321468,6.14563391176642,3
stationary,Random,default,168,5.777980899787792,0.3751645883125176,5.4028163114752745,6.15314548810031,3
stationary,Random,default,169,5.808336024843374,0.3742076823570428,5.434128342486331,6.182543707200417,3
stationary,Random,default,170,5.83913255606155,0.39016318947737244,5.448969366584177,6.229295745538923,3
stationary,Random,default,171,5.861873626391446,0.3963454315598645,5.465528194831582,6.258219057951311,3
stationary,Random,default,172,5.930195218652178,0.4251297473009023,5.505065471351275,6.35532496595308,3
stationary,Random,default,173,5.947086418538414,0.4287636241907105,5.518322794347704,6.375850042729125,3
stationary,Random,default,174,5.982966618556683,0.44903427911192495,5.533932339444759,6.432000897668608,3
stationary,Random,default,175,5.989022211108325,0.4500945290827271,5.538927682025598,6.439116740191052,3
stationary,Random,default,176,5.9978628104938485,0.45659299583486357,5.541269814658985,6.454455806328712,3
stationary,Random,default,177,6.023854989519016,0.4738670367316744,5.549987952787342,6.49772202625069,3
stationary,Random,default,178,6.05871084563611,0.5025956994765168,5.556115146159593,6.561306545112627,3
stationary,Random,default,179,6.128716146202806,0.4995871871280545,5.629128959074752,6.6283033333308605,3
stationary,Random,default,180,6.167349826841715,0.5068992446779794,5.660450582163735,6.674249071519695,3
stationary,Random,default,181,6.186570930483797,0.5147598436587907,5.671811086825007,6.701330774142588,3
stationary,Random,default,182,6.2119025851107255,0.4911160749015537,5.720786510209172,6.703018660012279,3
stationary,Random,default,183,6.246968285174801,0.46962793352734755,5.777340351647453,6.716596218702149,3
stationary,Random,default,184,6.250781860455937,0.47277982197605284,5.778002038479884,6.723561682431989,3
stationary,Random,default,185,6.2599617967725285,0.47581635652808946,5.784145440244439,6.735778153300618,3
stationary,Random,default,186,6.281702745663556,0.4438666538860426,5.837836091777513,6.725569399549599,3
stationary,Random,default,187,6.30862048577702,0.460914472782603,5.847706012994417,6.769534958559623,3
stationary,Random,default,188,6.343459152998913,0.496233574328511,5.847225578670402,6.839692727327424,3
stationary,Random,default,189,6.368631188506164,0.4638058975214914,5.904825290984673,6.832437086027656,3
stationary,Random,default,190,6.3943473750783015,0.4698490940335774,5.924498281044724,6.864196469111879,3
stationary,Random,default,191,6.456029275399225,0.38637788378070426,6.069651391618521,6.842407159179929,3
stationary,Random,default,192,6.512326355678088,0.3194070617997147,6.192919293878373,6.831733417477802,3
stationary,Random,default,193,6.5493052465159804,0.33623770708126194,6.213067539434719,6.885542953597242,3
stationary,Random,default,194,6.588469257815127,0.342314125427088,6.246155132388039,6.930783383242216,3
stationary,Random,default,195,6.607501872045432,0.3579893798018625,6.24951249224357,6.965491251847295,3
stationary,Random,default,196,6.621441835419309,0.35453418102530493,6.266907654394004,6.975976016444614,3
stationary,Random,default,197,6.699865824048008,0.30131329260014406,6.398552531447864,7.001179116648151,3
stationary,Random,default,198,6.741576852289733,0.29513154281083076,6.446445309478903,7.036708395100564,3
stationary,Random,default,199,6.795257612525376,0.32476521576450884,6.470492396760867,7.120022828289884,3
stationary,Random,default,200,6.861872327779774,0.3001484404884284,6.561723887291346,7.162020768268202,3
stationary,Random,default,201,6.877290521372754,0.31504470108558374,6.5622458202871705,7.192335222458338,3
stationary,Random,default,202,6.889329306878365,0.3227093368510101,6.5666199700273555,7.212038643729375,3
stationary,Random,default,203,6.902763004408738,0.33823296358946303,6.564530040819275,7.2409959679982006,3
stationary,Random,default,204,6.931574318752529,0.32377287006888705,6.607801448683642,7.255347188821416,3
stationary,Random,default,205,6.945973521699738,0.32349729226434326,6.622476229435395,7.269470813964081,3
stationary,Random,default,206,6.963761440249171,0.3242001386261661,6.639561301623005,7.287961578875337,3
stationary,Random,default,207,7.001699803240791,0.3599697171436183,6.641730086097172,7.361669520384409,3
stationary,Random,default,208,7.048033404202525,0.3712228546853085,6.676810549517216,7.419256258887834,3
stationary,Random,default,209,7.0685365037392485,0.37634014980395053,6.692196353935298,7.444876653543199,3
stationary,Random,default,210,7.086021757000026,0.3548867519290244,6.7311350050710015,7.44090850892905,3
stationary,Random,default,211,7.099992636094188,0.3628901581120851,6.737102477982103,7.462882794206274,3
stationary,Random,default,212,7.126336393751738,0.3288327374331548,6.797503656318583,7.455169131184893,3
stationary,Random,default,213,7.160673960305143,0.3134980876745789,6.847175872630564,7.474172047979722,3
stationary,Random,default,214,7.176838356366944,0.3030712501462455,6.873767106220699,7.479909606513189,3
stationary,Random,default,215,7.180781720003059,0.30475146614255,6.876030253860509,7.4855331861456085,3
stationary,Random,default,216,7.195090257033468,0.29480052586446637,6.900289731169002,7.489890782897934,3
stationary,Random,default,217,7.217373868690832,0.2978659239362332,6.919507944754599,7.5152397926270655,3
stationary,Random,default,218,7.2234504526722345,0.2926611157014361,6.930789336970799,7.51611156837367,3
stationary,Random,default,219,7.251796740838311,0.26420802625156925,6.987588714586742,7.51600476708988,3
stationary,Random,default,220,7.337271465965984,0.2936784485608791,7.043593017405105,7.630949914526863,3
stationary,Random,default,221,7.371408284968755,0.28441149424129725,7.086996790727458,7.655819779210052,3
stationary,Random,default,222,7.4259868010660055,0.3601646794632468,7.065822121602759,7.786151480529252,3
stationary,Random,default,223,7.475489893453397,0.4089609897860696,7.0665289036673276,7.884450883239467,3
stationary,Random,default,224,7.498348934001903,0.4162183225721076,7.082130611429796,7.914567256574011,3
stationary,Random,default,225,7.560070729032833,0.4023149176949206,7.157755811337912,7.962385646727753,3
stationary,Random,default,226,7.5725860828428,0.39998776940288566,7.172598313439915,7.972573852245686,3
stationary,Random,default,227,7.587747907971486,0.4010025384770474,7.186745369494439,7.988750446448533,3
stationary,Random,default,228,7.624671209747009,0.444772695725071,7.1798985140219385,8.069443905472081,3
stationary,Random,default,229,7.6766999816040125,0.4582148679139511,7.218485113690061,8.134914849517964,3
stationary,Random,default,230,7.693886070126703,0.4644866042584808,7.229399465868222,8.158372674385184,3
stationary,Random,default,231,7.702626066192482,0.45686014852378537,7.245765917668697,8.159486214716267,3
stationary,Random,default,232,7.705148989984224,0.4545617947803686,7.250587195203855,8.159710784764592,3
stationary,Random,default,233,7.737411445267234,0.49360013424707705,7.243811311020156,8.23101157951431,3
stationary,Random,default,234,7.7703763762837,0.5107599894531827,7.259616386830517,8.281136365736883,3
stationary,Random,default,235,7.813590216616286,0.47951107675934174,7.334079139856945,8.293101293375628,3
stationary,Random,default,236,7.874457233614192,0.5062752963551076,7.368181937259084,8.380732529969299,3
stationary,Random,default,237,7.906535356358533,0.49466039036521436,7.411874965993318,8.401195746723747,3
stationary,Random,default,238,7.916616602952581,0.49257828304588636,7.424038319906694,8.409194885998467,3
stationary,Random,default,239,7.928406912168203,0.5018943996996149,7.426512512468588,8.430301311867819,3
stationary,Random,default,240,7.936999528493896,0.5166619286166222,7.420337599877274,8.453661457110519,3
stationary,Random,default,241,7.977697714463243,0.4979435033176764,7.479754211145567,8.47564121778092,3
stationary,Random,default,242,8.034981002650111,0.5136831186041699,7.521297884045941,8.548664121254282,3
stationary,Random,default,243,8.078280910175144,0.528071632481492,7.550209277693652,8.606352542656635,3
stationary,Random,default,244,8.143958289926857,0.4662343770937447,7.6777239128331125,8.610192667020602,3
stationary,Random,default,245,8.17166356008487,0.4509876151033164,7.720675944981553,8.622651175188187,3
stationary,Random,default,246,8.202633641304248,0.4347369621731084,7.767896679131139,8.637370603477356,3
stationary,Random,default,247,8.237992893787329,0.4218891444767079,7.816103749310621,8.659882038264037,3
stationary,Random,default,248,8.274817322017546,0.43835016210382777,7.836467159913718,8.713167484121373,3
stationary,Random,default,249,8.298429603443756,0.4191387325319115,7.879290870911844,8.717568335975667,3
stationary,Random,default,250,8.314838151184064,0.4203126625267865,7.894525488657278,8.73515081371085,3
stationary,Random,default,251,8.322043215952073,0.4276051170390794,7.894438098912993,8.749648332991152,3
stationary,Random,default,252,8.356670170135233,0.4687900854285435,7.88788008470669,8.825460255563776,3
stationary,Random,default,253,8.387720755725526,0.45903981227450835,7.928680943451018,8.846760568000034,3
stationary,Random,default,254,8.403764231288692,0.44737291398177254,7.956391317306919,8.851137145270464,3
stationary,Random,default,255,8.419559630017767,0.447551103042503,7.972008526975264,8.86711073306027,3
stationary,Random,default,256,8.42954754937177,0.4462729732470452,7.9832745761247255,8.875820522618817,3
stationary,Random,default,257,8.473019991283001,0.427547326112984,8.045472665170017,8.900567317395986,3
stationary,Random,default,258,8.503501844322761,0.41818808852382533,8.085313755798936,8.921689932846586,3
stationary,Random,default,259,8.520726327131676,0.40534659255761063,8.115379734574066,8.926072919689286,3
stationary,Random,default,260,8.564795665870795,0.43840544901787815,8.126390216852917,9.003201114888673,3
stationary,Random,default,261,8.632664783213563,0.45764158056998017,8.175023202643583,9.090306363783544,3
stationary,Random,default,262,8.648448214122205,0.4585935831552526,8.189854630966952,9.107041797277457,3
stationary,Random,default,263,8.682242315235962,0.4564397603543316,8.22580255488163,9.138682075590294,3
stationary,Random,default,264,8.724410332796376,0.45616235791863496,8.268247974877742,9.18057269071501,3
stationary,Random,default,265,8.771041171445484,0.44912781050257133,8.321913360942913,9.220168981948055,3
stationary,Random,default,266,8.784763155980722,0.4601731076941367,8.324590048286584,9.244936263674859,3
stationary,Random,default,267,8.808447202277636,0.44644869803748033,8.361998504240155,9.254895900315116,3
stationary,Random,default,268,8.827423773206009,0.44446918061837976,8.382954592587629,9.27189295382439,3
stationary,Random,default,269,8.909741163808414,0.4728648662942051,8.436876297514209,9.38260603010262,3
stationary,Random,default,270,8.948584587175482,0.44596718460907325,8.50261740256641,9.394551771784554,3
stationary,Random,default,271,8.977247961341401,0.4706295548173561,8.506618406524046,9.447877516158757,3
stationary,Random,default,272,9.010953729118981,0.4631792429634834,8.547774486155497,9.474132972082465,3
stationary,Random,default,273,9.026341647695533,0.47552313471636837,8.550818512979165,9.501864782411902,3
stationary,Random,default,274,9.047842909829592,0.4691056585825089,8.578737251247084,9.5169485684121,3
stationary,Random,default,275,9.073159001122882,0.46996591455981307,8.603193086563069,9.543124915682695,3
stationary,Random,default,276,9.099927456050631,0.4735277413411729,8.626399714709459,9.573455197391803,3
stationary,Random,default,277,9.142392399976666,0.44814576497609565,8.694246635000571,9.590538164952761,3
stationary,Random,default,278,9.168268303062774,0.42414244449167876,8.744125858571095,9.592410747554453,3
stationary,Random,default,279,9.18703812837738,0.42032036543968665,8.766717762937693,9.607358493817065,3
stationary,Random,default,280,9.203974099859055,0.4431602387583399,8.760813861100715,9.647134338617395,3
stationary,Random,default,281,9.223210666252184,0.4592603597309104,8.763950306521274,9.682471025983094,3
stationary,Random,default,282,9.301802296060444,0.4243112790816443,8.8774910169788,9.726113575142088,3
stationary,Random,default,283,9.378786719192705,0.47591062031296927,8.902876098879736,9.854697339505675,3
stationary,Random,default,284,9.390930000557745,0.4654443408764571,8.925485659681287,9.856374341434202,3
stationary,Random,default,285,9.43685849455688,0.43862563743211586,8.998232857124764,9.875484131988996,3
stationary,Random,default,286,9.48177420468792,0.4289869017935213,9.052787302894398,9.910761106481441,3
stationary,Random,default,287,9.546251560245485,0.36673866239114566,9.17951289785434,9.912990222636632,3
stationary,Random,default,288,9.556952223146267,0.3774348589143234,9.179517364231943,9.93438708206059,3
stationary,Random,default,289,9.58781593719707,0.41276005586626163,9.175055881330808,10.00057599306333,3
stationary,Random,default,290,9.635895046004604,0.4089397332024927,9.226955312802112,10.044834779207097,3
stationary,Random,default,291,9.659342857826497,0.3976938935264884,9.261648964300008,10.057036751352985,3
stationary,Random,default,292,9.677191101970308,0.4172446068715212,9.259946495098788,10.094435708841829,3
stationary,Random,default,293,9.741059779448284,0.38880224891483695,9.352257530533446,10.12986202836312,3
stationary,Random,default,294,9.764116908665708,0.3860696696465438,9.378047239019164,10.150186578312251,3
stationary,Random,default,295,9.804018078365607,0.3746025927185499,9.429415485647057,10.178620671084156,3
stationary,Random,default,296,9.835974082316332,0.39032508270937116,9.445648999606961,10.226299165025702,3
stationary,Random,default,297,9.849014636685874,0.3969082742487758,9.452106362437098,10.24592291093465,3
stationary,Random,default,298,9.898070793671685,0.35843576120012477,9.53963503247156,10.25650655487181,3
stationary,Random,default,299,9.934143603612268,0.3764284205201974,9.557715183092071,10.310572024132465,3
stationary,Random,default,300,10.020683372477059,0.33285010554293404,9.687833266934124,10.353533478019994,3
stationary,Random,default,301,10.09848839975753,0.37794435583451047,9.72054404392302,10.47643275559204,3
stationary,Random,default,302,10.13964571628964,0.38967687745553653,9.749968838834103,10.529322593745178,3
stationary,Random,default,303,10.17627071886127,0.4054539544833112,9.770816764377958,10.581724673344581,3
stationary,Random,default,304,10.201805719796122,0.41485081358057246,9.786954906215549,10.616656533376695,3
stationary,Random,default,305,10.214051471206657,0.419300374187012,9.794751097019645,10.633351845393669,3
stationary,Random,default,306,10.21571630333059,0.41785880495772104,9.797857498372869,10.63357510828831,3
stationary,Random,default,307,10.252319258606589,0.4016026207012897,9.850716637905299,10.653921879307878,3
stationary,Random,default,308,10.271517692773852,0.42608821211890247,9.84542948065495,10.697605904892754,3
stationary,Random,default,309,10.321354085213496,0.41390747441113496,9.907446610802362,10.73526155962463,3
stationary,Random,default,310,10.339158336605133,0.412189540479344,9.926968796125788,10.751347877084477,3
stationary,Random,default,311,10.350757382984076,0.4132202515322033,9.937537131451872,10.76397763451628,3
stationary,Random,default,312,10.371402492604938,0.4055542523054697,9.965848240299469,10.776956744910407,3
stationary,Random,default,313,10.445932214496596,0.3779156598537429,10.068016554642853,10.823847874350339,3
stationary,Random,default,314,10.45555336188967,0.36979998112854695,10.085753380761123,10.825353343018218,3
stationary,Random,default,315,10.492202974937108,0.3363808733789244,10.155822101558183,10.828583848316033,3
stationary,Random,default,316,10.508165080502964,0.3348481946238629,10.173316885879101,10.843013275126827,3
stationary,Random,default,317,10.537541244970967,0.38563672010470457,10.151904524866262,10.923177965075672,3
stationary,Random,default,318,10.556547079384258,0.40876057207925,10.147786507305007,10.965307651463508,3
stationary,Random,default,319,10.579906957855421,0.3989073244560463,10.180999633399376,10.978814282311466,3
stationary,Random,default,320,10.597273094487235,0.384851455247952,10.212421639239283,10.982124549735188,3
stationary,Random,default,321,10.614452657903271,0.39354618071570063,10.22090647718757,11.007998838618972,3
stationary,Random,default,322,10.626744739144721,0.38183451168287735,10.244910227461844,11.008579250827598,3
stationary,Random,default,323,10.642123465721065,0.38235999509556595,10.259763470625499,11.024483460816631,3
stationary,Random,default,324,10.663308443056874,0.36489496073912775,10.298413482317747,11.028203403796,3
stationary,Random,default,325,10.671647990429186,0.3623194762720987,10.309328514157087,11.033967466701284,3
stationary,Random,default,326,10.684886019281675,0.3610282101796898,10.323857809101986,11.045914229461365,3
stationary,Random,default,327,10.704630841791436,0.3807526371336889,10.323878204657747,11.085383478925126,3
stationary,Random,default,328,10.72588808494949,0.3642920733136727,10.361596011635818,11.090180158263163,3
stationary,Random,default,329,10.760903605058493,0.36821595975526555,10.392687645303228,11.129119564813758,3
stationary,Random,default,330,10.78073307421394,0.36918737777031296,10.411545696443627,11.149920451984253,3
stationary,Random,default,331,10.821572787468147,0.3414819201789481,10.4800908672892,11.163054707647095,3
stationary,Random,default,332,10.8381488901681,0.33301117601641705,10.505137714151683,11.171160066184516,3
stationary,Random,default,333,10.874690118984546,0.33533805005621947,10.539352068928327,11.210028169040765,3
stationary,Random,default,334,10.955790636879806,0.29391773047819963,10.661872906401607,11.249708367358005,3
stationary,Random,default,335,10.98254011754792,0.3019349017683316,10.680605215779588,11.284475019316252,3
stationary,Random,default,336,10.99606743063695,0.29142617897473927,10.704641251662212,11.287493609611689,3
stationary,Random,default,337,11.000996221729745,0.28720698672773837,10.713789235002006,11.288203208457483,3
stationary,Random,default,338,11.069309518643257,0.37445569331768763,10.69485382532557,11.443765211960944,3
stationary,Random,default,339,11.171278971516843,0.2997950418975279,10.871483929619314,11.471074013414372,3
stationary,Random,default,340,11.200924104544752,0.29338611766319317,10.90753798688156,11.494310222207945,3
stationary,Random,default,341,11.235048737730736,0.2891576219655225,10.945891115765214,11.524206359696258,3
stationary,Random,default,342,11.285577928472648,0.29113995071105775,10.99443797776159,11.576717879183706,3
stationary,Random,default,343,11.29610316849948,0.30748714905111185,10.988616019448369,11.60359031755059,3
stationary,Random,default,344,11.328047863208049,0.3041826747412962,11.023865188466752,11.632230537949345,3
stationary,Random,default,345,11.370793089358088,0.2874895323211926,11.083303557036896,11.65828262167928,3
stationary,Random,default,346,11.392549917404601,0.28487621211162223,11.107673705292978,11.677426129516224,3
stationary,Random,default,347,11.406400527038196,0.28156975741817053,11.124830769620026,11.687970284456366,3
stationary,Random,default,348,11.421285098023688,0.2782164740901939,11.143068623933495,11.699501572113881,3
stationary,Random,default,349,11.449604946730714,0.2941210080177429,11.15548393871297,11.743725954748458,3
stationary,Random,default,350,11.479828510292236,0.29657793504515906,11.183250575247078,11.776406445337395,3
stationary,Random,default,351,11.493440354482154,0.3168706672451411,11.176569687237013,11.810311021727294,3
stationary,Random,default,352,11.524560982303592,0.3398847533582345,11.184676228945358,11.864445735661826,3
stationary,Random,default,353,11.538674940103613,0.34026483325692464,11.198410106846689,11.878939773360537,3
stationary,Random,default,354,11.556144316162426,0.3221249769226254,11.2340193392398,11.87826929308505,3
stationary,Random,default,355,11.594503582215806,0.3099872153631638,11.284516366852642,11.904490797578969,3
stationary,Random,default,356,11.624362970742323,0.3100329862588256,11.314329984483498,11.934395957001149,3
stationary,Random,default,357,11.656422102321505,0.3115842671119217,11.344837835209583,11.968006369433427,3
stationary,Random,default,358,11.684220558635397,0.31984428748791727,11.36437627114748,12.004064846123315,3
stationary,Random,default,359,11.762417163962008,0.32104047759758264,11.441376686364425,12.08345764155959,3
stationary,Random,default,360,11.801582689075028,0.29035259964465016,11.511230089430377,12.091935288719679,3
stationary,Random,default,361,11.82689799334328,0.2917319976537458,11.535165995689535,12.118629990997025,3
stationary,Random,default,362,11.851342209774534,0.2910082398616913,11.560333969912843,12.142350449636226,3
stationary,Random,default,363,11.868725542103542,0.2979974312628784,11.570728110840664,12.16672297336642,3
stationary,Random,default,364,11.9164865809959,0.36678455872139415,11.549702022274506,12.283271139717293,3
stationary,Random,default,365,11.93206900597457,0.3537695994385654,11.578299406536004,12.285838605413137,3
stationary,Random,default,366,11.962033257237138,0.34460451143632864,11.61742874580081,12.306637768673466,3
stationary,Random,default,367,12.02755038214145,0.3077054138406123,11.719844968300839,12.335255795982063,3
stationary,Random,default,368,12.037965671126477,0.29800729885836724,11.73995837226811,12.335972969984844,3
stationary,Random,default,369,12.039120816329662,0.2964967109715462,11.742624105358116,12.335617527301208,3
stationary,Random,default,370,12.066516915924717,0.29366406792663263,11.772852847998085,12.36018098385135,3
stationary,Random,default,371,12.087353552709216,0.2793095894243766,11.808043963284838,12.366663142133593,3
stationary,Random,default,372,12.138084767649353,0.28923805553153303,11.84884671211782,12.427322823180885,3
stationary,Random,default,373,12.188365177322341,0.27917802802872027,11.90918714929362,12.467543205351062,3
stationary,Random,default,374,12.20380654665204,0.28746592983515795,11.916340616816882,12.491272476487197,3
stationary,Random,default,375,12.235251386651358,0.24511740304734964,11.990133983604009,12.480368789698707,3
stationary,Random,default,376,12.262698483756191,0.2537755053737788,12.008922978382412,12.51647398912997,3
stationary,Random,default,377,12.305420206816612,0.22597506336420412,12.079445143452407,12.531395270180816,3
stationary,Random,default,378,12.346562803890455,0.23536086586046517,12.11120193802999,12.581923669750921,3
stationary,Random,default,379,12.424291131830614,0.2992059205291329,12.125085211301482,12.723497052359747,3
stationary,Random,default,380,12.448012574807422,0.3301127930943216,12.1178997817131,12.778125367901744,3
stationary,Random,default,381,12.497236379897432,0.30488139451599017,12.192354985381442,12.802117774413421,3
stationary,Random,default,382,12.507148982607847,0.3047276585727242,12.202421324035122,12.811876641180572,3
stationary,Random,default,383,12.517672534945019,0.2875733918660887,12.230099143078931,12.805245926811107,3
stationary,Random,default,384,12.533855631661332,0.29425900432172136,12.23959662733961,12.828114635983054,3
stationary,Random,default,385,12.563434384631023,0.3254942013992659,12.237940183231757,12.88892858603029,3
stationary,Random,default,386,12.59042940950904,0.33069721859339213,12.259732190915647,12.921126628102433,3
stationary,Random,default,387,12.638156772258064,0.37037169538645,12.267785076871615,13.008528467644513,3
stationary,Random,default,388,12.677650360143025,0.38748218168002163,12.290168178463002,13.065132541823047,3
stationary,Random,default,389,12.713667522076639,0.37173738806917916,12.341930134007459,13.085404910145819,3
stationary,Random,default,390,12.732224522788387,0.3759486106027622,12.356275912185625,13.10817313339115,3
stationary,Random,default,391,12.741386976615034,0.38681420994060456,12.35457276667443,13.12820118655564,3
stationary,Random,default,392,12.750292826624976,0.384494468045627,12.36579835857935,13.134787294670604,3
stationary,Random,default,393,12.792042786201117,0.3288831128195036,12.463159673381613,13.120925899020621,3
stationary,Random,default,394,12.830677419745436,0.3470588888625286,12.483618530882907,13.177736308607965,3
stationary,Random,default,395,12.883443554644154,0.3818826161582209,12.501560938485934,13.265326170802375,3
stationary,Random,default,396,12.965810053864525,0.43780646826310615,12.528003585601418,13.403616522127631,3
stationary,Random,default,397,13.045347999698583,0.5017721365044943,12.54357586319409,13.547120136203077,3
stationary,Random,default,398,13.065494226802606,0.471773680733484,12.593720546069122,13.53726790753609,3
stationary,Random,default,399,13.118938119943662,0.47280182786453084,12.646136292079131,13.591739947808193,3
stationary,Random,default,400,13.15723549309544,0.44797831516661096,12.70925717792883,13.60521380826205,3
stationary,Random,default,401,13.219619025968242,0.4536942877248627,12.76592473824338,13.673313313693106,3
stationary,Random,default,402,13.245306754328078,0.43992570857882685,12.805381045749252,13.685232462906905,3
stationary,Random,default,403,13.25113382456671,0.44004657989495044,12.811087244671759,13.69118040446166,3
stationary,Random,default,404,13.2716504457309,0.43183003620862676,12.839820409522273,13.703480481939527,3
stationary,Random,default,405,13.338124694501976,0.49264968309882223,12.845475011403154,13.830774377600799,3
stationary,Random,default,406,13.386875030587737,0.44753431615996464,12.939340714427772,13.834409346747702,3
stationary,Random,default,407,13.488124602442994,0.38667300681474115,13.101451595628253,13.874797609257735,3
stationary,Random,default,408,13.52660588509565,0.43532153378978045,13.09128435130587,13.96192741888543,3
stationary,Random,default,409,13.555746391929228,0.43192907225578486,13.123817319673442,13.987675464185013,3
stationary,Random,default,410,13.585325344921884,0.45582237695771205,13.129502967964171,14.041147721879597,3
stationary,Random,default,411,13.632833396003926,0.4925805700561536,13.140252825947773,14.12541396606008,3
stationary,Random,default,412,13.708929863915271,0.40261798478673577,13.306311879128536,14.111547848702006,3
stationary,Random,default,413,13.755356141881691,0.4032976180405334,13.352058523841158,14.158653759922224,3
stationary,Random,default,414,13.789544715626164,0.41274168727269755,13.376803028353466,14.202286402898862,3
stationary,Random,default,415,13.848806397917619,0.39532773775024344,13.453478660167375,14.244134135667862,3
stationary,Random,default,416,13.86746829630765,0.39468945255494636,13.472778843752703,14.262157748862595,3
stationary,Random,default,417,13.876466369905705,0.3950633540815317,13.481403015824172,14.271529723987237,3
stationary,Random,default,418,13.88166879299843,0.3979819690452178,13.483686823953214,14.279650762043648,3
stationary,Random,default,419,13.915597213906693,0.38942922245988865,13.526167991446805,14.305026436366582,3
stationary,Random,default,420,13.965104310542072,0.32675625473753217,13.63834805580454,14.291860565279604,3
stationary,Random,default,421,13.995089563537206,0.3036478469278393,13.691441716609367,14.298737410465046,3
stationary,Random,default,422,14.025642867621634,0.2875479373261348,13.7380949302955,14.31319080494777,3
stationary,Random,default,423,14.081079084675801,0.3097828862274281,13.771296198448374,14.390861970903229,3
stationary,Random,default,424,14.100824297256379,0.3329370348306939,13.767887262425685,14.433761332087073,3
stationary,Random,default,425,14.148655097690389,0.31117663203727347,13.837478465653115,14.459831729727663,3
stationary,Random,default,426,14.159437493982516,0.3152905274411584,13.844146966541357,14.474728021423674,3
stationary,Random,default,427,14.167202133226182,0.3086024382387438,13.858599694987438,14.475804571464925,3
stationary,Random,default,428,14.182111380528537,0.3119079099764523,13.870203470552084,14.49401929050499,3
stationary,Random,default,429,14.184476010710041,0.3097546565734893,13.874721354136552,14.49423066728353,3
stationary,Random,default,430,14.276760295627115,0.2975580815582086,13.979202214068906,14.574318377185325,3
stationary,Random,default,431,14.30632631311037,0.32252387950781874,13.983802433602552,14.628850192618188,3
stationary,Random,default,432,14.329992636278945,0.320493408246021,14.009499228032924,14.650486044524966,3
stationary,Random,default,433,14.345081033756292,0.3074772427221692,14.037603791034122,14.652558276478462,3
stationary,Random,default,434,14.387107462361977,0.2728774250544512,14.114230037307525,14.659984887416428,3
stationary,Random,default,435,14.413146530001844,0.27220744644475475,14.14093908355709,14.6853539764466,3
stationary,Random,default,436,14.47424949341734,0.24939562004026572,14.224853873377073,14.723645113457605,3
stationary,Random,default,437,14.497935129441416,0.2707549741070544,14.227180155334361,14.76869010354847,3
stationary,Random,default,438,14.545542697294843,0.31325233180081113,14.232290365494032,14.858795029095655,3
stationary,Random,default,439,14.564496155748104,0.32044821438442284,14.244047941363682,14.884944370132526,3
stationary,Random,default,440,14.581820770764045,0.30738331199429086,14.274437458769754,14.889204082758337,3
stationary,Random,default,441,14.645688576968817,0.2984936261379756,14.347194950830842,14.944182203106793,3
stationary,Random,default,442,14.683968552867526,0.26956645078621505,14.414402102081311,14.95353500365374,3
stationary,Random,default,443,14.72001601307114,0.24106538659190568,14.478950626479234,14.961081399663046,3
stationary,Random,default,444,14.753111430138519,0.2233265991178614,14.529784831020658,14.97643802925638,3
stationary,Random,default,445,14.763473076699427,0.20731445846530447,14.556158618234122,14.970787535164732,3
stationary,Random,default,446,14.834863211674913,0.29905498257684715,14.535808229098066,15.133918194251759,3
stationary,Random,default,447,14.881298954280986,0.3409464181279854,14.540352536153,15.222245372408972,3
stationary,Random,default,448,14.931061785035723,0.2874886306863808,14.643573154349342,15.218550415722104,3
stationary,Random,default,449,14.956254848475785,0.2823632516860295,14.673891596789755,15.238618100161816,3
stationary,Random,default,450,14.972548588249794,0.2900788491985843,14.682469739051209,15.262627437448378,3
stationary,Random,default,451,15.093214645808667,0.3943466033016956,14.698868042506971,15.487561249110362,3
stationary,Random,default,452,15.134048455000416,0.371514314180404,14.762534140820012,15.50556276918082,3
stationary,Random,default,453,15.171667805739675,0.3915141859587606,14.780153619780915,15.563181991698436,3
stationary,Random,default,454,15.228289814019027,0.3794550797870995,14.848834734231927,15.607744893806126,3
stationary,Random,default,455,15.23920931172748,0.3899805487345523,14.849228762992928,15.629189860462033,3
stationary,Random,default,456,15.256927962821736,0.3924003241697527,14.864527638651984,15.649328286991489,3
stationary,Random,default,457,15.269959533616083,0.3755972906636971,14.894362242952386,15.64555682427978,3
stationary,Random,default,458,15.30029590246986,0.36827708584680935,14.932018816623051,15.66857298831667,3
stationary,Random,default,459,15.322603627200223,0.38164604977661726,14.940957577423607,15.70424967697684,3
stationary,Random,default,460,15.344927310678505,0.38517169015070474,14.959755620527801,15.73009900082921,3
stationary,Random,default,461,15.373867415671087,0.3824598023018504,14.991407613369237,15.756327217972938,3
stationary,Random,default,462,15.402732021515808,0.33977556591799,15.062956455597819,15.742507587433797,3
stationary,Random,default,463,15.42356278792002,0.3547570234484372,15.068805764471582,15.778319811368457,3
stationary,Random,default,464,15.444380198036564,0.36722923865562457,15.077150959380939,15.811609436692189,3
stationary,Random,default,465,15.489545536908233,0.37147526058301766,15.118070276325215,15.861020797491252,3
stationary,Random,default,466,15.502328319680826,0.38388661980241034,15.118441699878415,15.886214939483237,3
stationary,Random,default,467,15.523542486441983,0.3685597889381881,15.154982697503794,15.892102275380172,3
stationary,Random,default,468,15.581617242306137,0.424642921535042,15.156974320771095,16.00626016384118,3
stationary,Random,default,469,15.601536525891204,0.4282751294636059,15.173261396427598,16.02981165535481,3
stationary,Random,default,470,15.634436171220928,0.37837542542786984,15.256060745793059,16.0128115966488,3
stationary,Random,default,471,15.648448079258685,0.36499378894347945,15.283454290315206,16.013441868202165,3
stationary,Random,default,472,15.6565607306703,0.37043104008499267,15.286129690585307,16.02699177075529,3
stationary,Random,default,473,15.713116507328687,0.35340126430456614,15.359715243024121,16.066517771633254,3
stationary,Random,default,474,15.740185750172515,0.33369246472714637,15.406493285445368,16.07387821489966,3
stationary,Random,default,475,15.774242615210815,0.34917969343328176,15.425062921777533,16.123422308644095,3
stationary,Random,default,476,15.785602290056374,0.35249854888722554,15.433103741169148,16.1381008389436,3
stationary,Random,default,477,15.864850003725735,0.4256865716622234,15.439163432063511,16.290536575387957,3
stationary,Random,default,478,15.916391284955319,0.42377773948059433,15.492613545474725,16.340169024435912,3
stationary,Random,default,479,15.924760902667424,0.4123001955757913,15.512460707091632,16.337061098243215,3
stationary,Random,default,480,15.94710428045751,0.4147844122331971,15.532319868224311,16.361888692690705,3
stationary,Random,default,481,16.00791048292213,0.49178391599864185,15.51612656692349,16.499694398920774,3
stationary,Random,default,482,16.05617595890655,0.5317956858687332,15.524380273037817,16.587971644775283,3
stationary,Random,default,483,16.069907856528324,0.5250184766167799,15.544889379911545,16.594926333145104,3
stationary,Random,default,484,16.10718817324693,0.5685789924828187,15.53860918076411,16.67576716572975,3
stationary,Random,default,485,16.118491067071787,0.5768698080320946,15.541621259039692,16.69536087510388,3
stationary,Random,default,486,16.16672545780151,0.5363119934482689,15.63041346435324,16.703037451249777,3
stationary,Random,default,487,16.181562490301104,0.5372720620382101,15.644290428262893,16.718834552339313,3
stationary,Random,default,488,16.19739877395861,0.5464421751344992,15.650956598824111,16.74384094909311,3
stationary,Random,default,489,16.219566824213622,0.5491873915455151,15.670379432668106,16.768754215759138,3
stationary,Random,default,490,16.241926180332708,0.5547491413632509,15.687177038969457,16.796675321695957,3
stationary,Random,default,491,16.28913507820205,0.5001260544650453,15.789009023737005,16.789261132667097,3
stationary,Random,default,492,16.30682501935874,0.4875321725334888,15.81929284682525,16.794357191892228,3
stationary,Random,default,493,16.337882340659117,0.47260416854963627,15.86527817210948,16.810486509208754,3
stationary,Random,default,494,16.360572753950727,0.49688838434338684,15.86368436960734,16.857461138294113,3
stationary,Random,default,495,16.362698133219112,0.49468326505706445,15.868014868162048,16.857381398276175,3
stationary,Random,default,496,16.37652842446246,0.4819763395118789,15.89455208495058,16.858504763974338,3
stationary,Random,default,497,16.400759375680614,0.49026529739656755,15.910494078284048,16.891024673077183,3
stationary,Random,default,498,16.483814502433358,0.416170086631698,16.06764441580166,16.899984589065056,3
stationary,Random,default,499,16.517603911917753,0.4093312097195439,16.10827270219821,16.926935121637296,3
stationary,Random,default,500,16.546731092354502,0.393665367257152,16.15306572509735,16.940396459611655,3
stationary,Random,default,501,16.574900401634757,0.3690743210651063,16.20582608056965,16.943974722699863,3
stationary,Random,default,502,16.597311563455126,0.367180660434588,16.230130903020537,16.964492223889714,3
stationary,Random,default,503,16.60997878859726,0.3613317354845093,16.24864705311275,16.97131052408177,3
stationary,Random,default,504,16.65833628728315,0.3218620314844239,16.336474255798723,16.980198318767574,3
stationary,Random,default,505,16.686031525838196,0.3169687574512795,16.369062768386918,17.003000283289474,3
stationary,Random,default,506,16.7176464938058,0.3381310181860406,16.37951547561976,17.05577751199184,3
stationary,Random,default,507,16.781037226141624,0.38247570546221865,16.398561520679404,17.163512931603844,3
stationary,Random,default,508,16.798661609759225,0.3761089786590076,16.422552631100217,17.174770588418234,3
stationary,Random,default,509,16.810235422820927,0.3861775243580638,16.424057898462863,17.19641294717899,3
stationary,Random,default,510,16.888423973892507,0.3854002901237342,16.503023683768774,17.27382426401624,3
stationary,Random,default,511,16.934451983389692,0.42282942873570784,16.511622554653986,17.3572814121254,3
stationary,Random,default,512,16.952289701968372,0.43724824870775736,16.515041453260615,17.38953795067613,3
stationary,Random,default,513,17.018251631203423,0.43100736258274003,16.587244268620683,17.449258993786163,3
stationary,Random,default,514,17.07626664402397,0.4232097242963547,16.653056919727614,17.499476368320327,3
stationary,Random,default,515,17.094951344696376,0.4364011370681208,16.658550207628256,17.531352481764497,3
stationary,Random,default,516,17.123962625933355,0.41582206049263915,16.708140565440715,17.539784686425996,3
stationary,Random,default,517,17.177319413448178,0.3460581416246489,16.83126127182353,17.523377555072827,3
stationary,Random,default,518,17.209678157931958,0.37778460781247014,16.83189355011949,17.587462765744426,3
stationary,Random,default,519,17.260835972526806,0.3914062524004006,16.869429720126405,17.652242224927207,3
stationary,Random,default,520,17.294544809599458,0.37607474036594024,16.918470069233518,17.670619549965398,3
stationary,Random,default,521,17.31005385866185,0.38202830542816424,16.928025553233685,17.692082164090014,3
stationary,Random,default,522,17.329697648549057,0.37891399432724193,16.950783654221816,17.7086116428763,3
stationary,Random,default,523,17.40949413362411,0.387732211227494,17.021761922396617,17.797226344851605,3
stationary,Random,default,524,17.48994496252535,0.404640461968533,17.085304500556816,17.894585424493883,3
stationary,Random,default,525,17.50339809283463,0.402264577996005,17.101133514838626,17.905662670830633,3
stationary,Random,default,526,17.512118403448948,0.40803244046545273,17.104085962983497,17.9201508439144,3
stationary,Random,default,527,17.52321451232712,0.40597031728388366,17.117244195043234,17.929184829611003,3
stationary,Random,default,528,17.538131394249138,0.4118578322976468,17.126273561951493,17.949989226546784,3
stationary,Random,default,529,17.560561878705325,0.42799484579545216,17.132567032909872,17.98855672450078,3
stationary,Random,default,530,17.608117672189135,0.4532786841813801,17.154838988007754,18.061396356370516,3
stationary,Random,default,531,17.62203657716518,0.4623713491471607,17.159665228018017,18.08440792631234,3
stationary,Random,default,532,17.62745021826696,0.4574002380752345,17.170049980191727,18.084850456342195,3
stationary,Random,default,533,17.65111980376481,0.43798844814726734,17.213131355617545,18.089108251912076,3
stationary,Random,default,534,17.695607375132507,0.46946460571858434,17.226142769413922,18.165071980851092,3
stationary,Random,default,535,17.703902833085905,0.47080928288591384,17.233093550199992,18.17471211597182,3
stationary,Random,default,536,17.728003025181255,0.4926654397590449,17.23533758542221,18.2206684649403,3
stationary,Random,default,537,17.777342797933258,0.520155631662764,17.257187166270494,18.297498429596022,3
stationary,Random,default,538,17.814629787751144,0.5190507597872702,17.295579027963875,18.333680547538414,3
stationary,Random,default,539,17.82887046986816,0.5316521989709586,17.2972182708972,18.36052266883912,3
stationary,Random,default,540,17.847666680977554,0.5243005892215784,17.323366091755975,18.371967270199132,3
stationary,Random,default,541,17.910727251356096,0.4797132877253227,17.431013963630775,18.390440539081418,3
stationary,Random,default,542,17.932898077467488,0.473495259835271,17.459402817632217,18.40639333730276,3
stationary,Random,default,543,17.976947516797566,0.5201940981118314,17.456753418685736,18.497141614909395,3
stationary,Random,default,544,18.073649831790323,0.5769259032300128,17.49672392856031,18.650575735020336,3
stationary,Random,default,545,18.08073595048825,0.5704479781555356,17.510287972332716,18.651183928643785,3
stationary,Random,default,546,18.12794025467669,0.5531658064173841,17.57477444825931,18.681106061094074,3
stationary,Random,default,547,18.14974060240687,0.5438641971018789,17.60587640530499,18.693604799508748,3
stationary,Random,default,548,18.183541001455435,0.5586380913406948,17.62490291011474,18.74217909279613,3
stationary,Random,default,549,18.229841621887033,0.5709602579975519,17.65888136388948,18.800801879884585,3
stationary,Random,default,550,18.256676202899882,0.5761847385497648,17.68049146435012,18.832860941449646,3
stationary,Random,default,551,18.279208894206537,0.5649607861692089,17.714248108037328,18.844169680375746,3
stationary,Random,default,552,18.33262071304193,0.5297539159431636,17.802866797098766,18.862374628985094,3
stationary,Random,default,553,18.342344911318282,0.5246894637314287,17.817655447586855,18.86703437504971,3
stationary,Random,default,554,18.39665643757916,0.5433208982108646,17.853335539368295,18.939977335790026,3
stationary,Random,default,555,18.409727119354702,0.5386529801997314,17.87107413915497,18.948380099554434,3
stationary,Random,default,556,18.429225813719448,0.5154525263594627,17.913773287359984,18.944678340078912,3
stationary,Random,default,557,18.44395506823341,0.5152010941131956,17.928753974120216,18.959156162346606,3
stationary,Random,default,558,18.46045713369241,0.5182304212087154,17.942226712483695,18.97868755490113,3
stationary,Random,default,559,18.49226989069557,0.5472523807408022,17.94501750995477,19.039522271436372,3
stationary,Random,default,560,18.532659061625864,0.5091467719275995,18.023512289698264,19.041805833553465,3
stationary,Random,default,561,18.583895828004696,0.5169913747932667,18.06690445321143,19.100887202797963,3
stationary,Random,default,562,18.586090570125467,0.5191872590276133,18.066903311097853,19.10527782915308,3
stationary,Random,default,563,18.593687223823164,0.5187798403544469,18.074907383468716,19.11246706417761,3
stationary,Random,default,564,18.64412551271346,0.5751375827756959,18.068987929937766,19.219263095489158,3
stationary,Random,default,565,18.665396501367788,0.5896282670584911,18.075768234309297,19.255024768426278,3
stationary,Random,default,566,18.700362138954066,0.6224097643043247,18.07795237464974,19.322771903258392,3
stationary,Random,default,567,18.723391200907738,0.6137339180299225,18.109657282877816,19.33712511893766,3
stationary,Random,default,568,18.755626645631153,0.6163131911647179,18.139313454466436,19.37193983679587,3
stationary,Random,default,569,18.785434784262858,0.586144098773208,18.19929068548965,19.371578883036065,3
stationary,Random,default,570,18.808955881976356,0.5817747778574369,18.22718110411892,19.390730659833793,3
stationary,Random,default,571,18.81890750923901,0.5926141552462799,18.22629335399273,19.411521664485292,3
stationary,Random,default,572,18.857908063173316,0.6015859473636831,18.25632211580963,19.459494010537,3
stationary,Random,default,573,18.87541308220375,0.5951659575119215,18.28024712469183,19.47057903971567,3
stationary,Random,default,574,18.88477194408131,0.5892243304164261,18.295547613664887,19.473996274497736,3
stationary,Random,default,575,18.978046734923907,0.5352634768917806,18.442783258032126,19.51331021181569,3
stationary,Random,default,576,19.009142956810976,0.5517180578250628,18.457424898985913,19.56086101463604,3
stationary,Random,default,577,19.032409539911402,0.5767035497867611,18.455705990124642,19.609113089698162,3
stationary,Random,default,578,19.048439222068797,0.5874722541522128,18.460966967916583,19.63591147622101,3
stationary,Random,default,579,19.090765241220108,0.6289348139818977,18.461830427238212,19.719700055202004,3
stationary,Random,default,580,19.14540372568685,0.6907572816822667,18.454646444004585,19.836161007369117,3
stationary,Random,default,581,19.20634752670577,0.711765986544277,18.494581540161494,19.918113513250045,3
stationary,Random,default,582,19.23076639053774,0.7319748057803719,18.49879158475737,19.962741196318113,3
stationary,Random,default,583,19.261073311400665,0.6992329101075588,18.561840401293107,19.960306221508223,3
stationary,Random,default,584,19.347489475586343,0.7181980811530694,18.629291394433274,20.065687556739412,3
stationary,Random,default,585,19.40807268236269,0.6537051662354927,18.754367516127196,20.061777848598183,3
stationary,Random,default,586,19.443585767132166,0.6888546184989228,18.754731148633244,20.13244038563109,3
stationary,Random,default,587,19.467138592972233,0.6758996290233319,18.791238963948903,20.143038221995564,3
stationary,Random,default,588,19.518676043215944,0.6650655448874868,18.853610498328457,20.18374158810343,3
stationary,Random,default,589,19.612755229598644,0.6068433255575867,19.005911904041056,20.21959855515623,3
stationary,Random,default,590,19.61533545925103,0.6068221047582942,19.008513354492734,20.222157564009322,3
stationary,Random,default,591,19.68222635473597,0.6730761610398536,19.009150193696115,20.355302515775826,3
stationary,Random,default,592,19.73076648917265,0.66017334065839,19.070593148514263,20.39093982983104,3
stationary,Random,default,593,19.761194298847098,0.6647556833610441,19.096438615486054,20.42594998220814,3
stationary,Random,default,594,19.794249214090353,0.7035959710683684,19.090653243021986,20.49784518515872,3
stationary,Random,default,595,19.85675144723397,0.7212179733804757,19.135533473853496,20.577969420614448,3
stationary,Random,default,596,19.90783882506626,0.675033980598244,19.232804844468017,20.582872805664504,3
stationary,Random,default,597,19.95948030154501,0.6443286444126428,19.31515165713237,20.603808945957653,3
stationary,Random,default,598,20.140592676009295,0.5282201204138011,19.612372555595492,20.668812796423097,3
stationary,Random,default,599,20.152530550864935,0.5314492769665667,19.62108127389837,20.6839798278315,3
stationary,Thompson_Sampling,prior_lambda=0.1,0,0.03863301944165614,0.03578408710181799,0.002848932339838149,0.07441710654347414,3
stationary,Thompson_Sampling,prior_lambda=0.1,1,0.0549291847514603,0.018266462583728795,0.036662722167731504,0.0731956473351891,3
stationary,Thompson_Sampling,prior_lambda=0.1,2,0.1019733144260019,0.03783746549632468,0.06413584892967722,0.13981077992232657,3
stationary,Thompson_Sampling,prior_lambda=0.1,3,0.1136811399051562,0.04518156290736361,0.06849957699779259,0.1588627028125198,3
stationary,Thompson_Sampling,prior_lambda=0.1,4,0.13179579868037736,0.062429880845262506,0.06936591783511485,0.19422567952563985,3
stationary,Thompson_Sampling,prior_lambda=0.1,5,0.16435486431327817,0.05862945613943156,0.10572540817384661,0.22298432045270972,3
stationary,Thompson_Sampling,prior_lambda=0.1,6,0.21797964499557518,0.06925968441770787,0.1487199605778673,0.28723932941328306,3
stationary,Thompson_Sampling,prior_lambda=0.1,7,0.25040807465795306,0.04134133062254372,0.20906674403540934,0.29174940528049675,3
stationary,Thompson_Sampling,prior_lambda=0.1,8,0.3101212608493076,0.03281203772269239,0.2773092231266152,0.34293329857199994,3
stationary,Thompson_Sampling,prior_lambda=0.1,9,0.3613850341242702,0.07151956720568957,0.2898654669185806,0.4329046013299598,3
stationary,Thompson_Sampling,prior_lambda=0.1,10,0.43028442658184174,0.03127551882868501,0.3990089077531567,0.46155994541052675,3
stationary,Thompson_Sampling,prior_lambda=0.1,11,0.45516929077529106,0.00891943219316112,0.44624985858212995,0.46408872296845216,3
stationary,Thompson_Sampling,prior_lambda=0.1,12,0.467246387780442,0.01858858525936267,0.4486578025210793,0.48583497303980466,3
stationary,Thompson_Sampling,prior_lambda=0.1,13,0.5209765720084693,0.06010395343486242,0.46087261857360684,0.5810805254433317,3
stationary,Thompson_Sampling,prior_lambda=0.1,14,0.5344082011395912,0.05880123986886119,0.47560696127073,0.5932094410084524,3
stationary,Thompson_Sampling,prior_lambda=0.1,15,0.5807798896393992,0.11198903868160075,0.46879085095779843,0.6927689283209999,3
stationary,Thompson_Sampling,prior_lambda=0.1,16,0.6020303473318132,0.09859571006239357,0.5034346372694196,0.7006260573942067,3
stationary,Thompson_Sampling,prior_lambda=0.1,17,0.6753156578786962,0.1180150686199525,0.5573005892587437,0.7933307264986487,3
stationary,Thompson_Sampling,prior_lambda=0.1,18,0.772320885054516,0.09728260563706054,0.6750382794174554,0.8696034906915766,3
stationary,Thompson_Sampling,prior_lambda=0.1,19,0.803139552952855,0.10195098932941339,0.7011885636234416,0.9050905422822684,3
stationary,Thompson_Sampling,prior_lambda=0.1,20,0.8253003903127528,0.11918297009567953,0.7061174202170732,0.9444833604084324,3
stationary,Thompson_Sampling,prior_lambda=0.1,21,0.9252142009132348,0.16072512578331896,0.7644890751299158,1.0859393266965538,3
stationary,Thompson_Sampling,prior_lambda=0.1,22,0.9517277867193646,0.12783224253920464,0.82389554418016,1.0795600292585692,3
stationary,Thompson_Sampling,prior_lambda=0.1,23,0.9529357572449397,0.12609023774636532,0.8268455194985744,1.079025994991305,3
stationary,Thompson_Sampling,prior_lambda=0.1,24,0.9670451817458713,0.12349971668794327,0.843545465057928,1.0905448984338146,3
stationary,Thompson_Sampling,prior_lambda=0.1,25,1.015610309003547,0.1586863872159984,0.8569239217875487,1.1742966962195456,3
stationary,Thompson_Sampling,prior_lambda=0.1,26,1.1054247167539242,0.090051034960632,1.0153736817932921,1.1954757517145562,3
stationary,Thompson_Sampling,prior_lambda=0.1,27,1.14172036342285,0.08497155371221735,1.0567488097106328,1.2266919171350674,3
stationary,Thompson_Sampling,prior_lambda=0.1,28,1.1574794298437798,0.11221376979325107,1.0452656600505288,1.2696931996370309,3
stationary,Thompson_Sampling,prior_lambda=0.1,29,1.1890411153995826,0.13674609334030247,1.0522950220592802,1.325787208739885,3
stationary,Thompson_Sampling,prior_lambda=0.1,30,1.2157750985918951,0.1403258579600729,1.0754492406318223,1.356100956551968,3
stationary,Thompson_Sampling,prior_lambda=0.1,31,1.239073231197329,0.13467068125039944,1.1044025499469294,1.3737439124477284,3
stationary,Thompson_Sampling,prior_lambda=0.1,32,1.2582010476992054,0.11939980633466404,1.1388012413645414,1.3776008540338693,3
stationary,Thompson_Sampling,prior_lambda=0.1,33,1.2664272083494514,0.11579034327295999,1.1506368650764915,1.3822175516224113,3
stationary,Thompson_Sampling,prior_lambda=0.1,34,1.3280584075662576,0.20398172381562102,1.1240766837506366,1.5320401313818786,3
stationary,Thompson_Sampling,prior_lambda=0.1,35,1.3542063783216607,0.18858810783018543,1.1656182704914753,1.5427944861518461,3
stationary,Thompson_Sampling,prior_lambda=0.1,36,1.3736424999718595,0.1926873540486028,1.1809551459232568,1.5663298540204622,3
stationary,Thompson_Sampling,prior_lambda=0.1,37,1.405734376469874,0.1896075939807107,1.2161267824891633,1.5953419704505847,3
stationary,Thompson_Sampling,prior_lambda=0.1,38,1.4283923145945983,0.17192864982676825,1.25646366476783,1.6003209644213665,3
stationary,Thompson_Sampling,prior_lambda=0.1,39,1.4439881412433826,0.15722939668919952,1.286758744554183,1.6012175379325821,3
stationary,Thompson_Sampling,prior_lambda=0.1,40,1.4914326226572818,0.1167696594411943,1.3746629632160876,1.608202282098476,3
stationary,Thompson_Sampling,prior_lambda=0.1,41,1.5011860412337796,0.11144979344697359,1.389736247786806,1.6126358346807532,3
stationary,Thompson_Sampling,prior_lambda=0.1,42,1.5291587722130136,0.1294371319589228,1.3997216402540906,1.6585959041719365,3
stationary,Thompson_Sampling,prior_lambda=0.1,43,1.54433776726792,0.14237163768907835,1.4019661295788417,1.6867094049569982,3
stationary,Thompson_Sampling,prior_lambda=0.1,44,1.5671753472990178,0.12647875414575113,1.4406965931532667,1.6936541014447688,3
stationary,Thompson_Sampling,prior_lambda=0.1,45,1.6277321728793845,0.10722919527405098,1.5205029776053336,1.7349613681534355,3
stationary,Thompson_Sampling,prior_lambda=0.1,46,1.6474552978529033,0.09000047589831832,1.557454821954585,1.7374557737512217,3
stationary,Thompson_Sampling,prior_lambda=0.1,47,1.6777521522711147,0.12621045829479693,1.5515416939763178,1.8039626105659117,3
stationary,Thompson_Sampling,prior_lambda=0.1,48,1.734679713650899,0.14292296628809004,1.591756747362809,1.8776026799389889,3
stationary,Thompson_Sampling,prior_lambda=0.1,49,1.7616292874785782,0.15226229750681544,1.6093669899717626,1.9138915849853937,3
stationary,Thompson_Sampling,prior_lambda=0.1,50,1.7793811621303377,0.14930300494914375,1.630078157181194,1.9286841670794814,3
stationary,Thompson_Sampling,prior_lambda=0.1,51,1.819237934010492,0.16428394372786886,1.6549539902826231,1.983521877738361,3
stationary,Thompson_Sampling,prior_lambda=0.1,52,1.8560757431170287,0.14487188166139423,1.7112038614556344,2.000947624778423,3
stationary,Thompson_Sampling,prior_lambda=0.1,53,1.8809200232120116,0.1682206817430631,1.7126993414689484,2.0491407049550747,3
stationary,Thompson_Sampling,prior_lambda=0.1,54,1.9072433129681,0.15174060695263572,1.7555027060154642,2.0589839199207356,3
stationary,Thompson_Sampling,prior_lambda=0.1,55,1.9406699459040853,0.13752909876518135,1.8031408471389039,2.0781990446692666,3
stationary,Thompson_Sampling,prior_lambda=0.1,56,1.9587450990385495,0.13459547117420498,1.8241496278643445,2.0933405702127543,3
stationary,Thompson_Sampling,prior_lambda=0.1,57,1.970745456629042,0.13689582260245836,1.8338496340265837,2.1076412792315002,3
stationary,Thompson_Sampling,prior_lambda=0.1,58,1.9910466947860554,0.14994982791882666,1.8410968668672287,2.140996522704882,3
stationary,Thompson_Sampling,prior_lambda=0.1,59,2.0307339687393067,0.16917588264601507,1.8615580860932917,2.1999098513853217,3
stationary,Thompson_Sampling,prior_lambda=0.1,60,2.076786461188079,0.1495049271601673,1.9272815340279117,2.2262913883482462,3
stationary,Thompson_Sampling,prior_lambda=0.1,61,2.102495016607936,0.16139183453555808,1.941103182072378,2.263886851143494,3
stationary,Thompson_Sampling,prior_lambda=0.1,62,2.1858527063208584,0.2810145469370907,1.9048381593837678,2.466867253257949,3
stationary,Thompson_Sampling,prior_lambda=0.1,63,2.260269821798065,0.22364249094816985,2.036627330849895,2.483912312746235,3
stationary,Thompson_Sampling,prior_lambda=0.1,64,2.2741016071681193,0.21884872761843385,2.0552528795496854,2.492950334786553,3
stationary,Thompson_Sampling,prior_lambda=0.1,65,2.299010532829099,0.19694670920763233,2.102063823621467,2.4959572420367313,3
stationary,Thompson_Sampling,prior_lambda=0.1,66,2.3247798385692495,0.1855811781554285,2.139198660413821,2.510361016724678,3
stationary,Thompson_Sampling,prior_lambda=0.1,67,2.4282480182232216,0.1850040514272018,2.24324396679602,2.6132520696504233,3
stationary,Thompson_Sampling,prior_lambda=0.1,68,2.4559160160476448,0.21885189966302956,2.237064116384615,2.6747679157106745,3
stationary,Thompson_Sampling,prior_lambda=0.1,69,2.4854369261694735,0.20859648259054714,2.2768404435789265,2.6940334087600206,3
stationary,Thompson_Sampling,prior_lambda=0.1,70,2.4967048426843808,0.20048427209552863,2.296220570588852,2.6971891147799094,3
stationary,Thompson_Sampling,prior_lambda=0.1,71,2.5726989376334877,0.2328001241201453,2.3398988135133423,2.805499061753633,3
stationary,Thompson_Sampling,prior_lambda=0.1,72,2.5829266048388018,0.2151057294570712,2.3678208753817307,2.798032334295873,3
stationary,Thompson_Sampling,prior_lambda=0.1,73,2.5914348539051058,0.22142220948353705,2.3700126444215686,2.812857063388643,3
stationary,Thompson_Sampling,prior_lambda=0.1,74,2.663412288223847,0.1442264746643297,2.5191858135595173,2.807638762888177,3
stationary,Thompson_Sampling,prior_lambda=0.1,75,2.7353836138396055,0.1907507010365125,2.544632912803093,2.926134314876118,3
stationary,Thompson_Sampling,prior_lambda=0.1,76,2.75107247902738,0.1975010062956045,2.5535714727317758,2.9485734853229846,3
stationary,Thompson_Sampling,prior_lambda=0.1,77,2.805710694451248,0.2189151648479648,2.5867955296032834,3.0246258592992126,3
stationary,Thompson_Sampling,prior_lambda=0.1,78,2.818309199646135,0.20796727502029447,2.6103419246258404,3.0262764746664295,3
stationary,Thompson_Sampling,prior_lambda=0.1,79,2.839088569424971,0.2183027536324782,2.620785815792493,3.057391323057449,3
stationary,Thompson_Sampling,prior_lambda=0.1,80,2.849456283988934,0.21117876652299777,2.6382775174659363,3.060635050511932,3
stationary,Thompson_Sampling,prior_lambda=0.1,81,2.870192479542693,0.22762369518955008,2.6425687843531427,3.0978161747322432,3
stationary,Thompson_Sampling,prior_lambda=0.1,82,2.933416160447395,0.17252005185149408,2.760896108595901,3.1059362122988894,3
stationary,Thompson_Sampling,prior_lambda=0.1,83,2.9485411139416144,0.17454825654248804,2.7739928573991266,3.1230893704841023,3
stationary,Thompson_Sampling,prior_lambda=0.1,84,2.960106398382608,0.17381274015274786,2.78629365822986,3.1339191385353558,3
stationary,Thompson_Sampling,prior_lambda=0.1,85,2.9859749797278803,0.17111587214799176,2.8148591075798883,3.1570908518758722,3
stationary,Thompson_Sampling,prior_lambda=0.1,86,3.005433171240925,0.18704277370529737,2.8183903975356275,3.1924759449462226,3
stationary,Thompson_Sampling,prior_lambda=0.1,87,3.0471579524654793,0.1721510491044693,2.87500690336101,3.2193090015699486,3
stationary,Thompson_Sampling,prior_lambda=0.1,88,3.0762091078479803,0.16595392807563486,2.9102551797723453,3.2421630359236153,3
stationary,Thompson_Sampling,prior_lambda=0.1,89,3.1569985975629677,0.17715209023210354,2.979846507330864,3.3341506877950713,3
stationary,Thompson_Sampling,prior_lambda=0.1,90,3.175919107766553,0.1921021167410179,2.983816991025535,3.368021224507571,3
stationary,Thompson_Sampling,prior_lambda=0.1,91,3.181703725172977,0.20102683482956216,2.980676890343415,3.382730560002539,3
stationary,Thompson_Sampling,prior_lambda=0.1,92,3.2119633239504815,0.18833686176463782,3.0236264621858435,3.4003001857151194,3
stationary,Thompson_Sampling,prior_lambda=0.1,93,3.251719386924025,0.18100367984440452,3.0707157070796205,3.432723066768429,3
stationary,Thompson_Sampling,prior_lambda=0.1,94,3.2933831828276348,0.1694738584361025,3.123909324391532,3.4628570412637374,3
stationary,Thompson_Sampling,prior_lambda=0.1,95,3.327861114718105,0.15398766099263886,3.1738734537254665,3.481848775710744,3
stationary,Thompson_Sampling,prior_lambda=0.1,96,3.373570402176831,0.19209401412895125,3.1814763880478796,3.5656644163057822,3
stationary,Thompson_Sampling,prior_lambda=0.1,97,3.417019279349619,0.18572804494721795,3.2312912344024007,3.602747324296837,3
stationary,Thompson_Sampling,prior_lambda=0.1,98,3.44939662304639,0.1589449263927659,3.290451696653624,3.608341549439156,3
stationary,Thompson_Sampling,prior_lambda=0.1,99,3.4823908524909153,0.17149145227451454,3.310899400216401,3.6538823047654296,3
stationary,Thompson_Sampling,prior_lambda=0.1,100,3.5087918861535794,0.18552658560132976,3.3232653005522494,3.6943184717549093,3
stationary,Thompson_Sampling,prior_lambda=0.1,101,3.612165126996848,0.10394363792199196,3.5082214890748564,3.71610876491884,3
stationary,Thompson_Sampling,prior_lambda=0.1,102,3.646877901071291,0.08205779527961068,3.56482010579168,3.7289356963509017,3
stationary,Thompson_Sampling,prior_lambda=0.1,103,3.679435335267573,0.07934799912140823,3.600087336146165,3.758783334388981,3
stationary,Thompson_Sampling,prior_lambda=0.1,104,3.7058658659088017,0.10538859645935111,3.6004772694494505,3.811254462368153,3
stationary,Thompson_Sampling,prior_lambda=0.1,105,3.723220930269143,0.11789908206273418,3.6053218482064087,3.8411200123318774,3
stationary,Thompson_Sampling,prior_lambda=0.1,106,3.736186563737725,0.1035138283799396,3.6326727353577852,3.8397003921176647,3
stationary,Thompson_Sampling,prior_lambda=0.1,107,3.7577631832105083,0.08432803071665144,3.6734351524938567,3.84209121392716,3
stationary,Thompson_Sampling,prior_lambda=0.1,108,3.7894587845126853,0.07786632418039266,3.7115924603322927,3.8673251086930778,3
stationary,Thompson_Sampling,prior_lambda=0.1,109,3.800745893690083,0.08383438780179679,3.716911505888286,3.8845802814918797,3
stationary,Thompson_Sampling,prior_lambda=0.1,110,3.8102317753675163,0.07720604644514979,3.7330257289223665,3.887437821812666,3
stationary,Thompson_Sampling,prior_lambda=0.1,111,3.8304101681258973,0.08793836654015659,3.7424718015857406,3.918348534666054,3
stationary,Thompson_Sampling,prior_lambda=0.1,112,3.850232735747369,0.08814709882175603,3.762085636925613,3.9383798345691248,3
stationary,Thompson_Sampling,prior_lambda=0.1,113,3.882814870341926,0.059301405538720445,3.8235134648032054,3.9421162758806463,3
stationary,Thompson_Sampling,prior_lambda=0.1,114,3.896268464495689,0.051977590718454585,3.8442908737772346,3.9482460552141436,3
stationary,Thompson_Sampling,prior_lambda=0.1,115,3.9659812275243973,0.08275488110599169,3.8832263464184056,4.048736108630389,3
stationary,Thompson_Sampling,prior_lambda=0.1,116,3.9748106737847793,0.08060179260473523,3.894208881180044,4.055412466389514,3
stationary,Thompson_Sampling,prior_lambda=0.1,117,4.002396674834578,0.08054265855796142,3.9218540162766162,4.082939333392539,3
stationary,Thompson_Sampling,prior_lambda=0.1,118,4.01520675457182,0.05903808497002504,3.9561686696017953,4.074244839541845,3
stationary,Thompson_Sampling,prior_lambda=0.1,119,4.026972077184792,0.055100851900716875,3.9718712252840747,4.082072929085508,3
stationary,Thompson_Sampling,prior_lambda=0.1,120,4.029847921660234,0.05024995781455243,3.979597963845681,4.080097879474786,3
stationary,Thompson_Sampling,prior_lambda=0.1,121,4.08185937125597,0.030413086140501977,4.051446285115468,4.112272457396472,3
stationary,Thompson_Sampling,prior_lambda=0.1,122,4.1154167383871085,0.050027014270219945,4.065389724116889,4.165443752657328,3
stationary,Thompson_Sampling,prior_lambda=0.1,123,4.160543302345818,0.08864528632359402,4.0718980160222245,4.249188588669412,3
stationary,Thompson_Sampling,prior_lambda=0.1,124,4.1723497957790014,0.08583548814759431,4.086514307631407,4.258185283926596,3
stationary,Thompson_Sampling,prior_lambda=0.1,125,4.233337033192426,0.16504467693399744,4.0682923562584286,4.398381710126424,3
stationary,Thompson_Sampling,prior_lambda=0.1,126,4.260816973941828,0.15952766743513697,4.101289306506691,4.420344641376965,3
stationary,Thompson_Sampling,prior_lambda=0.1,127,4.289209354104765,0.1638780950335766,4.125331259071188,4.453087449138342,3
stationary,Thompson_Sampling,prior_lambda=0.1,128,4.310022332793783,0.14331435236704465,4.166707980426738,4.453336685160828,3
stationary,Thompson_Sampling,prior_lambda=0.1,129,4.321204206025048,0.1348380467850541,4.186366159239994,4.456042252810103,3
stationary,Thompson_Sampling,prior_lambda=0.1,130,4.333974883896661,0.14859824702120528,4.185376636875456,4.482573130917866,3
stationary,Thompson_Sampling,prior_lambda=0.1,131,4.390236075850878,0.14571963671751975,4.244516439133358,4.5359557125683985,3
stationary,Thompson_Sampling,prior_lambda=0.1,132,4.402484385942886,0.14743563624890077,4.2550487496939855,4.549920022191786,3
stationary,Thompson_Sampling,prior_lambda=0.1,133,4.436368231590418,0.15657697987147012,4.279791251718947,4.592945211461888,3
stationary,Thompson_Sampling,prior_lambda=0.1,134,4.474732576547679,0.15407781534844897,4.32065476119923,4.6288103918961285,3
stationary,Thompson_Sampling,prior_lambda=0.1,135,4.500706439599431,0.17952466143841342,4.321181778161018,4.680231101037844,3
stationary,Thompson_Sampling,prior_lambda=0.1,136,4.509440204096106,0.16923508977925403,4.340205114316852,4.67867529387536,3
stationary,Thompson_Sampling,prior_lambda=0.1,137,4.546336610955518,0.1299489250701344,4.416387685885384,4.676285536025652,3
stationary,Thompson_Sampling,prior_lambda=0.1,138,4.598775639594364,0.08886324722759745,4.5099123923667666,4.687638886821961,3
stationary,Thompson_Sampling,prior_lambda=0.1,139,4.670928236773095,0.07973484738249818,4.591193389390597,4.750663084155594,3
stationary,Thompson_Sampling,prior_lambda=0.1,140,4.682669872781057,0.08093582284793788,4.601734049933119,4.7636056956289945,3
stationary,Thompson_Sampling,prior_lambda=0.1,141,4.713811004990137,0.11524886442117699,4.59856214056896,4.829059869411314,3
stationary,Thompson_Sampling,prior_lambda=0.1,142,4.74570232342694,0.11781516704337167,4.627887156383569,4.863517490470311,3
stationary,Thompson_Sampling,prior_lambda=0.1,143,4.7669231018933145,0.09244844001536148,4.674474661877953,4.859371541908676,3
stationary,Thompson_Sampling,prior_lambda=0.1,144,4.779186912882878,0.09194070009908346,4.687246212783794,4.871127612981962,3
stationary,Thompson_Sampling,prior_lambda=0.1,145,4.798043912699743,0.0960518141942138,4.70199209850553,4.894095726893957,3
stationary,Thompson_Sampling,prior_lambda=0.1,146,4.811581194206746,0.10200811291960789,4.709573081287139,4.913589307126354,3
stationary,Thompson_Sampling,prior_lambda=0.1,147,4.838322934469175,0.0978084705451207,4.740514463924054,4.9361314050142955,3
stationary,Thompson_Sampling,prior_lambda=0.1,148,4.870629233316227,0.10016784616196102,4.770461387154266,4.970797079478188,3
stationary,Thompson_Sampling,prior_lambda=0.1,149,4.938556703245667,0.05730367665604831,4.881253026589619,4.995860379901716,3
stationary,Thompson_Sampling,prior_lambda=0.1,150,4.9593424498236915,0.04104107904435584,4.918301370779336,5.000383528868047,3
stationary,Thompson_Sampling,prior_lambda=0.1,151,4.987114849368267,0.0359740944209892,4.951140754947279,5.023088943789256,3
stationary,Thompson_Sampling,prior_lambda=0.1,152,5.068350746102389,0.058634735150861275,5.009716010951528,5.126985481253251,3
stationary,Thompson_Sampling,prior_lambda=0.1,153,5.082199718920626,0.050483559230195985,5.03171615969043,5.1326832781508225,3
stationary,Thompson_Sampling,prior_lambda=0.1,154,5.131405973568515,0.023457918090833547,5.1079480554776815,5.154863891659348,3
stationary,Thompson_Sampling,prior_lambda=0.1,155,5.1685293346792305,0.04790810648437604,5.120621228194855,5.216437441163606,3
stationary,Thompson_Sampling,prior_lambda=0.1,156,5.171969945152724,0.04380837910869678,5.128161566044027,5.215778324261421,3
stationary,Thompson_Sampling,prior_lambda=0.1,157,5.194473363374216,0.04190130414186951,5.152572059232347,5.236374667516086,3
stationary,Thompson_Sampling,prior_lambda=0.1,158,5.208581917826846,0.028733334731758955,5.1798485830950876,5.237315252558605,3
stationary,Thompson_Sampling,prior_lambda=0.1,159,5.285583164496435,0.07447067510043874,5.211112489395997,5.3600538395968735,3
stationary,Thompson_Sampling,prior_lambda=0.1,160,5.3014810276630415,0.05993845807470087,5.241542569588341,5.361419485737742,3
stationary,Thompson_Sampling,prior_lambda=0.1,161,5.362387159249656,0.07588478910508854,5.286502370144568,5.438271948354744,3
stationary,Thompson_Sampling,prior_lambda=0.1,162,5.376058263099309,0.07847053951589045,5.297587723583419,5.454528802615199,3
stationary,Thompson_Sampling,prior_lambda=0.1,163,5.3828594835831005,0.06808109095791454,5.314778392625186,5.450940574541015,3
stationary,Thompson_Sampling,prior_lambda=0.1,164,5.448422076540055,0.057542790417173105,5.390879286122882,5.505964866957228,3
stationary,Thompson_Sampling,prior_lambda=0.1,165,5.521817352134877,0.09811673356408632,5.423700618570791,5.619934085698963,3
stationary,Thompson_Sampling,prior_lambda=0.1,166,5.545161645055217,0.11837740488978565,5.426784240165431,5.663539049945002,3
stationary,Thompson_Sampling,prior_lambda=0.1,167,5.5555952596726925,0.12252892452690158,5.433066335145791,5.678124184199594,3
stationary,Thompson_Sampling,prior_lambda=0.1,168,5.578834102485989,0.09267872928073413,5.486155373205255,5.671512831766723,3
stationary,Thompson_Sampling,prior_lambda=0.1,169,5.598901114235535,0.10688296518155956,5.492018149053976,5.705784079417095,3
stationary,Thompson_Sampling,prior_lambda=0.1,170,5.602084391187816,0.10852073789577187,5.493563653292044,5.7106051290835875,3
stationary,Thompson_Sampling,prior_lambda=0.1,171,5.63898889033683,0.13865848238651288,5.500330407950318,5.777647372723343,3
stationary,Thompson_Sampling,prior_lambda=0.1,172,5.672498885195414,0.15281640757031903,5.519682477625095,5.825315292765733,3
stationary,Thompson_Sampling,prior_lambda=0.1,173,5.693704442324543,0.12818695858520587,5.565517483739336,5.821891400909749,3
stationary,Thompson_Sampling,prior_lambda=0.1,174,5.707227829452765,0.14254829502581573,5.564679534426949,5.849776124478581,3
stationary,Thompson_Sampling,prior_lambda=0.1,175,5.717418844052595,0.15855082298208145,5.558868021070514,5.875969667034677,3
stationary,Thompson_Sampling,prior_lambda=0.1,176,5.750308312476579,0.14435804943772906,5.60595026303885,5.894666361914308,3
stationary,Thompson_Sampling,prior_lambda=0.1,177,5.78146550605404,0.1004733247377784,5.680992181316262,5.881938830791818,3
stationary,Thompson_Sampling,prior_lambda=0.1,178,5.805943843709589,0.09824167840590604,5.707702165303683,5.904185522115496,3
stationary,Thompson_Sampling,prior_lambda=0.1,179,5.853182345106217,0.10136636663327334,5.751815978472943,5.95454871173949,3
stationary,Thompson_Sampling,prior_lambda=0.1,180,5.873294299649166,0.1121193913976043,5.761174908251562,5.98541369104677,3
stationary,Thompson_Sampling,prior_lambda=0.1,181,5.884852748029847,0.10853472796442667,5.77631802006542,5.9933874759942745,3
stationary,Thompson_Sampling,prior_lambda=0.1,182,5.9190855144176915,0.10104837519779551,5.818037139219896,6.020133889615487,3
stationary,Thompson_Sampling,prior_lambda=0.1,183,5.939589103945,0.09150644341647421,5.848082660528526,6.031095547361474,3
stationary,Thompson_Sampling,prior_lambda=0.1,184,5.9585909461787985,0.06104872122922484,5.897542224949573,6.019639667408024,3
stationary,Thompson_Sampling,prior_lambda=0.1,185,5.966962276494115,0.06015641252868052,5.906805863965435,6.027118689022796,3
stationary,Thompson_Sampling,prior_lambda=0.1,186,5.990585676207132,0.05614284013346147,5.9344428360736705,6.046728516340594,3
stationary,Thompson_Sampling,prior_lambda=0.1,187,6.03507726470992,0.00983747524312668,6.025239789466793,6.044914739953047,3
stationary,Thompson_Sampling,prior_lambda=0.1,188,6.045412981130901,0.002335068427374691,6.043077912703526,6.047748049558275,3
stationary,Thompson_Sampling,prior_lambda=0.1,189,6.074931432669879,0.016012693683234918,6.058918738986644,6.090944126353114,3
stationary,Thompson_Sampling,prior_lambda=0.1,190,6.097845565313178,0.02655592640318493,6.0712896389099935,6.1244014917163625,3
stationary,Thompson_Sampling,prior_lambda=0.1,191,6.152479101394657,0.055374150744512116,6.097104950650144,6.207853252139169,3
stationary,Thompson_Sampling,prior_lambda=0.1,192,6.165748313398358,0.07420113445156401,6.091547178946794,6.239949447849922,3
stationary,Thompson_Sampling,prior_lambda=0.1,193,6.226565559562645,0.045646553976577894,6.180919005586067,6.272212113539223,3
stationary,Thompson_Sampling,prior_lambda=0.1,194,6.239139311587359,0.059882280187309074,6.17925703140005,6.299021591774668,3
stationary,Thompson_Sampling,prior_lambda=0.1,195,6.253009181076532,0.0524874433320746,6.200521737744458,6.305496624408606,3
stationary,Thompson_Sampling,prior_lambda=0.1,196,6.25885217976997,0.05693539311110907,6.2019167866588605,6.315787572881079,3
stationary,Thompson_Sampling,prior_lambda=0.1,197,6.30884510139085,0.016141637977732298,6.292703463413118,6.324986739368582,3
stationary,Thompson_Sampling,prior_lambda=0.1,198,6.396182942747998,0.06292977218111655,6.3332531705668815,6.459112714929115,3
stationary,Thompson_Sampling,prior_lambda=0.1,199,6.404410154631333,0.05945039189147494,6.344959762739858,6.463860546522808,3
stationary,Thompson_Sampling,prior_lambda=0.1,200,6.426972873328473,0.06442559985304251,6.36254727347543,6.4913984731815155,3
stationary,Thompson_Sampling,prior_lambda=0.1,201,6.444407949331794,0.06056702585673534,6.383840923475058,6.504974975188529,3
stationary,Thompson_Sampling,prior_lambda=0.1,202,6.478615504733685,0.08590436466336071,6.392711140070324,6.564519869397046,3
stationary,Thompson_Sampling,prior_lambda=0.1,203,6.501564489157978,0.09402977106740958,6.407534718090568,6.595594260225388,3
stationary,Thompson_Sampling,prior_lambda=0.1,204,6.530149679872177,0.08921020389848294,6.440939475973694,6.6193598837706595,3
stationary,Thompson_Sampling,prior_lambda=0.1,205,6.543781846498809,0.10236590659067935,6.441415939908129,6.646147753089489,3
stationary,Thompson_Sampling,prior_lambda=0.1,206,6.57643333994456,0.1314639001949654,6.4449694397495945,6.707897240139526,3
stationary,Thompson_Sampling,prior_lambda=0.1,207,6.589297233625923,0.1239945627828736,6.46530267084305,6.713291796408797,3
stationary,Thompson_Sampling,prior_lambda=0.1,208,6.621400413721254,0.13230134585089334,6.48909906787036,6.753701759572148,3
stationary,Thompson_Sampling,prior_lambda=0.1,209,6.635439740805254,0.13101703794716765,6.504422702858086,6.766456778752422,3
stationary,Thompson_Sampling,prior_lambda=0.1,210,6.653628526679513,0.12443338826668786,6.529195138412825,6.778061914946201,3
stationary,Thompson_Sampling,prior_lambda=0.1,211,6.669613151762175,0.12917817483176816,6.540434976930407,6.7987913265939435,3
stationary,Thompson_Sampling,prior_lambda=0.1,212,6.697536874128439,0.11408512686408405,6.5834517472643554,6.811622000992523,3
stationary,Thompson_Sampling,prior_lambda=0.1,213,6.7134356777496125,0.10253402533221548,6.610901652417397,6.815969703081828,3
stationary,Thompson_Sampling,prior_lambda=0.1,214,6.734341334173948,0.09306436765728644,6.641276966516661,6.827405701831235,3
stationary,Thompson_Sampling,prior_lambda=0.1,215,6.749484891248028,0.0908336349314576,6.6586512563165705,6.840318526179486,3
stationary,Thompson_Sampling,prior_lambda=0.1,216,6.7732918096685495,0.11370688960747061,6.659584920061079,6.88699869927602,3
stationary,Thompson_Sampling,prior_lambda=0.1,217,6.780352071102712,0.11344787181493524,6.666904199287776,6.8937999429176475,3
stationary,Thompson_Sampling,prior_lambda=0.1,218,6.8108513466851575,0.1425322733036466,6.668319073381511,6.953383619988804,3
stationary,Thompson_Sampling,prior_lambda=0.1,219,6.831167119316251,0.13027501189844568,6.700892107417805,6.961442131214697,3
stationary,Thompson_Sampling,prior_lambda=0.1,220,6.835651105853496,0.13545297951351534,6.700198126339981,6.971104085367012,3
stationary,Thompson_Sampling,prior_lambda=0.1,221,6.867450984703489,0.15580735666445378,6.7116436280390355,7.023258341367943,3
stationary,Thompson_Sampling,prior_lambda=0.1,222,6.88202906892717,0.1606157405006335,6.721413328426537,7.042644809427803,3
stationary,Thompson_Sampling,prior_lambda=0.1,223,6.8855791594357525,0.15773499088816265,6.72784416854759,7.043314150323915,3
stationary,Thompson_Sampling,prior_lambda=0.1,224,6.926545736405651,0.19618142689355408,6.730364309512097,7.1227271632992055,3
stationary,Thompson_Sampling,prior_lambda=0.1,225,6.9477200650692295,0.1911246803870034,6.756595384682226,7.1388447454562325,3
stationary,Thompson_Sampling,prior_lambda=0.1,226,6.999247701886763,0.17467118450383998,6.824576517382924,7.173918886390603,3
stationary,Thompson_Sampling,prior_lambda=0.1,227,7.043654080866484,0.1436439206710154,6.900010160195469,7.187298001537499,3
stationary,Thompson_Sampling,prior_lambda=0.1,228,7.097816375938977,0.11439632051113476,6.983420055427842,7.212212696450112,3
stationary,Thompson_Sampling,prior_lambda=0.1,229,7.147559242614176,0.1905642165077641,6.956995026106412,7.33812345912194,3
stationary,Thompson_Sampling,prior_lambda=0.1,230,7.157948294475426,0.1901205095209232,6.967827784954502,7.348068803996349,3
stationary,Thompson_Sampling,prior_lambda=0.1,231,7.19457236284304,0.18021581386240856,7.014356548980632,7.374788176705448,3
stationary,Thompson_Sampling,prior_lambda=0.1,232,7.208224124426704,0.17291790061490178,7.035306223811802,7.381142025041606,3
stationary,Thompson_Sampling,prior_lambda=0.1,233,7.235346025758733,0.1838724552648483,7.051473570493885,7.419218481023581,3
stationary,Thompson_Sampling,prior_lambda=0.1,234,7.2710747088425896,0.18817987024102753,7.082894838601562,7.459254579083617,3
stationary,Thompson_Sampling,prior_lambda=0.1,235,7.309432999102263,0.18085342040214666,7.1285795787001165,7.49028641950441,3
stationary,Thompson_Sampling,prior_lambda=0.1,236,7.398738640952715,0.13713286208169811,7.261605778871017,7.5358715030344126,3
stationary,Thompson_Sampling,prior_lambda=0.1,237,7.40893483272621,0.13691539044916642,7.272019442277044,7.545850223175377,3
stationary,Thompson_Sampling,prior_lambda=0.1,238,7.411100038319898,0.14054575644502323,7.270554281874874,7.551645794764921,3
stationary,Thompson_Sampling,prior_lambda=0.1,239,7.455093978037602,0.16871485464021785,7.286379123397384,7.6238088326778195,3
stationary,Thompson_Sampling,prior_lambda=0.1,240,7.52557238947173,0.17262158851988485,7.352950800951845,7.698193977991615,3
stationary,Thompson_Sampling,prior_lambda=0.1,241,7.567029902124329,0.16145254482813934,7.405577357296189,7.728482446952468,3
stationary,Thompson_Sampling,prior_lambda=0.1,242,7.618021152635204,0.1920720426407464,7.425949109994457,7.81009319527595,3
stationary,Thompson_Sampling,prior_lambda=0.1,243,7.65454419979882,0.2358819310307738,7.418662268768046,7.890426130829593,3
stationary,Thompson_Sampling,prior_lambda=0.1,244,7.669329339490148,0.23240959081528895,7.4369197486748595,7.901738930305437,3
stationary,Thompson_Sampling,prior_lambda=0.1,245,7.690682677296341,0.22448113464634414,7.466201542649997,7.915163811942684,3
stationary,Thompson_Sampling,prior_lambda=0.1,246,7.698502780941701,0.2183521672360199,7.480150613705681,7.916854948177721,3
stationary,Thompson_Sampling,prior_lambda=0.1,247,7.705644046873559,0.22417388308903166,7.481470163784527,7.92981792996259,3
stationary,Thompson_Sampling,prior_lambda=0.1,248,7.7233247337028255,0.21739375547494522,7.50593097822788,7.940718489177771,3
stationary,Thompson_Sampling,prior_lambda=0.1,249,7.752101979307777,0.23320515427550678,7.51889682503227,7.985307133583284,3
stationary,Thompson_Sampling,prior_lambda=0.1,250,7.761597960882878,0.22895074782712915,7.532647213055749,7.9905487087100076,3
stationary,Thompson_Sampling,prior_lambda=0.1,251,7.768508190348137,0.22630472867122647,7.542203461676911,7.994812919019363,3
stationary,Thompson_Sampling,prior_lambda=0.1,252,7.776735023025242,0.22324814511044186,7.5534868779148,7.999983168135683,3
stationary,Thompson_Sampling,prior_lambda=0.1,253,7.787869262604748,0.23944632141932537,7.548422941185423,8.027315584024073,3
stationary,Thompson_Sampling,prior_lambda=0.1,254,7.816683691987847,0.2214014980476864,7.59528219394016,8.038085190035533,3
stationary,Thompson_Sampling,prior_lambda=0.1,255,7.8514307655810915,0.2231669485807256,7.628263817000366,8.074597714161817,3
stationary,Thompson_Sampling,prior_lambda=0.1,256,7.918775400441166,0.19869516734441384,7.720080233096752,8.11747056778558,3
stationary,Thompson_Sampling,prior_lambda=0.1,257,7.947562636371205,0.21462649637068965,7.732936140000516,8.162189132741895,3
stationary,Thompson_Sampling,prior_lambda=0.1,258,7.956075277383921,0.20910975911368362,7.746965518270238,8.165185036497604,3
stationary,Thompson_Sampling,prior_lambda=0.1,259,8.021158732427747,0.22726825419258806,7.793890478235158,8.248426986620334,3
stationary,Thompson_Sampling,prior_lambda=0.1,260,8.059634085143722,0.23348931850437485,7.826144766639348,8.293123403648098,3
stationary,Thompson_Sampling,prior_lambda=0.1,261,8.093093239338568,0.23136567278150794,7.86172756655706,8.324458912120075,3
stationary,Thompson_Sampling,prior_lambda=0.1,262,8.127336865952621,0.22375662414374392,7.903580241808878,8.351093490096366,3
stationary,Thompson_Sampling,prior_lambda=0.1,263,8.19456150928397,0.2653315377146402,7.929229971569329,8.45989304699861,3
stationary,Thompson_Sampling,prior_lambda=0.1,264,8.21523491596046,0.2552259250980332,7.960008990862427,8.470460841058493,3
stationary,Thompson_Sampling,prior_lambda=0.1,265,8.229802948959522,0.23887268466403683,7.990930264295485,8.468675633623558,3
stationary,Thompson_Sampling,prior_lambda=0.1,266,8.260345760012484,0.2495979371643226,8.010747822848161,8.509943697176807,3
stationary,Thompson_Sampling,prior_lambda=0.1,267,8.28839965724997,0.23984182482360003,8.04855783242637,8.52824148207357,3
stationary,Thompson_Sampling,prior_lambda=0.1,268,8.30058225632114,0.2411111401875028,8.059471116133638,8.541693396508643,3
stationary,Thompson_Sampling,prior_lambda=0.1,269,8.312053464936987,0.22170405796604584,8.090349406970942,8.533757522903032,3
stationary,Thompson_Sampling,prior_lambda=0.1,270,8.328175708981755,0.21334465765587068,8.114831051325885,8.541520366637625,3
stationary,Thompson_Sampling,prior_lambda=0.1,271,8.37456843511198,0.16047161820580116,8.21409681690618,8.53504005331778,3
stationary,Thompson_Sampling,prior_lambda=0.1,272,8.390932232479932,0.1547581496951362,8.236174082784796,8.545690382175067,3
stationary,Thompson_Sampling,prior_lambda=0.1,273,8.402851390199146,0.16874788153608927,8.234103508663056,8.571599271735236,3
stationary,Thompson_Sampling,prior_lambda=0.1,274,8.442967017061802,0.21799431652945445,8.224972700532348,8.660961333591256,3
stationary,Thompson_Sampling,prior_lambda=0.1,275,8.464690999675533,0.21176759434806364,8.252923405327468,8.676458594023597,3
stationary,Thompson_Sampling,prior_lambda=0.1,276,8.476732292733047,0.21288789927867152,8.263844393454375,8.689620192011718,3
stationary,Thompson_Sampling,prior_lambda=0.1,277,8.505604593341863,0.2234116362028976,8.282192957138966,8.72901622954476,3
stationary,Thompson_Sampling,prior_lambda=0.1,278,8.529045454098961,0.20170441904903344,8.327341035049928,8.730749873147994,3
stationary,Thompson_Sampling,prior_lambda=0.1,279,8.560197182532754,0.18145206174822592,8.378745120784528,8.74164924428098,3
stationary,Thompson_Sampling,prior_lambda=0.1,280,8.568255951870881,0.1777560248504724,8.390499927020409,8.746011976721354,3
stationary,Thompson_Sampling,prior_lambda=0.1,281,8.581293569410343,0.18330926171955134,8.397984307690791,8.764602831129896,3
stationary,Thompson_Sampling,prior_lambda=0.1,282,8.64083736708816,0.2646549210217262,8.376182446066434,8.905492288109887,3
stationary,Thompson_Sampling,prior_lambda=0.1,283,8.6665762229644,0.2595648895643142,8.407011333400085,8.926141112528715,3
stationary,Thompson_Sampling,prior_lambda=0.1,284,8.675232043308556,0.2608628733612677,8.414369169947289,8.936094916669823,3
stationary,Thompson_Sampling,prior_lambda=0.1,285,8.737492747856455,0.31526232580887903,8.422230422047576,9.052755073665335,3
stationary,Thompson_Sampling,prior_lambda=0.1,286,8.780757648551349,0.34633120279199925,8.43442644575935,9.127088851343348,3
stationary,Thompson_Sampling,prior_lambda=0.1,287,8.830886814717067,0.28577565701676316,8.545111157700303,9.11666247173383,3
stationary,Thompson_Sampling,prior_lambda=0.1,288,8.866927562349748,0.2590568686185595,8.607870693731188,9.125984430968307,3
stationary,Thompson_Sampling,prior_lambda=0.1,289,8.885943495707837,0.2558219760097783,8.630121519698058,9.141765471717616,3
stationary,Thompson_Sampling,prior_lambda=0.1,290,8.889557410290708,0.2543072154447535,8.635250194845954,9.143864625735462,3
stationary,Thompson_Sampling,prior_lambda=0.1,291,8.892475132145535,0.25042886444748624,8.64204626769805,9.14290399659302,3
stationary,Thompson_Sampling,prior_lambda=0.1,292,8.904042065288811,0.2491393375467812,8.65490272774203,9.153181402835592,3
stationary,Thompson_Sampling,prior_lambda=0.1,293,8.912641962209733,0.24806581661884183,8.66457614559089,9.160707778828575,3
stationary,Thompson_Sampling,prior_lambda=0.1,294,8.94821723560459,0.2621342793414569,8.686082956263133,9.210351514946046,3
stationary,Thompson_Sampling,prior_lambda=0.1,295,8.962850246595623,0.267544420324083,8.695305826271541,9.230394666919706,3
stationary,Thompson_Sampling,prior_lambda=0.1,296,8.98607772507363,0.26974786726433725,8.716329857809292,9.255825592337967,3
stationary,Thompson_Sampling,prior_lambda=0.1,297,9.051684149055232,0.20612393790806263,8.84556021114717,9.257808086963294,3
stationary,Thompson_Sampling,prior_lambda=0.1,298,9.05998046418953,0.220449201427112,8.839531262762419,9.280429665616643,3
stationary,Thompson_Sampling,prior_lambda=0.1,299,9.118087012216085,0.19380497020882909,8.924282042007256,9.311891982424914,3
stationary,Thompson_Sampling,prior_lambda=0.1,300,9.123604884181072,0.19848008684718954,8.925124797333883,9.32208497102826,3
stationary,Thompson_Sampling,prior_lambda=0.1,301,9.148861238572785,0.18899683918109123,8.959864399391694,9.337858077753875,3
stationary,Thompson_Sampling,prior_lambda=0.1,302,9.168152738880943,0.1767815126270791,8.991371226253865,9.344934251508022,3
stationary,Thompson_Sampling,prior_lambda=0.1,303,9.18613610359336,0.16323816503344757,9.022897938559913,9.349374268626809,3
stationary,Thompson_Sampling,prior_lambda=0.1,304,9.239040829360656,0.22727970843828324,9.011761120922372,9.46632053779894,3
stationary,Thompson_Sampling,prior_lambda=0.1,305,9.256672106529797,0.21618801171327784,9.040484094816518,9.472860118243075,3
stationary,Thompson_Sampling,prior_lambda=0.1,306,9.266525394228852,0.20841891065635962,9.058106483572493,9.474944304885211,3
stationary,Thompson_Sampling,prior_lambda=0.1,307,9.298813671146776,0.20653664454521264,9.092277026601563,9.50535031569199,3
stationary,Thompson_Sampling,prior_lambda=0.1,308,9.308365307289415,0.20398833513838127,9.104376972151034,9.512353642427797,3
stationary,Thompson_Sampling,prior_lambda=0.1,309,9.320253848606649,0.19391614115185715,9.126337707454791,9.514169989758507,3
stationary,Thompson_Sampling,prior_lambda=0.1,310,9.327179903504977,0.19519196059194568,9.131987942913032,9.522371864096922,3
stationary,Thompson_Sampling,prior_lambda=0.1,311,9.381969376983891,0.1440199714968359,9.237949405487056,9.525989348480726,3
stationary,Thompson_Sampling,prior_lambda=0.1,312,9.40473603610639,0.1428798915660196,9.26185614454037,9.54761592767241,3
stationary,Thompson_Sampling,prior_lambda=0.1,313,9.427147679286849,0.12954346632506986,9.29760421296178,9.556691145611918,3
stationary,Thompson_Sampling,prior_lambda=0.1,314,9.45829838671345,0.16988002023340312,9.288418366480046,9.628178406946853,3
stationary,Thompson_Sampling,prior_lambda=0.1,315,9.468448241345698,0.16502142180663887,9.303426819539059,9.633469663152336,3
stationary,Thompson_Sampling,prior_lambda=0.1,316,9.481399354798704,0.16036682039109065,9.321032534407614,9.641766175189794,3
stationary,Thompson_Sampling,prior_lambda=0.1,317,9.494563891806285,0.16233762650321043,9.332226265303074,9.656901518309496,3
stationary,Thompson_Sampling,prior_lambda=0.1,318,9.5187021339037,0.15640267268623587,9.362299461217464,9.675104806589935,3
stationary,Thompson_Sampling,prior_lambda=0.1,319,9.52922237427758,0.149916476933372,9.379305897344208,9.679138851210952,3
stationary,Thompson_Sampling,prior_lambda=0.1,320,9.530218318891505,0.14944904065502176,9.380769278236484,9.679667359546526,3
stationary,Thompson_Sampling,prior_lambda=0.1,321,9.548487709077529,0.16537423771174356,9.383113471365785,9.713861946789272,3
stationary,Thompson_Sampling,prior_lambda=0.1,322,9.588002565473296,0.2061841402003165,9.38181842527298,9.794186705673612,3
stationary,Thompson_Sampling,prior_lambda=0.1,323,9.589702833325346,0.2089998399213827,9.380702993403963,9.798702673246728,3
stationary,Thompson_Sampling,prior_lambda=0.1,324,9.620341815561382,0.22059052365236728,9.399751291909014,9.840932339213749,3
stationary,Thompson_Sampling,prior_lambda=0.1,325,9.629917156894583,0.22753822333452642,9.402378933560056,9.85745538022911,3
stationary,Thompson_Sampling,prior_lambda=0.1,326,9.654943146806046,0.20950111919235181,9.445442027613694,9.864444265998397,3
stationary,Thompson_Sampling,prior_lambda=0.1,327,9.687738692917142,0.24711369436774247,9.4406249985494,9.934852387284884,3
stationary,Thompson_Sampling,prior_lambda=0.1,328,9.705093282467887,0.24268661779279296,9.462406664675093,9.94777990026068,3
stationary,Thompson_Sampling,prior_lambda=0.1,329,9.739335776125616,0.23934939742781197,9.499986378697804,9.978685173553428,3
stationary,Thompson_Sampling,prior_lambda=0.1,330,9.763010461179846,0.24010818251855776,9.522902278661288,10.003118643698404,3
stationary,Thompson_Sampling,prior_lambda=0.1,331,9.775676342635611,0.24954982612331464,9.526126516512297,10.025226168758925,3
stationary,Thompson_Sampling,prior_lambda=0.1,332,9.785581410603706,0.2618568196404055,9.523724590963301,10.047438230244111,3
stationary,Thompson_Sampling,prior_lambda=0.1,333,9.827742788667383,0.25343955675094915,9.574303231916433,10.081182345418332,3
stationary,Thompson_Sampling,prior_lambda=0.1,334,9.839006086716472,0.2484044420368713,9.5906016446796,10.087410528753344,3
stationary,Thompson_Sampling,prior_lambda=0.1,335,9.852944713277234,0.24829467216234588,9.604650041114887,10.10123938543958,3
stationary,Thompson_Sampling,prior_lambda=0.1,336,9.859828086734561,0.2477177457258368,9.612110341008725,10.107545832460398,3
stationary,Thompson_Sampling,prior_lambda=0.1,337,9.885029340480319,0.24992318568608665,9.635106154794233,10.134952526166405,3
stationary,Thompson_Sampling,prior_lambda=0.1,338,9.90486445081868,0.25914144525628857,9.645723005562392,10.164005896074968,3
stationary,Thompson_Sampling,prior_lambda=0.1,339,9.969431841183841,0.21758973192698933,9.751842109256852,10.18702157311083,3
stationary,Thompson_Sampling,prior_lambda=0.1,340,9.986993468768297,0.2098379858471011,9.777155482921197,10.196831454615397,3
stationary,Thompson_Sampling,prior_lambda=0.1,341,10.004237919768265,0.21628885205912107,9.787949067709144,10.220526771827386,3
stationary,Thompson_Sampling,prior_lambda=0.1,342,10.035309593134455,0.1990201146215647,9.83628947851289,10.23432970775602,3
stationary,Thompson_Sampling,prior_lambda=0.1,343,10.098816581360351,0.20033365706852208,9.898482924291828,10.299150238428874,3
stationary,Thompson_Sampling,prior_lambda=0.1,344,10.108390976703056,0.1985571042194846,9.909833872483572,10.30694808092254,3
stationary,Thompson_Sampling,prior_lambda=0.1,345,10.119949320562139,0.2126744324162425,9.907274888145896,10.332623752978382,3
stationary,Thompson_Sampling,prior_lambda=0.1,346,10.122771718797397,0.2083491859748769,9.91442253282252,10.331120904772273,3
stationary,Thompson_Sampling,prior_lambda=0.1,347,10.132927145443231,0.19803085040190327,9.934896295041328,10.330957995845134,3
stationary,Thompson_Sampling,prior_lambda=0.1,348,10.151905107280852,0.20626380220643972,9.945641305074412,10.358168909487292,3
stationary,Thompson_Sampling,prior_lambda=0.1,349,10.183834773165762,0.20243476303905425,9.981400010126707,10.386269536204816,3
stationary,Thompson_Sampling,prior_lambda=0.1,350,10.2081265726318,0.21852967293383393,9.989596899697966,10.426656245565633,3
stationary,Thompson_Sampling,prior_lambda=0.1,351,10.21987751429856,0.21268938093389145,10.007188133364668,10.432566895232451,3
stationary,Thompson_Sampling,prior_lambda=0.1,352,10.228533905005643,0.2097268203402351,10.018807084665408,10.438260725345877,3
stationary,Thompson_Sampling,prior_lambda=0.1,353,10.232630167409786,0.20438123661047272,10.028248930799313,10.437011404020259,3
stationary,Thompson_Sampling,prior_lambda=0.1,354,10.246569535303244,0.19890936704628742,10.047660168256957,10.445478902349532,3
stationary,Thompson_Sampling,prior_lambda=0.1,355,10.259228583947666,0.20294399652292802,10.056284587424738,10.462172580470593,3
stationary,Thompson_Sampling,prior_lambda=0.1,356,10.27345353983229,0.21115241762114753,10.062301122211144,10.484605957453438,3
stationary,Thompson_Sampling,prior_lambda=0.1,357,10.293358201447079,0.20732528547033363,10.086032915976745,10.500683486917413,3
stationary,Thompson_Sampling,prior_lambda=0.1,358,10.317812358708787,0.23024237417980642,10.087569984528981,10.548054732888593,3
stationary,Thompson_Sampling,prior_lambda=0.1,359,10.331641263828574,0.21704657488190307,10.11459468894667,10.548687838710478,3
stationary,Thompson_Sampling,prior_lambda=0.1,360,10.347136780583034,0.22266081276724778,10.124475967815785,10.569797593350282,3
stationary,Thompson_Sampling,prior_lambda=0.1,361,10.352774494825027,0.21594031134419023,10.136834183480836,10.568714806169218,3
stationary,Thompson_Sampling,prior_lambda=0.1,362,10.363776660842928,0.2244068588369882,10.139369802005941,10.588183519679916,3
stationary,Thompson_Sampling,prior_lambda=0.1,363,10.387461802754506,0.21779581937569364,10.169665983378813,10.6052576221302,3
stationary,Thompson_Sampling,prior_lambda=0.1,364,10.414595656015875,0.21179730586712595,10.202798350148749,10.626392961883,3
stationary,Thompson_Sampling,prior_lambda=0.1,365,10.439943195662371,0.22021220939709096,10.21973098626528,10.660155405059463,3
stationary,Thompson_Sampling,prior_lambda=0.1,366,10.48889763610065,0.21791640627677622,10.270981229823873,10.706814042377426,3
stationary,Thompson_Sampling,prior_lambda=0.1,367,10.503964325156842,0.20864155369585755,10.295322771460985,10.712605878852699,3
stationary,Thompson_Sampling,prior_lambda=0.1,368,10.522430050950211,0.22222094194509312,10.300209109005118,10.744650992895304,3
stationary,Thompson_Sampling,prior_lambda=0.1,369,10.527580832148162,0.2204246895628173,10.307156142585345,10.74800552171098,3
stationary,Thompson_Sampling,prior_lambda=0.1,370,10.550267813931692,0.2347530615511378,10.315514752380555,10.785020875482829,3
stationary,Thompson_Sampling,prior_lambda=0.1,371,10.560773592966749,0.2438995981715718,10.316873994795177,10.80467319113832,3
stationary,Thompson_Sampling,prior_lambda=0.1,372,10.57926117537469,0.23794041212639813,10.34132076324829,10.817201587501089,3
stationary,Thompson_Sampling,prior_lambda=0.1,373,10.599725822299604,0.2464651981236636,10.35326062417594,10.846191020423268,3
stationary,Thompson_Sampling,prior_lambda=0.1,374,10.607398675451444,0.25314508598930946,10.354253589462134,10.860543761440754,3
stationary,Thompson_Sampling,prior_lambda=0.1,375,10.611249190518647,0.2560966949196987,10.355152495598949,10.867345885438345,3
stationary,Thompson_Sampling,prior_lambda=0.1,376,10.63077553711934,0.27293442770497744,10.357841109414363,10.90370996482432,3
stationary,Thompson_Sampling,prior_lambda=0.1,377,10.66094677878604,0.2587323847108037,10.402214394075235,10.919679163496843,3
stationary,Thompson_Sampling,prior_lambda=0.1,378,10.68963669022859,0.27857338453499275,10.411063305693599,10.968210074763583,3
stationary,Thompson_Sampling,prior_lambda=0.1,379,10.729443199751396,0.2825143485751415,10.446928851176255,11.011957548326537,3
stationary,Thompson_Sampling,prior_lambda=0.1,380,10.73822300452349,0.2754923463251263,10.462730658198364,11.013715350848617,3
stationary,Thompson_Sampling,prior_lambda=0.1,381,10.782363496836107,0.2705567976547297,10.511806699181378,11.052920294490836,3
stationary,Thompson_Sampling,prior_lambda=0.1,382,10.782363496836107,0.2705567976547297,10.511806699181378,11.052920294490836,3
stationary,Thompson_Sampling,prior_lambda=0.1,383,10.793153015093923,0.2742153674525423,10.51893764764138,11.067368382546466,3
stationary,Thompson_Sampling,prior_lambda=0.1,384,10.812135407595695,0.2853939542153605,10.526741453380335,11.097529361811056,3
stationary,Thompson_Sampling,prior_lambda=0.1,385,10.83201698972429,0.2681114804643027,10.563905509259987,11.100128470188592,3
stationary,Thompson_Sampling,prior_lambda=0.1,386,10.847425322485996,0.24559670962458385,10.601828612861413,11.09302203211058,3
stationary,Thompson_Sampling,prior_lambda=0.1,387,10.907432538196792,0.23316784791455122,10.674264690282241,11.140600386111343,3
stationary,Thompson_Sampling,prior_lambda=0.1,388,10.932301024062296,0.2531134886167162,10.67918753544558,11.185414512679012,3
stationary,Thompson_Sampling,prior_lambda=0.1,389,10.946067483690891,0.2481790955171131,10.697888388173778,11.194246579208004,3
stationary,Thompson_Sampling,prior_lambda=0.1,390,10.964423185537752,0.2180480985989647,10.746375086938787,11.182471284136717,3
stationary,Thompson_Sampling,prior_lambda=0.1,391,10.974710291182113,0.2140927750397591,10.760617516142354,11.188803066221872,3
stationary,Thompson_Sampling,prior_lambda=0.1,392,11.06077629433507,0.19277453199454575,10.868001762340525,11.253550826329617,3
stationary,Thompson_Sampling,prior_lambda=0.1,393,11.0630673700828,0.1910306873795803,10.87203668270322,11.25409805746238,3
stationary,Thompson_Sampling,prior_lambda=0.1,394,11.102839788705836,0.21841718441637337,10.884422604289462,11.32125697312221,3
stationary,Thompson_Sampling,prior_lambda=0.1,395,11.137184458687143,0.1843638508444573,10.952820607842686,11.3215483095316,3
stationary,Thompson_Sampling,prior_lambda=0.1,396,11.141046663869602,0.18583686885862122,10.955209795010981,11.326883532728223,3
stationary,Thompson_Sampling,prior_lambda=0.1,397,11.148017353549657,0.18840601538060242,10.959611338169054,11.336423368930259,3
stationary,Thompson_Sampling,prior_lambda=0.1,398,11.176964138094563,0.21214476916900707,10.964819368925555,11.389108907263571,3
stationary,Thompson_Sampling,prior_lambda=0.1,399,11.195852367366067,0.231012819276599,10.964839548089468,11.426865186642665,3
stationary,Thompson_Sampling,prior_lambda=0.1,400,11.217252066263995,0.23308372482853326,10.984168341435462,11.45033579109253,3
stationary,Thompson_Sampling,prior_lambda=0.1,401,11.23350977796197,0.2300085050233055,11.003501272938665,11.463518282985275,3
stationary,Thompson_Sampling,prior_lambda=0.1,402,11.238577294693878,0.22576790164636876,11.012809393047508,11.464345196340247,3
stationary,Thompson_Sampling,prior_lambda=0.1,403,11.264447287071505,0.23605410673398394,11.02839318033752,11.50050139380549,3
stationary,Thompson_Sampling,prior_lambda=0.1,404,11.28589317013767,0.2537407146477517,11.03215245548992,11.539633884785422,3
stationary,Thompson_Sampling,prior_lambda=0.1,405,11.291242825299975,0.25687552610407505,11.0343672991959,11.54811835140405,3
stationary,Thompson_Sampling,prior_lambda=0.1,406,11.306191803223323,0.2655072597155513,11.040684543507771,11.571699062938874,3
stationary,Thompson_Sampling,prior_lambda=0.1,407,11.310075914182214,0.2613155097139609,11.048760404468252,11.571391423896175,3
stationary,Thompson_Sampling,prior_lambda=0.1,408,11.335262008751343,0.27511238612508954,11.060149622626254,11.610374394876432,3
stationary,Thompson_Sampling,prior_lambda=0.1,409,11.343637423035256,0.2777105772338707,11.065926845801386,11.621348000269126,3
stationary,Thompson_Sampling,prior_lambda=0.1,410,11.35768591614164,0.2843154252617087,11.073370490879933,11.642001341403349,3
stationary,Thompson_Sampling,prior_lambda=0.1,411,11.37933686877769,0.26627830283194376,11.113058565945746,11.645615171609634,3
stationary,Thompson_Sampling,prior_lambda=0.1,412,11.409049331266155,0.2670488576748595,11.142000473591295,11.676098188941015,3
stationary,Thompson_Sampling,prior_lambda=0.1,413,11.438886038043952,0.30134004103189627,11.137545997012056,11.740226079075848,3
stationary,Thompson_Sampling,prior_lambda=0.1,414,11.446711074017268,0.30431815032737713,11.14239292368989,11.751029224344645,3
stationary,Thompson_Sampling,prior_lambda=0.1,415,11.463100340363136,0.3093188341910447,11.153781506172091,11.77241917455418,3
stationary,Thompson_Sampling,prior_lambda=0.1,416,11.471966540462155,0.3018535665423997,11.170112973919755,11.773820107004555,3
stationary,Thompson_Sampling,prior_lambda=0.1,417,11.484337091464099,0.3143490649063831,11.169988026557716,11.798686156370481,3
stationary,Thompson_Sampling,prior_lambda=0.1,418,11.487891519177706,0.31522964526908437,11.172661873908622,11.803121164446791,3
stationary,Thompson_Sampling,prior_lambda=0.1,419,11.550216845293418,0.2712365889195698,11.278980256373849,11.821453434212987,3
stationary,Thompson_Sampling,prior_lambda=0.1,420,11.571314011881439,0.2615235975174514,11.309790414363988,11.83283760939889,3
stationary,Thompson_Sampling,prior_lambda=0.1,421,11.58203184872635,0.260433537780294,11.321598310946056,11.842465386506644,3
stationary,Thompson_Sampling,prior_lambda=0.1,422,11.613450446923041,0.25101434113387155,11.36243610578917,11.864464788056912,3
stationary,Thompson_Sampling,prior_lambda=0.1,423,11.642162056454055,0.25163726105001777,11.390524795404037,11.893799317504072,3
stationary,Thompson_Sampling,prior_lambda=0.1,424,11.684622583237557,0.25975180617548366,11.424870777062074,11.94437438941304,3
stationary,Thompson_Sampling,prior_lambda=0.1,425,11.71364829538866,0.2608773172871738,11.452770978101487,11.974525612675833,3
stationary,Thompson_Sampling,prior_lambda=0.1,426,11.73841476315985,0.26577296823783575,11.472641794922016,12.004187731397685,3
stationary,Thompson_Sampling,prior_lambda=0.1,427,11.76506926704519,0.23206889654897045,11.53300037049622,11.99713816359416,3
stationary,Thompson_Sampling,prior_lambda=0.1,428,11.807780635904349,0.2927430294445143,11.515037606459835,12.100523665348863,3
stationary,Thompson_Sampling,prior_lambda=0.1,429,11.829150593783064,0.2896964272186671,11.539454166564397,12.11884702100173,3
stationary,Thompson_Sampling,prior_lambda=0.1,430,11.835823655875373,0.2861234385576896,11.549700217317683,12.121947094433063,3
stationary,Thompson_Sampling,prior_lambda=0.1,431,11.85322483115396,0.2841075558144556,11.569117275339504,12.137332386968417,3
stationary,Thompson_Sampling,prior_lambda=0.1,432,11.86334851903932,0.29039248011781094,11.57295603892151,12.153740999157131,3
stationary,Thompson_Sampling,prior_lambda=0.1,433,11.888194629644966,0.27037267872188925,11.617821950923076,12.158567308366855,3
stationary,Thompson_Sampling,prior_lambda=0.1,434,11.894690994105522,0.2634768374943806,11.631214156611142,12.158167831599902,3
stationary,Thompson_Sampling,prior_lambda=0.1,435,11.91196760374208,0.2662925159001528,11.645675087841926,12.178260119642232,3
stationary,Thompson_Sampling,prior_lambda=0.1,436,11.942323429983425,0.2934911849825784,11.648832245000847,12.235814614966003,3
stationary,Thompson_Sampling,prior_lambda=0.1,437,11.956152530926529,0.30620483181547664,11.649947699111053,12.262357362742005,3
stationary,Thompson_Sampling,prior_lambda=0.1,438,11.975893998140686,0.31745492414110343,11.658439073999583,12.293348922281789,3
stationary,Thompson_Sampling,prior_lambda=0.1,439,11.987100266113586,0.317735375827255,11.669364890286332,12.30483564194084,3
stationary,Thompson_Sampling,prior_lambda=0.1,440,11.99686745075651,0.3153901882658368,11.681477262490672,12.312257639022347,3
stationary,Thompson_Sampling,prior_lambda=0.1,441,11.99686745075651,0.3153901882658368,11.681477262490672,12.312257639022347,3
stationary,Thompson_Sampling,prior_lambda=0.1,442,12.014613289799444,0.3274635000619232,11.687149789737521,12.342076789861366,3
stationary,Thompson_Sampling,prior_lambda=0.1,443,12.024841038279652,0.31624309609635093,11.708597942183301,12.341084134376002,3
stationary,Thompson_Sampling,prior_lambda=0.1,444,12.046745403006886,0.3403679735847845,11.706377429422101,12.387113376591671,3
stationary,Thompson_Sampling,prior_lambda=0.1,445,12.051177603877953,0.34284941614011044,11.708328187737843,12.394027020018063,3
stationary,Thompson_Sampling,prior_lambda=0.1,446,12.075169458798657,0.3251562849604509,11.750013173838205,12.400325743759108,3
stationary,Thompson_Sampling,prior_lambda=0.1,447,12.096861374432265,0.3261190003830323,11.770742374049233,12.422980374815298,3
stationary,Thompson_Sampling,prior_lambda=0.1,448,12.129494793481419,0.3558503955601331,11.773644397921286,12.485345189041551,3
stationary,Thompson_Sampling,prior_lambda=0.1,449,12.138066169461261,0.3668839295363078,11.771182239924954,12.504950098997568,3
stationary,Thompson_Sampling,prior_lambda=0.1,450,12.143960838917769,0.3720205840830323,11.771940254834737,12.5159814230008,3
stationary,Thompson_Sampling,prior_lambda=0.1,451,12.169548304195667,0.3662145203831463,11.803333783812521,12.535762824578812,3
stationary,Thompson_Sampling,prior_lambda=0.1,452,12.195754880406776,0.3970774004863879,11.798677479920388,12.592832280893164,3
stationary,Thompson_Sampling,prior_lambda=0.1,453,12.225972829338644,0.38678041930298607,11.839192410035658,12.612753248641631,3
stationary,Thompson_Sampling,prior_lambda=0.1,454,12.242458996025519,0.3852506666733406,11.85720832935218,12.627709662698859,3
stationary,Thompson_Sampling,prior_lambda=0.1,455,12.249767747485455,0.3867297757512242,11.863037971734231,12.63649752323668,3
stationary,Thompson_Sampling,prior_lambda=0.1,456,12.252940218550634,0.38749878380161656,11.865441434749018,12.64043900235225,3
stationary,Thompson_Sampling,prior_lambda=0.1,457,12.264983821513779,0.3827802490033154,11.882203572510463,12.647764070517095,3
stationary,Thompson_Sampling,prior_lambda=0.1,458,12.281109133324847,0.38732763041518387,11.893781502909663,12.668436763740031,3
stationary,Thompson_Sampling,prior_lambda=0.1,459,12.289379689532248,0.38646339378040734,11.902916295751842,12.675843083312655,3
stationary,Thompson_Sampling,prior_lambda=0.1,460,12.308636066572312,0.3952160139480086,11.913420052624303,12.70385208052032,3
stationary,Thompson_Sampling,prior_lambda=0.1,461,12.331721744976923,0.42040972538438925,11.911312019592533,12.752131470361313,3
stationary,Thompson_Sampling,prior_lambda=0.1,462,12.352890269129347,0.4158872576305884,11.937003011498758,12.768777526759935,3
stationary,Thompson_Sampling,prior_lambda=0.1,463,12.355844836116894,0.4196167285125786,11.936228107604316,12.775461564629472,3
stationary,Thompson_Sampling,prior_lambda=0.1,464,12.362176860988905,0.41627756283677714,11.945899298152128,12.778454423825682,3
stationary,Thompson_Sampling,prior_lambda=0.1,465,12.371302863481533,0.41306515115940123,11.958237712322132,12.784368014640934,3
stationary,Thompson_Sampling,prior_lambda=0.1,466,12.378684328759284,0.41806835947665566,11.960615969282628,12.79675268823594,3
stationary,Thompson_Sampling,prior_lambda=0.1,467,12.395146654020001,0.4316901210265958,11.963456532993405,12.826836775046598,3
stationary,Thompson_Sampling,prior_lambda=0.1,468,12.422510226134804,0.41193468721987503,12.01057553891493,12.834444913354679,3
stationary,Thompson_Sampling,prior_lambda=0.1,469,12.44833481701293,0.42634407496715954,12.02199074204577,12.87467889198009,3
stationary,Thompson_Sampling,prior_lambda=0.1,470,12.469896910341133,0.415917077500881,12.053979832840252,12.885813987842013,3
stationary,Thompson_Sampling,prior_lambda=0.1,471,12.475271703505117,0.4141207948010311,12.061150908704086,12.889392498306147,3
stationary,Thompson_Sampling,prior_lambda=0.1,472,12.487772541044235,0.4033699511272353,12.084402589917,12.89114249217147,3
stationary,Thompson_Sampling,prior_lambda=0.1,473,12.510450499281136,0.42025085656486516,12.090199642716271,12.930701355846,3
stationary,Thompson_Sampling,prior_lambda=0.1,474,12.515565562946989,0.4252690401548325,12.090296522792157,12.940834603101822,3
stationary,Thompson_Sampling,prior_lambda=0.1,475,12.551836638507922,0.39275464994999887,12.159081988557922,12.944591288457922,3
stationary,Thompson_Sampling,prior_lambda=0.1,476,12.56405091979014,0.38505664951766716,12.178994270272474,12.949107569307808,3
stationary,Thompson_Sampling,prior_lambda=0.1,477,12.614021656984002,0.33858236055803914,12.275439296425963,12.952604017542042,3
stationary,Thompson_Sampling,prior_lambda=0.1,478,12.620919737675345,0.33110368822350145,12.289816049451844,12.952023425898847,3
stationary,Thompson_Sampling,prior_lambda=0.1,479,12.650236643181595,0.3041102654394566,12.346126377742138,12.954346908621051,3
stationary,Thompson_Sampling,prior_lambda=0.1,480,12.65624519189965,0.2987500335728659,12.357495158326785,12.954995225472516,3
stationary,Thompson_Sampling,prior_lambda=0.1,481,12.66792355059612,0.286826066994764,12.381097483601355,12.954749617590885,3
stationary,Thompson_Sampling,prior_lambda=0.1,482,12.68701459425396,0.2886542338566493,12.39836036039731,12.975668828110608,3
stationary,Thompson_Sampling,prior_lambda=0.1,483,12.703995170401754,0.28620267850794534,12.417792491893808,12.9901978489097,3
stationary,Thompson_Sampling,prior_lambda=0.1,484,12.724283202841873,0.26616135256297196,12.458121850278902,12.990444555404844,3
stationary,Thompson_Sampling,prior_lambda=0.1,485,12.735066203317828,0.2618884624837002,12.473177740834128,12.996954665801528,3
stationary,Thompson_Sampling,prior_lambda=0.1,486,12.768484423546612,0.2881591666481794,12.480325256898432,13.056643590194792,3
stationary,Thompson_Sampling,prior_lambda=0.1,487,12.774764406320353,0.2871055139791751,12.487658892341178,13.061869920299527,3
stationary,Thompson_Sampling,prior_lambda=0.1,488,12.852295598791057,0.2911603087246932,12.561135290066364,13.14345590751575,3
stationary,Thompson_Sampling,prior_lambda=0.1,489,12.858548635871344,0.29736767477564346,12.561180961095701,13.155916310646987,3
stationary,Thompson_Sampling,prior_lambda=0.1,490,12.868170172708444,0.2892500254748495,12.578920147233594,13.157420198183294,3
stationary,Thompson_Sampling,prior_lambda=0.1,491,12.875663143290746,0.2836755842187732,12.591987559071972,13.15933872750952,3
stationary,Thompson_Sampling,prior_lambda=0.1,492,12.886372227182784,0.28176839230864337,12.60460383487414,13.168140619491428,3
stationary,Thompson_Sampling,prior_lambda=0.1,493,12.943974080208575,0.33813025709975764,12.605843823108817,13.282104337308333,3
stationary,Thompson_Sampling,prior_lambda=0.1,494,12.959722064663415,0.345659948395791,12.614062116267624,13.305382013059207,3
stationary,Thompson_Sampling,prior_lambda=0.1,495,12.975250427053192,0.34838727461854707,12.626863152434645,13.323637701671739,3
stationary,Thompson_Sampling,prior_lambda=0.1,496,12.984875631808206,0.34022178952904303,12.644653842279164,13.325097421337249,3
stationary,Thompson_Sampling,prior_lambda=0.1,497,12.993869947079455,0.3366138391039838,12.65725610797547,13.33048378618344,3
stationary,Thompson_Sampling,prior_lambda=0.1,498,13.000496188524563,0.33479097367629196,12.665705214848272,13.335287162200855,3
stationary,Thompson_Sampling,prior_lambda=0.1,499,13.02371699773398,0.3513174658687217,12.672399531865258,13.3750344636027,3
stationary,Thompson_Sampling,prior_lambda=0.1,500,13.053437044560217,0.33076199191497857,12.722675052645238,13.384199036475197,3
stationary,Thompson_Sampling,prior_lambda=0.1,501,13.066239545572877,0.3220060841125959,12.744233461460281,13.388245629685473,3
stationary,Thompson_Sampling,prior_lambda=0.1,502,13.078426803255754,0.32460264143303263,12.75382416182272,13.403029444688787,3
stationary,Thompson_Sampling,prior_lambda=0.1,503,13.097653550728827,0.31834770813836893,12.779305842590459,13.416001258867196,3
stationary,Thompson_Sampling,prior_lambda=0.1,504,13.11530137131011,0.3162856391739218,12.799015732136189,13.431587010484032,3
stationary,Thompson_Sampling,prior_lambda=0.1,505,13.128076008275025,0.3214405789162824,12.806635429358742,13.449516587191308,3
stationary,Thompson_Sampling,prior_lambda=0.1,506,13.142296149355397,0.34306150424694226,12.799234645108456,13.485357653602339,3
stationary,Thompson_Sampling,prior_lambda=0.1,507,13.188478814685704,0.31572650547006265,12.872752309215642,13.504205320155766,3
stationary,Thompson_Sampling,prior_lambda=0.1,508,13.203151373320997,0.299685774281623,12.903465599039375,13.50283714760262,3
stationary,Thompson_Sampling,prior_lambda=0.1,509,13.226119162396072,0.2801815734220313,12.945937588974042,13.506300735818103,3
stationary,Thompson_Sampling,prior_lambda=0.1,510,13.23056447422662,0.282930013913571,12.947634460313049,13.513494488140191,3
stationary,Thompson_Sampling,prior_lambda=0.1,511,13.244221928891315,0.27885711565628885,12.965364813235027,13.523079044547604,3
stationary,Thompson_Sampling,prior_lambda=0.1,512,13.256620042399307,0.26958603020388794,12.98703401219542,13.526206072603195,3
stationary,Thompson_Sampling,prior_lambda=0.1,513,13.265998996083729,0.2622753429655494,13.003723653118179,13.528274339049279,3
stationary,Thompson_Sampling,prior_lambda=0.1,514,13.313622447320718,0.32743988821456166,12.986182559106156,13.64106233553528,3
stationary,Thompson_Sampling,prior_lambda=0.1,515,13.335229240636366,0.32621927635601305,13.009009964280352,13.66144851699238,3
stationary,Thompson_Sampling,prior_lambda=0.1,516,13.34696297409001,0.3183314813610311,13.028631492728978,13.665294455451042,3
stationary,Thompson_Sampling,prior_lambda=0.1,517,13.371711071781704,0.300030466001447,13.071680605780257,13.67174153778315,3
stationary,Thompson_Sampling,prior_lambda=0.1,518,13.384466258281849,0.29505891081437563,13.089407347467473,13.679525169096225,3
stationary,Thompson_Sampling,prior_lambda=0.1,519,13.393415723434677,0.29076567140457305,13.102650052030103,13.68418139483925,3
stationary,Thompson_Sampling,prior_lambda=0.1,520,13.406284615353906,0.28847020079045776,13.117814414563448,13.694754816144364,3
stationary,Thompson_Sampling,prior_lambda=0.1,521,13.435727615041401,0.3048653639649553,13.130862251076445,13.740592979006356,3
stationary,Thompson_Sampling,prior_lambda=0.1,522,13.475425411368983,0.27628936014612815,13.199136051222855,13.751714771515111,3
stationary,Thompson_Sampling,prior_lambda=0.1,523,13.491973397773274,0.2736619447517482,13.218311453021526,13.765635342525021,3
stationary,Thompson_Sampling,prior_lambda=0.1,524,13.503365468280288,0.2692699604605159,13.234095507819772,13.772635428740804,3
stationary,Thompson_Sampling,prior_lambda=0.1,525,13.539346936923094,0.31203487337369057,13.227312063549403,13.851381810296784,3
stationary,Thompson_Sampling,prior_lambda=0.1,526,13.56732763787636,0.2937267369860178,13.273600900890342,13.861054374862379,3
stationary,Thompson_Sampling,prior_lambda=0.1,527,13.592631696614921,0.3020649261905199,13.290566770424402,13.89469662280544,3
stationary,Thompson_Sampling,prior_lambda=0.1,528,13.62060709954494,0.3077277700915968,13.312879329453343,13.928334869636538,3
stationary,Thompson_Sampling,prior_lambda=0.1,529,13.629839564396631,0.32182997603192104,13.30800958836471,13.951669540428552,3
stationary,Thompson_Sampling,prior_lambda=0.1,530,13.645239984570681,0.3195218703784995,13.325718114192181,13.964761854949181,3
stationary,Thompson_Sampling,prior_lambda=0.1,531,13.690280883364158,0.3140261563191479,13.37625472704501,14.004307039683306,3
stationary,Thompson_Sampling,prior_lambda=0.1,532,13.70854741494638,0.31599799872010753,13.392549416226274,14.024545413666488,3
stationary,Thompson_Sampling,prior_lambda=0.1,533,13.716096553413257,0.31464589505228924,13.401450658360968,14.030742448465546,3
stationary,Thompson_Sampling,prior_lambda=0.1,534,13.73411461584436,0.3172542744613945,13.416860341382966,14.051368890305755,3
stationary,Thompson_Sampling,prior_lambda=0.1,535,13.758167437447334,0.3113429444359955,13.446824493011338,14.06951038188333,3
stationary,Thompson_Sampling,prior_lambda=0.1,536,13.764395920238224,0.30925601473543707,13.455139905502786,14.073651934973661,3
stationary,Thompson_Sampling,prior_lambda=0.1,537,13.77753415353888,0.3162957666551079,13.461238386883773,14.093829920193988,3
stationary,Thompson_Sampling,prior_lambda=0.1,538,13.78756382656868,0.30803850480526596,13.479525321763415,14.095602331373946,3
stationary,Thompson_Sampling,prior_lambda=0.1,539,13.801133253432326,0.29585718536761646,13.50527606806471,14.096990438799942,3
stationary,Thompson_Sampling,prior_lambda=0.1,540,13.808126785995027,0.28990238064982987,13.518224405345197,14.098029166644857,3
stationary,Thompson_Sampling,prior_lambda=0.1,541,13.827814700194805,0.2734556096422812,13.554359090552524,14.101270309837087,3
stationary,Thompson_Sampling,prior_lambda=0.1,542,13.84545922906626,0.2971676999294289,13.548291529136831,14.142626928995687,3
stationary,Thompson_Sampling,prior_lambda=0.1,543,13.860057975485361,0.2980764048399145,13.561981570645447,14.158134380325276,3
stationary,Thompson_Sampling,prior_lambda=0.1,544,13.883819774135155,0.29342413865676914,13.590395635478385,14.177243912791925,3
stationary,Thompson_Sampling,prior_lambda=0.1,545,13.896186864217276,0.293280487629791,13.602906376587484,14.189467351847068,3
stationary,Thompson_Sampling,prior_lambda=0.1,546,13.913339885414667,0.28248332427283723,13.63085656114183,14.195823209687504,3
stationary,Thompson_Sampling,prior_lambda=0.1,547,13.93799440880934,0.2786926292393233,13.659301779570017,14.216687038048663,3
stationary,Thompson_Sampling,prior_lambda=0.1,548,13.945370693791249,0.28895130312935113,13.656419390661897,14.2343219969206,3
stationary,Thompson_Sampling,prior_lambda=0.1,549,13.950772904623252,0.28902910802987275,13.66174379659338,14.239802012653124,3
stationary,Thompson_Sampling,prior_lambda=0.1,550,13.960019138424139,0.28158164753080894,13.67843749089333,14.241600785954947,3
stationary,Thompson_Sampling,prior_lambda=0.1,551,14.006203477697197,0.31068971269578294,13.695513765001413,14.31689319039298,3
stationary,Thompson_Sampling,prior_lambda=0.1,552,14.076266859395403,0.3379408177819526,13.738326041613451,14.414207677177355,3
stationary,Thompson_Sampling,prior_lambda=0.1,553,14.081528109355267,0.33723058674482,13.744297522610447,14.418758696100086,3
stationary,Thompson_Sampling,prior_lambda=0.1,554,14.086796406707064,0.3361537322399945,13.75064267446707,14.422950138947058,3
stationary,Thompson_Sampling,prior_lambda=0.1,555,14.097492380054783,0.33567697231594695,13.761815407738837,14.43316935237073,3
stationary,Thompson_Sampling,prior_lambda=0.1,556,14.135822862721811,0.298873676257032,13.83694918646478,14.434696538978843,3
stationary,Thompson_Sampling,prior_lambda=0.1,557,14.145358206394574,0.2893451201207031,13.85601308627387,14.434703326515278,3
stationary,Thompson_Sampling,prior_lambda=0.1,558,14.163173828335244,0.2898633960957755,13.87331043223947,14.45303722443102,3
stationary,Thompson_Sampling,prior_lambda=0.1,559,14.165790648227274,0.2881751864508329,13.877615461776442,14.453965834678106,3
stationary,Thompson_Sampling,prior_lambda=0.1,560,14.19022983902314,0.2840082295209701,13.90622160950217,14.474238068544109,3
stationary,Thompson_Sampling,prior_lambda=0.1,561,14.219837578010697,0.2605848955172521,13.959252682493444,14.48042247352795,3
stationary,Thompson_Sampling,prior_lambda=0.1,562,14.22950521988504,0.27167573439072057,13.957829485494319,14.50118095427576,3
stationary,Thompson_Sampling,prior_lambda=0.1,563,14.230779044894476,0.27377247068991306,13.957006574204563,14.504551515584389,3
stationary,Thompson_Sampling,prior_lambda=0.1,564,14.24412020718128,0.2823700464799112,13.961750160701369,14.526490253661192,3
stationary,Thompson_Sampling,prior_lambda=0.1,565,14.258462637110062,0.28335857990513497,13.975104057204927,14.541821217015197,3
stationary,Thompson_Sampling,prior_lambda=0.1,566,14.279314292426221,0.2757623931254809,14.00355189930074,14.555076685551702,3
stationary,Thompson_Sampling,prior_lambda=0.1,567,14.329912407571776,0.23778436162895847,14.092128045942816,14.567696769200735,3
stationary,Thompson_Sampling,prior_lambda=0.1,568,14.331949462958624,0.2412271689263573,14.090722294032267,14.573176631884982,3
stationary,Thompson_Sampling,prior_lambda=0.1,569,14.341145255737686,0.2452043374201628,14.095940918317524,14.586349593157848,3
stationary,Thompson_Sampling,prior_lambda=0.1,570,14.397562408476963,0.2556522146668932,14.14191019381007,14.653214623143857,3
stationary,Thompson_Sampling,prior_lambda=0.1,571,14.418957814021661,0.26628163786833925,14.152676176153323,14.68523945189,3
stationary,Thompson_Sampling,prior_lambda=0.1,572,14.427521317049909,0.25966396392654534,14.167857353123363,14.687185280976454,3
stationary,Thompson_Sampling,prior_lambda=0.1,573,14.452465765631851,0.2584256169585171,14.194040148673334,14.710891382590368,3
stationary,Thompson_Sampling,prior_lambda=0.1,574,14.474823000074652,0.24722133468299043,14.227601665391662,14.722044334757642,3
stationary,Thompson_Sampling,prior_lambda=0.1,575,14.484588143932179,0.2641331672870821,14.220454976645097,14.74872131121926,3
stationary,Thompson_Sampling,prior_lambda=0.1,576,14.497509852697883,0.2618317361918049,14.235678116506078,14.759341588889688,3
stationary,Thompson_Sampling,prior_lambda=0.1,577,14.506700844705554,0.2597975185587543,14.2469033261468,14.766498363264308,3
stationary,Thompson_Sampling,prior_lambda=0.1,578,14.509209557217742,0.2580025606396277,14.251206996578114,14.76721211785737,3
stationary,Thompson_Sampling,prior_lambda=0.1,579,14.519431009613195,0.27106807673639427,14.2483629328768,14.79049908634959,3
stationary,Thompson_Sampling,prior_lambda=0.1,580,14.55154242645334,0.2715603199665992,14.27998210648674,14.82310274641994,3
stationary,Thompson_Sampling,prior_lambda=0.1,581,14.58039627633456,0.305447205513332,14.274949070821227,14.88584348184789,3
stationary,Thompson_Sampling,prior_lambda=0.1,582,14.60555348479207,0.31264378054109404,14.292909704250976,14.918197265333164,3
stationary,Thompson_Sampling,prior_lambda=0.1,583,14.640425929514045,0.2866782154738233,14.353747714040221,14.927104144987869,3
stationary,Thompson_Sampling,prior_lambda=0.1,584,14.642998816690723,0.2844927471934085,14.358506069497315,14.92749156388413,3
stationary,Thompson_Sampling,prior_lambda=0.1,585,14.681286711330344,0.33145464406516195,14.349832067265183,15.012741355395505,3
stationary,Thompson_Sampling,prior_lambda=0.1,586,14.704628915104728,0.3372395567414669,14.36738935836326,15.041868471846195,3
stationary,Thompson_Sampling,prior_lambda=0.1,587,14.728659942561201,0.31870133379676113,14.40995860876444,15.047361276357963,3
stationary,Thompson_Sampling,prior_lambda=0.1,588,14.756374526432035,0.3044996283912976,14.451874898040737,15.060874154823333,3
stationary,Thompson_Sampling,prior_lambda=0.1,589,14.766611374589695,0.31549795001250336,14.451113424577192,15.082109324602198,3
stationary,Thompson_Sampling,prior_lambda=0.1,590,14.778948330044988,0.31454957847921206,14.464398751565776,15.093497908524201,3
stationary,Thompson_Sampling,prior_lambda=0.1,591,14.798146832608372,0.31011353034513073,14.488033302263242,15.108260362953503,3
stationary,Thompson_Sampling,prior_lambda=0.1,592,14.817000485730363,0.3410695084832272,14.475930977247135,15.15806999421359,3
stationary,Thompson_Sampling,prior_lambda=0.1,593,14.827743707663409,0.3405174851406,14.487226222522809,15.168261192804009,3
stationary,Thompson_Sampling,prior_lambda=0.1,594,14.857389938940637,0.32048416169173805,14.536905777248899,15.177874100632375,3
stationary,Thompson_Sampling,prior_lambda=0.1,595,14.870360675138755,0.31053631132238074,14.559824363816375,15.180896986461136,3
stationary,Thompson_Sampling,prior_lambda=0.1,596,14.884352900372777,0.3005877929778301,14.583765107394948,15.184940693350606,3
stationary,Thompson_Sampling,prior_lambda=0.1,597,14.888987621849678,0.30450192748075877,14.584485694368919,15.193489549330437,3
stationary,Thompson_Sampling,prior_lambda=0.1,598,14.903825846791753,0.3126069454095211,14.59121890138223,15.216432792201275,3
stationary,Thompson_Sampling,prior_lambda=0.1,599,14.92557627785285,0.28951875236109914,14.63605752549175,15.215095030213948,3
stationary,UCB,default,0,0.14422293676659834,0.01677874346278907,0.12744419330380927,0.1610016802293874,3
stationary,UCB,default,1,0.17506209932937855,0.01632801102672652,0.15873408830265204,0.19139011035610506,3
stationary,UCB,default,2,0.2603594798558107,0.04838427107158315,0.21197520878422754,0.30874375092739387,3
stationary,UCB,default,3,0.2684788596560263,0.0545378225538917,0.2139410371021346,0.323016682209918,3
stationary,UCB,default,4,0.31099603174940676,0.039523670702483325,0.27147236104692346,0.35051970245189007,3
stationary,UCB,default,5,0.3124338579033635,0.03925671003037378,0.2731771478729897,0.35169056793373726,3
stationary,UCB,default,6,0.31762373763844387,0.039819387471326906,0.27780435016711696,0.3574431251097708,3
stationary,UCB,default,7,0.35195729593056035,0.047384378954526435,0.30457291697603395,0.39934167488508676,3
stationary,UCB,default,8,0.37629219145736625,0.055507372019954114,0.32078481943741216,0.43179956347732035,3
stationary,UCB,default,9,0.3972830273771318,0.06948703897782164,0.3277959883993101,0.46677006635495344,3
stationary,UCB,default,10,0.4194710619565953,0.07881461384420348,0.3406564481123918,0.49828567580079874,3
stationary,UCB,default,11,0.44387957382067283,0.0897811415464357,0.35409843227423715,0.5336607153671086,3
stationary,UCB,default,12,0.44872851483470805,0.08628082959799299,0.36244768523671506,0.5350093444327011,3
stationary,UCB,default,13,0.4602466013633,0.09096550087591344,0.36928110048738655,0.5512121022392135,3
stationary,UCB,default,14,0.47507391916538966,0.10340203366561042,0.37167188549977925,0.5784759528310001,3
stationary,UCB,default,15,0.4955443795328216,0.1056661224367166,0.389878257096105,0.6012105019695382,3
stationary,UCB,default,16,0.5032523538155583,0.11186290256219522,0.3913894512533631,0.6151152563777535,3
stationary,UCB,default,17,0.5484056697183954,0.13190507938236393,0.4165005903360315,0.6803107491007594,3
stationary,UCB,default,18,0.562328926989273,0.12855912586533588,0.43376980112393704,0.6908880528546089,3
stationary,UCB,default,19,0.5972075912700286,0.1212689456400319,0.47593864562999677,0.7184765369100605,3
stationary,UCB,default,20,0.6129368201419776,0.11936764460157112,0.49356917554040647,0.7323044647435487,3
stationary,UCB,default,21,0.6569786107429295,0.10472196428646557,0.552256646456464,0.761700575029395,3
stationary,UCB,default,22,0.7166901407836844,0.10258473837748337,0.614105402406201,0.8192748791611678,3
stationary,UCB,default,23,0.8452576244667226,0.11174829043768088,0.7335093340290417,0.9570059149044035,3
stationary,UCB,default,24,0.852118267012789,0.11567111295463811,0.736447154058151,0.9677893799674271,3
stationary,UCB,default,25,0.8554144023160442,0.11631165523316382,0.7391027470828804,0.9717260575492079,3
stationary,UCB,default,26,0.8643892810818103,0.11983907481677372,0.7445502062650367,0.984228355898584,3
stationary,UCB,default,27,0.8783896934238108,0.12325504164342284,0.755134651780388,1.0016447350672337,3
stationary,UCB,default,28,0.8931882573052907,0.11842049189719987,0.7747677654080909,1.0116087492024906,3
stationary,UCB,default,29,0.9150699527996601,0.1264536223459977,0.7886163304536624,1.0415235751456577,3
stationary,UCB,default,30,0.9520223421707614,0.12837620604814654,0.8236461361226148,1.080398548218908,3
stationary,UCB,default,31,0.9722164441195097,0.1392842125728458,0.8329322315466638,1.1115006566923555,3
stationary,UCB,default,32,1.0124516186482961,0.14877923775865223,0.8636723808896439,1.1612308564069485,3
stationary,UCB,default,33,1.0550404126325843,0.14388016711606028,0.911160245516524,1.1989205797486446,3
stationary,UCB,default,34,1.1385828057934617,0.159102404871362,0.9794804009220996,1.2976852106648238,3
stationary,UCB,default,35,1.2760590890585863,0.13671818852008497,1.1393409005385013,1.4127772775786713,3
stationary,UCB,default,36,1.2773527572040482,0.1352987181251473,1.142054039078901,1.4126514753291954,3
stationary,UCB,default,37,1.2837067948698888,0.13740921690168342,1.1462975779682054,1.4211160117715722,3
stationary,UCB,default,38,1.297212215904427,0.14423178172902743,1.1529804341753995,1.4414439976334545,3
stationary,UCB,default,39,1.3080395221696373,0.1416459827661173,1.1663935394035199,1.4496855049357547,3
stationary,UCB,default,40,1.3217272595971061,0.1434855161867483,1.1782417434103578,1.4652127757838544,3
stationary,UCB,default,41,1.341225523387178,0.14195766701426002,1.199267856372918,1.4831831904014379,3
stationary,UCB,default,42,1.3575745362810945,0.14646090694010452,1.2111136293409899,1.504035443221199,3
stationary,UCB,default,43,1.4124685843461018,0.12102545897969463,1.2914431253664072,1.5334940433257964,3
stationary,UCB,default,44,1.4497141790502084,0.12241649302244888,1.3272976860277594,1.5721306720726573,3
stationary,UCB,default,45,1.4671275760043976,0.14025387920362045,1.326873696800777,1.6073814552080181,3
stationary,UCB,default,46,1.5304541490494075,0.14412844379162154,1.386325705257786,1.674582592841029,3
stationary,UCB,default,47,1.6703912112155839,0.13662490886462003,1.5337663023509638,1.807016120080204,3
stationary,UCB,default,48,1.672794010057298,0.13443542356682253,1.5383585864904754,1.8072294336241206,3
stationary,UCB,default,49,1.6958287190923997,0.11509226894313905,1.5807364501492607,1.8109209880355388,3
stationary,UCB,default,50,1.7242233898705657,0.1599392369380217,1.564284152932544,1.8841626268085874,3
stationary,UCB,default,51,1.7346674826561923,0.15230054831620427,1.582366934339988,1.8869680309723966,3
stationary,UCB,default,52,1.7512393658032224,0.14359584902142478,1.6076435167817975,1.8948352148246472,3
stationary,UCB,default,53,1.7579841885079006,0.13848495423910473,1.619499234268796,1.8964691427470053,3
stationary,UCB,default,54,1.797374557292715,0.1574561464305998,1.6399184108621152,1.9548307037233146,3
stationary,UCB,default,55,1.822939728161079,0.16010440765713152,1.6628353205039477,1.9830441358182105,3
stationary,UCB,default,56,1.847464866380135,0.16123845097685793,1.6862264154032771,2.008703317356993,3
stationary,UCB,default,57,1.8733737517163824,0.1552469199394635,1.718126831776919,2.0286206716558457,3
stationary,UCB,default,58,1.9490445620479495,0.11943544450984686,1.8296091175381026,2.068480006557796,3
stationary,UCB,default,59,2.0771177990259586,0.12632965862689002,1.9507881403990686,2.2034474576528487,3
stationary,UCB,default,60,2.0835885367432394,0.12595757769165591,1.9576309590515835,2.2095461144348953,3
stationary,UCB,default,61,2.0948652953033244,0.13214135010374395,1.9627239451995804,2.2270066454070685,3
stationary,UCB,default,62,2.1140259812052826,0.12380898684810206,1.9902169943571806,2.237834968053385,3
stationary,UCB,default,63,2.12744338765847,0.13080822300352757,1.9966351646549425,2.258251610661998,3
stationary,UCB,default,64,2.1421908683456947,0.13928893432743533,2.0029019340182592,2.28147980267313,3
stationary,UCB,default,65,2.1710218779102437,0.1310900145665348,2.0399318633437087,2.3021118924767787,3
stationary,UCB,default,66,2.191992161965454,0.1438153589531306,2.048176803012323,2.3358075209185847,3
stationary,UCB,default,67,2.2322607567002066,0.12018053117607895,2.1120802255241276,2.3524412878762857,3
stationary,UCB,default,68,2.273597100240736,0.12494900474358216,2.148648095497154,2.3985461049843178,3
stationary,UCB,default,69,2.3308429126606693,0.10700644737461058,2.223836465286059,2.4378493600352797,3
stationary,UCB,default,70,2.397930208418128,0.10706106214557283,2.2908691462725552,2.504991270563701,3
stationary,UCB,default,71,2.404675934104229,0.10269646175595476,2.3019794723482745,2.507372395860184,3
stationary,UCB,default,72,2.4208135343679205,0.10759942714263791,2.3132141072252828,2.528412961510558,3
stationary,UCB,default,73,2.4731189336848862,0.18005235145306903,2.293066582231817,2.6531712851379554,3
stationary,UCB,default,74,2.480716283201313,0.17623183132628406,2.3044844518750294,2.656948114527597,3
stationary,UCB,default,75,2.5185320994870537,0.17716122587552985,2.341370873611524,2.6956933253625834,3
stationary,UCB,default,76,2.5276674674714488,0.1708424716469104,2.3568249958245384,2.698509939118359,3
stationary,UCB,default,77,2.585559959873432,0.11643739874426592,2.469122561129166,2.7019973586176977,3
stationary,UCB,default,78,2.602450682432185,0.11845523718318687,2.4839954452489983,2.720905919615372,3
stationary,UCB,default,79,2.638357163416522,0.12118387820494626,2.517173285211576,2.7595410416214685,3
stationary,UCB,default,80,2.685973945080019,0.1152420390162341,2.5707319060637848,2.801215984096253,3
stationary,UCB,default,81,2.723063963689049,0.12345776824069525,2.5996061954483536,2.846521731929744,3
stationary,UCB,default,82,2.794747487166902,0.11926297256994055,2.6754845145969615,2.9140104597368426,3
stationary,UCB,default,83,2.8025987318041934,0.11646512684968288,2.6861336049545104,2.9190638586538764,3
stationary,UCB,default,84,2.8046458161659964,0.11715707916554026,2.6874887370004563,2.9218028953315365,3
stationary,UCB,default,85,2.8190266952975573,0.12045831861351337,2.698568376684044,2.939485013911071,3
stationary,UCB,default,86,2.83611262897757,0.10999311262483087,2.726119516352739,2.946105741602401,3
stationary,UCB,default,87,2.854557968316289,0.12286213528163803,2.7316958330346512,2.977420103597927,3
stationary,UCB,default,88,2.8666444749149673,0.12862958203247674,2.738014892882491,2.995274056947444,3
stationary,UCB,default,89,2.882216360487274,0.12311074474966986,2.759105615737604,3.005327105236944,3
stationary,UCB,default,90,2.929905924096506,0.10984830969610633,2.8200576144003997,3.0397542337926127,3
stationary,UCB,default,91,3.013620751123107,0.10107262213301775,2.912548128990089,3.1146933732561246,3
stationary,UCB,default,92,3.0913111330043073,0.141677287580434,2.949633845423873,3.2329884205847415,3
stationary,UCB,default,93,3.121115946467567,0.14074339226123378,2.9803725542063333,3.261859338728801,3
stationary,UCB,default,94,3.216061012802509,0.1563376059859645,3.0597234068165444,3.372398618788474,3
stationary,UCB,default,95,3.226820957533418,0.14872798107123766,3.0780929764621803,3.3755489386046555,3
stationary,UCB,default,96,3.2415007948148555,0.14550409511681467,3.095996699698041,3.3870048899316703,3
stationary,UCB,default,97,3.2611209253217073,0.1316391705432797,3.1294817547784275,3.392760095864987,3
stationary,UCB,default,98,3.2753173570002616,0.1340220921340971,3.1412952648661645,3.4093394491343587,3
stationary,UCB,default,99,3.290552433165576,0.13574660792648904,3.1548058252390874,3.426299041092065,3
stationary,UCB,default,100,3.301929046454697,0.1436051346142358,3.158323911840461,3.4455341810689326,3
stationary,UCB,default,101,3.3441196050372337,0.12952476172428665,3.214594843312947,3.4736443667615204,3
stationary,UCB,default,102,3.397098441886263,0.11509172707770428,3.2820067148085585,3.512190168963967,3
stationary,UCB,default,103,3.4569557716459123,0.0923664696090029,3.3645893020369093,3.5493222412549152,3
stationary,UCB,default,104,3.5107399805697406,0.11170150710923066,3.39903847346051,3.6224414876789712,3
stationary,UCB,default,105,3.648889594134348,0.05236462993666435,3.5965249641976835,3.7012542240710125,3
stationary,UCB,default,106,3.652795462688504,0.04953094295320675,3.6032645197352973,3.702326405641711,3
stationary,UCB,default,107,3.656922188133169,0.046650641925497574,3.610271546207671,3.7035728300586666,3
stationary,UCB,default,108,3.678347644996118,0.04773910348250806,3.63060854151361,3.7260867484786258,3
stationary,UCB,default,109,3.718759925377769,0.011589386219548348,3.707170539158221,3.730349311597317,3
stationary,UCB,default,110,3.7550134313540373,0.06417839580183375,3.6908350355522037,3.819191827155871,3
stationary,UCB,default,111,3.776577586493991,0.06813347738580476,3.708444109108186,3.8447110638797954,3
stationary,UCB,default,112,3.7939126163136123,0.05373887041927461,3.740173745894338,3.847651486732887,3
stationary,UCB,default,113,3.8162543031695844,0.06608623567093484,3.7501680674986497,3.882340538840519,3
stationary,UCB,default,114,3.854375156121884,0.07185112656988718,3.782524029551997,3.926226282691771,3
stationary,UCB,default,115,3.892606655594761,0.04236330080614366,3.8502433547886175,3.9349699564009044,3
stationary,UCB,default,116,3.9402608998714346,0.024700477971354936,3.9155604219000795,3.9649613778427897,3
stationary,UCB,default,117,3.9414030624276886,0.023496987858051224,3.9179060745696375,3.9649000502857397,3
stationary,UCB,default,118,4.016846806017217,0.07513874475921584,3.9417080612580007,4.091985550776433,3
stationary,UCB,default,119,4.0288089646734075,0.0582173102157216,3.970591654457686,4.087026274889129,3
stationary,UCB,default,120,4.0313244419406,0.058987695407162005,3.972336746533438,4.0903121373477624,3
stationary,UCB,default,121,4.06340072788631,0.04006145159858228,4.023339276287728,4.103462179484892,3
stationary,UCB,default,122,4.077434426825485,0.037686178541799446,4.039748248283686,4.115120605367284,3
stationary,UCB,default,123,4.106880728027892,0.031267079762203526,4.075613648265688,4.138147807790095,3
stationary,UCB,default,124,4.189252461327757,0.05573654367795891,4.133515917649798,4.244989005005716,3
stationary,UCB,default,125,4.235421425921964,0.012165709565802776,4.223255716356161,4.247587135487767,3
stationary,UCB,default,126,4.257480105456199,0.02283408732300569,4.234646018133193,4.280314192779204,3
stationary,UCB,default,127,4.288107725606289,0.02125201065080989,4.266855714955479,4.309359736257099,3
stationary,UCB,default,128,4.311744571774086,0.060411787847446156,4.25133278392664,4.372156359621532,3
stationary,UCB,default,129,4.334550953138186,0.04334240372638947,4.291208549411797,4.3778933568645755,3
stationary,UCB,default,130,4.337525988939505,0.04375074727200281,4.293775241667502,4.3812767362115075,3
stationary,UCB,default,131,4.346359289144234,0.0498338191513833,4.296525469992851,4.396193108295618,3
stationary,UCB,default,132,4.356200924787415,0.043322856453430564,4.312878068333984,4.399523781240846,3
stationary,UCB,default,133,4.423934543214037,0.09692502918827832,4.327009514025759,4.5208595724023155,3
stationary,UCB,default,134,4.484096129823218,0.10326742376007644,4.3808287060631415,4.587363553583295,3
stationary,UCB,default,135,4.503725223175473,0.10897243026460918,4.394752792910864,4.612697653440082,3
stationary,UCB,default,136,4.5107032541337,0.10483590179702515,4.405867352336675,4.615539155930725,3
stationary,UCB,default,137,4.576894784142705,0.07800907278799568,4.498885711354709,4.654903856930701,3
stationary,UCB,default,138,4.659725606009535,0.13671731958559005,4.523008286423945,4.796442925595125,3
stationary,UCB,default,139,4.6841460236319135,0.12818676186871955,4.555959261763194,4.812332785500633,3
stationary,UCB,default,140,4.709304814954276,0.08633314200246085,4.622971672951815,4.795637956956737,3
stationary,UCB,default,141,4.7587428057209,0.11928206485426844,4.639460740866631,4.878024870575168,3
stationary,UCB,default,142,4.76696861551265,0.11685761969947464,4.650110995813176,4.8838262352121244,3
stationary,UCB,default,143,4.774080623052578,0.12341003074121186,4.650670592311366,4.89749065379379,3
stationary,UCB,default,144,4.795789242692603,0.10688297638135029,4.688906266311252,4.902672219073954,3
stationary,UCB,default,145,4.821716435900007,0.12047599840964189,4.701240437490365,4.942192434309649,3
stationary,UCB,default,146,4.842899148998288,0.12650429381200223,4.716394855186286,4.9694034428102904,3
stationary,UCB,default,147,4.891484279770338,0.09997281101404423,4.791511468756293,4.991457090784382,3
stationary,UCB,default,148,4.923802736526912,0.11663723960732245,4.807165496919589,5.040439976134234,3
stationary,UCB,default,149,5.02333008530028,0.14268032314436552,4.880649762155914,5.166010408444646,3
stationary,UCB,default,150,5.085046508289139,0.09631372988737287,4.988732778401766,5.181360238176512,3
stationary,UCB,default,151,5.1144936418415154,0.119192465537821,4.995301176303695,5.233686107379336,3
stationary,UCB,default,152,5.116514414226985,0.12155970058023875,4.994954713646746,5.238074114807223,3
stationary,UCB,default,153,5.1496304575724325,0.14433106482945354,5.005299392742979,5.293961522401886,3
stationary,UCB,default,154,5.159805583144359,0.1378401667198361,5.021965416424523,5.297645749864195,3
stationary,UCB,default,155,5.193037115909992,0.12202347624436294,5.07101363966563,5.315060592154355,3
stationary,UCB,default,156,5.2083877128570375,0.11585113613799464,5.092536576719043,5.324238848995032,3
stationary,UCB,default,157,5.230648192062201,0.11645868243206708,5.114189509630134,5.347106874494268,3
stationary,UCB,default,158,5.24980081987081,0.10091314619059653,5.148887673680213,5.350713966061407,3
stationary,UCB,default,159,5.2787166584611755,0.09954253965937883,5.179174118801797,5.3782591981205545,3
stationary,UCB,default,160,5.316599425320455,0.0700598481008851,5.24653957721957,5.3866592734213405,3
stationary,UCB,default,161,5.337060702739078,0.09000304547365236,5.247057657265425,5.42706374821273,3
stationary,UCB,default,162,5.341923546388223,0.09746475897726822,5.244458787410955,5.439388305365491,3
stationary,UCB,default,163,5.396710531774606,0.09163249428072104,5.305078037493885,5.488343026055327,3
stationary,UCB,default,164,5.418961302573959,0.06834125444081762,5.350620048133141,5.487302557014777,3
stationary,UCB,default,165,5.505424709853155,0.13087009542940095,5.3745546144237535,5.636294805282556,3
stationary,UCB,default,166,5.515611609213768,0.13255294028869027,5.383058668925078,5.648164549502458,3
stationary,UCB,default,167,5.5523969442327905,0.10276713632192962,5.449629807910861,5.65516408055472,3
stationary,UCB,default,168,5.648549506756367,0.0977302967757948,5.550819209980572,5.746279803532161,3
stationary,UCB,default,169,5.658128228983725,0.1072848803632761,5.5508433486204485,5.765413109347001,3
stationary,UCB,default,170,5.682844476044938,0.09862900374921159,5.5842154722957265,5.781473479794149,3
stationary,UCB,default,171,5.711200093464842,0.11422306609284769,5.596977027371994,5.8254231595576895,3
stationary,UCB,default,172,5.747017373620718,0.07703294944008277,5.669984424180635,5.824050323060801,3
stationary,UCB,default,173,5.756538701190883,0.07716543660681642,5.679373264584067,5.8337041377976995,3
stationary,UCB,default,174,5.778075757085509,0.09472363329146123,5.683352123794048,5.87279939037697,3
stationary,UCB,default,175,5.7855840696739165,0.09012334370072586,5.695460725973191,5.875707413374642,3
stationary,UCB,default,176,5.80272266283909,0.07839179297226831,5.724330869866822,5.881114455811359,3
stationary,UCB,default,177,5.833559301061346,0.05461323568173369,5.778946065379612,5.888172536743079,3
stationary,UCB,default,178,5.850100582806523,0.0543004575525476,5.795800125253976,5.904401040359071,3
stationary,UCB,default,179,5.922856886237807,0.029278200004644876,5.8935786862331625,5.952135086242452,3
stationary,UCB,default,180,5.945986669448186,0.02052595668507138,5.9254607127631145,5.966512626133258,3
stationary,UCB,default,181,6.0248052923108375,0.052973143241791795,5.971832149069046,6.077778435552629,3
stationary,UCB,default,182,6.048809620597552,0.051874361231789234,5.996935259365763,6.1006839818293415,3
stationary,UCB,default,183,6.106769332123865,0.034206986241269936,6.072562345882595,6.140976318365135,3
stationary,UCB,default,184,6.1312272428384835,0.05833584602184262,6.072891396816641,6.189563088860326,3
stationary,UCB,default,185,6.145671180398071,0.06183986229850661,6.0838313180995645,6.207511042696577,3
stationary,UCB,default,186,6.155654130064512,0.05213583021973302,6.1035182998447794,6.207789960284245,3
stationary,UCB,default,187,6.19376723398042,0.0594924723808724,6.134274761599547,6.253259706361293,3
stationary,UCB,default,188,6.198903239877296,0.05735627475561389,6.141546965121682,6.2562595146329105,3
stationary,UCB,default,189,6.210425559321355,0.05459695836283042,6.155828600958525,6.265022517684185,3
stationary,UCB,default,190,6.249408318054619,0.06556688199874927,6.18384143605587,6.314975200053368,3
stationary,UCB,default,191,6.283175623021403,0.07032809453677012,6.212847528484633,6.353503717558174,3
stationary,UCB,default,192,6.311131581075249,0.057613021062370345,6.253518560012878,6.368744602137619,3
stationary,UCB,default,193,6.331144631554426,0.053399010491734455,6.277745621062691,6.38454364204616,3
stationary,UCB,default,194,6.390390916474509,0.06747566160778765,6.322915254866721,6.457866578082297,3
stationary,UCB,default,195,6.410827426286962,0.07650176159913338,6.334325664687828,6.487329187886095,3
stationary,UCB,default,196,6.480012540636902,0.08395277539861949,6.396059765238283,6.563965316035521,3
stationary,UCB,default,197,6.525282511399316,0.03970528822586322,6.485577223173452,6.564987799625179,3
stationary,UCB,default,198,6.592149988440959,0.07477212660321947,6.51737786183774,6.666922115044179,3
stationary,UCB,default,199,6.6105746704396635,0.07027489408194706,6.540299776357717,6.68084956452161,3
stationary,UCB,default,200,6.623310433927948,0.05549264720377759,6.56781778672417,6.678803081131726,3
stationary,UCB,default,201,6.646964744118011,0.041805695465290275,6.605159048652721,6.688770439583301,3
stationary,UCB,default,202,6.679919410087403,0.017252974991763592,6.662666435095639,6.697172385079167,3
stationary,UCB,default,203,6.696269071543564,0.015330366919648182,6.680938704623916,6.711599438463212,3
stationary,UCB,default,204,6.719055657036063,0.02260608366622902,6.696449573369834,6.741661740702292,3
stationary,UCB,default,205,6.779548568801476,0.03501386832266205,6.744534700478814,6.814562437124138,3
stationary,UCB,default,206,6.804830505488233,0.042396054273852235,6.762434451214381,6.847226559762086,3
stationary,UCB,default,207,6.808078576913991,0.04250215296977011,6.765576423944221,6.850580729883761,3
stationary,UCB,default,208,6.84639100402057,0.04255745102789177,6.803833552992678,6.888948455048462,3
stationary,UCB,default,209,6.856724854141771,0.04560596409673255,6.811118890045039,6.902330818238504,3
stationary,UCB,default,210,6.884238536509294,0.024291426962000647,6.859947109547293,6.908529963471294,3
stationary,UCB,default,211,6.908740990791682,0.019854888598088986,6.888886102193593,6.928595879389771,3
stationary,UCB,default,212,6.952540314835339,0.04189174393569187,6.910648570899647,6.994432058771031,3
stationary,UCB,default,213,6.984345134209904,0.04826979802357067,6.936075336186334,7.032614932233474,3
stationary,UCB,default,214,6.995510441193173,0.048414623244666576,6.947095817948506,7.04392506443784,3
stationary,UCB,default,215,7.067811853251286,0.039939422532760505,7.027872430718526,7.107751275784047,3
stationary,UCB,default,216,7.0798011934745135,0.039086331555189584,7.040714861919324,7.118887525029703,3
stationary,UCB,default,217,7.084862207455148,0.037041369037818225,7.04782083841733,7.121903576492967,3
stationary,UCB,default,218,7.099231635062594,0.02839326818929469,7.070838366873299,7.127624903251889,3
stationary,UCB,default,219,7.111554213853754,0.013977287821741652,7.097576926032013,7.125531501675495,3
stationary,UCB,default,220,7.152545241942591,0.025549467927832265,7.126995774014759,7.1780947098704235,3
stationary,UCB,default,221,7.156142261557353,0.02829023835867954,7.127852023198673,7.184432499916032,3
stationary,UCB,default,222,7.186187963040318,0.029167421929764133,7.157020541110554,7.215355384970082,3
stationary,UCB,default,223,7.219743633723873,0.052622589983322345,7.167121043740551,7.272366223707195,3
stationary,UCB,default,224,7.296018506767031,0.0617125722662904,7.234305934500741,7.3577310790333215,3
stationary,UCB,default,225,7.321870624546604,0.08366150273994113,7.238209121806663,7.405532127286546,3
stationary,UCB,default,226,7.327778268619059,0.07914993661432239,7.248628332004737,7.406928205233381,3
stationary,UCB,default,227,7.344044817673862,0.07558481014291754,7.268460007530945,7.4196296278167795,3
stationary,UCB,default,228,7.364249637078262,0.04626489371365802,7.317984743364605,7.41051453079192,3
stationary,UCB,default,229,7.426844281505097,0.11685402094986108,7.309990260555235,7.543698302454958,3
stationary,UCB,default,230,7.460345176845653,0.08172623889905722,7.378618937946595,7.542071415744711,3
stationary,UCB,default,231,7.487578822620304,0.07627957385157502,7.41129924876873,7.563858396471879,3
stationary,UCB,default,232,7.493637743506315,0.07520125847809489,7.41843648502822,7.56883900198441,3
stationary,UCB,default,233,7.543922229115548,0.09182805448052536,7.452094174635023,7.6357502835960736,3
stationary,UCB,default,234,7.5692391000476915,0.09061498141185069,7.478624118635841,7.659854081459542,3
stationary,UCB,default,235,7.5818383029044725,0.08303336786837899,7.498804935036094,7.664871670772851,3
stationary,UCB,default,236,7.641511307162044,0.13411651845471453,7.507394788707329,7.775627825616758,3
stationary,UCB,default,237,7.65170749893554,0.14006688227822287,7.511640616657317,7.791774381213763,3
stationary,UCB,default,238,7.683878230110321,0.1158696415364175,7.568008588573903,7.799747871646739,3
stationary,UCB,default,239,7.703891339462971,0.11835450732420981,7.585536832138762,7.8222458467871805,3
stationary,UCB,default,240,7.709204726058561,0.11817099303656302,7.591033733021998,7.827375719095125,3
stationary,UCB,default,241,7.74339686191644,0.0993570047867391,7.644039857129701,7.8427538667031795,3
stationary,UCB,default,242,7.7613538691454265,0.1049285678399955,7.656425301305431,7.866282436985422,3
stationary,UCB,default,243,7.769911095321532,0.10324448255133763,7.666666612770194,7.873155577872869,3
stationary,UCB,default,244,7.819063370901788,0.10776881942122223,7.711294551480566,7.926832190323011,3
stationary,UCB,default,245,7.8791541704606916,0.14767658516586507,7.731477585294827,8.026830755626557,3
stationary,UCB,default,246,7.933912836522907,0.11536371563554644,7.8185491208873605,8.049276552158453,3
stationary,UCB,default,247,8.012799284008592,0.11224143484598213,7.90055784916261,8.125040718854574,3
stationary,UCB,default,248,8.041282331949565,0.12743244237629292,7.913849889573273,8.168714774325858,3
stationary,UCB,default,249,8.062084000926218,0.12449665810993134,7.937587342816286,8.18658065903615,3
stationary,UCB,default,250,8.08645477548267,0.13487952403680287,7.951575251445867,8.221334299519473,3
stationary,UCB,default,251,8.130045003712246,0.08459640432690059,8.045448599385345,8.214641408039146,3
stationary,UCB,default,252,8.15409217449964,0.0790258234763904,8.07506635102325,8.23311799797603,3
stationary,UCB,default,253,8.17111403025247,0.056015466064325524,8.115098564188145,8.227129496316795,3
stationary,UCB,default,254,8.214566881872434,0.06343240612555887,8.151134475746876,8.277999287997993,3
stationary,UCB,default,255,8.240923811075355,0.0446091680682699,8.196314643007085,8.285532979143625,3
stationary,UCB,default,256,8.272548898628221,0.03609550651878102,8.236453392109441,8.308644405147001,3
stationary,UCB,default,257,8.297943049549204,0.04668426812931207,8.251258781419892,8.344627317678516,3
stationary,UCB,default,258,8.325729329692718,0.06408736255011271,8.261641967142605,8.389816692242832,3
stationary,UCB,default,259,8.346233574522936,0.07722739328518557,8.26900618123775,8.423460967808122,3
stationary,UCB,default,260,8.405950032330878,0.14483693534275247,8.261113096988126,8.55078696767363,3
stationary,UCB,default,261,8.413439048566888,0.14499210111288646,8.268446947454,8.558431149679775,3
stationary,UCB,default,262,8.445640970157546,0.11371402773443132,8.331926942423115,8.559354997891978,3
stationary,UCB,default,263,8.449940965951114,0.11060254234714921,8.339338423603966,8.560543508298263,3
stationary,UCB,default,264,8.460492157106424,0.10523056516752757,8.355261591938897,8.565722722273952,3
stationary,UCB,default,265,8.50687926559788,0.13408163570935017,8.37279762988853,8.64096090130723,3
stationary,UCB,default,266,8.554658124569714,0.11535812948531328,8.4392999950844,8.670016254055028,3
stationary,UCB,default,267,8.612736951422397,0.11574089144216095,8.496996059980235,8.728477842864558,3
stationary,UCB,default,268,8.625593779041388,0.11547721194603482,8.510116567095354,8.741070990987422,3
stationary,UCB,default,269,8.665991785949826,0.12142427767868112,8.544567508271145,8.787416063628507,3
stationary,UCB,default,270,8.690455884045248,0.1312458651434371,8.55921001890181,8.821701749188685,3
stationary,UCB,default,271,8.70276048076867,0.12121294763824003,8.581547533130431,8.82397342840691,3
stationary,UCB,default,272,8.722894568784364,0.111859978524196,8.611034590260168,8.83475454730856,3
stationary,UCB,default,273,8.747560681495983,0.1345924757735134,8.61296820572247,8.882153157269496,3
stationary,UCB,default,274,8.76200161949353,0.1271063445377625,8.634895274955767,8.889107964031293,3
stationary,UCB,default,275,8.778653400018461,0.10099016306335358,8.677663236955107,8.879643563081816,3
stationary,UCB,default,276,8.818960081971221,0.06873264000764988,8.750227441963572,8.88769272197887,3
stationary,UCB,default,277,8.829060633928151,0.0714097674016367,8.757650866526514,8.900470401329788,3
stationary,UCB,default,278,8.862821347183214,0.08071341213709446,8.78210793504612,8.943534759320308,3
stationary,UCB,default,279,8.950099443942024,0.09727087416326066,8.852828569778763,9.047370318105285,3
stationary,UCB,default,280,8.969191583196713,0.0884257776789711,8.880765805517742,9.057617360875684,3
stationary,UCB,default,281,8.98215229799183,0.08404080899200692,8.898111488999822,9.066193106983837,3
stationary,UCB,default,282,8.986423255153246,0.0874964811814668,8.89892677397178,9.073919736334712,3
stationary,UCB,default,283,9.013306770024288,0.09637366337197596,8.916933106652312,9.109680433396264,3
stationary,UCB,default,284,9.029094912931576,0.10675132253229187,8.922343590399285,9.135846235463868,3
stationary,UCB,default,285,9.033908028227158,0.09841812953228087,8.935489898694877,9.132326157759438,3
stationary,UCB,default,286,9.064387687911863,0.09994664033814334,8.96444104757372,9.164334328250005,3
stationary,UCB,default,287,9.106724892334887,0.1450387660403115,8.961686126294575,9.251763658375198,3
stationary,UCB,default,288,9.125784397511438,0.13990405568364064,8.985880341827798,9.265688453195079,3
stationary,UCB,default,289,9.14909250478822,0.12759982303841377,9.021492681749805,9.276692327826634,3
stationary,UCB,default,290,9.152621491833202,0.13094828580687332,9.021673206026328,9.283569777640075,3
stationary,UCB,default,291,9.181131697497744,0.15796482252630512,9.023166874971439,9.339096520024048,3
stationary,UCB,default,292,9.187105244338452,0.16426528319900865,9.022839961139443,9.351370527537462,3
stationary,UCB,default,293,9.232298132644644,0.11830062801095881,9.113997504633685,9.350598760655602,3
stationary,UCB,default,294,9.242908914917969,0.10324734204287037,9.139661572875099,9.346156256960839,3
stationary,UCB,default,295,9.260612596624343,0.11678228270509623,9.143830313919247,9.377394879329438,3
stationary,UCB,default,296,9.329209621131389,0.13914064235637913,9.19006897877501,9.468350263487768,3
stationary,UCB,default,297,9.34630273467071,0.1341731119497522,9.212129622720958,9.480475846620461,3
stationary,UCB,default,298,9.363726628450115,0.131420826938291,9.232305801511824,9.495147455388405,3
stationary,UCB,default,299,9.438603645216862,0.1379754712323778,9.300628173984483,9.57657911644924,3
stationary,UCB,default,300,9.47165006112452,0.1496765571667832,9.321973503957736,9.621326618291302,3
stationary,UCB,default,301,9.495846867591789,0.1733590396755541,9.322487827916234,9.669205907267344,3
stationary,UCB,default,302,9.518903396943303,0.15105960428939563,9.367843792653908,9.669963001232698,3
stationary,UCB,default,303,9.540311474065652,0.1403610420047801,9.399950432060871,9.680672516070432,3
stationary,UCB,default,304,9.561654435575308,0.14399035971399296,9.417664075861316,9.7056447952893,3
stationary,UCB,default,305,9.566245344035636,0.1482811303147904,9.417964213720845,9.714526474350427,3
stationary,UCB,default,306,9.58816583898957,0.15194499269186915,9.4362208462977,9.740110831681438,3
stationary,UCB,default,307,9.61878487867676,0.1772887891110722,9.441496089565687,9.796073667787832,3
stationary,UCB,default,308,9.66620778901955,0.1264991788689439,9.539708610150607,9.792706967888494,3
stationary,UCB,default,309,9.716360693329646,0.07722415204530492,9.63913654128434,9.793584845374951,3
stationary,UCB,default,310,9.762753815218188,0.06821149647336865,9.69454231874482,9.830965311691557,3
stationary,UCB,default,311,9.791201460435323,0.08352182074205228,9.707679639693271,9.874723281177374,3
stationary,UCB,default,312,9.810743495612096,0.09710324159374888,9.713640254018348,9.907846737205844,3
stationary,UCB,default,313,9.828193302958173,0.11246083893529149,9.715732464022881,9.940654141893464,3
stationary,UCB,default,314,9.872307213877585,0.10888037566747802,9.763426838210107,9.981187589545064,3
stationary,UCB,default,315,9.879411479747302,0.10107527064473464,9.778336209102568,9.980486750392037,3
stationary,UCB,default,316,9.906068716779743,0.093700676964531,9.812368039815212,9.999769393744273,3
stationary,UCB,default,317,9.923657405585624,0.08081327809700319,9.842844127488622,10.004470683682626,3
stationary,UCB,default,318,9.973366813433428,0.10429294021822841,9.8690738732152,10.077659753651655,3
stationary,UCB,default,319,10.029805188389167,0.10429328199578755,9.92551190639338,10.134098470384954,3
stationary,UCB,default,320,10.096268053198516,0.15238407460749764,9.943883978591018,10.248652127806015,3
stationary,UCB,default,321,10.109788669709753,0.16447201413433113,9.945316655575422,10.274260683844084,3
stationary,UCB,default,322,10.113516665820088,0.16208415887889305,9.951432506941195,10.27560082469898,3
stationary,UCB,default,323,10.14138509103985,0.1547839930351448,9.986601098004707,10.296169084074995,3
stationary,UCB,default,324,10.180300495906865,0.1691033220600743,10.01119717384679,10.34940381796694,3
stationary,UCB,default,325,10.244905110815345,0.1567967698104576,10.088108341004888,10.401701880625803,3
stationary,UCB,default,326,10.260908026437308,0.1734367758675164,10.087471250569791,10.434344802304825,3
stationary,UCB,default,327,10.277185119143587,0.1677112889254306,10.109473830218157,10.444896408069017,3
stationary,UCB,default,328,10.288972884727826,0.15521789638676708,10.133754988341058,10.444190781114594,3
stationary,UCB,default,329,10.310439086119287,0.1556294976951664,10.15480958842412,10.466068583814453,3
stationary,UCB,default,330,10.332491010067276,0.1538788231700208,10.178612186897254,10.486369833237298,3
stationary,UCB,default,331,10.358584724427992,0.14611838141338462,10.212466343014608,10.504703105841376,3
stationary,UCB,default,332,10.377388249103916,0.1557149893703732,10.221673259733542,10.53310323847429,3
stationary,UCB,default,333,10.416321168521252,0.17179900856311253,10.244522159958139,10.588120177084365,3
stationary,UCB,default,334,10.473365214523374,0.20688279339714333,10.26648242112623,10.680248007920518,3
stationary,UCB,default,335,10.491405621224438,0.21468043552399813,10.276725185700439,10.706086056748436,3
stationary,UCB,default,336,10.504602991869382,0.20233631563581428,10.302266676233566,10.706939307505197,3
stationary,UCB,default,337,10.57882778897628,0.17093818912992184,10.407889599846358,10.749765978106202,3
stationary,UCB,default,338,10.594346884007308,0.16059820135169264,10.433748682655615,10.754945085359001,3
stationary,UCB,default,339,10.594801100068118,0.1598170137905431,10.434984086277575,10.75461811385866,3
stationary,UCB,default,340,10.683335612554353,0.19296032016941242,10.490375292384941,10.876295932723766,3
stationary,UCB,default,341,10.700280319256876,0.18326738078285035,10.517012938474027,10.883547700039726,3
stationary,UCB,default,342,10.727793396226872,0.1737809742340022,10.55401242199287,10.901574370460875,3
stationary,UCB,default,343,10.823014856031081,0.2170754594862535,10.605939396544828,11.040090315517334,3
stationary,UCB,default,344,10.830998536100855,0.21760081375456633,10.613397722346289,11.048599349855422,3
stationary,UCB,default,345,10.843225361989921,0.22268495978475003,10.62054040220517,11.065910321774671,3
stationary,UCB,default,346,10.848734983051719,0.2199644968548488,10.62877048619687,11.068699479906567,3
stationary,UCB,default,347,10.860399643532588,0.2200369713220658,10.640362672210522,11.080436614854655,3
stationary,UCB,default,348,10.874355559457184,0.21910808143064386,10.65524747802654,11.093463640887828,3
stationary,UCB,default,349,10.89055586762773,0.20986936260393718,10.680686505023793,11.100425230231668,3
stationary,UCB,default,350,10.922421776151173,0.2378373746895091,10.684584401461665,11.160259150840682,3
stationary,UCB,default,351,10.963791895596446,0.25698068535557866,10.706811210240867,11.220772580952024,3
stationary,UCB,default,352,11.036383796010595,0.24506722108873466,10.79131657492186,11.28145101709933,3
stationary,UCB,default,353,11.088436151986818,0.18874556370679627,10.899690588280022,11.277181715693613,3
stationary,UCB,default,354,11.103593309669222,0.19489801018215935,10.908695299487063,11.298491319851381,3
stationary,UCB,default,355,11.13119866159728,0.18184351636394488,10.949355145233335,11.313042177961224,3
stationary,UCB,default,356,11.147132256209611,0.19420935956260724,10.952922896647003,11.341341615772219,3
stationary,UCB,default,357,11.177951345368387,0.22137881998085276,10.956572525387534,11.39933016534924,3
stationary,UCB,default,358,11.204181654714697,0.2067265800840792,10.997455074630617,11.410908234798777,3
stationary,UCB,default,359,11.219978042157194,0.2223118385006755,10.997666203656518,11.44228988065787,3
stationary,UCB,default,360,11.226065247248153,0.22895822360759704,10.997107023640556,11.45502347085575,3
stationary,UCB,default,361,11.245546920301576,0.23964942760797417,11.005897492693602,11.48519634790955,3
stationary,UCB,default,362,11.269853481277456,0.2585979354134561,11.011255545864,11.528451416690913,3
stationary,UCB,default,363,11.31420150371675,0.2962554095963941,11.017946094120356,11.610456913313145,3
stationary,UCB,default,364,11.316799102621216,0.2986849663291297,11.018114136292086,11.615484068950346,3
stationary,UCB,default,365,11.367385994380141,0.30927057015128456,11.058115424228857,11.676656564531426,3
stationary,UCB,default,366,11.41812012157046,0.3386604792081182,11.079459642362343,11.756780600778578,3
stationary,UCB,default,367,11.444927709753024,0.3540452696515716,11.090882440101453,11.798972979404596,3
stationary,UCB,default,368,11.489042978119718,0.3352063655457445,11.153836612573974,11.824249343665462,3
stationary,UCB,default,369,11.508240645989403,0.34517488624604126,11.163065759743361,11.853415532235445,3
stationary,UCB,default,370,11.524295969369058,0.34867261577815273,11.175623353590906,11.87296858514721,3
stationary,UCB,default,371,11.576393311501143,0.35698266585712585,11.219410645644016,11.933375977358269,3
stationary,UCB,default,372,11.586409508008558,0.3540616670676506,11.232347840940907,11.940471175076208,3
stationary,UCB,default,373,11.656923140210388,0.24673723540222298,11.410185904808165,11.903660375612612,3
stationary,UCB,default,374,11.661140677515379,0.25022382283273487,11.410916854682643,11.911364500348114,3
stationary,UCB,default,375,11.66211365019287,0.2509982471621682,11.411115403030701,11.913111897355039,3
stationary,UCB,default,376,11.705905630140839,0.2724076993195973,11.433497930821241,11.978313329460436,3
stationary,UCB,default,377,11.731562832514081,0.2851188665667549,11.446443965947326,12.016681699080836,3
stationary,UCB,default,378,11.757674199955503,0.286187225350696,11.471486974604806,12.043861425306199,3
stationary,UCB,default,379,11.771871526014982,0.2757889045911472,11.496082621423835,12.047660430606129,3
stationary,UCB,default,380,11.803086375356036,0.2927497239437346,11.510336651412302,12.09583609929977,3
stationary,UCB,default,381,11.83323004367909,0.30318915991316964,11.530040883765919,12.13641920359226,3
stationary,UCB,default,382,11.88686887808639,0.3381718803555188,11.54869699773087,12.225040758441908,3
stationary,UCB,default,383,11.89930249742824,0.33955600094055244,11.559746496487687,12.238858498368792,3
stationary,UCB,default,384,11.929000611416269,0.32735191899362365,11.601648692422645,12.256352530409893,3
stationary,UCB,default,385,11.938001877734346,0.3347829619662721,11.603218915768073,12.272784839700618,3
stationary,UCB,default,386,11.967662288738152,0.3260068327796364,11.641655455958515,12.29366912151779,3
stationary,UCB,default,387,12.024905937085135,0.3414499077465528,11.683456029338583,12.366355844831688,3
stationary,UCB,default,388,12.068083474881645,0.38284556365661604,11.685237911225029,12.450929038538261,3
stationary,UCB,default,389,12.082998346863398,0.3818210775618135,11.701177269301585,12.464819424425212,3
stationary,UCB,default,390,12.11562015144058,0.3892310730684853,11.726389078372096,12.504851224509066,3
stationary,UCB,default,391,12.120459052998816,0.3916303219659292,11.728828731032888,12.512089374964745,3
stationary,UCB,default,392,12.142212895192513,0.39902455831726047,11.743188336875253,12.541237453509773,3
stationary,UCB,default,393,12.191881084332957,0.3150966042943499,11.876784480038607,12.506977688627307,3
stationary,UCB,default,394,12.208725496610002,0.3272269957840995,11.881498500825902,12.535952492394102,3
stationary,UCB,default,395,12.255799012624122,0.30728643560216107,11.94851257702196,12.563085448226284,3
stationary,UCB,default,396,12.272373071473679,0.3006598252677469,11.971713246205931,12.573032896741426,3
stationary,UCB,default,397,12.275785484610699,0.2997271135153858,11.976058371095313,12.575512598126085,3
stationary,UCB,default,398,12.291447446022739,0.30588537965326895,11.98556206636947,12.597332825676007,3
stationary,UCB,default,399,12.348387109949828,0.35961533046242894,11.988771779487399,12.708002440412256,3
stationary,UCB,default,400,12.37005064531725,0.34366899635443293,12.026381648962817,12.713719641671682,3
stationary,UCB,default,401,12.382116797704272,0.35616216133677886,12.025954636367494,12.73827895904105,3
stationary,UCB,default,402,12.420243219864913,0.3872931503146765,12.032950069550237,12.807536370179589,3
stationary,UCB,default,403,12.441292104203397,0.3876738343141367,12.05361826988926,12.828965938517534,3
stationary,UCB,default,404,12.47106330381459,0.37080601749209136,12.100257286322499,12.841869321306682,3
stationary,UCB,default,405,12.49661087206305,0.3625677947549514,12.134043077308098,12.859178666818002,3
stationary,UCB,default,406,12.552460201897352,0.40205750608819774,12.150402695809154,12.95451770798555,3
stationary,UCB,default,407,12.591188986064758,0.43559448634878173,12.155594499715976,13.02678347241354,3
stationary,UCB,default,408,12.664475654115007,0.4356451677852057,12.228830486329802,13.100120821900212,3
stationary,UCB,default,409,12.689268787862849,0.44656866361977154,12.242700124243077,13.13583745148262,3
stationary,UCB,default,410,12.702606411584341,0.45109335964804337,12.251513051936298,13.153699771232384,3
stationary,UCB,default,411,12.737425834688727,0.4062226917661542,12.331203142922572,13.143648526454882,3
stationary,UCB,default,412,12.750696478426617,0.38904486664876464,12.361651611777852,13.139741345075382,3
stationary,UCB,default,413,12.782601018141152,0.3696708501131283,12.412930168028025,13.15227186825428,3
stationary,UCB,default,414,12.813205383010107,0.38870675258272225,12.424498630427385,13.20191213559283,3
stationary,UCB,default,415,12.834096277692199,0.3857579291119495,12.448338348580249,13.219854206804149,3
stationary,UCB,default,416,12.866777159186507,0.4098297719196424,12.456947387266863,13.27660693110615,3
stationary,UCB,default,417,12.925107078917032,0.44520410661803883,12.479902972298992,13.370311185535071,3
stationary,UCB,default,418,12.943011222822776,0.4347172835860518,12.508293939236724,13.377728506408827,3
stationary,UCB,default,419,12.9499303978857,0.4324349297738968,12.517495468111802,13.382365327659597,3
stationary,UCB,default,420,12.959802023601078,0.42568170786543275,12.534120315735645,13.385483731466511,3
stationary,UCB,default,421,12.981735841930496,0.44972634987362203,12.532009492056874,13.431462191804117,3
stationary,UCB,default,422,13.015834656390576,0.47646864817883905,12.539366008211736,13.492303304569415,3
stationary,UCB,default,423,13.079945824063556,0.46138876435091586,12.61855705971264,13.541334588414472,3
stationary,UCB,default,424,13.141638623668888,0.463142660154412,12.678495963514475,13.6047812838233,3
stationary,UCB,default,425,13.166014444498236,0.4459982567561871,12.720016187742049,13.612012701254423,3
stationary,UCB,default,426,13.177531657710086,0.4377510324841366,12.739780625225949,13.615282690194222,3
stationary,UCB,default,427,13.194932374018661,0.4418047380246727,12.75312763599399,13.636737112043333,3
stationary,UCB,default,428,13.263166928026147,0.3598562079646045,12.903310720061542,13.623023135990751,3
stationary,UCB,default,429,13.27900044560519,0.3474630616312567,12.931537383973934,13.626463507236446,3
stationary,UCB,default,430,13.317759949725518,0.3595321875161589,12.95822776220936,13.677292137241677,3
stationary,UCB,default,431,13.333241134318152,0.36923180847682585,12.964009325841326,13.702472942794978,3
stationary,UCB,default,432,13.37310283804956,0.4060950446191967,12.967007793430364,13.779197882668756,3
stationary,UCB,default,433,13.403521453835177,0.4325350310723403,12.970986422762836,13.836056484907518,3
stationary,UCB,default,434,13.419336955853652,0.4312154359427077,12.988121519910944,13.85055239179636,3
stationary,UCB,default,435,13.475004639883524,0.4849918278657086,12.990012812017815,13.959996467749233,3
stationary,UCB,default,436,13.487615364005201,0.4909994865951274,12.996615877410074,13.978614850600328,3
stationary,UCB,default,437,13.523821391076462,0.49642269892509566,13.027398692151365,14.020244090001558,3
stationary,UCB,default,438,13.54998300794476,0.5146578918815246,13.035325116063236,14.064640899826285,3
stationary,UCB,default,439,13.587376519778907,0.47970217223103656,13.10767434754787,14.067078692009943,3
stationary,UCB,default,440,13.611110499242855,0.44370412602478737,13.167406373218068,14.054814625267642,3
stationary,UCB,default,441,13.630823947468146,0.43119536012511417,13.199628587343032,14.06201930759326,3
stationary,UCB,default,442,13.649102248416698,0.4508614257471874,13.198240822669511,14.099963674163885,3
stationary,UCB,default,443,13.681210260995693,0.459219731719824,13.22199052927587,14.140429992715516,3
stationary,UCB,default,444,13.743057991654936,0.4903363088510142,13.252721682803923,14.23339430050595,3
stationary,UCB,default,445,13.756297663592294,0.4978163357516331,13.258481327840661,14.254113999343927,3
stationary,UCB,default,446,13.803264386162853,0.43240448846107576,13.370859897701777,14.23566887462393,3
stationary,UCB,default,447,13.829867060804192,0.4321789453983404,13.397688115405852,14.262046006202532,3
stationary,UCB,default,448,13.851812306009782,0.43168130556635126,13.42013100044343,14.283493611576134,3
stationary,UCB,default,449,13.871502236099538,0.4360362212786041,13.435466014820934,14.307538457378142,3
stationary,UCB,default,450,13.8853555679023,0.4435064748384549,13.441849093063846,14.328862042740754,3
stationary,UCB,default,451,13.909553819765172,0.458234488822185,13.451319330942987,14.367788308587357,3
stationary,UCB,default,452,13.969294317200905,0.41380736823894637,13.555486948961958,14.383101685439852,3
stationary,UCB,default,453,13.991327088327141,0.40396414188860286,13.587362946438539,14.395291230215744,3
stationary,UCB,default,454,14.015867034167618,0.3639025974827264,13.651964436684892,14.379769631650344,3
stationary,UCB,default,455,14.065135795313987,0.4098121037703464,13.655323691543641,14.474947899084333,3
stationary,UCB,default,456,14.092209777684511,0.42172108906778366,13.670488688616727,14.513930866752295,3
stationary,UCB,default,457,14.106262735633301,0.41493636666894645,13.691326368964354,14.521199102302248,3
stationary,UCB,default,458,14.13195328708955,0.4239623331340233,13.707990953955527,14.555915620223573,3
stationary,UCB,default,459,14.146462315543042,0.42341837885387773,13.723043936689164,14.56988069439692,3
stationary,UCB,default,460,14.183545513776453,0.4383709380293238,13.745174575747129,14.621916451805777,3
stationary,UCB,default,461,14.225048314363834,0.4320255576281186,13.793022756735715,14.657073871991953,3
stationary,UCB,default,462,14.234179956929538,0.43747384102121867,13.796706115908318,14.671653797950757,3
stationary,UCB,default,463,14.248385089516377,0.4476257547922438,13.800759334724134,14.69601084430862,3
stationary,UCB,default,464,14.26635679808301,0.4495748817243176,13.816781916358693,14.715931679807326,3
stationary,UCB,default,465,14.332633720503841,0.4229737263197961,13.909659994184045,14.755607446823637,3
stationary,UCB,default,466,14.357381236846885,0.4333071194236265,13.92407411742326,14.790688356270511,3
stationary,UCB,default,467,14.379905977462913,0.43703066813751207,13.942875309325402,14.816936645600425,3
stationary,UCB,default,468,14.402939283144738,0.40522047554812507,13.997718807596613,14.808159758692863,3
stationary,UCB,default,469,14.428480903582049,0.3941766668542139,14.034304236727834,14.822657570436263,3
stationary,UCB,default,470,14.450715010078122,0.40225308806448923,14.048461922013633,14.852968098142611,3
stationary,UCB,default,471,14.482706763102518,0.3657300578660429,14.116976705236475,14.848436820968562,3
stationary,UCB,default,472,14.55773999838464,0.4146397829714301,14.14310021541321,14.972379781356072,3
stationary,UCB,default,473,14.601464486589487,0.43665002560482896,14.164814460984658,15.038114512194316,3
stationary,UCB,default,474,14.608291982400367,0.43617375648805295,14.172118225912314,15.04446573888842,3
stationary,UCB,default,475,14.625079850678924,0.45664325321594756,14.168436597462977,15.081723103894872,3
stationary,UCB,default,476,14.6515637643693,0.48508892804573844,14.16647483632356,15.136652692415039,3
stationary,UCB,default,477,14.702901051096404,0.4917697040402426,14.211131347056162,15.194670755136647,3
stationary,UCB,default,478,14.728800280880249,0.4979946974642567,14.230805583415991,15.226794978344506,3
stationary,UCB,default,479,14.738781296331107,0.48597062662426826,14.252810669706838,15.224751922955376,3
stationary,UCB,default,480,14.769439155852256,0.4839768176318611,14.285462338220395,15.253415973484117,3
stationary,UCB,default,481,14.847167048337285,0.49357088405701965,14.353596164280265,15.340737932394305,3
stationary,UCB,default,482,14.89395910422323,0.4232222773913516,14.470736826831878,15.317181381614581,3
stationary,UCB,default,483,14.898839014778519,0.41866144715858533,14.480177567619933,15.317500461937104,3
stationary,UCB,default,484,14.911366076670681,0.4253293572927593,14.486036719377923,15.33669543396344,3
stationary,UCB,default,485,14.935160102209233,0.38733178958868497,14.547828312620547,15.322491891797918,3
stationary,UCB,default,486,14.980384997286867,0.42474879624713496,14.555636201039732,15.405133793534002,3
stationary,UCB,default,487,14.995222029786461,0.4354673704850609,14.559754659301401,15.430689400271522,3
stationary,UCB,default,488,15.009453676777747,0.43823328914164567,14.571220387636101,15.447686965919393,3
stationary,UCB,default,489,15.047862440421882,0.44118990693617055,14.606672533485712,15.489052347358053,3
stationary,UCB,default,490,15.064687541005839,0.4464204015086334,14.618267139497204,15.511107942514473,3
stationary,UCB,default,491,15.087616826057912,0.4597409044260446,14.627875921631867,15.547357730483958,3
stationary,UCB,default,492,15.11813722347604,0.4638101504373891,14.654327073038651,15.58194737391343,3
stationary,UCB,default,493,15.140366940868809,0.46886835448931624,14.671498586379492,15.609235295358125,3
stationary,UCB,default,494,15.229921374580535,0.5376659651702801,14.692255409410254,15.767587339750815,3
stationary,UCB,default,495,15.254934630288558,0.525034494481369,14.729900135807188,15.779969124769927,3
stationary,UCB,default,496,15.261109693752564,0.5207774942264466,14.740332199526117,15.781887187979011,3
stationary,UCB,default,497,15.263619882657409,0.5220219009408769,14.741597981716533,15.785641783598285,3
stationary,UCB,default,498,15.283964145869225,0.5131543492678943,14.77080979660133,15.79711849513712,3
stationary,UCB,default,499,15.310989865097774,0.5197631193373582,14.791226745760415,15.830752984435133,3
stationary,UCB,default,500,15.35542251238153,0.4489181265723091,14.906504385809221,15.804340638953839,3
stationary,UCB,default,501,15.408492960182562,0.4809322574894574,14.927560702693105,15.889425217672018,3
stationary,UCB,default,502,15.422845694008226,0.49476576491396235,14.928079929094263,15.917611458922188,3
stationary,UCB,default,503,15.433511683010108,0.4825549782678849,14.950956704742223,15.916066661277993,3
stationary,UCB,default,504,15.494224028225881,0.5108242091938369,14.983399819032044,16.005048237419718,3
stationary,UCB,default,505,15.532022633127882,0.4951845197719255,15.036838113355957,16.02720715289981,3
stationary,UCB,default,506,15.548136326972598,0.5129140227328675,15.035222304239731,16.061050349705464,3
stationary,UCB,default,507,15.611383882765955,0.5402756985580082,15.071108184207947,16.151659581323962,3
stationary,UCB,default,508,15.625832464655476,0.5488527690793727,15.076979695576103,16.17468523373485,3
stationary,UCB,default,509,15.657634318853468,0.5371827636180488,15.12045155523542,16.194817082471516,3
stationary,UCB,default,510,15.662333177407731,0.534650839506296,15.127682337901435,16.196984016914026,3
stationary,UCB,default,511,15.681429561811749,0.5446387188834085,15.13679084292834,16.226068280695156,3
stationary,UCB,default,512,15.720363995432566,0.5405018613175747,15.179862134114991,16.26086585675014,3
stationary,UCB,default,513,15.753499213037843,0.5639469761736801,15.189552236864163,16.317446189211523,3
stationary,UCB,default,514,15.772342718284463,0.5575579648064287,15.214784753478034,16.32990068309089,3
stationary,UCB,default,515,15.801204333406481,0.5518029670585154,15.249401366347966,16.353007300464995,3
stationary,UCB,default,516,15.816616291114542,0.5512386268597843,15.265377664254757,16.367854917974327,3
stationary,UCB,default,517,15.826791122218664,0.548423028144582,15.278368094074082,16.375214150363245,3
stationary,UCB,default,518,15.865654769436588,0.5855844300248287,15.28007033941176,16.451239199461416,3
stationary,UCB,default,519,15.915091031972247,0.5214412059785412,15.393649825993705,16.43653223795079,3
stationary,UCB,default,520,15.928696464814768,0.5310384281472839,15.397658036667485,16.459734892962054,3
stationary,UCB,default,521,15.97315042936509,0.5216729240239962,15.451477505341094,16.494823353389087,3
stationary,UCB,default,522,16.054747296204795,0.5376737544699742,15.51707354173482,16.59242105067477,3
stationary,UCB,default,523,16.100991611175605,0.5232341422220143,15.57775746895359,16.62422575339762,3
stationary,UCB,default,524,16.110249447293928,0.5215749305834063,15.58867451671052,16.631824377877333,3
stationary,UCB,default,525,16.125146865373882,0.5015852281674412,15.623561637206441,16.626732093541325,3
stationary,UCB,default,526,16.158836626845005,0.5256689134587202,15.633167713386285,16.684505540303725,3
stationary,UCB,default,527,16.174522655241432,0.5351250487865251,15.639397606454907,16.709647704027958,3
stationary,UCB,default,528,16.18209021351971,0.5407133491186631,15.641376864401048,16.722803562638376,3
stationary,UCB,default,529,16.20383981941151,0.5377200596940155,15.666119759717494,16.741559879105527,3
stationary,UCB,default,530,16.240159755607696,0.5265272503194511,15.713632505288246,16.766687005927146,3
stationary,UCB,default,531,16.261220511881948,0.5415164829013147,15.719704028980633,16.802736994783263,3
stationary,UCB,default,532,16.291515876956883,0.5052987094814777,15.786217167475405,16.79681458643836,3
stationary,UCB,default,533,16.311178617969418,0.5004218776515982,15.810756740317819,16.811600495621015,3
stationary,UCB,default,534,16.337841378724473,0.5028219256259859,15.835019453098488,16.84066330435046,3
stationary,UCB,default,535,16.366345590616895,0.5119619349640936,15.854383655652802,16.87830752558099,3
stationary,UCB,default,536,16.387870787561013,0.5221751419772129,15.8656956455838,16.910045929538228,3
stationary,UCB,default,537,16.422501126587502,0.5001079443367262,15.922393182250776,16.922609070924228,3
stationary,UCB,default,538,16.487460188749083,0.4796648480383017,16.007795340710782,16.967125036787383,3
stationary,UCB,default,539,16.502163329868306,0.49233400837225555,16.00982932149605,16.994497338240564,3
stationary,UCB,default,540,16.519308706240757,0.49651561503197206,16.022793091208786,17.015824321272728,3
stationary,UCB,default,541,16.537587768710463,0.4799928703613288,16.057594898349134,17.01758063907179,3
stationary,UCB,default,542,16.54867875031139,0.48831728425265525,16.060361466058733,17.036996034564044,3
stationary,UCB,default,543,16.585173165938098,0.4902145607539909,16.094958605184107,17.07538772669209,3
stationary,UCB,default,544,16.590677292889044,0.4953141561940679,16.095363136694978,17.08599144908311,3
stationary,UCB,default,545,16.607612703395095,0.5028318712054144,16.10478083218968,17.11044457460051,3
stationary,UCB,default,546,16.659638094818927,0.5163083858254818,16.143329708993445,17.17594648064441,3
stationary,UCB,default,547,16.69071900068717,0.5182234164328019,16.17249558425437,17.20894241711997,3
stationary,UCB,default,548,16.758331313575457,0.5328614389401916,16.225469874635266,17.29119275251565,3
stationary,UCB,default,549,16.794952371655544,0.5642485359296044,16.23070383572594,17.359200907585148,3
stationary,UCB,default,550,16.8101244590983,0.5716174432295936,16.238507015868706,17.381741902327896,3
stationary,UCB,default,551,16.844124904147034,0.530474212587404,16.31365069155963,17.374599116734437,3
stationary,UCB,default,552,16.86151716618444,0.5395244350116304,16.321992731172813,17.40104160119607,3
stationary,UCB,default,553,16.89596666837225,0.5420051215141826,16.353961546858066,17.437971789886433,3
stationary,UCB,default,554,16.928499686867585,0.5611067108694311,16.367392975998154,17.489606397737017,3
stationary,UCB,default,555,16.996054219080744,0.5210308032822024,16.475023415798542,17.517085022362945,3
stationary,UCB,default,556,17.035915102261555,0.503674905530149,16.532240196731404,17.539590007791706,3
stationary,UCB,default,557,17.038839831198768,0.498609207641048,16.54023062355772,17.537449038839817,3
stationary,UCB,default,558,17.05258205126729,0.48480727498194914,16.56777477628534,17.53738932624924,3
stationary,UCB,default,559,17.063707293672845,0.48298974077297513,16.58071755289987,17.54669703444582,3
stationary,UCB,default,560,17.073656489629187,0.4915769763655414,16.582079513263647,17.565233465994726,3
stationary,UCB,default,561,17.103400056207253,0.4595221657053258,16.643877890501926,17.56292222191258,3
stationary,UCB,default,562,17.1354597947747,0.4837479021895339,16.651711892585165,17.619207696964235,3
stationary,UCB,default,563,17.165064940600328,0.5103504520964396,16.65471448850389,17.675415392696767,3
stationary,UCB,default,564,17.20982441686117,0.5399529420417727,16.6698714748194,17.749777358902943,3
stationary,UCB,default,565,17.220832673709165,0.5363247714752042,16.68450790223396,17.75715744518437,3
stationary,UCB,default,566,17.30404454179102,0.48697011413850166,16.817074427652518,17.79101465592952,3
stationary,UCB,default,567,17.314511272953908,0.48588759843988794,16.82862367451402,17.800398871393796,3
stationary,UCB,default,568,17.34860661195292,0.5154870456635718,16.833119566289348,17.864093657616493,3
stationary,UCB,default,569,17.381350577786087,0.5424993223176747,16.838851255468413,17.92384990010376,3
stationary,UCB,default,570,17.396064786012975,0.5359215098591954,16.860143276153778,17.93198629587217,3
stationary,UCB,default,571,17.41387396238092,0.5376435704155453,16.876230391965372,17.951517532796466,3
stationary,UCB,default,572,17.43034545595673,0.533379808554068,16.896965647402663,17.963725264510796,3
stationary,UCB,default,573,17.458920548150427,0.50343768042028,16.955482867730147,17.962358228570707,3
stationary,UCB,default,574,17.472885196185747,0.5124903877286662,16.96039480845708,17.98537558391441,3
stationary,UCB,default,575,17.504931467476904,0.4892936249913817,17.01563784248552,17.994225092468287,3
stationary,UCB,default,576,17.522198004302066,0.4767710449885391,17.045426959313527,17.998969049290604,3
stationary,UCB,default,577,17.55876634233378,0.49481527124621966,17.06395107108756,18.05358161358,3
stationary,UCB,default,578,17.59299461072257,0.4817390015886619,17.11125560913391,18.07473361231123,3
stationary,UCB,default,579,17.60133273902767,0.4838893628319308,17.117443376195737,18.0852221018596,3
stationary,UCB,default,580,17.627873228549575,0.48773213700667845,17.140141091542898,18.115605365556252,3
stationary,UCB,default,581,17.678259189949262,0.5330424940548375,17.145216695894426,18.2113016840041,3
stationary,UCB,default,582,17.73272634296065,0.5535727372799785,17.17915360568067,18.286299080240628,3
stationary,UCB,default,583,17.7790097185072,0.5729638814892113,17.20604583701799,18.351973599996413,3
stationary,UCB,default,584,17.79843584381952,0.5824387451171983,17.21599709870232,18.380874588936717,3
stationary,UCB,default,585,17.848260730760952,0.5240002699769922,17.32426046078396,18.372261000737943,3
stationary,UCB,default,586,17.8977441228781,0.5471922045896619,17.350551918288435,18.44493632746776,3
stationary,UCB,default,587,17.915037690340366,0.5459676636211328,17.369070026719232,18.4610053539615,3
stationary,UCB,default,588,17.973519731522618,0.5160665443009564,17.457453187221663,18.489586275823573,3
stationary,UCB,default,589,18.008063647961524,0.4747772404582268,17.533286407503297,18.48284088841975,3
stationary,UCB,default,590,18.04671589021363,0.49939933351405724,17.547316556699574,18.546115223727686,3
stationary,UCB,default,591,18.07127913572684,0.5013044420413529,17.569974693685488,18.572583577768192,3
stationary,UCB,default,592,18.086418093492806,0.49278951397259985,17.593628579520207,18.579207607465406,3
stationary,UCB,default,593,18.091994295073068,0.48322378689022205,17.608770508182847,18.57521808196329,3
stationary,UCB,default,594,18.1111722801236,0.47451604697209715,17.636656233151502,18.5856883270957,3
stationary,UCB,default,595,18.127323109108954,0.48534360737503707,17.641979501733918,18.61266671648399,3
stationary,UCB,default,596,18.146849477391672,0.495618012965122,17.65123146442655,18.642467490356793,3
stationary,UCB,default,597,18.18109727073872,0.4500396496521614,17.73105762108656,18.631136920390883,3
stationary,UCB,default,598,18.207833978856428,0.42610138962835525,17.781732589228074,18.63393536848478,3
stationary,UCB,default,599,18.24799570262714,0.4458312564925045,17.802164446134636,18.693826959119644,3
