merchant_id,gmv__mean,gmv__std,gmv__min,gmv__max,gmv__median,gmv__q25,gmv__q75,gmv__sum,quantity__mean,quantity__std,quantity__min,quantity__max,quantity__median,quantity__q25,quantity__q75,quantity__sum,discount_rate__mean,discount_rate__std,discount_rate__min,discount_rate__max,discount_rate__median,discount_rate__q25,discount_rate__q75,discount_rate__sum,delivery_mins__mean,delivery_mins__std,delivery_mins__min,delivery_mins__max,delivery_mins__median,delivery_mins__q25,delivery_mins__q75,delivery_mins__sum,user_rating__mean,user_rating__std,user_rating__min,user_rating__max,user_rating__median,user_rating__q25,user_rating__q75,user_rating__sum,basket_size__mean,basket_size__std,basket_size__min,basket_size__max,basket_size__median,basket_size__q25,basket_size__q75,basket_size__sum,gmv__roll5_mean_last,gmv__roll5_mean_avg,gmv__roll5_std_avg,quantity__roll5_mean_last,quantity__roll5_mean_avg,quantity__roll5_std_avg,discount_rate__roll5_mean_last,discount_rate__roll5_mean_avg,discount_rate__roll5_std_avg,delivery_mins__roll5_mean_last,delivery_mins__roll5_mean_avg,delivery_mins__roll5_std_avg,user_rating__roll5_mean_last,user_rating__roll5_mean_avg,user_rating__roll5_std_avg,basket_size__roll5_mean_last,basket_size__roll5_mean_avg,basket_size__roll5_std_avg,n_orders,n_unique_users,n_unique_items,W
M100000,44.33352791852199,36.32965884744467,9.24060430261671,270.7829799267681,36.08847462403297,24.11447955303372,53.639674680337734,3901.350456829935,3.25,1.4952030577510356,1,7,3.0,2.0,4.0,286,0.17661286535804344,0.10622388985888676,0.02955829196272845,0.5035495407074092,0.15707889101538808,0.09350280135215021,0.22794948960043204,15.541932151507822,28.683725059135075,15.502972263866749,3.718471497698901,90.60356879408988,26.541579649653663,17.417730756493185,35.18217987404326,2524.1678052038865,3.1746271604068457,0.6445609182118662,1.0,4.04,3.2373973600942265,2.794829930191761,3.6769760585172757,279.36719011580243,3.8295454545454546,1.696660620830799,1,10,4.0,3.0,5.0,337,82.1787788103883,42.063383932609106,25.584503140189863,3.0,3.2278409090909093,1.3325764389830912,0.17230974914340957,0.17622093036138803,0.09868139758823051,32.80441884888974,29.042253412576,13.640450546116023,2.436725082944298,3.2043232879908192,0.5351150158881967,4.8,3.8018939393939393,1.5840296062736292,88,86,10,1
M100001,42.1896160642351,27.330005614653306,7.382099254661341,151.0527247311341,33.99049692208966,23.56081779033101,53.28152721172495,3543.927749395749,3.238095238095238,1.617815332061033,1,8,3.0,2.0,4.0,272,0.19855983799668236,0.12576133379032547,0.011324744641711246,0.6045180195121959,0.17345155504993648,0.10018214480471166,0.28478705931839715,16.67902639172132,31.421968394049298,15.842134503738363,4.660975595009628,75.39053083923689,29.390609807935665,18.615939087384206,41.231454719121984,2639.445345100141,3.2321021640171232,0.6693526399909685,1.077956805487137,4.04,3.2934953836026213,2.8742387686331137,3.8874524744470547,271.49658177743834,3.8452380952380953,1.6968720168070524,1,8,4.0,3.0,5.0,323,64.49380762244202,41.062795958471966,24.051357170114656,2.4,3.2228174603174606,1.5906886807702776,0.219010895322014,0.20213624425146245,0.11663625817485727,34.96515798195259,30.939615011774734,14.042477912241196,3.1022670257005887,3.2300578201513344,0.6430003931046655,3.6,3.876388888888889,1.5941353209198412,84,84,10,1
M100002,38.14293558724637,22.57570839450364,7.784890501223465,112.78657621199056,32.53461691465055,21.808534747280166,48.43069355422263,2174.147328473043,2.8947368421052633,1.4721729630320979,1,8,3.0,2.0,4.0,165,0.22055839315832676,0.1285759921135792,0.024560667361016326,0.5859412915786666,0.17753442961628338,0.13388167188841454,0.32521025509806867,12.571828410024626,32.492385084099524,18.228861331402115,3.927631961851639,82.67383331776912,29.519698217339275,17.357027663035854,40.905559413991384,1852.0659497936729,3.2699576158775105,0.6546544626442136,1.0,4.04,3.2818034735951995,2.8555136028643684,3.8017133354823267,186.3875841050181,4.245614035087719,1.6613323155397424,1,9,4.0,3.0,5.0,242,35.09837685742757,38.35135065834342,19.901895230918203,2.6,2.933625730994152,1.3514917827386377,0.19234845044240773,0.21831923187685903,0.12412247257839273,35.683650445197415,32.0340061872297,16.31698175716131,3.302147717840439,3.270376285222287,0.5953033122304922,3.4,4.331578947368421,1.5594897065177267,57,57,10,1
M100003,51.03316379509816,35.69809431137484,12.523528627051556,189.71463696418283,41.49648294508269,25.762451091886696,64.35980516609388,4337.818922583344,2.8823529411764706,1.3488245738762459,1,7,3.0,2.0,4.0,245,0.20498259965824717,0.12067379345255125,0.030385066861900935,0.6291897446389937,0.17556252687559604,0.11781994045995038,0.2675274679432457,17.42352097095101,30.85673926657452,13.22844250921692,9.5399237477211,60.79642865034226,29.7232331478541,20.88995658746608,39.062618962646255,2622.8228376588345,3.0805172693516423,0.6998137387009981,1.1668074781839524,4.04,3.094146605774598,2.679781010320149,3.615086220570335,261.8439678948896,4.0,1.6903085094570327,1,9,4.0,3.0,5.0,340,44.98449799793137,50.80362182818275,30.725920818885477,2.6,2.938627450980392,1.207371623271574,0.20301708644231078,0.20329941248841785,0.10949958055847857,39.31497783058991,30.815902628261558,12.93815419899825,3.015924273996636,3.08354086362876,0.6463824086150172,3.6,3.9647058823529413,1.5768516129627086,85,85,10,1
M100004,23.453984762161564,13.216505559057772,3.734392519012062,62.36970773308053,19.87939287733775,14.246041349043818,30.0442914016382,1805.9568266864405,3.038961038961039,1.3902059525722539,1,6,3.0,2.0,4.0,234,0.1707583041604484,0.0927068340976746,0.01974014672443279,0.49335132381507474,0.1605095861959249,0.09246060895493381,0.23259130280583334,13.148389420354526,34.34419673192371,18.127770529195338,8.477751322114255,119.49599452461075,30.848263813873555,21.212020989291403,43.8870017695363,2644.5031483581256,4.222281842578535,0.5791408090835656,2.220817232442583,5.0,4.32900854552431,3.809658045928644,4.620206991506874,325.11570187854716,3.7142857142857144,1.7080085576725625,1,9,4.0,2.0,5.0,286,27.55384144480098,23.296190635406877,12.83218572049748,3.4,3.0365800865800865,1.3200690019025674,0.15278735243659597,0.1724061984136972,0.08953242581645351,37.42562325142334,34.01287743037184,16.231329787269555,4.391295163689182,4.211770732231476,0.5698212607191323,2.8,3.746536796536797,1.6710483726487033,77,76,10,0
M100005,42.82612503343424,30.557952606632515,7.762466892782264,189.654503787595,32.84554673734679,23.96638751132079,54.47576184651813,3640.2206278419103,2.8705882352941177,1.2420052458876027,1,7,3.0,2.0,4.0,244,0.1866640487737992,0.11379518251851417,0.018091180301347612,0.5907815942438769,0.1551883647032345,0.09874519549446266,0.2691191176687702,15.866444145772931,30.581069895612305,14.499125782308878,4.91739260840731,78.2513091223351,27.463289337150414,22.050144970947464,39.99994986042481,2599.390941127046,3.1698309646785794,0.6239043938572275,1.0,4.04,3.2330988528066165,2.7829063448113063,3.624268001698689,269.43563199767925,4.341176470588235,1.7965107793698758,1,9,4.0,3.0,5.0,369,54.99268165718462,43.177556017174474,25.492928412795262,3.2,2.879607843137255,1.2041329557500156,0.19374002243112548,0.18574101379356575,0.11043188542014964,28.751669313978418,30.725528770896997,13.64079407535233,3.214264666902254,3.179740549673359,0.5784501421114734,3.2,4.351176470588236,1.6649249808321207,85,85,10,1
M100006,36.34887686396927,18.720906133221803,8.076806234056585,80.2062933960033,29.763637220547494,23.29521770850669,44.61925347413241,2144.583734974187,3.2033898305084745,1.3362281063907433,1,6,3.0,2.0,4.0,189,0.2179222964264802,0.1235453230122536,0.027410055942472138,0.5575620668423883,0.2037202798816586,0.12434550424259944,0.27381538859608384,12.857415489162332,29.462724470804293,13.491956548792444,4.655217038618282,75.817354840263,27.17685607221605,21.972519205892013,35.1721980372313,1738.3007437774534,3.303545093196779,0.5840466775294657,2.0577189137250236,4.04,3.3092811703307117,2.8816586368854917,3.871322493750954,194.90916049860996,4.203389830508475,1.9367557392939103,1,9,4.0,3.0,5.5,248,31.878288514668753,36.314019886741306,18.38087301240909,3.6,3.1663841807909603,1.3218427079498722,0.18154373548152836,0.2215102414431615,0.11856682166217712,34.1360709755324,29.29724686393486,12.887738317339373,3.1124110029717675,3.290133545861325,0.58937324899985,3.6,4.215536723163842,1.7156003232747226,59,59,10,1
M100007,25.27719149561705,15.301243577211649,5.4953075108135145,82.10127239669532,21.185151031617874,13.549623705947718,32.70050923430311,2072.729702640598,2.8048780487804876,1.2216061517046177,1,6,3.0,2.0,4.0,230,0.20711729574046014,0.11886718983556817,0.025221845817781023,0.4753596647608217,0.17433324044373744,0.11846505288131966,0.28856526730515164,16.983618250717733,30.557702831883795,15.718808528069793,5.401605119545979,69.91278321491488,29.707487757780687,18.47933774308146,38.17944747000089,2505.731632214471,4.154268863892279,0.6057588671324154,2.640154539174099,5.0,4.175131163388474,3.7862985558306503,4.726918380668008,340.65004683916686,3.9634146341463414,1.58266162711934,1,8,4.0,3.0,5.0,325,27.000587337792773,25.477691847645474,13.630772540492023,2.8,2.805487804878049,1.1164634516546281,0.19348876305159926,0.2039173896955234,0.11272555806461972,24.18213810733743,30.74338846420755,14.973313364824783,3.7929091201806506,4.156143814750489,0.5634333640523803,4.0,4.002642276422764,1.5550164791647454,82,81,10,0
M100008,23.12060428839836,15.24326879015213,5.517105065680029,74.64389301923788,19.107816138064013,11.937801174551039,30.865689616601696,1849.6483430718688,3.0,1.4669351499562666,1,7,3.0,2.0,4.0,240,0.21673716542650986,0.1223472331465228,0.04804104806925576,0.5932470279010379,0.19922516474074958,0.12544748726100852,0.2918400480530513,17.33897323412079,32.216937159905456,16.362077383970025,5.439582587962168,75.79565666744642,27.56087308137342,20.84421458084455,41.93383594983149,2577.3549727924365,4.21055988037912,0.5961824460337258,2.8101324330931967,5.0,4.201939318236755,3.7604416377010867,4.7792411856355175,336.84479043032957,4.4875,1.7356554957709784,1,9,4.0,3.0,6.0,359,32.115154039332744,23.75774328774006,13.563461381854657,2.8,3.0458333333333334,1.446852615620571,0.20801425981741292,0.21716322446351072,0.11865695841354888,49.98892828960301,31.81554202748797,15.784496677776296,4.010786384291739,4.216765286099686,0.5304731022074379,3.4,4.563541666666667,1.5817106187958652,80,77,10,0
M100009,41.047378183387295,31.439919074000308,7.780634547810731,183.395538140439,32.114774511701086,22.544487965993582,45.98829045892517,3365.8850110377584,3.0853658536585367,1.458912325378266,1,7,3.0,2.0,4.0,253,0.20496864417854516,0.10972184093438186,0.031698722832506764,0.5879280112011924,0.1857892887797612,0.12372781718021941,0.25058078543223483,16.807428822640702,34.10115763847873,15.893414690528585,4.85937186269477,97.71562440223482,31.097038624292573,24.13351586221287,40.40767102979112,2796.294926355256,3.2062794855040186,0.6305882910291951,1.6751721108983348,4.04,3.3497965350777594,2.709136062486949,3.6858330563205426,262.91491781132953,4.109756097560975,1.6777858539980421,1,9,4.0,3.0,5.0,337,41.76910340981156,41.36469162110599,23.544171412472593,4.0,3.0321138211382115,1.1880026625381606,0.21306992248172976,0.2030425894571226,0.10380066149325394,44.376353292079806,33.602071948130465,14.08618877852341,3.123543606379818,3.2070449626813033,0.6138403022463504,5.0,4.0459349593495935,1.6199025672727974,82,81,10,1
M100010,42.94048999613261,25.739392170889325,6.293922878664976,155.65151781557597,37.18544135980331,24.499127680479656,53.871771649759054,3735.8226296635376,2.9195402298850577,1.348715071574782,1,6,3.0,2.0,4.0,254,0.19631821324766682,0.11618299010201043,0.019923430282902613,0.550934232514425,0.17037115442895578,0.10176117991713357,0.2513167446115815,17.079684552547015,30.444585098605415,13.513933979798365,5.153242376118416,69.18478011244218,29.87324922526646,20.7199660072242,37.87740444025381,2648.678903578671,3.272542794780434,0.618364720654952,1.9900842134276173,4.04,3.38548950839567,2.752900074808087,3.76998615572518,284.71122314589775,3.9770114942528734,1.8923162347833111,1,11,4.0,2.5,5.0,346,34.03872441005473,42.78383888702712,22.384798855788112,3.0,2.9235632183908047,1.263246307425992,0.17176652710363519,0.19551556241082824,0.11348096247604306,37.03465151562523,30.0621720094386,12.685331697137414,2.90233472584122,3.2831407652900997,0.559869330564694,3.0,3.9944444444444445,1.8598606420641421,87,87,10,1
M100011,44.118606571098724,32.38203799705372,7.016921019067157,184.88641381579356,36.09606153523979,21.627883475688158,55.63260548769796,3308.895492832404,3.1066666666666665,1.3712623236858656,1,7,3.0,2.0,4.0,233,0.20536942164038083,0.13490309366224315,0.01243830049695048,0.5839673993246872,0.1744227046107338,0.10234135250859683,0.26703724867184403,15.402706623028562,32.51078771001633,17.498690272041568,5.380849978418452,86.20308423753542,30.59390528103976,21.374262671990287,40.766192695644804,2438.309078251225,3.1456641490843213,0.702598526450165,1.3061101232181875,4.04,3.256343050841229,2.545601945148883,3.6917334304009706,235.9248111813241,4.466666666666667,2.1074727617317954,1,10,4.0,3.0,5.5,335,34.88806983614204,45.398445918730424,27.366668873848738,3.0,3.1117777777777778,1.2146130520722922,0.14427148413441643,0.2096186273620728,0.11957180133938387,32.31984514910402,32.21515166479471,15.459217714105346,3.066062169317955,3.1690138914638535,0.6250071467389933,3.6,4.469111111111111,1.9485114765626328,75,75,10,1
M100012,48.03126012107235,39.40187917105527,6.460135842534856,209.9603649249567,37.34322977048685,28.176460169192474,55.692275860782786,3074.0006477486304,2.640625,1.1320326920513453,1,6,3.0,2.0,3.0,169,0.21468997917914254,0.12653293141547206,0.0179850974244975,0.5590171338273302,0.21011165668135007,0.10984694814925107,0.2754648239109137,13.740158667465122,29.120490056093587,15.51081960816498,7.687199563522706,74.3883587341636,25.797223779195743,16.93786151483613,37.24859568078432,1863.7113635899896,3.1570833029580334,0.5565287342354941,1.8711559129729123,4.04,3.1367683779226323,2.6802589073603698,3.557084747606049,202.05333138931414,4.0,1.7548119783512648,1,8,3.5,3.0,5.0,256,57.143664557658916,49.9644375954869,31.457601387348994,2.6,2.6557291666666667,1.1164349455269755,0.26755929676592993,0.21394009625122418,0.11550256073066716,31.15194648972467,29.371322325792992,14.442159744250137,2.880810089983084,3.1642962086614337,0.4771783645952922,3.0,4.103125,1.7429602469640995,64,63,10,1
M100013,25.213319763912605,18.8772179809974,4.581102726883804,104.94386780861598,19.045171715042375,12.831335188693808,32.55565879367445,2269.1987787521343,2.922222222222222,1.5377480819515164,1,8,3.0,2.0,4.0,263,0.2205145965251649,0.1251451856299858,0.032249917138861516,0.6967797677345267,0.1946820116111374,0.12778937391440126,0.29157578464865425,19.84631368726484,31.842838038949726,13.821585410714897,10.22519702213887,69.74881525923037,30.024508100765004,22.11564498667578,39.65619875360455,2865.8554235054753,4.2637632858905885,0.5596326655611,2.556277311720909,5.0,4.298420516466991,3.94264379954196,4.740468487358942,383.7386957301529,4.066666666666666,1.6946710926783257,1,8,4.0,3.0,5.0,366,17.11306232731697,25.429927849009307,16.409991861375108,2.6,2.9420370370370375,1.4810584669842586,0.14742243944480757,0.2219084559545023,0.10931374726964954,30.191836270305647,31.644310656550907,13.29199280092555,3.978316111228517,4.270975413184502,0.5227622550073453,3.8,4.098518518518518,1.6686403334621116,90,90,10,0
M100014,44.91480658564565,29.24119493864107,4.536964785315558,173.53162746540636,36.760368948996906,26.580544499131573,57.920468490977996,3817.75855977988,2.976470588235294,1.3449771691126113,1,8,3.0,2.0,4.0,253,0.21701465708988793,0.11704611705145428,0.026132254031314323,0.4974515779256895,0.19918951522406497,0.12882851831240277,0.30621494990523196,18.446245852640473,33.268832290558386,16.88449461622026,7.043731062733972,92.60190927567065,29.506763551851513,19.665584095314102,43.6885670849372,2827.8507446974627,3.0827149526941744,0.694706097643111,1.0,4.04,3.2018875394191575,2.5916033704036954,3.5915818232740966,262.03077097900484,4.0,1.7043362064926932,1,9,4.0,3.0,5.0,340,33.68152944936152,45.39405352737429,25.71334217939325,2.6,2.9925490196078433,1.3373613887907971,0.17606583577754695,0.2213424225540151,0.11562825450935817,44.00584865625391,32.916340102544716,15.649653182795484,2.91703878212498,3.075058247046882,0.6416190007177563,5.0,3.975686274509804,1.5554361600900328,85,84,10,1
M100015,24.783737056376737,14.970377916799709,5.874778052773039,62.39819664879262,20.94533178466928,13.770761568361959,31.213644228231917,2156.185123904776,3.0804597701149423,1.5190142979301497,1,8,3.0,2.0,4.0,268,0.21130573455244622,0.13654257987245447,0.004936491329791576,0.7053681708975571,0.18278093288884398,0.12041703237681387,0.2765501626975221,18.383598906062822,32.93228731020397,16.828607466353603,6.403778747705418,90.20559389961281,32.27148438966193,20.010804229909738,41.01957443411318,2865.108995987745,4.189561204483251,0.6975701030988771,2.292636242656707,5.0,4.392192951389562,3.649799623296602,4.756098521866162,364.4918247900428,4.149425287356322,1.8459807731127515,1,9,4.0,3.0,5.5,361,24.6289671396198,25.094820989077913,13.155203053439436,3.4,3.0178160919540233,1.3625942394449972,0.20068943131111155,0.21590109497358279,0.1256438643697857,39.058701811141646,32.81153810268489,15.506123624727941,3.930611097904773,4.170941612486251,0.6535077696227615,2.8,4.252298850574713,1.7679271491711837,87,86,10,0
M100016,23.821249600419765,14.144424527627063,2.4730172360204477,75.07784195389274,20.698407583233625,15.106219920386739,29.154219844545352,2263.0187120398778,2.863157894736842,1.3807993854608778,1,7,3.0,2.0,4.0,272,0.20820547660856373,0.11691070425000592,0.02905249230014748,0.5486140847859797,0.1968858263814333,0.11938485279887893,0.2807207914164766,19.779520277813553,31.697758503034102,16.768773605835257,4.874831548870458,93.62651779159886,29.00440285368609,19.17659006548326,40.408988169137075,3011.2870577882395,4.228247382909474,0.6244653680000447,2.2015568959128204,5.0,4.323836935533804,3.8849005505496805,4.747129787501773,401.6835013764001,3.7473684210526317,1.6043055172283063,1,10,4.0,3.0,5.0,356,29.713325251849614,23.64186931309574,12.46589358934838,3.4,2.873684210526316,1.3215040434623213,0.21381103371233134,0.21203162714227558,0.11753404550412581,22.953456414352566,32.40177104773195,15.742601557781445,4.44284379312822,4.2311206597926425,0.5957664834036567,3.0,3.7610526315789476,1.5052904104426998,95,93,10,0
M100017,42.61849823524762,26.094334544662203,7.38920119913124,158.44651764797032,39.12174974213208,26.420585772672254,52.981707217796746,3835.664841172286,2.988888888888889,1.4572133205790112,1,8,3.0,2.0,4.0,269,0.19756265047204663,0.12207167750468625,0.023769741232911437,0.6052150285897739,0.17617136033704373,0.11271137326980146,0.2665422743094273,17.780638542484198,34.01204588534394,18.881703141648558,5.791547201223398,97.17919416107823,30.74050610475237,21.60390993122769,39.66447103402696,3061.0841296809544,3.2670714092473854,0.6321451445518683,1.6858905970538354,4.04,3.362642574672279,2.811290814257355,3.7728379252020705,294.0364268322647,3.888888888888889,1.8569301986872049,1,10,3.5,3.0,5.0,350,36.028586029246625,42.946259519650944,23.041378987070846,3.0,3.0275925925925926,1.3665333754482205,0.29797117668993023,0.1972477807558465,0.11413410396707517,44.67846872582827,33.64572932978025,18.008060968470804,3.418143891616149,3.2651240062268756,0.5905865447024403,5.0,3.843703703703704,1.6593000233560722,90,88,10,1
M100018,24.093118745708484,13.457041327437937,2.9176564225213424,63.92590490821426,20.587527475666178,13.92481999648049,30.512108468529036,1782.8907871824279,2.9324324324324325,1.4461198067145347,1,10,3.0,2.0,4.0,217,0.20497345710930093,0.13485364958490648,0.012339787198010188,0.6018698708622736,0.18873332337930937,0.09489472101419137,0.29257293076466867,15.16803582608827,29.282076744401163,16.08917801728973,6.449925853775627,87.91795887433227,26.180923055866472,18.895897816214248,36.98473448586915,2166.873679085686,4.156756938100972,0.6902659863426079,2.7785939693231354,5.0,4.28539471452184,3.6440003878889136,4.778602214438511,307.6000134194719,3.9054054054054053,1.5976774145822652,1,9,4.0,3.0,5.0,289,14.537485291258553,24.517519176960143,12.007816464423469,2.4,2.898423423423423,1.3233226497998967,0.3231244947423309,0.20143095069905143,0.12485913701764872,34.3741120025693,29.212858174341118,16.161186499088604,4.010614080024661,4.152899170894504,0.6334627612041552,4.0,3.900900900900901,1.497178353928048,74,73,10,0
M100019,24.54351378514207,16.816128375882258,5.35287781264851,102.6359777247847,19.772830276462724,15.275017153558531,31.037673599925384,2086.198671737076,3.2588235294117647,1.4155004262036213,1,7,3.0,2.0,4.0,277,0.20196047064103825,0.11872847355215962,0.010398040255143563,0.5390528428384115,0.18609231058820974,0.11426245146148657,0.27014310887666776,17.16664000448825,31.960940932834408,15.894681224759426,7.208308381833174,72.29714698698227,30.610347909120158,20.09298670442243,40.36183248799853,2716.6799792909246,4.017596188091328,0.6709595442925662,2.1287032185351165,5.0,4.027830817683132,3.5536789110399916,4.516817905190474,341.4956759877628,4.105882352941176,1.6548883533897005,1,9,4.0,3.0,5.0,349,29.23031710874658,24.431389896000184,14.19127866979092,4.4,3.190980392156863,1.2761037092663516,0.1187343047744395,0.20285459038032255,0.11387380354913838,31.795744959128363,31.742987783810456,14.473712354524153,4.065255724349137,4.0257393350489155,0.6403149500285026,3.2,4.159411764705882,1.5944184500967264,85,85,10,0
M100020,45.17223413521135,25.7279385515372,8.526786545811348,133.40681041158686,39.78406318863442,27.32035964265359,56.44849759556881,3252.400857735217,3.111111111111111,1.4296217913678002,1,7,3.0,2.0,4.0,224,0.1992067182129451,0.12360086456433632,0.007999919667591235,0.5684885010617843,0.16616626562462875,0.11573114112512153,0.2369883181280997,14.342883711332048,31.979772330097994,14.330179860358808,10.359847812323409,87.27463666293166,28.67605652495645,20.730709734228938,38.570051340078564,2302.5436077670556,3.236344429737999,0.5914475427158323,1.967964458387649,4.04,3.2648036598526415,2.8249765246095477,3.6861298099030053,233.0167989411359,3.9305555555555554,1.6894568582072018,1,9,4.0,3.0,5.0,283,51.776943274406975,44.40047337920467,22.104230511776578,2.8,3.1395833333333334,1.305777840093988,0.22024930425272177,0.19461387822595694,0.10903239696242434,34.31289516246053,31.81255582194261,14.082087487853768,3.65592462874321,3.2232179442684483,0.5895362821143547,4.0,3.9034722222222222,1.4990893344354659,72,72,10,1
M100021,23.688361802919047,14.073031409473018,5.627661810486786,76.10257269486722,18.92570321702279,12.768707355172074,30.762336214343478,1800.3154970218477,3.3289473684210527,1.644288359907202,1,8,3.0,2.0,4.0,253,0.21482954232846072,0.12901357030917246,0.01143844395057057,0.6076196790607713,0.18916422054408283,0.1234551868300955,0.2712761340465951,16.327045216963015,33.768006405442904,16.659823102646108,5.852856456957423,73.17230003098932,29.008818408424908,22.009609033055103,43.525248864754985,2566.3684868136606,4.183378897011484,0.6086522879230156,2.127045800154668,5.0,4.167614788934994,3.8146394905752783,4.690644336831754,317.9367961728728,4.355263157894737,1.6629607922290974,1,8,4.0,3.0,5.25,331,20.80235248940268,23.835868684113947,11.905895348685112,2.6,3.3276315789473685,1.6478852025779411,0.2959155969152918,0.2146640809784798,0.11136121379962435,35.00492792688165,33.49489997192486,15.437007319542818,3.7305359843975907,4.210408866220065,0.5340398164903912,4.4,4.360526315789474,1.313727575030742,76,75,10,0
M100022,42.65883002536994,24.523952423449362,8.535040454558002,137.346679266744,37.54519176865527,25.798909725058433,50.65467924256467,3583.3417221310747,3.0833333333333335,1.4905997283646615,1,8,3.0,2.0,4.0,259,0.19398326897594598,0.1194362912212234,0.018390838108947424,0.4917732062260424,0.18707262436729294,0.09887934613447866,0.26004232973631225,16.29459459397946,30.886455118084715,12.182381733841323,11.088278268414886,63.81997940948871,28.95142125225385,22.377117004725722,37.8408632247954,2594.462229919116,3.2648766250263015,0.5491257650175518,1.8399972513186738,4.04,3.162610977029516,2.9124190258177287,3.706847476381724,274.24963650220934,3.9166666666666665,1.8576337671487904,1,9,4.0,3.0,5.0,329,48.58723135278801,41.95977581373389,21.667388929721188,2.4,3.099801587301587,1.4654745843028696,0.24570906187039282,0.19532080107344044,0.11756361725461437,23.512653278499574,31.04672853328323,11.91589397581566,3.0216566853612115,3.281309372345445,0.5067317481728467,4.4,3.8375000000000004,1.7878383618944294,84,82,10,1
M100023,36.365466670974364,20.029475307873366,8.987161388627896,114.90342214968128,32.676737347350056,20.986401774819974,45.651631640469944,2618.313600310154,2.8055555555555554,1.4402551504086212,1,6,2.5,2.0,4.0,202,0.19762872125577158,0.12483095428531246,0.019786887671032195,0.553617788184261,0.17252137372392157,0.10331885190747761,0.2516985904422971,14.229267930415554,27.7467732582149,14.384194433229984,2.8903290313829384,63.998955984804375,25.42785939267454,17.377935913054642,33.40756698828656,1997.767674591473,3.1601346854927685,0.6444659688150003,1.7295876315110066,4.04,3.260022275597567,2.755712050667427,3.6876535743395227,227.52969735547933,4.069444444444445,1.6386733631924046,1,8,4.0,3.0,5.0,293,28.630073788150252,35.931731775551484,18.515204966751895,2.4,2.7870370370370368,1.394791569365604,0.15929933577343564,0.20078562833882768,0.12206623114789732,27.192636203588343,27.982102157969898,12.3949321038219,3.1579292650337805,3.1591712291964367,0.5883244254725258,5.0,4.043981481481482,1.5471591229104136,72,71,10,1
M100024,41.02093279145326,20.58785825169105,7.981891932372104,117.0346583184264,37.79179851162206,23.501960744893424,54.84942680942518,3035.549026567541,3.189189189189189,1.532083152323969,1,8,3.0,2.0,4.0,236,0.2352024305342802,0.15016057490542287,0.014159398613229778,0.7631435569957397,0.19929430870056952,0.12576726545935085,0.30845713678856107,17.404979859536734,31.150446723889544,15.650932681491797,7.845140574623803,72.7407499354868,26.29494936125289,18.9095778593799,40.43564386078342,2305.133057567826,3.186351995125998,0.598662730089953,1.8604151537479785,4.04,3.3267986816821584,2.7893912858113716,3.619410365906849,235.79004763932386,4.162162162162162,1.7829253092249018,1,9,4.0,3.0,5.0,308,37.643774864078964,41.23667758663807,18.74353907193599,2.8,3.152702702702703,1.3549058616290464,0.3608120438134822,0.23183475862772385,0.12804451068660017,20.942362390776545,31.460209328964797,14.307064709546681,3.0790045211816777,3.1726903878714223,0.5792547653835894,3.8,4.2,1.6500565443041668,74,74,10,1
M100025,41.92119277106041,28.514906452892316,7.94455487386129,123.6895746498713,37.14293892705334,21.02479684130985,56.612200255349066,2892.5623012031683,2.681159420289855,1.377260213176747,1,7,2.0,2.0,4.0,185,0.1745050765387839,0.11679238634756967,0.019844321755149254,0.6232115710776646,0.15436940887983513,0.09242948640154526,0.2184542129956317,12.040850281176088,32.94073311332998,14.520786731794145,6.660119774424284,70.45728189156188,33.1022283266782,19.954763500933378,42.11489689911359,2272.9105848197687,3.104156858967135,0.6617467783568859,1.2970831493431598,4.04,3.2079648105493117,2.6770094176667287,3.5918832108680396,214.1868232687323,4.086956521739131,1.9077175339285197,1,10,4.0,3.0,5.0,282,49.84618393020874,41.29879661944854,26.37239700560685,2.8,2.718357487922705,1.2270465814874791,0.2933911439958956,0.1696546413793184,0.10315384631039831,31.97704242026223,32.76442066919036,13.724760636616214,2.988301492033606,3.1345256572291627,0.5819479928442334,3.6,4.068115942028985,1.7665814568962717,69,68,10,1
M100026,39.41854599707263,22.30309800735175,9.773257197493999,107.3810708556493,34.38607213448696,23.47322619603857,48.752224987052955,2798.7167657921564,3.0985915492957745,1.5038515274118631,1,6,3.0,2.0,4.0,220,0.18185178617742007,0.10351026705749827,0.019373557523012303,0.40750357577570734,0.16871911139847098,0.10269519122775547,0.24414950215740233,12.911476818596825,31.277703025493903,16.60458111173597,7.143297666057596,85.0197982878485,26.836526268553037,19.241798334616504,39.95444068355056,2220.716914810067,3.3251782980856945,0.5537351760926399,1.8900030547222535,4.04,3.3616621124930006,2.993905050892524,3.7292077845016784,236.0876591640843,4.098591549295775,2.0504698386848164,1,11,4.0,3.0,5.0,291,47.160099002170625,38.68947011727906,19.980331591103376,2.6,3.145774647887324,1.5363123974425437,0.1366408975574766,0.1860837243070059,0.09473792817688213,32.0862740706766,30.80186976549119,15.965493779955718,3.6008310145502493,3.2993063101276094,0.5322263154245587,4.0,4.0584507042253515,1.9367486139362138,71,70,10,1
M100027,25.789973353132687,16.02031573078725,4.443850823638651,70.45146146477025,22.109752509700428,12.738493570732409,35.44380227447108,2011.6179215443497,2.948717948717949,1.4849674087764366,1,8,3.0,2.0,4.0,230,0.21090900532699883,0.13109586806328855,0.011650360105849602,0.7010237320291255,0.18333185187297885,0.1207548387609934,0.2760786310714541,16.450902415505908,32.92036802407265,15.495516495108927,3.417370467266224,70.69181002914364,30.181408772079738,22.00989448952428,41.5582389368676,2567.788705877667,4.069911232013719,0.5876871996847078,2.405135832101522,5.0,3.9741885972262168,3.6851715643999072,4.49182559791729,317.4530760970701,3.551282051282051,1.5259439139446864,1,7,3.0,3.0,4.0,277,18.895764474484686,25.626768148638966,15.620600747488778,3.4,2.9267094017094015,1.4126500958237262,0.12053431311963869,0.21416399207054249,0.12138066920328087,21.963937028780045,33.23393183673121,14.64178794967628,4.135189718769976,4.0705695097695855,0.5582734791138076,3.8,3.5775641025641027,1.4455568017446265,78,78,10,0
M100028,44.68104137270993,25.655223246685015,7.091847199220967,131.1811177380883,39.580784623179376,25.51729217267814,58.37416713934391,3261.716020207825,2.808219178082192,1.3709033340442933,1,8,3.0,2.0,3.0,205,0.18822662489857608,0.10799053283940581,0.009055580089059753,0.4432534461196001,0.1863400124369551,0.09323041285796636,0.2434665660466805,13.740543617596053,30.473838833598734,16.212362893310214,5.771386552412745,69.94751803809204,27.37325325302896,17.772974816185283,40.59889891484149,2224.5902348527075,3.1391549143157356,0.653397833803297,1.5156873208409598,4.04,3.1292346384864986,2.7034192653886833,3.6576557037162827,229.15830874504869,4.287671232876712,1.5318784044324516,1,8,4.0,3.0,5.0,313,36.5188966461193,44.6859922803655,24.161422805311847,3.2,2.8442922374429225,1.2021597958438628,0.2311305629341947,0.18670926208724115,0.1060597800411378,30.856882097758962,30.235919109065005,14.209372779000496,3.0387079030545214,3.138853388440066,0.6377266695926029,4.2,4.281735159817352,1.4767966967936406,73,72,10,1
M100029,44.37150974735632,39.11406311137909,7.63497817206696,264.9658496300666,35.78027171317217,23.877398937987145,50.38321692558945,3283.4917213043677,2.9594594594594597,1.3792909553208272,1,7,3.0,2.0,4.0,219,0.21691873171187687,0.10289918859098202,0.026586749686402778,0.4829941753217347,0.2013211828771364,0.1421497163597325,0.28469380431446456,16.05198614667889,33.94086981339443,14.017492019057116,6.585473129118805,66.94100173293579,33.90912316572331,25.53103583580327,40.83207162952931,2511.6243661911876,3.3662865606985317,0.5070893531796227,2.205321919133816,4.04,3.32973300778041,2.990262207650969,3.850149454194501,249.10520549169135,3.72972972972973,1.4924219288205947,1,9,4.0,3.0,5.0,276,75.562686951117,44.40128551855898,29.454396064625904,3.4,2.942342342342342,1.3543276976572343,0.19867066793107124,0.21521259718903862,0.0947318502574837,46.6648678566234,33.549191027430226,13.257852936348886,3.192287659669655,3.361124932701137,0.49702814101137055,3.2,3.799324324324324,1.3892006418062701,74,74,10,1
M100030,22.690891199102587,12.73938985263924,7.6861509487213135,70.20722969689709,21.59931234881671,12.316433649330088,28.368991142247516,1701.816839932694,3.066666666666667,1.5538386062955232,1,6,3.0,2.0,4.5,230,0.20810774088844275,0.13570356331818179,0.0112282266426447,0.7030922058667337,0.17797550973765258,0.11084669707242842,0.29256758060626226,15.608080566633207,35.45855981265241,17.185795430280443,10.553871736375314,98.76157470570394,34.29493128004701,22.62440413009925,42.18606225804038,2659.3919859489306,4.139640235177271,0.6754424160119685,2.513874719214196,5.0,4.177845129109246,3.7134761653676454,4.708551579429571,310.47301763829535,4.1066666666666665,1.6731046827019758,1,9,4.0,3.0,5.0,308,21.501200839042582,23.361656058105364,12.417175636042618,3.0,3.0155555555555553,1.401717457856412,0.25254397480654,0.20884541235217477,0.12436586290334571,31.413219814346284,35.54890915265776,15.390822221990067,3.8739340223113468,4.1650972226577325,0.6646335649278297,3.2,4.177333333333333,1.4649433785787007,75,74,10,0
M100031,22.951509174704512,16.0479447437573,5.73099480279773,106.50307543305875,20.611157730597053,11.478378680021287,28.84901278462286,1400.0420596569752,2.6557377049180326,1.1956204233456833,1,5,3.0,2.0,4.0,162,0.21274038772621745,0.12489650102019721,0.01849078209489446,0.48374070618421067,0.20415946472470092,0.11390704723002246,0.29401593302085355,12.977163651299264,32.522090542974695,16.363446569426536,8.483734357164321,85.92044098690623,29.96877860852382,20.35960230535929,40.469558695464634,1983.8475231214563,4.1305487676085155,0.7475265811637587,2.3573423660162773,5.0,4.1606887683807425,3.6113731753669382,4.833108558705987,251.96347482411943,3.901639344262295,1.629978711852672,1,9,4.0,3.0,5.0,238,20.56215427328603,22.92518287915483,13.235689417677076,3.2,2.6226775956284154,1.1279555674674469,0.27357331669090007,0.21712884645811306,0.11626960845724403,33.29193361725471,32.40058649627276,16.01154566796798,4.033417945644301,4.113431934341765,0.7237948343267002,5.0,3.884699453551913,1.4933530659333452,61,61,10,0
M100032,23.071636465875123,16.87058291779913,3.667869401733036,114.3038298513914,18.283223275464657,12.564486040071834,28.535527808433407,2122.5905548605115,2.7717391304347827,1.2234275475753635,1,7,3.0,2.0,4.0,255,0.18046737514929753,0.10650627005996155,0.015304917682830906,0.515581909395596,0.17164493243896228,0.0903750685735399,0.24884853084566766,16.602998513735372,34.95428280920127,17.68149030942541,8.946430391144693,90.60296446701304,34.07350598205406,21.579331425004945,45.338253080367366,3215.7940184465165,4.156227848464865,0.6043426205755894,2.570144895610458,5.0,4.220046689524356,3.762634476254309,4.684540488168713,382.3729620587676,3.9347826086956523,1.8740820336114443,1,10,4.0,2.75,5.0,362,24.360808410082885,23.09759354090136,14.211833912596505,3.2,2.761050724637681,1.200575236208032,0.11901244280279755,0.1863145145549463,0.10639521251202295,46.930041348089745,34.62714799023392,15.294992505622366,4.639103152119967,4.160996666012852,0.5455051024953551,2.6,4.005797101449276,1.650168303986956,92,91,10,0
M100033,37.869699860819054,19.55798123319973,5.082160784203968,99.04622415552532,34.737514157575276,23.37073877702368,50.50369347539864,3029.5759888655243,3.1375,1.3382753874514122,1,7,3.0,2.0,4.0,251,0.2089265635339354,0.11100790730080522,0.0163982074727851,0.5597809568239044,0.22493460225474163,0.126849496835187,0.2755657685915559,16.714125082714833,30.104971880582628,14.255364156477015,6.830740843017224,75.37537260675676,28.0681282686118,20.028979429949317,37.51888974444913,2408.39775044661,3.183598041486964,0.6469204289256558,1.2545103021879624,4.04,3.206958091454995,2.715863267268114,3.6929846563830404,254.68784331895714,3.675,1.5407954545984976,1,8,4.0,3.0,5.0,294,32.922912210197794,37.558638151259274,19.19931295698259,2.8,3.1454166666666667,1.2764180875098878,0.17803648952861637,0.20963041073550975,0.10235830994955718,25.89673782916406,29.9242775454802,13.779867338266007,3.6624479351369805,3.172388187474854,0.620868430336253,3.0,3.712916666666667,1.4400774459659464,80,80,10,1
M100034,41.19006655505725,31.686141487114412,7.603191500597562,194.6293379605474,32.831137700816974,23.495553300951315,46.86098372769892,3254.0152578495226,2.911392405063291,1.331953196776492,1,7,3.0,2.0,4.0,230,0.20129843909002723,0.10880914073346344,0.04042724469412773,0.6156188538148867,0.18126041057127226,0.11861633562445967,0.26700165730685277,15.90257668811215,33.260068424955406,14.78374167785892,5.645431251866212,67.57575341256641,32.31116993111807,22.169147603163154,43.92988406522848,2627.545405571477,3.1411055458424046,0.7168102971308408,1.3010378036774912,4.04,3.2409679388675547,2.691619100510591,3.76386916422296,248.14733812154995,4.189873417721519,1.7546710508217813,1,9,4.0,3.0,5.0,331,39.58854409476519,41.394439612634486,25.705573838793743,3.0,2.939451476793249,1.2611387184349394,0.1578822778378877,0.20233293685931641,0.10598193718317618,27.786512409010108,33.78771724279366,14.356235156435618,3.176034291689976,3.152630429523162,0.6673852526243957,3.4,4.182067510548523,1.6550718854583573,79,78,10,1
M100035,22.921846472000425,16.192467347215604,5.900170560171776,96.69797741402705,17.15955115065107,11.524929799103083,30.590954404369327,1971.2787965920365,2.953488372093023,1.486464235490586,1,7,3.0,2.0,3.75,254,0.21948867298190286,0.12533813503535146,0.028750276839035933,0.5581600837734236,0.1796700037278412,0.12046793391037847,0.2945723665637507,18.876025876443645,30.170803400952643,13.630930427320607,3.399326203135682,73.23205773783596,27.815356668649187,19.191049491875685,39.57458415598641,2594.689092481927,4.258899179158477,0.5229409624004047,2.4448504719848088,5.0,4.206606565717747,3.9678831142409816,4.595113183597259,366.265329407629,4.255813953488372,1.816175985976663,1,11,4.0,3.0,6.0,366,13.264692356551814,23.40097138399874,13.949015240441952,1.8,2.976550387596899,1.3589244867967267,0.24903590693643024,0.22060560460587916,0.12466166581317653,27.422876803471485,30.244669343277543,12.82379017990002,3.721334794624974,4.275268290054971,0.47765871691779027,4.2,4.258333333333334,1.649970956590596,86,86,10,0
M100036,45.583881414347346,37.157097896303505,7.441717934599846,303.39268986190723,36.52442270578698,24.3929871935771,59.23419163341184,3783.46215739083,3.108433734939759,1.5696204931468665,1,9,3.0,2.0,4.0,258,0.22862416138802763,0.1263428601122604,0.02085386261202935,0.5867576764062566,0.2097238048013635,0.1357608805626198,0.3064265287027793,18.975805395206294,30.647165272084546,15.27549839898979,4.7083517603623495,77.18796252499388,29.061764304791083,20.382175568274253,39.46523109227199,2543.7147175830173,3.196276091869768,0.715988162606578,1.9586736685016213,4.04,3.2445631640406285,2.551146844759428,3.8984384855325755,265.29091562519073,3.7349397590361444,1.975979765309386,1,10,3.0,2.0,5.0,310,40.863169497096195,45.97103597767451,26.816469419859924,4.2,3.064658634538153,1.3802582275624653,0.1975321118922262,0.22817155811228304,0.12120860122479614,29.6630273282607,30.613301077731872,14.555654210749756,3.2574909591234316,3.168941018077821,0.6810510863637574,2.8,3.74859437751004,1.8752782425599186,83,82,10,1
M100037,23.577613885552736,14.126648526930705,3.609140876693052,65.68484644504615,19.50391575992966,14.408918806659997,29.70549042507936,1862.631496958666,3.0253164556962027,1.5188953775038825,1,8,3.0,2.0,4.0,239,0.17220384480992282,0.118992524501734,0.007392231676590424,0.546859304238592,0.15352355442221993,0.08489070535651035,0.2355311248847698,13.604103739983902,30.19176996241563,14.431343728178144,4.322061294835671,92.03103952193725,29.016829430620582,19.69340948510594,38.45346392749531,2385.149827030835,4.119648478755432,0.6513877208243438,2.6004793336380185,5.0,4.221921690049852,3.6658860560941324,4.6028041982746295,325.45222982167917,4.2784810126582276,1.8041029368320813,1,9,4.0,3.0,6.0,338,15.69088202002219,23.611094542026443,12.541178536881151,2.0,3.0451476793248946,1.4176360034355837,0.18990715647373255,0.175316635673783,0.11435357661431104,20.0901923751504,30.357916650360803,13.18308674528989,4.1159302263255935,4.128293714138531,0.6082402506733388,4.8,4.247257383966245,1.7026289806529644,79,79,10,0
M100038,23.437188009667768,16.158198738581795,2.9893904058887792,73.19244224771569,18.77845856447034,11.049957946034432,31.10677216530431,1828.100664754086,3.0128205128205128,1.7169407234629412,1,10,3.0,2.0,4.0,235,0.21274064903143802,0.11399625649634855,0.016441825045178216,0.565032038161752,0.2025404505035928,0.12375254990604685,0.262366299915184,16.593770624452166,32.706781814252835,16.01885246735438,6.0071616090555375,85.07258965209087,28.320760280672946,21.53275049914842,42.03013190732885,2551.128981511721,4.283899390356256,0.6158765575958192,2.7646490409999007,5.0,4.340526500327133,3.8790809735221217,4.913689365664361,334.144152447788,4.038461538461538,1.7391019304444246,1,9,4.0,3.0,5.0,315,21.032064790390905,23.418293171851147,15.317400323273437,3.0,3.066239316239316,1.621793060238095,0.20286971571739226,0.21053803981976557,0.10180438538713335,40.460101452962675,32.468461621251336,14.929613084598433,4.211534894574515,4.281931982149787,0.5999291081136936,4.6,4.026495726495726,1.6334190344866784,78,78,10,0
M100039,40.203551106263035,22.84698892320129,5.616187309775211,106.05145769141984,37.73362538060091,21.226472650936703,54.926871321671285,2814.2485774384127,3.1,1.298270867876504,1,6,3.0,2.0,4.0,217,0.19071684036279143,0.11520556108628845,0.008880814946885616,0.534547253411455,0.18356648339551884,0.10123524951852618,0.2585174083497121,13.3501788253954,31.657966499191012,16.023599732847266,7.190830394168754,74.06891629724218,28.017917582635434,19.689294222122044,43.65129717559972,2216.057654943371,3.0837323145234334,0.6539893447834436,1.3455145685230443,4.04,3.1181796745327666,2.692027723173905,3.500237879854599,215.86126201664035,3.9714285714285715,1.948402754033536,1,9,4.0,3.0,5.0,278,36.85951969447195,40.28989821179298,22.217928152604046,3.4,3.0819047619047617,1.2953405614901303,0.20656405289311888,0.19263227334840144,0.10747873351387885,38.92206486018189,31.614804981789348,13.707184783072073,3.3419114027671704,3.0810759675263055,0.6716586666677977,4.2,3.916666666666667,1.705711129181073,70,68,10,1
M100040,26.314865664228535,16.762576824004725,3.9009227054731253,86.85384730053377,21.381385251034583,13.931957329544566,33.50474276037052,1868.355462160226,2.9859154929577465,1.3989073056851897,1,8,3.0,2.0,4.0,212,0.19881355794195435,0.12122707963413025,0.014923049961790419,0.6356784044345952,0.1780172886123632,0.1199547132815531,0.24432228717846693,14.11576261387876,28.877403127673993,12.645100038264388,4.610183684838529,56.369586078118424,27.78267371862155,19.262347662795577,37.47982974317878,2050.2956220648534,4.274139862689572,0.5412192491257503,2.8331503131466573,5.0,4.2526450107162805,3.8629154152691467,4.786008896825637,303.4639302509596,4.309859154929577,1.6176839643300867,1,8,4.0,3.5,5.0,306,31.61389483706044,26.063885747508504,15.650565674444195,2.4,3.0183098591549298,1.3310566838810651,0.17483570145674704,0.20244358045795371,0.1010816392224013,25.33960880786584,29.40486514165748,12.629475879893086,4.629329071281297,4.259508475251794,0.5093691098305136,3.8,4.381924882629108,1.5502241418292695,71,69,10,0
M100041,27.676645563284342,17.733594913926517,5.132375971401049,102.28765450042594,24.49567532513722,14.094384523838796,37.57979268516154,1882.0118983033353,3.073529411764706,1.2733335784888071,1,6,3.0,2.0,4.0,209,0.2150925935442031,0.13945647303566713,0.014502470641961033,0.5910443689538357,0.1965022571254153,0.0955678709088626,0.3138670855004138,14.62629636100581,31.199474353884185,18.774733589799393,4.511134865053987,82.06587822882175,29.183871565900027,17.917457328141673,39.316055629561546,2121.5642560641245,4.134943271859019,0.6187014775609374,2.64583966305514,5.0,4.049842300515316,3.7114950939822395,4.669767669923381,281.17614248641326,3.838235294117647,1.5703435703326156,1,8,4.0,3.0,5.0,261,32.000241543843615,29.1949957758113,16.003087456072247,3.0,3.1017156862745097,1.1888702165256455,0.18512585700788656,0.2151486317854167,0.13266645826557402,30.786015272285,31.02551916626516,16.77355945962426,4.262970550962179,4.140714807409795,0.6044673223512869,5.4,3.8117647058823527,1.4109752563933404,68,68,10,0
M100042,22.688127623172832,13.613023897785625,5.218484078131011,78.28690169100781,20.02354600043618,13.294351339739077,27.783559304238214,1474.7282955062342,2.8461538461538463,1.2019615378461737,1,6,3.0,2.0,3.0,185,0.18462484134924273,0.10719582793909291,0.011499353395544108,0.465135863887618,0.1809847889912536,0.09945641445626376,0.25833441302861593,12.000614687700777,31.071823326153684,14.81510880115974,4.0159241938081,87.18442823432903,30.21770514010157,22.238252401108717,39.44161873072398,2019.6685161999894,4.229249496793105,0.656193463102946,2.6001190437953627,5.0,4.31132615586921,3.7312392642813585,4.788928792565689,274.9012172915518,4.615384615384615,2.3297820961164186,1,12,5.0,3.0,6.0,300,43.34590713882905,22.10948578445848,10.574351713652948,3.0,2.816666666666667,1.1725827355015308,0.251375098731243,0.1800579332448208,0.10125506992981455,32.397046631998045,31.057237415115875,13.957738372322272,4.496148820624202,4.239579441269829,0.6607546045091234,5.0,4.625128205128205,2.1515876365999107,65,64,10,0
M100043,41.82694300107885,25.048178118437683,5.8363344717306,130.64748858197956,37.27160389979034,23.66831159957422,50.08882263265046,3346.1554400863083,2.9125,1.5846874067825456,1,9,3.0,2.0,4.0,233,0.202157501336738,0.11159333467282023,0.012355038928066692,0.4645771327231702,0.1779433065183457,0.12146702275450234,0.27635935934114586,16.17260010693904,34.08349708980697,18.024590989115637,9.075601672149094,78.75580245285518,31.431084999429835,17.396875583843755,47.11933326421634,2726.6797671845575,3.1257610952329067,0.6233071161983129,1.6452729453320938,4.04,3.120405439011078,2.6249435124091223,3.664608953757259,250.06088761863253,4.1875,1.692079463675511,2,11,4.0,3.0,5.0,335,21.55536413717711,42.45606994391875,22.94417808015969,2.2,2.88125,1.3822467003982795,0.24719104761338412,0.19995921101924957,0.10439826312385346,37.92995941835672,33.5538780821377,15.960061115347413,3.344444541354153,3.1255744488036643,0.6000910594340951,4.8,4.21,1.6111144199644067,80,80,10,1
M100044,21.505643494681653,12.217472604170784,3.637245797036106,66.18813450748559,19.58653576643258,14.184264946527172,25.47511009735031,1505.3950446277158,2.942857142857143,1.2953172549187588,1,7,3.0,2.0,4.0,206,0.22335889006730617,0.14210627014029506,0.011123015114161847,0.577790810267071,0.2016134201263693,0.10864015067458088,0.3014867905121841,15.635122304711432,29.941869430084978,18.215516976184848,5.887586940234248,94.5718625214883,24.645735458373977,16.39451566403655,37.74531638708655,2095.9308601059483,4.098005772261705,0.6554289181600313,2.564737981133276,5.0,4.233348266010729,3.6371556457292837,4.6342634725441245,286.8604040583193,3.657142857142857,1.3393240160154585,1,7,4.0,3.0,5.0,256,21.954017604714977,21.31715221415907,10.39176324754909,3.8,2.8735714285714287,1.2174469453507941,0.24565516279400318,0.22140975236726965,0.13966831402908134,21.788408292140875,29.98754271125442,16.947496361164088,4.365826756114578,4.092113477368993,0.6533486743554062,3.0,3.6880952380952383,1.3023860504708737,70,69,10,0
M100045,41.73117083743162,24.089082835881445,12.319213139500212,113.80048461542191,35.939078977441,22.498041770217807,56.31166335235389,3255.0313253196664,2.8461538461538463,1.4240688283829641,1,8,3.0,2.0,4.0,222,0.19629809933950726,0.12082702621365103,0.010503141325797202,0.5386487931297672,0.17299542126451212,0.09869803661207914,0.2729136303111093,15.311251748481567,29.82545851471289,15.487790708055824,8.113578210687328,72.15485262627348,26.922623883651596,17.45610682185549,37.82236381957942,2326.385764147605,3.153566103050997,0.6599998029818773,1.3562866407080367,4.04,3.250953233118407,2.566630505947618,3.737037059861021,245.97815603797778,4.435897435897436,1.7252121540138121,1,10,4.0,3.0,5.0,346,42.43196530270417,42.16383034916459,22.688369125801405,2.6,2.8014957264957268,1.351987769503686,0.09749695117205166,0.19649277396186107,0.10621752185072371,20.256754241322106,30.118500240482916,14.99199844033385,3.3075893514406216,3.1439757007136278,0.6286169978269245,4.2,4.467948717948718,1.6762316385820328,78,77,10,1
M100046,43.34204189558856,25.34326842151024,9.3954291231733,150.88949134124672,39.49708682745162,26.704373877761206,55.65135911605806,3380.6792678559073,2.8461538461538463,1.2900913395320757,1,6,3.0,2.0,3.75,222,0.19432899762886374,0.10927270190777012,0.009422209510854783,0.5381708788649333,0.1813853564874494,0.10654102407915733,0.2602935948579038,15.157661815051371,29.538184245733046,16.58020869671475,4.3042448752468285,81.44350462842718,26.691294360074046,16.679038135423948,37.5952487256523,2303.9783711671776,3.1722279540212024,0.6685961560430522,1.606444192940451,4.04,3.1786687052958587,2.7306163234900716,3.7818549731377766,247.43378041365378,3.871794871794872,1.7309930665190418,1,8,4.0,3.0,5.0,302,47.99086889389758,43.405302278297206,21.79920125483645,2.8,2.8547008547008548,1.2099452395990948,0.17616938176989053,0.1933190678770972,0.09979885369065324,32.041736811888676,29.773515436111058,15.357514682051239,3.379387113513549,3.1646599921137475,0.6576906735294578,2.8,3.910897435897436,1.5915698968324006,78,76,10,1
M100047,22.372945669700545,12.69789793758025,4.73614206824359,76.3010466852973,18.2904737224963,13.661255115884437,28.52271944988921,1767.4627079063432,2.8860759493670884,1.5441148968488585,1,6,3.0,2.0,4.0,228,0.2087442190560493,0.13075621252864247,0.022431255174341698,0.6260987717346657,0.18399482650130147,0.10329946035403256,0.3245264842425975,16.490793305427896,31.003927749366596,13.602877181186924,9.219852106453278,71.13686275935622,28.48902027169444,20.153069913080987,38.41602894566968,2449.310292199961,4.141994727512442,0.5232023724941952,2.5755317277609,5.0,4.1162684212526175,3.804079301229735,4.52082882423005,327.2175834734829,4.189873417721519,1.9616577850947359,1,10,4.0,3.0,5.0,331,24.19444464796402,22.5222896995532,11.886605302880987,2.8,2.9301687763713082,1.4359120949863389,0.19426357707042674,0.20806329564618598,0.11907672862425894,40.595141645778206,30.677987544642182,12.774450271669561,4.148497491125669,4.149478157247618,0.44441017077661626,4.4,4.231856540084388,1.7566094679001565,79,79,10,0
M100048,25.26931013537907,15.518080500876406,7.059957414534881,77.5012565524655,22.061264363456672,16.17911358496866,29.40159659905332,1389.8120574458487,3.4,1.7061978522759635,1,8,3.0,2.0,4.0,187,0.17775661507825646,0.10250474868903683,0.019118204640785223,0.46313928460264503,0.1524642888158505,0.11275912739859131,0.23181612674490393,9.776613829304106,31.024320521815415,15.955986727359758,7.623555995038037,86.86849444527245,30.821145250233698,18.66272046970784,39.41213316945438,1706.3376286998478,4.288131699871048,0.5563887370946149,3.0881372710310586,5.0,4.3434589885894335,3.9737187674547574,4.743169400846105,235.84724349290767,4.4,1.7277688459933478,1,8,4.0,3.0,6.0,242,16.75292948937306,25.656732046071223,13.803119137620738,3.0,3.4454545454545453,1.6387155412351317,0.1712700106208228,0.17772518212343458,0.09329404463058655,43.018958813473525,30.969564382103894,14.323841098874011,4.788343291852703,4.2431598114571845,0.4434814177184638,4.6,4.317878787878787,1.638485536627141,55,54,10,0
M100049,39.68907112961102,24.494553171129823,9.36510838426814,121.53486616037115,30.497954114955355,23.363357999700614,50.488141464040595,2738.5459079431607,3.0144927536231885,1.131016638240185,1,6,3.0,2.0,4.0,208,0.18154976090790464,0.09539420211848049,0.007089961099886073,0.4087130309540143,0.1753052040508934,0.10500643357160239,0.24134547402739331,12.52693350264542,33.667818927473775,19.367634575108685,1.8014346677582231,77.85462270499735,32.14632556622248,16.75513408825743,49.00916100444248,2323.0795059956904,3.2495415929597984,0.6872068703400213,1.0,4.04,3.366905497657421,2.877582859580754,3.7725583493028756,224.2183699142261,3.869565217391304,1.6441790681626325,1,8,4.0,3.0,5.0,267,40.62276425403053,39.27637544499263,23.78824374256656,2.0,3.0277777777777777,1.0426063451760776,0.24205690270600916,0.17877453807434954,0.0892366685973369,32.56704752111746,34.3153218107972,18.719834405557798,3.9664244307507643,3.246388259593925,0.6062341001179112,4.6,3.810386473429952,1.5031282789441256,69,68,10,1
M100050,24.222690265287675,14.441776381705624,7.632050520114866,81.11912947793552,22.035590581839116,14.323703444372342,28.652887607582606,1526.0294867131236,2.9365079365079363,1.4354162695439534,1,8,3.0,2.0,4.0,185,0.20612595250346322,0.11610677893278978,0.011561901894322811,0.4486161579808276,0.2052807748967806,0.11936383379743772,0.28246797996236994,12.985935007718183,29.822091149024757,12.461906797085149,6.981541706051734,62.17205910445079,27.467814949987375,21.165700509028902,37.989007346262476,1878.7917423885597,4.025634693102457,0.6299108567742867,2.8675223149328035,5.0,3.9684834081553464,3.5480222764015137,4.564901717393841,253.61498566545484,4.2063492063492065,1.5878442492760545,2,9,4.0,3.0,5.0,265,24.380134013570505,24.02167962138301,12.449821887497388,2.4,2.9216931216931217,1.2808272718775269,0.1373450851511924,0.20779218618089698,0.10857162602381926,32.46580251724703,29.961188602169013,11.514338146747335,3.474298519798505,4.038890946524506,0.6170364299414758,4.2,4.235978835978836,1.5207892372833047,63,63,10,0
M100051,23.813227030717385,18.472890509611354,3.2588474620404426,105.5790196942778,17.90939989753773,12.712157600492393,27.798553330368094,1976.497843549543,3.108433734939759,1.5461363978638154,1,7,3.0,2.0,4.0,258,0.20577583923288964,0.11504495780525086,0.013082439392140524,0.4696291868863886,0.19690998482868535,0.12670470916202087,0.27921149513071536,17.07939465632984,31.51192974790058,16.299028441039994,3.726475118555938,87.67860504685603,27.00238800257764,20.825756716025246,42.12153803080808,2615.4901690757483,4.200721126471435,0.6033524336842541,2.452727844498745,5.0,4.2719869433224975,3.829128932436789,4.665162002622231,348.6598534971291,4.144578313253012,1.6463746581910523,1,9,4.0,3.0,5.0,344,15.303025211282,23.74359809537709,16.118875805113905,2.2,3.108835341365462,1.5240505675147393,0.17431827694319516,0.20733959570379543,0.11206697528371307,41.07074926784141,30.436219215541456,13.974514574491838,4.1859325971707735,4.19347460463281,0.5240589285204799,4.2,4.11004016064257,1.5354095861940575,83,80,10,0
M100052,22.17992909996514,14.804381326942345,4.554343972536112,70.84532363062877,17.716401240291763,13.155381655708197,26.532828078398232,1641.3147533974204,2.945945945945946,1.2374508916991016,1,7,3.0,2.0,4.0,218,0.16720083769384797,0.10434279381556147,0.014090894160103205,0.4610556943941121,0.15957674441102576,0.08296749409617535,0.21480155581772853,12.37286198934475,31.717905300537076,12.828566050940582,12.13118298940928,71.73911424346419,28.777092207062783,21.78020617198941,39.67845645135333,2347.1249922397437,4.104770421826518,0.6024964818934149,2.9513057651333536,5.0,4.0587510732918055,3.6689830434057353,4.530071921876402,303.75301121516236,3.72972972972973,1.8154383394402338,1,8,3.0,2.0,5.0,276,17.388537690250807,22.649253874693184,13.169884964200286,2.6,2.9885135135135137,1.2068183160095767,0.10330875589309074,0.16773029366965228,0.09450007201380552,33.45894697412431,31.716944551677344,11.53601540613992,3.682100860821825,4.110867186913263,0.5737895781888571,3.2,3.782882882882883,1.7055606687398766,74,73,10,0
M100053,41.40244120980953,48.97016012430231,9.276265346738793,422.3393740528786,29.908595427004038,20.41144000190286,47.24228954197595,3146.5855319455245,3.1184210526315788,1.4693953882524418,1,7,3.0,2.0,4.0,237,0.21029016342602164,0.12328380283718017,0.015103825206741812,0.5421766595596711,0.19646845981031236,0.11790784837292563,0.28086649323968704,15.982052420377645,34.18514495380176,14.055428851183233,7.589544462168722,66.67809940986128,34.24365457796872,23.749192553469058,43.4664475321937,2598.0710164889338,3.145639247708896,0.6191871991173372,1.6787539874538844,4.04,3.1399908820688354,2.6761084860575095,3.6767787061057877,239.06858282587612,4.0,1.9113694915775266,1,11,4.0,3.0,5.0,304,27.049833347054015,41.55280752085283,28.78916452173323,3.4,3.0907894736842105,1.4396994459637533,0.16199436794747346,0.2131877912551233,0.11766062409720729,22.643038189397444,34.71305609653598,12.899474897614764,3.1510528943605314,3.1499378592513394,0.6128357962133317,4.6,3.9822368421052627,1.8409806971896023,76,76,10,1
M100054,48.08546566576027,29.132165575354684,11.22595856249576,140.13939996548413,42.63186523089457,28.490447401456578,62.36582183869136,3510.2389936004993,2.8767123287671232,1.1660141684799075,1,6,3.0,2.0,4.0,210,0.19360135017726396,0.11160146272809188,0.013986115635882536,0.4644489253920407,0.16728735864332273,0.08953419026124507,0.2744496738387598,14.13289856294027,32.20507243927372,16.93307557956069,5.949774650187847,100.43956588698335,29.548775931938696,19.223512389041197,42.971935672384134,2350.9702880669815,3.150822981218823,0.6549855895078084,1.1279840904280602,4.04,3.227533313106548,2.6609057419344633,3.656601852426178,230.01007762897407,4.36986301369863,1.8371690882311027,1,8,4.0,3.0,6.0,319,48.18845941008874,47.63828997817787,27.100807870237205,2.6,2.8881278538812785,1.11987293130309,0.23782033822349632,0.18921380353822617,0.11094446778320372,30.384340548353673,32.37517629149478,15.91057814518934,2.9697513787829606,3.1483118811827957,0.6161601683370781,4.8,4.399086757990868,1.7865787685729337,73,71,10,1
M100055,53.27677557236858,42.92866312642696,10.442207697916023,224.3576047179543,42.17892940681429,28.60994915765179,57.97014620048901,4635.079474796066,2.9080459770114944,1.1168079919506262,1,5,3.0,2.0,4.0,253,0.19168544506162513,0.10880877951835462,0.0221083026132242,0.4841659189118273,0.1759218397310604,0.1024152870289633,0.25156970167449894,16.676633720361387,31.734784568041885,15.260627932002755,5.772148630986989,92.21449704854645,28.55186143729219,21.54315990862431,41.6917677171934,2760.926257419644,3.212793823716982,0.6338900229791341,1.3534763810440618,4.04,3.167372485387718,2.8644506625663677,3.819370717095566,279.51306266337747,4.057471264367816,1.9904207913127925,1,9,4.0,2.5,5.0,353,54.44431308933689,53.66263982129789,34.70940928904823,2.2,2.9440613026819924,1.0140425777284428,0.26295096938137685,0.19165594684086085,0.10767528513032466,33.85188180736875,31.524724086887158,14.493453400744905,3.395473918010306,3.215151939341713,0.6050973005989214,3.6,4.054597701149425,1.920362216793361,87,86,10,1
M100056,42.28644718658837,27.404240833098584,9.72050522639948,149.71247428915254,37.19790669093835,24.39740086490742,50.14386152161304,3552.061563673423,2.9642857142857144,1.5711742870462804,1,7,3.0,2.0,4.0,249,0.1966470109349013,0.11320566969136309,0.026673812709922515,0.5816250989926921,0.17874163241621416,0.1145123706255942,0.2578412278800395,16.51834891853171,28.912244970592766,14.743736964466805,2.581199203975281,75.98706199928294,25.19401582412062,19.828778289126596,37.40414961091467,2428.6285775297924,3.32512571072874,0.6321650693119143,1.54918677608558,4.04,3.4203018372758756,2.9315262387696484,3.909618323316483,279.3105597012142,4.011904761904762,1.7320094021493293,1,8,4.0,3.0,5.0,337,41.64077905210208,42.57231072725121,23.562053205526297,2.6,2.953769841269841,1.4775152699649392,0.16066580250221946,0.1966190261619737,0.10467804907072242,28.574921606367656,28.875330297142384,13.107579551917079,2.9270320215444308,3.3422170678692877,0.6077710409662336,4.0,3.971031746031746,1.6655520792167793,84,84,10,1
M100057,20.034809836839017,11.177338939366688,5.5453526652568375,52.33163655784405,17.091662216183103,12.183697155593073,24.106296913834925,1642.8544066207994,3.0,1.3788526273323174,1,6,3.0,2.0,4.0,246,0.20710334925360793,0.12275289387920464,0.020539676259602502,0.5673994746826199,0.1778296234346704,0.11034900382102222,0.2989150226567703,16.98247463879585,33.84547759096722,17.202314118626703,8.65827157605365,86.528531142859,31.737725146816366,20.816493241178428,46.8339534495274,2775.329162459312,4.078226536510299,0.6488412067786764,2.7243668774748704,5.0,4.082099206884072,3.55259481858853,4.608425184340732,334.41457599384455,3.951219512195122,1.7277862738225567,1,9,4.0,3.0,5.0,324,21.44376664247678,20.04587462918169,9.970812118863641,2.6,2.9916666666666667,1.345041009395399,0.2881593273396641,0.20482451664103685,0.1169106622154406,43.90163683736368,33.25712804205229,15.91647870453206,3.985719204415049,4.096384682781231,0.6458595131107773,4.8,3.9747967479674795,1.6574654627579857,82,80,10,0
M100058,20.85677804408645,13.231637604263367,4.162062008070933,69.7125727664503,17.30688738127452,11.24773848039447,26.290843417026515,1543.4015752623973,2.810810810810811,1.3915171150673502,1,6,3.0,2.0,4.0,208,0.18228304199312131,0.11051337593076037,0.02264352507510844,0.5209045995489079,0.15722287785815353,0.09297054919705477,0.24237363557270097,13.488945107490977,33.336147101356914,16.150204474905205,11.2719665920153,80.36382253684381,27.57869574731369,21.7046489169744,42.249090905367424,2466.874885500412,4.113274928983773,0.5649319808571636,2.6521429014902766,5.0,4.1398234571586965,3.774265827342559,4.463708904633632,304.3823447447992,4.0675675675675675,1.730714327788726,1,7,4.0,3.0,5.75,301,14.249789017183616,20.941661325904406,11.116683048555004,3.2,2.7903153153153157,1.3832064821208991,0.10375331768679594,0.18752656017943653,0.10346473928985189,27.551526181630596,33.493548788349344,14.87057251109288,4.28070177218017,4.100639781535867,0.5346761286765538,5.2,4.0355855855855856,1.6014639255551792,74,73,10,0
M100059,39.33278840693791,30.6136165398397,6.518590686233115,189.71952803990158,31.172664065218285,21.483845752338716,46.52962493548803,3107.2902841480945,2.848101265822785,1.144536717325429,1,5,3.0,2.0,4.0,225,0.19283760098518787,0.10722685204325554,0.01462024572621003,0.4410424856594549,0.16037111344446464,0.11471195510889563,0.25567237605110016,15.234170477829842,33.12881740126245,14.699860614554975,7.924636213576437,76.58947805642526,31.061350970414985,23.05974410725547,42.15461786473789,2617.1765746997335,3.053062367917651,0.7291519403865833,1.0,4.04,3.077063437591171,2.5374929882467576,3.6713671990840955,241.19192706549444,4.367088607594937,1.7185057253164657,1,9,4.0,3.0,5.0,345,32.46566084803388,39.03732222185688,24.327546253786952,3.6,2.8559071729957806,1.0965428795256957,0.15993694106358491,0.1939962209448392,0.10176671757460885,34.625566074219435,33.368090018385594,14.623926176975592,3.234369469441435,3.0263922979000615,0.7107732508783375,5.0,4.343248945147679,1.6540189196746387,79,79,10,1
M100060,23.087445262508957,13.323873019025337,4.358776756914946,73.72065296095029,18.654175088043893,13.952182768594739,31.59068968021595,1523.7713873255911,2.9393939393939394,1.345977344406291,1,8,3.0,2.0,3.75,194,0.2075000958008954,0.12589275419892812,0.016198325689857452,0.6291369562016813,0.18662448173857638,0.11321609471407061,0.281622820106987,13.695006322859097,32.02700099595515,18.127509710824974,10.002838141242675,79.43438226817831,28.14670321623273,19.624448307668487,39.39678064367784,2113.78206573304,4.119394211819526,0.669848331913875,2.2789202412848244,5.0,4.1090570323085265,3.893880907743502,4.612798214303455,271.8800179800887,3.712121212121212,1.6619279954332138,1,8,3.0,2.25,5.0,245,24.21835806482998,24.323495028759073,11.364516949831199,3.4,2.90479797979798,1.227579941536541,0.23869864419337233,0.2115705522548034,0.11641262988330175,28.1795112205263,32.245247464597455,16.652986536094588,4.002134074431607,4.124799448995683,0.6119972738657405,5.2,3.738131313131313,1.5732497424677045,66,66,10,0
M100061,19.923290776762055,11.112955842025158,4.340881629154377,55.12276343854159,17.83321041471608,11.718318500758354,26.035752583321965,1673.5564252480126,3.0833333333333335,1.3815334010267761,1,7,3.0,2.0,4.0,259,0.22015778515577075,0.13234501912695776,0.021309598268971268,0.5892592514650887,0.20090179981772988,0.12428490057634116,0.30073437606022174,18.493253953084743,30.40330591529263,17.90448143832366,5.832791908610216,93.10642106303092,27.70148461832141,16.515029163219253,37.63879537073692,2553.877696884581,4.143041343941938,0.6458769308439266,2.447278292361445,5.0,4.275409441109402,3.7252771688327195,4.632984390984482,348.01547289112284,3.9285714285714284,1.6115973837676114,1,8,4.0,3.0,5.0,330,15.370241658470116,20.066515482859845,10.742329288293679,2.8,3.11984126984127,1.2454797976684038,0.11669127491364309,0.2272407319091633,0.1265002347124073,32.81197894629777,30.952928709725136,16.67982586250835,4.328462239452096,4.1527305145533395,0.6009134211466085,4.4,3.873611111111111,1.4781233272663248,84,83,10,0
M100062,23.088025407369493,14.665802560488254,4.994392367142618,69.39445210761785,19.75842486277962,14.111765272781438,29.53391549190107,1662.3378293306034,2.8333333333333335,1.3426901732747023,1,6,3.0,2.0,4.0,204,0.19638376342682135,0.10256909345558386,0.0017331516027190748,0.4926794908926711,0.18389013537092008,0.13205761308713576,0.24657176512178794,14.139630966731136,32.221661443603296,17.02401065373786,5.961329631281649,96.99488732824264,29.180210752430465,21.84196734819728,38.693482169760884,2319.9596239394373,4.303883610586367,0.6225622234720894,2.8211025559122156,5.0,4.3687430713393365,3.9274225789204573,4.891158676488393,309.87961996221844,3.875,1.626691968555627,1,8,4.0,3.0,5.0,279,15.709247161218542,23.29288508462019,13.14097036734535,2.6,2.8402777777777777,1.3547719222949317,0.13587260465339726,0.20013455619750978,0.09063382215190467,33.879619010574174,32.24016192064267,14.588237864369148,4.4657161604228754,4.3145443715371705,0.6246222214533705,4.8,3.851157407407408,1.5995214793048862,72,72,10,0
M100063,41.504289119083566,32.478438632908215,9.683127756142914,150.9391337387083,33.963584041152004,19.65423518795773,53.414375323794644,2614.7702145022645,3.015873015873016,1.4534948260731453,1,7,3.0,2.0,4.0,190,0.19009470489123395,0.11366974070848819,0.036031776166658584,0.6376583381258284,0.16845314543144949,0.10562882296147662,0.24853956447720493,11.97596640814774,32.899536510219235,14.811995634244733,3.510536425985528,82.20167332877652,30.158965574185533,22.59731569062268,41.781515837314124,2072.670800143812,3.239433908763556,0.6162440973473425,1.8429401605058224,4.04,3.2460107965650016,2.7279633367491245,3.838019690361126,204.08433625210404,4.285714285714286,1.7636890537566463,1,10,4.0,3.0,5.0,270,35.74774335214213,41.64335424440495,28.366291418021916,3.2,3.005026455026455,1.3410881946226425,0.09126647438873459,0.19115192812472173,0.10731567520071074,30.5019624122138,32.55911703046745,13.65318465070783,3.6609063357712195,3.2181934597529462,0.6233305972751384,4.6,4.337830687830688,1.6184802406799532,63,63,10,1
M100064,38.28746062698344,19.799839840290957,10.162833750925635,121.78355539647576,33.266557463315486,25.713142046165366,44.40489280592927,3101.2843107856584,3.111111111111111,1.2549900398011131,1,5,3.0,2.0,4.0,252,0.20728557104746853,0.14246015132606832,0.009117964103243578,0.612100602097656,0.181955336850744,0.08772394357962188,0.2784624296695709,16.79013125484495,34.16058606108385,17.75859463495416,6.269563455855933,98.06527330850714,29.77461138322711,21.039610962011867,43.804605781999065,2767.0074709477917,3.189628171858104,0.6095794331918769,1.0,4.04,3.2246242373464185,2.7788994415133863,3.6716837837092493,258.35988192050644,3.814814814814815,1.7110750356947466,1,8,4.0,3.0,5.0,309,40.643089136910376,38.054675708193,16.50353438104716,2.4,3.109053497942387,1.220830025432437,0.12985734932767973,0.21257986816664712,0.13334051369361916,24.390769641158904,34.02409229788734,16.433172354038202,3.5536921383881137,3.192775134340831,0.5463104918634429,4.6,3.810082304526749,1.4535447643073947,81,80,10,1
M100065,23.43082680799952,17.110330960432595,3.9537948489089474,104.76072591129447,19.496755876942988,12.847385727024868,28.19398239782889,1921.3277982559605,3.0365853658536586,1.4609748305791126,1,7,3.0,2.0,4.0,249,0.1988266496315491,0.11987634110672579,0.018545792391712015,0.5518988539316818,0.1695004206263362,0.12130737849286459,0.25751203082675955,16.303785269787028,32.85602102108151,16.613106695232396,5.729059958712194,87.60454808999535,30.118698225802774,20.788347019875435,42.10330892907294,2694.193723728684,4.20566663712244,0.6377722279448458,2.5735322178166764,5.0,4.329274025309007,3.6658176258689705,4.734375257577383,344.8646642440401,4.170731707317073,2.059634859457102,1,10,4.0,3.0,5.0,342,21.139931260310806,23.393343807331963,14.882520260897165,3.2,3.0640243902439024,1.3331417308706608,0.16475534364787953,0.20013984148466907,0.11176152356072273,25.142376635148878,32.780728499310236,14.978983590531655,4.147569852145795,4.207391152355318,0.5797106668759374,3.4,4.20020325203252,1.9766340078452818,82,82,10,0
M100066,28.935509661694347,17.370660983956753,5.438347488133509,106.02384016796161,24.661608714660872,15.4981371788522,36.62341460017573,2170.163224627076,3.0533333333333332,1.1377233470463786,1,5,3.0,2.0,4.0,229,0.2074889745961709,0.12980447176615262,0.022393269557780895,0.6731553118832786,0.17988217943522097,0.11128070539693852,0.2957934361919122,15.561673094712818,31.614024152410373,18.34152976483223,8.890294977899215,130.37182277901655,26.532418264958306,19.32822302807798,37.76488557019347,2371.051811430778,4.302195885410844,0.5810514633355742,2.8133916172879605,5.0,4.454122376975908,3.9463968123975564,4.782814455363157,322.66469140581336,4.266666666666667,1.5625112612206802,1,8,4.0,3.0,5.0,320,22.610368787481146,28.953346565238473,16.072058160107606,3.0,3.0557777777777777,1.0990414674213753,0.3214293928224533,0.207640815113391,0.12308024422584612,24.482241610259933,31.92397495126333,15.873448202236803,4.209020005961397,4.308824671122893,0.5265716320294099,3.4,4.273555555555555,1.4464301807298419,75,73,10,0
M100067,24.256735495229044,17.92573351983839,4.910125465801838,100.748190208204,19.534914943985576,12.48238572332204,30.08456756198562,1794.9984266469492,3.027027027027027,1.5167825805038135,1,7,3.0,2.0,4.0,224,0.1854761237250874,0.12718774164638402,0.029173122459741106,0.6226780599863695,0.15400480715514508,0.08259624954916013,0.24136797131329701,13.725233155656468,30.907507623888755,13.797838167789118,9.30388433639094,69.90955770478833,28.708969082513004,20.254495837401837,39.093840671393835,2287.155564167768,4.185131374233035,0.5904912814268104,3.006000013658367,5.0,4.146099092567438,3.792560546415909,4.716776575045307,309.6997216932446,4.027027027027027,1.5257872252689035,1,8,4.0,3.0,5.0,298,23.872490654054054,23.98571609468833,15.425624424254474,2.8,3.0545045045045045,1.4465834787176313,0.18432214458714102,0.1818905271300663,0.1159036896670803,28.319949359751877,30.603342461208292,12.825108490193909,4.327102779440244,4.168497233047974,0.5344675246525128,3.8,4.022747747747748,1.4604837500291532,74,74,10,0
M100068,52.89223221329168,35.56005546910367,8.1270054961651,193.32607115334247,40.968572262829646,33.41789137217627,64.01120165062105,4390.055273703209,2.9879518072289155,1.5887867429967757,1,8,3.0,2.0,4.0,248,0.20207574446981633,0.10807386199249677,0.03433496113740902,0.5302369082375942,0.19370421747956262,0.12640831432683491,0.25385299171391235,16.772286790994755,30.403343974286013,14.645588909014007,5.847792476753803,73.42004930324441,27.757578320622333,19.78909251615802,39.31722313601991,2523.477549865739,3.0986390290234835,0.5556995411238352,1.864122440524433,4.04,3.084674771311432,2.756305360269794,3.481102897665776,257.18703940894915,4.096385542168675,1.6350912395764472,1,8,4.0,3.0,5.0,340,36.708868332489345,52.87369381211791,29.72014004377392,3.0,3.0004016064257026,1.4230610934155123,0.21698525144362976,0.20421952592277715,0.10660315407863995,36.16565170323221,30.16814026948223,13.508950577298314,2.6287458389164744,3.1107683675211533,0.5271324530857776,4.2,4.0953815261044175,1.6120508685558728,83,83,10,1
M100069,21.05242255878991,10.592376223271025,4.956687070719638,51.602474141901084,19.33131996967145,13.150472730378874,28.407722068031592,1368.4074663213441,2.8923076923076922,1.4483080314098082,1,7,3.0,2.0,4.0,188,0.2167266555679186,0.12159347051150646,0.005750454266151703,0.520359102075116,0.2019835746160542,0.11742494521677446,0.3100441246240553,14.087232611914708,29.725031282406917,14.831614568609357,8.029033115108122,78.7868211017786,27.52734946376895,19.268897769771698,36.125534246158956,1932.1270333564496,4.1635090771732,0.7136607026291321,2.3228715763930663,5.0,4.29587090283943,3.8761046721772408,4.779800341560069,270.628090016258,4.553846153846154,1.862716172276801,1,10,4.0,3.0,6.0,296,13.69171648598513,20.977672461551307,9.742713667809285,2.8,2.9074358974358976,1.409996883295891,0.18229787783438273,0.2206818655470128,0.12245189206131454,30.018839656157127,29.6724907877743,13.797192897108165,3.934344031911409,4.186246318728179,0.6381864153547957,3.6,4.648205128205128,1.8005291756911572,65,63,10,0
M100070,42.759311663353124,23.262097990646588,7.875696188414725,140.81764802297684,38.449719909907685,25.600094799315496,58.40403426662923,3249.7076864148376,3.039473684210526,1.2695488907343866,1,6,3.0,2.0,4.0,231,0.2105526416396261,0.1270486156216481,0.030081168301556188,0.5391071114867669,0.1921590025265892,0.10288504418472719,0.2957744339207544,16.002000764611584,29.82359006974597,15.648692689648128,7.213668167260116,74.07299302283256,28.617640032776567,17.444390033063357,40.160229322308766,2266.5928453006936,3.31163536712199,0.7158857002967398,1.6344766924321847,4.04,3.461117492394623,2.6973832232853336,4.04,251.68428790127123,4.157894736842105,1.6004385363930502,1,9,4.0,3.0,5.0,316,42.274802534568984,42.750840952604925,21.295745028810586,3.4,3.0622807017543856,1.1919652880142124,0.23561626567004032,0.21144376888194905,0.11482076089620909,17.371368593289606,30.38298931326334,15.189095841568278,3.2878353497773722,3.3268738012923738,0.6839014988178092,4.6,4.116008771929825,1.508010938402427,76,76,10,1
M100071,26.898895665529917,17.758183101122224,8.120635755342427,86.6702577763865,22.999212764862023,14.78776292483398,30.339115072798926,1829.1249052560343,3.073529411764706,1.5289853866387582,1,8,3.0,2.0,4.0,209,0.2188182807075235,0.1170080105913423,0.02957113537257123,0.4514597082868568,0.20963751186118257,0.13373527771583646,0.2876184813846314,14.879643088111598,31.137429296264045,15.553169956702927,8.83352555205335,78.4188187921203,29.165937181810882,19.190090736306697,39.8025821700191,2117.345192145955,4.095947961392279,0.7079977555067632,1.9704686654157908,5.0,4.201707234005546,3.7083372692733834,4.6259824900962805,278.524461374675,4.014705882352941,1.7661210304770278,1,10,4.0,3.0,5.0,273,15.546986608127066,26.978924764765114,15.353458038430833,1.8,3.1254901960784314,1.4877609531349418,0.21563888481857868,0.22335637828126623,0.11206933445107159,33.39219703808884,31.147889450770126,15.219122110574613,4.199819750772881,4.110407399496142,0.6829796287780914,4.6,4.007352941176471,1.6943967178417967,68,68,10,0
M100072,45.89915439310962,31.290157890705153,8.671305126092419,171.8471124893853,36.83235568691114,26.2837408646612,57.812612404514084,3947.327277807427,2.988372093023256,1.3590150935967575,1,8,3.0,2.0,4.0,257,0.18440575563838396,0.1071161154402262,0.03369367920130228,0.46184951221141457,0.16081213100382685,0.09681388514193123,0.26214333026577374,15.85889498490102,31.94687886041517,15.349714070720955,7.20891863207369,75.41532696591486,27.827383204860524,20.508762174233986,39.510996334594665,2747.4315819957046,3.2046311880945204,0.5103468636249854,2.1790411059746546,4.04,3.2227990907628628,2.7814899350595557,3.5199292922709073,275.59828217612875,3.883720930232558,1.704103039215251,1,8,4.0,3.0,5.0,334,58.35418854071732,45.160607772412895,28.084712180796235,2.4,3.0102713178294573,1.2666300605023781,0.1971594293854207,0.18850660458383064,0.10212179380884213,27.091983039051968,31.672825220396103,14.239433778568662,3.4310150417216314,3.210438018048375,0.49845975735209425,4.0,3.887984496124031,1.623150506447257,86,86,10,1
M100073,24.385903227385217,14.51883579847265,4.339456432339231,68.32146548486104,19.31050168763401,13.763307111359524,32.16026714782842,1463.154193643113,2.9,1.2848530879548516,1,6,3.0,2.0,4.0,174,0.18101132115711674,0.1231332453692739,0.005559624282020519,0.6436524756233722,0.1705517788183873,0.08951193081672121,0.2475223941988058,10.860679269427004,31.748553144457915,16.83274706944109,5.205011151226731,81.96921463072515,27.68496555204195,21.314669501154413,39.28338201334031,1904.913188667475,4.09507147476933,0.5838805610024078,2.7215339423192657,5.0,4.039847053464786,3.751244024739697,4.469797726607349,245.70428848615984,4.266666666666667,1.549922542259983,1,8,4.0,3.0,5.0,256,33.842777619706986,23.7241855865506,13.043314025670705,2.2,2.9244444444444446,1.250157054839746,0.14941665682927896,0.1833478186430744,0.11772632879752802,35.66973060145292,31.084598203136455,15.283066098522506,4.55004673563197,4.071593970294204,0.5562776189436661,4.6,4.2444444444444445,1.5374807928701124,60,60,10,0
M100074,22.41328168390641,14.059048849901062,5.135035207486266,88.13249509994647,17.613749636530404,12.731243795098669,32.64311317889251,1680.9961262929808,3.2,1.461210161179813,1,7,3.0,2.0,4.0,240,0.20517343522547637,0.13078682533592936,0.013376073537167459,0.5877191586783649,0.19112869450907136,0.1121959070821193,0.2718983426659515,15.388007641910729,33.35503064447963,18.93731091869757,8.557324386995951,117.75110313646891,26.398144931427954,20.273072846486507,41.60166672050925,2501.6272983359727,4.138594585857445,0.7195210479074325,2.088343011596306,5.0,4.239676819389962,3.6955509008193492,4.818645896785282,310.3945939393084,3.88,1.6842674243589575,1,9,4.0,3.0,5.0,291,18.098534091213786,22.240142933808574,13.11785998041744,3.0,3.237111111111111,1.3412650103107615,0.1927391539200318,0.20367569510191913,0.11794332952321292,30.27076073014208,34.07222241354102,18.231980753333726,4.007288757181966,4.14499109948811,0.6783947290428397,3.0,3.886222222222222,1.5262654113873766,75,75,10,0
M100075,47.14573688318178,25.35162241057322,8.26380330117587,131.67076806668857,42.18240232502274,28.854012508412783,59.19652591002363,3771.658950654543,2.6625,1.3589250219161735,1,7,3.0,2.0,4.0,213,0.19790596493379842,0.11527770907767908,0.01728735417922735,0.48764094209373565,0.18420784281811642,0.11023234428645715,0.2739680800073735,15.832477194703873,33.104013561143844,17.96234284953949,4.006230322905743,84.11864133888312,27.940179318486337,20.951837433835856,44.29424676437789,2648.321084891508,3.2048098603019555,0.5728553996424512,1.7407431936415154,4.04,3.160676707387184,2.7570427229139223,3.708533530380934,256.38478882415643,4.025,1.7427971115858263,1,10,4.0,3.0,5.0,322,29.938674621637546,47.95099758444234,23.914270085387297,2.4,2.7079166666666667,1.2564503386586843,0.1212349556469636,0.20012017150742736,0.11028726341662828,29.054152338929516,32.91098870764178,16.390860837984686,3.125842935590997,3.203845415268995,0.5471021064050829,3.0,4.049166666666666,1.559053542191666,80,79,10,1
M100076,40.475118123352054,24.120246642124652,8.639203544944738,130.53656892450107,32.96123486730784,21.98650741738936,55.25970464396497,2509.4573236478273,3.193548387096774,1.2392317778606432,1,6,3.0,2.0,4.0,198,0.19730717631946507,0.10592074960342289,0.0089621097451385,0.4075502990408051,0.1964464975741058,0.12664658397417206,0.271045422060061,12.233044931806834,33.80537148783821,17.745260372815526,4.969230978311925,94.24753030799086,31.229781470378907,19.94898183884857,44.30275358901578,2095.933032245969,3.106211878707937,0.6291324869676249,1.4995428347577588,4.04,3.227161579004044,2.7203470438277577,3.5597343215687003,192.5851364798921,4.112903225806452,1.6104661651738454,1,9,4.0,3.0,5.0,255,54.92783219069355,39.45045609703993,22.511452733242606,3.2,3.199731182795699,1.2241396256794674,0.1805127994987977,0.20123630179244908,0.09751187302251535,26.801514066460857,34.15798024092129,16.088808133779448,3.720970022712227,3.1046426214302767,0.5853725221704126,3.4,4.1430107526881725,1.5293603850443849,62,59,10,1
M100077,44.911943498344925,29.68440326609153,14.227668575344518,163.36540636943377,35.24785706489856,24.074759877792864,55.02530425852727,3368.3957623758693,2.76,1.261059185871254,1,6,3.0,2.0,4.0,207,0.19632268349768858,0.11418885510519039,0.015773208948304498,0.4611580522700905,0.17424549809020684,0.11316910375385512,0.2766282051227468,14.724201262326645,32.350095901985014,15.590290330541094,6.656606962780679,79.83095126000173,31.587530036936318,20.580334054500323,40.0356683227232,2426.2571926488763,3.2803757717157227,0.6202355483929671,1.9399171670573176,4.04,3.3433314885622005,2.8172555982249223,3.8426014276858154,246.02818287867922,3.92,1.7764221558164817,1,9,4.0,2.0,5.0,294,54.54991585628684,45.314567213315456,28.38642368716994,3.8,2.719777777777778,1.2407371737357884,0.14950900145947887,0.1977559766764912,0.11243667841584651,29.539318624654175,32.00067221957659,14.507525316708067,3.304830602292759,3.312534134497049,0.5431671709487829,5.0,3.836,1.6667139820801316,75,73,10,1
M100078,38.22395465613667,22.007580158811333,6.334788145068649,104.49910273604333,34.57949129958679,23.883706119228062,48.100299889613424,2866.7965992102504,2.88,1.3652046673608262,1,7,3.0,2.0,3.0,216,0.1931397595092235,0.103675217696892,0.02937287338634717,0.5319534658936779,0.19171183384290008,0.10882108864656814,0.25475637605040646,14.485481963191761,30.91283137350331,14.915242499444464,6.152518575792708,92.90525539144457,28.067060222227116,20.080378612799752,38.81212191322546,2318.4623530127483,3.280232308771934,0.6771279138531009,1.4182894188036292,4.04,3.4459319404565294,2.801978461942453,3.8293495709037955,246.01742315789505,4.093333333333334,1.8756860606717207,1,10,4.0,3.0,5.0,307,45.67745290542509,37.636243292520746,20.59094106619334,2.6,2.8755555555555556,1.285402605219373,0.21480678060428127,0.1926239292930039,0.09508581752637028,36.80178234398949,30.815352598719723,13.254571065174108,3.19809156452267,3.3025126674813974,0.6492172441456002,4.8,4.072222222222223,1.7029618080356017,75,75,10,1
M100079,44.29571157242595,33.45460565677627,7.7052813477777224,227.29458202075165,34.24592183496209,24.23212471218648,56.44369635916372,2569.151271200705,3.0689655172413794,1.1059975090469911,1,6,3.0,2.0,4.0,178,0.19012183943641067,0.10594265937924466,0.024256196937135523,0.39984799363258544,0.17322517831724887,0.11022903112122684,0.2510426019150563,11.02706668731182,33.81185338721731,18.945820984872018,2.759402792277017,107.333714658145,29.465837468929642,23.094254729916138,42.53049557759388,1961.087496458604,3.311877943261073,0.6945016920915787,1.399273076491116,4.04,3.4638838331507924,2.7278718999310656,4.04,192.08892070914226,4.086206896551724,1.3016114541196475,1,8,4.0,3.0,5.0,237,55.41056760071869,43.66145225572101,25.86918313820596,3.4,3.070977011494253,0.9987626617503481,0.26155256697317586,0.1857631733592711,0.10465675037168717,35.569804727464856,34.87384233177231,18.366492437247153,2.832159408125113,3.2866955393296045,0.6900118737070812,4.2,4.062356321839081,1.1529365637232463,58,58,10,1
M100080,25.48245369459009,19.074200955504846,7.6702050271636555,104.53734258908717,20.350605471254134,13.67035903705234,30.049247798811027,1936.666480788847,3.0921052631578947,1.4803389844126682,1,7,3.0,2.0,4.0,235,0.2121418729926969,0.13238073947604087,0.023848280447549188,0.5778671483507021,0.17847499906510217,0.10390442851025042,0.2941006487614316,16.122782347444964,31.260502850870072,17.11086836776153,6.923437475533529,86.6484876598562,27.44904669238629,18.01845710666594,43.60136353643678,2375.7982166661254,4.1831593830396425,0.607591246108532,2.4924829515278972,5.0,4.185845757645137,3.8243757025662437,4.6616808833456025,317.9201131110128,4.0,1.5748015748023623,1,8,4.0,3.0,5.0,304,18.91620437177383,25.71390099676833,14.740252522012343,4.6,3.107675438596491,1.3902827848360517,0.1626104524038637,0.21750754529948071,0.12927678043746235,31.21934538198992,31.310300907097055,15.756486028393914,4.015279244929459,4.179530500878213,0.5843348336990545,3.4,3.98969298245614,1.5473498048842442,76,75,10,0
M100081,24.155539113525542,18.797589849632594,6.367238384438163,120.4471501410432,18.95486135848709,13.831222172783477,25.352124308600676,1715.0432770603134,2.7746478873239435,1.2894869754905471,1,6,3.0,2.0,3.0,197,0.21026150466055313,0.1229275315588409,0.0034759293566638022,0.5560466992307571,0.21439527708855194,0.11063059380792693,0.2774130838874419,14.928566830899271,30.806259274119665,14.897721745477973,7.067223030819162,81.99179573263436,29.106600674567563,19.532775473516054,39.463644381202585,2187.2444084624963,4.15965431196544,0.532437566445276,2.9640485077576395,5.0,4.126716415032486,3.7895769520568496,4.5179466232796175,295.33545614954625,4.295774647887324,1.4579277485251172,1,8,4.0,4.0,5.0,305,25.67094092324383,24.02165745727856,15.728546632224065,2.6,2.762206572769953,1.1911823264925823,0.2110586618875992,0.21493527671410728,0.11915249614137335,24.573703022162846,30.92162784431079,14.410262885991022,4.131471179589325,4.166958463852848,0.49327160284754,3.6,4.335211267605634,1.358916619824001,71,71,10,0
M100082,21.556413110100735,11.477115354606141,3.2901504425529287,54.54455491358844,19.334763219855283,12.294715416730472,27.734462573058018,1724.5130488080588,2.9,1.3178425022587084,1,6,3.0,2.0,4.0,232,0.2190299099271203,0.1285701366441871,0.005075213017612278,0.5664830850417357,0.192095912574492,0.1319938935880288,0.2948213003812858,17.522392794169622,32.86913247528677,16.167837134597065,4.484175651273209,79.3077975739005,30.902041558908273,18.879703741026894,43.94943024379361,2629.5305980229414,4.070257427521519,0.5397036904764978,2.8525807228390683,5.0,4.05717355180982,3.682001671874489,4.4762761315942035,325.62059420172153,3.95,1.7276603041634886,1,8,4.0,3.0,5.0,316,16.150650195278473,21.522085361927093,10.710204538368192,3.2,2.861666666666667,1.328965849291228,0.2210708482828617,0.22307878130110487,0.11545624041280027,34.36229021326525,32.45592978670339,15.137455118208738,3.95904986139618,4.062171678711927,0.5060654005393707,4.0,3.928541666666667,1.6205781518795062,80,80,10,0
M100083,41.02516149838541,26.182330045049287,13.132398666201093,180.608627698276,34.52767741885476,26.55282079704204,48.60537042577721,3076.887112378906,2.92,1.17127788841585,1,6,3.0,2.0,4.0,219,0.20556078972389114,0.1205338657194234,0.012732729635251586,0.4836655646305108,0.1907184711042659,0.10701686353230824,0.30896021893980535,15.417059229291835,33.63908190784421,17.77253319005238,7.55355604791452,79.79473165438752,30.124979643646494,20.350733359449862,41.257082793742214,2522.9311430883154,3.259720206654854,0.6017047965673086,1.9236229230673692,4.04,3.2589446532554716,2.7368010271962877,3.8798796933375987,244.47901549911404,4.1466666666666665,1.8135625186381115,1,9,4.0,3.0,5.0,311,46.85055853744737,40.646439703326514,22.731359569130372,3.4,2.8755555555555556,1.0382222575827833,0.14286669381137607,0.204058444693659,0.11283281858813418,40.36633554050469,33.202626809884784,16.96148225346362,3.352579462299908,3.2743883774685276,0.5671000351201783,4.2,4.132,1.725445354465922,75,73,10,1
M100084,37.30381915396463,22.012932749152213,5.411513340847163,108.65009175896019,32.58290363025259,19.458268620529022,50.19612008313211,3170.824628086994,2.976470588235294,1.6688780847097995,1,9,3.0,2.0,4.0,253,0.20476298966267792,0.12629839170389132,0.02108213337977422,0.5794809451741205,0.1818090629748058,0.11480031910686492,0.28328218844831005,17.404854121327624,33.93858053175028,16.491695994737494,2.6541140476811207,89.3060208406349,32.30066209302798,20.724233788840447,44.70980470210392,2884.779345198774,3.250181298431338,0.6609122842230697,1.3757863470210263,4.04,3.3558723826800794,2.7706316816029366,3.8506870472550885,276.26541036666373,3.7294117647058824,1.8412485107750594,1,10,4.0,2.0,5.0,317,38.30550134176258,37.948181310051964,20.506316562418927,2.8,2.991764705882353,1.4961732076116345,0.1942697616208565,0.20715985893280767,0.11291092167618216,41.04756339962602,33.69471942063256,15.756136659893675,3.2972600057090147,3.2516905624535424,0.6193315844559317,3.8,3.7370588235294115,1.7580837594647494,85,84,10,1
M100085,23.439434970359905,16.710709961292835,3.796501510490869,102.04919326267095,18.499750064249092,13.246910273788721,29.14671905937663,1640.7604479251934,2.657142857142857,1.2263497655285822,1,6,2.0,2.0,3.0,186,0.22012334549411652,0.11989406595902886,0.020754624154778502,0.4875447962133821,0.19783462033435806,0.13757392934159715,0.30162198539897206,15.408634184588157,32.70736694345078,17.05596525588941,3.851352498025007,94.09314804834604,31.644026202868368,18.27608114567232,42.18839470080308,2289.5156860415545,4.048055337097007,0.6401424631423782,2.5945255760136803,5.0,4.118878793629667,3.643556221539634,4.566300021074159,283.3638735967905,4.0,2.0144406207413397,1,12,4.0,3.0,5.0,280,18.173532705370516,23.322998233854427,14.109697441888132,2.8,2.6599999999999997,1.1611724118206743,0.3169216944338133,0.219326278252811,0.1077736241416404,41.25593595246246,32.539221618640795,14.449578256748614,3.2471009656697283,4.036790256283849,0.5948006687964413,4.6,3.967380952380952,1.8197763442219328,70,70,10,0
M100086,21.371261774156714,11.382555570050265,5.983230252859956,59.81088518416235,19.239884464913352,12.397335572742502,27.8423525008017,1816.5572508033206,2.988235294117647,1.459730223339221,1,7,3.0,2.0,4.0,254,0.17607358711380003,0.09664171877778797,0.013826098827294027,0.4010287179903854,0.15691470291318566,0.10526135948459875,0.24442695831439512,14.966254904673002,33.56178582236231,16.49389746971639,3.817628520775715,96.03027771432104,31.50413291338397,22.02566237133333,42.2794950415192,2852.751794900796,4.202134754472649,0.5990085241562622,2.099631368756187,5.0,4.281523522201894,3.8088703858265944,4.619407208429654,357.18145413017515,3.8588235294117648,1.7872094580822988,1,9,4.0,2.0,5.0,328,19.69695951978601,21.83827762279972,10.678688273493245,2.8,2.9798039215686276,1.4562061532083392,0.1546752438016497,0.17673080177797282,0.09786898697431926,30.767633934677598,33.377576800248576,15.88577753628836,4.333786308479672,4.1992068462271455,0.5439725665124251,4.4,3.816666666666667,1.7198540724209035,85,84,10,0
M100087,21.300590487907105,14.889185111534996,5.365034716755106,110.64711759088321,17.19440553396252,12.391888174071143,26.345200040742927,1640.145467568847,2.792207792207792,1.5160341471093721,1,8,2.0,2.0,4.0,215,0.17059649668587684,0.12381871545729965,0.01594803985347877,0.5745414050933485,0.1349242612739127,0.08284770486089878,0.22277595614639306,13.135930244812517,32.1603173347036,16.678421357279007,6.653947518733361,84.83805413517622,27.75306397604551,18.22790188503456,44.31946390417961,2476.344434772177,4.1000003239237035,0.6465059900633398,2.3894685809511613,5.0,4.104473797057433,3.6536403990920188,4.606307596365191,315.7000249421252,3.8701298701298703,1.7796410737373078,1,9,4.0,3.0,5.0,298,21.8642901154798,21.53865265174131,12.202932310118305,3.2,2.8103896103896107,1.4014731122629187,0.1956592561182139,0.1673652831165171,0.11073981065707464,33.92059657601372,32.54950789538108,15.74089007153664,3.9611815123768244,4.0925158561546064,0.6217047150934187,6.0,3.891558441558441,1.663454699027432,77,77,10,0
M100088,25.48138706314581,18.26054666893131,4.302061909009498,89.09141880012977,21.116361439536522,13.96231419053982,29.118376285363162,1681.7715461676235,2.909090909090909,1.2857475853163611,1,7,3.0,2.0,4.0,192,0.2004310587153495,0.12630887658075102,0.027032801846585172,0.6247715143995233,0.18672173904414735,0.09335484671599172,0.2777774928301751,13.228449875213068,32.63604682307883,15.003042480295122,6.908523183376216,87.04023339990471,31.30454368058411,22.27753504490157,38.876284820829795,2153.979090323203,4.234039928583426,0.6508000469406594,2.6620014777034244,5.0,4.242973474188192,3.8499904549233657,4.878252223133344,279.44663528650614,4.136363636363637,2.074655586885642,1,10,4.0,3.0,5.0,273,20.439678388114885,25.641553466949144,16.030051264529256,2.4,2.9464646464646465,1.2982613383981358,0.16694552803058987,0.19960649794639101,0.11923573374689438,41.56613647561559,32.75114142844421,13.859837730733968,4.313954155882541,4.239894646459323,0.6148471143241104,4.2,4.095454545454546,1.842389280665578,66,66,10,0
M100089,49.42173572359202,38.656129429776364,6.059467440008358,234.41603221078367,38.77115999617205,24.13109273007706,61.876288064037176,4003.1605936109536,2.8518518518518516,1.397418254416972,1,8,3.0,2.0,3.0,231,0.18767954072319604,0.10856799836670342,0.018845179053714658,0.4802029614577407,0.1727683006709809,0.10229539126126345,0.25642953833195403,15.20204279857888,34.17006778252011,17.864836749734774,4.746973877687133,91.43146388411245,30.39517093819999,19.425013831617772,47.4183042298215,2767.7754903841287,3.241185132434658,0.5332926022676645,2.032627569211612,4.04,3.2388784036266127,2.8165425854983983,3.5440413323809254,262.5359957272073,4.074074074074074,1.6641647888488822,1,10,4.0,3.0,5.0,330,53.79231244200821,49.22315120941527,33.835125877263884,3.2,2.8209876543209877,1.1895144179887247,0.3188314285346053,0.185793329351449,0.10087268986519929,30.39888979198389,33.897855403581175,15.924926446975409,3.3781530017400963,3.2484444369204364,0.5272282636744132,4.0,4.087654320987655,1.5777964045488688,81,81,10,1
M100090,23.756239244168956,16.684940043884854,6.449917630909745,93.9397657829709,19.07645978170963,12.315850397364967,27.674901236452172,1805.4741825568406,3.0789473684210527,1.241108728997175,1,7,3.0,2.0,4.0,234,0.1878543284359708,0.11985887795982102,0.017324583584586536,0.48530300031853246,0.1674534949749981,0.10283112376859652,0.2553141572955419,14.27692896113378,30.241343527162837,14.478284007098729,8.435859811277565,70.8554051051213,28.17889055392767,20.72341641990612,39.25765091555495,2298.3421080643757,4.34121468070953,0.5532685518749044,3.0663743686152896,5.0,4.348350159629743,3.910714402857863,4.880709548258268,329.9323157339243,3.8947368421052633,1.7403367288615619,1,9,4.0,3.0,5.0,296,18.27246289714389,23.70624798947577,14.439272412102184,4.0,3.056578947368421,1.1632359112691601,0.1304112240622169,0.19081388451725265,0.10868819143067618,34.699583951886275,29.85995226918351,13.540828355843406,4.31077544574547,4.355872169737883,0.5207948248494715,5.2,3.844517543859649,1.602358249173404,76,74,10,0
M100091,24.82632415298266,15.523112412652418,6.712454282927712,73.08437021455765,20.300928810248173,13.928034419432606,29.98677062485831,1936.4532839326475,3.2051282051282053,1.4357130845931791,1,6,3.0,2.0,4.0,250,0.1939898656041185,0.12370372632877907,0.01018882429333887,0.7184566496051941,0.1755223439137671,0.1011233429699368,0.23906953055002325,15.131209517121242,34.71183031596857,16.125257726340475,3.3133817579275635,81.75897119948922,31.295250482601155,23.434017928655283,45.08986689008029,2707.5227646455482,4.108501777321917,0.6204846201887717,2.5510464904301573,5.0,4.178483913127695,3.5824897045334483,4.6348088532681855,320.4631386311095,4.0,1.765469659009499,1,9,4.0,3.0,5.0,312,26.075967849860564,24.59400745262863,13.852288368011097,3.0,3.1942307692307694,1.415281345181235,0.1573051541972357,0.19236275538960831,0.11649695174668727,29.215132216567042,34.57310511713155,15.454951180146626,4.614498588460336,4.098290022276249,0.5928042222655784,4.4,4.03034188034188,1.7062536397402255,78,78,10,0
M100092,47.21359049390517,32.8707114816196,9.72364952091118,172.38430813260575,39.92444970345677,26.98459421095607,56.898189889312114,3257.737744079457,3.0434782608695654,1.3659168716491332,1,7,3.0,2.0,4.0,210,0.19876931993583474,0.1235259089752999,0.01632197270023082,0.605476292412729,0.18590813526140043,0.0944285844889055,0.2556265807306695,13.715083075572597,34.20093112385043,16.570490059073926,5.378611290393085,73.0783991089731,33.927940778238,19.89026525765332,44.35327732024492,2359.8642475456795,3.1227140866115253,0.6828505646218885,1.4292400411960555,4.04,3.12591592837369,2.6767408967187842,3.695964091848693,215.46727197619524,3.8840579710144927,1.6227811265926266,1,8,4.0,3.0,5.0,268,27.097958799408595,48.087071920637136,29.14469383125508,3.0,3.0562801932367147,1.3019984972531178,0.22797935166071545,0.19586033460685257,0.11528915309669893,42.36587522109117,34.68166590700545,15.78182747355656,3.141767890276703,3.1260661780259644,0.6168210065946785,2.6,3.935024154589372,1.53749710093145,69,69,10,1
M100093,49.08043208624101,44.97910893846632,12.831782229125775,295.7296519463659,36.14301501415976,26.30424261101688,57.88762920337952,3975.5149989855217,2.962962962962963,1.4700718047466632,1,7,3.0,2.0,4.0,240,0.19451776316709232,0.11537303936421683,0.024201779989643433,0.4968402663908916,0.15777862788989472,0.10462256461704053,0.2784439001819078,15.755938816534478,33.949350723519515,18.044092410649252,4.784710649134489,87.72542089915122,29.39699106617194,19.997145996580965,45.06407324446547,2749.8974086050807,3.2588536669286077,0.5641775623624307,2.0084758982584328,4.04,3.231783977165021,2.915890939006453,3.7358988248186584,263.9671470212172,4.074074074074074,1.8559214542766738,1,10,4.0,3.0,5.0,330,31.06574246368579,48.87497766368194,31.90382504666879,4.0,2.9915637860082303,1.3291303234674618,0.2106561315963537,0.19320288531955832,0.11566582648100229,29.940438224803074,33.36984645618878,16.80846485138772,2.96374799155046,3.2740417738766197,0.5564876886219838,4.0,4.082921810699589,1.7786114816723742,81,80,10,1
M100094,25.459226520534028,14.602608754149829,3.637223362064147,75.73411593256728,22.40032752704575,14.987706196710356,31.206303005493005,2113.1158012043243,3.036144578313253,1.4934473390287166,1,7,3.0,2.0,4.0,252,0.1946365709975313,0.13038992153273044,0.01158539912485247,0.5728977020293092,0.1706129716417238,0.09655291590743405,0.262719771102898,16.154835392795096,31.803969765372646,16.492573822189087,2.7956837743415712,85.54300378099641,29.0314258758109,21.225952090609574,40.77994544258957,2639.7294905259296,4.1784070125466455,0.651894338202116,2.2544589104053783,5.0,4.162840839696576,3.7795618652404706,4.782557466844615,346.8077820413716,4.0602409638554215,1.6553637695446313,1,9,4.0,3.0,5.0,337,24.272011414586853,25.578633713440894,13.22739843280797,3.8,3.0305220883534134,1.4163744642491745,0.2655076159040451,0.1938530972500789,0.11691478087437927,27.46689093357434,31.883143666586783,15.175848298516241,4.386858387053282,4.16083783180242,0.6043227884330729,6.0,4.014056224899599,1.488778958466079,83,82,10,0
M100095,41.847867007964624,26.479150154522515,6.922101797679262,150.59913263000925,35.497080986789946,24.138560869873988,51.66527317085466,3305.981493629205,2.9873417721518987,1.1928598568585127,1,6,3.0,2.0,4.0,236,0.1971190499798542,0.12313331429156153,0.004154143928408779,0.544606053093842,0.17820169588053705,0.10444943668033783,0.27306619832734114,15.572404948408481,30.97468599260493,16.569121942600027,6.687331710403106,99.05577313270884,28.48826852409262,18.54464964217523,39.77787643894331,2447.0001934157895,3.0955761425141586,0.6629287585823926,1.2139270269760165,4.04,3.183919227439312,2.7444754540794447,3.566981522167368,244.55051525861853,4.215189873417722,1.5078502788691857,2,8,4.0,3.0,5.0,333,45.347524282616966,41.58509454647048,23.243014477003836,3.0,3.0468354430379745,1.0931239581129868,0.15376809845320938,0.19885123761237433,0.12008506030816857,24.83086993753546,31.31781305814643,15.505236430526821,3.201371494382923,3.1066813237301205,0.613395990677033,4.8,4.1951476793248945,1.4409402035638916,79,78,10,1
M100096,39.47534417171147,24.403642065547906,10.932496250904283,131.3836372326892,31.146584005356267,22.529893437813776,50.552536144592736,2960.6508128783603,3.0533333333333332,1.5587012380663428,1,7,3.0,2.0,4.0,229,0.2231743641981163,0.12906695893828227,0.03770053927496606,0.5608240279000519,0.1966432818728327,0.12828738013187602,0.31268583943633205,16.73807731485872,30.718036924287365,13.8799430293166,3.888375036268125,66.64647495214408,29.161708148139972,20.191392926549838,40.06556267447853,2303.8527693215524,3.2964315875533625,0.5810338772267749,1.5806838819783104,4.04,3.3299488216112527,2.9373630793532866,3.775609964604442,247.23236906650217,4.066666666666666,1.76553592914931,1,8,4.0,3.0,5.0,305,47.19413058613385,39.589988005281135,22.46401941561065,2.8,3.008888888888889,1.4761621083606067,0.14031059066500423,0.22503038694210592,0.11687415805886836,19.70830855614964,31.245252750200102,13.605213541579355,3.8118087665151044,3.3028527180310854,0.5357176847699363,4.2,4.071555555555555,1.6915495552861153,75,74,10,1
M100097,51.190456664084905,36.83172508646733,12.059805787275122,176.85539511726205,36.909728925819174,27.626264849425844,60.53175548809129,3327.379683165519,3.1538461538461537,1.3605004735249226,1,7,3.0,2.0,4.0,205,0.20883813266102422,0.12047162023880668,0.01748443940813377,0.5136870791261454,0.19732902288131254,0.10958485964362795,0.29696556554653225,13.574478622966573,31.97329351154872,15.539860995147082,5.67364734558191,79.71054987316785,29.74029893873567,22.315620460096405,41.79192074128327,2078.264078250667,3.2938510305084385,0.5470323414116969,2.2083355328905268,4.04,3.3148128898845313,2.8455647251563265,3.774106012017824,214.10031698304851,3.9692307692307693,1.5100624031934777,1,8,4.0,3.0,5.0,258,45.679334457491095,52.246896732115026,33.23571905814316,3.6,3.184102564102564,1.2710397913742113,0.15515364433344936,0.20829821123681436,0.11878629544750673,28.84884860854485,32.11306672766358,14.089758857211583,2.9838603600216773,3.3021629424191805,0.5392366397288353,4.2,3.944871794871795,1.4365071117779502,65,65,10,1
M100098,28.425250378229315,30.962052386539913,5.878209656698254,253.89511308002082,21.674710359116904,12.765601922601205,34.03826514996084,2188.744279123657,2.935064935064935,1.3797183383199547,1,7,3.0,2.0,4.0,226,0.20790530217548553,0.11372573304890665,0.039041076274498265,0.5421810270657541,0.1901016986394279,0.11875781062522504,0.2580788141043995,16.008708267512386,30.44779788321579,16.788515376089865,5.917727313366433,99.52053073622666,27.408892144592517,18.02181018968781,38.877671438075815,2344.480437007616,4.211220906512898,0.7257786042830267,1.7856808014072358,5.0,4.271331747535202,3.7632936540231223,4.872005295906161,324.2640098014931,4.0519480519480515,1.870097829527304,1,10,4.0,3.0,5.0,312,42.71959510083626,28.692114348348973,19.082661848277866,2.8,2.906060606060606,1.3456064559156933,0.26212761839411136,0.20511521947649838,0.10387720165322752,22.8439302704292,30.547934448982573,15.891686021770791,4.374294473959565,4.227913179797102,0.6481183531631711,3.0,4.057359307359308,1.7054080985281896,77,77,10,0
M100099,38.023673266806114,16.68082729477818,7.470384063120602,83.90072840754213,35.41163630149511,25.908299061399127,50.94450029133409,3384.106920745744,3.157303370786517,1.4916348292187696,1,9,3.0,2.0,4.0,281,0.18598811019428113,0.1190068800168717,0.01467445442179345,0.5669694586316331,0.15862268471482263,0.09552578298587572,0.26153894328834415,16.55294180729102,30.11418366836626,13.545257035099429,6.216477221957736,72.65485345866517,28.489641070302696,20.673053092366175,35.88481546685113,2680.162346484597,3.171402424509337,0.6086369383432885,1.6296006156371043,4.04,3.0881359272041893,2.7936115718000067,3.6143972226985683,282.254815781331,4.056179775280899,1.5765292039635515,1,8,4.0,3.0,5.0,361,46.524771973703714,37.60045932606236,16.086318684413598,2.6,3.189513108614232,1.3501303344857758,0.16519477974556693,0.1910189668988995,0.1037920684105555,33.589447900734235,29.86509957763147,12.54536195773725,3.510842083309991,3.1497782207853047,0.572062378642769,4.2,4.024531835205993,1.5477650240911418,89,88,10,1
M100100,46.99307045350716,31.273020870805546,10.33552162475212,206.96168434695397,39.62128649005419,28.16364226364879,57.03802869846542,4417.348622629673,3.0638297872340425,1.4203476072971688,1,7,3.0,2.0,4.0,288,0.20051831884013357,0.13718977437272786,0.0034872626117491215,0.7141341270936423,0.1751499351545968,0.09306910346628815,0.2795541043752033,18.848721970972555,33.97528902222741,16.560332821877953,7.255774536408999,90.34479589187154,31.332774444046365,22.34798574664282,44.56991037338074,3193.677168089376,3.2319086349109463,0.6429461685885179,1.0583160288026656,4.04,3.29464507290107,2.8261166418180874,3.7093838228082188,303.79941168162895,4.404255319148936,1.6285038250813957,2,9,4.0,3.0,5.0,414,52.559514539874975,46.07273020528328,25.85743481429289,2.8,3.111524822695036,1.375717766326545,0.12040846146946357,0.20343031763747507,0.1275662329517173,29.778874521090035,34.12336829566308,14.243019177032425,3.1332120262990477,3.2384019620247817,0.6217825794567998,4.8,4.394148936170213,1.4625427253932057,94,93,10,1
M100101,21.216298065056655,12.997101486021263,4.436857336511097,60.96966406332509,17.43633056582614,11.617829940156177,27.405063765375914,1485.140864553966,3.2142857142857144,1.5961262630566064,1,9,3.0,2.0,4.0,225,0.21525148018817886,0.12480685664281535,0.022228498511048498,0.6155768472639375,0.19312740354617275,0.1203987791809216,0.31410759692503826,15.06760361317252,34.577770884262165,15.339329910540423,10.125513498059062,81.71030487927537,32.4794029393941,22.999193915323453,44.78232224551163,2420.4439618983515,4.177961924073746,0.6123279433498255,2.6467581856178075,5.0,4.137307741344637,3.7696659545685502,4.749039951416615,292.45733468516227,4.142857142857143,1.7469286861141553,1,7,4.0,3.0,5.0,290,20.1279174740666,21.07144696340483,11.608974462873972,3.6,3.2011904761904764,1.3915695673241744,0.14469535321785496,0.21439543598795247,0.11850386848284158,26.568364773924657,34.63395876205512,13.347946362650672,4.525223374421698,4.149497898599336,0.597869455120672,5.0,4.0807142857142855,1.6925740763110217,70,69,10,0
M100102,26.33835025896125,14.757890079608046,6.665433989359024,78.41099522737707,23.561095064381043,15.606219122844282,32.95925490249739,1448.6092642428687,2.8181818181818183,1.1720654306553766,1,5,3.0,2.0,4.0,155,0.19123820915883896,0.11517904748775841,0.015418570746967782,0.5381287584292508,0.1643197987982702,0.1073953321328193,0.2816616875813993,10.518101503736142,33.66912971176786,18.910829571928122,4.10692851375132,96.73546076517071,31.0025976245418,18.142521829141817,41.111543441032154,1851.8021341472322,4.186059273746074,0.6212247908495014,2.214146945668043,5.0,4.305820946385842,3.7295812096825918,4.597450175678478,230.23326005603408,4.2,1.819645875194158,1,9,4.0,3.0,6.0,231,25.346382954664072,26.651912803449896,12.966137982266092,2.8,2.8687878787878787,1.1055101113775825,0.15750373918047017,0.20436604407483713,0.10417598831635741,32.53212113067777,33.58373304661773,18.45409477342526,4.344048907437211,4.1876601405232154,0.596028364846026,4.2,4.134545454545455,1.6795492946135224,55,55,10,0
M100103,39.34782948648446,24.02701694054895,9.69431144398635,134.6022093782989,33.305549850001114,23.884284946866625,49.72054644876363,2754.348064053912,3.242857142857143,1.619050663740896,1,7,3.0,2.0,4.0,227,0.1975474345944912,0.1189231677551777,0.020115799252207286,0.5435008740582934,0.1819075620668344,0.10359771857937258,0.24643776264697723,13.828320421614384,31.91178722626075,19.29722566820186,5.9060191746690425,129.31777876442428,26.6628359322027,19.618119504310467,39.8202725952135,2233.8251058382525,3.264379089108397,0.6478778833845902,1.6469116481452901,4.04,3.371422908499909,2.841139935774314,3.8282853316207657,228.5065362375878,4.328571428571428,1.870607345930755,1,10,4.0,3.0,5.0,303,35.500582892659374,40.194264600677236,23.848331208258926,3.8,3.2807142857142857,1.608952279740098,0.17356886702107846,0.19522530172614855,0.11068078836195996,39.178593741185,31.9367955585868,17.210105052221518,3.010180707451375,3.281121045727666,0.6262855043962406,3.4,4.341428571428571,1.7594546811937428,70,70,10,1
M100104,40.0651222242912,25.228117730478697,10.750079595844397,164.2324492080026,34.61009294079172,24.036322665811518,47.09276876031544,2884.6888001489665,3.111111111111111,1.2621862940951167,1,7,3.0,2.0,4.0,224,0.19873115870312438,0.11199259299846377,0.03203336915482714,0.5337061501096825,0.19762538967124338,0.10579634000311575,0.2644928360571497,14.308643426624956,31.722185968549482,14.83070413993305,2.1117492672985727,78.47271498353207,29.41701200669202,22.60483502648187,39.30509487323803,2283.9973897355626,3.210530940380138,0.5937231637134454,2.0327403426753907,4.04,3.2518891485465,2.8012818177423795,3.7112983046138215,231.15822770736995,4.027777777777778,1.635626444337065,1,9,4.0,3.0,5.0,290,35.726079398188276,40.76980439062563,22.42812430900836,3.0,3.0868055555555554,1.258454080989989,0.19714270227203223,0.1968899419469751,0.10465838067127038,23.55183389594992,31.574175970835526,13.510227670111073,3.5261497323413287,3.184169348705203,0.5605825100727365,3.0,4.053703703703704,1.5943624200664397,72,71,10,1
M100105,44.35787869269941,28.92605373586892,7.512553932156641,196.92428409500857,37.953258680788934,24.959883652894316,59.21680541549142,3282.483023259756,3.0405405405405403,1.4376463755296978,1,7,3.0,2.0,4.0,225,0.2009939178967649,0.12762125000162325,0.011848316790409548,0.6061838809145079,0.18271059526810118,0.11218456021801518,0.2540559935401097,14.873549924360603,30.769275002972673,15.734306109498657,6.452971188691928,79.468298816292,29.46927817470995,18.759525579730646,39.413774030176285,2276.926350219978,3.2477587028761445,0.5770159760433383,1.9104475678280686,4.04,3.3242378223791267,2.859370424183491,3.7104170368747518,240.33414401283468,4.108108108108108,1.9970359376079692,1,11,4.0,3.0,5.0,304,45.142297187479855,44.03682315666972,23.9889546873977,3.4,2.973873873873874,1.2441015224038872,0.15027397003433912,0.19904900851082963,0.12173101454767832,27.322699564767458,30.857315850877683,14.681674527894003,3.351795528578111,3.2512550504161526,0.5568262337252425,4.2,4.111036036036037,1.8549166498412877,74,74,10,1
M100106,23.80726411774105,14.277434814474054,4.896891560742144,89.27486148688268,19.536268603767635,13.993966367334721,29.329379841683412,1833.1593370660607,2.987012987012987,1.5516841995368376,1,7,3.0,2.0,4.0,230,0.19160667945302182,0.1286608069049435,0.014747878898029223,0.5911265198502536,0.17734838920997323,0.09504018059580806,0.2594873335945295,14.753714317882679,33.81223747652455,17.574352503391818,5.907797127235631,82.22770944345658,31.206203171960276,18.02173649186476,45.46476292115597,2603.5422856923906,4.156314513394732,0.6163248067529215,2.5827443272084265,5.0,4.217037039049638,3.6461632328675253,4.6988822415478255,320.03621753139436,3.935064935064935,1.7942720436936501,1,11,4.0,3.0,5.0,303,33.69108737749848,23.64710440426756,12.817827422964102,4.0,2.969047619047619,1.3924477131648814,0.246447430684196,0.19616235608939586,0.12173505733702583,22.76752759775514,34.142574852952336,16.885321917252185,4.331094817162599,4.174709369511903,0.5629983006300447,3.0,3.948917748917749,1.6044138720615244,77,77,10,0
M100107,22.08236771456577,15.91017818339566,5.225648536348922,85.63490477488757,17.305258202086357,10.85583175865684,26.817779317154606,1788.6717848798273,3.185185185185185,1.3703203194062976,1,7,3.0,2.0,4.0,258,0.21331962886602865,0.13626703317865604,0.006503528325065159,0.5872722422869117,0.18840536336530686,0.10470332127765956,0.28839868766437365,17.27888993814832,31.96046490064185,16.29739287207775,5.709571356789945,91.91358308114282,27.32842140666509,21.20663539622725,42.14042263991886,2588.7976569519897,4.178083293500988,0.6692328027193066,2.1600188377573475,5.0,4.180152536347971,3.733757245047833,4.757628861976643,338.42474677358,3.9876543209876543,1.6544925744808727,1,8,4.0,3.0,5.0,323,25.4867220406655,22.2209611567753,14.290328947768094,4.2,3.163168724279835,1.2884297856463807,0.2409331396567374,0.21412996689585073,0.12671799567969716,34.61014309729289,31.55856011280004,15.3077322458004,3.895397419416528,4.199882277845191,0.5703817380884473,5.0,3.984979423868313,1.608817302054809,81,80,10,0
M100108,39.81527697172453,28.84613954048809,5.517290363003063,153.01216841174858,31.078969636472216,23.04758883699202,43.905889087371705,2627.8082801338187,3.121212121212121,1.5739724512802875,1,7,3.0,2.0,4.0,206,0.19142506707034726,0.13386546808888297,0.028801204504802485,0.7167072103540626,0.1536005437209161,0.0987224293790076,0.22949957516655645,12.634054426642919,33.2315901589616,13.931630484368885,10.296904619576619,74.52879623569349,29.962012844467587,24.206463270878547,42.89114094234519,2193.2849504914657,3.1659492755256977,0.6258014495904989,1.9792594938279633,4.04,3.2282780507047475,2.705646692716391,3.7021432360377284,208.95265218469606,3.878787878787879,1.5739724512802877,1,9,4.0,3.0,5.0,256,45.87141440941887,42.16886813125722,24.446558821259103,2.0,3.100757575757576,1.4473195803287393,0.17902631872821734,0.19031918352794863,0.12450159702370586,35.15569118931992,32.89678875101833,12.776044632594434,3.4631143968324225,3.1603355106126565,0.6124419278494089,4.6,3.8113636363636365,1.4773770655951943,66,66,10,1
M100109,33.08731289326929,22.259886710778247,8.227062149946509,121.51160996637054,26.067361898535008,16.37440777770861,41.70726259201458,2051.4133993826963,2.7903225806451615,1.415801884517416,1,7,3.0,2.0,3.0,173,0.19798583023725383,0.1313226912967432,0.02619713896758123,0.6230531077643485,0.1861169959976779,0.0990875475275319,0.2798695476887731,12.275121474709737,31.894809236606616,14.650489904426617,7.27238032809301,75.78212271569598,29.38423381955868,20.66663832114878,41.624477556676105,1977.47817266961,3.2445513114834266,0.6261853799337452,1.6814847659408683,4.04,3.2746274473569184,2.850812990039298,3.847436024697611,201.16218131197246,4.854838709677419,1.7911144455800478,1,9,5.0,3.25,6.0,301,41.450041133019724,32.84091023070012,19.817531318960526,3.2,2.751075268817204,1.3612338884459982,0.2799503523430642,0.19449836568584075,0.1164515107651321,31.804878811099975,31.579796126661872,13.32710676674536,3.498783624992768,3.233578521713991,0.573479456367849,3.8,4.852150537634408,1.4931519450312876,62,62,10,1
M100110,24.89719263559343,16.62604110233602,5.162818372697262,79.54153324142146,19.23073889097427,11.926474905799033,34.56075503374673,1618.317521313573,3.046153846153846,1.3742130615234083,1,8,3.0,2.0,4.0,198,0.2237201701745936,0.12660231331139443,0.0326737656344937,0.573056409886355,0.21157632898419595,0.13817054144071922,0.2787866371352351,14.541811061348584,28.14074826254839,12.26603376256598,6.612899062144311,56.76402724963014,25.571141369802444,21.071597049489515,35.93899641576202,1829.1486370656453,4.3107271573479515,0.5547782970462591,2.669525334551121,5.0,4.351884950728138,3.918389693780746,4.755510562936166,280.19726522761687,3.876923076923077,1.908105181748476,1,11,4.0,3.0,5.0,252,16.87564258135183,25.227113944876404,16.47526443748321,4.2,3.0374358974358975,1.2398420049075485,0.2207043729348015,0.22089694804954824,0.12297634941404643,25.627419057960687,28.008545590089625,10.784234315529345,4.371019248439758,4.305102422018011,0.5384441075429842,3.2,3.881025641025641,1.738826809538231,65,65,10,0
M100111,35.304033634197694,23.477918662521073,7.9831427369314545,114.49078722083497,27.47918728644713,20.026298007451626,43.72013008388481,2541.890421662234,3.236111111111111,1.4869673794271479,1,7,3.0,2.0,4.0,233,0.21018353467029302,0.11992353835126568,0.028862016114148584,0.5090482545408547,0.18695693714250833,0.11693477149441968,0.2810278979658753,15.133214496261097,33.59662550661012,16.412075717572538,8.092223951159056,89.90438573668918,29.33829269988339,22.936651010689914,42.32122064139095,2418.9570364759284,3.1607227911440066,0.5685613780977777,1.899051873167847,4.04,3.0921813079415115,2.6829722154746136,3.6543090066061152,227.57204096236848,3.6944444444444446,1.4596824745291608,1,8,4.0,3.0,5.0,266,21.99627567593278,35.30861630312792,19.761091956181797,3.4,3.2287037037037036,1.435107574111528,0.26567798372666396,0.20537825407829802,0.10557032242847635,21.729767330404663,34.57933862321764,15.375310263083433,3.396818748517165,3.1540991895779107,0.548942572829002,3.0,3.70787037037037,1.3948918742667402,72,69,10,1
M100112,24.343102016108293,15.308057762615704,4.75584952237963,87.51195927339413,21.276430619968995,13.974729201594618,28.858390231386576,1509.272324998714,3.096774193548387,1.7806765836941167,1,9,3.0,2.0,4.0,192,0.19323549028443465,0.11272555117228143,0.022307834797712114,0.5508963027084334,0.18360145517314422,0.09604405893239096,0.25686656558040055,11.980600397634948,29.814191998256508,14.786773721043772,8.094153403013754,79.67236266478467,27.721905223871364,19.717648499265913,37.5213135696098,1848.4799038919034,4.246252204205189,0.5991772315980397,2.663022982297627,5.0,4.287382821586438,3.808069344019206,4.829220761144022,263.26763666072173,4.338709677419355,1.6883744086662886,2,10,4.0,3.0,5.0,269,32.05613472531318,24.061751242686245,14.189585547349497,2.8,3.1043010752688174,1.736322595940886,0.15104831790988404,0.1956326815973745,0.11175398665829582,30.070069069843083,29.62183064019026,14.061452342404827,4.358821821854546,4.252076726493798,0.5257287445092962,3.6,4.368817204301076,1.4976136177913795,62,60,9,0
M100113,24.144815781475458,17.10124725902042,5.018114704408825,99.31642277291913,19.451755619759325,11.988951296974383,30.889233152205325,1762.5715520477086,3.2465753424657535,1.3619922287040511,1,6,3.0,2.0,4.0,237,0.18944218025765272,0.1193826742781535,0.025158448040170218,0.5367775860339548,0.1680269090837007,0.09649363479796529,0.2518653785567043,13.829279158808648,29.641971080692176,10.497944203408323,7.643281040000642,51.77756769276604,31.40904174251394,21.66016179848358,36.10611939972319,2163.863888890529,4.089768559251759,0.6816660542126263,2.1739511357262002,5.0,4.138769684204627,3.5904615713519172,4.636906048034977,298.5531048253784,3.73972602739726,1.5637152808142711,1,7,4.0,3.0,5.0,273,32.21427063639735,23.490353779825202,15.303324944346834,2.4,3.3047945205479454,1.2902665084966438,0.27213063139109217,0.18520057024897005,0.11684996164118197,32.512653428030866,29.661385698261014,10.024470119600869,3.6936212820781735,4.075743536740784,0.6415519990445948,2.8,3.750228310502283,1.5009344990763032,73,71,10,0
M100114,22.779764013466412,13.188062528376692,3.1391643626529326,61.589145378251075,18.712273073567204,13.098691193951243,28.16878214354584,1640.1430089695816,2.986111111111111,1.4774650498052169,1,8,3.0,2.0,4.0,215,0.216098229086142,0.11510527734498177,0.01912014101432853,0.5147338076305832,0.19885060103142843,0.13758397191255067,0.2964795704547375,15.559072494202224,34.29465484980583,15.593829755216952,11.61908298793529,75.03723526332875,30.241953298361878,22.893251007737568,45.538044275089064,2469.21514918602,4.173470091488088,0.5489039158843986,2.694226522655784,5.0,4.187814072241903,3.8095640086375786,4.561721291052949,300.4898465871424,3.986111111111111,1.5877440418436517,1,9,4.0,3.0,5.0,287,24.82404336028933,22.874274849276546,12.187014357362957,4.0,2.910185185185185,1.4248130280773141,0.31232709906293493,0.21129457357746206,0.10927374022682713,34.95941629850774,34.76819069453614,14.74694856159819,4.278541541168856,4.169399924733131,0.47935402301030433,4.6,3.890740740740741,1.4832335533949892,72,71,10,0
M100115,20.191937498448997,12.297956242249938,4.38175854726657,69.98759423658068,17.958752149011346,11.580530860682522,24.393138515775355,1574.9711248790218,2.9743589743589745,1.395487709507306,1,6,3.0,2.0,4.0,232,0.20636916693039403,0.14327174775729318,0.00784129597346839,0.6184173701125523,0.18158129631361686,0.08129895213596797,0.302822718738065,16.096795020570735,32.70149842617585,18.69139389219965,6.592452181672525,91.95992141784556,27.122423632377814,18.702083279220947,42.35636996351484,2550.7168772417162,4.086363727886275,0.6593790536736907,2.3902679219769007,5.0,4.21001680932368,3.57472717308368,4.570527791577506,318.73637077512944,4.3076923076923075,1.909019550543065,1,9,4.0,3.0,6.0,336,20.931800631026444,19.98698234793193,9.901060959183893,2.2,2.9574786324786326,1.284688772491378,0.1567832126866227,0.20316086255746316,0.13854405178345727,19.67968911785368,32.847171151021115,17.744746291469998,3.975747112796963,4.074090535147314,0.6132688282660274,4.4,4.245299145299145,1.7381845151680628,78,77,10,0
M100116,23.997156739087863,14.246319561971037,5.110466653961758,64.2339674882134,19.49737941243236,13.435616700171318,28.661828763703788,1943.769695866117,3.0617283950617282,1.3448576041011338,1,6,3.0,2.0,4.0,248,0.2387254449704404,0.12769420867026426,0.01108228556282615,0.5668036597804976,0.22078344816386725,0.15319509386700295,0.3199631026713219,19.336761042605673,30.702175306574674,17.57715548297034,6.703360994447539,86.08764352708035,25.629430954370537,19.5267740340528,38.97028152943064,2486.8761998325485,4.082219689565164,0.7025201892709646,1.992995210565717,5.0,4.0886129948650565,3.567599406489978,4.700084467633248,330.65979485477834,3.9753086419753085,1.788681837569047,1,8,4.0,3.0,5.0,322,26.141816860406088,23.88939584181582,14.13503371368724,3.8,3.03559670781893,1.328409946823602,0.1517065164143006,0.2398770854403769,0.12161804778097973,50.87869308861387,30.498741624131302,15.745281619438165,4.209824831656215,4.094900344604703,0.674767511324452,4.4,3.9448559670781895,1.636494210411194,81,81,10,0
M100117,37.68912747653635,23.50336993537359,5.1602563479352845,113.08997920012978,34.23050236310339,21.89718550482136,47.480771287747196,2487.482413451399,2.9545454545454546,1.4825323260900918,1,8,3.0,2.0,3.75,195,0.20936815241601572,0.12148862792825513,0.02136982001849189,0.6058983208441407,0.1875166011646961,0.13242043360243427,0.26639535907718,13.818298059457037,32.22162856562963,15.120834086824496,7.510710151737916,92.4642226198349,32.06226917753796,21.60604597682638,37.338521510171134,2126.6274853315554,3.2027376602915463,0.630927594154833,1.4324662629100464,4.04,3.233824763603539,2.7651478508877227,3.7457004821487643,211.38068557924205,3.6515151515151514,1.6778413259755869,1,8,3.0,2.25,5.0,241,17.548775574147115,38.03712610408726,20.55200513165099,2.4,2.974747474747475,1.40328699848735,0.24309288813351823,0.2091136527321396,0.10885824052740826,37.728748337106424,32.12331403566791,13.478214738562862,3.5762062309071565,3.1732761508258984,0.5682422673766765,3.6,3.617676767676768,1.6319723009653486,66,64,10,1
M100118,43.883214289181346,30.87405688540784,6.8210535620886485,170.5256152818056,38.3107478051564,24.037881060661654,52.8541651722076,3422.890714556145,3.1794871794871793,1.4571239217067722,1,7,3.0,2.0,4.0,248,0.1936714788267992,0.12009702692249209,0.001089798211892742,0.5501781380346369,0.17653245697464373,0.09844406854052624,0.25329258071252697,15.106375348490337,32.84283042895809,16.474959623327376,6.518386438339999,80.65310181148554,28.49029903890445,20.802684412095445,42.169665404634046,2561.740773458731,3.2395217906024274,0.6158628585971254,1.4608684069827316,4.04,3.2733101857466393,2.8146951133766667,3.7522574118151173,252.68269966698935,4.397435897435898,1.6462451852999334,1,9,4.0,3.0,5.0,343,38.80574659588592,43.778157774046726,25.83810424983828,2.2,3.197863247863248,1.25696781621758,0.2052394647882015,0.1906996006146641,0.11821049157638225,40.650314108048654,33.03091585561674,15.567091961995432,3.1690889501974264,3.2451437552316227,0.5959817908363614,3.2,4.433119658119659,1.589984538845484,78,77,10,1
M100119,22.465596531857777,17.5027123944177,2.5588106154082397,139.179082689118,18.518928083558507,12.908063051466288,29.376326866157598,1797.2477225486223,3.1,1.4806772313003056,1,10,3.0,2.0,4.0,248,0.17748164211596196,0.11725786508960709,0.01646667898014252,0.526511844864573,0.14644025161098898,0.08524846349676807,0.24578427946664277,14.198531369276957,33.699929497723154,16.845792877471272,9.036865218145222,81.75319146146316,30.153475409907742,19.864095440622652,44.18454378255741,2695.9943598178525,4.115175857278094,0.7045602706062282,1.8530093808478911,5.0,4.163197925292739,3.668045104685026,4.613874336812716,329.2140685822475,4.15,1.5597792768225456,1,8,4.0,3.0,5.0,332,13.196760811234487,22.58485078719921,12.946030318267985,3.8,3.088541666666667,1.354408046265363,0.24626218098493524,0.17690309717704628,0.10693292201406368,37.669779965365464,33.77109253093359,14.973121152723497,4.631269162079573,4.0913319525153575,0.6040057776379332,4.2,4.156875,1.500890020589471,80,80,10,0
M100120,25.06785979582564,14.405016715725411,4.51532331502603,60.78546741661788,21.93831691414973,13.296841404224175,31.46801521478997,1855.0216248910974,3.027027027027027,1.4236069660478912,1,8,3.0,2.0,4.0,224,0.19431881611938456,0.12622694771169798,0.034474123821088526,0.6691485079236558,0.16417520863267415,0.10377800774148782,0.2430786003805186,14.379592392834457,32.33375984386407,15.138583164735373,5.041667585856051,81.84798689070341,30.18748067666777,21.97312548927612,42.042169911118215,2392.6982284459414,4.193076501973877,0.6446620911701522,2.320912358261034,5.0,4.200143983808539,3.8889581771141746,4.7178769738953585,310.2876611460669,4.108108108108108,1.7166993463291071,1,10,4.0,3.0,5.0,304,24.456655003118676,25.200859937822056,14.025468613346582,4.6,2.9948198198198197,1.1943596902592695,0.3027541853676437,0.19108401600168687,0.10556640247053005,33.09335236383486,32.16127259824489,14.303701325837247,4.813035384014263,4.159291323766342,0.5795087258655326,4.0,4.206306306306306,1.6037353774959144,74,72,10,0
M100121,37.70897353859668,20.957359413588208,9.477129610042232,140.83079852305545,32.075938903426945,25.14681021550781,46.86729210849904,2790.4640418561544,3.027027027027027,1.552487822050691,1,7,3.0,2.0,4.0,224,0.20662131967294475,0.12055990099685161,0.023733737849708055,0.4989492591184861,0.18034957161993714,0.11697803839578855,0.2551543346040141,15.289977655797912,32.05727718317421,17.151691187179683,5.977947312056021,92.30702321257407,27.783384608480716,22.739744105874877,38.22593832271114,2372.2385115548914,3.1770510011146973,0.6902453380226126,1.2262922030309857,4.04,3.279375272473596,2.6884302542423555,3.7809968680072714,235.1017740824876,4.094594594594595,1.7763200294692592,1,9,4.0,3.0,5.0,303,61.38730265382951,36.94436857097229,15.896316948052126,2.4,3.0795045045045044,1.4958102280728809,0.22430403014149106,0.20437272590052843,0.10967551339626104,20.89847796998424,33.1661755235104,15.447277352281265,2.953011527673503,3.1868337997588827,0.6670346029962936,4.0,4.138963963963964,1.7942514237050622,74,74,10,1
M100122,40.67533402884212,27.297583116684194,6.917110584441959,154.8356957332709,31.186778933335688,22.048069818452745,54.815887369763686,2725.247379932422,3.5074626865671643,1.579922651811735,1,8,3.0,2.0,4.5,235,0.19493318884500854,0.11017768839506825,0.02630134019038604,0.4795538820245582,0.17279884646001709,0.12236612577618503,0.26846851041609704,13.060523652615572,28.92285547272976,14.483568953847055,6.756582617641053,69.00770730587121,25.563900382466603,17.54505031862682,36.316956318585206,1937.831316672894,3.1595824589128885,0.6916098100235272,1.0,4.04,3.2891058661307673,2.73199036739773,3.7070365502144065,211.69202474716352,3.626865671641791,1.32385823757593,1,6,4.0,3.0,4.5,243,74.81329196989076,39.87475393569174,22.054530687947604,3.8,3.475621890547264,1.4738658432739935,0.1850186427664657,0.19235361185684058,0.10993848532436777,24.53744551337622,29.100127125822507,14.618397999592872,3.0150790405813135,3.158469307067207,0.6762772791757786,3.0,3.6233830845771147,1.1794586818303783,67,66,10,1
M100123,43.965738839903395,27.912457732495216,9.538936744622017,130.5409164850421,36.07087571194822,25.675064034180895,53.86781247223055,2462.08137503459,3.017857142857143,1.4584059969528553,1,6,3.0,2.0,4.0,169,0.19492424728957825,0.11525874396151606,0.02300151643688686,0.6171719630618783,0.18037912872340012,0.12784430088524676,0.2283683436917018,10.915757848216382,32.93080210990255,17.8833312735003,7.1655806673510405,81.5484366393594,29.788900221300167,18.204770502469998,42.20907006584305,1844.1249181545427,3.3276675406405274,0.5688037049121439,1.9369780947838233,4.04,3.2667516000806773,2.9628223296514227,3.886142597491495,186.34938227586954,4.053571428571429,1.7727189476993999,1,8,4.0,2.0,5.0,227,57.62117047040547,43.40839491726923,25.02176331223742,2.4,3.067559523809524,1.490032713385366,0.2369899365050411,0.1973398337677729,0.10616247638760899,15.269145607538325,33.77157172033967,17.137030084537546,3.264380181592979,3.323412074391487,0.5587680765538251,4.2,4.053571428571429,1.8027421543793465,56,55,10,1
M100124,41.98651678863475,30.673894677777984,10.979633350736819,202.01081836104737,33.858463741233436,23.926866838138217,50.446490154433015,3232.961792724876,3.155844155844156,1.414817591599105,1,7,3.0,2.0,4.0,243,0.17670268360138847,0.1241404708779289,0.02446245435623142,0.5448741160148906,0.15134622646684923,0.07383762020149495,0.26926622197214073,13.606106637306912,29.626163629876224,14.208011694747668,8.463896510743796,78.69276364996563,27.002173954393754,19.874965222581796,34.785056474861875,2281.2145995004694,3.2395132190693827,0.5720140829691742,1.786789643755971,4.04,3.302149193998292,2.8934629826245253,3.634930160037965,249.44251786834246,4.090909090909091,1.7027981474914984,1,8,4.0,3.0,5.0,315,48.86324393532588,42.31608181648051,26.174375669907544,3.8,3.167316017316017,1.3811918136483874,0.25097256574509946,0.18218449119730348,0.10172554086378356,20.144631649640942,29.792241726217515,13.100171545736774,3.3973941800934755,3.2365128050116017,0.5194941923072254,5.4,4.023376623376624,1.6016752917148458,77,76,10,1
M100125,25.452469573694845,19.708040825035162,7.9010381598787065,128.78604645202833,20.573766107542905,13.531925405098827,28.987685367042594,1756.2204005849444,3.028985507246377,1.22439678416802,1,6,3.0,2.0,4.0,209,0.18944704912988244,0.14089693615346993,0.01346356489970599,0.6028562086117524,0.14739565842360067,0.07718537234446976,0.27022035540473993,13.07184638996189,31.81611131132641,14.841454361767054,4.3618606824558155,70.80095489943903,30.97656741431844,20.783971687682936,41.75732080610745,2195.311680481522,4.144713922075053,0.6750605158852567,2.3724102238116025,5.0,4.200701670395908,3.6821254920431805,4.702734195624973,285.98526062317865,3.9565217391304346,1.6577339477226816,1,8,4.0,3.0,5.0,273,36.77740954289703,24.637970356070273,15.151314489114142,3.0,3.0384057971014493,1.1308068446586328,0.24334002439932187,0.1930112731622931,0.13380103153561124,33.926606170643566,31.297133248979016,13.670858911152417,4.6577904353296455,4.113417764440219,0.6671886607228831,3.2,4.039130434782608,1.553288248512476,69,69,10,0
M100126,23.325539859027778,13.166881175118379,3.7096073105535647,66.56653983229192,20.100748522017515,13.755431592900973,33.20739148168719,2075.973047453472,2.9213483146067416,1.3998759612350367,1,7,3.0,2.0,4.0,260,0.19535036823669946,0.1392981161934873,0.009706273866632269,0.6297731623407393,0.1578112231987453,0.09875953594579992,0.24930942324632233,17.386182773066253,30.462698879276186,13.749884305129457,5.175239422950592,69.80208979166619,28.270307460928777,20.06136162086646,41.04685603130066,2711.1802002555805,4.168529888702429,0.5507556382812424,2.809760787162096,5.0,4.254343703736151,3.876393071773133,4.560817842685091,370.99916009451624,4.01123595505618,1.9626882192455506,1,10,4.0,3.0,5.0,357,22.829821576070373,23.204212545779217,12.690102350946086,3.0,2.9088014981273407,1.2842915509379245,0.15084152055450067,0.19681978223851387,0.13018890936975602,27.392187067881242,30.084760761034094,13.073517106885218,4.164058104895745,4.170536562671922,0.5277423614424652,3.4,4.026029962546817,1.929329312470309,89,88,10,0
M100127,41.763773500595384,25.625362644092153,5.285603330618449,117.94777219434036,34.30704719048683,22.020583062874344,57.87300074054242,3466.3932005494166,2.927710843373494,1.5986513563848845,1,10,3.0,2.0,4.0,243,0.1948671678785395,0.11292250649628065,0.02661847837172725,0.5430401613188204,0.17939718270210495,0.1071689530264569,0.26353625782871926,16.173974933918778,31.282314613629882,15.241901861839375,7.28195517058373,80.0914892002969,27.77822942639699,20.290411167544196,39.409843140662105,2596.4321129312802,3.276872442173957,0.564621398474904,1.8920843802436265,4.04,3.338795003841674,2.9106344486689593,3.732227095081584,271.9804127004384,4.108433734939759,1.607998666671962,1,10,4.0,3.0,5.0,341,38.866090288889765,41.769089744992606,25.238760733680394,2.8,2.9359437751004016,1.5133317667364397,0.22568605036152928,0.19397741828491585,0.10324403716273653,24.582875968459575,31.071157284946285,14.043645049051944,3.2085661569831117,3.2956117358602706,0.5307558270062418,4.0,4.1650602409638555,1.4919639082829521,83,82,10,1
M100128,48.13365560944622,27.85162438364939,6.536580128238557,163.5902241090012,44.73614735904993,28.148701574274785,61.95242679292164,3224.954925832897,3.2686567164179103,1.3880669963771488,1,6,3.0,2.0,4.0,219,0.20075703903594186,0.11512252732597845,0.025406981456041807,0.5650358004361721,0.18057517472472304,0.13110201539302968,0.24609064293373334,13.450721615408105,31.298990543277387,14.971956291685498,8.114124696196027,70.85197366710892,28.364019125269856,20.78599919012439,37.54707814654856,2097.032366399585,3.2092146678766014,0.6121841112374228,1.6970191147894154,4.04,3.2910329222912083,2.7223211389164916,3.684674347752502,215.01738274773228,4.104477611940299,1.661820180971792,1,9,4.0,3.0,5.0,275,61.415360048211404,48.99026589473707,25.032625333793654,3.4,3.2485074626865673,1.1464176171055491,0.15684579247261424,0.20152488075132208,0.1107146531770692,29.65285426633635,31.253926030974338,13.912426376417073,3.183368136944151,3.2253870786409196,0.589973184756668,3.6,4.088557213930348,1.563992461952432,67,66,10,1
M100129,24.521011403057805,14.622817124834766,4.054425022091185,67.54842608721532,21.167228757678263,14.3823168585637,31.41529311131208,2206.8910262752024,2.8777777777777778,1.3053715969953525,1,6,3.0,2.0,4.0,259,0.17911701615287964,0.10259885598199725,0.0020958957056490513,0.43848943365903753,0.1619495505578808,0.1094255563508537,0.24823080637384415,16.120531453759167,31.11801585438027,14.219239198911051,5.085785817663587,74.90549714961188,28.599180349465968,20.6532501712012,38.56594831860325,2800.6214268942244,4.065785642403995,0.6459370043077748,2.513565312416151,5.0,4.121860226673169,3.5574562634574227,4.54280997081063,365.92070781635954,4.011111111111111,1.685992818866206,1,11,4.0,3.0,5.0,361,34.79701299950962,24.390264224267224,13.795556671883071,2.6,2.9442592592592596,1.270717411829655,0.13528601113474867,0.18091330662048669,0.09808365863212247,25.925448210122067,30.840494583169065,13.075546928723064,3.835157438801231,4.078587444097992,0.6300481356805893,4.4,3.970925925925926,1.5246839583502672,90,88,10,0
M100130,42.01467027535843,25.034128414039905,9.65079511407778,154.20489666660154,36.05695044278872,26.181293649350884,50.46867061804306,2772.968238173656,2.9242424242424243,1.2564982605590342,1,6,3.0,2.0,4.0,193,0.1873535343698829,0.10177362752802611,0.007276835834747143,0.4348767809864064,0.17159564727192017,0.11111200963362722,0.24894380477064512,12.36533326841227,33.316792499742085,14.761536043917936,8.879752205275384,82.86161482049224,30.45237673634732,23.988617076271073,40.47105749377392,2198.908304982978,3.1235082527949167,0.7237044888982591,1.0040686218685058,4.04,3.151216238621777,2.6281305777001207,3.7609560010056557,206.1515446844645,4.015151515151516,1.9334498799370097,1,10,4.0,3.0,5.0,265,37.877238715837585,42.40690633378367,21.37320975161888,2.2,2.970959595959596,1.2054054754982075,0.22698644106565297,0.1836224768175985,0.09716218439948356,43.10565648019616,32.90738099431766,13.668864638532767,2.737377175290058,3.117528842120986,0.6652918265566741,3.2,4.071464646464646,1.8236070185526991,66,66,10,1
M100131,36.973983385624685,22.830636542385253,7.83612154765928,138.96326928183,29.633296663768192,19.853857208954295,48.9391698184248,3438.580454863096,3.0,1.170284246408241,1,6,3.0,2.0,4.0,279,0.20163495285734773,0.13184322570689994,0.008213902038856918,0.6246170335816039,0.1786550418421025,0.10292339290726918,0.28013900687909443,18.75205061573334,33.355660580163615,14.294631168070424,6.470660368704887,74.11477376731669,32.13611653822238,22.05944606247218,41.63550643617496,3102.0764339552165,3.244865559398855,0.5811484312600084,1.8578853811260854,4.04,3.333275567465418,2.830479101715684,3.761839512058012,301.7724970240935,4.397849462365591,1.504628980312571,1,8,4.0,3.0,5.0,409,36.42694978188539,36.87738559964813,18.99578500849172,2.0,3.0534050179211465,1.0648772777141082,0.1796419668829962,0.2017783709127561,0.12388846880902547,31.265320995908688,33.61617521359066,12.90618048437851,3.4889354991934582,3.223123592779599,0.5571175291258221,4.6,4.389426523297491,1.5016164221990944,93,93,10,1
M100132,22.600215694894004,13.526261828058203,5.928520219203679,60.4580111432021,18.82157849696657,12.906467278796798,30.230683428978136,1649.8157457272623,3.0547945205479454,1.2790014655419466,1,6,3.0,2.0,4.0,223,0.19857266560302614,0.11222562331978148,0.014697572632314639,0.5281934112626432,0.18497839143735054,0.11741731677393412,0.2673889970449397,14.495804589020908,31.091727818792137,17.275269713725933,6.240719125955418,89.16263579046543,28.99966904514917,17.34479022740145,39.815649027417436,2269.696130771826,4.141582125359633,0.5485286512611717,2.6842460981024514,5.0,4.099806638461148,3.7886464666361324,4.50063019362259,302.3354951512532,3.9726027397260273,1.8557164140667703,1,8,4.0,2.0,5.0,290,32.98738943619196,21.962058296134245,12.255207277853248,4.2,3.0429223744292235,1.1405201757978487,0.12273021658509893,0.19897494916060096,0.10630258875715128,21.335841447573927,31.369123013581934,16.353979363782884,4.106973285415224,4.140833059660395,0.549697749035349,3.8,3.949315068493151,1.79915708606904,73,73,10,0
M100133,26.012177663907107,14.551183944670997,6.377163943886583,79.2077124754466,23.69102555336555,15.285424733869625,31.691751264245255,2080.9742131125686,3.1,1.446077190369286,1,7,3.0,2.0,4.0,248,0.17424040526284687,0.12480518549128777,0.01597304694910405,0.581915399831325,0.15723295560281225,0.08225308149994938,0.24383172057365352,13.93923242102775,34.03771037057355,18.637131683740517,7.305257676855377,123.21159621830236,31.40135116128264,20.508505426028048,42.22942551256373,2723.0168296458837,4.1910140474132564,0.5453980123628036,2.5609502214023108,5.0,4.243031808043202,3.813409966814856,4.54883984451797,335.28112379306054,3.75,1.8384087781130283,1,9,4.0,2.75,5.0,300,17.423451771494747,26.142182896707418,12.911472285553215,2.6,3.0941666666666667,1.2532081317206336,0.16543844036311564,0.17397363023111598,0.11843507361058002,26.57214857617575,33.94746891062094,17.32555420782008,4.129742708015746,4.207392444593191,0.500368820252977,2.6,3.823125,1.6320038603179012,80,80,10,0
M100134,27.8829552621071,18.11178504239738,6.686353021452323,90.24654309883171,22.994505536997295,15.570798126998245,35.98828020370988,1784.5091367748544,2.609375,1.203397142484426,1,7,3.0,2.0,3.0,167,0.1791026781509907,0.1277635314097096,0.018626065058879773,0.5778685205726078,0.14727758721799108,0.08284110348481383,0.24926732865027681,11.462571401663405,31.97295918766178,12.629918571069474,7.4547324905174275,63.34103023427296,28.63589262641363,23.580479512035254,38.248187711933575,2046.2693880103539,4.075697893021431,0.6557522495280937,2.4769500016208563,5.0,4.062024798311244,3.669202154591264,4.670613760630659,260.8446651533716,3.84375,1.534975828360432,1,8,4.0,3.0,5.0,246,26.655519017562682,28.117725245076446,16.21898054497945,3.0,2.54765625,1.1148124334239382,0.12470845576514536,0.1774936131897822,0.12239492438004297,30.20241392743474,32.18286824713456,12.326922212012152,4.132398764957044,4.104716212806222,0.6375279661875439,3.4,3.8401041666666664,1.3903033035291796,64,64,10,0
M100135,42.54948796267535,25.912267703677323,8.817113433303401,127.67098395519756,38.95846146699761,21.920877977234273,51.6646477967948,3106.1126212753006,3.095890410958904,1.3454076577755971,1,7,3.0,2.0,4.0,226,0.18826746276080686,0.11495135293959588,0.013486784216863171,0.46761973323808836,0.16611464579949645,0.10517279046038217,0.24131044637439059,13.7435247815389,31.502115204119367,15.84466438323937,4.62920311680168,79.14155102831569,27.832515291311637,21.035309201842747,39.08778630127461,2299.6544099007137,3.1112832984470256,0.6595461843678457,1.3985618576310896,4.04,3.177317362652408,2.741504971108146,3.5774095565647306,227.12368078663286,3.835616438356164,1.6073934959545966,1,8,4.0,3.0,5.0,280,41.38427050900763,42.51954450443619,23.29227844616797,3.4,3.071461187214612,1.3201842052162067,0.20030386468383318,0.186809648353451,0.10384367637569454,33.964550436135795,31.10887703802694,13.936475232721376,3.2471723111489927,3.1048627072123485,0.6357303414034141,3.8,3.8470319634703194,1.3477459034487431,73,73,10,1
M100136,44.45493217923793,28.44636981465386,10.258006309099382,193.53062603011531,40.85204796064893,25.253909627906665,56.36836267118473,3334.119913442845,3.16,1.5337641384621143,1,8,3.0,2.0,4.0,237,0.19377370499760174,0.10524788021329626,0.01432854915226792,0.513246381936505,0.184042552380747,0.12195884284052272,0.24899543281797654,14.53302787482013,33.6729770135514,16.698406587894244,10.564506168688393,104.66213031214116,31.293477317013355,21.654530212094443,41.41416003113783,2525.473276016355,3.1622280240466996,0.664398479605886,1.4317866459778479,4.04,3.2066440989728093,2.8220437165422156,3.6352992366366044,237.16710180350248,3.72,1.8050978860932663,1,9,3.0,2.0,5.0,279,43.66085180740585,44.11686536413392,25.497817698208006,3.2,3.2024444444444446,1.387802642303973,0.15593476228382785,0.1938610192924232,0.09909464805057855,36.07880954433175,33.69804162348137,15.8871359283935,3.0501002942978577,3.177091473720028,0.632160908427692,4.4,3.698444444444444,1.6881125681602758,75,75,10,1
M100137,25.106131609877277,17.243387744887666,4.083916329555108,116.02038904958368,20.47461104116509,14.424274410801807,31.208824059042797,1807.641475911164,2.7222222222222223,1.3450192126197003,1,6,3.0,2.0,4.0,196,0.1950790050865351,0.11473397935090562,0.013783189318230344,0.5820539282745821,0.17662588338646756,0.11018197726399478,0.25907652789740754,14.045688366230529,29.119500576046576,13.880070030625932,6.325810966351026,70.91008648085084,27.53453440789439,18.197101103645373,38.39354463160524,2096.6040414753534,4.170772184157242,0.5374611098318816,2.4514779627910217,5.0,4.146140169858697,3.782941059463188,4.582719303245442,300.2955972593214,4.180555555555555,2.111847124808103,1,10,4.0,3.0,5.0,301,30.935058078329718,25.102076601883457,13.89414649956358,2.8,2.6925925925925926,1.2200908197116513,0.26211315781717703,0.1988297149430713,0.1006011119020327,20.483824946070932,29.77507826147028,13.010156913864678,4.155610724184838,4.181312311935566,0.5042138035736373,2.0,4.325231481481482,1.9727668231627902,72,71,10,0
M100138,39.53290879843185,20.893753177103548,9.956987114478311,113.2255660688498,34.429490014874176,24.02228224428654,51.30669354813096,3360.297247866707,3.0588235294117645,1.613580322321338,1,7,3.0,2.0,4.0,260,0.2057196983490971,0.12005255282889482,0.012068927064734811,0.4860693801364994,0.18831265201242897,0.11142562412017126,0.27954646826206253,17.486174359673253,31.180006530979888,19.019561825491348,5.8252424683773265,93.25062134417442,25.916408330400376,16.514143005544,41.131993259219236,2650.3005551332903,3.310843349468782,0.5725216201177663,1.9571878692674778,4.04,3.304873418682858,2.8226922367407585,3.8928299298889497,281.4216847048465,3.6470588235294117,1.5484699233893617,1,8,4.0,3.0,5.0,310,52.195884268753886,39.31542909783692,18.66086615821106,4.2,2.9943137254901964,1.534684211880652,0.12018590289612444,0.21148504914396155,0.10551452302325981,39.182402771188755,30.805128411919984,16.81406897828466,3.5038933434179222,3.3186794948982703,0.5567222283617291,3.8,3.6433333333333335,1.4459628896667953,85,85,10,1
M100139,40.82008900334119,24.419159920522144,8.05756146075788,137.9753199702176,34.78039814440331,21.470401494226223,53.7195814189374,2530.845518207154,3.306451612903226,1.3741013120047203,1,7,3.5,2.0,4.0,205,0.21989266114793865,0.13158301163990715,0.022405974246563348,0.6351639069157881,0.20256056977866035,0.11400175812039201,0.306094418673558,13.633344991172196,32.06031506310033,17.109239544229126,6.262952441485178,100.28889677742355,30.82218348322322,20.121241698935613,39.51847279492783,1987.7395339122206,3.068954220840599,0.6047864727135362,1.8033687818251272,4.04,3.0960980428632925,2.7187861343395694,3.539980596279559,190.27516169211714,4.048387096774194,1.8145804677470596,1,8,4.0,3.0,5.0,251,63.43474375526414,39.9002327203655,21.769099848614392,3.6,3.2795698924731185,1.3099140390258595,0.1721588640776563,0.220476010090824,0.12274447006593084,39.615686775658595,31.452751696040927,14.532933086371623,3.3095145168219027,3.044717550985339,0.5833006304103956,3.8,4.129569892473119,1.7104192349598313,62,62,10,1
M100140,25.611458354494854,19.46166347288269,4.761014030252591,112.7931526782437,19.587824694571317,13.51479730525559,30.21282334002008,1869.6364598781242,3.1780821917808217,1.3264663348894796,1,6,3.0,2.0,4.0,232,0.20915625437891128,0.1050588656943428,0.037490157530352786,0.441147649363046,0.19230957325964704,0.13087515304126246,0.27406428874099126,15.268406569660524,36.62077936111115,16.67979003165588,8.773428174777514,80.84280509496222,29.952514935943853,26.15079370525085,44.877177644270496,2673.3168933611137,4.201633280352411,0.7295227477129737,2.1701869576973953,5.0,4.2955167467149264,3.7768207519012753,4.917236975202185,306.719229465726,3.904109589041096,1.7572420275474274,1,10,4.0,3.0,5.0,285,32.21630759092519,25.712398125562324,15.779652977818001,2.4,3.2162100456621006,1.3281807506466454,0.24571148900203305,0.20869760210904081,0.10066204188343124,38.607271191518414,37.080353100337796,15.089822764919669,3.618558928260627,4.23345347750283,0.7048541352650357,3.8,3.9136986301369863,1.718841986535382,73,71,10,0
M100141,24.450943440753154,16.811271362145888,5.7454477051248425,99.06176447708606,17.700869225796588,13.419774475261077,31.788188152720753,1784.9188711749803,2.904109589041096,1.2601188608139295,1,6,3.0,2.0,4.0,212,0.1984555931569387,0.11087053822254353,0.013694361696822472,0.5084532946347953,0.17694852393545044,0.10911162971977592,0.2616855860381959,14.487258300456524,31.60528230514861,16.398872168704674,5.5306534230305875,88.65908562628805,28.26811358805659,19.94291315460328,41.182042359119066,2307.1856082758486,4.110506567648107,0.6831482817710341,2.295833320240416,5.0,4.206091027250613,3.7372510826543555,4.582648189960001,300.0669794383118,4.712328767123288,1.7910227684419946,1,10,5.0,4.0,6.0,344,37.74430088413177,24.421737192238147,13.319972298968324,3.2,2.931963470319635,1.1845032301387046,0.1914180550196413,0.19624675343470113,0.10427844601159944,45.93219542345194,31.517110203072598,13.341315389922077,4.038429643757045,4.11800063145138,0.6897119219181708,5.6,4.684246575342466,1.5758286616275266,73,73,10,0
M100142,41.42760493613572,26.776550651821957,12.834450861134771,173.2862006348073,34.62179298917913,25.241337699503667,52.04451339978385,3272.780789954722,2.8987341772151898,1.2668853054441336,1,6,3.0,2.0,4.0,229,0.22057435171317655,0.1332135632677342,0.01466435994311854,0.713635828943752,0.18190872889607898,0.12417750574377251,0.3126813265880948,17.42537378534095,33.309216806375865,17.37465130524262,6.257192596163193,79.77955342229103,28.96383787010262,20.63610108228918,44.34663442835796,2631.4281277036935,3.2386828300687065,0.6375764968990454,1.666756585682263,4.04,3.3638107174008285,2.8550548897426844,3.7422052738307228,255.8559435754278,4.063291139240507,2.114308835068492,1,11,4.0,2.5,5.0,321,38.75478383798262,41.68569951767361,21.520739115859662,3.0,2.9037974683544303,1.1991703916533667,0.2844754103252225,0.22339599496538182,0.13042955811453658,23.241776656229778,33.53251322521334,16.825377147471325,2.395639510864913,3.2544230065537003,0.573627294876557,5.2,4.05126582278481,1.9912216724553087,79,79,10,1
M100143,46.28311524002316,31.302760564757683,10.814712504871421,131.09223408163453,37.34526617487284,20.11894280140053,57.063639307492124,2499.2882229612505,3.2777777777777777,1.742007805656609,1,8,3.0,2.0,4.0,177,0.1864285599729952,0.12274636358551562,0.037281217245180465,0.6617146117890622,0.18131004446254634,0.08350954609842176,0.2309257089591698,10.067142238541742,28.608920459608417,14.812601896673554,6.294141025353525,88.4170081198402,24.40267379283857,19.073329681251092,37.73766314308155,1544.8817048188546,3.1721216545200015,0.6982649415302392,1.5780938311162176,4.04,3.2299467142304557,2.7927127575612816,3.7675916446724846,171.2945693440801,4.444444444444445,1.689776882298277,1,8,4.0,3.0,5.75,240,23.731798373712326,48.73907835400122,29.45395199254883,2.0,3.337962962962963,1.6298538436001864,0.1888653913288067,0.18634400870375506,0.10963958497610503,24.489130646341867,28.46575348312147,13.273057607913591,3.0104007906621177,3.1944766519794974,0.6857502843538811,3.8,4.501234567901235,1.6593139998150344,54,54,10,1
M100144,23.413789126551162,15.068198948268234,5.520246631330531,77.57179901808043,20.56225678304606,12.614065089335764,29.54922424253949,1638.9652388585814,3.0,1.4842164770425632,1,7,3.0,2.0,4.0,210,0.1830250663742352,0.10919666261953427,0.013112003726417677,0.5954732351162734,0.1667819472081672,0.11148842852773955,0.24596097940353562,12.811754646196464,31.531098665487363,15.961785984553241,5.526656833427726,84.66503921603774,27.285872610817506,19.99002913493175,41.86505724350341,2207.1769065841154,4.143636122998898,0.700720759671133,2.3668493577243903,5.0,4.306175863247048,3.645210724100011,4.623172926029959,290.05452860992284,4.214285714285714,1.5406836158474546,1,8,4.0,3.0,5.0,295,17.08202792676392,23.26548893916553,13.336134680829776,3.4,3.044285714285714,1.3344938586841197,0.18066219151160867,0.18277650430998846,0.09663583059561576,27.448558221697176,31.858333458237496,15.65690176375909,4.1324743113029365,4.158117300049703,0.6454599883902343,4.0,4.210952380952381,1.3941558316124236,70,68,10,0
M100145,22.210178684979034,16.043654470961506,5.099109331744339,105.36768176468509,16.955162624657923,12.726368847644483,28.01906701878538,1599.1328653184905,2.9722222222222223,1.3735142777010048,1,8,3.0,2.0,4.0,214,0.2151889388319487,0.13749106644926498,0.020839773062644378,0.5875304954516947,0.18266412254923903,0.10727548931896527,0.29598055647026933,15.493603595900307,31.17254571394369,14.788766809232248,7.356112543469342,79.8218833627218,29.720206700016703,19.358747036840953,40.05374618827767,2244.4232914039458,4.1036945551368085,0.6992098434061121,2.023271654985169,5.0,4.208935224234089,3.661631539405805,4.647050665665888,295.4660079698502,3.9166666666666665,1.7978860826529532,1,10,4.0,3.0,5.0,282,25.37652401824056,21.936139605104675,13.778005338523464,3.6,2.9939814814814816,1.3389187773738414,0.14636627812078387,0.21933763925558003,0.12466118569233842,30.902882896633418,31.405618051558715,15.09302247134146,4.3581568360040075,4.092713572042309,0.687391340684416,3.0,3.9594907407407405,1.632709547999327,72,72,10,0
M100146,25.164691323231754,15.994870642537732,6.401368258013384,89.80363589512409,20.070249978774783,13.132440827139732,34.80456790048767,1736.363701302991,3.0579710144927534,1.3047882177829215,1,6,3.0,2.0,4.0,211,0.20024031077555587,0.10994327394893695,0.027291533616917454,0.5084637325570046,0.1791619581021918,0.12866890769073577,0.26768426261922473,13.816581443513355,32.49663843998058,15.569393121632586,4.1540837440471625,86.84319861562768,31.06147838680674,22.367855417580863,41.163459388248164,2242.26805235866,4.132162176247235,0.6009167711834036,2.526973554911395,5.0,4.055970663885141,3.732777613377409,4.56251254517645,285.1191901610592,3.8115942028985508,1.6827442775107901,1,9,4.0,3.0,5.0,263,26.100033838330027,25.31147807239068,15.307714730508605,3.8,3.060869565217391,1.265187681910427,0.29165576963104034,0.19715407983848357,0.0950702020428613,36.11000696415338,32.65517070483397,14.365820174570866,4.206358378046816,4.1267700315472045,0.5775113304009815,3.6,3.8089371980676328,1.58869575596389,69,68,10,0
M100147,44.354545390285075,26.961436996232244,9.017865909938944,140.00211395319081,38.92185611746935,27.649339168436626,51.55554829894029,3504.0090858325207,3.0759493670886076,1.3846424318466146,1,7,3.0,2.0,4.0,243,0.18916152270600695,0.11374193469762225,0.01247480102220334,0.5619533876907666,0.17858266881004461,0.11486500522896329,0.24428421203719525,14.943760293774549,35.31678670345221,18.648521776546655,6.647513079979481,98.16336524992357,31.13939519046389,22.341760453754834,44.265779900068566,2790.0261495727245,3.126280096767059,0.6252821348642305,1.3968717303880704,4.04,3.1473515852862155,2.6751758019074026,3.636842937108506,246.97612764459768,3.9873417721518987,1.6368643482325493,1,8,4.0,3.0,5.0,315,38.629400299406655,44.053904886540835,23.584736194450254,2.6,3.1063291139240508,1.3525655421540186,0.18179211128638875,0.18858359463419047,0.10644608762948679,27.96159597510644,35.55260640164614,17.337387000616435,3.4227308663011042,3.1225301514944848,0.6083833265097713,4.4,4.005274261603375,1.6478114300025397,79,78,10,1
M100148,25.528937564705007,12.798932173574052,5.150343614201406,61.16526936810209,24.517104590507763,15.75943161295509,35.35160515044053,1710.4388168352355,2.8358208955223883,1.5035011153302098,1,7,3.0,2.0,4.0,190,0.20459608865445642,0.10665908354444181,0.01090167222475615,0.5197079963609608,0.19701546970129438,0.12673204576685393,0.2462678964776574,13.70793793984858,35.31968914298212,17.852550684894986,10.030145449031515,108.69435307994802,31.68998087021095,23.714591632486126,43.99121344206793,2366.4191725798023,4.1360473880064035,0.6821760262421258,2.304965729157149,5.0,4.192451568352948,3.6718824872798406,4.720622987924145,277.115174996429,4.0,1.9847906537954927,1,10,4.0,2.5,5.0,268,35.07949680001055,25.275070063091775,11.968799596860212,2.2,2.871144278606965,1.4131800191506518,0.1515555476948302,0.2124336390630562,0.10479734415146989,30.940664601657097,35.46986040629492,16.09483662947916,4.506053053055801,4.131478641382956,0.6533934375637686,4.2,4.022139303482588,1.8230773486972112,67,67,10,0
M100149,38.96078702164414,22.104453802468353,8.792633359825206,115.29682099246978,35.94346295522489,20.19366721465842,51.346510073193414,3194.7845357748192,3.3048780487804876,1.3760654627537892,1,7,3.0,2.0,4.0,271,0.21080678804239902,0.1213509108551433,0.030403089829659745,0.503036941043955,0.19667192304851372,0.1174024153432334,0.3004720197666778,17.28615661947672,31.257207553051924,15.97994575956588,4.67399397721466,82.7718410949307,28.808739039295922,20.120087011777482,40.60052642782847,2563.0910193502577,3.1884458712781742,0.6582290999870344,1.3640525997631472,4.04,3.2480796949343547,2.8426485693780053,3.599267370756287,261.45256144481027,4.036585365853658,1.8754102231161012,1,9,4.0,2.25,5.0,331,25.689048793981677,39.161360595328546,20.045438766738094,3.0,3.3241869918699183,1.2853371265544553,0.22443389696611343,0.20779614390566659,0.121494083828791,30.16106640368482,31.47138878951696,14.971229040569954,3.639151657804894,3.19314758983825,0.6173538941204761,5.0,4.017479674796748,1.6885292850660278,82,81,10,1
M100150,25.34423303325446,16.16367099251303,3.549881970993654,93.7830625620177,21.44662945984917,14.736976191772705,31.12087966781972,1926.161710527339,2.6710526315789473,1.3103501607813268,1,7,2.0,2.0,3.0,203,0.1867589865133716,0.11012521302977327,0.033065998132245346,0.5257529361010527,0.1655033248945957,0.10065640459075821,0.24875748326126293,14.193682975016243,31.1740996935289,15.031135161434063,9.65730100400383,73.73915011414752,27.93602960864976,19.41149769279464,39.24817699124489,2369.2315767081964,4.256671976455253,0.6638248349892456,2.600362464357326,5.0,4.390454597992198,3.776829311520706,4.810842950928663,323.50707021059924,4.421052631578948,2.0672890969882065,1,11,4.0,3.0,6.0,336,32.19835974159698,25.17510420503266,14.36527119111274,2.6,2.656798245614035,1.220872888884492,0.12526346285969542,0.185216457134168,0.09571467039816635,28.67492801547529,31.282976586419302,13.889675496707362,3.554467052851509,4.260521646756789,0.5863763977679555,2.8,4.4223684210526315,2.0318489454601876,76,75,10,0
M100151,40.49237054825443,28.44390521763203,9.039502183512408,166.06688647887322,33.948322889265384,21.861447871715455,45.975587245018815,3846.775202084171,2.8842105263157896,1.311675539592247,1,7,3.0,2.0,4.0,274,0.1842796145378204,0.12592904836548213,0.014530488301186329,0.6646309893284446,0.1588759147445695,0.08099325672080823,0.2588625427276147,17.50656338109294,31.1630595212516,18.147400229230577,5.484568714202119,128.65419365059702,27.31110427968492,18.23119000303148,37.998898642766825,2960.490654518902,3.2491127662851285,0.6316045128264872,1.6873755486689337,4.04,3.3785303551567303,2.739945800648789,3.777269017643686,308.6657127970872,4.073684210526316,1.625868705693143,1,8,4.0,3.0,5.0,387,32.82658543566182,42.285365212774494,24.45672834204838,2.2,2.9149122807017545,1.2838009051916537,0.17817338453344592,0.18413174337605429,0.11670193454459495,35.829732075948776,30.79781142563694,16.034468560826596,3.088376764543079,3.247020660576075,0.6013293075454927,2.6,4.102456140350878,1.4775619174860142,95,92,10,1
M100152,41.95671138847893,26.51620543818779,9.813249443331417,127.13252022155383,33.444397941963125,24.554132101246402,50.6724877510792,4027.844293293977,3.1666666666666665,1.477313825952657,1,8,3.0,2.0,4.0,304,0.1942826425950415,0.12042818502746024,0.006952445838888482,0.5671816996061602,0.18261560154539674,0.10520146331748881,0.2718310926939691,18.651133689123984,32.73331345072709,16.682918793593235,4.59102790379281,74.36039983485348,27.890007765964796,21.456901997543213,40.97148043543673,3142.3980912698007,3.0552377129964774,0.6660710899933006,1.15554202660668,4.04,3.1366124743515926,2.6579550159221057,3.53618928823051,293.3028204476618,4.03125,1.8550251807058127,1,10,4.0,3.0,5.0,387,34.08625474517828,42.26171820991792,24.080784617281857,2.2,3.189756944444444,1.4079301546469396,0.16302462395081213,0.19549363847609746,0.11304227936909844,36.56192584889202,32.90308888213132,15.349336149128767,2.743734017510434,3.0688220907888595,0.6153327596667973,3.2,4.0569444444444445,1.7112205511270848,96,96,10,1
M100153,38.53405612491057,29.99243783449337,6.654981322123397,180.1820411741849,30.378479500826096,18.891022889897812,46.67367778188674,3313.928826742309,2.895348837209302,1.4144553702849882,1,6,3.0,2.0,4.0,249,0.1947891249054211,0.13856707035612179,0.010368312591685188,0.6811544109053279,0.16795187734207573,0.08780469138271874,0.2597128085714424,16.751864741866214,31.115799839541545,14.435269437824601,3.2012797035629306,72.83990203684944,30.174614297456607,19.476305958831762,39.88481790712995,2675.958786200573,3.1948860362715736,0.7031111264633075,1.2048561625690377,4.04,3.3128530749612506,2.7176752268361914,3.762541727101346,274.7601991193553,3.86046511627907,1.4963704377606848,1,7,4.0,3.0,5.0,332,33.87092070384755,38.13653765628885,24.88025884827631,3.8,2.852713178294574,1.365518753799538,0.10638833534985118,0.19485756989689304,0.11618215038948866,27.519171987692403,31.17434046430907,13.18710088043071,3.4436790530333345,3.1873068071545116,0.6897767329621216,3.6,3.828100775193798,1.4491455688822785,86,86,10,1
M100154,37.301016640334986,20.34232653532084,7.739385996019207,108.81525545178481,33.39183435897429,22.405581933700077,50.92918816710652,3133.2853977881387,3.011904761904762,1.4929073085038735,1,7,3.0,2.0,4.0,253,0.19323955441361054,0.1405419099011907,0.018479944888384045,0.6559436518107963,0.14857195728505102,0.08957918856169915,0.25931692805263207,16.232122570743286,32.319902431470986,16.031836802936642,5.551551192422854,88.41833499432884,28.465653174056875,20.303572415460277,41.001533773658814,2714.871804243563,3.271678110366391,0.6278796556945304,1.3787380285987476,4.04,3.3190040741306723,2.9353338727475102,3.769638673291836,274.8209612707768,4.2023809523809526,1.7200431621423975,1,8,4.0,3.0,5.0,353,32.622476612921204,38.01203620994532,19.087531387305923,3.4,3.051388888888889,1.3949431783139776,0.23171568404065668,0.1913836048083923,0.1295292552834484,21.24393991689646,32.64615277482684,15.34518024780722,3.169037417188662,3.2829554024254475,0.608007969432416,3.2,4.203373015873016,1.5821144716834687,84,81,10,1
M100155,42.730435877510935,30.67149748853975,6.993993009336983,207.7965165780286,36.7191351841802,23.44354857902374,53.80793100303124,3589.3566137109183,2.857142857142857,1.2236904201660632,1,6,3.0,2.0,3.0,240,0.1942680255280089,0.13339337327657885,0.011974074843484625,0.599475239016697,0.1593930588157079,0.09647069256431426,0.2536763826706679,16.318514144352747,32.36388644407716,15.033456379072886,10.375257764370332,84.62857550677127,29.963906683544955,20.896141994473833,38.65732699252398,2718.5664613024815,3.16765815027339,0.6416126332188595,1.3213664377265344,4.04,3.3007988057690953,2.7546161204877926,3.6609516656832994,266.08328462296475,4.083333333333333,1.798314695199894,1,9,4.0,3.0,5.0,343,43.21971687922164,41.94361535061976,24.527829517951798,2.4,2.901388888888889,1.197682412280565,0.11977719551243413,0.19796554685985995,0.1218657753174699,32.94593487956088,32.132205379341805,13.612831677773732,3.3670935971235707,3.1800635522380247,0.6076824886193635,4.2,4.080952380952381,1.7527435828273896,84,84,10,1
M100156,20.36547085017603,11.896459961369453,4.087937829703422,54.69977980628058,16.258245592965253,11.5982379455662,26.98584688794619,1160.8318384600339,3.0350877192982457,1.4137704435897362,1,6,3.0,2.0,4.0,173,0.17961124359423822,0.11812519115485202,0.026578773258796665,0.5781338184070612,0.14721054679270174,0.0966942828725853,0.25696031117811974,10.237840884871579,30.552853405162626,14.882195823020222,10.309021318606266,79.35268905347878,28.18799773551996,19.768945883708014,36.736698583587874,1741.5126440942697,4.314367735926003,0.60049012358349,2.9202921332781804,5.0,4.342623922870633,3.8967619037903063,4.897293171377873,245.91896094778215,4.228070175438597,1.8324217373625802,1,9,4.0,3.0,6.0,241,18.90550228284867,20.708107569006835,10.009336281905561,3.0,3.0383040935672514,1.3602617372219596,0.1859555809408492,0.18532333202744505,0.11699329458421702,23.009619762265743,30.853638804801463,14.87490669703483,4.01085182353763,4.305966121939716,0.5767199509762913,3.4,4.250584795321638,1.7002927304670297,57,57,10,0
M100157,22.86331021545315,13.485309849464546,6.812383292970968,59.28537819690874,18.16154314947755,13.548758250056565,26.57954606317308,1691.8849559435332,3.054054054054054,1.3537557284756359,1,7,3.0,2.0,4.0,226,0.20493081544422204,0.1348048249257561,0.035342739977562106,0.6125837016257123,0.17216359188840696,0.10246450000054128,0.3034135453503213,15.164880342872431,30.727657849317513,13.935318412996871,6.972898363437759,64.58307631341654,28.495741097283588,20.892328652576076,37.74412059560493,2273.846680849496,4.152617437480243,0.5830588138423137,3.1617886379451328,5.0,4.171365148546322,3.675537498362426,4.661140686607343,307.293690373538,3.8513513513513513,1.6608500252485208,1,8,4.0,3.0,5.0,285,23.229392314414035,22.560672166896904,13.213469908717826,5.0,3.0128378378378375,1.203625014789349,0.16841306878974788,0.20563975434285905,0.1314201914719841,25.890657221811352,31.099998868516355,13.75511181070736,3.802354776185181,4.156694681150485,0.5414289370750708,4.2,3.8317567567567568,1.5699987990504545,74,74,10,0
M100158,23.848425768257894,15.786399629957218,5.921612104881173,77.02455320081708,18.41854320721532,13.634596503207568,28.304818552993982,1884.0256356923737,2.962025316455696,1.7204876915534026,1,8,3.0,2.0,4.0,234,0.20333557609459824,0.11251470793682714,0.01796686312750895,0.5017091167031582,0.18817935600352179,0.12000667521772664,0.26941368786594166,16.06351051147326,33.181182359596384,15.31242176796992,6.882783945245623,75.55457146932751,30.320588177025677,22.126615520580657,42.578214987092636,2621.313406408114,4.1728809129690925,0.6241285099941367,2.729790477783567,5.0,4.245960649131248,3.712541970045656,4.696621201892389,329.6575921245583,4.151898734177215,1.9682649367929699,1,9,4.0,3.0,5.5,328,24.33866421549962,23.692232919754716,13.880056244910776,2.4,2.9242616033755278,1.6769868437778104,0.2501771065400782,0.20155876055188898,0.10266708548014548,35.36982171854451,33.74648983762447,13.804285653027986,3.9690987250196677,4.1814511600166595,0.5873175519369548,4.4,4.127215189873418,1.9687626397808127,79,78,10,0
M100159,43.479305795540725,25.458578366474903,8.970970028072715,124.46646720378658,37.1648377995177,27.804114219280365,53.03417524129356,3521.8237694387985,2.8641975308641974,1.1592355931793272,1,6,3.0,2.0,4.0,232,0.21239006135124205,0.13292006286456742,0.007749045171571582,0.6170086563985813,0.1813709827043415,0.11875967213513967,0.27729440772076425,17.203594969450606,31.616994759558853,14.599638969501514,7.084294851133561,66.56709130228346,27.375154050254686,20.79779712216737,41.29246502061076,2560.976575524267,3.168201974913758,0.55230088425948,2.1468424243538626,4.04,3.173293856197768,2.6642965838035106,3.624934453349428,256.6243599680144,4.271604938271605,1.8775805287591016,1,9,4.0,3.0,6.0,346,39.670779581688066,43.20031465064933,22.22298300736429,2.6,2.8742798353909467,1.1733429337122288,0.1169137530478818,0.21420853596951825,0.11289859472242683,22.004716947223944,32.00487569471761,13.419980541069162,2.765600868734464,3.167997029930759,0.4838705272897584,4.6,4.234362139917696,1.7393360630223706,81,78,10,1
M100160,40.67829594339071,24.34931059644291,5.556669344301104,125.01011742170027,35.3595648444339,22.454931086804837,53.237923365828934,2928.837307924131,3.1527777777777777,1.13410288703118,1,7,3.0,2.75,4.0,227,0.20140965090387664,0.12357095318720067,0.013690712786454262,0.6478057295094203,0.1853186939390803,0.0983667331836047,0.27334004971417086,14.501494865079119,32.062479157173144,13.235803536810879,7.555570538760296,62.06995133222999,31.281556561661183,20.453228099801162,40.12561696061992,2308.498499316466,3.1624528682243835,0.5606947650893293,1.6135825466470086,4.04,3.2789498577839233,2.725225379927637,3.5383850877418563,227.69660651215563,4.027777777777778,1.7113722541210235,1,10,4.0,3.0,5.0,290,43.27433866622805,40.30150967588527,21.845998601986057,3.0,3.1597222222222223,1.1016865009694603,0.1286817258831589,0.20340852750508034,0.11063804162233397,34.661377968405006,31.915960284575547,13.114367753240609,3.179160567559875,3.1379694125215964,0.5277402197365589,3.0,4.012962962962963,1.565622429096863,72,72,10,1
M100161,24.187619409768306,15.403256969436773,5.146247915129882,75.56760198949685,18.915881601533563,12.595611708897039,30.58226687160814,1765.6962169130863,3.219178082191781,1.765774738232373,1,11,3.0,2.0,4.0,235,0.2107345071836462,0.11353255288500787,0.0052559350179809715,0.5488503151179649,0.19772481935538544,0.11253093783016109,0.2912522799024461,15.383619024406173,34.049633814794575,17.253662534514667,8.525675705211293,81.48560501416105,30.56278158154113,21.483328494724972,43.625395390774926,2485.623268480004,4.112057110003794,0.601681177388279,2.7496329113276445,5.0,4.167687944384939,3.676935393281094,4.60022550838013,300.18016903027694,3.73972602739726,1.7402697528789575,1,9,4.0,2.0,5.0,273,27.82772939133762,23.63043118197554,13.249165173835692,2.2,3.208219178082192,1.5733510069823071,0.2195433578333168,0.2083763529606925,0.10992087667981153,28.943091216114034,34.155866900723446,16.783963539429372,4.014692067298484,4.121473040716964,0.5964588155013201,3.6,3.7678082191780824,1.5325059361654416,73,73,10,0
M100162,45.555490576156124,22.750835390021347,8.265425216685712,138.77958425465232,44.06534552341645,28.464423348209205,60.18670848272424,3143.328849754773,2.869565217391304,1.3051148639809997,1,7,3.0,2.0,4.0,198,0.198261151950971,0.12061302711017922,0.0272580353469873,0.625697365903624,0.17024432595526254,0.10996587829748561,0.26817567312731583,13.680019484616999,32.114440177122674,15.023863081764087,10.132040771628018,78.59639333748372,31.497841858476963,21.797574609841973,38.966228185095765,2215.8963722214644,3.1778016792637884,0.6152287594860337,1.439164909635772,4.04,3.1819855126275893,2.869952316877649,3.670651018350819,219.2683158692014,3.579710144927536,1.428757142964485,1,7,4.0,2.0,5.0,247,32.47055115172223,46.46979078696207,19.2604000086972,2.2,2.879951690821256,1.2449416673526477,0.20044744556424005,0.19426235228999464,0.10822707502338057,31.838137009402327,32.17171088317028,13.895643124812226,3.2272140439586843,3.184089091445614,0.5917293035109172,3.8,3.559420289855072,1.3568843457943804,69,68,10,1
M100163,27.023273803018736,17.7199664573553,6.823165555192491,117.73685945437543,23.066042766069152,15.307299464773703,31.239805701100245,1594.3731543781055,3.0677966101694913,1.552133201487786,1,7,3.0,2.0,4.0,181,0.18409303156824422,0.11403072479738809,0.012421253602200708,0.5840023078710489,0.17719932794027682,0.09703523835557618,0.2313473175441057,10.861488862526409,35.428514221003894,13.903130631114008,7.727396417231353,71.3551241639713,33.60655247383782,26.463906918009183,40.58322397126535,2090.2823390392296,4.08396472334754,0.587778891128521,2.5197826299402335,5.0,4.093563958659389,3.7210040943112626,4.534190116920902,240.95391867750487,3.9491525423728815,1.4553554941184186,1,7,4.0,3.0,5.0,233,25.214637987124267,26.697190854187227,15.182123306551647,3.8,3.052542372881356,1.4555995979391079,0.20699706484697183,0.18028436008508467,0.10365919135612614,32.20888756424811,35.79819153088983,12.897138741596754,3.9351444899359698,4.08505245248,0.5325644486298236,3.6,3.965254237288135,1.3968317815403892,59,58,10,0
M100164,23.615237322411257,18.225266097400763,4.532556461623083,97.3441840728785,18.13487179932029,11.031949991965954,28.418456425716826,1629.4513752463768,3.1884057971014492,1.2865293293431042,1,7,3.0,2.0,4.0,220,0.1952999026473799,0.11460026264197025,0.03674017485100451,0.5324372940862689,0.16301277261686417,0.12489704057875946,0.2468728861522487,13.475693282669212,30.24865772842106,14.8869266578155,7.460641860508944,73.48498363141223,29.194860667754032,17.418108647048996,38.4383406452407,2087.157383261053,4.121210870350689,0.62953819744334,2.6565666565110693,5.0,4.104682226366767,3.7685964083423826,4.617652462171593,284.36355005419756,3.9855072463768115,1.8027165254887547,1,9,4.0,3.0,5.0,275,38.086611098275725,22.834813612058028,15.000525012065209,2.8,3.252657004830918,1.2991421984587217,0.18548272531644025,0.19686994748298645,0.10892535811003629,34.59205680782973,29.93362562976082,13.798697838802966,4.130636837400413,4.1322617198901685,0.6313794053819466,5.2,3.89975845410628,1.607285202296982,69,69,10,0
M100165,48.6848836610592,29.925974306521553,11.57490875135328,159.4421840960466,39.35802900692174,24.61490125816231,61.42233661824728,2726.3534850193155,3.0714285714285716,1.6051863993391475,1,8,3.0,2.0,4.0,172,0.20148226049802517,0.10327120326284883,0.028375257929929315,0.5515368887432748,0.18720087498635332,0.12457544583742637,0.2690905873391722,11.28300658788941,35.44235918127727,16.95732431136833,7.212871335180677,86.6948711055714,33.22515923316922,22.460100331604224,46.293647084102275,1984.7721141515271,3.279634856013584,0.6052109244716419,1.707770716272985,4.04,3.254435743363894,2.916656090925361,3.8534444244263737,183.65955193676072,3.857142857142857,1.7521786068006509,1,8,4.0,2.75,5.0,216,31.982824993019904,48.229085019439665,26.68236753750364,2.6,3.070535714285714,1.468052055460475,0.162854666145303,0.20116414630376714,0.09794952812746092,44.617644522039186,35.31377223812756,16.089519548351774,2.8283631715975566,3.288112759123571,0.5740571311116474,4.4,3.9285714285714284,1.7850947669797557,56,56,10,1
M100166,43.485189138214764,26.555560184795777,5.878572720016779,169.69334372355002,37.151959174737414,25.58147732840469,57.85771628560351,3522.3003201953957,2.802469135802469,1.3731328512421856,1,8,3.0,2.0,4.0,227,0.17072172628892554,0.11202027397325037,0.013156823162963356,0.5553699468222395,0.1421479191308692,0.09889760917250773,0.235104563537791,13.828459829402968,33.716539193376484,17.699605533649045,8.054070257508666,114.1127696801292,29.3921912817311,21.062274582924342,43.62915446169911,2731.039674663495,3.0345148783475864,0.7021541017785703,1.0,4.04,3.1335834167430283,2.578226186595827,3.575722133233488,245.7957051461545,3.962962962962963,1.4953632037438633,1,8,4.0,3.0,5.0,321,41.48700739906138,43.229005778956626,21.748870867661275,2.6,2.836008230452675,1.245296936921475,0.19076190820115005,0.17087249549252792,0.10813808149702771,30.105363546171265,33.42423366297951,14.975468469342806,2.8889506702154066,3.042384894514801,0.5883760459009031,4.4,4.004938271604938,1.2935353549177293,81,81,10,1
M100167,43.445818906652164,28.745180852596988,7.144759658316979,166.7524904540057,35.73402804442196,24.73969171962924,56.866216606194776,3692.894607065434,3.223529411764706,1.4257535233144958,1,7,3.0,2.0,4.0,274,0.17978452656429952,0.11922207844602878,0.016823667290967095,0.5701859239388797,0.1548839067255492,0.09106979245642163,0.23118679977124834,15.28168475796546,31.88844143564361,13.865025329516486,8.060038730940692,78.5767201742605,30.229065108218904,21.312360038591464,40.84461343627613,2710.517522029707,3.2126669739990583,0.670026914994756,1.5231332961736666,4.04,3.305789322536893,2.730584100148697,3.7368554242186454,273.07669278991995,3.976470588235294,1.6328216199502719,1,9,4.0,3.0,5.0,338,35.91648709689094,43.36111918971589,25.625881149815942,3.8,3.236666666666667,1.3384852362075221,0.2749551163609099,0.1793085000372867,0.10900752542477515,36.69484895932379,31.81605853754033,14.046500862310117,2.596389483925696,3.2413856829948386,0.6303886695908211,3.8,3.9633333333333334,1.510806008253761,85,85,10,1
M100168,45.4346016480628,24.92758016178408,10.90236137604318,153.77100179225187,39.39281101944769,28.533588309366607,54.67857675059121,2771.510700531831,3.1311475409836067,1.5107990141650829,1,7,3.0,2.0,4.0,191,0.20418625714998995,0.12212759968556292,0.014657662362954176,0.5078142531905017,0.19484559560745057,0.10684038249408806,0.2777618403745548,12.455361686149386,36.72208203117591,18.13058512760573,5.8330057229860115,91.27766316443054,35.594667657355245,24.061114696389637,49.83708211349496,2240.0470039017305,3.2697042075279072,0.6152561380414102,1.612338242113161,4.04,3.260274342950501,2.7932857329391045,3.8205644044409217,199.45195665920235,4.147540983606557,1.8242447348036988,1,10,4.0,3.0,6.0,253,45.52017156230794,45.91705606366562,21.548847131356606,2.8,3.1527322404371585,1.3982350901414626,0.22556904310147413,0.2027822153619407,0.10972573088436591,33.63480257825078,37.12206757534728,17.743460857642408,3.421430037155843,3.2576365225540673,0.6184265457689819,3.0,4.154918032786885,1.6440980140684394,61,61,10,1
M100169,26.851287229249802,19.445989514917525,6.491825724302546,103.54605602557855,21.059545926869394,14.366063667613485,30.90509502298932,2013.846542193735,3.1466666666666665,1.3724443899858398,1,6,3.0,2.0,4.0,236,0.20338860322602423,0.12712351938721483,0.023486454708872614,0.5296317464383057,0.17413461829134283,0.10745753581538686,0.28163868137173886,15.254145241951818,33.70217462465869,17.36107917468312,4.545818733056278,111.20400817091605,32.96127918797421,22.561545735474745,41.93172907050659,2527.6630968494014,4.195592589694433,0.5773112200980594,2.76608975063149,5.0,4.2262799264179485,3.8973898702680585,4.6224331538595,314.6694442270825,4.253333333333333,1.8823025960410995,1,9,4.0,3.0,6.0,319,22.258124857850817,26.81496627047335,16.385340514301422,4.6,3.103555555555556,1.2926101522500382,0.1794550045112597,0.205493033955039,0.12147384207567445,41.467059063946024,33.31165898528448,14.370793629899941,3.9721600402126143,4.18963362253972,0.5681850080230747,4.2,4.246888888888889,1.8006846378587238,75,73,10,0
M100170,43.95129965560161,28.64852736830403,9.197237363781115,142.87011409675625,35.301591376139356,24.407792145810852,53.63101253677557,3428.2013731369257,3.141025641025641,1.439014444250846,1,7,3.0,2.0,4.0,245,0.21414291629445018,0.12020897499582281,0.0142928736692891,0.6468708320066849,0.1997647603221056,0.1159778202378632,0.2880102896613327,16.703147470967114,30.695978441755198,15.469326488220432,5.607945876169184,82.33301133499408,28.04043880854691,20.469576410105,35.566934737199674,2394.2863184569055,3.2488959726609865,0.606432351362464,1.7532072325901158,4.04,3.402777099074207,2.784111347082548,3.6933521301841044,253.41388586755696,4.153846153846154,1.8730967696548702,1,11,4.0,3.0,5.0,324,46.92028437482195,43.36991120437862,25.19192741041534,2.8,3.1438034188034187,1.4203257519880426,0.31249767028100506,0.20842136014121537,0.10335755895946556,27.537919019827598,30.474430503629765,13.621958992931072,2.9999850404915476,3.2436302961556387,0.5634836677759855,3.8,4.285683760683761,1.7448747974008223,78,78,10,1
M100171,27.515188952568483,16.498247269915755,4.411215548917742,100.6295034347782,23.6569262958068,16.346348026128233,36.85892044604309,2118.669549347773,2.7532467532467533,1.3587517893838423,1,6,3.0,2.0,4.0,212,0.1776076657241628,0.1126712433866116,0.01638287717893803,0.48998373652614907,0.1555434930716814,0.08580188259055761,0.2558388425225073,13.675790260760536,34.26100890511548,17.597774041745996,5.582639040370261,108.42420266753714,34.522291947177564,21.239730560550942,42.44221591349255,2638.0976856938923,4.215297536678192,0.5799425082997411,2.8544104398723738,5.0,4.252653992844372,3.8474467917609,4.720011667682519,324.5779103242208,4.285714285714286,1.684739108782619,1,8,4.0,3.0,5.0,330,25.46540714936835,27.587567581062487,14.576295943023387,2.8,2.7857142857142856,1.3180943497994932,0.1814764720768154,0.18091779953784476,0.11064741675077593,47.230347185057546,33.569852845398,16.259916727676753,4.5126987919182335,4.212033405493383,0.5491151931943884,5.0,4.257792207792208,1.663570449081649,77,76,10,0
M100172,26.11337960268233,17.578805557963044,4.808887068282465,79.92527429763366,21.579219176076126,13.225458246875064,33.470259855047104,1619.0295353663043,3.1451612903225805,1.2784054385687829,1,6,3.0,2.0,4.0,195,0.19873142772038996,0.12515657853865877,0.010479740111208917,0.4933285914450066,0.19533593466787497,0.08058732631350324,0.2942126650735333,12.321348518664177,28.097829344275272,11.05262741502196,8.663710496712484,50.292963854211045,28.870614125929862,21.07697568627573,36.255716622354754,1742.0654193450669,4.173841856768761,0.6676462003847333,2.463789683660033,5.0,4.309066129535482,3.666605446646583,4.681577856715121,258.77819511966317,4.225806451612903,1.778001778002667,1,9,4.0,3.0,5.0,262,30.613911675963323,26.114275722963086,16.683063153119427,2.8,3.1451612903225805,1.2314285121351685,0.20208838220110073,0.20017379047849732,0.11349071710196329,32.354602821912465,27.67536238967858,10.637984179319762,4.2597702481491755,4.176602555875314,0.6299568367200129,3.6,4.228763440860215,1.614232332059367,62,60,10,0
M100173,22.173632348914822,13.643608061536261,4.526028106381255,58.45671768643241,19.470273098287223,10.684561683784,28.132223084422765,1640.8487938196968,2.9864864864864864,1.3897200195332855,1,7,3.0,2.0,4.0,221,0.22012998937598516,0.12025173887337211,0.022373183173651973,0.49546515994749113,0.18865145513109033,0.12846354045217795,0.2931137319577016,16.289619213822903,29.279491546924604,11.291293652160585,10.462367573769319,61.1970721704969,28.716938073123476,22.155099219195858,36.523523329142876,2166.6823744724206,4.192231979715163,0.645780799615709,2.5053830283564897,5.0,4.284030727610128,3.7224113434604753,4.739020423314407,310.225166498922,4.108108108108108,1.7325851108198778,1,10,4.0,3.0,5.0,304,16.086282479977722,22.34017301977013,12.674492315170106,2.2,2.974324324324324,1.2569138941614368,0.2655737172221242,0.21636507611583358,0.11696238119510341,41.58178130766626,29.393181841707516,10.183875859741297,4.46868128211612,4.197771017081882,0.6252099862954753,5.0,4.087387387387387,1.5915147218762489,74,71,10,0
M100174,41.110687472674535,25.938872896564746,7.973091443689603,128.6493793711476,33.9070153920479,23.26487469331547,53.31582094783029,3453.2977477046607,2.8452380952380953,1.4848150882322388,1,8,3.0,2.0,4.0,239,0.19709850698329046,0.13627200179418492,0.005652402459853548,0.558072551449099,0.15758906398676395,0.10069576017881542,0.25818445273869906,16.5562745865964,32.24207955035445,17.67320411120717,8.147541986646322,90.5696509555308,28.069732916614786,21.10256636451254,40.758462741223326,2708.3346822297735,3.2112507436104245,0.652353807446835,1.0,4.04,3.2393583909138917,2.7994686790876466,3.78377711431674,269.74506246327564,4.416666666666667,2.1799100972582597,1,12,4.0,3.0,6.0,371,54.31277067804649,40.94483175630104,24.716675305832105,1.6,2.855753968253968,1.3873263889516692,0.16410187905120774,0.19480847280804814,0.11991258102552582,17.619033607342566,32.45371063945,15.152734930602254,3.1487204943539906,3.1914571612202023,0.5706658105650968,4.4,4.419047619047619,2.055832651579491,84,82,10,1
M100175,24.84840045285633,16.78809482209833,5.637434050036153,93.41854727323914,20.035705458667852,11.515458353182808,33.33964815667289,2062.4172375870753,3.0602409638554215,1.484467528667216,1,8,3.0,2.0,4.0,254,0.2222479096784591,0.11808023246620256,0.026549133470021816,0.5711574478903654,0.22294716731671704,0.14013149716657478,0.2824737218872333,18.446576503312105,33.11319637385209,15.893868961595404,4.355649345448097,77.33839607901659,30.378695491013996,21.21815509195078,41.86772716992326,2748.3952990297234,4.034182221443431,0.6559218870829238,2.2795704611312697,5.0,4.0809844662199195,3.6089006006150126,4.562823554273111,334.8371243798048,4.240963855421687,1.6199244294763329,1,8,4.0,3.0,6.0,352,17.233623940541893,25.142567498178533,15.445580746483845,2.0,3.1020080321285146,1.4245189629222414,0.28194202873342367,0.21951888711951748,0.11120568651111677,37.79596390935037,32.34087295790556,14.080896363869023,4.4834938532500574,4.004309988136829,0.644541048653883,4.0,4.26004016064257,1.6625572272213633,83,80,10,0
M100176,43.40949574826309,29.093182299391295,10.925102834699905,161.43573596079236,34.71092547819806,26.509989593460997,51.737710678332405,3299.1216768679947,2.8947368421052633,1.6539161394977766,1,11,3.0,2.0,4.0,220,0.2123332100260168,0.12238044729139162,0.019181337529183145,0.5651810299152334,0.17853018949513633,0.12190193339718151,0.3035618814829231,16.137323961977277,32.162119661774085,15.08561982020961,4.3237307598884716,73.131061943485,28.580261845385795,21.80302215532962,42.65121529950084,2444.3210942948303,3.227794377880379,0.6580323730104674,1.2160516963456032,4.04,3.290655953228809,2.888488305321041,3.6929478398517177,245.3123727189088,4.0394736842105265,1.6608494972849224,1,8,4.0,3.0,5.0,307,38.45271920109583,43.44369727493845,23.860681428757815,2.2,3.049561403508772,1.5837313024606892,0.15594329799131976,0.2125300683378024,0.11924655376085118,31.385284594410802,31.850756818127454,14.633780122408497,3.6342564088488656,3.236111892607223,0.5675644669006542,5.0,4.03421052631579,1.5492283781015246,76,74,10,1
M100177,40.996756367729894,24.347973150840584,9.99149180022203,114.57186358309387,33.52953183931897,22.770737304100187,54.78083301724715,2910.7697021088225,2.816901408450704,1.4072248186202678,1,7,3.0,2.0,4.0,200,0.17630692689229963,0.11128599531197207,0.022710242346459228,0.5624917145051069,0.16725954869490547,0.08451735067941188,0.23378887311330446,12.517791809353273,31.109154440857164,15.578336669687463,10.919486273683713,93.8883915179491,27.717087157912136,21.834384714887484,36.28696725770452,2208.7499653008585,3.1544113416035766,0.6689570768971912,1.6897311467520817,4.04,3.16622307810301,2.7697537006256554,3.713630414246487,223.96320525385394,3.9577464788732395,1.5805660804942177,1,7,4.0,3.0,5.0,281,36.616430070293426,40.75358495603355,21.828076789370314,2.0,2.837793427230047,1.3317682971014955,0.10758342522462619,0.17837809205074306,0.09032774872090059,28.402856092510824,31.31107530606667,14.773403762942088,3.52546992334707,3.157044233828198,0.6273334648080645,2.6,3.9659624413145536,1.527792645484224,71,70,10,1
M100178,25.2931874707294,14.086206827345205,5.474615499373156,70.3899016257878,21.59098253794506,14.474233331730456,32.446522703048004,1669.3503730681405,2.772727272727273,1.250174812950998,1,6,3.0,2.0,3.75,183,0.19321182186419697,0.13589059415852578,0.008106017831896893,0.6692908124813346,0.16339995846148547,0.1009649248491234,0.2647660868446148,12.751980243037,33.38587933735716,14.830749056806878,7.829079869552215,86.5573410147628,31.961777394850465,23.04339141103969,42.06879117673077,2203.4680362655727,4.148164735200202,0.6399847999937945,2.3463810747975042,5.0,4.121819011076402,3.6815412933881215,4.756357909067702,273.7788725232133,3.803030303030303,1.6936051394284233,1,8,4.0,3.0,5.0,251,37.56901598103443,25.159525674736802,12.571980883619212,2.6,2.791919191919192,1.1051526295495757,0.2774774288365023,0.1901512406190394,0.11655708448639684,32.42261341001237,34.538993665708816,12.849905685360783,4.5787034307595205,4.12652864705979,0.6336482865718202,4.2,3.777020202020202,1.57638499100805,66,66,10,0
M100179,22.917056235844903,17.80656969121985,3.354642805881964,107.37473764159904,19.35938518270611,12.861678788258658,25.060285678021938,1856.281555103437,2.8518518518518516,1.3794121131039039,1,7,3.0,2.0,4.0,231,0.18643259795727524,0.11002460766000319,0.006146058599678876,0.46293063749669977,0.1658341677879112,0.1113209514914451,0.2616846302535819,15.101040434539295,32.04722019052398,15.673065133056124,3.2099605254135306,75.74045834977079,31.068905660132693,20.315517069163985,41.224045295573454,2595.8248354324423,4.113120983359946,0.6137013832918617,2.7598065740144015,5.0,4.144898719718404,3.682154877008117,4.564232801922026,333.1627996521556,4.271604938271605,1.688285711002527,1,9,4.0,3.0,6.0,346,12.743361366045717,22.939293598317203,14.325021680318745,2.4,2.867695473251029,1.3411598456557232,0.24001351556228326,0.18346839725695882,0.09350321791897179,32.41742892437664,31.608793102766036,15.487676136150142,4.193678897312011,4.121763124435392,0.5959002353177112,5.4,4.232304526748971,1.649619924870673,81,79,10,0
M100180,20.06133425974224,12.105009704719107,4.57839337273814,61.05464281275927,16.815138383173746,11.002736596113245,27.93940979512699,1364.1707296624722,2.7058823529411766,1.2465932505116684,1,6,3.0,2.0,3.0,184,0.19368689376325302,0.1146213937423125,0.02501413766186764,0.4845591957493635,0.20032038168755062,0.1128491942556937,0.25993680852214346,13.170708775901206,30.005300207890926,14.438630890320448,2.47994904414526,80.39346739875863,29.741816424463963,18.82620671812027,40.451992260515794,2040.360414136583,4.106526321254305,0.5646524520433577,2.8598568868565257,5.0,4.137440435518785,3.6864112193986096,4.489979229090578,279.2437898452927,3.8676470588235294,1.8276843824718532,1,10,4.0,2.0,5.0,263,20.55994214973444,19.949515204436267,10.075761907769593,3.0,2.702450980392157,1.198552192832932,0.27314888963419504,0.19131128630817185,0.10886620416536004,36.093039043746856,30.055658708116056,14.123187841928916,3.9394458611721164,4.124364154506908,0.5607403827731937,5.4,3.8230392156862743,1.5627827391518934,68,68,10,0
M100181,23.823929422957693,13.455195848359905,4.431312181765994,86.6714103452654,21.245632081333582,15.096054965827985,30.042597817522328,2096.505789220277,2.9204545454545454,1.1959855351169537,1,5,3.0,2.0,4.0,257,0.19639162167434393,0.1019192457635927,0.0036818850463934973,0.4662078597181282,0.19038955298175342,0.1303849387158191,0.24657518414862856,17.282462707342265,33.57464300259375,16.290185913834318,5.871612564068659,100.42417799942892,31.19823846545723,22.399932272775807,40.62169052499119,2954.56858422825,4.191638355886583,0.5739629350395352,2.9788252823565724,5.0,4.2021740995698575,3.7167905315536096,4.655320595978693,368.86417531801925,3.897727272727273,1.7156465402878507,1,8,4.0,3.0,5.0,343,43.20505917854455,23.486929120918344,11.34370558291337,3.4,2.8984848484848484,1.2088543814796875,0.2168209749552675,0.19241363003832002,0.09632437946576283,19.725425145319218,33.6727555324409,15.229073764595908,3.8627158710262535,4.187078421656782,0.5310598473223329,4.2,3.9696969696969693,1.587130375102232,88,87,10,0
M100182,48.52246143853079,30.009126620503476,8.086994212389671,173.94177836228627,43.56439766775884,27.67555232769445,61.98461872914551,3445.0947621356863,2.8732394366197185,1.49216599483329,1,6,3.0,2.0,4.0,204,0.19696073866308098,0.11195433354532718,0.008159747108824457,0.5557702727099664,0.18295857539679575,0.10345057706611369,0.2791615807777763,13.984212445078748,31.465084725949907,16.73070084054574,6.810363231905373,78.18866480041446,28.193249105370704,18.438395761414426,37.58214098402609,2234.0210155424434,3.198850388987611,0.6048424431227426,1.8573865507067921,4.04,3.2441988254707823,2.8198980531803866,3.6446042988470677,227.1183776181204,4.253521126760563,1.8261459013777384,1,9,4.0,3.0,6.0,302,49.77335942374295,48.96104143497736,27.951382801473546,3.0,2.8457746478873243,1.4297193094715,0.18866911371129613,0.19291726663224476,0.10367964053190497,31.054191954317325,31.56322119197894,15.710895794426008,3.2395302023090826,3.179861269464147,0.5821360414452272,5.4,4.160093896713615,1.74089948662028,71,69,10,1
M100183,22.5204702200061,16.769286111912436,4.179223974174397,94.26356632395955,18.545375510244394,11.601223600691952,25.76662247630771,1621.4738558404392,2.75,1.1718529927511037,1,6,3.0,2.0,3.25,198,0.18530248446666484,0.12941373919662064,0.0008301915414714472,0.5505026159029257,0.1657425988439525,0.06965389425722733,0.28179954336167395,13.341778881599868,27.473482126170964,14.533801529290908,5.637261743712563,71.56897588380097,26.193444221889884,16.051981650002887,35.50526985159631,1978.0907130843093,4.146171946080063,0.6592253386533152,1.8927893449977873,5.0,4.288856456987549,3.8181130665894583,4.542342410431591,298.5243801177645,4.055555555555555,1.837702859465319,1,8,4.0,3.0,5.0,292,11.457583974967314,22.616558865799718,13.191940150604326,2.6,2.7840277777777778,1.0997812463565932,0.08743095586501667,0.18793236095937366,0.1224697558042081,30.767440693122133,27.206131068234136,13.616614401048414,4.388903326685211,4.150057959815073,0.5609125183761071,5.2,4.110185185185185,1.8745695180813748,72,72,10,0
M100184,41.398850528938134,21.41948433601109,11.197416784927226,148.16472733293134,38.72982407539663,26.006599520402673,54.09800347405654,3104.91378967036,3.013333333333333,1.3202511363612086,1,8,3.0,2.0,4.0,226,0.19368353482514358,0.1273859276980597,0.007489276739454254,0.5150177908560167,0.1543340447651883,0.09923485010335324,0.2597061125653524,14.526265111885769,30.46301971506092,13.435036194411268,10.77374781543569,62.492339162069584,28.169598880819994,20.786261409424988,38.807387826020545,2284.726478629569,3.1996014254657807,0.5874520756593687,1.8991098954170758,4.04,3.1664039429966397,2.878485686998496,3.608598273888594,239.97010690993355,4.12,1.6271347724044152,1,9,4.0,3.0,5.0,309,55.6612732171893,41.187618812165056,17.748243849909137,3.4,2.9826666666666664,1.2913514814610334,0.1891437228472303,0.19474090033749042,0.12047856862552744,35.80142869541741,29.77523467750614,12.110390362320953,3.248861717142103,3.2006979007027097,0.5305723774755358,4.2,4.144444444444444,1.580799023787383,75,75,10,1
M100185,42.45353524753216,31.174500933709687,5.513838001951133,166.54775020203877,32.785586457125156,22.38799770656233,50.743352358447154,3438.736355050105,3.111111111111111,1.4832396974191326,1,7,3.0,2.0,4.0,252,0.18742591597299768,0.11388694265845359,0.012083071499709894,0.5696105866824039,0.17680048881069246,0.09567758583765337,0.2663105451039641,15.181499193812812,31.259848368849088,13.876826741097075,3.9462720742717323,64.76459780609535,29.5729333936174,20.685231731535985,40.29392191203193,2532.047717876776,3.199586052105664,0.6128989510125677,1.5061368275822922,4.04,3.251692310951892,2.7627392671427207,3.6896761306500867,259.1664702205588,4.172839506172839,1.6866395840308483,1,8,4.0,3.0,5.0,338,39.241357955209544,42.82843465168175,27.07925067767901,3.2,3.1109053497942387,1.5260063739681982,0.14317967243091986,0.1876504878137549,0.10397081631365908,39.04319020286027,31.097976016225683,13.254126500402734,3.250944719723056,3.173550083302793,0.5661647602877097,5.0,4.1685185185185185,1.6103904556642938,81,79,10,1
M100186,37.83772405950055,24.58214052886725,11.44829715497754,147.64548212096042,29.96312493361677,21.30197350628316,44.308605201277246,2345.9388916890343,2.8870967741935485,1.26885567019764,1,7,3.0,2.0,4.0,179,0.20140917603872802,0.11863540382928912,0.0047460187510824,0.5574076875608683,0.17716877256829572,0.11900769020060417,0.2644875524530217,12.487368914401136,33.604979101940124,18.19550562448032,4.895144204306428,98.19322189596294,32.6041183193064,18.743988941150256,43.03413413766953,2083.5087043202875,3.239067494932518,0.6615410502014898,1.4741557404737473,4.04,3.3589152090151937,2.8717150408123127,3.6630052421263297,200.82218468581613,3.903225806451613,1.6566772731947013,1,7,4.0,3.0,5.0,242,42.19191188119399,37.12204878533002,21.45493203879503,2.2,2.9658602150537634,1.157198918420605,0.19040471593956348,0.20736469087312415,0.11413380023380411,27.098559836229065,34.31780542620734,17.487135719781165,3.0770491057915677,3.2329952948187914,0.6136096828279342,2.6,3.9618279569892474,1.5326260731936965,62,62,10,1
M100187,24.067700628022617,13.888320906121475,5.460855913268052,72.18593227573022,20.981442162621427,14.005322205686488,30.945524859576828,1371.8589357972892,2.9298245614035086,1.3209797381760553,1,7,3.0,2.0,4.0,167,0.20775251513513585,0.12372475322618867,0.043474035557301394,0.5440014928348071,0.16888348597523886,0.13015837894988988,0.2747105510737841,11.841893362702743,30.711703861987406,16.643895115556692,9.558874649088773,68.57434600696669,27.307672942209894,16.62553920752763,42.833857686981574,1750.567120133282,4.144337751664472,0.5821392954694427,2.6112261997063353,5.0,4.231486637780512,3.7048600603737905,4.4679083909393675,236.2272518448749,4.280701754385965,2.033244995821355,1,9,4.0,3.0,6.0,244,25.11098649746392,24.66714222413413,12.96911487094365,2.8,2.959649122807017,1.3140620187485823,0.1354197652859656,0.21544796808644665,0.11089447466197003,31.935630834550686,30.162565653668615,15.470096486237486,4.694541170750412,4.125890084962826,0.49013761282036966,5.8,4.19093567251462,1.9451950217428315,57,57,10,0
M100188,24.421363714508743,13.821154700893267,2.0989942276982756,74.74996839774435,20.607914877058633,14.036723619724617,30.893727413441646,2002.551824589717,3.0,1.247219128924647,1,7,3.0,2.0,4.0,246,0.18581360229429691,0.11310500548029108,0.004141603456474352,0.5827539748076185,0.1562670186540707,0.10244517096777497,0.268036802853266,15.236715388132348,32.48517951831265,16.19389103208323,8.884101755504647,83.79888578520165,29.82777561596268,20.686745044451232,43.11232910746979,2663.7847205016374,4.111108794025964,0.5463139554015024,2.1282267666162924,5.0,4.161395574675099,3.8713989298270177,4.449404741736555,337.110921110129,3.8048780487804876,1.6587889706475092,1,9,4.0,2.25,5.0,312,23.793860036635685,24.505584790643763,13.52994991747316,3.6,2.988414634146342,1.2106728499874422,0.1656810444871018,0.1833886134417776,0.10691047799034223,30.718317699878725,33.35927267026527,14.500458273533685,4.146650109494027,4.113805700365233,0.5076650759785422,2.8,3.820528455284553,1.5288987041689295,82,81,10,0
M100189,20.589443482343142,10.524393774717959,4.650956956151762,50.85657645724571,18.587029074906578,13.074124070449614,27.053962047105532,1379.4927133169906,3.029850746268657,1.4561275882090048,1,8,3.0,2.0,4.0,203,0.19818604501957696,0.11341650950708462,0.03783742389265716,0.5318111939934462,0.1914486477506687,0.09736450412656505,0.2750312491948721,13.278465016311657,30.120184640007523,15.020973350204939,7.287826962596956,69.20400686677782,29.31479607889308,19.017338481554376,38.85475967636732,2018.052370880504,4.190018125818108,0.6465985297193927,2.5514302330499863,5.0,4.264089368942266,3.7250032149409646,4.737104370113238,280.73121442981324,4.014925373134329,1.609559861854136,1,8,4.0,3.0,5.0,269,25.440418952191806,20.32053348007407,10.499552710118008,2.6,3.0756218905472634,1.3459302572222087,0.12967418960632354,0.19735992715884237,0.1031305866836402,37.82471176677232,29.811129783243896,13.800724280260361,3.63566769203834,4.192498721344075,0.6032064825397812,3.6,4.012189054726368,1.461226305670587,67,67,10,0
M100190,27.707820232303632,21.303631235201244,4.991031696287054,156.544981313643,23.17173021832267,15.909564029378956,34.33577020276732,2272.0412590488977,3.1097560975609757,1.5947916583693107,1,8,3.0,2.0,4.0,255,0.1846664129100155,0.10767632731978534,0.014051453105082252,0.5237609410046886,0.17039879680137693,0.10052417234976968,0.24577155982848803,15.142645858621272,32.44719635939742,16.68022965516065,7.98360904813899,77.36625138899514,30.27831759122621,19.099793971090847,40.7249311217566,2660.670101470588,4.22327518062639,0.5811890754982239,2.6497585039151446,5.0,4.225097326251218,3.8182806833297596,4.726537588903543,346.308564811364,3.975609756097561,1.735437538711158,1,9,4.0,3.0,5.0,326,31.9030582957872,27.387533878294278,16.695932017334464,3.8,3.085162601626016,1.4305183289387138,0.19966239183766749,0.1881458583931082,0.10061861713253031,25.014075087926535,32.3769055251328,16.108634124261798,4.383612862700248,4.217273455679177,0.5715281510344261,3.4,3.948170731707317,1.525161819255062,82,82,10,0
M100191,25.821286874131903,13.700153448912555,4.189358159829644,68.38225002998504,23.67314850195625,14.885625228746061,34.524044699161095,1704.2049336927057,2.909090909090909,1.2493354877050282,1,6,3.0,2.0,4.0,192,0.23590978096079174,0.13283288814935146,0.053643119078980575,0.6787224042324883,0.21233691760779866,0.12472388818902036,0.31183104942567935,15.570045543412254,32.612779955965486,17.6833659432812,7.0344104619253205,80.93739534902495,30.30705903855999,17.28068088968554,44.22539326243108,2152.443477093722,4.183594646165687,0.6173521340213949,2.555491693800664,5.0,4.249922773280982,3.8919279916214022,4.678202796529717,276.11724664693537,3.9696969696969697,1.635845553831619,1,8,4.0,3.0,5.0,262,24.962782881276954,26.308811554633255,14.001880939209636,2.6,2.9174242424242425,1.2361113007750084,0.23162545049173092,0.23381118158130573,0.11747492472546948,28.882545539280944,32.940007497877815,16.466451616428326,4.225724654235016,4.186732845135433,0.5952284503210014,4.0,4.017676767676768,1.5087358508407154,66,65,10,0
M100192,41.388231217908526,26.839519506775293,8.13474785153431,128.84503143494263,33.389722115353194,20.27176167592228,59.85158704116891,2690.235029164054,3.0307692307692307,1.6485716428285613,1,9,3.0,2.0,4.0,197,0.20228781312318334,0.11979199665979297,0.005354148331842211,0.5543731371762649,0.18544175741059615,0.1119980443034185,0.26453772401208847,13.148707853006917,31.02076593208905,13.857877465242739,7.07758002003819,88.52817959971117,27.3390212920744,22.600876812083023,36.840036255366726,2016.3497855857881,3.084828890402563,0.5678015029660249,1.7594583395295493,4.04,3.0714944445342613,2.7242223150786833,3.516030428750623,200.51387787616662,3.753846153846154,1.7141941367480928,1,10,4.0,3.0,5.0,244,42.63094958997018,41.06019480338681,25.461388423036624,3.0,3.082051282051282,1.4805685642069912,0.261407369209786,0.20213515216223032,0.11241061513545174,39.044841463915674,31.454977261025938,12.518761326428823,3.072455986306456,3.0777780382819833,0.561515178884373,3.6,3.7546153846153847,1.5347704447021915,65,64,10,1
M100193,42.19093810904259,29.996767380931676,6.457459956579963,165.89806289283828,34.59523274676011,18.521700308118497,56.84246491253228,2573.647224651598,3.1639344262295084,1.6348325894807747,1,9,3.0,2.0,4.0,193,0.17121158176313994,0.11137963550228806,0.009778297141290186,0.421966288672557,0.15257588846918885,0.08279275795463409,0.23619477037281203,10.443906487551537,27.818869994567812,14.061143747986078,4.039607567867463,84.84579817238503,27.126723754373387,19.95000820797386,33.980843112258206,1696.9510696686366,3.2616892517122933,0.5977634739325519,2.089057394453012,4.04,3.354971963435399,2.8712117713899428,3.8559472247108557,198.9630443544499,4.459016393442623,1.8400522682051115,1,8,4.0,3.0,6.0,272,34.7595755310024,42.53768392866669,27.81056442780943,1.8,3.232513661202186,1.540106814066854,0.17815056395949114,0.16823631376978243,0.10318849889403348,26.09950447294355,27.710574802872795,13.167076036131608,3.1923178542884,3.264711590395864,0.5444737059533258,3.6,4.588251366120218,1.7270050851649903,61,60,9,1
M100194,40.72282170555494,26.48307803545661,6.846415684155248,175.21590058686343,34.09449720100619,24.523574920883448,51.259962262110044,3257.8257364443953,3.0,1.2629080365809537,1,6,3.0,2.0,4.0,240,0.17925824879124821,0.09797930039405703,0.02624850424470255,0.46092282763284564,0.16429536344493917,0.0947928660967651,0.25335429775466767,14.340659903299857,28.517724239399108,15.051507716271626,5.612565787405431,67.42192428342764,25.354911755609763,16.72316333619299,39.832348302107235,2281.4179391519287,3.2365197255111147,0.6555302599778069,1.5617612039985875,4.04,3.310460052529001,2.8671708252696098,3.7989238272242654,258.9215780408892,3.7125,1.7516267303657036,1,8,4.0,2.0,5.0,297,64.74733564588442,39.89436084979941,21.91949121877993,3.8,2.9770833333333333,1.1969673404339476,0.1308620381461439,0.1810920295853748,0.0976636939324675,20.73220966912066,28.65430591528746,14.720803750364908,3.0450296990349903,3.253137660662361,0.6133272433745716,2.4,3.7143749999999995,1.6564530398954602,80,80,10,1
M100195,37.707651812456824,22.13577171275332,6.354904179024585,108.69280318289357,32.470057728404704,18.482852890119247,53.21262426676342,2790.366234121805,3.2837837837837838,1.4095590515240686,1,6,3.0,2.0,4.0,243,0.18579586024044134,0.11560492408343595,0.0036668445289552835,0.5120847232162011,0.16384168545533764,0.09920524681211844,0.25129934907889234,13.74889365779266,34.603369470426145,15.496104294153929,10.474482617503913,95.752634818381,33.38325011440938,23.668645762200594,41.183177562846,2560.649340811535,3.198145625679751,0.6542551492609315,1.4907839900960056,4.04,3.26148815077067,2.7289263164602087,3.7276927624879317,236.66277630030157,3.8513513513513513,1.6690776095322784,1,9,3.5,3.0,5.0,285,37.37109336807182,37.53339680292955,20.32220399137998,3.0,3.2957207207207206,1.2851754180813997,0.17369840944220385,0.18837562369492153,0.11109151062807314,37.91935931409892,34.079924929098866,14.218092181340626,2.9090829897854618,3.216453553655812,0.6089410304749474,4.4,3.7867117117117113,1.4777203192137582,74,73,10,1
M100196,43.39508368507866,27.06889267904842,7.384888664884121,157.09878018949644,40.02621952771932,24.000062692345946,54.979365512680616,2994.2607742704276,2.782608695652174,1.2231776988093146,1,6,3.0,2.0,3.0,192,0.21317061067360668,0.13199054485883954,0.0078674884880959,0.6140252100906683,0.18729056487650445,0.11615562417455945,0.2918024069814068,14.708772136478862,28.209714775783418,14.080539055785362,4.751105079271594,65.2657852189281,25.291555053711793,17.424552325329735,38.047703671521674,1946.4703195290558,3.1247203282577067,0.5977109840952037,1.513701771094774,4.04,3.203619347228565,2.794255415252457,3.572604313506969,215.60570264978176,4.521739130434782,1.6414546602128635,1,9,4.0,3.0,6.0,312,60.64056056743995,42.54709287258365,24.36765970836296,2.8,2.822946859903382,1.056350999643031,0.2584127112315535,0.20463528401483658,0.11737677772610458,27.18435958613106,28.262561802704234,13.83725786573509,3.188211114922173,3.1317968376881415,0.5983506315254408,4.8,4.510628019323672,1.564618862436432,69,68,10,1
M100197,42.51084434002818,25.1678235222466,7.069290417971267,151.10411020892218,36.12740300666688,25.962496847916775,47.768974465683044,3443.3783915422823,3.049382716049383,1.5724283335648497,1,8,3.0,2.0,4.0,247,0.20652898526858343,0.11936172194788346,0.03477464217039908,0.5271185953875666,0.17835167990941472,0.11172718499220212,0.27334203432242826,16.728847806755258,34.29548839190784,15.486062672656997,7.590267363220713,69.32983223676109,32.242104155239716,21.441444440305606,45.76566552117879,2777.934559744535,3.2285696498638585,0.611636842314362,1.5614006309807342,4.04,3.247323278145407,2.821926490873849,3.7388076158479784,261.51414163897255,3.925925925925926,1.7448336437736531,1,10,4.0,3.0,5.0,318,59.31033079090683,41.420719646326006,20.558058136096648,3.6,3.113374485596708,1.4435338604643957,0.21356602197630625,0.2091679569279025,0.11732671128642447,35.585474344018245,34.42767067495698,15.658158720045671,3.081133303579327,3.2509789667103606,0.5641237517177953,3.6,3.920576131687243,1.6608373186296597,81,81,10,1
M100198,39.68151825408279,19.731012075543838,4.749918204587604,87.55375201268883,38.26378600527234,22.284105524222262,51.0163795397141,3095.158423818458,2.7948717948717947,1.292927558551395,1,7,2.5,2.0,3.75,218,0.18483938713998993,0.11138324041096395,0.028637235525104505,0.6308060702652483,0.1702025559999782,0.1050338537368303,0.22989910077252415,14.417472196919215,32.00171440307117,16.444931991161006,8.398025284824916,102.48402275109953,29.03482036565623,19.83344183100401,40.29491806842647,2496.1337234395514,3.1095984772843783,0.5690458959874213,1.5995301269357198,4.04,3.196350632495335,2.7627759602038298,3.498801534965817,242.5486812281815,3.948717948717949,1.4761958471538186,1,7,4.0,3.0,5.0,308,30.322906234290315,39.72540134750911,19.108874731258393,2.4,2.8414529914529916,1.1638357845523797,0.13230277517643016,0.18491116533169616,0.10467146397327212,20.07751082146193,32.46048768367104,15.262176605084399,3.6402530898436076,3.087224874426368,0.5062841250004348,4.0,3.9177350427350426,1.4081082800979399,78,76,10,1
M100199,42.08592803340285,31.849639105260316,6.394496571680104,160.95059419365896,30.645892401013885,22.831451265734053,50.36465438326313,3324.7883146388253,3.050632911392405,1.4491264758486462,1,7,3.0,2.0,4.0,241,0.20516358970448997,0.1141913764697916,0.010636565858239862,0.4752051824769347,0.20388734120816096,0.1111103164261378,0.27224836216412035,16.207923586654708,33.420487733261716,15.316610216614787,5.641547410649001,81.59558978694325,30.226018592215027,23.526493371604246,43.94377510868688,2640.2185309276756,3.2429166200371498,0.5784273967134558,1.87829253695375,4.04,3.285122642911462,2.8941960248980165,3.6857883934564613,256.19041298293484,4.0,1.6486202467362574,1,8,4.0,3.0,5.0,316,51.90102074162924,41.15866703536026,27.467555865787528,2.8,3.036708860759494,1.3255552009173883,0.15880163190743263,0.20329036585612886,0.10835310759707628,30.78758401350632,33.06479625639215,13.686200896899814,3.459958638885466,3.2328362124785968,0.5541288254492703,2.6,4.046413502109705,1.5178843830009252,79,79,10,1
