policy,config_id,batch_index,cum_regret_mean,cum_regret_std,cum_regret_lower,cum_regret_upper,n_repeats
Epsilon_Greedy,epsilon=0.02,0,7.315441371102078,0.20614756830342879,7.109293802798649,7.521588939405507,3
Epsilon_Greedy,epsilon=0.02,1,13.46324361248403,0.853743676738814,12.609499935745216,14.316987289222844,3
Epsilon_Greedy,epsilon=0.02,2,19.239303337179322,1.5112543443345041,17.72804899284482,20.750557681513826,3
Epsilon_Greedy,epsilon=0.02,3,25.479236155325676,2.061994695597955,23.41724145972772,27.541230850923633,3
Epsilon_Greedy,epsilon=0.02,4,31.8839713403122,1.4437288172890324,30.44024252302317,33.327700157601235,3
Epsilon_Greedy,epsilon=0.02,5,38.34671293927016,1.374094736000608,36.972618203269555,39.72080767527077,3
Epsilon_Greedy,epsilon=0.02,6,45.19699164953665,3.3725430958182088,41.82444855371844,48.56953474535486,3
Epsilon_Greedy,epsilon=0.02,7,51.29615828516615,3.5611546957484235,47.73500358941773,54.85731298091457,3
Epsilon_Greedy,epsilon=0.02,8,55.2181866531453,2.0912839314588565,53.12690272168645,57.309470584604156,3
Epsilon_Greedy,epsilon=0.02,9,58.72788465038204,4.337282452945901,54.39060219743614,63.06516710332794,3
Epsilon_Greedy,epsilon=0.02,10,63.38704946485825,7.927731902415902,55.45931756244235,71.31478136727415,3
Epsilon_Greedy,epsilon=0.02,11,67.9236011109398,11.544183249049112,56.37941786189069,79.46778435998891,3
Epsilon_Greedy,epsilon=0.02,12,71.5792855233867,14.349112292106172,57.23017323128053,85.92839781549287,3
Epsilon_Greedy,epsilon=0.02,13,73.64370582315978,15.77001096875095,57.873694854408825,89.41371679191073,3
Epsilon_Greedy,epsilon=0.02,14,75.52074774998466,17.480846565521716,58.03990118446295,93.00159431550638,3
Epsilon_Greedy,epsilon=0.02,15,77.75334211013994,19.879875168717994,57.873466941421945,97.63321727885793,3
Epsilon_Greedy,epsilon=0.02,16,79.87637684608428,22.51500471642727,57.36137212965701,102.39138156251155,3
Epsilon_Greedy,epsilon=0.02,17,81.56834392868457,24.762945356416864,56.805398572267706,106.33128928510143,3
Epsilon_Greedy,epsilon=0.02,18,83.32214834929778,27.22527749348997,56.09687085580781,110.54742584278775,3
Epsilon_Greedy,epsilon=0.02,19,85.70582238292963,30.688850999410278,55.01697138351935,116.3946733823399,3
Epsilon_Greedy,epsilon=0.02,20,93.5586600838202,24.833553842360335,68.72510624145987,118.39221392618053,3
Epsilon_Greedy,epsilon=0.02,21,99.5873245721138,22.342054667887705,77.24526990422609,121.92937924000151,3
Epsilon_Greedy,epsilon=0.02,22,104.79272669385985,19.734885660379074,85.05784103348077,124.52761235423893,3
Epsilon_Greedy,epsilon=0.02,23,110.66546313585069,16.8960922908194,93.76937084503129,127.56155542667008,3
Epsilon_Greedy,epsilon=0.02,24,115.40999062523053,12.845039220522514,102.56495140470803,128.25502984575306,3
Epsilon_Greedy,epsilon=0.02,25,119.3018951193331,7.055873678698657,112.24602144063444,126.35776879803176,3
Epsilon_Greedy,epsilon=0.02,26,130.27347974872052,13.045331565851125,117.22814818286939,143.31881131457163,3
Epsilon_Greedy,epsilon=0.02,27,130.27347974872052,13.045331565851125,117.22814818286939,143.31881131457163,3
Epsilon_Greedy,epsilon=0.02,28,130.27347974872052,13.045331565851125,117.22814818286939,143.31881131457163,3
Epsilon_Greedy,epsilon=0.02,29,132.06039418037977,13.304077114981467,118.7563170653983,145.36447129536123,3
Epsilon_Greedy,epsilon=0.02,30,132.06039418037977,13.304077114981467,118.7563170653983,145.36447129536123,3
Epsilon_Greedy,epsilon=0.02,31,132.06039418037977,13.304077114981467,118.7563170653983,145.36447129536123,3
Epsilon_Greedy,epsilon=0.02,32,135.59874280987478,15.717079652986975,119.88166315688781,151.31582246286175,3
Epsilon_Greedy,epsilon=0.02,33,138.30082609581856,18.73740998584337,119.5634161099752,157.03823608166192,3
Epsilon_Greedy,epsilon=0.02,34,138.30082609581856,18.73740998584337,119.5634161099752,157.03823608166192,3
Epsilon_Greedy,epsilon=0.02,35,140.62739181540505,20.10218129849796,120.5252105169071,160.729573113903,3
Epsilon_Greedy,epsilon=0.02,36,140.62739181540505,20.10218129849796,120.5252105169071,160.729573113903,3
Epsilon_Greedy,epsilon=0.02,37,140.62739181540505,20.10218129849796,120.5252105169071,160.729573113903,3
Epsilon_Greedy,epsilon=0.02,38,143.64755426439788,23.477183981628844,120.17037028276904,167.12473824602674,3
Epsilon_Greedy,epsilon=0.02,39,148.84285408844846,30.53247725193867,118.31037683650979,179.37533134038713,3
Epsilon_Greedy,epsilon=0.02,40,152.75510393282025,31.593785017645185,121.16131891517506,184.34888895046544,3
Epsilon_Greedy,epsilon=0.02,41,152.75510393282025,31.593785017645185,121.16131891517506,184.34888895046544,3
Epsilon_Greedy,epsilon=0.02,42,152.75510393282025,31.593785017645185,121.16131891517506,184.34888895046544,3
Epsilon_Greedy,epsilon=0.02,43,152.75510393282025,31.593785017645185,121.16131891517506,184.34888895046544,3
Epsilon_Greedy,epsilon=0.02,44,152.75510393282025,31.593785017645185,121.16131891517506,184.34888895046544,3
Epsilon_Greedy,epsilon=0.02,45,152.75510393282025,31.593785017645185,121.16131891517506,184.34888895046544,3
Epsilon_Greedy,epsilon=0.02,46,152.75510393282025,31.593785017645185,121.16131891517506,184.34888895046544,3
Epsilon_Greedy,epsilon=0.02,47,152.75510393282025,31.593785017645185,121.16131891517506,184.34888895046544,3
Epsilon_Greedy,epsilon=0.02,48,152.75510393282025,31.593785017645185,121.16131891517506,184.34888895046544,3
Epsilon_Greedy,epsilon=0.02,49,152.75510393282025,31.593785017645185,121.16131891517506,184.34888895046544,3
Epsilon_Greedy,epsilon=0.02,50,152.75510393282025,31.593785017645185,121.16131891517506,184.34888895046544,3
Epsilon_Greedy,epsilon=0.02,51,152.75510393282025,31.593785017645185,121.16131891517506,184.34888895046544,3
Epsilon_Greedy,epsilon=0.02,52,152.75510393282025,31.593785017645185,121.16131891517506,184.34888895046544,3
Epsilon_Greedy,epsilon=0.02,53,152.75510393282025,31.593785017645185,121.16131891517506,184.34888895046544,3
Epsilon_Greedy,epsilon=0.02,54,153.39299909373403,31.900243906858712,121.49275518687531,185.29324300059275,3
Epsilon_Greedy,epsilon=0.02,55,154.17487471344447,32.32346041593465,121.85141429750982,186.49833512937911,3
Epsilon_Greedy,epsilon=0.02,56,155.10409934850608,32.89192825478969,122.21217109371639,187.99602760329577,3
Epsilon_Greedy,epsilon=0.02,57,155.10409934850608,32.89192825478969,122.21217109371639,187.99602760329577,3
Epsilon_Greedy,epsilon=0.02,58,155.10409934850608,32.89192825478969,122.21217109371639,187.99602760329577,3
Epsilon_Greedy,epsilon=0.02,59,155.10409934850608,32.89192825478969,122.21217109371639,187.99602760329577,3
Epsilon_Greedy,epsilon=0.02,60,159.07651456165277,37.52168002605685,121.55483453559592,196.59819458770963,3
Epsilon_Greedy,epsilon=0.02,61,159.07651456165277,37.52168002605685,121.55483453559592,196.59819458770963,3
Epsilon_Greedy,epsilon=0.02,62,159.07651456165277,37.52168002605685,121.55483453559592,196.59819458770963,3
Epsilon_Greedy,epsilon=0.02,63,159.07651456165277,37.52168002605685,121.55483453559592,196.59819458770963,3
Epsilon_Greedy,epsilon=0.02,64,159.07651456165277,37.52168002605685,121.55483453559592,196.59819458770963,3
Epsilon_Greedy,epsilon=0.02,65,159.07651456165277,37.52168002605685,121.55483453559592,196.59819458770963,3
Epsilon_Greedy,epsilon=0.02,66,159.07651456165277,37.52168002605685,121.55483453559592,196.59819458770963,3
Epsilon_Greedy,epsilon=0.02,67,159.07651456165277,37.52168002605685,121.55483453559592,196.59819458770963,3
Epsilon_Greedy,epsilon=0.02,68,159.07651456165277,37.52168002605685,121.55483453559592,196.59819458770963,3
Epsilon_Greedy,epsilon=0.02,69,159.07651456165277,37.52168002605685,121.55483453559592,196.59819458770963,3
Epsilon_Greedy,epsilon=0.02,70,159.07651456165277,37.52168002605685,121.55483453559592,196.59819458770963,3
Epsilon_Greedy,epsilon=0.02,71,160.09709836061123,37.97896152818222,122.118136832429,198.07605988879345,3
Epsilon_Greedy,epsilon=0.02,72,160.09709836061123,37.97896152818222,122.118136832429,198.07605988879345,3
Epsilon_Greedy,epsilon=0.02,73,160.09709836061123,37.97896152818222,122.118136832429,198.07605988879345,3
Epsilon_Greedy,epsilon=0.02,74,160.09709836061123,37.97896152818222,122.118136832429,198.07605988879345,3
Epsilon_Greedy,epsilon=0.02,75,160.09709836061123,37.97896152818222,122.118136832429,198.07605988879345,3
Epsilon_Greedy,epsilon=0.02,76,160.09709836061123,37.97896152818222,122.118136832429,198.07605988879345,3
Epsilon_Greedy,epsilon=0.02,77,160.09709836061123,37.97896152818222,122.118136832429,198.07605988879345,3
Epsilon_Greedy,epsilon=0.02,78,160.09709836061123,37.97896152818222,122.118136832429,198.07605988879345,3
Epsilon_Greedy,epsilon=0.02,79,160.09709836061123,37.97896152818222,122.118136832429,198.07605988879345,3
Epsilon_Greedy,epsilon=0.02,80,166.15569168898094,37.68055188381983,128.47513980516112,203.83624357280075,3
Epsilon_Greedy,epsilon=0.02,81,172.362836014958,38.187560370133966,134.175275644824,210.55039638509197,3
Epsilon_Greedy,epsilon=0.02,82,177.6429177078813,38.7477242797833,138.89519342809803,216.3906419876646,3
Epsilon_Greedy,epsilon=0.02,83,183.02690564591344,39.025332718339776,144.00157292757368,222.0522383642532,3
Epsilon_Greedy,epsilon=0.02,84,190.28350885488712,40.02987342789307,150.25363542699404,230.3133822827802,3
Epsilon_Greedy,epsilon=0.02,85,196.67544875246858,39.93010175225047,156.74534700021812,236.60555050471905,3
Epsilon_Greedy,epsilon=0.02,86,203.6219299388794,39.4869185974319,164.1350113414475,243.10884853631129,3
Epsilon_Greedy,epsilon=0.02,87,208.61871093376806,39.044196532783914,169.57451440098413,247.66290746655199,3
Epsilon_Greedy,epsilon=0.02,88,214.4576187504098,38.76222256820842,175.6953961822014,253.21984131861822,3
Epsilon_Greedy,epsilon=0.02,89,220.94442277022208,38.462181437697254,182.48224133252484,259.4066042079193,3
Epsilon_Greedy,epsilon=0.02,90,226.6342657924143,38.753720210616024,187.8805455817983,265.38798600303033,3
Epsilon_Greedy,epsilon=0.02,91,234.05561722362006,39.398242708389006,194.65737451523106,273.4538599320091,3
Epsilon_Greedy,epsilon=0.02,92,241.66746836731423,40.09746420562667,201.57000416168756,281.7649325729409,3
Epsilon_Greedy,epsilon=0.02,93,247.41056395969176,40.180813655017964,207.2297503046738,287.5913776147097,3
Epsilon_Greedy,epsilon=0.02,94,253.23789208160875,40.16987446498617,213.06801761662257,293.4077665465949,3
Epsilon_Greedy,epsilon=0.02,95,258.04792197088756,40.584346781839585,217.46357518904796,298.63226875272716,3
Epsilon_Greedy,epsilon=0.02,96,262.5888765399465,40.24338250878072,222.3454940311658,302.8322590487272,3
Epsilon_Greedy,epsilon=0.02,97,268.16822574337164,39.56860417474624,228.5996215686254,307.7368299181179,3
Epsilon_Greedy,epsilon=0.02,98,275.04361050503525,39.81464070307934,235.2289698019559,314.8582512081146,3
Epsilon_Greedy,epsilon=0.02,99,281.1058541951774,39.94443927264911,241.1614149225283,321.0502934678265,3
Epsilon_Greedy,epsilon=0.05,0,7.315441371102078,0.20614756830342879,7.109293802798649,7.521588939405507,3
Epsilon_Greedy,epsilon=0.05,1,13.46324361248403,0.853743676738814,12.609499935745216,14.316987289222844,3
Epsilon_Greedy,epsilon=0.05,2,19.239303337179322,1.5112543443345041,17.72804899284482,20.750557681513826,3
Epsilon_Greedy,epsilon=0.05,3,25.479236155325676,2.061994695597955,23.41724145972772,27.541230850923633,3
Epsilon_Greedy,epsilon=0.05,4,31.8839713403122,1.4437288172890324,30.44024252302317,33.327700157601235,3
Epsilon_Greedy,epsilon=0.05,5,38.34671293927016,1.374094736000608,36.972618203269555,39.72080767527077,3
Epsilon_Greedy,epsilon=0.05,6,45.19699164953665,3.3725430958182088,41.82444855371844,48.56953474535486,3
Epsilon_Greedy,epsilon=0.05,7,51.29615828516615,3.5611546957484235,47.73500358941773,54.85731298091457,3
Epsilon_Greedy,epsilon=0.05,8,57.18153476537221,3.362683600119872,53.81885116525234,60.544218365492085,3
Epsilon_Greedy,epsilon=0.05,9,62.24642006587208,3.4378585590191673,58.80856150685291,65.68427862489125,3
Epsilon_Greedy,epsilon=0.05,10,69.29711632982615,3.774718049262714,65.52239828056344,73.07183437908887,3
Epsilon_Greedy,epsilon=0.05,11,75.74444595968032,3.3378753563294206,72.4065706033509,79.08232131600974,3
Epsilon_Greedy,epsilon=0.05,12,82.18054420949629,5.043823022945869,77.13672118655042,87.22436723244216,3
Epsilon_Greedy,epsilon=0.05,13,88.07208304506112,4.954076285386809,83.11800675967432,93.02615933044792,3
Epsilon_Greedy,epsilon=0.05,14,93.28300121184135,4.3978293961930275,88.88517181564832,97.68083060803438,3
Epsilon_Greedy,epsilon=0.05,15,99.5529945415676,4.382415973294166,95.17057856827343,103.93541051486177,3
Epsilon_Greedy,epsilon=0.05,16,102.20839634032548,7.25423781969844,94.95415852062703,109.46263416002392,3
Epsilon_Greedy,epsilon=0.05,17,104.92552174119083,9.601555102987748,95.32396663820309,114.52707684417858,3
Epsilon_Greedy,epsilon=0.05,18,106.7252092498109,12.431077186950343,94.29413206286056,119.15628643676125,3
Epsilon_Greedy,epsilon=0.05,19,108.92234693487967,15.888547059307609,93.03379987557206,124.81089399418728,3
Epsilon_Greedy,epsilon=0.05,20,117.6019931841331,8.250660041616388,109.35133314251671,125.85265322574948,3
Epsilon_Greedy,epsilon=0.05,21,120.44429914419936,7.079960505295043,113.36433863890431,127.52425964949441,3
Epsilon_Greedy,epsilon=0.05,22,125.22096339958625,4.462944153157843,120.7580192464284,129.6839075527441,3
Epsilon_Greedy,epsilon=0.05,23,125.22096339958625,4.462944153157843,120.7580192464284,129.6839075527441,3
Epsilon_Greedy,epsilon=0.05,24,125.22096339958625,4.462944153157843,120.7580192464284,129.6839075527441,3
Epsilon_Greedy,epsilon=0.05,25,126.93984646645748,1.637478528294127,125.30236793816336,128.57732499475162,3
Epsilon_Greedy,epsilon=0.05,26,126.93984646645748,1.637478528294127,125.30236793816336,128.57732499475162,3
Epsilon_Greedy,epsilon=0.05,27,126.93984646645748,1.637478528294127,125.30236793816336,128.57732499475162,3
Epsilon_Greedy,epsilon=0.05,28,129.05527884894374,5.155938864778001,123.89933998416575,134.21121771372174,3
Epsilon_Greedy,epsilon=0.05,29,129.05527884894374,5.155938864778001,123.89933998416575,134.21121771372174,3
Epsilon_Greedy,epsilon=0.05,30,129.05527884894374,5.155938864778001,123.89933998416575,134.21121771372174,3
Epsilon_Greedy,epsilon=0.05,31,129.05527884894374,5.155938864778001,123.89933998416575,134.21121771372174,3
Epsilon_Greedy,epsilon=0.05,32,129.05527884894374,5.155938864778001,123.89933998416575,134.21121771372174,3
Epsilon_Greedy,epsilon=0.05,33,133.9810800747225,8.228699055468574,125.75238101925393,142.2097791301911,3
Epsilon_Greedy,epsilon=0.05,34,133.9810800747225,8.228699055468574,125.75238101925393,142.2097791301911,3
Epsilon_Greedy,epsilon=0.05,35,136.307645794309,11.736966456092675,124.57067933821632,148.04461225040168,3
Epsilon_Greedy,epsilon=0.05,36,136.307645794309,11.736966456092675,124.57067933821632,148.04461225040168,3
Epsilon_Greedy,epsilon=0.05,37,136.307645794309,11.736966456092675,124.57067933821632,148.04461225040168,3
Epsilon_Greedy,epsilon=0.05,38,136.307645794309,11.736966456092675,124.57067933821632,148.04461225040168,3
Epsilon_Greedy,epsilon=0.05,39,141.75757499057366,6.86679452932656,134.8907804612471,148.62436951990023,3
Epsilon_Greedy,epsilon=0.05,40,144.98975124402526,3.5154571787570927,141.47429406526817,148.50520842278235,3
Epsilon_Greedy,epsilon=0.05,41,144.98975124402526,3.5154571787570927,141.47429406526817,148.50520842278235,3
Epsilon_Greedy,epsilon=0.05,42,144.98975124402526,3.5154571787570927,141.47429406526817,148.50520842278235,3
Epsilon_Greedy,epsilon=0.05,43,144.98975124402526,3.5154571787570927,141.47429406526817,148.50520842278235,3
Epsilon_Greedy,epsilon=0.05,44,144.98975124402526,3.5154571787570927,141.47429406526817,148.50520842278235,3
Epsilon_Greedy,epsilon=0.05,45,144.98975124402526,3.5154571787570927,141.47429406526817,148.50520842278235,3
Epsilon_Greedy,epsilon=0.05,46,149.48980431268424,5.31392457293249,144.17587973975176,154.80372888561672,3
Epsilon_Greedy,epsilon=0.05,47,149.48980431268424,5.31392457293249,144.17587973975176,154.80372888561672,3
Epsilon_Greedy,epsilon=0.05,48,149.48980431268424,5.31392457293249,144.17587973975176,154.80372888561672,3
Epsilon_Greedy,epsilon=0.05,49,149.48980431268424,5.31392457293249,144.17587973975176,154.80372888561672,3
Epsilon_Greedy,epsilon=0.05,50,152.74407715545422,7.211272555897938,145.53280459955627,159.95534971135217,3
Epsilon_Greedy,epsilon=0.05,51,152.74407715545422,7.211272555897938,145.53280459955627,159.95534971135217,3
Epsilon_Greedy,epsilon=0.05,52,152.74407715545422,7.211272555897938,145.53280459955627,159.95534971135217,3
Epsilon_Greedy,epsilon=0.05,53,152.74407715545422,7.211272555897938,145.53280459955627,159.95534971135217,3
Epsilon_Greedy,epsilon=0.05,54,152.74407715545422,7.211272555897938,145.53280459955627,159.95534971135217,3
Epsilon_Greedy,epsilon=0.05,55,152.74407715545422,7.211272555897938,145.53280459955627,159.95534971135217,3
Epsilon_Greedy,epsilon=0.05,56,152.74407715545422,7.211272555897938,145.53280459955627,159.95534971135217,3
Epsilon_Greedy,epsilon=0.05,57,152.74407715545422,7.211272555897938,145.53280459955627,159.95534971135217,3
Epsilon_Greedy,epsilon=0.05,58,152.74407715545422,7.211272555897938,145.53280459955627,159.95534971135217,3
Epsilon_Greedy,epsilon=0.05,59,152.74407715545422,7.211272555897938,145.53280459955627,159.95534971135217,3
Epsilon_Greedy,epsilon=0.05,60,152.74407715545422,7.211272555897938,145.53280459955627,159.95534971135217,3
Epsilon_Greedy,epsilon=0.05,61,152.74407715545422,7.211272555897938,145.53280459955627,159.95534971135217,3
Epsilon_Greedy,epsilon=0.05,62,152.74407715545422,7.211272555897938,145.53280459955627,159.95534971135217,3
Epsilon_Greedy,epsilon=0.05,63,152.74407715545422,7.211272555897938,145.53280459955627,159.95534971135217,3
Epsilon_Greedy,epsilon=0.05,64,152.74407715545422,7.211272555897938,145.53280459955627,159.95534971135217,3
Epsilon_Greedy,epsilon=0.05,65,155.42436991866632,10.92221046194555,144.50215945672076,166.34658038061187,3
Epsilon_Greedy,epsilon=0.05,66,155.42436991866632,10.92221046194555,144.50215945672076,166.34658038061187,3
Epsilon_Greedy,epsilon=0.05,67,155.42436991866632,10.92221046194555,144.50215945672076,166.34658038061187,3
Epsilon_Greedy,epsilon=0.05,68,155.42436991866632,10.92221046194555,144.50215945672076,166.34658038061187,3
Epsilon_Greedy,epsilon=0.05,69,155.42436991866632,10.92221046194555,144.50215945672076,166.34658038061187,3
Epsilon_Greedy,epsilon=0.05,70,155.42436991866632,10.92221046194555,144.50215945672076,166.34658038061187,3
Epsilon_Greedy,epsilon=0.05,71,155.42436991866632,10.92221046194555,144.50215945672076,166.34658038061187,3
Epsilon_Greedy,epsilon=0.05,72,155.42436991866632,10.92221046194555,144.50215945672076,166.34658038061187,3
Epsilon_Greedy,epsilon=0.05,73,155.85204845835435,10.295554955125391,145.55649350322895,166.14760341347974,3
Epsilon_Greedy,epsilon=0.05,74,155.85204845835435,10.295554955125391,145.55649350322895,166.14760341347974,3
Epsilon_Greedy,epsilon=0.05,75,158.66088007557906,6.778366966997475,151.88251310858158,165.43924704257654,3
Epsilon_Greedy,epsilon=0.05,76,158.66088007557906,6.778366966997475,151.88251310858158,165.43924704257654,3
Epsilon_Greedy,epsilon=0.05,77,158.66088007557906,6.778366966997475,151.88251310858158,165.43924704257654,3
Epsilon_Greedy,epsilon=0.05,78,158.66088007557906,6.778366966997475,151.88251310858158,165.43924704257654,3
Epsilon_Greedy,epsilon=0.05,79,158.66088007557906,6.778366966997475,151.88251310858158,165.43924704257654,3
Epsilon_Greedy,epsilon=0.05,80,164.71947340394874,8.043143667718144,156.6763297362306,172.76261707166688,3
Epsilon_Greedy,epsilon=0.05,81,168.87980392800318,10.815684390010803,158.06411953799238,179.695488318014,3
Epsilon_Greedy,epsilon=0.05,82,174.15988562092653,10.875950185959994,163.28393543496654,185.03583580688652,3
Epsilon_Greedy,epsilon=0.05,83,179.54387355895867,9.965157320791343,169.57871623816732,189.50903087975001,3
Epsilon_Greedy,epsilon=0.05,84,186.80047676793234,11.622702313846538,175.1777744540858,198.42317908177887,3
Epsilon_Greedy,epsilon=0.05,85,193.19241666551383,12.340446436458041,180.85197022905578,205.53286310197188,3
Epsilon_Greedy,epsilon=0.05,86,200.13889785192464,12.041652654720435,188.09724519720422,212.18055050664506,3
Epsilon_Greedy,epsilon=0.05,87,205.13567884681325,11.283324427007578,193.85235441980566,216.41900327382083,3
Epsilon_Greedy,epsilon=0.05,88,210.97458666345506,12.51372092008822,198.46086574336684,223.48830758354327,3
Epsilon_Greedy,epsilon=0.05,89,215.30552604163503,12.922365919918828,202.3831601217162,228.22789196155387,3
Epsilon_Greedy,epsilon=0.05,90,219.3004095312275,14.853566269719776,204.44684326150772,234.15397580094728,3
Epsilon_Greedy,epsilon=0.05,91,224.56005482198714,17.785662928243926,206.7743918937432,242.34571775023107,3
Epsilon_Greedy,epsilon=0.05,92,229.92859971336046,21.175503764198677,208.75309594916178,251.10410347755914,3
Epsilon_Greedy,epsilon=0.05,93,233.87240352673527,24.043529876928236,209.82887364980704,257.91593340366353,3
Epsilon_Greedy,epsilon=0.05,94,237.88116067272577,26.797574217521383,211.0835864552044,264.67873489024714,3
Epsilon_Greedy,epsilon=0.05,95,241.32647150063505,29.740681065010584,211.58579043562446,271.06715256564564,3
Epsilon_Greedy,epsilon=0.05,96,245.01689904534035,30.997912524624837,214.01898652071552,276.0148115699652,3
Epsilon_Greedy,epsilon=0.05,97,248.49452189069112,33.3303514518324,215.16417043885872,281.8248733425235,3
Epsilon_Greedy,epsilon=0.05,98,251.15013301356467,34.380158076766314,216.76997493679835,285.530291090331,3
Epsilon_Greedy,epsilon=0.05,99,255.29582646838517,37.853044721110436,217.44278174727475,293.1488711894956,3
Epsilon_Greedy,epsilon=0.1,0,7.315441371102078,0.20614756830342879,7.109293802798649,7.521588939405507,3
Epsilon_Greedy,epsilon=0.1,1,13.46324361248403,0.853743676738814,12.609499935745216,14.316987289222844,3
Epsilon_Greedy,epsilon=0.1,2,19.239303337179322,1.5112543443345041,17.72804899284482,20.750557681513826,3
Epsilon_Greedy,epsilon=0.1,3,25.479236155325676,2.061994695597955,23.41724145972772,27.541230850923633,3
Epsilon_Greedy,epsilon=0.1,4,31.8839713403122,1.4437288172890324,30.44024252302317,33.327700157601235,3
Epsilon_Greedy,epsilon=0.1,5,38.34671293927016,1.374094736000608,36.972618203269555,39.72080767527077,3
Epsilon_Greedy,epsilon=0.1,6,45.19699164953665,3.3725430958182088,41.82444855371844,48.56953474535486,3
Epsilon_Greedy,epsilon=0.1,7,51.29615828516615,3.5611546957484235,47.73500358941773,54.85731298091457,3
Epsilon_Greedy,epsilon=0.1,8,57.18153476537221,3.362683600119872,53.81885116525234,60.544218365492085,3
Epsilon_Greedy,epsilon=0.1,9,62.24642006587208,3.4378585590191673,58.80856150685291,65.68427862489125,3
Epsilon_Greedy,epsilon=0.1,10,69.29711632982615,3.774718049262714,65.52239828056344,73.07183437908887,3
Epsilon_Greedy,epsilon=0.1,11,75.74444595968032,3.3378753563294206,72.4065706033509,79.08232131600974,3
Epsilon_Greedy,epsilon=0.1,12,82.18054420949629,5.043823022945869,77.13672118655042,87.22436723244216,3
Epsilon_Greedy,epsilon=0.1,13,88.07208304506112,4.954076285386809,83.11800675967432,93.02615933044792,3
Epsilon_Greedy,epsilon=0.1,14,93.28300121184135,4.3978293961930275,88.88517181564832,97.68083060803438,3
Epsilon_Greedy,epsilon=0.1,15,99.5529945415676,4.382415973294166,95.17057856827343,103.93541051486177,3
Epsilon_Greedy,epsilon=0.1,16,104.21467610644567,4.399203206383006,99.81547290006266,108.61387931282867,3
Epsilon_Greedy,epsilon=0.1,17,106.35376022468938,7.8942885930408115,98.45947163164857,114.2480488177302,3
Epsilon_Greedy,epsilon=0.1,18,110.1041890656096,9.959904994898757,100.14428407071085,120.06409406050835,3
Epsilon_Greedy,epsilon=0.1,19,112.30537050549931,13.263054923654297,99.04231558184502,125.5684254291536,3
Epsilon_Greedy,epsilon=0.1,20,120.9419369368213,5.7667099715716645,115.17522696524964,126.70864690839298,3
Epsilon_Greedy,epsilon=0.1,21,126.05208343480706,1.8758962439993143,124.17618719080774,127.92797967880638,3
Epsilon_Greedy,epsilon=0.1,22,126.05208343480706,1.8758962439993143,124.17618719080774,127.92797967880638,3
Epsilon_Greedy,epsilon=0.1,23,129.22832752870124,6.788841128747571,122.43948639995367,136.01716865744882,3
Epsilon_Greedy,epsilon=0.1,24,129.22832752870124,6.788841128747571,122.43948639995367,136.01716865744882,3
Epsilon_Greedy,epsilon=0.1,25,129.22832752870124,6.788841128747571,122.43948639995367,136.01716865744882,3
Epsilon_Greedy,epsilon=0.1,26,129.22832752870124,6.788841128747571,122.43948639995367,136.01716865744882,3
Epsilon_Greedy,epsilon=0.1,27,132.86723963510659,13.009914609387407,119.85732502571918,145.877154244494,3
Epsilon_Greedy,epsilon=0.1,28,132.86723963510659,13.009914609387407,119.85732502571918,145.877154244494,3
Epsilon_Greedy,epsilon=0.1,29,132.86723963510659,13.009914609387407,119.85732502571918,145.877154244494,3
Epsilon_Greedy,epsilon=0.1,30,132.86723963510659,13.009914609387407,119.85732502571918,145.877154244494,3
Epsilon_Greedy,epsilon=0.1,31,132.86723963510659,13.009914609387407,119.85732502571918,145.877154244494,3
Epsilon_Greedy,epsilon=0.1,32,132.86723963510659,13.009914609387407,119.85732502571918,145.877154244494,3
Epsilon_Greedy,epsilon=0.1,33,135.52313344704191,17.58719138539146,117.93594206165045,153.11032483243338,3
Epsilon_Greedy,epsilon=0.1,34,135.52313344704191,17.58719138539146,117.93594206165045,153.11032483243338,3
Epsilon_Greedy,epsilon=0.1,35,135.52313344704191,17.58719138539146,117.93594206165045,153.11032483243338,3
Epsilon_Greedy,epsilon=0.1,36,138.88795040208353,14.668820127006303,124.21913027507723,153.55677052908985,3
Epsilon_Greedy,epsilon=0.1,37,141.62736714104565,13.389862008205391,128.23750513284025,155.01722914925105,3
Epsilon_Greedy,epsilon=0.1,38,141.62736714104565,13.389862008205391,128.23750513284025,155.01722914925105,3
Epsilon_Greedy,epsilon=0.1,39,146.56395117342163,15.109589246962488,131.45436192645914,161.67354042038411,3
Epsilon_Greedy,epsilon=0.1,40,146.56395117342163,15.109589246962488,131.45436192645914,161.67354042038411,3
Epsilon_Greedy,epsilon=0.1,41,146.56395117342163,15.109589246962488,131.45436192645914,161.67354042038411,3
Epsilon_Greedy,epsilon=0.1,42,146.56395117342163,15.109589246962488,131.45436192645914,161.67354042038411,3
Epsilon_Greedy,epsilon=0.1,43,146.56395117342163,15.109589246962488,131.45436192645914,161.67354042038411,3
Epsilon_Greedy,epsilon=0.1,44,149.08748823754186,10.741711987680329,138.34577624986153,159.8292002252222,3
Epsilon_Greedy,epsilon=0.1,45,149.08748823754186,10.741711987680329,138.34577624986153,159.8292002252222,3
Epsilon_Greedy,epsilon=0.1,46,149.08748823754186,10.741711987680329,138.34577624986153,159.8292002252222,3
Epsilon_Greedy,epsilon=0.1,47,149.08748823754186,10.741711987680329,138.34577624986153,159.8292002252222,3
Epsilon_Greedy,epsilon=0.1,48,149.08748823754186,10.741711987680329,138.34577624986153,159.8292002252222,3
Epsilon_Greedy,epsilon=0.1,49,149.08748823754186,10.741711987680329,138.34577624986153,159.8292002252222,3
Epsilon_Greedy,epsilon=0.1,50,149.08748823754186,10.741711987680329,138.34577624986153,159.8292002252222,3
Epsilon_Greedy,epsilon=0.1,51,154.9124108455196,10.733381563821444,144.17902928169815,165.64579240934103,3
Epsilon_Greedy,epsilon=0.1,52,158.50989969753996,5.822871060964023,152.68702863657595,164.33277075850398,3
Epsilon_Greedy,epsilon=0.1,53,158.50989969753996,5.822871060964023,152.68702863657595,164.33277075850398,3
Epsilon_Greedy,epsilon=0.1,54,161.370700841446,4.968121486657728,156.40257935478826,166.33882232810373,3
Epsilon_Greedy,epsilon=0.1,55,164.26961436467792,8.088664892914936,156.18094947176297,172.35827925759287,3
Epsilon_Greedy,epsilon=0.1,56,164.26961436467792,8.088664892914936,156.18094947176297,172.35827925759287,3
Epsilon_Greedy,epsilon=0.1,57,164.26961436467792,8.088664892914936,156.18094947176297,172.35827925759287,3
Epsilon_Greedy,epsilon=0.1,58,164.26961436467792,8.088664892914936,156.18094947176297,172.35827925759287,3
Epsilon_Greedy,epsilon=0.1,59,164.26961436467792,8.088664892914936,156.18094947176297,172.35827925759287,3
Epsilon_Greedy,epsilon=0.1,60,168.684351829063,11.670610975744605,157.01374085331838,180.3549628048076,3
Epsilon_Greedy,epsilon=0.1,61,168.684351829063,11.670610975744605,157.01374085331838,180.3549628048076,3
Epsilon_Greedy,epsilon=0.1,62,168.684351829063,11.670610975744605,157.01374085331838,180.3549628048076,3
Epsilon_Greedy,epsilon=0.1,63,168.684351829063,11.670610975744605,157.01374085331838,180.3549628048076,3
Epsilon_Greedy,epsilon=0.1,64,168.684351829063,11.670610975744605,157.01374085331838,180.3549628048076,3
Epsilon_Greedy,epsilon=0.1,65,168.684351829063,11.670610975744605,157.01374085331838,180.3549628048076,3
Epsilon_Greedy,epsilon=0.1,66,169.7726206445611,12.251649223160856,157.52097142140025,182.02426986772196,3
Epsilon_Greedy,epsilon=0.1,67,169.7726206445611,12.251649223160856,157.52097142140025,182.02426986772196,3
Epsilon_Greedy,epsilon=0.1,68,169.7726206445611,12.251649223160856,157.52097142140025,182.02426986772196,3
Epsilon_Greedy,epsilon=0.1,69,172.0319829346669,13.633112835245948,158.39887009942095,185.66509576991285,3
Epsilon_Greedy,epsilon=0.1,70,172.0319829346669,13.633112835245948,158.39887009942095,185.66509576991285,3
Epsilon_Greedy,epsilon=0.1,71,172.0319829346669,13.633112835245948,158.39887009942095,185.66509576991285,3
Epsilon_Greedy,epsilon=0.1,72,172.0319829346669,13.633112835245948,158.39887009942095,185.66509576991285,3
Epsilon_Greedy,epsilon=0.1,73,174.89249601841883,8.72063294088951,166.1718630775293,183.61312895930834,3
Epsilon_Greedy,epsilon=0.1,74,174.89249601841883,8.72063294088951,166.1718630775293,183.61312895930834,3
Epsilon_Greedy,epsilon=0.1,75,177.48660365901105,11.129656087226289,166.35694757178476,188.61625974623735,3
Epsilon_Greedy,epsilon=0.1,76,177.48660365901105,11.129656087226289,166.35694757178476,188.61625974623735,3
Epsilon_Greedy,epsilon=0.1,77,177.48660365901105,11.129656087226289,166.35694757178476,188.61625974623735,3
Epsilon_Greedy,epsilon=0.1,78,177.48660365901105,11.129656087226289,166.35694757178476,188.61625974623735,3
Epsilon_Greedy,epsilon=0.1,79,177.48660365901105,11.129656087226289,166.35694757178476,188.61625974623735,3
Epsilon_Greedy,epsilon=0.1,80,181.60084724616115,10.42586435746738,171.17498288869376,192.02671160362854,3
Epsilon_Greedy,epsilon=0.1,81,186.07575148331316,9.7105274286797,176.36522405463344,195.78627891199287,3
Epsilon_Greedy,epsilon=0.1,82,187.07471477879744,8.628506132898274,178.44620864589916,195.70322091169572,3
Epsilon_Greedy,epsilon=0.1,83,188.61044092892726,8.392939526603191,180.21750140232407,197.00338045553045,3
Epsilon_Greedy,epsilon=0.1,84,189.71227756023634,7.189524023500609,182.52275353673573,196.90180158373695,3
Epsilon_Greedy,epsilon=0.1,85,190.78676863448015,6.426943706092115,184.35982492838804,197.21371234057227,3
Epsilon_Greedy,epsilon=0.1,86,192.85142253415233,4.691958983389747,188.15946355076258,197.5433815175421,3
Epsilon_Greedy,epsilon=0.1,87,194.70696463534674,3.725292870964206,190.98167176438253,198.43225750631095,3
Epsilon_Greedy,epsilon=0.1,88,194.96265486791629,3.623581535259885,191.3390733326564,198.58623640317617,3
Epsilon_Greedy,epsilon=0.1,89,196.1153252040385,4.106380864761907,192.00894433927658,200.22170606880042,3
Epsilon_Greedy,epsilon=0.1,90,196.94583656528235,4.951189374195081,191.99464719108727,201.89702593947743,3
Epsilon_Greedy,epsilon=0.1,91,198.2493508224608,6.609964533192034,191.63938628926877,204.85931535565283,3
Epsilon_Greedy,epsilon=0.1,92,200.19586169667386,9.614451631742034,190.58141006493182,209.8103133284159,3
Epsilon_Greedy,epsilon=0.1,93,201.13430546870947,10.891380558157886,190.24292491055158,212.02568602686736,3
Epsilon_Greedy,epsilon=0.1,94,202.01982213302236,12.266185580437245,189.7536365525851,214.2860077134596,3
Epsilon_Greedy,epsilon=0.1,95,202.73827323748932,13.310472401558918,189.4278008359304,216.04874563904824,3
Epsilon_Greedy,epsilon=0.1,96,203.63117408060103,13.733178934409084,189.89799514619193,217.36435301501012,3
Epsilon_Greedy,epsilon=0.1,97,204.62220150330302,15.161111053557844,189.46109044974517,219.78331255686086,3
Epsilon_Greedy,epsilon=0.1,98,207.9561199138402,15.985714634544184,191.97040527929602,223.9418345483844,3
Epsilon_Greedy,epsilon=0.1,99,208.8363715071043,17.350258064363395,191.4861134427409,226.1866295714677,3
AdaptiveEpsilonGreedy,anomaly_sensitivity=0.3|base_epsilon=0.05|gamma=0.9|max_epsilon=0.5,0,7.315441371102078,0.20614756830342879,7.109293802798649,7.521588939405507,3
AdaptiveEpsilonGreedy,anomaly_sensitivity=0.3|base_epsilon=0.05|gamma=0.9|max_epsilon=0.5,1,8.00850896364145,0.38095565617174665,7.627553307469704,8.389464619813197,3
AdaptiveEpsilonGreedy,anomaly_sensitivity=0.3|base_epsilon=0.05|gamma=0.9|max_epsilon=0.5,2,10.392303947410975,2.469388622780801,7.922915324630173,12.861692570191776,3
AdaptiveEpsilonGreedy,anomaly_sensitivity=0.3|base_epsilon=0.05|gamma=0.9|max_epsilon=0.5,3,13.653335794434312,1.8557654947720499,11.797570299662262,15.509101289206363,3
AdaptiveEpsilonGreedy,anomaly_sensitivity=0.3|base_epsilon=0.05|gamma=0.9|max_epsilon=0.5,4,15.491043914521535,0.40524975597591184,15.085794158545623,15.896293670497448,3
AdaptiveEpsilonGreedy,anomaly_sensitivity=0.3|base_epsilon=0.05|gamma=0.9|max_epsilon=0.5,5,15.708570193884443,0.6243900385217355,15.084180155362708,16.33296023240618,3
AdaptiveEpsilonGreedy,anomaly_sensitivity=0.3|base_epsilon=0.05|gamma=0.9|max_epsilon=0.5,6,18.92659162711763,4.300150133131147,14.626441493986484,23.22674176024878,3
AdaptiveEpsilonGreedy,anomaly_sensitivity=0.3|base_epsilon=0.05|gamma=0.9|max_epsilon=0.5,7,19.038177535653215,4.161015969078859,14.877161566574356,23.199193504732072,3
AdaptiveEpsilonGreedy,anomaly_sensitivity=0.3|base_epsilon=0.05|gamma=0.9|max_epsilon=0.5,8,19.210810889531828,4.002312664110349,15.20849822542148,23.213123553642177,3
AdaptiveEpsilonGreedy,anomaly_sensitivity=0.3|base_epsilon=0.05|gamma=0.9|max_epsilon=0.5,9,19.521966420002922,4.078161009797938,15.443805410204984,23.60012742980086,3
AdaptiveEpsilonGreedy,anomaly_sensitivity=0.3|base_epsilon=0.05|gamma=0.9|max_epsilon=0.5,10,19.72111785664803,4.119408105360329,15.6017097512877,23.840525962008357,3
AdaptiveEpsilonGreedy,anomaly_sensitivity=0.3|base_epsilon=0.05|gamma=0.9|max_epsilon=0.5,11,19.812512845867918,4.22808324498262,15.584429600885297,24.04059609085054,3
AdaptiveEpsilonGreedy,anomaly_sensitivity=0.3|base_epsilon=0.05|gamma=0.9|max_epsilon=0.5,12,19.946714115834034,4.172473450985521,15.774240664848513,24.119187566819555,3
AdaptiveEpsilonGreedy,anomaly_sensitivity=0.3|base_epsilon=0.05|gamma=0.9|max_epsilon=0.5,13,20.058286361769113,4.294763670379287,15.763522691389827,24.3530500321484,3
AdaptiveEpsilonGreedy,anomaly_sensitivity=0.3|base_epsilon=0.05|gamma=0.9|max_epsilon=0.5,14,20.22544363159568,4.211669608007132,16.01377402358855,24.437113239602812,3
AdaptiveEpsilonGreedy,anomaly_sensitivity=0.3|base_epsilon=0.05|gamma=0.9|max_epsilon=0.5,15,20.542196934830404,4.042282140477296,16.49991479435311,24.584479075307698,3
AdaptiveEpsilonGreedy,anomaly_sensitivity=0.3|base_epsilon=0.05|gamma=0.9|max_epsilon=0.5,16,20.665115515958618,4.019637787573166,16.64547772838545,24.684753303531785,3
AdaptiveEpsilonGreedy,anomaly_sensitivity=0.3|base_epsilon=0.05|gamma=0.9|max_epsilon=0.5,17,20.974656839740373,3.689248015904023,17.28540882383635,24.663904855644397,3
AdaptiveEpsilonGreedy,anomaly_sensitivity=0.3|base_epsilon=0.05|gamma=0.9|max_epsilon=0.5,18,21.377894742139432,3.7303169297333203,17.647577812406112,25.108211671872752,3
AdaptiveEpsilonGreedy,anomaly_sensitivity=0.3|base_epsilon=0.05|gamma=0.9|max_epsilon=0.5,19,21.558281757359982,3.5925589529799136,17.965722804380068,25.150840710339896,3
AdaptiveEpsilonGreedy,anomaly_sensitivity=0.3|base_epsilon=0.05|gamma=0.9|max_epsilon=0.5,20,33.552802443669066,4.819662908719266,28.7331395349498,38.37246535238833,3
AdaptiveEpsilonGreedy,anomaly_sensitivity=0.3|base_epsilon=0.05|gamma=0.9|max_epsilon=0.5,21,41.424157973382705,3.306897181198442,38.11726079218426,44.73105515458115,3
AdaptiveEpsilonGreedy,anomaly_sensitivity=0.3|base_epsilon=0.05|gamma=0.9|max_epsilon=0.5,22,46.89930900007892,6.475294447662475,40.424014552416445,53.3746034477414,3
AdaptiveEpsilonGreedy,anomaly_sensitivity=0.3|base_epsilon=0.05|gamma=0.9|max_epsilon=0.5,23,55.620615083561766,5.979687293256543,49.64092779030523,61.600302376818306,3
AdaptiveEpsilonGreedy,anomaly_sensitivity=0.3|base_epsilon=0.05|gamma=0.9|max_epsilon=0.5,24,63.97771634109438,7.87951056851955,56.09820577257483,71.85722690961393,3
AdaptiveEpsilonGreedy,anomaly_sensitivity=0.3|base_epsilon=0.05|gamma=0.9|max_epsilon=0.5,25,77.9416934064444,6.5491025100129,71.3925908964315,84.4907959164573,3
AdaptiveEpsilonGreedy,anomaly_sensitivity=0.3|base_epsilon=0.05|gamma=0.9|max_epsilon=0.5,26,86.38146590306015,13.458612074501795,72.92285382855835,99.84007797756195,3
AdaptiveEpsilonGreedy,anomaly_sensitivity=0.3|base_epsilon=0.05|gamma=0.9|max_epsilon=0.5,27,95.7921762749018,13.899538875097639,81.89263739980417,109.69171514999944,3
AdaptiveEpsilonGreedy,anomaly_sensitivity=0.3|base_epsilon=0.05|gamma=0.9|max_epsilon=0.5,28,100.53779474533633,15.80854207480742,84.72925267052891,116.34633682014375,3
AdaptiveEpsilonGreedy,anomaly_sensitivity=0.3|base_epsilon=0.05|gamma=0.9|max_epsilon=0.5,29,105.78513996108443,11.718660792656438,94.06647916842799,117.50380075374086,3
AdaptiveEpsilonGreedy,anomaly_sensitivity=0.3|base_epsilon=0.05|gamma=0.9|max_epsilon=0.5,30,110.13892229187975,9.237379334494848,100.9015429573849,119.3763016263746,3
AdaptiveEpsilonGreedy,anomaly_sensitivity=0.3|base_epsilon=0.05|gamma=0.9|max_epsilon=0.5,31,112.93294663621624,13.890145901105546,99.0428007351107,126.82309253732178,3
AdaptiveEpsilonGreedy,anomaly_sensitivity=0.3|base_epsilon=0.05|gamma=0.9|max_epsilon=0.5,32,120.52817251764048,14.193271785396545,106.33490073224394,134.72144430303703,3
AdaptiveEpsilonGreedy,anomaly_sensitivity=0.3|base_epsilon=0.05|gamma=0.9|max_epsilon=0.5,33,130.43343387953013,7.9540837116173275,122.4793501679128,138.38751759114746,3
AdaptiveEpsilonGreedy,anomaly_sensitivity=0.3|base_epsilon=0.05|gamma=0.9|max_epsilon=0.5,34,136.40916545855842,7.020089036810688,129.38907642174775,143.4292544953691,3
AdaptiveEpsilonGreedy,anomaly_sensitivity=0.3|base_epsilon=0.05|gamma=0.9|max_epsilon=0.5,35,140.21988659660408,4.150465195491873,136.0694214011122,144.37035179209596,3
AdaptiveEpsilonGreedy,anomaly_sensitivity=0.3|base_epsilon=0.05|gamma=0.9|max_epsilon=0.5,36,145.61761145175907,7.017807897993453,138.5998035537656,152.63541934975254,3
AdaptiveEpsilonGreedy,anomaly_sensitivity=0.3|base_epsilon=0.05|gamma=0.9|max_epsilon=0.5,37,149.84087758065434,10.127881733382893,139.71299584727143,159.96875931403724,3
AdaptiveEpsilonGreedy,anomaly_sensitivity=0.3|base_epsilon=0.05|gamma=0.9|max_epsilon=0.5,38,161.06813673466667,13.258888382909971,147.8092483517567,174.32702511757662,3
AdaptiveEpsilonGreedy,anomaly_sensitivity=0.3|base_epsilon=0.05|gamma=0.9|max_epsilon=0.5,39,176.83534046652468,12.944383749145137,163.89095671737954,189.77972421566983,3
AdaptiveEpsilonGreedy,anomaly_sensitivity=0.3|base_epsilon=0.05|gamma=0.9|max_epsilon=0.5,40,188.7728190843841,13.992888554542477,174.77993052984164,202.76570763892659,3
AdaptiveEpsilonGreedy,anomaly_sensitivity=0.3|base_epsilon=0.05|gamma=0.9|max_epsilon=0.5,41,195.33860164223358,11.083893287669735,184.25470835456386,206.4224949299033,3
AdaptiveEpsilonGreedy,anomaly_sensitivity=0.3|base_epsilon=0.05|gamma=0.9|max_epsilon=0.5,42,204.07911447054246,11.424016723852104,192.65509774669036,215.50313119439457,3
AdaptiveEpsilonGreedy,anomaly_sensitivity=0.3|base_epsilon=0.05|gamma=0.9|max_epsilon=0.5,43,209.89860263777112,16.28747110049717,193.61113153727393,226.1860737382683,3
AdaptiveEpsilonGreedy,anomaly_sensitivity=0.3|base_epsilon=0.05|gamma=0.9|max_epsilon=0.5,44,210.61529667513233,16.08561860804904,194.5296780670833,226.70091528318136,3
AdaptiveEpsilonGreedy,anomaly_sensitivity=0.3|base_epsilon=0.05|gamma=0.9|max_epsilon=0.5,45,214.9348571355024,17.092976209595257,197.84188092590713,232.02783334509766,3
AdaptiveEpsilonGreedy,anomaly_sensitivity=0.3|base_epsilon=0.05|gamma=0.9|max_epsilon=0.5,46,223.1224716502884,16.95776400212799,206.1647076481604,240.08023565241638,3
AdaptiveEpsilonGreedy,anomaly_sensitivity=0.3|base_epsilon=0.05|gamma=0.9|max_epsilon=0.5,47,226.17881273062463,21.35889462149151,204.8199181091331,247.53770735211614,3
AdaptiveEpsilonGreedy,anomaly_sensitivity=0.3|base_epsilon=0.05|gamma=0.9|max_epsilon=0.5,48,230.03534316723253,21.668496245414175,208.36684692181836,251.7038394126467,3
AdaptiveEpsilonGreedy,anomaly_sensitivity=0.3|base_epsilon=0.05|gamma=0.9|max_epsilon=0.5,49,230.50267869364617,20.90645353383314,209.59622515981303,251.40913222747932,3
AdaptiveEpsilonGreedy,anomaly_sensitivity=0.3|base_epsilon=0.05|gamma=0.9|max_epsilon=0.5,50,237.57006263552026,17.170647970753976,220.39941466476628,254.74071060627423,3
AdaptiveEpsilonGreedy,anomaly_sensitivity=0.3|base_epsilon=0.05|gamma=0.9|max_epsilon=0.5,51,241.28470877445798,15.296876443580036,225.98783233087795,256.581585218038,3
AdaptiveEpsilonGreedy,anomaly_sensitivity=0.3|base_epsilon=0.05|gamma=0.9|max_epsilon=0.5,52,249.85852410513016,13.820530105766592,236.03799399936358,263.67905421089677,3
AdaptiveEpsilonGreedy,anomaly_sensitivity=0.3|base_epsilon=0.05|gamma=0.9|max_epsilon=0.5,53,250.67649232738654,13.4067739675142,237.26971835987234,264.08326629490074,3
AdaptiveEpsilonGreedy,anomaly_sensitivity=0.3|base_epsilon=0.05|gamma=0.9|max_epsilon=0.5,54,253.26678250655024,16.73862530755673,236.5281571989935,270.005407814107,3
AdaptiveEpsilonGreedy,anomaly_sensitivity=0.3|base_epsilon=0.05|gamma=0.9|max_epsilon=0.5,55,257.71753853338765,14.915675828184895,242.80186270520275,272.6332143615725,3
AdaptiveEpsilonGreedy,anomaly_sensitivity=0.3|base_epsilon=0.05|gamma=0.9|max_epsilon=0.5,56,260.9869921233595,12.650128541388504,248.33686358197102,273.637120664748,3
AdaptiveEpsilonGreedy,anomaly_sensitivity=0.3|base_epsilon=0.05|gamma=0.9|max_epsilon=0.5,57,264.70055921062414,10.013037045193677,254.68752216543047,274.71359625581783,3
AdaptiveEpsilonGreedy,anomaly_sensitivity=0.3|base_epsilon=0.05|gamma=0.9|max_epsilon=0.5,58,274.6073288563733,4.359116422580241,270.248212433793,278.96644527895353,3
AdaptiveEpsilonGreedy,anomaly_sensitivity=0.3|base_epsilon=0.05|gamma=0.9|max_epsilon=0.5,59,277.8821867232862,8.312762893618386,269.5694238296678,286.19494961690464,3
AdaptiveEpsilonGreedy,anomaly_sensitivity=0.3|base_epsilon=0.05|gamma=0.9|max_epsilon=0.5,60,278.72966160316435,9.77859471746443,268.9510668856999,288.5082563206288,3
AdaptiveEpsilonGreedy,anomaly_sensitivity=0.3|base_epsilon=0.05|gamma=0.9|max_epsilon=0.5,61,286.6064959924044,15.169383800236448,271.43711219216794,301.77587979264086,3
AdaptiveEpsilonGreedy,anomaly_sensitivity=0.3|base_epsilon=0.05|gamma=0.9|max_epsilon=0.5,62,289.05714299000573,12.976379409249216,276.0807635807565,302.03352239925493,3
AdaptiveEpsilonGreedy,anomaly_sensitivity=0.3|base_epsilon=0.05|gamma=0.9|max_epsilon=0.5,63,293.80277731609016,15.727155436267891,278.0756218798223,309.52993275235804,3
AdaptiveEpsilonGreedy,anomaly_sensitivity=0.3|base_epsilon=0.05|gamma=0.9|max_epsilon=0.5,64,301.8606872933976,16.308073062477952,285.55261423091963,318.1687603558755,3
AdaptiveEpsilonGreedy,anomaly_sensitivity=0.3|base_epsilon=0.05|gamma=0.9|max_epsilon=0.5,65,310.4029031665046,15.696039276438272,294.7068638900663,326.09894244294287,3
AdaptiveEpsilonGreedy,anomaly_sensitivity=0.3|base_epsilon=0.05|gamma=0.9|max_epsilon=0.5,66,321.10034488972616,19.134841285007912,301.96550360471826,340.23518617473405,3
AdaptiveEpsilonGreedy,anomaly_sensitivity=0.3|base_epsilon=0.05|gamma=0.9|max_epsilon=0.5,67,325.10124362256965,20.212966065155555,304.8882775574141,345.3142096877252,3
AdaptiveEpsilonGreedy,anomaly_sensitivity=0.3|base_epsilon=0.05|gamma=0.9|max_epsilon=0.5,68,331.3612373427626,21.93960971564961,309.42162762711297,353.3008470584122,3
AdaptiveEpsilonGreedy,anomaly_sensitivity=0.3|base_epsilon=0.05|gamma=0.9|max_epsilon=0.5,69,335.19491253177324,22.4732355569594,312.7216769748138,357.66814808873266,3
AdaptiveEpsilonGreedy,anomaly_sensitivity=0.3|base_epsilon=0.05|gamma=0.9|max_epsilon=0.5,70,340.94493345328175,19.67631196149944,321.2686214917823,360.6212454147812,3
AdaptiveEpsilonGreedy,anomaly_sensitivity=0.3|base_epsilon=0.05|gamma=0.9|max_epsilon=0.5,71,348.17287320912743,18.196753128056347,329.9761200810711,366.3696263371838,3
AdaptiveEpsilonGreedy,anomaly_sensitivity=0.3|base_epsilon=0.05|gamma=0.9|max_epsilon=0.5,72,355.78083263128457,11.858080722201937,343.92275190908265,367.6389133534865,3
AdaptiveEpsilonGreedy,anomaly_sensitivity=0.3|base_epsilon=0.05|gamma=0.9|max_epsilon=0.5,73,365.60135225743335,14.943948990703857,350.6574032667295,380.5453012481372,3
AdaptiveEpsilonGreedy,anomaly_sensitivity=0.3|base_epsilon=0.05|gamma=0.9|max_epsilon=0.5,74,369.2759100826518,12.44184830509237,356.83406177755944,381.7177583877442,3
AdaptiveEpsilonGreedy,anomaly_sensitivity=0.3|base_epsilon=0.05|gamma=0.9|max_epsilon=0.5,75,375.7642153158415,9.125990927148006,366.6382243886935,384.8902062429895,3
AdaptiveEpsilonGreedy,anomaly_sensitivity=0.3|base_epsilon=0.05|gamma=0.9|max_epsilon=0.5,76,376.05962127422976,9.549720056092655,366.5099012181371,385.6093413303224,3
AdaptiveEpsilonGreedy,anomaly_sensitivity=0.3|base_epsilon=0.05|gamma=0.9|max_epsilon=0.5,77,383.52587600439205,13.879969876466044,369.645906127926,397.40584588085807,3
AdaptiveEpsilonGreedy,anomaly_sensitivity=0.3|base_epsilon=0.05|gamma=0.9|max_epsilon=0.5,78,389.5366813406884,18.31483208255919,371.2218492581292,407.8515134232476,3
AdaptiveEpsilonGreedy,anomaly_sensitivity=0.3|base_epsilon=0.05|gamma=0.9|max_epsilon=0.5,79,404.32149081159923,16.844206569410733,387.4772842421885,421.16569738101,3
AdaptiveEpsilonGreedy,anomaly_sensitivity=0.3|base_epsilon=0.05|gamma=0.9|max_epsilon=0.5,80,407.0424205469608,13.475582800276511,393.56683774668426,420.5180033472373,3
AdaptiveEpsilonGreedy,anomaly_sensitivity=0.3|base_epsilon=0.05|gamma=0.9|max_epsilon=0.5,81,407.66109532517476,13.287125431747414,394.37396989342733,420.9482207569222,3
AdaptiveEpsilonGreedy,anomaly_sensitivity=0.3|base_epsilon=0.05|gamma=0.9|max_epsilon=0.5,82,407.9274853329073,13.170415601578352,394.75706973132895,421.0979009344856,3
AdaptiveEpsilonGreedy,anomaly_sensitivity=0.3|base_epsilon=0.05|gamma=0.9|max_epsilon=0.5,83,408.4759158792453,12.761013310067328,395.714902569178,421.2369291893126,3
AdaptiveEpsilonGreedy,anomaly_sensitivity=0.3|base_epsilon=0.05|gamma=0.9|max_epsilon=0.5,84,408.7838859364762,12.665768311228138,396.1181176252481,421.44965424770436,3
AdaptiveEpsilonGreedy,anomaly_sensitivity=0.3|base_epsilon=0.05|gamma=0.9|max_epsilon=0.5,85,410.15869739318146,11.38675017561327,398.7719472175682,421.5454475687947,3
AdaptiveEpsilonGreedy,anomaly_sensitivity=0.3|base_epsilon=0.05|gamma=0.9|max_epsilon=0.5,86,410.62802210097726,11.259637084815383,399.3683850161619,421.88765918579264,3
AdaptiveEpsilonGreedy,anomaly_sensitivity=0.3|base_epsilon=0.05|gamma=0.9|max_epsilon=0.5,87,411.20696549487957,10.868925612378801,400.33803988250077,422.07589110725837,3
AdaptiveEpsilonGreedy,anomaly_sensitivity=0.3|base_epsilon=0.05|gamma=0.9|max_epsilon=0.5,88,411.5713514231354,10.728969557395144,400.84238186574026,422.30032098053056,3
AdaptiveEpsilonGreedy,anomaly_sensitivity=0.3|base_epsilon=0.05|gamma=0.9|max_epsilon=0.5,89,412.25365146329705,10.367509576532298,401.88614188676473,422.62116103982936,3
AdaptiveEpsilonGreedy,anomaly_sensitivity=0.3|base_epsilon=0.05|gamma=0.9|max_epsilon=0.5,90,412.757104316672,10.065917622858725,402.6911866938133,422.8230219395307,3
AdaptiveEpsilonGreedy,anomaly_sensitivity=0.3|base_epsilon=0.05|gamma=0.9|max_epsilon=0.5,91,413.3802868716237,9.824886092981746,403.55540077864197,423.2051729646054,3
AdaptiveEpsilonGreedy,anomaly_sensitivity=0.3|base_epsilon=0.05|gamma=0.9|max_epsilon=0.5,92,414.01519759241586,9.535573681932783,404.4796239104831,423.5507712743486,3
AdaptiveEpsilonGreedy,anomaly_sensitivity=0.3|base_epsilon=0.05|gamma=0.9|max_epsilon=0.5,93,414.52193000315793,9.403852625015917,405.118077378142,423.92578262817386,3
AdaptiveEpsilonGreedy,anomaly_sensitivity=0.3|base_epsilon=0.05|gamma=0.9|max_epsilon=0.5,94,414.92249834850355,9.237068028127913,405.68543032037564,424.15956637663146,3
AdaptiveEpsilonGreedy,anomaly_sensitivity=0.3|base_epsilon=0.05|gamma=0.9|max_epsilon=0.5,95,415.3770513282537,8.917403740843435,406.45964758741025,424.2944550690971,3
AdaptiveEpsilonGreedy,anomaly_sensitivity=0.3|base_epsilon=0.05|gamma=0.9|max_epsilon=0.5,96,416.14242220869363,9.115562524947846,407.0268596837458,425.2579847336415,3
AdaptiveEpsilonGreedy,anomaly_sensitivity=0.3|base_epsilon=0.05|gamma=0.9|max_epsilon=0.5,97,416.70673654518254,9.000926555116603,407.7058099900659,425.70766310029916,3
AdaptiveEpsilonGreedy,anomaly_sensitivity=0.3|base_epsilon=0.05|gamma=0.9|max_epsilon=0.5,98,417.3126501018414,8.792023388414178,408.52062671342725,426.1046734902556,3
AdaptiveEpsilonGreedy,anomaly_sensitivity=0.3|base_epsilon=0.05|gamma=0.9|max_epsilon=0.5,99,417.77455015466734,8.552516553146397,409.22203360152093,426.32706670781374,3
AdaptiveEpsilonGreedy,anomaly_sensitivity=0.5|base_epsilon=0.05|gamma=0.9|max_epsilon=0.5,0,2.8473417108752366,3.779803322921469,-0.9324616120462323,6.6271450337967055,3
AdaptiveEpsilonGreedy,anomaly_sensitivity=0.5|base_epsilon=0.05|gamma=0.9|max_epsilon=0.5,1,7.160969399556155,0.9041647948105241,6.256804604745631,8.06513419436668,3
AdaptiveEpsilonGreedy,anomaly_sensitivity=0.5|base_epsilon=0.05|gamma=0.9|max_epsilon=0.5,2,8.467437685537261,1.7919433134233538,6.675494372113907,10.259380998960616,3
AdaptiveEpsilonGreedy,anomaly_sensitivity=0.5|base_epsilon=0.05|gamma=0.9|max_epsilon=0.5,3,10.090436846326364,1.2972756102754257,8.793161236050938,11.38771245660179,3
AdaptiveEpsilonGreedy,anomaly_sensitivity=0.5|base_epsilon=0.05|gamma=0.9|max_epsilon=0.5,4,13.000379990751625,2.28001240163379,10.720367589117835,15.280392392385416,3
AdaptiveEpsilonGreedy,anomaly_sensitivity=0.5|base_epsilon=0.05|gamma=0.9|max_epsilon=0.5,5,15.446407176771423,4.10062609121772,11.345781085553703,19.547033267989143,3
AdaptiveEpsilonGreedy,anomaly_sensitivity=0.5|base_epsilon=0.05|gamma=0.9|max_epsilon=0.5,6,16.854637200147046,3.116729030257177,13.737908169889868,19.97136623040422,3
AdaptiveEpsilonGreedy,anomaly_sensitivity=0.5|base_epsilon=0.05|gamma=0.9|max_epsilon=0.5,7,18.0785429892012,5.046363873818625,13.032179115382576,23.124906863019824,3
AdaptiveEpsilonGreedy,anomaly_sensitivity=0.5|base_epsilon=0.05|gamma=0.9|max_epsilon=0.5,8,18.3366229575966,4.772420301889737,13.564202655706863,23.109043259486334,3
AdaptiveEpsilonGreedy,anomaly_sensitivity=0.5|base_epsilon=0.05|gamma=0.9|max_epsilon=0.5,9,18.616308898509857,4.602792779776525,14.013516118733332,23.219101678286382,3
AdaptiveEpsilonGreedy,anomaly_sensitivity=0.5|base_epsilon=0.05|gamma=0.9|max_epsilon=0.5,10,18.90808163830008,4.996330334688361,13.911751303611718,23.90441197298844,3
AdaptiveEpsilonGreedy,anomaly_sensitivity=0.5|base_epsilon=0.05|gamma=0.9|max_epsilon=0.5,11,19.25843068433206,4.861759916904246,14.396670767427812,24.120190601236303,3
AdaptiveEpsilonGreedy,anomaly_sensitivity=0.5|base_epsilon=0.05|gamma=0.9|max_epsilon=0.5,12,19.390617400596124,4.778406905250508,14.612210495345616,24.169024305846634,3
AdaptiveEpsilonGreedy,anomaly_sensitivity=0.5|base_epsilon=0.05|gamma=0.9|max_epsilon=0.5,13,19.593828349233352,4.9733991645327125,14.62042918470064,24.567227513766063,3
AdaptiveEpsilonGreedy,anomaly_sensitivity=0.5|base_epsilon=0.05|gamma=0.9|max_epsilon=0.5,14,19.786655217501842,4.95298850717901,14.83366671032283,24.739643724680853,3
AdaptiveEpsilonGreedy,anomaly_sensitivity=0.5|base_epsilon=0.05|gamma=0.9|max_epsilon=0.5,15,19.956068434457062,4.865409578163959,15.090658856293103,24.82147801262102,3
AdaptiveEpsilonGreedy,anomaly_sensitivity=0.5|base_epsilon=0.05|gamma=0.9|max_epsilon=0.5,16,20.173150209258313,4.706462998512993,15.46668721074532,24.879613207771307,3
AdaptiveEpsilonGreedy,anomaly_sensitivity=0.5|base_epsilon=0.05|gamma=0.9|max_epsilon=0.5,17,20.306391129852177,4.659505370426872,15.646885759425306,24.965896500279047,3
AdaptiveEpsilonGreedy,anomaly_sensitivity=0.5|base_epsilon=0.05|gamma=0.9|max_epsilon=0.5,18,20.425130668191844,4.53801054966397,15.887120118527875,24.963141217855814,3
AdaptiveEpsilonGreedy,anomaly_sensitivity=0.5|base_epsilon=0.05|gamma=0.9|max_epsilon=0.5,19,20.609169211906885,4.395592265439706,16.213576946467178,25.00476147734659,3
AdaptiveEpsilonGreedy,anomaly_sensitivity=0.5|base_epsilon=0.05|gamma=0.9|max_epsilon=0.5,20,33.600916172278886,4.305505647749936,29.29541052452895,37.906421820028825,3
AdaptiveEpsilonGreedy,anomaly_sensitivity=0.5|base_epsilon=0.05|gamma=0.9|max_epsilon=0.5,21,42.47167051046225,2.912460022459941,39.559210488002314,45.38413053292219,3
AdaptiveEpsilonGreedy,anomaly_sensitivity=0.5|base_epsilon=0.05|gamma=0.9|max_epsilon=0.5,22,49.718608160264125,3.2402902046504725,46.478317955613655,52.958898364914596,3
AdaptiveEpsilonGreedy,anomaly_sensitivity=0.5|base_epsilon=0.05|gamma=0.9|max_epsilon=0.5,23,58.54425290373297,4.0380605337504285,54.50619236998254,62.58231343748339,3
AdaptiveEpsilonGreedy,anomaly_sensitivity=0.5|base_epsilon=0.05|gamma=0.9|max_epsilon=0.5,24,64.05802095529012,2.871943064651645,61.18607789063847,66.92996401994176,3
AdaptiveEpsilonGreedy,anomaly_sensitivity=0.5|base_epsilon=0.05|gamma=0.9|max_epsilon=0.5,25,78.71354168120955,2.4916483946344883,76.22189328657507,81.20519007584403,3
AdaptiveEpsilonGreedy,anomaly_sensitivity=0.5|base_epsilon=0.05|gamma=0.9|max_epsilon=0.5,26,90.02302754129248,5.661242530913539,84.36178501037894,95.68427007220602,3
AdaptiveEpsilonGreedy,anomaly_sensitivity=0.5|base_epsilon=0.05|gamma=0.9|max_epsilon=0.5,27,98.33006075932008,7.0079134706853,91.32214728863478,105.33797423000537,3
AdaptiveEpsilonGreedy,anomaly_sensitivity=0.5|base_epsilon=0.05|gamma=0.9|max_epsilon=0.5,28,104.63070520710043,5.9089712610555845,98.72173394604485,110.53967646815602,3
AdaptiveEpsilonGreedy,anomaly_sensitivity=0.5|base_epsilon=0.05|gamma=0.9|max_epsilon=0.5,29,110.71022796714821,5.651590828370114,105.0586371387781,116.36181879551833,3
AdaptiveEpsilonGreedy,anomaly_sensitivity=0.5|base_epsilon=0.05|gamma=0.9|max_epsilon=0.5,30,117.07292371258286,7.025203647033232,110.04772006554963,124.0981273596161,3
AdaptiveEpsilonGreedy,anomaly_sensitivity=0.5|base_epsilon=0.05|gamma=0.9|max_epsilon=0.5,31,118.7035223394552,6.884109932050338,111.81941240740487,125.58763227150554,3
AdaptiveEpsilonGreedy,anomaly_sensitivity=0.5|base_epsilon=0.05|gamma=0.9|max_epsilon=0.5,32,119.71932790338225,6.582678195482352,113.13664970789989,126.30200609886461,3
AdaptiveEpsilonGreedy,anomaly_sensitivity=0.5|base_epsilon=0.05|gamma=0.9|max_epsilon=0.5,33,122.77781197125903,11.54089373940554,111.23691823185348,134.31870571066457,3
AdaptiveEpsilonGreedy,anomaly_sensitivity=0.5|base_epsilon=0.05|gamma=0.9|max_epsilon=0.5,34,126.08717472760075,9.840264151930175,116.24691057567058,135.92743887953094,3
AdaptiveEpsilonGreedy,anomaly_sensitivity=0.5|base_epsilon=0.05|gamma=0.9|max_epsilon=0.5,35,130.70446776995942,6.853343435432854,123.85112433452657,137.55781120539228,3
AdaptiveEpsilonGreedy,anomaly_sensitivity=0.5|base_epsilon=0.05|gamma=0.9|max_epsilon=0.5,36,137.13753698886242,7.117713185414502,130.01982380344793,144.2552501742769,3
AdaptiveEpsilonGreedy,anomaly_sensitivity=0.5|base_epsilon=0.05|gamma=0.9|max_epsilon=0.5,37,146.21621474608534,9.113919376502958,137.10229536958238,155.3301341225883,3
AdaptiveEpsilonGreedy,anomaly_sensitivity=0.5|base_epsilon=0.05|gamma=0.9|max_epsilon=0.5,38,155.11142666815317,8.10436022686218,147.007066441291,163.21578689501536,3
AdaptiveEpsilonGreedy,anomaly_sensitivity=0.5|base_epsilon=0.05|gamma=0.9|max_epsilon=0.5,39,169.14218313234696,9.486314963292255,159.6558681690547,178.6284980956392,3
AdaptiveEpsilonGreedy,anomaly_sensitivity=0.5|base_epsilon=0.05|gamma=0.9|max_epsilon=0.5,40,176.3336987411552,10.064098327822816,166.26960041333237,186.397797068978,3
AdaptiveEpsilonGreedy,anomaly_sensitivity=0.5|base_epsilon=0.05|gamma=0.9|max_epsilon=0.5,41,183.00789362671367,10.403102699374127,172.60479092733954,193.4109963260878,3
AdaptiveEpsilonGreedy,anomaly_sensitivity=0.5|base_epsilon=0.05|gamma=0.9|max_epsilon=0.5,42,191.38841243773433,13.981560490257854,177.40685194747647,205.3699729279922,3
AdaptiveEpsilonGreedy,anomaly_sensitivity=0.5|base_epsilon=0.05|gamma=0.9|max_epsilon=0.5,43,197.7118374230382,8.589396625013851,189.12244079802434,206.30123404805204,3
AdaptiveEpsilonGreedy,anomaly_sensitivity=0.5|base_epsilon=0.05|gamma=0.9|max_epsilon=0.5,44,200.4321708854974,12.114921485600476,188.31724939989692,212.5470923710979,3
AdaptiveEpsilonGreedy,anomaly_sensitivity=0.5|base_epsilon=0.05|gamma=0.9|max_epsilon=0.5,45,205.92531830363023,11.36765917224971,194.55765913138052,217.29297747587995,3
AdaptiveEpsilonGreedy,anomaly_sensitivity=0.5|base_epsilon=0.05|gamma=0.9|max_epsilon=0.5,46,211.3332397827119,6.925087387539591,204.4081523951723,218.2583271702515,3
AdaptiveEpsilonGreedy,anomaly_sensitivity=0.5|base_epsilon=0.05|gamma=0.9|max_epsilon=0.5,47,211.67849723563714,6.634378191828515,205.04411904380862,218.31287542746566,3
AdaptiveEpsilonGreedy,anomaly_sensitivity=0.5|base_epsilon=0.05|gamma=0.9|max_epsilon=0.5,48,217.87590529125586,8.965574766600206,208.91033052465565,226.84148005785607,3
AdaptiveEpsilonGreedy,anomaly_sensitivity=0.5|base_epsilon=0.05|gamma=0.9|max_epsilon=0.5,49,226.25780216268478,8.005822796676181,218.2519793660086,234.26362495936095,3
AdaptiveEpsilonGreedy,anomaly_sensitivity=0.5|base_epsilon=0.05|gamma=0.9|max_epsilon=0.5,50,233.21100539485886,11.718700142556782,221.4923052523021,244.92970553741563,3
AdaptiveEpsilonGreedy,anomaly_sensitivity=0.5|base_epsilon=0.05|gamma=0.9|max_epsilon=0.5,51,239.0908871844209,8.397204555915563,230.69368262850534,247.48809174033644,3
AdaptiveEpsilonGreedy,anomaly_sensitivity=0.5|base_epsilon=0.05|gamma=0.9|max_epsilon=0.5,52,239.7437730207702,8.289579801202756,231.45419321956743,248.03335282197295,3
AdaptiveEpsilonGreedy,anomaly_sensitivity=0.5|base_epsilon=0.05|gamma=0.9|max_epsilon=0.5,53,243.21333907035978,10.103596369023284,233.1097427013365,253.31693543938306,3
AdaptiveEpsilonGreedy,anomaly_sensitivity=0.5|base_epsilon=0.05|gamma=0.9|max_epsilon=0.5,54,248.702054651947,7.546559072601769,241.15549557934523,256.24861372454876,3
AdaptiveEpsilonGreedy,anomaly_sensitivity=0.5|base_epsilon=0.05|gamma=0.9|max_epsilon=0.5,55,252.00724663244833,3.721719829387706,248.28552680306063,255.72896646183602,3
AdaptiveEpsilonGreedy,anomaly_sensitivity=0.5|base_epsilon=0.05|gamma=0.9|max_epsilon=0.5,56,255.19350817022766,4.005804509549717,251.18770366067795,259.1993126797774,3
AdaptiveEpsilonGreedy,anomaly_sensitivity=0.5|base_epsilon=0.05|gamma=0.9|max_epsilon=0.5,57,257.880720813191,0.6260688162417022,257.2546519969493,258.50678962943266,3
AdaptiveEpsilonGreedy,anomaly_sensitivity=0.5|base_epsilon=0.05|gamma=0.9|max_epsilon=0.5,58,258.5170867649154,1.412146848030225,257.1049399168852,259.9292336129456,3
AdaptiveEpsilonGreedy,anomaly_sensitivity=0.5|base_epsilon=0.05|gamma=0.9|max_epsilon=0.5,59,263.9422327989694,3.2057387795364467,260.736494019433,267.14797157850586,3
AdaptiveEpsilonGreedy,anomaly_sensitivity=0.5|base_epsilon=0.05|gamma=0.9|max_epsilon=0.5,60,272.40220633580157,5.818641164832612,266.58356517096894,278.2208475006342,3
AdaptiveEpsilonGreedy,anomaly_sensitivity=0.5|base_epsilon=0.05|gamma=0.9|max_epsilon=0.5,61,276.67931700152013,3.9620997815445933,272.71721721997557,280.6414167830647,3
AdaptiveEpsilonGreedy,anomaly_sensitivity=0.5|base_epsilon=0.05|gamma=0.9|max_epsilon=0.5,62,282.8216503147707,5.331320511552153,277.4903298032185,288.15297082632287,3
AdaptiveEpsilonGreedy,anomaly_sensitivity=0.5|base_epsilon=0.05|gamma=0.9|max_epsilon=0.5,63,285.6649285851592,8.812915157948796,276.8520134272104,294.477843743108,3
AdaptiveEpsilonGreedy,anomaly_sensitivity=0.5|base_epsilon=0.05|gamma=0.9|max_epsilon=0.5,64,289.0627917023705,13.375694550686756,275.6870971516837,302.43848625305725,3
AdaptiveEpsilonGreedy,anomaly_sensitivity=0.5|base_epsilon=0.05|gamma=0.9|max_epsilon=0.5,65,296.0369434097161,7.944946104841888,288.0919973048742,303.981889514558,3
AdaptiveEpsilonGreedy,anomaly_sensitivity=0.5|base_epsilon=0.05|gamma=0.9|max_epsilon=0.5,66,305.08980612582553,2.8391817578387446,302.2506243679868,307.92898788366426,3
AdaptiveEpsilonGreedy,anomaly_sensitivity=0.5|base_epsilon=0.05|gamma=0.9|max_epsilon=0.5,67,313.4416550859301,1.0308464655471488,312.41080862038297,314.47250155147725,3
AdaptiveEpsilonGreedy,anomaly_sensitivity=0.5|base_epsilon=0.05|gamma=0.9|max_epsilon=0.5,68,320.20272373229164,0.3141593283470847,319.88856440394454,320.51688306063875,3
AdaptiveEpsilonGreedy,anomaly_sensitivity=0.5|base_epsilon=0.05|gamma=0.9|max_epsilon=0.5,69,324.6279494904923,2.934955575531418,321.6929939149609,327.56290506602375,3
AdaptiveEpsilonGreedy,anomaly_sensitivity=0.5|base_epsilon=0.05|gamma=0.9|max_epsilon=0.5,70,330.2779045396181,6.810251549423555,323.46765299019455,337.0881560890416,3
AdaptiveEpsilonGreedy,anomaly_sensitivity=0.5|base_epsilon=0.05|gamma=0.9|max_epsilon=0.5,71,335.113221441102,5.28410218521038,329.8291192558916,340.39732362631236,3
AdaptiveEpsilonGreedy,anomaly_sensitivity=0.5|base_epsilon=0.05|gamma=0.9|max_epsilon=0.5,72,349.6342554054909,3.6799304369795216,345.95432496851134,353.3141858424704,3
AdaptiveEpsilonGreedy,anomaly_sensitivity=0.5|base_epsilon=0.05|gamma=0.9|max_epsilon=0.5,73,354.2209375551911,4.814914540877233,349.40602301431386,359.0358520960683,3
AdaptiveEpsilonGreedy,anomaly_sensitivity=0.5|base_epsilon=0.05|gamma=0.9|max_epsilon=0.5,74,357.7794704974297,9.852444400687812,347.9270260967419,367.63191489811754,3
AdaptiveEpsilonGreedy,anomaly_sensitivity=0.5|base_epsilon=0.05|gamma=0.9|max_epsilon=0.5,75,366.59705881356655,10.066984680143005,356.53007413342357,376.6640434937095,3
AdaptiveEpsilonGreedy,anomaly_sensitivity=0.5|base_epsilon=0.05|gamma=0.9|max_epsilon=0.5,76,368.05420658125973,9.69662557479514,358.3575810064646,377.75083215605486,3
AdaptiveEpsilonGreedy,anomaly_sensitivity=0.5|base_epsilon=0.05|gamma=0.9|max_epsilon=0.5,77,373.83930359249933,6.758711320130159,367.0805922723692,380.5980149126295,3
AdaptiveEpsilonGreedy,anomaly_sensitivity=0.5|base_epsilon=0.05|gamma=0.9|max_epsilon=0.5,78,382.951696164781,12.276778044726175,370.6749181200548,395.2284742095072,3
AdaptiveEpsilonGreedy,anomaly_sensitivity=0.5|base_epsilon=0.05|gamma=0.9|max_epsilon=0.5,79,391.4303893805145,9.523341452969264,381.90704792754525,400.95373083348375,3
AdaptiveEpsilonGreedy,anomaly_sensitivity=0.5|base_epsilon=0.05|gamma=0.9|max_epsilon=0.5,80,394.9167185488957,12.478901060719977,382.4378174881757,407.39561960961566,3
AdaptiveEpsilonGreedy,anomaly_sensitivity=0.5|base_epsilon=0.05|gamma=0.9|max_epsilon=0.5,81,397.65729881571195,11.215523607455044,386.4417752082569,408.872822423167,3
AdaptiveEpsilonGreedy,anomaly_sensitivity=0.5|base_epsilon=0.05|gamma=0.9|max_epsilon=0.5,82,401.56698866026704,11.28989544874205,390.27709321152497,412.8568841090091,3
AdaptiveEpsilonGreedy,anomaly_sensitivity=0.5|base_epsilon=0.05|gamma=0.9|max_epsilon=0.5,83,405.5541270265796,11.231402075785198,394.3227249507944,416.78552910236476,3
AdaptiveEpsilonGreedy,anomaly_sensitivity=0.5|base_epsilon=0.05|gamma=0.9|max_epsilon=0.5,84,411.07786558985435,11.97611009213387,399.1017554977205,423.0539756819882,3
AdaptiveEpsilonGreedy,anomaly_sensitivity=0.5|base_epsilon=0.05|gamma=0.9|max_epsilon=0.5,85,413.2869574002386,10.813858146075836,402.4730992541627,424.10081554631444,3
AdaptiveEpsilonGreedy,anomaly_sensitivity=0.5|base_epsilon=0.05|gamma=0.9|max_epsilon=0.5,86,416.87701144444094,9.997330398514256,406.8796810459267,426.8743418429552,3
AdaptiveEpsilonGreedy,anomaly_sensitivity=0.5|base_epsilon=0.05|gamma=0.9|max_epsilon=0.5,87,417.91151739624223,11.047803491790619,406.86371390445163,428.95932088803283,3
AdaptiveEpsilonGreedy,anomaly_sensitivity=0.5|base_epsilon=0.05|gamma=0.9|max_epsilon=0.5,88,418.9095965882002,12.141498051852603,406.7680985363476,431.0510946400528,3
AdaptiveEpsilonGreedy,anomaly_sensitivity=0.5|base_epsilon=0.05|gamma=0.9|max_epsilon=0.5,89,420.20171286138685,13.693329206470041,406.5083836549168,433.8950420678569,3
AdaptiveEpsilonGreedy,anomaly_sensitivity=0.5|base_epsilon=0.05|gamma=0.9|max_epsilon=0.5,90,420.41287164478535,13.79123916490683,406.62163247987854,434.20411080969217,3
AdaptiveEpsilonGreedy,anomaly_sensitivity=0.5|base_epsilon=0.05|gamma=0.9|max_epsilon=0.5,91,421.610484208697,15.156122789753555,406.45436141894345,436.7666069984506,3
AdaptiveEpsilonGreedy,anomaly_sensitivity=0.5|base_epsilon=0.05|gamma=0.9|max_epsilon=0.5,92,422.6759709554414,16.682626013056105,405.9933449423853,439.3585969684975,3
AdaptiveEpsilonGreedy,anomaly_sensitivity=0.5|base_epsilon=0.05|gamma=0.9|max_epsilon=0.5,93,423.5300257537497,17.8004502341228,405.7295755196269,441.33047598787255,3
AdaptiveEpsilonGreedy,anomaly_sensitivity=0.5|base_epsilon=0.05|gamma=0.9|max_epsilon=0.5,94,423.8367284666005,17.55204987276385,406.28467859383665,441.38877833936436,3
AdaptiveEpsilonGreedy,anomaly_sensitivity=0.5|base_epsilon=0.05|gamma=0.9|max_epsilon=0.5,95,424.0143549386212,17.56914898426408,406.4452059543571,441.58350392288526,3
AdaptiveEpsilonGreedy,anomaly_sensitivity=0.5|base_epsilon=0.05|gamma=0.9|max_epsilon=0.5,96,424.8223000404846,18.42609883302693,406.3962012074577,443.2483988735115,3
AdaptiveEpsilonGreedy,anomaly_sensitivity=0.5|base_epsilon=0.05|gamma=0.9|max_epsilon=0.5,97,426.0275461703229,19.82806450415402,406.1994816661689,445.85561067447696,3
AdaptiveEpsilonGreedy,anomaly_sensitivity=0.5|base_epsilon=0.05|gamma=0.9|max_epsilon=0.5,98,427.185184820409,21.312471674023985,405.872713146385,448.497656494433,3
AdaptiveEpsilonGreedy,anomaly_sensitivity=0.5|base_epsilon=0.05|gamma=0.9|max_epsilon=0.5,99,427.3193905283717,21.391973247179962,405.9274172811917,448.71136377555166,3
AdaptiveEpsilonGreedy,anomaly_sensitivity=0.3|base_epsilon=0.1|gamma=0.9|max_epsilon=0.5,0,7.315441371102078,0.20614756830342879,7.109293802798649,7.521588939405507,3
AdaptiveEpsilonGreedy,anomaly_sensitivity=0.3|base_epsilon=0.1|gamma=0.9|max_epsilon=0.5,1,7.816983405615545,0.5048099288419133,7.312173476773632,8.321793334457459,3
AdaptiveEpsilonGreedy,anomaly_sensitivity=0.3|base_epsilon=0.1|gamma=0.9|max_epsilon=0.5,2,10.095239023562279,1.505729347381008,8.58950967618127,11.600968370943287,3
AdaptiveEpsilonGreedy,anomaly_sensitivity=0.3|base_epsilon=0.1|gamma=0.9|max_epsilon=0.5,3,11.525373146342146,0.6653078384415857,10.86006530790056,12.19068098478373,3
AdaptiveEpsilonGreedy,anomaly_sensitivity=0.3|base_epsilon=0.1|gamma=0.9|max_epsilon=0.5,4,12.586685518441287,1.1274436678055055,11.459241850635781,13.714129186246794,3
AdaptiveEpsilonGreedy,anomaly_sensitivity=0.3|base_epsilon=0.1|gamma=0.9|max_epsilon=0.5,5,12.876054074922854,0.8071132651663296,12.068940809756525,13.683167340089183,3
AdaptiveEpsilonGreedy,anomaly_sensitivity=0.3|base_epsilon=0.1|gamma=0.9|max_epsilon=0.5,6,14.345201152596877,1.4496097686307954,12.895591383966082,15.794810921227672,3
AdaptiveEpsilonGreedy,anomaly_sensitivity=0.3|base_epsilon=0.1|gamma=0.9|max_epsilon=0.5,7,16.23084257963227,4.279768891890002,11.95107368774227,20.51061147152227,3
AdaptiveEpsilonGreedy,anomaly_sensitivity=0.3|base_epsilon=0.1|gamma=0.9|max_epsilon=0.5,8,17.09019464845181,3.6141664785004175,13.476028169951393,20.70436112695223,3
AdaptiveEpsilonGreedy,anomaly_sensitivity=0.3|base_epsilon=0.1|gamma=0.9|max_epsilon=0.5,9,18.035444297792,2.9362722133748695,15.09917208441713,20.97171651116687,3
AdaptiveEpsilonGreedy,anomaly_sensitivity=0.3|base_epsilon=0.1|gamma=0.9|max_epsilon=0.5,10,18.20851040000171,2.9747826590286164,15.233727740973094,21.183293059030326,3
AdaptiveEpsilonGreedy,anomaly_sensitivity=0.3|base_epsilon=0.1|gamma=0.9|max_epsilon=0.5,11,18.796457862881507,3.1950239330609014,15.601433929820605,21.99148179594241,3
AdaptiveEpsilonGreedy,anomaly_sensitivity=0.3|base_epsilon=0.1|gamma=0.9|max_epsilon=0.5,12,18.87770209651804,3.156228987378031,15.721473109140009,22.03393108389607,3
AdaptiveEpsilonGreedy,anomaly_sensitivity=0.3|base_epsilon=0.1|gamma=0.9|max_epsilon=0.5,13,19.10216946249848,3.1378779902419014,15.96429147225658,22.24004745274038,3
AdaptiveEpsilonGreedy,anomaly_sensitivity=0.3|base_epsilon=0.1|gamma=0.9|max_epsilon=0.5,14,19.242393250720028,3.209178724066897,16.03321452665313,22.451571974786926,3
AdaptiveEpsilonGreedy,anomaly_sensitivity=0.3|base_epsilon=0.1|gamma=0.9|max_epsilon=0.5,15,19.43486066216045,3.232938092647779,16.20192256951267,22.667798754808228,3
AdaptiveEpsilonGreedy,anomaly_sensitivity=0.3|base_epsilon=0.1|gamma=0.9|max_epsilon=0.5,16,19.50810943595342,3.162379977730818,16.3457294582226,22.670489413684237,3
AdaptiveEpsilonGreedy,anomaly_sensitivity=0.3|base_epsilon=0.1|gamma=0.9|max_epsilon=0.5,17,20.1135600662663,2.7832446461648432,17.330315420101456,22.89680471243114,3
AdaptiveEpsilonGreedy,anomaly_sensitivity=0.3|base_epsilon=0.1|gamma=0.9|max_epsilon=0.5,18,20.232299604605966,2.811698975537916,17.42060062906805,23.04399858014388,3
AdaptiveEpsilonGreedy,anomaly_sensitivity=0.3|base_epsilon=0.1|gamma=0.9|max_epsilon=0.5,19,20.318740803329376,2.810840811243825,17.50789999208555,23.1295816145732,3
AdaptiveEpsilonGreedy,anomaly_sensitivity=0.3|base_epsilon=0.1|gamma=0.9|max_epsilon=0.5,20,32.32167862245804,4.058920716771058,28.26275790568698,36.38059933922909,3
AdaptiveEpsilonGreedy,anomaly_sensitivity=0.3|base_epsilon=0.1|gamma=0.9|max_epsilon=0.5,21,41.11052403610864,1.8950567380330732,39.215467298075566,43.00558077414172,3
AdaptiveEpsilonGreedy,anomaly_sensitivity=0.3|base_epsilon=0.1|gamma=0.9|max_epsilon=0.5,22,46.279852211823886,5.26852276631933,41.01132944550456,51.548374978143215,3
AdaptiveEpsilonGreedy,anomaly_sensitivity=0.3|base_epsilon=0.1|gamma=0.9|max_epsilon=0.5,23,52.9652254607523,5.398190350188202,47.5670351105641,58.3634158109405,3
AdaptiveEpsilonGreedy,anomaly_sensitivity=0.3|base_epsilon=0.1|gamma=0.9|max_epsilon=0.5,24,61.4877998243988,8.914100623469798,52.573699200929,70.4019004478686,3
AdaptiveEpsilonGreedy,anomaly_sensitivity=0.3|base_epsilon=0.1|gamma=0.9|max_epsilon=0.5,25,76.24545102016216,6.896390567647865,69.3490604525143,83.14184158781003,3
AdaptiveEpsilonGreedy,anomaly_sensitivity=0.3|base_epsilon=0.1|gamma=0.9|max_epsilon=0.5,26,90.82921474582962,7.411370294889534,83.41784445094008,98.24058504071915,3
AdaptiveEpsilonGreedy,anomaly_sensitivity=0.3|base_epsilon=0.1|gamma=0.9|max_epsilon=0.5,27,99.08219375904598,11.849108556499965,87.23308520254601,110.93130231554595,3
AdaptiveEpsilonGreedy,anomaly_sensitivity=0.3|base_epsilon=0.1|gamma=0.9|max_epsilon=0.5,28,105.6260559405306,12.26448596003804,93.36156998049256,117.89054190056865,3
AdaptiveEpsilonGreedy,anomaly_sensitivity=0.3|base_epsilon=0.1|gamma=0.9|max_epsilon=0.5,29,110.69587923019064,13.698370779195688,96.99750845099496,124.39425000938633,3
AdaptiveEpsilonGreedy,anomaly_sensitivity=0.3|base_epsilon=0.1|gamma=0.9|max_epsilon=0.5,30,117.94814644825813,12.298513115743127,105.64963333251501,130.24665956400125,3
AdaptiveEpsilonGreedy,anomaly_sensitivity=0.3|base_epsilon=0.1|gamma=0.9|max_epsilon=0.5,31,118.62003811143512,13.275937559681791,105.34410055175333,131.8959756711169,3
AdaptiveEpsilonGreedy,anomaly_sensitivity=0.3|base_epsilon=0.1|gamma=0.9|max_epsilon=0.5,32,125.4045628046277,19.635601326282874,105.76896147834483,145.04016413091057,3
AdaptiveEpsilonGreedy,anomaly_sensitivity=0.3|base_epsilon=0.1|gamma=0.9|max_epsilon=0.5,33,131.25600797817077,16.070583384724724,115.18542459344604,147.3265913628955,3
AdaptiveEpsilonGreedy,anomaly_sensitivity=0.3|base_epsilon=0.1|gamma=0.9|max_epsilon=0.5,34,140.43981978708905,15.338573639161385,125.10124614792767,155.77839342625043,3
AdaptiveEpsilonGreedy,anomaly_sensitivity=0.3|base_epsilon=0.1|gamma=0.9|max_epsilon=0.5,35,143.26427407421963,14.59371818651041,128.6705558877092,157.85799226073004,3
AdaptiveEpsilonGreedy,anomaly_sensitivity=0.3|base_epsilon=0.1|gamma=0.9|max_epsilon=0.5,36,149.79107700451283,17.109930684323196,132.68114632018964,166.90100768883602,3
AdaptiveEpsilonGreedy,anomaly_sensitivity=0.3|base_epsilon=0.1|gamma=0.9|max_epsilon=0.5,37,157.97565733986707,16.41985038922778,141.5558069506393,174.39550772909485,3
AdaptiveEpsilonGreedy,anomaly_sensitivity=0.3|base_epsilon=0.1|gamma=0.9|max_epsilon=0.5,38,168.72834872133157,19.774709859482094,148.95363886184947,188.50305858081367,3
AdaptiveEpsilonGreedy,anomaly_sensitivity=0.3|base_epsilon=0.1|gamma=0.9|max_epsilon=0.5,39,174.09341760560267,13.831734532357821,160.26168307324485,187.92515213796048,3
AdaptiveEpsilonGreedy,anomaly_sensitivity=0.3|base_epsilon=0.1|gamma=0.9|max_epsilon=0.5,40,181.6015690432015,7.254830602087869,174.34673844111362,188.85639964528937,3
AdaptiveEpsilonGreedy,anomaly_sensitivity=0.3|base_epsilon=0.1|gamma=0.9|max_epsilon=0.5,41,187.78979505811182,4.057683895794235,183.73211116231758,191.84747895390606,3
AdaptiveEpsilonGreedy,anomaly_sensitivity=0.3|base_epsilon=0.1|gamma=0.9|max_epsilon=0.5,42,196.6072630261181,2.2549945385544716,194.3522684875636,198.86225756467257,3
AdaptiveEpsilonGreedy,anomaly_sensitivity=0.3|base_epsilon=0.1|gamma=0.9|max_epsilon=0.5,43,201.06516626767055,5.503185772226688,195.56198049544386,206.56835203989723,3
AdaptiveEpsilonGreedy,anomaly_sensitivity=0.3|base_epsilon=0.1|gamma=0.9|max_epsilon=0.5,44,201.06516626767055,5.503185772226688,195.56198049544386,206.56835203989723,3
AdaptiveEpsilonGreedy,anomaly_sensitivity=0.3|base_epsilon=0.1|gamma=0.9|max_epsilon=0.5,45,205.66733977984123,4.6669324650294115,201.0004073148118,210.33427224487065,3
AdaptiveEpsilonGreedy,anomaly_sensitivity=0.3|base_epsilon=0.1|gamma=0.9|max_epsilon=0.5,46,214.26172816409033,4.907184249027051,209.3545439150633,219.16891241311737,3
AdaptiveEpsilonGreedy,anomaly_sensitivity=0.3|base_epsilon=0.1|gamma=0.9|max_epsilon=0.5,47,217.4406116434449,6.072050972528482,211.36856067091642,223.51266261597337,3
AdaptiveEpsilonGreedy,anomaly_sensitivity=0.3|base_epsilon=0.1|gamma=0.9|max_epsilon=0.5,48,217.94609257828813,5.21984950578792,212.7262430725002,223.16594208407605,3
AdaptiveEpsilonGreedy,anomaly_sensitivity=0.3|base_epsilon=0.1|gamma=0.9|max_epsilon=0.5,49,226.23788905358688,4.6028267681007895,221.6350622854861,230.84071582168767,3
AdaptiveEpsilonGreedy,anomaly_sensitivity=0.3|base_epsilon=0.1|gamma=0.9|max_epsilon=0.5,50,227.33269236184626,4.957684001494733,222.37500836035153,232.29037636334098,3
AdaptiveEpsilonGreedy,anomaly_sensitivity=0.3|base_epsilon=0.1|gamma=0.9|max_epsilon=0.5,51,234.60133172690416,6.26145866937601,228.33987305752817,240.86279039628016,3
AdaptiveEpsilonGreedy,anomaly_sensitivity=0.3|base_epsilon=0.1|gamma=0.9|max_epsilon=0.5,52,236.04219265502772,4.747995028337494,231.29419762669022,240.79018768336522,3
AdaptiveEpsilonGreedy,anomaly_sensitivity=0.3|base_epsilon=0.1|gamma=0.9|max_epsilon=0.5,53,241.5767425946235,3.0306398583449754,238.54610273627853,244.6073824529685,3
AdaptiveEpsilonGreedy,anomaly_sensitivity=0.3|base_epsilon=0.1|gamma=0.9|max_epsilon=0.5,54,246.62443034870103,3.868011860994515,242.7564184877065,250.49244220969555,3
AdaptiveEpsilonGreedy,anomaly_sensitivity=0.3|base_epsilon=0.1|gamma=0.9|max_epsilon=0.5,55,252.04655339826687,6.940150549610116,245.10640284865676,258.986703947877,3
AdaptiveEpsilonGreedy,anomaly_sensitivity=0.3|base_epsilon=0.1|gamma=0.9|max_epsilon=0.5,56,254.85325973970097,10.288520048310525,244.56473969139046,265.1417797880115,3
AdaptiveEpsilonGreedy,anomaly_sensitivity=0.3|base_epsilon=0.1|gamma=0.9|max_epsilon=0.5,57,257.8479882939154,14.068258579827646,243.77972971408778,271.9162468737431,3
AdaptiveEpsilonGreedy,anomaly_sensitivity=0.3|base_epsilon=0.1|gamma=0.9|max_epsilon=0.5,58,258.8204759248479,15.572328123261288,243.24814780158664,274.3928040481092,3
AdaptiveEpsilonGreedy,anomaly_sensitivity=0.3|base_epsilon=0.1|gamma=0.9|max_epsilon=0.5,59,261.8910518584641,12.864131705451447,249.02692015301264,274.7551835639155,3
AdaptiveEpsilonGreedy,anomaly_sensitivity=0.3|base_epsilon=0.1|gamma=0.9|max_epsilon=0.5,60,269.46396994884225,16.55478717556176,252.9091827732805,286.01875712440403,3
AdaptiveEpsilonGreedy,anomaly_sensitivity=0.3|base_epsilon=0.1|gamma=0.9|max_epsilon=0.5,61,272.04696857620246,14.150679556687576,257.8962890195149,286.19764813289004,3
AdaptiveEpsilonGreedy,anomaly_sensitivity=0.3|base_epsilon=0.1|gamma=0.9|max_epsilon=0.5,62,274.4457101501486,16.716507336926057,257.72920281322257,291.16221748707466,3
AdaptiveEpsilonGreedy,anomaly_sensitivity=0.3|base_epsilon=0.1|gamma=0.9|max_epsilon=0.5,63,279.4143549715596,12.801241623515576,266.613113348044,292.21559659507517,3
AdaptiveEpsilonGreedy,anomaly_sensitivity=0.3|base_epsilon=0.1|gamma=0.9|max_epsilon=0.5,64,288.46661601184974,14.317842399865402,274.1487736119843,302.78445841171515,3
AdaptiveEpsilonGreedy,anomaly_sensitivity=0.3|base_epsilon=0.1|gamma=0.9|max_epsilon=0.5,65,294.9124807389143,8.853501663450226,286.0589790754641,303.76598240236456,3
AdaptiveEpsilonGreedy,anomaly_sensitivity=0.3|base_epsilon=0.1|gamma=0.9|max_epsilon=0.5,66,305.75056145058585,13.761494341993318,291.9890671085925,319.5120557925792,3
AdaptiveEpsilonGreedy,anomaly_sensitivity=0.3|base_epsilon=0.1|gamma=0.9|max_epsilon=0.5,67,312.39258377466876,11.909201228480145,300.48338254618864,324.3017850031489,3
AdaptiveEpsilonGreedy,anomaly_sensitivity=0.3|base_epsilon=0.1|gamma=0.9|max_epsilon=0.5,68,318.2785884373488,8.661034864673669,309.6175535726751,326.9396233020225,3
AdaptiveEpsilonGreedy,anomaly_sensitivity=0.3|base_epsilon=0.1|gamma=0.9|max_epsilon=0.5,69,321.5106138347857,9.966973735499588,311.5436400992861,331.4775875702853,3
AdaptiveEpsilonGreedy,anomaly_sensitivity=0.3|base_epsilon=0.1|gamma=0.9|max_epsilon=0.5,70,327.0003645005844,13.639675200399648,313.36068930018473,340.64003970098406,3
AdaptiveEpsilonGreedy,anomaly_sensitivity=0.3|base_epsilon=0.1|gamma=0.9|max_epsilon=0.5,71,336.16229694646074,13.772896249689513,322.38940069677125,349.93519319615024,3
AdaptiveEpsilonGreedy,anomaly_sensitivity=0.3|base_epsilon=0.1|gamma=0.9|max_epsilon=0.5,72,341.6329204407527,20.511103827309075,321.1218166134436,362.14402426806174,3
AdaptiveEpsilonGreedy,anomaly_sensitivity=0.3|base_epsilon=0.1|gamma=0.9|max_epsilon=0.5,73,347.15244774387565,14.684963809484897,332.46748393439077,361.83741155336054,3
AdaptiveEpsilonGreedy,anomaly_sensitivity=0.3|base_epsilon=0.1|gamma=0.9|max_epsilon=0.5,74,350.99392515452945,10.533331675404753,340.46059347912467,361.52725682993423,3
AdaptiveEpsilonGreedy,anomaly_sensitivity=0.3|base_epsilon=0.1|gamma=0.9|max_epsilon=0.5,75,359.01508852053786,10.393576698821333,348.6215118217165,369.4086652193592,3
AdaptiveEpsilonGreedy,anomaly_sensitivity=0.3|base_epsilon=0.1|gamma=0.9|max_epsilon=0.5,76,364.6919033217523,7.200418278798502,357.4914850429538,371.8923216005508,3
AdaptiveEpsilonGreedy,anomaly_sensitivity=0.3|base_epsilon=0.1|gamma=0.9|max_epsilon=0.5,77,368.9334419718636,12.128065482712111,356.8053764891515,381.0615074545757,3
AdaptiveEpsilonGreedy,anomaly_sensitivity=0.3|base_epsilon=0.1|gamma=0.9|max_epsilon=0.5,78,374.2636261801808,13.75440922899304,360.50921695118774,388.0180354091738,3
AdaptiveEpsilonGreedy,anomaly_sensitivity=0.3|base_epsilon=0.1|gamma=0.9|max_epsilon=0.5,79,388.4953044148838,14.388507204373568,374.1067972105102,402.88381161925736,3
AdaptiveEpsilonGreedy,anomaly_sensitivity=0.3|base_epsilon=0.1|gamma=0.9|max_epsilon=0.5,80,392.5718316740152,13.788653783927673,378.78317789008753,406.36048545794284,3
AdaptiveEpsilonGreedy,anomaly_sensitivity=0.3|base_epsilon=0.1|gamma=0.9|max_epsilon=0.5,81,393.96208927031034,15.92904639335004,378.0330428769603,409.8911356636604,3
AdaptiveEpsilonGreedy,anomaly_sensitivity=0.3|base_epsilon=0.1|gamma=0.9|max_epsilon=0.5,82,396.80083211564715,16.305914524100306,380.4949175915468,413.1067466397475,3
AdaptiveEpsilonGreedy,anomaly_sensitivity=0.3|base_epsilon=0.1|gamma=0.9|max_epsilon=0.5,83,398.5639642105861,17.379723589871038,381.18424062071506,415.94368780045716,3
AdaptiveEpsilonGreedy,anomaly_sensitivity=0.3|base_epsilon=0.1|gamma=0.9|max_epsilon=0.5,84,400.8343501046734,20.583818142472147,380.25053196220125,421.4181682471455,3
AdaptiveEpsilonGreedy,anomaly_sensitivity=0.3|base_epsilon=0.1|gamma=0.9|max_epsilon=0.5,85,401.9290827646692,20.423486310523828,381.50559645414535,422.35256907519306,3
AdaptiveEpsilonGreedy,anomaly_sensitivity=0.3|base_epsilon=0.1|gamma=0.9|max_epsilon=0.5,86,403.285172081197,20.57905035880022,382.7061217223968,423.8642224399972,3
AdaptiveEpsilonGreedy,anomaly_sensitivity=0.3|base_epsilon=0.1|gamma=0.9|max_epsilon=0.5,87,403.4936430174559,20.723515655234742,382.77012736222116,424.21715867269063,3
AdaptiveEpsilonGreedy,anomaly_sensitivity=0.3|base_epsilon=0.1|gamma=0.9|max_epsilon=0.5,88,405.5380480202096,22.71855717215333,382.81949084805626,428.25660519236294,3
AdaptiveEpsilonGreedy,anomaly_sensitivity=0.3|base_epsilon=0.1|gamma=0.9|max_epsilon=0.5,89,406.67209811033746,22.447766643502465,384.224331466835,429.1198647538399,3
AdaptiveEpsilonGreedy,anomaly_sensitivity=0.3|base_epsilon=0.1|gamma=0.9|max_epsilon=0.5,90,407.68452083233245,22.680392550041443,385.004128282291,430.3649133823739,3
AdaptiveEpsilonGreedy,anomaly_sensitivity=0.3|base_epsilon=0.1|gamma=0.9|max_epsilon=0.5,91,409.193579084098,22.95782910672369,386.2357499773743,432.1514081908217,3
AdaptiveEpsilonGreedy,anomaly_sensitivity=0.3|base_epsilon=0.1|gamma=0.9|max_epsilon=0.5,92,410.98855706589984,23.578444791090057,387.41011227480976,434.5670018569899,3
AdaptiveEpsilonGreedy,anomaly_sensitivity=0.3|base_epsilon=0.1|gamma=0.9|max_epsilon=0.5,93,412.08960157121675,24.109019833041224,387.98058173817554,436.19862140425795,3
AdaptiveEpsilonGreedy,anomaly_sensitivity=0.3|base_epsilon=0.1|gamma=0.9|max_epsilon=0.5,94,413.15858101779344,24.564643380203233,388.5939376375902,437.72322439799666,3
AdaptiveEpsilonGreedy,anomaly_sensitivity=0.3|base_epsilon=0.1|gamma=0.9|max_epsilon=0.5,95,414.0178962150067,25.015387251733927,389.0025089632728,439.0332834667406,3
AdaptiveEpsilonGreedy,anomaly_sensitivity=0.3|base_epsilon=0.1|gamma=0.9|max_epsilon=0.5,96,414.6983516918312,25.420201466795753,389.27815022503546,440.1185531586269,3
AdaptiveEpsilonGreedy,anomaly_sensitivity=0.3|base_epsilon=0.1|gamma=0.9|max_epsilon=0.5,97,415.8169480716235,26.017378287004124,389.79956978461934,441.8343263586276,3
AdaptiveEpsilonGreedy,anomaly_sensitivity=0.3|base_epsilon=0.1|gamma=0.9|max_epsilon=0.5,98,417.2652027622959,26.962647816350074,390.3025549459459,444.227850578646,3
AdaptiveEpsilonGreedy,anomaly_sensitivity=0.3|base_epsilon=0.1|gamma=0.9|max_epsilon=0.5,99,418.40294535011566,27.783005549900906,390.61993980021475,446.18595090001656,3
AdaptiveEpsilonGreedy,anomaly_sensitivity=0.5|base_epsilon=0.1|gamma=0.9|max_epsilon=0.5,0,4.945123931359884,4.2399712426523655,0.7051526887075186,9.18509517401225,3
AdaptiveEpsilonGreedy,anomaly_sensitivity=0.5|base_epsilon=0.1|gamma=0.9|max_epsilon=0.5,1,7.317817859273508,1.538268732670844,5.779549126602664,8.856086591944353,3
AdaptiveEpsilonGreedy,anomaly_sensitivity=0.5|base_epsilon=0.1|gamma=0.9|max_epsilon=0.5,2,10.479501200457626,3.7967079355391222,6.682793264918504,14.276209135996748,3
AdaptiveEpsilonGreedy,anomaly_sensitivity=0.5|base_epsilon=0.1|gamma=0.9|max_epsilon=0.5,3,13.055358783163792,2.428652503785794,10.626706279377998,15.484011286949585,3
AdaptiveEpsilonGreedy,anomaly_sensitivity=0.5|base_epsilon=0.1|gamma=0.9|max_epsilon=0.5,4,13.914590534140643,2.568340761861934,11.346249772278709,16.482931296002576,3
AdaptiveEpsilonGreedy,anomaly_sensitivity=0.5|base_epsilon=0.1|gamma=0.9|max_epsilon=0.5,5,15.427666817069095,0.3499185355662051,15.07774828150289,15.7775853526353,3
AdaptiveEpsilonGreedy,anomaly_sensitivity=0.5|base_epsilon=0.1|gamma=0.9|max_epsilon=0.5,6,17.188363433227128,1.856963738833972,15.331399694393156,19.0453271720611,3
AdaptiveEpsilonGreedy,anomaly_sensitivity=0.5|base_epsilon=0.1|gamma=0.9|max_epsilon=0.5,7,17.33270094964632,1.739033746237748,15.593667203408572,19.071734695884068,3
AdaptiveEpsilonGreedy,anomaly_sensitivity=0.5|base_epsilon=0.1|gamma=0.9|max_epsilon=0.5,8,17.512005214011648,1.5913451980109565,15.920660016000692,19.103350412022603,3
AdaptiveEpsilonGreedy,anomaly_sensitivity=0.5|base_epsilon=0.1|gamma=0.9|max_epsilon=0.5,9,17.892857182039887,1.4836866062395664,16.40917057580032,19.376543788279452,3
AdaptiveEpsilonGreedy,anomaly_sensitivity=0.5|base_epsilon=0.1|gamma=0.9|max_epsilon=0.5,10,18.32467402198689,1.8230602412047445,16.501613780782147,20.147734263191634,3
AdaptiveEpsilonGreedy,anomaly_sensitivity=0.5|base_epsilon=0.1|gamma=0.9|max_epsilon=0.5,11,18.660751696913646,2.149547213979695,16.51120448293395,20.81029891089334,3
AdaptiveEpsilonGreedy,anomaly_sensitivity=0.5|base_epsilon=0.1|gamma=0.9|max_epsilon=0.5,12,18.838029454544685,2.1810281001379788,16.657001354406706,21.019057554682664,3
AdaptiveEpsilonGreedy,anomaly_sensitivity=0.5|base_epsilon=0.1|gamma=0.9|max_epsilon=0.5,13,18.89553180003865,2.2017723489716,16.693759451067052,21.09730414901025,3
AdaptiveEpsilonGreedy,anomaly_sensitivity=0.5|base_epsilon=0.1|gamma=0.9|max_epsilon=0.5,14,19.103389959815534,2.205738248437699,16.897651711377833,21.309128208253235,3
AdaptiveEpsilonGreedy,anomaly_sensitivity=0.5|base_epsilon=0.1|gamma=0.9|max_epsilon=0.5,15,19.26205953784908,2.216963704417584,17.045095833431496,21.479023242266663,3
AdaptiveEpsilonGreedy,anomaly_sensitivity=0.5|base_epsilon=0.1|gamma=0.9|max_epsilon=0.5,16,19.446031084170325,2.1698692616407502,17.276161822529573,21.615900345811077,3
AdaptiveEpsilonGreedy,anomaly_sensitivity=0.5|base_epsilon=0.1|gamma=0.9|max_epsilon=0.5,17,19.687254525616353,2.1026399365657094,17.584614589050645,21.789894462182062,3
AdaptiveEpsilonGreedy,anomaly_sensitivity=0.5|base_epsilon=0.1|gamma=0.9|max_epsilon=0.5,18,19.98270152358435,1.96879512131365,18.0139064022707,21.951496644898,3
AdaptiveEpsilonGreedy,anomaly_sensitivity=0.5|base_epsilon=0.1|gamma=0.9|max_epsilon=0.5,19,20.230328341422766,1.811082766246306,18.41924557517646,22.04141110766907,3
AdaptiveEpsilonGreedy,anomaly_sensitivity=0.5|base_epsilon=0.1|gamma=0.9|max_epsilon=0.5,20,33.07452513330504,2.7996323414053874,30.27489279189965,35.87415747471042,3
AdaptiveEpsilonGreedy,anomaly_sensitivity=0.5|base_epsilon=0.1|gamma=0.9|max_epsilon=0.5,21,42.30081604549516,1.6390773653763726,40.66173868011879,43.939893410871534,3
AdaptiveEpsilonGreedy,anomaly_sensitivity=0.5|base_epsilon=0.1|gamma=0.9|max_epsilon=0.5,22,49.48451239533949,1.3136956430616127,48.17081675227788,50.79820803840111,3
AdaptiveEpsilonGreedy,anomaly_sensitivity=0.5|base_epsilon=0.1|gamma=0.9|max_epsilon=0.5,23,58.45542554555144,1.469694319509563,56.98573122604188,59.925119865061006,3
AdaptiveEpsilonGreedy,anomaly_sensitivity=0.5|base_epsilon=0.1|gamma=0.9|max_epsilon=0.5,24,64.79832278698417,4.8300232202169076,59.968299566767264,69.62834600720107,3
AdaptiveEpsilonGreedy,anomaly_sensitivity=0.5|base_epsilon=0.1|gamma=0.9|max_epsilon=0.5,25,78.40121674466606,3.655272039613896,74.74594470505217,82.05648878427995,3
AdaptiveEpsilonGreedy,anomaly_sensitivity=0.5|base_epsilon=0.1|gamma=0.9|max_epsilon=0.5,26,93.74385429742858,4.4130131534499135,89.33084114397867,98.1568674508785,3
AdaptiveEpsilonGreedy,anomaly_sensitivity=0.5|base_epsilon=0.1|gamma=0.9|max_epsilon=0.5,27,104.15146027853558,5.659515932506191,98.49194434602938,109.81097621104178,3
AdaptiveEpsilonGreedy,anomaly_sensitivity=0.5|base_epsilon=0.1|gamma=0.9|max_epsilon=0.5,28,111.12220252289659,5.427264050000941,105.69493847289564,116.54946657289753,3
AdaptiveEpsilonGreedy,anomaly_sensitivity=0.5|base_epsilon=0.1|gamma=0.9|max_epsilon=0.5,29,117.37404402961197,5.1468572858134065,112.22718674379855,122.52090131542538,3
AdaptiveEpsilonGreedy,anomaly_sensitivity=0.5|base_epsilon=0.1|gamma=0.9|max_epsilon=0.5,30,124.17690923362666,5.333043446728576,118.84386578689808,129.50995268035524,3
AdaptiveEpsilonGreedy,anomaly_sensitivity=0.5|base_epsilon=0.1|gamma=0.9|max_epsilon=0.5,31,132.0500483666597,2.1670895495540203,129.88295881710567,134.21713791621372,3
AdaptiveEpsilonGreedy,anomaly_sensitivity=0.5|base_epsilon=0.1|gamma=0.9|max_epsilon=0.5,32,142.84176649728371,8.751805502734358,134.08996099454936,151.59357200001807,3
AdaptiveEpsilonGreedy,anomaly_sensitivity=0.5|base_epsilon=0.1|gamma=0.9|max_epsilon=0.5,33,149.6052088280089,14.049852495531885,135.555356332477,163.6550613235408,3
AdaptiveEpsilonGreedy,anomaly_sensitivity=0.5|base_epsilon=0.1|gamma=0.9|max_epsilon=0.5,34,157.0559491571321,9.33773299126574,147.71821616586635,166.39368214839783,3
AdaptiveEpsilonGreedy,anomaly_sensitivity=0.5|base_epsilon=0.1|gamma=0.9|max_epsilon=0.5,35,159.09204676740146,7.6068961140123985,151.48515065338907,166.69894288141384,3
AdaptiveEpsilonGreedy,anomaly_sensitivity=0.5|base_epsilon=0.1|gamma=0.9|max_epsilon=0.5,36,162.2295038933408,10.420055183840518,151.80944870950026,172.64955907718132,3
AdaptiveEpsilonGreedy,anomaly_sensitivity=0.5|base_epsilon=0.1|gamma=0.9|max_epsilon=0.5,37,169.13564498327358,8.85612996161712,160.27951502165647,177.9917749448907,3
AdaptiveEpsilonGreedy,anomaly_sensitivity=0.5|base_epsilon=0.1|gamma=0.9|max_epsilon=0.5,38,174.68353459868752,13.721129309343118,160.9624052893444,188.40466390803064,3
AdaptiveEpsilonGreedy,anomaly_sensitivity=0.5|base_epsilon=0.1|gamma=0.9|max_epsilon=0.5,39,188.99801329197012,12.093913726446408,176.90409956552372,201.09192701841653,3
AdaptiveEpsilonGreedy,anomaly_sensitivity=0.5|base_epsilon=0.1|gamma=0.9|max_epsilon=0.5,40,200.43281892040218,13.914766283396975,186.5180526370052,214.34758520379916,3
AdaptiveEpsilonGreedy,anomaly_sensitivity=0.5|base_epsilon=0.1|gamma=0.9|max_epsilon=0.5,41,206.0180630345011,9.85872552779651,196.1593375067046,215.8767885622976,3
AdaptiveEpsilonGreedy,anomaly_sensitivity=0.5|base_epsilon=0.1|gamma=0.9|max_epsilon=0.5,42,211.85867284411515,5.976501709300416,205.88217113481474,217.83517455341556,3
AdaptiveEpsilonGreedy,anomaly_sensitivity=0.5|base_epsilon=0.1|gamma=0.9|max_epsilon=0.5,43,220.6178298851162,5.8962175522653535,214.72161233285087,226.51404743738155,3
AdaptiveEpsilonGreedy,anomaly_sensitivity=0.5|base_epsilon=0.1|gamma=0.9|max_epsilon=0.5,44,221.75866160530606,4.885817648258027,216.87284395704802,226.6444792535641,3
AdaptiveEpsilonGreedy,anomaly_sensitivity=0.5|base_epsilon=0.1|gamma=0.9|max_epsilon=0.5,45,231.46440045943064,3.5640788234485146,227.90032163598212,235.02847928287915,3
AdaptiveEpsilonGreedy,anomaly_sensitivity=0.5|base_epsilon=0.1|gamma=0.9|max_epsilon=0.5,46,236.43245486913634,4.687810216448234,231.7446446526881,241.12026508558458,3
AdaptiveEpsilonGreedy,anomaly_sensitivity=0.5|base_epsilon=0.1|gamma=0.9|max_epsilon=0.5,47,237.9649351183125,4.58614950901094,233.37878560930156,242.55108462732343,3
AdaptiveEpsilonGreedy,anomaly_sensitivity=0.5|base_epsilon=0.1|gamma=0.9|max_epsilon=0.5,48,241.96575237893057,9.359300789252709,232.60645158967787,251.32505316818327,3
AdaptiveEpsilonGreedy,anomaly_sensitivity=0.5|base_epsilon=0.1|gamma=0.9|max_epsilon=0.5,49,245.83961359838224,9.328443206240713,236.51117039214154,255.16805680462295,3
AdaptiveEpsilonGreedy,anomaly_sensitivity=0.5|base_epsilon=0.1|gamma=0.9|max_epsilon=0.5,50,251.2601230499356,6.517358557831767,244.74276449210384,257.77748160776736,3
AdaptiveEpsilonGreedy,anomaly_sensitivity=0.5|base_epsilon=0.1|gamma=0.9|max_epsilon=0.5,51,256.2858103165311,11.556316617015758,244.72949369951536,267.84212693354687,3
AdaptiveEpsilonGreedy,anomaly_sensitivity=0.5|base_epsilon=0.1|gamma=0.9|max_epsilon=0.5,52,261.00464193113015,5.9233376685724535,255.0813042625577,266.9279795997026,3
AdaptiveEpsilonGreedy,anomaly_sensitivity=0.5|base_epsilon=0.1|gamma=0.9|max_epsilon=0.5,53,264.6158113565953,3.580893938519,261.0349174180763,268.1967052951143,3
AdaptiveEpsilonGreedy,anomaly_sensitivity=0.5|base_epsilon=0.1|gamma=0.9|max_epsilon=0.5,54,268.7199669533132,1.8921273131774876,266.8278396401357,270.61209426649066,3
AdaptiveEpsilonGreedy,anomaly_sensitivity=0.5|base_epsilon=0.1|gamma=0.9|max_epsilon=0.5,55,272.7132101892091,0.4361398580555835,272.27707033115354,273.1493500472647,3
AdaptiveEpsilonGreedy,anomaly_sensitivity=0.5|base_epsilon=0.1|gamma=0.9|max_epsilon=0.5,56,277.3542424900795,2.166386874594094,275.18785561548543,279.5206293646736,3
AdaptiveEpsilonGreedy,anomaly_sensitivity=0.5|base_epsilon=0.1|gamma=0.9|max_epsilon=0.5,57,280.91985198089105,6.4081914682695285,274.5116605126215,287.3280434491606,3
AdaptiveEpsilonGreedy,anomaly_sensitivity=0.5|base_epsilon=0.1|gamma=0.9|max_epsilon=0.5,58,288.89099080025744,13.409438373923487,275.48155242633396,302.3004291741809,3
AdaptiveEpsilonGreedy,anomaly_sensitivity=0.5|base_epsilon=0.1|gamma=0.9|max_epsilon=0.5,59,291.66026669995875,17.55988659495947,274.10038010499926,309.22015329491825,3
AdaptiveEpsilonGreedy,anomaly_sensitivity=0.5|base_epsilon=0.1|gamma=0.9|max_epsilon=0.5,60,295.54649660344126,12.566849729633278,282.97964687380795,308.11334633307456,3
AdaptiveEpsilonGreedy,anomaly_sensitivity=0.5|base_epsilon=0.1|gamma=0.9|max_epsilon=0.5,61,302.1560426086747,15.202086819739046,286.9539557889356,317.35812942841375,3
AdaptiveEpsilonGreedy,anomaly_sensitivity=0.5|base_epsilon=0.1|gamma=0.9|max_epsilon=0.5,62,303.47792892167536,15.485356989643105,287.99257193203226,318.96328591131845,3
AdaptiveEpsilonGreedy,anomaly_sensitivity=0.5|base_epsilon=0.1|gamma=0.9|max_epsilon=0.5,63,307.32130270141107,14.068715909409496,293.2525867920016,321.39001861082056,3
AdaptiveEpsilonGreedy,anomaly_sensitivity=0.5|base_epsilon=0.1|gamma=0.9|max_epsilon=0.5,64,313.22688546265977,17.657274510110753,295.569610952549,330.88415997277053,3
AdaptiveEpsilonGreedy,anomaly_sensitivity=0.5|base_epsilon=0.1|gamma=0.9|max_epsilon=0.5,65,322.17508454521953,18.13314338878965,304.04194115642986,340.3082279340092,3
AdaptiveEpsilonGreedy,anomaly_sensitivity=0.5|base_epsilon=0.1|gamma=0.9|max_epsilon=0.5,66,327.0979181424445,12.55805926190252,314.53985888054194,339.655977404347,3
AdaptiveEpsilonGreedy,anomaly_sensitivity=0.5|base_epsilon=0.1|gamma=0.9|max_epsilon=0.5,67,336.86680229939674,13.366250675805984,323.50055162359075,350.2330529752027,3
AdaptiveEpsilonGreedy,anomaly_sensitivity=0.5|base_epsilon=0.1|gamma=0.9|max_epsilon=0.5,68,342.96350619786796,14.852700540324884,328.1108056575431,357.8162067381928,3
AdaptiveEpsilonGreedy,anomaly_sensitivity=0.5|base_epsilon=0.1|gamma=0.9|max_epsilon=0.5,69,346.8885725338848,13.980116648655672,332.90845588522916,360.8686891825405,3
AdaptiveEpsilonGreedy,anomaly_sensitivity=0.5|base_epsilon=0.1|gamma=0.9|max_epsilon=0.5,70,349.7440727034829,11.520263686035818,338.2238090174471,361.26433638951875,3
AdaptiveEpsilonGreedy,anomaly_sensitivity=0.5|base_epsilon=0.1|gamma=0.9|max_epsilon=0.5,71,353.4459459394509,14.214059579450764,339.23188636000015,367.66000551890164,3
AdaptiveEpsilonGreedy,anomaly_sensitivity=0.5|base_epsilon=0.1|gamma=0.9|max_epsilon=0.5,72,367.9510666136045,11.731825513253963,356.21924110035053,379.68289212685846,3
AdaptiveEpsilonGreedy,anomaly_sensitivity=0.5|base_epsilon=0.1|gamma=0.9|max_epsilon=0.5,73,371.9841674463126,8.592670300802594,363.39149714551,380.5768377471152,3
AdaptiveEpsilonGreedy,anomaly_sensitivity=0.5|base_epsilon=0.1|gamma=0.9|max_epsilon=0.5,74,372.71080648575753,7.335850040690101,365.3749564450674,380.04665652644763,3
AdaptiveEpsilonGreedy,anomaly_sensitivity=0.5|base_epsilon=0.1|gamma=0.9|max_epsilon=0.5,75,378.3390091408401,6.893607154001634,371.4454019868385,385.23261629484176,3
AdaptiveEpsilonGreedy,anomaly_sensitivity=0.5|base_epsilon=0.1|gamma=0.9|max_epsilon=0.5,76,381.0424237893456,10.341854369879107,370.7005694194665,391.3842781592247,3
AdaptiveEpsilonGreedy,anomaly_sensitivity=0.5|base_epsilon=0.1|gamma=0.9|max_epsilon=0.5,77,385.5088251136397,11.845159269226711,373.663665844413,397.35398438286643,3
AdaptiveEpsilonGreedy,anomaly_sensitivity=0.5|base_epsilon=0.1|gamma=0.9|max_epsilon=0.5,78,398.44871605665577,13.081567686704627,385.36714836995117,411.53028374336037,3
AdaptiveEpsilonGreedy,anomaly_sensitivity=0.5|base_epsilon=0.1|gamma=0.9|max_epsilon=0.5,79,408.568943476924,19.04286242676118,389.5260810501628,427.6118059036852,3
AdaptiveEpsilonGreedy,anomaly_sensitivity=0.5|base_epsilon=0.1|gamma=0.9|max_epsilon=0.5,80,410.438426121709,20.74403171704375,389.6943944046653,431.1824578387528,3
AdaptiveEpsilonGreedy,anomaly_sensitivity=0.5|base_epsilon=0.1|gamma=0.9|max_epsilon=0.5,81,412.736080477564,23.12499603928783,389.6110844382761,435.8610765168518,3
AdaptiveEpsilonGreedy,anomaly_sensitivity=0.5|base_epsilon=0.1|gamma=0.9|max_epsilon=0.5,82,414.875383179967,25.35053187928616,389.52485130068084,440.22591505925317,3
AdaptiveEpsilonGreedy,anomaly_sensitivity=0.5|base_epsilon=0.1|gamma=0.9|max_epsilon=0.5,83,417.30237931858437,27.953494224740133,389.3488850938442,445.2558735433245,3
AdaptiveEpsilonGreedy,anomaly_sensitivity=0.5|base_epsilon=0.1|gamma=0.9|max_epsilon=0.5,84,419.1032305915637,30.068083150917182,389.03514744064654,449.1713137424809,3
AdaptiveEpsilonGreedy,anomaly_sensitivity=0.5|base_epsilon=0.1|gamma=0.9|max_epsilon=0.5,85,419.506215965384,29.954569235617875,389.5516467297661,449.4607852010019,3
AdaptiveEpsilonGreedy,anomaly_sensitivity=0.5|base_epsilon=0.1|gamma=0.9|max_epsilon=0.5,86,419.79961370884183,29.900332680113728,389.8992810287281,449.69994638895554,3
AdaptiveEpsilonGreedy,anomaly_sensitivity=0.5|base_epsilon=0.1|gamma=0.9|max_epsilon=0.5,87,420.06781673400036,29.879311570963846,390.1885051630365,449.9471283049642,3
AdaptiveEpsilonGreedy,anomaly_sensitivity=0.5|base_epsilon=0.1|gamma=0.9|max_epsilon=0.5,88,420.3263145362371,29.946792171273618,390.37952236496346,450.2731067075107,3
AdaptiveEpsilonGreedy,anomaly_sensitivity=0.5|base_epsilon=0.1|gamma=0.9|max_epsilon=0.5,89,420.6482248127076,29.960666495195113,390.6875583175125,450.6088913079027,3
AdaptiveEpsilonGreedy,anomaly_sensitivity=0.5|base_epsilon=0.1|gamma=0.9|max_epsilon=0.5,90,420.94438884809375,29.781303999045342,391.1630848490484,450.7256928471391,3
AdaptiveEpsilonGreedy,anomaly_sensitivity=0.5|base_epsilon=0.1|gamma=0.9|max_epsilon=0.5,91,422.63227986315934,27.5379932541837,395.09428660897566,450.170273117343,3
AdaptiveEpsilonGreedy,anomaly_sensitivity=0.5|base_epsilon=0.1|gamma=0.9|max_epsilon=0.5,92,422.95629862648246,27.60862717855168,395.3476714479308,450.56492580503414,3
AdaptiveEpsilonGreedy,anomaly_sensitivity=0.5|base_epsilon=0.1|gamma=0.9|max_epsilon=0.5,93,423.148127448851,27.634810390941567,395.5133170579095,450.78293783979257,3
AdaptiveEpsilonGreedy,anomaly_sensitivity=0.5|base_epsilon=0.1|gamma=0.9|max_epsilon=0.5,94,424.22222843758897,25.90716188953212,398.31506654805685,450.1293903271211,3
AdaptiveEpsilonGreedy,anomaly_sensitivity=0.5|base_epsilon=0.1|gamma=0.9|max_epsilon=0.5,95,424.3345363644897,25.829548180160863,398.5049881843288,450.16408454465056,3
AdaptiveEpsilonGreedy,anomaly_sensitivity=0.5|base_epsilon=0.1|gamma=0.9|max_epsilon=0.5,96,424.6499046189256,25.775887824863993,398.87401679406156,450.4257924437896,3
AdaptiveEpsilonGreedy,anomaly_sensitivity=0.5|base_epsilon=0.1|gamma=0.9|max_epsilon=0.5,97,424.729028267517,25.702142522095944,399.02688574542105,450.4311707896129,3
AdaptiveEpsilonGreedy,anomaly_sensitivity=0.5|base_epsilon=0.1|gamma=0.9|max_epsilon=0.5,98,424.87720380968864,25.54530518056023,399.33189862912843,450.42250899024884,3
AdaptiveEpsilonGreedy,anomaly_sensitivity=0.5|base_epsilon=0.1|gamma=0.9|max_epsilon=0.5,99,425.2499155843898,25.28535953071962,399.96455605367015,450.5352751151094,3
UCB,default,0,7.315441371102078,0.20614756830342879,7.109293802798649,7.521588939405507,3
UCB,default,1,8.00850896364145,0.38095565617174665,7.627553307469704,8.389464619813197,3
UCB,default,2,11.510232542923822,0.9578159942968257,10.552416548626995,12.468048537220648,3
UCB,default,3,11.66370565968787,0.9490975161352088,10.714608143552661,12.61280317582308,3
UCB,default,4,14.437307535251973,0.6275262985763317,13.809781236675642,15.064833833828304,3
UCB,default,5,14.473378466504352,0.630954997416429,13.842423469087922,15.104333463920781,3
UCB,default,6,14.569424881208077,0.7190567904872305,13.850368090720846,15.288481671695308,3
UCB,default,7,14.97018214894237,0.6913627216945093,14.27881942724786,15.661544870636881,3
UCB,default,8,15.2469901234681,0.6846618390794112,14.56232828438869,15.93165196254751,3
UCB,default,9,15.336752240624413,0.6236395170216535,14.71311272360276,15.960391757646066,3
UCB,default,10,15.42066990758834,0.6912329088254113,14.72943699876293,16.111902816413753,3
UCB,default,11,15.69316753483244,0.4000496533540054,15.293117881478436,16.093217188186447,3
UCB,default,12,15.868430738761427,0.3403552324104141,15.528075506351014,16.208785971171842,3
UCB,default,13,16.29609791612151,0.05829334731169514,16.237804568809814,16.354391263433207,3
UCB,default,14,16.65490284448897,0.22916872936677576,16.425734115122193,16.884071573855746,3
UCB,default,15,16.876929996019108,0.11863077075927524,16.758299225259833,16.995560766778382,3
UCB,default,16,16.942922712536856,0.225444460501072,16.717478252035782,17.16836717303793,3
UCB,default,17,17.168324120433827,0.16640812406459488,17.00191599636923,17.334732244498422,3
UCB,default,18,17.326168700105807,0.23330976374234277,17.092858936363463,17.55947846384815,3
UCB,default,19,17.43325334073296,0.27010897852061316,17.163144362212346,17.703362319253575,3
UCB,default,20,30.272909863678024,1.9109861313598537,28.36192373231817,32.18389599503788,3
UCB,default,21,39.324305987827756,2.9186413095687307,36.40566467825903,42.24294729739648,3
UCB,default,22,46.34375195326967,2.8788059373292945,43.46494601594037,49.222557890598964,3
UCB,default,23,54.48595394360412,1.5954450724539495,52.890508871150175,56.08139901605807,3
UCB,default,24,62.748158055988576,3.6121101175879096,59.136047938400665,66.36026817357649,3
UCB,default,25,75.85191634021021,6.082703938983874,69.76921240122634,81.93462027919408,3
UCB,default,26,91.02695267054507,4.246155854197165,86.7807968163479,95.27310852474224,3
UCB,default,27,101.02273371059027,4.063773821367169,96.95895988922311,105.08650753195744,3
UCB,default,28,106.60305717811752,5.868045672459963,100.73501150565757,112.47110285057748,3
UCB,default,29,109.38944159445036,5.489279503618171,103.9001620908322,114.87872109806852,3
UCB,default,30,111.23892751524771,6.257230546014522,104.98169696923318,117.49615806126224,3
UCB,default,31,117.45094182614268,1.1998126914067109,116.25112913473598,118.65075451754939,3
UCB,default,32,131.11383511574334,0.2346733342388574,130.87916178150448,131.3485084499822,3
UCB,default,33,137.51624542340946,7.907440776905687,129.60880464650378,145.42368620031513,3
UCB,default,34,141.77377992088097,11.811514146562189,129.96226577431878,153.58529406744316,3
UCB,default,35,144.23209762025039,10.979873766853265,133.2522238533971,155.21197138710366,3
UCB,default,36,153.79651932835932,9.871615465368155,143.92490386299116,163.6681347937275,3
UCB,default,37,160.52179234397522,10.41552683580234,150.1062655081729,170.93731917977755,3
UCB,default,38,167.69405557398315,8.286958780422754,159.40709679356038,175.98101435440591,3
UCB,default,39,172.36996317200305,5.432039610165727,166.93792356183732,177.80200278216878,3
UCB,default,40,180.2353600161574,9.07324002328334,171.16211999287404,189.30860003944073,3
UCB,default,41,183.10095571600894,9.2918728322579,173.80908288375105,192.39282854826683,3
UCB,default,42,186.54354236227752,11.339425244277129,175.2041171180004,197.88296760655464,3
UCB,default,43,189.5606362532882,14.426331526610383,175.13430472667784,203.98696777989858,3
UCB,default,44,189.98318677855514,14.633802956764205,175.34938382179092,204.61698973531935,3
UCB,default,45,190.3144846706128,14.81973504318026,175.49474962743255,205.13421971379307,3
UCB,default,46,191.06858158512787,15.314870407674578,175.75371117745328,206.38345199280246,3
UCB,default,47,191.41383903805317,15.572901716615817,175.84093732143737,206.98674075466897,3
UCB,default,48,191.87689831427497,15.947650095207914,175.92924821906706,207.82454840948287,3
UCB,default,49,192.43003183025647,16.435443793616948,175.99458803663953,208.8654756238734,3
UCB,default,50,192.81376808722322,16.797648754661132,176.01611933256208,209.61141684188436,3
UCB,default,51,193.29788207219735,17.28025747342439,176.01762459877295,210.57813954562175,3
UCB,default,52,193.95076790854668,17.972592874893973,175.97817503365272,211.92336078344064,3
UCB,default,53,194.2745729217245,18.33214805512215,175.94242486660235,212.60672097684667,3
UCB,default,54,194.50078961203008,18.58925502356558,175.9115345884645,213.09004463559566,3
UCB,default,55,194.7138785837811,18.835687042530537,175.87819154125057,213.54956562631165,3
UCB,default,56,194.98459685897782,19.154450938007795,175.83014592097004,214.1390477969856,3
UCB,default,57,195.17155359488825,19.378150448108588,175.79340314677967,214.54970404299684,3
UCB,default,58,195.85893117148282,20.223935305947716,175.6349958655351,216.08286647743054,3
UCB,default,59,196.24124621129408,20.7090332371845,175.5322129741096,216.95027944847857,3
UCB,default,60,197.08872109117223,21.81757220049812,175.2711488906741,218.90629329167035,3
UCB,default,61,197.820115403889,22.806928371623517,175.01318703226548,220.6270437755125,3
UCB,default,62,197.9081377034419,22.927836731011762,174.98030097243014,220.83597443445365,3
UCB,default,63,198.17549596433585,23.29735294730522,174.87814301703062,221.47284891164108,3
UCB,default,64,198.51755190160318,23.774886966503356,174.74266493509984,222.29243886810653,3
UCB,default,65,198.92791612430622,24.35444727336883,174.5734688509374,223.28236339767506,3
UCB,default,66,199.69450046662504,25.45492364252945,174.2395768240956,225.1494241091545,3
UCB,default,67,200.33775770043385,26.39449627729557,173.9432614231383,226.7322539777294,3
UCB,default,68,200.5927392371137,26.770641568040045,173.82209766907366,227.36338080515375,3
UCB,default,69,200.5927392371137,26.770641568040045,173.82209766907366,227.36338080515375,3
UCB,default,70,200.87233308792224,27.185359382180128,173.6869737057421,228.05769247010238,3
UCB,default,71,201.28861902015282,27.806997397327972,173.48162162282486,229.09561641748078,3
UCB,default,72,201.9133821724861,28.74866587759809,173.16471629488802,230.6620480500842,3
UCB,default,73,202.44738007523975,29.561151888328435,172.88622818691132,232.00853196356817,3
UCB,default,74,202.87797437979359,30.221015250908263,172.65695912888532,233.09898963070185,3
UCB,default,75,205.47208202038578,34.271024332963734,171.20105768742206,239.7431063533495,3
UCB,default,76,207.66723024636124,32.14857521430904,175.5186550320522,239.81580546067028,3
UCB,default,77,209.40212505794864,32.915410648205935,176.48671440974272,242.31753570615456,3
UCB,default,78,210.44356361759182,34.58637634934474,175.8571872682471,245.02993996693655,3
UCB,default,79,215.7663513619879,31.898218414064253,183.86813294792364,247.66456977605213,3
UCB,default,80,219.8780763377788,28.287169253125747,191.59090708465305,248.16524559090453,3
UCB,default,81,224.22655571346618,25.060461892489204,199.16609382097698,249.28701760595538,3
UCB,default,82,228.01927428617878,22.6095333891777,205.4097408970011,250.62880767535648,3
UCB,default,83,231.66144834701663,21.03575487052094,210.62569347649568,252.69720321753758,3
UCB,default,84,237.02637796865278,17.14140871033734,219.88496925831544,254.16778667899013,3
UCB,default,85,240.38343721920953,16.52973068169483,223.8537065375147,256.91316790090434,3
UCB,default,86,243.9854229205166,16.977858261383307,227.0075646591333,260.9632811818999,3
UCB,default,87,246.53089719121417,18.177676735900775,228.3532204553134,264.7085739271149,3
UCB,default,88,249.55597795899766,18.221226515381904,231.33475144361574,267.7772044743796,3
UCB,default,89,253.01327405814573,20.384795535421155,232.62847852272458,273.3980695935669,3
UCB,default,90,256.0493568077444,22.080370973130375,233.96898583461402,278.12972778087476,3
UCB,default,91,260.1947353749985,24.910841611138352,235.28389376386016,285.10557698613684,3
UCB,default,92,264.52864732400485,28.270247032336535,236.25840029166832,292.7988943563414,3
UCB,default,93,267.5765032502204,30.517761038517712,237.0587422117027,298.09426428873815,3
UCB,default,94,270.68357801945285,33.00593579865434,237.6776422207985,303.6895138181072,3
UCB,default,95,273.2995328063864,34.6821564534925,238.61737635289393,307.9816892598789,3
UCB,default,96,275.51250857957945,36.33481195019955,239.1776966293799,311.847320529779,3
UCB,default,97,278.3398729395088,39.13893070865869,239.2009422308501,317.47880364816746,3
UCB,default,98,282.149966208037,42.540641289506176,239.6093249185308,324.69060749754317,3
UCB,default,99,285.39323680203273,45.148447499324945,240.24478930270777,330.5416843013577,3
Random,default,0,0.34611671439077646,0.5994917346736309,-0.25337502028285447,0.9456084490644074,3
Random,default,1,1.2633227366332103,1.3142938183260158,-0.05097108169280551,2.577616554959226,3
Random,default,2,1.3260819078069528,1.2985176357554709,0.02756427205148193,2.6245995435624234,3
Random,default,3,1.8120060658912507,1.37670604903382,0.4353000168574306,3.188712114925071,3
Random,default,4,2.2670700768019727,1.751254845242632,0.5158152315593407,4.018324922044605,3
Random,default,5,5.579426970987647,1.9498030052378075,3.6296239657498397,7.529229976225455,3
Random,default,6,7.104229317390356,1.4039316248549132,5.700297692535443,8.508160942245269,3
Random,default,7,10.391714191357865,4.016785443644622,6.374928747713243,14.408499635002487,3
Random,default,8,11.445635932432998,2.693722806460255,8.751913125972742,14.139358738893254,3
Random,default,9,14.145859676499628,2.2367851789518465,11.909074497547781,16.382644855451474,3
Random,default,10,14.55704134711705,2.11214975764161,12.44489158947544,16.66919110475866,3
Random,default,11,19.06835186259955,5.209379059986561,13.858972802612989,24.27773092258611,3
Random,default,12,21.196665904397964,2.2728885249212487,18.923777379476714,23.469554429319214,3
Random,default,13,21.29813479053927,2.3742112561728543,18.923923534366416,23.67234604671212,3
Random,default,14,23.179409497739297,1.289472417548929,21.889937080190368,24.468881915288225,3
Random,default,15,25.338020774104574,2.263693770059211,23.074327004045365,27.601714544163784,3
Random,default,16,25.529719062307908,2.346331515359915,23.183387546947994,27.876050577667822,3
Random,default,17,26.907416691183442,4.2817832691888045,22.62563342199464,31.189199960372246,3
Random,default,18,28.075575848393026,3.5133926079552764,24.56218324043775,31.5889684563483,3
Random,default,19,28.206395131660457,3.507697859313463,24.698697272346994,31.71409299097392,3
Random,default,20,40.51426858445483,4.545486355806583,35.96878222864825,45.05975494026141,3
Random,default,21,43.81997500204337,6.668567019433189,37.15140798261018,50.48854202147656,3
Random,default,22,48.05356667227485,4.883726780769127,43.16983989150572,52.93729345304398,3
Random,default,23,54.88425378219768,8.427048790856778,46.4572049913409,63.31130257305446,3
Random,default,24,63.25547129958954,9.705436655843656,53.55003464374588,72.96090795543319,3
Random,default,25,69.38883677094154,8.478661357008226,60.91017541393331,77.86749812794976,3
Random,default,26,81.25663515950355,14.82084278176017,66.43579237774338,96.07747794126371,3
Random,default,27,91.98666708926959,15.64761188396221,76.33905520530737,107.6342789732318,3
Random,default,28,98.02806899495272,14.52244851937301,83.5056204755797,112.55051751432573,3
Random,default,29,100.14634445105226,13.333259897338689,86.81308455371357,113.47960434839095,3
Random,default,30,106.14169445722068,10.561924752993749,95.57976970422693,116.70361921021443,3
Random,default,31,113.14496681772307,6.933527818411803,106.21143899931127,120.07849463613488,3
Random,default,32,127.72693516008583,7.498394063704794,120.22854109638104,135.22532922379062,3
Random,default,33,133.1130141702925,8.458826932041323,124.65418723825118,141.57184110233382,3
Random,default,34,143.23717365891923,8.463290700149638,134.7738829587696,151.70046435906886,3
Random,default,35,149.90252440819594,7.7971610507026154,142.10536335749333,157.69968545889856,3
Random,default,36,154.10659178994771,2.2828350274760125,151.8237567624717,156.38942681742373,3
Random,default,37,160.642750862147,5.744797368104154,154.89795349404287,166.38754823025116,3
Random,default,38,169.8851046236058,11.888804382036108,157.99630024156968,181.7739090056419,3
Random,default,39,185.64694993558086,11.682447249560191,173.96450268602067,197.32939718514106,3
Random,default,40,193.59795279109252,7.305747981722913,186.29220480936962,200.90370077281543,3
Random,default,41,197.77417875778187,9.289194204931448,188.48498455285042,207.06337296271332,3
Random,default,42,201.23973900397445,5.777354240318363,195.46238476365608,207.01709324429282,3
Random,default,43,208.96094592389332,4.011279459880694,204.94966646401264,212.972225383774,3
Random,default,44,213.72435306337823,5.7344663890430825,207.98988667433514,219.45881945242132,3
Random,default,45,221.62915055065665,9.74268822159906,211.8864623290576,231.3718387722557,3
Random,default,46,233.28291418265553,9.406200080237673,223.87671410241785,242.6891142628932,3
Random,default,47,234.75139788448982,9.45096136648959,225.30043651800023,244.2023592509794,3
Random,default,48,241.17573766358032,3.8270885286169842,237.34864913496332,245.00282619219732,3
Random,default,49,249.3456285120224,2.6089305427461196,246.73669796927626,251.9545590547685,3
Random,default,50,255.8900066679026,3.9438945892165758,251.94611207868604,259.8339012571192,3
Random,default,51,261.1387824344181,3.802638060411695,257.3361443740064,264.9414204948298,3
Random,default,52,272.66842626787735,5.620661333131513,267.0477649347458,278.2890876010089,3
Random,default,53,279.4534927008039,7.857680656142699,271.5958120446612,287.3111733569466,3
Random,default,54,287.03490870496,7.84799366913947,279.18691503582056,294.88290237409944,3
Random,default,55,292.55303920573033,6.021803482350677,286.53123572337967,298.574842688081,3
Random,default,56,295.4521150879832,7.711690929897682,287.74042415808555,303.16380601788086,3
Random,default,57,303.3227776375766,6.17565377740846,297.14712386016816,309.4984314149851,3
Random,default,58,309.5398856631304,11.1091630548855,298.4307226082449,320.64904871801593,3
Random,default,59,317.2590949615062,11.169651922833285,306.0894430386729,328.4287468843395,3
Random,default,60,318.8720965680564,9.93965597341722,308.93244059463916,328.81175254147365,3
Random,default,61,324.4139641561083,17.036759686181654,307.37720446992665,341.45072384228996,3
Random,default,62,327.09895103672574,15.845837211298681,311.2531138254271,342.9447882480244,3
Random,default,63,329.40889710614516,14.736588978094547,314.6723081280506,344.14548608423974,3
Random,default,64,335.09129896028213,18.51244899701032,316.5788499632718,353.60374795729246,3
Random,default,65,341.9269310804496,14.944553279964424,326.9823778004852,356.871484360414,3
Random,default,66,350.3245681768449,17.62125204541451,332.70331613143037,367.9458202222594,3
Random,default,67,359.3664164130817,19.184551110579026,340.1818653025027,378.55096752366074,3
Random,default,68,363.86923231376596,23.36694955000826,340.5022827637577,387.2361818637742,3
Random,default,69,366.5507969020685,19.888703831912814,346.66209307015566,386.43950073398133,3
Random,default,70,372.0154772901928,19.740123793060004,352.2753534971328,391.75560108325277,3
Random,default,71,380.78051221108916,17.13283124387545,363.6476809672137,397.9133434549646,3
Random,default,72,390.268086224751,11.902723887489037,378.36536233726196,402.1708101122401,3
Random,default,73,400.62071919259523,14.593536433816059,386.0271827587792,415.2142556264113,3
Random,default,74,405.7458529336061,18.972932145129064,386.77292078847705,424.71878507873515,3
Random,default,75,408.6970830631788,21.479375731609945,387.2177073315689,430.17645879478874,3
Random,default,76,415.21495072720126,22.427558136816064,392.7873925903852,437.6425088640173,3
Random,default,77,422.18864800889065,19.144236420957686,403.044411587933,441.3328844298483,3
Random,default,78,432.8706180361639,25.39850908636654,407.47210894979736,458.2691271225304,3
Random,default,79,442.57258943660145,31.523245727458075,411.0493437091434,474.0958351640595,3
Random,default,80,445.1236081153408,33.25798313730003,411.8656249780408,478.3815912526408,3
Random,default,81,445.65392642597925,33.03536202477369,412.61856440120556,478.68928845075294,3
Random,default,82,446.37755674571827,33.75240694704902,412.62514979866927,480.12996369276726,3
Random,default,83,446.42355774971446,33.776239066938416,412.647318682776,480.1997968166529,3
Random,default,84,446.8950700940529,34.03663289528658,412.85843719876635,480.9317029893395,3
Random,default,85,448.2934686830386,35.58639104113133,412.7070776419073,483.87985972416993,3
Random,default,86,448.5868035910191,35.6091487768106,412.97765481420845,484.1959523678297,3
Random,default,87,449.98915122923995,33.42601658368095,416.563134645559,483.4151678129209,3
Random,default,88,452.5579508631054,29.68196457171712,422.8759862913883,482.23991543482254,3
Random,default,89,455.18453609207404,32.842703295645805,422.3418327964282,488.0272393877199,3
Random,default,90,455.5272585050079,32.79763213322005,422.72962637178784,488.324890638228,3
Random,default,91,459.02007956989536,36.13761796048916,422.8824616094062,495.1576975303845,3
Random,default,92,459.07295390141144,36.201150970556775,422.87180293085464,495.27410487196823,3
Random,default,93,460.24083329526167,37.706096831564196,422.53473646369747,497.94693012682586,3
Random,default,94,462.2028528410776,37.26468951307301,424.9381633280046,499.46754235415057,3
Random,default,95,462.6574058208277,36.94157344592817,425.71583237489955,499.59897926675586,3
Random,default,96,463.1922035923705,37.35098958134963,425.8412140110209,500.5431931737201,3
Random,default,97,465.5987251989022,40.323711417679974,425.2750137812222,505.92243661658216,3
Random,default,98,468.4474827387244,40.54596298814525,427.90151975057915,508.9934457268696,3
Random,default,99,468.7671714730271,40.29662608725453,428.47054538577254,509.0637975602816,3
LinUCB_Vanilla,alpha=0.1|lambda_reg=50|use_momentum=False,0,7.315441371102078,0.20614756830342879,7.109293802798649,7.521588939405507,3
LinUCB_Vanilla,alpha=0.1|lambda_reg=50|use_momentum=False,1,8.00850896364145,0.38095565617174665,7.627553307469704,8.389464619813197,3
LinUCB_Vanilla,alpha=0.1|lambda_reg=50|use_momentum=False,2,11.510232542923822,0.9578159942968257,10.552416548626995,12.468048537220648,3
LinUCB_Vanilla,alpha=0.1|lambda_reg=50|use_momentum=False,3,11.66370565968787,0.9490975161352088,10.714608143552661,12.61280317582308,3
LinUCB_Vanilla,alpha=0.1|lambda_reg=50|use_momentum=False,4,14.437307535251973,0.6275262985763317,13.809781236675642,15.064833833828304,3
LinUCB_Vanilla,alpha=0.1|lambda_reg=50|use_momentum=False,5,14.473378466504352,0.630954997416429,13.842423469087922,15.104333463920781,3
LinUCB_Vanilla,alpha=0.1|lambda_reg=50|use_momentum=False,6,14.569424881208077,0.7190567904872305,13.850368090720846,15.288481671695308,3
LinUCB_Vanilla,alpha=0.1|lambda_reg=50|use_momentum=False,7,14.97018214894237,0.6913627216945093,14.27881942724786,15.661544870636881,3
LinUCB_Vanilla,alpha=0.1|lambda_reg=50|use_momentum=False,8,15.2469901234681,0.6846618390794112,14.56232828438869,15.93165196254751,3
LinUCB_Vanilla,alpha=0.1|lambda_reg=50|use_momentum=False,9,15.336752240624413,0.6236395170216535,14.71311272360276,15.960391757646066,3
LinUCB_Vanilla,alpha=0.1|lambda_reg=50|use_momentum=False,10,15.42066990758834,0.6912329088254113,14.72943699876293,16.111902816413753,3
LinUCB_Vanilla,alpha=0.1|lambda_reg=50|use_momentum=False,11,15.69316753483244,0.4000496533540054,15.293117881478436,16.093217188186447,3
LinUCB_Vanilla,alpha=0.1|lambda_reg=50|use_momentum=False,12,15.868430738761427,0.3403552324104141,15.528075506351014,16.208785971171842,3
LinUCB_Vanilla,alpha=0.1|lambda_reg=50|use_momentum=False,13,16.29436034622429,0.06106170954947788,16.233298636674814,16.35542205577377,3
LinUCB_Vanilla,alpha=0.1|lambda_reg=50|use_momentum=False,14,16.50938930297787,0.21848581112667181,16.290903491851196,16.727875114104542,3
LinUCB_Vanilla,alpha=0.1|lambda_reg=50|use_momentum=False,15,16.634444929694947,0.23164196669062206,16.402802963004326,16.866086896385568,3
LinUCB_Vanilla,alpha=0.1|lambda_reg=50|use_momentum=False,16,17.044407191789755,0.05531499785965816,16.989092193930098,17.099722189649412,3
LinUCB_Vanilla,alpha=0.1|lambda_reg=50|use_momentum=False,17,17.135203728962377,0.06193953789254541,17.073264191069832,17.197143266854923,3
LinUCB_Vanilla,alpha=0.1|lambda_reg=50|use_momentum=False,18,17.40170357551955,0.23163860644738216,17.17006496907217,17.633342181966935,3
LinUCB_Vanilla,alpha=0.1|lambda_reg=50|use_momentum=False,19,17.45037875407017,0.22970912199188775,17.22066963207828,17.680087876062057,3
LinUCB_Vanilla,alpha=0.1|lambda_reg=50|use_momentum=False,20,28.732539501513756,1.3041827087908409,27.428356792722916,30.036722210304596,3
LinUCB_Vanilla,alpha=0.1|lambda_reg=50|use_momentum=False,21,37.773666271924895,1.88521718310405,35.88844908882085,39.65888345502894,3
LinUCB_Vanilla,alpha=0.1|lambda_reg=50|use_momentum=False,22,45.09015075514105,1.9401295926525897,43.150021162488464,47.03028034779364,3
LinUCB_Vanilla,alpha=0.1|lambda_reg=50|use_momentum=False,23,54.36148479051091,1.0115347137810866,53.34995007672982,55.373019504291996,3
LinUCB_Vanilla,alpha=0.1|lambda_reg=50|use_momentum=False,24,62.5420133519202,2.41922317545977,60.12279017646043,64.96123652737997,3
LinUCB_Vanilla,alpha=0.1|lambda_reg=50|use_momentum=False,25,76.75372131065728,1.5964982085939776,75.15722310206331,78.35021951925125,3
LinUCB_Vanilla,alpha=0.1|lambda_reg=50|use_momentum=False,26,91.34540986775814,0.756796936419304,90.58861293133883,92.10220680417744,3
LinUCB_Vanilla,alpha=0.1|lambda_reg=50|use_momentum=False,27,101.09139121996054,1.471932200952012,99.61945901900853,102.56332342091255,3
LinUCB_Vanilla,alpha=0.1|lambda_reg=50|use_momentum=False,28,107.26319502628883,2.8969094589137954,104.36628556737503,110.16010448520262,3
LinUCB_Vanilla,alpha=0.1|lambda_reg=50|use_momentum=False,29,109.25186623120781,2.0318679239635573,107.21999830724425,111.28373415517137,3
LinUCB_Vanilla,alpha=0.1|lambda_reg=50|use_momentum=False,30,111.10135215200518,2.8474946889403316,108.25385746306485,113.9488468409455,3
LinUCB_Vanilla,alpha=0.1|lambda_reg=50|use_momentum=False,31,111.10135215200518,2.8474946889403316,108.25385746306485,113.9488468409455,3
LinUCB_Vanilla,alpha=0.1|lambda_reg=50|use_momentum=False,32,122.30169422841915,6.838435034877528,115.46325919354162,129.14012926329667,3
LinUCB_Vanilla,alpha=0.1|lambda_reg=50|use_momentum=False,33,127.58854378068865,11.888620978151168,115.69992280253749,139.47716475883982,3
LinUCB_Vanilla,alpha=0.1|lambda_reg=50|use_momentum=False,34,130.58897842645706,15.655651380478215,114.93332704597884,146.24462980693528,3
LinUCB_Vanilla,alpha=0.1|lambda_reg=50|use_momentum=False,35,133.3811763517928,13.245083481576879,120.1360928702159,146.62625983336966,3
LinUCB_Vanilla,alpha=0.1|lambda_reg=50|use_momentum=False,36,138.797924311883,8.585206645742625,130.21271766614038,147.38313095762564,3
LinUCB_Vanilla,alpha=0.1|lambda_reg=50|use_momentum=False,37,145.40381034560096,4.758357670465463,140.6454526751355,150.16216801606643,3
LinUCB_Vanilla,alpha=0.1|lambda_reg=50|use_momentum=False,38,155.76262089888917,4.794458790876882,150.96816210801228,160.55707968976606,3
LinUCB_Vanilla,alpha=0.1|lambda_reg=50|use_momentum=False,39,171.67852685573385,4.7659715852657785,166.91255527046806,176.44449844099964,3
LinUCB_Vanilla,alpha=0.1|lambda_reg=50|use_momentum=False,40,183.991957778518,6.478422932208611,177.5135348463094,190.47038071072663,3
LinUCB_Vanilla,alpha=0.1|lambda_reg=50|use_momentum=False,41,193.12911888662902,7.068389576078619,186.06072931055039,200.19750846270765,3
LinUCB_Vanilla,alpha=0.1|lambda_reg=50|use_momentum=False,42,200.69603526853416,4.954563519711659,195.7414717488225,205.65059878824582,3
LinUCB_Vanilla,alpha=0.1|lambda_reg=50|use_momentum=False,43,206.8156716732949,5.051393576814594,201.7642780964803,211.8670652501095,3
LinUCB_Vanilla,alpha=0.1|lambda_reg=50|use_momentum=False,44,210.36908944758542,5.112995818612562,205.25609362897285,215.482085266198,3
LinUCB_Vanilla,alpha=0.1|lambda_reg=50|use_momentum=False,45,210.89484747000174,4.204947568650009,206.68989990135174,215.09979503865173,3
LinUCB_Vanilla,alpha=0.1|lambda_reg=50|use_momentum=False,46,212.90476653688287,6.115838624078914,206.78892791280396,219.0206051609618,3
LinUCB_Vanilla,alpha=0.1|lambda_reg=50|use_momentum=False,47,213.64887212721226,4.876103478651474,208.77276864856077,218.52497560586374,3
LinUCB_Vanilla,alpha=0.1|lambda_reg=50|use_momentum=False,48,218.45828825412073,9.605183224835283,208.85310502928544,228.06347147895602,3
LinUCB_Vanilla,alpha=0.1|lambda_reg=50|use_momentum=False,49,220.8081913916152,9.950555465503472,210.85763592611173,230.75874685711867,3
LinUCB_Vanilla,alpha=0.1|lambda_reg=50|use_momentum=False,50,224.60287443931807,13.166175061317372,211.4366993780007,237.76904950063545,3
LinUCB_Vanilla,alpha=0.1|lambda_reg=50|use_momentum=False,51,227.3238299759599,14.679894203311761,212.64393577264815,242.00372417927167,3
LinUCB_Vanilla,alpha=0.1|lambda_reg=50|use_momentum=False,52,235.8852812286366,12.597738802940437,223.28754242569616,248.483020031577,3
LinUCB_Vanilla,alpha=0.1|lambda_reg=50|use_momentum=False,53,241.3791182764613,9.811914980136882,231.5672032963244,251.1910332565982,3
LinUCB_Vanilla,alpha=0.1|lambda_reg=50|use_momentum=False,54,246.58234110543788,13.654634872952919,232.92770623248495,260.2369759783908,3
LinUCB_Vanilla,alpha=0.1|lambda_reg=50|use_momentum=False,55,248.32448428981544,10.778915061406552,237.54556922840888,259.103399351222,3
LinUCB_Vanilla,alpha=0.1|lambda_reg=50|use_momentum=False,56,248.61804065920992,10.302333949614033,238.3157067095959,258.920374608824,3
LinUCB_Vanilla,alpha=0.1|lambda_reg=50|use_momentum=False,57,249.97016652029018,8.822043160827672,241.14812335946252,258.79220968111787,3
LinUCB_Vanilla,alpha=0.1|lambda_reg=50|use_momentum=False,58,255.66288555383346,2.157315127134456,253.505570426699,257.8202006809679,3
LinUCB_Vanilla,alpha=0.1|lambda_reg=50|use_momentum=False,59,258.5133086770309,2.3497529922870344,256.16355568474387,260.863061669318,3
LinUCB_Vanilla,alpha=0.1|lambda_reg=50|use_momentum=False,60,260.4124379029799,3.4865864798904527,256.92585142308945,263.8990243828703,3
LinUCB_Vanilla,alpha=0.1|lambda_reg=50|use_momentum=False,61,263.36421620947004,2.948284160510391,260.41593204895963,266.31250036998046,3
LinUCB_Vanilla,alpha=0.1|lambda_reg=50|use_momentum=False,62,269.7337735288465,4.377945126669742,265.35582840217677,274.1117186555162,3
LinUCB_Vanilla,alpha=0.1|lambda_reg=50|use_momentum=False,63,270.32596602726454,3.6873452626333414,266.6386207646312,274.0133112898979,3
LinUCB_Vanilla,alpha=0.1|lambda_reg=50|use_momentum=False,64,276.55869911167594,8.270262914094866,268.28843619758106,284.8289620257708,3
LinUCB_Vanilla,alpha=0.1|lambda_reg=50|use_momentum=False,65,284.02851207780645,6.074006843772033,277.9545052340344,290.1025189215785,3
LinUCB_Vanilla,alpha=0.1|lambda_reg=50|use_momentum=False,66,297.4908987074861,8.559262631787343,288.93163607569875,306.0501613392735,3
LinUCB_Vanilla,alpha=0.1|lambda_reg=50|use_momentum=False,67,303.2530448455869,11.875131651232408,291.3779131943545,315.12817649681926,3
LinUCB_Vanilla,alpha=0.1|lambda_reg=50|use_momentum=False,68,308.7060154136156,10.419917385686947,298.28609802792863,319.1259327993026,3
LinUCB_Vanilla,alpha=0.1|lambda_reg=50|use_momentum=False,69,312.5396906026262,7.53579996929523,305.00389063333097,320.0754905719214,3
LinUCB_Vanilla,alpha=0.1|lambda_reg=50|use_momentum=False,70,320.30752918859906,10.016119990519385,310.2914091980797,330.32364917911843,3
LinUCB_Vanilla,alpha=0.1|lambda_reg=50|use_momentum=False,71,324.6010133694071,12.474425820677803,312.1265875487293,337.0754391900849,3
LinUCB_Vanilla,alpha=0.1|lambda_reg=50|use_momentum=False,72,333.1168138364639,10.727526251914217,322.38928758454966,343.84434008837815,3
LinUCB_Vanilla,alpha=0.1|lambda_reg=50|use_momentum=False,73,340.60626366817115,4.879816042532358,335.7264476256388,345.4860797107035,3
LinUCB_Vanilla,alpha=0.1|lambda_reg=50|use_momentum=False,74,345.3261840999947,2.7166959417597716,342.6094881582349,348.0428800417545,3
LinUCB_Vanilla,alpha=0.1|lambda_reg=50|use_momentum=False,75,345.97066984882935,1.8363260737504692,344.1343437750789,347.8069959225798,3
LinUCB_Vanilla,alpha=0.1|lambda_reg=50|use_momentum=False,76,346.47926042510113,1.7797787107534089,344.6994817143477,348.25903913585455,3
LinUCB_Vanilla,alpha=0.1|lambda_reg=50|use_momentum=False,77,355.49168609583575,2.4561447186627827,353.035541377173,357.9478308144985,3
LinUCB_Vanilla,alpha=0.1|lambda_reg=50|use_momentum=False,78,365.3911019605889,4.62470360265196,360.76639835793696,370.01580556324086,3
LinUCB_Vanilla,alpha=0.1|lambda_reg=50|use_momentum=False,79,369.25258366446855,4.516388368740565,364.73619529572795,373.76897203320914,3
LinUCB_Vanilla,alpha=0.1|lambda_reg=50|use_momentum=False,80,369.5589781440961,4.552694748749883,365.0062833953462,374.111672892846,3
LinUCB_Vanilla,alpha=0.1|lambda_reg=50|use_momentum=False,81,369.95011947387655,4.60044619404872,365.3496732798278,374.5505656679253,3
LinUCB_Vanilla,alpha=0.1|lambda_reg=50|use_momentum=False,82,370.18354506797664,4.723213441761636,365.460331626215,374.90675850973827,3
LinUCB_Vanilla,alpha=0.1|lambda_reg=50|use_momentum=False,83,370.6328524589888,4.867004513544566,365.76584794544425,375.49985697253334,3
LinUCB_Vanilla,alpha=0.1|lambda_reg=50|use_momentum=False,84,370.94848446541044,4.938027588527835,366.0104568768826,375.8865120539383,3
LinUCB_Vanilla,alpha=0.1|lambda_reg=50|use_momentum=False,85,371.14550703363005,4.892131459393679,366.2533755742364,376.03763849302374,3
LinUCB_Vanilla,alpha=0.1|lambda_reg=50|use_momentum=False,86,371.3745630665257,4.840119704565909,366.5344433619598,376.2146827710916,3
LinUCB_Vanilla,alpha=0.1|lambda_reg=50|use_momentum=False,87,371.77967641738786,4.913499697900487,366.8661767194874,376.69317611528834,3
LinUCB_Vanilla,alpha=0.1|lambda_reg=50|use_momentum=False,88,372.02059581573803,4.947890940680747,367.0727048750573,376.96848675641877,3
LinUCB_Vanilla,alpha=0.1|lambda_reg=50|use_momentum=False,89,372.5001239870737,5.063751062354888,367.43637292471885,377.5638750494286,3
LinUCB_Vanilla,alpha=0.1|lambda_reg=50|use_momentum=False,90,372.81507043100055,5.238521472821628,367.57654895817893,378.05359190382217,3
LinUCB_Vanilla,alpha=0.1|lambda_reg=50|use_momentum=False,91,373.0132460720856,5.351014195069614,367.662231877016,378.36426026715526,3
LinUCB_Vanilla,alpha=0.1|lambda_reg=50|use_momentum=False,92,373.28295932132755,5.522762539020027,367.7601967823075,378.8057218603476,3
LinUCB_Vanilla,alpha=0.1|lambda_reg=50|use_momentum=False,93,373.5206577681849,5.663217399583932,367.857440368601,379.1838751677688,3
LinUCB_Vanilla,alpha=0.1|lambda_reg=50|use_momentum=False,94,373.7620820761676,5.653651313999819,368.10843076216776,379.4157333901674,3
LinUCB_Vanilla,alpha=0.1|lambda_reg=50|use_momentum=False,95,374.10844772591776,5.983411618513088,368.12503610740464,380.0918593444309,3
LinUCB_Vanilla,alpha=0.1|lambda_reg=50|use_momentum=False,96,374.63318895459383,6.026644462253828,368.60654449234,380.6598334168477,3
LinUCB_Vanilla,alpha=0.1|lambda_reg=50|use_momentum=False,97,374.88901773473054,6.200466467264652,368.68855126746587,381.0894842019952,3
LinUCB_Vanilla,alpha=0.1|lambda_reg=50|use_momentum=False,98,375.1181373361823,6.462091572451375,368.65604576373096,381.58022890863367,3
LinUCB_Vanilla,alpha=0.1|lambda_reg=50|use_momentum=False,99,375.37969386747636,6.688636372959939,368.69105749451643,382.0683302404363,3
LinUCB_Vanilla,alpha=0.1|lambda_reg=100|use_momentum=False,0,7.315441371102078,0.20614756830342879,7.109293802798649,7.521588939405507,3
LinUCB_Vanilla,alpha=0.1|lambda_reg=100|use_momentum=False,1,8.00850896364145,0.38095565617174665,7.627553307469704,8.389464619813197,3
LinUCB_Vanilla,alpha=0.1|lambda_reg=100|use_momentum=False,2,11.510232542923822,0.9578159942968257,10.552416548626995,12.468048537220648,3
LinUCB_Vanilla,alpha=0.1|lambda_reg=100|use_momentum=False,3,11.66370565968787,0.9490975161352088,10.714608143552661,12.61280317582308,3
LinUCB_Vanilla,alpha=0.1|lambda_reg=100|use_momentum=False,4,14.437307535251973,0.6275262985763317,13.809781236675642,15.064833833828304,3
LinUCB_Vanilla,alpha=0.1|lambda_reg=100|use_momentum=False,5,14.473378466504352,0.630954997416429,13.842423469087922,15.104333463920781,3
LinUCB_Vanilla,alpha=0.1|lambda_reg=100|use_momentum=False,6,14.569424881208077,0.7190567904872305,13.850368090720846,15.288481671695308,3
LinUCB_Vanilla,alpha=0.1|lambda_reg=100|use_momentum=False,7,14.97018214894237,0.6913627216945093,14.27881942724786,15.661544870636881,3
LinUCB_Vanilla,alpha=0.1|lambda_reg=100|use_momentum=False,8,15.2469901234681,0.6846618390794112,14.56232828438869,15.93165196254751,3
LinUCB_Vanilla,alpha=0.1|lambda_reg=100|use_momentum=False,9,15.336752240624413,0.6236395170216535,14.71311272360276,15.960391757646066,3
LinUCB_Vanilla,alpha=0.1|lambda_reg=100|use_momentum=False,10,15.42066990758834,0.6912329088254113,14.72943699876293,16.111902816413753,3
LinUCB_Vanilla,alpha=0.1|lambda_reg=100|use_momentum=False,11,15.69316753483244,0.4000496533540054,15.293117881478436,16.093217188186447,3
LinUCB_Vanilla,alpha=0.1|lambda_reg=100|use_momentum=False,12,15.868430738761427,0.3403552324104141,15.528075506351014,16.208785971171842,3
LinUCB_Vanilla,alpha=0.1|lambda_reg=100|use_momentum=False,13,16.54653998762009,0.44882381829308166,16.097716169327008,16.995363805913172,3
LinUCB_Vanilla,alpha=0.1|lambda_reg=100|use_momentum=False,14,16.761568944373668,0.3046259176404029,16.456943026733263,17.066194862014072,3
LinUCB_Vanilla,alpha=0.1|lambda_reg=100|use_momentum=False,15,16.886624571090746,0.23283065282392096,16.653793918266825,17.119455223914667,3
LinUCB_Vanilla,alpha=0.1|lambda_reg=100|use_momentum=False,16,17.12984424922954,0.14950705302569697,16.98033719620384,17.279351302255236,3
LinUCB_Vanilla,alpha=0.1|lambda_reg=100|use_momentum=False,17,17.22064078640216,0.16586610209069869,17.05477468431146,17.38650688849286,3
LinUCB_Vanilla,alpha=0.1|lambda_reg=100|use_momentum=False,18,17.487140632959335,0.37398627235352405,17.11315436060581,17.861126905312858,3
LinUCB_Vanilla,alpha=0.1|lambda_reg=100|use_momentum=False,19,17.535815811509952,0.35566778960305234,17.1801480219069,17.891483601113006,3
LinUCB_Vanilla,alpha=0.1|lambda_reg=100|use_momentum=False,20,28.817976558953536,1.3123956313565808,27.505580927596956,30.130372190310116,3
LinUCB_Vanilla,alpha=0.1|lambda_reg=100|use_momentum=False,21,37.85910332936468,2.0324902347200715,35.82661309464461,39.89159356408475,3
LinUCB_Vanilla,alpha=0.1|lambda_reg=100|use_momentum=False,22,45.30855252973529,1.9139071925559952,43.39464533717929,47.22245972229128,3
LinUCB_Vanilla,alpha=0.1|lambda_reg=100|use_momentum=False,23,54.872424578282875,0.56725932211573,54.30516525616714,55.439683900398606,3
LinUCB_Vanilla,alpha=0.1|lambda_reg=100|use_momentum=False,24,63.05295313969217,2.4685947286936742,60.5843584109985,65.52154786838585,3
LinUCB_Vanilla,alpha=0.1|lambda_reg=100|use_momentum=False,25,75.78127690428282,4.233530105449533,71.54774679883329,80.01480700973235,3
LinUCB_Vanilla,alpha=0.1|lambda_reg=100|use_momentum=False,26,90.37296546138369,2.167250814219985,88.2057146471637,92.54021627560367,3
LinUCB_Vanilla,alpha=0.1|lambda_reg=100|use_momentum=False,27,98.41575660496625,6.658794318560106,91.75696228640614,105.07455092352636,3
LinUCB_Vanilla,alpha=0.1|lambda_reg=100|use_momentum=False,28,105.78582402722326,7.102299086074964,98.68352494114829,112.88812311329822,3
LinUCB_Vanilla,alpha=0.1|lambda_reg=100|use_momentum=False,29,108.03336552702793,5.71154810233757,102.32181742469035,113.7449136293655,3
LinUCB_Vanilla,alpha=0.1|lambda_reg=100|use_momentum=False,30,109.8828514478253,6.243093206923949,103.63975824090136,116.12594465474925,3
LinUCB_Vanilla,alpha=0.1|lambda_reg=100|use_momentum=False,31,109.8828514478253,6.243093206923949,103.63975824090136,116.12594465474925,3
LinUCB_Vanilla,alpha=0.1|lambda_reg=100|use_momentum=False,32,116.2632677806793,1.4778167103130877,114.78545107036621,117.74108449099239,3
LinUCB_Vanilla,alpha=0.1|lambda_reg=100|use_momentum=False,33,121.32994769989097,6.359708317073822,114.97023938281714,127.68965601696479,3
LinUCB_Vanilla,alpha=0.1|lambda_reg=100|use_momentum=False,34,125.76013017461109,7.590644417352871,118.16948575725822,133.35077459196395,3
LinUCB_Vanilla,alpha=0.1|lambda_reg=100|use_momentum=False,35,128.20920212344313,4.211058294439685,123.99814382900345,132.42026041788282,3
LinUCB_Vanilla,alpha=0.1|lambda_reg=100|use_momentum=False,36,136.18395746381825,6.061179910975033,130.12277755284322,142.24513737479327,3
LinUCB_Vanilla,alpha=0.1|lambda_reg=100|use_momentum=False,37,144.92441923350643,5.335012306042186,139.58940692746424,150.25943153954861,3
LinUCB_Vanilla,alpha=0.1|lambda_reg=100|use_momentum=False,38,154.4812078342429,5.548554635115281,148.93265319912763,160.02976246935816,3
LinUCB_Vanilla,alpha=0.1|lambda_reg=100|use_momentum=False,39,170.39711379108755,5.673735922178332,164.7233778689092,176.0708497132659,3
LinUCB_Vanilla,alpha=0.1|lambda_reg=100|use_momentum=False,40,181.95677714543203,7.3884740469325925,174.56830309849943,189.34525119236463,3
LinUCB_Vanilla,alpha=0.1|lambda_reg=100|use_momentum=False,41,190.17945240937942,8.492949535777743,181.68650287360168,198.67240194515716,3
LinUCB_Vanilla,alpha=0.1|lambda_reg=100|use_momentum=False,42,198.52798889366326,5.007417892867904,193.52057100079537,203.53540678653115,3
LinUCB_Vanilla,alpha=0.1|lambda_reg=100|use_momentum=False,43,202.08727269885696,5.462599605114419,196.62467309374256,207.54987230397137,3
LinUCB_Vanilla,alpha=0.1|lambda_reg=100|use_momentum=False,44,205.93123585210515,9.440610116056229,196.4906257360489,215.37184596816138,3
LinUCB_Vanilla,alpha=0.1|lambda_reg=100|use_momentum=False,45,206.45699387452146,8.61187153666766,197.8451223378538,215.0688654111891,3
LinUCB_Vanilla,alpha=0.1|lambda_reg=100|use_momentum=False,46,206.45699387452146,8.61187153666766,197.8451223378538,215.0688654111891,3
LinUCB_Vanilla,alpha=0.1|lambda_reg=100|use_momentum=False,47,210.50302497302025,6.077445627554104,204.42557934546613,216.58047060057436,3
LinUCB_Vanilla,alpha=0.1|lambda_reg=100|use_momentum=False,48,216.53068277917816,2.0947280032887874,214.43595477588937,218.62541078246696,3
LinUCB_Vanilla,alpha=0.1|lambda_reg=100|use_momentum=False,49,222.59058577374518,4.974830151910485,217.6157556218347,227.56541592565566,3
LinUCB_Vanilla,alpha=0.1|lambda_reg=100|use_momentum=False,50,226.51220301116086,3.1528485347715396,223.3593544763893,229.6650515459324,3
LinUCB_Vanilla,alpha=0.1|lambda_reg=100|use_momentum=False,51,228.0922592032944,3.29132791854839,224.800931284746,231.38358712184277,3
LinUCB_Vanilla,alpha=0.1|lambda_reg=100|use_momentum=False,52,234.7486862046579,5.054434195255567,229.69425200940233,239.80312039991347,3
LinUCB_Vanilla,alpha=0.1|lambda_reg=100|use_momentum=False,53,238.3153157093428,8.22514374838207,230.09017196096073,246.54045945772486,3
LinUCB_Vanilla,alpha=0.1|lambda_reg=100|use_momentum=False,54,239.24430392484638,7.471583392893477,231.7727205319529,246.71588731773986,3
LinUCB_Vanilla,alpha=0.1|lambda_reg=100|use_momentum=False,55,245.09746554918578,7.939037486634678,237.1584280625511,253.03650303582046,3
LinUCB_Vanilla,alpha=0.1|lambda_reg=100|use_momentum=False,56,250.81773783188274,7.861902176915001,242.95583565496773,258.6796400087977,3
LinUCB_Vanilla,alpha=0.1|lambda_reg=100|use_momentum=False,57,258.88657044784617,8.619519507789875,250.2670509400563,267.50608995563607,3
LinUCB_Vanilla,alpha=0.1|lambda_reg=100|use_momentum=False,58,262.2051606583458,3.0639326522869585,259.14122800605884,265.26909331063274,3
LinUCB_Vanilla,alpha=0.1|lambda_reg=100|use_momentum=False,59,269.0245497537476,2.623814845673793,266.4007349080738,271.64836459942137,3
LinUCB_Vanilla,alpha=0.1|lambda_reg=100|use_momentum=False,60,274.3648778780259,7.2763401037700985,267.08853777425577,281.641217981796,3
LinUCB_Vanilla,alpha=0.1|lambda_reg=100|use_momentum=False,61,275.49235524499824,6.748805043288396,268.74355020170987,282.2411602882866,3
LinUCB_Vanilla,alpha=0.1|lambda_reg=100|use_momentum=False,62,278.67407348794546,10.566865276928278,268.10720821101717,289.24093876487376,3
LinUCB_Vanilla,alpha=0.1|lambda_reg=100|use_momentum=False,63,283.2601039032833,8.245621826235347,275.014482077048,291.50572572951864,3
LinUCB_Vanilla,alpha=0.1|lambda_reg=100|use_momentum=False,64,286.81338432873275,8.772373120839603,278.0410112078931,295.5857574495724,3
LinUCB_Vanilla,alpha=0.1|lambda_reg=100|use_momentum=False,65,296.31605983412015,8.300161855581988,288.0158979785382,304.6162216897021,3
LinUCB_Vanilla,alpha=0.1|lambda_reg=100|use_momentum=False,66,310.59796129420164,10.727121500502008,299.87083979369964,321.32508279470363,3
LinUCB_Vanilla,alpha=0.1|lambda_reg=100|use_momentum=False,67,319.6502555046052,8.300324206506133,311.349931298099,327.95057971111135,3
LinUCB_Vanilla,alpha=0.1|lambda_reg=100|use_momentum=False,68,326.60535709349256,7.551283251124731,319.0540738423678,334.1566403446173,3
LinUCB_Vanilla,alpha=0.1|lambda_reg=100|use_momentum=False,69,333.9412640114822,6.767078357825985,327.1741856536562,340.7083423693082,3
LinUCB_Vanilla,alpha=0.1|lambda_reg=100|use_momentum=False,70,340.58775470049386,11.848924762326913,328.73882993816693,352.4366794628208,3
LinUCB_Vanilla,alpha=0.1|lambda_reg=100|use_momentum=False,71,343.18155520755084,11.114325089038669,332.06723011851216,354.29588029658953,3
LinUCB_Vanilla,alpha=0.1|lambda_reg=100|use_momentum=False,72,351.0534156298883,4.5324790478719645,346.52093658201636,355.5858946777603,3
LinUCB_Vanilla,alpha=0.1|lambda_reg=100|use_momentum=False,73,355.34747400058814,9.001953661406596,346.3455203391815,364.34942766199475,3
LinUCB_Vanilla,alpha=0.1|lambda_reg=100|use_momentum=False,74,360.654727230132,6.457267774105645,354.1974594560263,367.11199500423766,3
LinUCB_Vanilla,alpha=0.1|lambda_reg=100|use_momentum=False,75,363.3401000824779,6.120766639796455,357.21933344268143,369.4608667222743,3
LinUCB_Vanilla,alpha=0.1|lambda_reg=100|use_momentum=False,76,364.1893133585893,5.690341485674236,358.49897187291504,369.87965484426354,3
LinUCB_Vanilla,alpha=0.1|lambda_reg=100|use_momentum=False,77,368.65453325079443,8.851886341329033,359.8026469094654,377.50641959212345,3
LinUCB_Vanilla,alpha=0.1|lambda_reg=100|use_momentum=False,78,376.67818249078164,15.619895011616178,361.0582874791655,392.2980775023978,3
LinUCB_Vanilla,alpha=0.1|lambda_reg=100|use_momentum=False,79,384.88263501739516,9.137346070499682,375.74528894689547,394.01998108789485,3
LinUCB_Vanilla,alpha=0.1|lambda_reg=100|use_momentum=False,80,385.22261803735086,9.331281759683169,375.8913362776677,394.55389979703403,3
LinUCB_Vanilla,alpha=0.1|lambda_reg=100|use_momentum=False,81,385.601869821099,9.453150040135036,376.148719780964,395.05501986123403,3
LinUCB_Vanilla,alpha=0.1|lambda_reg=100|use_momentum=False,82,385.93966833781195,9.72611729306641,376.21355104474554,395.66578563087836,3
LinUCB_Vanilla,alpha=0.1|lambda_reg=100|use_momentum=False,83,386.23702584912303,10.05469562692522,376.18233022219783,396.2917214760482,3
LinUCB_Vanilla,alpha=0.1|lambda_reg=100|use_momentum=False,84,386.7251339251773,10.4218479032571,376.3032860219202,397.14698182843443,3
LinUCB_Vanilla,alpha=0.1|lambda_reg=100|use_momentum=False,85,387.035941289073,10.577796512243047,376.45814477682995,397.613737801316,3
LinUCB_Vanilla,alpha=0.1|lambda_reg=100|use_momentum=False,86,387.30201731972056,10.665522963939399,376.63649435578117,397.96754028365996,3
LinUCB_Vanilla,alpha=0.1|lambda_reg=100|use_momentum=False,87,387.48229473661627,10.725298437348268,376.756996299268,398.20759317396454,3
LinUCB_Vanilla,alpha=0.1|lambda_reg=100|use_momentum=False,88,387.92287080606985,11.057033470111227,376.86583733595864,398.97990427618106,3
LinUCB_Vanilla,alpha=0.1|lambda_reg=100|use_momentum=False,89,388.21029198161773,11.216860093943222,376.9934318876745,399.42715207556097,3
LinUCB_Vanilla,alpha=0.1|lambda_reg=100|use_momentum=False,90,388.4820860889481,11.504183804870985,376.9779022840771,399.9862698938191,3
LinUCB_Vanilla,alpha=0.1|lambda_reg=100|use_momentum=False,91,388.8360054390446,11.899228888333559,376.93677655071104,400.7352343273781,3
LinUCB_Vanilla,alpha=0.1|lambda_reg=100|use_momentum=False,92,389.07683243230093,12.121429876445434,376.95540255585547,401.1982623087464,3
LinUCB_Vanilla,alpha=0.1|lambda_reg=100|use_momentum=False,93,389.3060407274741,12.192787882268085,377.11325284520603,401.4988286097422,3
LinUCB_Vanilla,alpha=0.1|lambda_reg=100|use_momentum=False,94,389.53576019657277,12.415231931741392,377.12052826483136,401.95099212831417,3
LinUCB_Vanilla,alpha=0.1|lambda_reg=100|use_momentum=False,95,389.7633263235692,12.54649848004303,377.2168278435261,402.30982480361223,3
LinUCB_Vanilla,alpha=0.1|lambda_reg=100|use_momentum=False,96,390.27029493378996,12.25472787342401,378.0155670603659,402.525022807214,3
LinUCB_Vanilla,alpha=0.1|lambda_reg=100|use_momentum=False,97,390.47632909271186,12.255998486859701,378.22033060585215,402.7323275795716,3
LinUCB_Vanilla,alpha=0.1|lambda_reg=100|use_momentum=False,98,390.73985897179136,12.416173735242575,378.3236852365488,403.15603270703394,3
LinUCB_Vanilla,alpha=0.1|lambda_reg=100|use_momentum=False,99,390.9331120215848,12.551865990320985,378.3812460312638,403.4849780119058,3
Thompson_Sampling,prior_lambda=0.1,0,1.3536735622001907,1.9823031623819027,-0.628629600181712,3.3359767245820935,3
Thompson_Sampling,prior_lambda=0.1,1,2.5362980702501017,3.963712525851862,-1.4274144556017605,6.500010596101964,3
Thompson_Sampling,prior_lambda=0.1,2,3.4397219620226456,3.8208776648778437,-0.3811557028551982,7.26059962690049,3
Thompson_Sampling,prior_lambda=0.1,3,4.8449091685721815,2.597383285338539,2.2475258832336427,7.442292453910721,3
Thompson_Sampling,prior_lambda=0.1,4,4.9193462477680265,2.622393454671757,2.2969527930962697,7.541739702439783,3
Thompson_Sampling,prior_lambda=0.1,5,5.923895057958767,1.956379551283825,3.9675155066749417,7.8802746092425915,3
Thompson_Sampling,prior_lambda=0.1,6,6.610750995619418,2.804670241340846,3.806080754278572,9.415421236960265,3
Thompson_Sampling,prior_lambda=0.1,7,6.71903897288123,2.826223637978365,3.892815334902865,9.545262610859595,3
Thompson_Sampling,prior_lambda=0.1,8,8.665135525586615,5.771773572109509,2.8933619534771067,14.436909097696123,3
Thompson_Sampling,prior_lambda=0.1,9,10.362494154863029,5.358973468355879,5.00352068650715,15.721467623218908,3
Thompson_Sampling,prior_lambda=0.1,10,10.786405654180506,4.9470203639758585,5.839385290204647,15.733426018156365,3
Thompson_Sampling,prior_lambda=0.1,11,12.494164181428573,3.250826222405611,9.243337959022963,15.744990403834183,3
Thompson_Sampling,prior_lambda=0.1,12,15.626130421674938,2.953652255681219,12.67247816599372,18.579782677356157,3
Thompson_Sampling,prior_lambda=0.1,13,15.90710262675679,3.0532193225221738,12.853883304234618,18.960321949278963,3
Thompson_Sampling,prior_lambda=0.1,14,16.188099690524233,2.6986886012681923,13.489411089256041,18.886788291792424,3
Thompson_Sampling,prior_lambda=0.1,15,16.45981310873583,2.750959782905491,13.708853325830338,19.21077289164132,3
Thompson_Sampling,prior_lambda=0.1,16,17.546518994518763,4.043465016112785,13.503053978405978,21.589984010631547,3
Thompson_Sampling,prior_lambda=0.1,17,17.668601323823953,4.02164321895368,13.646958104870272,21.690244542777634,3
Thompson_Sampling,prior_lambda=0.1,18,17.799533824120584,4.045041666785195,13.754492157335388,21.84457549090578,3
Thompson_Sampling,prior_lambda=0.1,19,17.872554664090917,4.086542552925958,13.786012111164958,21.959097217016875,3
Thompson_Sampling,prior_lambda=0.1,20,30.203100852385433,3.7860648814794984,26.417035970905935,33.98916573386493,3
Thompson_Sampling,prior_lambda=0.1,21,37.992996765222614,3.7561401375275616,34.236856627695055,41.74913690275017,3
Thompson_Sampling,prior_lambda=0.1,22,44.70239148243066,3.7844323794053474,40.91795910302532,48.48682386183601,3
Thompson_Sampling,prior_lambda=0.1,23,49.510485853820164,3.030176475912923,46.48030937790724,52.54066232973309,3
Thompson_Sampling,prior_lambda=0.1,24,57.938695904171674,6.7776899544528755,51.1610059497188,64.71638585862455,3
Thompson_Sampling,prior_lambda=0.1,25,68.91851403215499,5.868475062152351,63.05003897000264,74.78698909430734,3
Thompson_Sampling,prior_lambda=0.1,26,84.0189718965813,6.738798402899646,77.28017349368166,90.75777029948095,3
Thompson_Sampling,prior_lambda=0.1,27,95.03518034621477,7.830367072160031,87.20481327405474,102.8655474183748,3
Thompson_Sampling,prior_lambda=0.1,28,101.43606963735334,6.84212206826596,94.59394756908738,108.2781917056193,3
Thompson_Sampling,prior_lambda=0.1,29,108.09200814253033,4.773800846275774,103.31820729625456,112.86580898880611,3
Thompson_Sampling,prior_lambda=0.1,30,116.97090290397462,5.828297147036896,111.14260575693773,122.79920005101151,3
Thompson_Sampling,prior_lambda=0.1,31,126.44551673030497,4.008129213965627,122.43738751633934,130.4536459442706,3
Thompson_Sampling,prior_lambda=0.1,32,137.04963558192298,3.409187395086116,133.64044818683686,140.4588229770091,3
Thompson_Sampling,prior_lambda=0.1,33,150.02376104794646,7.202951317612764,142.8208097303337,157.22671236555922,3
Thompson_Sampling,prior_lambda=0.1,34,159.82252170915118,5.311490307576142,154.51103140157502,165.13401201672733,3
Thompson_Sampling,prior_lambda=0.1,35,164.59815937756971,4.346475337845596,160.25168403972413,168.9446347154153,3
Thompson_Sampling,prior_lambda=0.1,36,174.1604154398194,5.035334572509806,169.12508086730958,179.1957500123292,3
Thompson_Sampling,prior_lambda=0.1,37,179.58125766726593,0.9161392180557423,178.66511844921018,180.49739688532168,3
Thompson_Sampling,prior_lambda=0.1,38,186.11798663877084,2.559493284436374,183.55849335433447,188.67747992320722,3
Thompson_Sampling,prior_lambda=0.1,39,197.83522255903765,5.559033851956489,192.27618870708116,203.39425641099413,3
Thompson_Sampling,prior_lambda=0.1,40,199.7531049458747,5.232152202513191,194.5209527433615,204.9852571483879,3
Thompson_Sampling,prior_lambda=0.1,41,207.86259435394393,5.1199614071739,202.74263294677004,212.98255576111782,3
Thompson_Sampling,prior_lambda=0.1,42,215.07335376762964,9.521734278086319,205.55161948954333,224.59508804571595,3
Thompson_Sampling,prior_lambda=0.1,43,217.69818568036155,8.863663853920565,208.83452182644098,226.56184953428212,3
Thompson_Sampling,prior_lambda=0.1,44,222.53322826260091,12.708809766425633,209.82441849617527,235.24203802902656,3
Thompson_Sampling,prior_lambda=0.1,45,229.64405967836672,11.951547533750329,217.6925121446164,241.59560721211705,3
Thompson_Sampling,prior_lambda=0.1,46,240.52036426503741,11.801548886494624,228.71881537854279,252.32191315153204,3
Thompson_Sampling,prior_lambda=0.1,47,246.8579424068449,8.781781683022633,238.07616072382226,255.63972408986754,3
Thompson_Sampling,prior_lambda=0.1,48,249.88479957566926,12.86217061161808,237.0226289640512,262.74697018728733,3
Thompson_Sampling,prior_lambda=0.1,49,258.88554204462895,11.723412848041333,247.1621291965876,270.6089548926703,3
Thompson_Sampling,prior_lambda=0.1,50,267.81947866077564,14.040747882571166,253.77873077820448,281.8602265433468,3
Thompson_Sampling,prior_lambda=0.1,51,270.6427768724192,13.257860670565867,257.3849162018533,283.90063754298507,3
Thompson_Sampling,prior_lambda=0.1,52,282.0284075149029,11.960571793890018,270.06783572101284,293.9889793087929,3
Thompson_Sampling,prior_lambda=0.1,53,287.86596387439414,17.15821044112245,270.7077534332717,305.0241743155166,3
Thompson_Sampling,prior_lambda=0.1,54,292.96508899928386,21.248953217950344,271.7161357813335,314.21404221723424,3
Thompson_Sampling,prior_lambda=0.1,55,295.50794138960777,19.227054244611313,276.2808871449964,314.7349956342191,3
Thompson_Sampling,prior_lambda=0.1,56,299.03342758483063,22.378420508237806,276.6550070765928,321.41184809306844,3
Thompson_Sampling,prior_lambda=0.1,57,305.4112354890014,22.275060468308833,283.1361750206926,327.6862959573102,3
Thompson_Sampling,prior_lambda=0.1,58,308.9826077278379,25.187304210121855,283.79530351771604,334.16991193795974,3
Thompson_Sampling,prior_lambda=0.1,59,314.9603537984383,23.55151286708706,291.4088409313512,338.51186666552536,3
Thompson_Sampling,prior_lambda=0.1,60,319.8222441237585,23.98031747491979,295.8419266488387,343.80256159867827,3
Thompson_Sampling,prior_lambda=0.1,61,328.4318646145692,20.511523590698385,307.9203410238708,348.9433882052676,3
Thompson_Sampling,prior_lambda=0.1,62,333.1248720103317,23.955510402186576,309.16936160814515,357.0803824125183,3
Thompson_Sampling,prior_lambda=0.1,63,333.9774568480368,24.492882137063134,309.4845747109737,358.47033898509994,3
Thompson_Sampling,prior_lambda=0.1,64,339.5701526416802,21.317960042920138,318.25219259876,360.88811268460034,3
Thompson_Sampling,prior_lambda=0.1,65,346.70072558548026,19.043524359717235,327.657201225763,365.7442499451975,3
Thompson_Sampling,prior_lambda=0.1,66,355.54374999547537,17.326470317196737,338.2172796782786,372.87022031267213,3
Thompson_Sampling,prior_lambda=0.1,67,355.9427945433334,17.345758303545388,338.597036239788,373.28855284687876,3
Thompson_Sampling,prior_lambda=0.1,68,356.5232358359972,18.199513490455793,338.3237223455414,374.72274932645297,3
Thompson_Sampling,prior_lambda=0.1,69,359.38758544062665,21.64334421700956,337.7442412236171,381.0309296576362,3
Thompson_Sampling,prior_lambda=0.1,70,363.67858300580565,23.058070552116337,340.6205124536893,386.736653557922,3
Thompson_Sampling,prior_lambda=0.1,71,367.8296368357829,27.450838477334205,340.37879835844865,395.2804753131171,3
Thompson_Sampling,prior_lambda=0.1,72,369.02856651273555,29.19918009201319,339.82938642072236,398.22774660474875,3
Thompson_Sampling,prior_lambda=0.1,73,372.6569445099253,30.74754496131195,341.90939954861335,403.4044894712373,3
Thompson_Sampling,prior_lambda=0.1,74,378.56029878376785,29.09946655444055,349.4608322293273,407.6597653382084,3
Thompson_Sampling,prior_lambda=0.1,75,382.4612234709834,26.641170151306223,355.8200533196772,409.1023936222896,3
Thompson_Sampling,prior_lambda=0.1,76,385.37238747207476,27.2199612624655,358.15242620960925,412.5923487345403,3
Thompson_Sampling,prior_lambda=0.1,77,393.4937814263232,23.776959732126393,369.7168216941968,417.2707411584496,3
Thompson_Sampling,prior_lambda=0.1,78,406.4031117861695,23.896138175266557,382.50697361090295,430.2992499614361,3
Thompson_Sampling,prior_lambda=0.1,79,411.9336304675858,16.028581493453107,395.9050489741327,427.96221196103886,3
Thompson_Sampling,prior_lambda=0.1,80,414.02569178137895,12.852685751654102,401.17300602972483,426.8783775330331,3
Thompson_Sampling,prior_lambda=0.1,81,418.1011139790057,11.943402751825044,406.15771122718064,430.0445167308307,3
Thompson_Sampling,prior_lambda=0.1,82,418.23287047072427,11.861660475263927,406.37120999546033,430.0945309459882,3
Thompson_Sampling,prior_lambda=0.1,83,418.5677476750812,11.932943177323343,406.63480449775784,430.50069085240455,3
Thompson_Sampling,prior_lambda=0.1,84,423.6897408320863,14.15260104239678,409.5371397896895,437.84234187448305,3
Thompson_Sampling,prior_lambda=0.1,85,425.5099407801135,16.08411390976365,409.42582687034985,441.5940546898771,3
Thompson_Sampling,prior_lambda=0.1,86,428.3812323088844,13.924468288971635,414.4567640199128,442.30570059785606,3
Thompson_Sampling,prior_lambda=0.1,87,428.6319604502228,14.072203582825555,414.5597568673972,442.70416403304836,3
Thompson_Sampling,prior_lambda=0.1,88,430.4030987746409,12.634956671915317,417.7681421027256,443.0380554465562,3
Thompson_Sampling,prior_lambda=0.1,89,432.98561973049436,11.577151584813711,421.4084681456807,444.56277131530805,3
Thompson_Sampling,prior_lambda=0.1,90,435.8771824193804,13.111541628221438,422.76564079115894,448.98872404760186,3
Thompson_Sampling,prior_lambda=0.1,91,437.62514102982715,15.185341024738783,422.4398000050884,452.8104820545659,3
Thompson_Sampling,prior_lambda=0.1,92,439.349383846081,13.705022894170522,425.6443609519105,453.0544067402515,3
Thompson_Sampling,prior_lambda=0.1,93,440.56710161644565,14.813588937498393,425.7535126789473,455.380690553944,3
Thompson_Sampling,prior_lambda=0.1,94,440.8155703650138,14.964839576198466,425.8507307888153,455.78040994121227,3
Thompson_Sampling,prior_lambda=0.1,95,442.097878794995,16.657765544220663,425.44011325077435,458.7556443392156,3
Thompson_Sampling,prior_lambda=0.1,96,444.00444555722396,16.241943025647313,427.7625025315767,460.24638858287125,3
Thompson_Sampling,prior_lambda=0.1,97,444.7686635278881,16.00731308134739,428.76135044654075,460.7759766092355,3
Thompson_Sampling,prior_lambda=0.1,98,445.2742756236178,16.34464278988815,428.92963283372967,461.618918413506,3
Thompson_Sampling,prior_lambda=0.1,99,445.85037438681684,16.386304887768066,429.4640694990488,462.2366792745849,3
Thompson_Sampling,prior_lambda=0.15,0,4.0329920220282665,3.6388948442343816,0.39409717779388487,7.671886866262648,3
Thompson_Sampling,prior_lambda=0.15,1,4.14974068174075,3.6951784574659494,0.4545622242748002,7.844919139206699,3
Thompson_Sampling,prior_lambda=0.15,2,4.343617881726353,3.4537020425156673,0.8899158392106861,7.797319924242021,3
Thompson_Sampling,prior_lambda=0.15,3,4.574512106033287,3.693380451576076,0.8811316544572114,8.267892557609363,3
Thompson_Sampling,prior_lambda=0.15,4,9.136157803370528,2.432864277853214,6.703293525517314,11.569022081223743,3
Thompson_Sampling,prior_lambda=0.15,5,10.175480809854099,2.3439240962912646,7.831556713562835,12.519404906145363,3
Thompson_Sampling,prior_lambda=0.15,6,12.929153647419149,2.9045132421528037,10.024640405266345,15.833666889571953,3
Thompson_Sampling,prior_lambda=0.15,7,14.254244070317865,3.312406529370285,10.94183754094758,17.56665059968815,3
Thompson_Sampling,prior_lambda=0.15,8,15.415761552361433,2.150883717248383,13.264877835113051,17.566645269609815,3
Thompson_Sampling,prior_lambda=0.15,9,15.60662408009648,2.121694923976963,13.484929156119517,17.728319004073445,3
Thompson_Sampling,prior_lambda=0.15,10,15.7074640868313,2.162872474730185,13.544591612101115,17.870336561561484,3
Thompson_Sampling,prior_lambda=0.15,11,15.881878424305176,2.139584134562005,13.742294289743171,18.02146255886718,3
Thompson_Sampling,prior_lambda=0.15,12,16.079245936905696,2.222609935455485,13.856636001450212,18.30185587236118,3
Thompson_Sampling,prior_lambda=0.15,13,16.483872249142646,2.4414229277300046,14.042449321412642,18.925295176872652,3
Thompson_Sampling,prior_lambda=0.15,14,16.55344470855319,2.4954717703982667,14.057972938154924,19.04891647895146,3
Thompson_Sampling,prior_lambda=0.15,15,17.10747382793916,2.7164740973336237,14.390999730605536,19.823947925272783,3
Thompson_Sampling,prior_lambda=0.15,16,17.37179301263495,2.7975421965326848,14.574250816102264,20.169335209167635,3
Thompson_Sampling,prior_lambda=0.15,17,17.558621652620314,2.9197604978927467,14.638861154727568,20.47838215051306,3
Thompson_Sampling,prior_lambda=0.15,18,19.78541437468594,5.027103413766602,14.758310960919337,24.81251778845254,3
Thompson_Sampling,prior_lambda=0.15,19,19.893938874019714,5.099715717934775,14.79422315608494,24.99365459195449,3
Thompson_Sampling,prior_lambda=0.15,20,32.2082331748218,5.013356181576927,27.194876993244872,37.221589356398724,3
Thompson_Sampling,prior_lambda=0.15,21,41.069067299803095,4.482201135691723,36.58686616411137,45.55126843549482,3
Thompson_Sampling,prior_lambda=0.15,22,48.489376573186426,4.800200772100927,43.6891758010855,53.289577345287356,3
Thompson_Sampling,prior_lambda=0.15,23,55.042309238612205,8.259018385382772,46.78329085322943,63.30132762399498,3
Thompson_Sampling,prior_lambda=0.15,24,63.52291369416812,9.468445766172653,54.05446792799546,72.99135946034077,3
Thompson_Sampling,prior_lambda=0.15,25,75.81397025403686,7.159406556468338,68.65456369756852,82.9733768105052,3
Thompson_Sampling,prior_lambda=0.15,26,90.96962429049857,8.43768702368281,82.53193726681576,99.40731131418138,3
Thompson_Sampling,prior_lambda=0.15,27,100.5247224058733,9.635500138878635,90.88922226699466,110.16022254475195,3
Thompson_Sampling,prior_lambda=0.15,28,107.39144185074991,9.560287103763445,97.83115474698647,116.95172895451336,3
Thompson_Sampling,prior_lambda=0.15,29,110.88417046755997,11.214528527013599,99.66964194054637,122.09869899457357,3
Thompson_Sampling,prior_lambda=0.15,30,120.12761192729835,12.082901072640668,108.04471085465768,132.21051299993903,3
Thompson_Sampling,prior_lambda=0.15,31,129.1006305522394,12.075275109614527,117.02535544262489,141.17590566185393,3
Thompson_Sampling,prior_lambda=0.15,32,143.19843843339808,10.114052684256187,133.0843857491419,153.31249111765428,3
Thompson_Sampling,prior_lambda=0.15,33,153.32997091388106,4.971662227731039,148.35830868615002,158.3016331416121,3
Thompson_Sampling,prior_lambda=0.15,34,157.86747037813748,8.641852450637597,149.22561792749988,166.50932282877508,3
Thompson_Sampling,prior_lambda=0.15,35,162.73494868381636,7.476694785703275,155.25825389811308,170.21164346951963,3
Thompson_Sampling,prior_lambda=0.15,36,171.85866741193578,9.027841987139599,162.8308254247962,180.88650939907538,3
Thompson_Sampling,prior_lambda=0.15,37,179.07913880598764,13.066035308580506,166.01310349740714,192.14517411456814,3
Thompson_Sampling,prior_lambda=0.15,38,185.61586777749258,16.272446928673656,169.34342084881894,201.88831470616623,3
Thompson_Sampling,prior_lambda=0.15,39,201.36842287951552,16.52807858706069,184.84034429245483,217.8965014665762,3
Thompson_Sampling,prior_lambda=0.15,40,213.03374259251606,15.10385344007482,197.92988915244123,228.1375960325909,3
Thompson_Sampling,prior_lambda=0.15,41,218.75936062878625,12.277291403798314,206.48206922498795,231.03665203258456,3
Thompson_Sampling,prior_lambda=0.15,42,227.49736228703853,15.792369463710255,211.70499282332827,243.28973175074879,3
Thompson_Sampling,prior_lambda=0.15,43,233.3107961052896,13.92530330658552,219.3854927987041,247.2360994118751,3
Thompson_Sampling,prior_lambda=0.15,44,239.1029879953728,8.624155365068216,230.4788326303046,247.72714336044103,3
Thompson_Sampling,prior_lambda=0.15,45,244.92230754170828,7.739481689603593,237.18282585210468,252.66178923131187,3
Thompson_Sampling,prior_lambda=0.15,46,253.09018795635106,6.959489320906414,246.13069863544465,260.0496772772575,3
Thompson_Sampling,prior_lambda=0.15,47,254.73512329132743,6.759678327467486,247.97544496385993,261.4948016187949,3
Thompson_Sampling,prior_lambda=0.15,48,263.7376534875138,4.902233597206227,258.83541989030755,268.63988708472004,3
Thompson_Sampling,prior_lambda=0.15,49,272.47590146781437,6.004151532754942,266.47174993505945,278.4800530005693,3
Thompson_Sampling,prior_lambda=0.15,50,282.54482594363526,6.364500601170592,276.18032534246464,288.9093265448059,3
Thompson_Sampling,prior_lambda=0.15,51,285.3405566473807,6.1374110600767935,279.20314558730394,291.4779677074575,3
Thompson_Sampling,prior_lambda=0.15,52,293.3095872368638,3.0864589971262735,290.22312823973755,296.3960462339901,3
Thompson_Sampling,prior_lambda=0.15,53,298.99458253801606,0.9213406629980608,298.073241875018,299.9159232010141,3
Thompson_Sampling,prior_lambda=0.15,54,303.8277971944121,1.8628373564796326,301.96495983793244,305.69063455089173,3
Thompson_Sampling,prior_lambda=0.15,55,308.2419873173767,3.533040191417045,304.70894712595964,311.77502750879376,3
Thompson_Sampling,prior_lambda=0.15,56,308.5127055925734,3.8649967021075833,304.6477088904658,312.377702294681,3
Thompson_Sampling,prior_lambda=0.15,57,314.1175595850304,8.73872780288702,305.3788317821434,322.8562873879174,3
Thompson_Sampling,prior_lambda=0.15,58,319.86129024344376,15.917953460367904,303.94333678307584,335.7792437038117,3
Thompson_Sampling,prior_lambda=0.15,59,325.5225441498617,16.833512087370366,308.6890320624913,342.35605623723205,3
Thompson_Sampling,prior_lambda=0.15,60,329.90136049644315,16.53924818361041,313.3621123128327,346.4406086800536,3
Thompson_Sampling,prior_lambda=0.15,61,336.403747378638,14.587403105597712,321.8163442730403,350.99115048423573,3
Thompson_Sampling,prior_lambda=0.15,62,339.28550935870095,18.981894648666355,320.3036147100346,358.2674040073673,3
Thompson_Sampling,prior_lambda=0.15,63,342.74978109828527,19.74665716105613,323.00312393722913,362.4964382593414,3
Thompson_Sampling,prior_lambda=0.15,64,352.059431756906,18.164303806941486,333.89512794996455,370.22373556384747,3
Thompson_Sampling,prior_lambda=0.15,65,356.1842147781088,18.218278003501258,337.96593677460754,374.4024927816101,3
Thompson_Sampling,prior_lambda=0.15,66,367.00510292781775,21.55710773484719,345.44799519297055,388.56221066266494,3
Thompson_Sampling,prior_lambda=0.15,67,371.120755616294,22.51295870065076,348.60779691564323,393.63371431694475,3
Thompson_Sampling,prior_lambda=0.15,68,372.42267798535914,21.826664534782125,350.596013450577,394.2493425201413,3
Thompson_Sampling,prior_lambda=0.15,69,372.83395624298646,21.943560582055486,350.89039566093095,394.77751682504197,3
Thompson_Sampling,prior_lambda=0.15,70,378.8563435701506,26.54145006099409,352.31489350915655,405.3977936311447,3
Thompson_Sampling,prior_lambda=0.15,71,382.5607438297791,26.055791877303655,356.50495195247544,408.61653570708273,3
Thompson_Sampling,prior_lambda=0.15,72,388.8276673892148,29.817046298342444,359.01062109087235,418.64471368755727,3
Thompson_Sampling,prior_lambda=0.15,73,396.68893841529825,35.81054052613169,360.87839788916654,432.49947894142997,3
Thompson_Sampling,prior_lambda=0.15,74,396.68893841529825,35.81054052613169,360.87839788916654,432.49947894142997,3
Thompson_Sampling,prior_lambda=0.15,75,399.52566150222555,31.502760671260546,368.022900830965,431.0284221734861,3
Thompson_Sampling,prior_lambda=0.15,76,402.06945040091273,28.326284430958825,373.7431659699539,430.39573483187155,3
Thompson_Sampling,prior_lambda=0.15,77,402.63741717368447,29.03571412503598,373.60170304864846,431.6731312987205,3
Thompson_Sampling,prior_lambda=0.15,78,411.9829136182657,36.6281921719999,375.3547214462658,448.6111057902656,3
Thompson_Sampling,prior_lambda=0.15,79,426.56173004988926,35.47719769266514,391.08453235722413,462.0389277425544,3
Thompson_Sampling,prior_lambda=0.15,80,428.362761384649,34.24591438842704,394.11684699622197,462.608675773076,3
Thompson_Sampling,prior_lambda=0.15,81,431.0320230185146,30.878519379522903,400.1535036389917,461.91054239803753,3
Thompson_Sampling,prior_lambda=0.15,82,433.05253294912814,33.126504869235276,399.92602807989283,466.17903781836344,3
Thompson_Sampling,prior_lambda=0.15,83,434.83838528801493,34.170611934318444,400.6677733536965,469.0089972223334,3
Thompson_Sampling,prior_lambda=0.15,84,436.70221254767165,33.92671994528005,402.7754926023916,470.6289324929517,3
Thompson_Sampling,prior_lambda=0.15,85,437.1740754128291,34.026321715258305,403.1477536975708,471.2003971280874,3
Thompson_Sampling,prior_lambda=0.15,86,439.0117887230801,34.333835346475446,404.67795337660465,473.3456240695555,3
Thompson_Sampling,prior_lambda=0.15,87,442.0964730574652,36.761593507987804,405.33487954947736,478.858066565453,3
Thompson_Sampling,prior_lambda=0.15,88,442.8400654969692,37.47390055923668,405.3661649377325,480.3139660562059,3
Thompson_Sampling,prior_lambda=0.15,89,444.27356552572263,38.005652024376516,406.26791350134613,482.27921755009913,3
Thompson_Sampling,prior_lambda=0.15,90,444.77034728623363,37.991640620449246,406.7787066657844,482.76198790668286,3
Thompson_Sampling,prior_lambda=0.15,91,444.89463958671405,37.99710088345391,406.8975387032601,482.891740470168,3
Thompson_Sampling,prior_lambda=0.15,92,450.2093777972407,37.090024363263154,413.1193534339775,487.29940216050386,3
Thompson_Sampling,prior_lambda=0.15,93,451.82617496416987,38.47061567126396,413.3555592929059,490.2967906354338,3
Thompson_Sampling,prior_lambda=0.15,94,452.2681504510015,38.506739441983456,413.76141100901805,490.7748898929849,3
Thompson_Sampling,prior_lambda=0.15,95,453.4749175542099,39.48377766411612,413.9911398900938,492.95869521832606,3
Thompson_Sampling,prior_lambda=0.15,96,453.79131683048354,39.61496252310752,414.176354307376,493.40627935359106,3
Thompson_Sampling,prior_lambda=0.15,97,455.151106473193,41.26748409390389,413.88362237928914,496.4185905670969,3
Thompson_Sampling,prior_lambda=0.15,98,457.06534163959094,43.39200549500888,413.67333614458204,500.45734713459984,3
Thompson_Sampling,prior_lambda=0.15,99,458.2334207437748,44.14817030275085,414.08525044102396,502.3815910465256,3
Epsilon_Greedy,epsilon=0.15,0,5.058859360970913,3.7054326861916227,1.35342667477929,8.764292047162535,3
Epsilon_Greedy,epsilon=0.15,1,7.0667878564253,5.700978384418762,1.3658094720065383,12.767766240844061,3
Epsilon_Greedy,epsilon=0.15,2,8.994583459560042,8.339969020652699,0.6546144389073429,17.334552480212743,3
Epsilon_Greedy,epsilon=0.15,3,11.615458950049158,11.950371588338797,-0.334912638289639,23.565830538387956,3
Epsilon_Greedy,epsilon=0.15,4,14.110876695286665,15.710132149850784,-1.599255454564119,29.82100884513745,3
Epsilon_Greedy,epsilon=0.15,5,16.565318770514864,19.4595548880219,-2.8942361175070346,36.02487365853676,3
Epsilon_Greedy,epsilon=0.15,6,19.449458354653775,23.789276453264787,-4.339818098611012,43.23873480791856,3
Epsilon_Greedy,epsilon=0.15,7,22.965682292773142,27.376924150652524,-4.411241857879382,50.342606443425666,3
Epsilon_Greedy,epsilon=0.15,8,25.280239987115475,30.505981689759903,-5.225741702644427,55.78622167687538,3
Epsilon_Greedy,epsilon=0.15,9,27.088094988630413,33.039574158079766,-5.951479169449353,60.127669146710176,3
Epsilon_Greedy,epsilon=0.15,10,29.62932404207287,37.198298326199435,-7.568974284126565,66.8276223682723,3
Epsilon_Greedy,epsilon=0.15,11,31.879816999704662,40.32346377376081,-8.443646774056145,72.20328077346547,3
Epsilon_Greedy,epsilon=0.15,12,35.03795680028702,45.13885627279135,-10.10089947250433,80.17681307307836,3
Epsilon_Greedy,epsilon=0.15,13,37.21642313113927,48.247699677809024,-11.031276546669751,85.4641228089483,3
Epsilon_Greedy,epsilon=0.15,14,38.68035401678433,50.181673775286804,-11.501319758502476,88.86202779207113,3
Epsilon_Greedy,epsilon=0.15,15,40.92945263173147,53.625298861904156,-12.695846230172684,94.55475149363562,3
Epsilon_Greedy,epsilon=0.15,16,42.711765366446436,56.07882909137159,-13.367063724925153,98.79059445781803,3
Epsilon_Greedy,epsilon=0.15,17,44.9797740146685,59.028427568682226,-14.048653554013725,104.00820158335073,3
Epsilon_Greedy,epsilon=0.15,18,47.17360958335153,62.30159344524666,-15.127983861895132,109.47520302859819,3
Epsilon_Greedy,epsilon=0.15,19,49.366403870042255,66.05125187638205,-16.6848480063398,115.41765574642432,3
Epsilon_Greedy,epsilon=0.15,20,57.225611050485135,59.258038064325234,-2.032427013840099,116.48364911481036,3
Epsilon_Greedy,epsilon=0.15,21,64.0658614059751,53.313594471626715,10.752266934348384,117.37945587760181,3
Epsilon_Greedy,epsilon=0.15,22,68.87351054036723,49.15102918231223,19.722481358055006,118.02453972267946,3
Epsilon_Greedy,epsilon=0.15,23,75.41689869781838,43.488695427046565,31.928203270771817,118.90559412486495,3
Epsilon_Greedy,epsilon=0.15,24,83.0005457919342,45.87174312931223,37.12880266262197,128.87228892124642,3
Epsilon_Greedy,epsilon=0.15,25,93.69261242796993,36.664868523075754,57.02774390489418,130.3574809510457,3
Epsilon_Greedy,epsilon=0.15,26,99.48223249033059,32.67227551313088,66.8099569771997,132.15450800346147,3
Epsilon_Greedy,epsilon=0.15,27,105.64598132327292,27.288311020794076,78.35767030247885,132.934292344067,3
Epsilon_Greedy,epsilon=0.15,28,110.42729089077498,23.456944823436846,86.97034606733814,133.88423571421183,3
Epsilon_Greedy,epsilon=0.15,29,114.80487954824063,21.15495061500769,93.64992893323294,135.9598301632483,3
Epsilon_Greedy,epsilon=0.15,30,122.31283690704596,16.48833654171853,105.82450036532742,138.8011734487645,3
Epsilon_Greedy,epsilon=0.15,31,128.9929813572745,11.54904697860101,117.44393437867348,140.5420283358755,3
Epsilon_Greedy,epsilon=0.15,32,133.94097249693326,2.983453269529668,130.9575192274036,136.92442576646292,3
Epsilon_Greedy,epsilon=0.15,33,144.08432474866217,7.701177947729037,136.38314680093313,151.7855026963912,3
Epsilon_Greedy,epsilon=0.15,34,146.97724511822165,12.058466579337066,134.91877853888457,159.03571169755872,3
Epsilon_Greedy,epsilon=0.15,35,151.6077891324284,15.436123265050144,136.17166586737824,167.04391239747855,3
Epsilon_Greedy,epsilon=0.15,36,157.84826164293105,19.753709599604594,138.09455204332644,177.60197124253565,3
Epsilon_Greedy,epsilon=0.15,37,163.75919063900218,18.494521089731883,145.2646695492703,182.25371172873406,3
Epsilon_Greedy,epsilon=0.15,38,170.13019878790178,26.57441198181875,143.55578680608303,196.70461076972052,3
Epsilon_Greedy,epsilon=0.15,39,180.47713693044284,34.10942798021252,146.3677089502303,214.58656491065537,3
Epsilon_Greedy,epsilon=0.15,40,184.9348199910493,40.62392312143564,144.31089686961366,225.55874311248493,3
Epsilon_Greedy,epsilon=0.15,41,187.51116390954664,36.85258748132792,150.6585764282187,224.36375139087457,3
Epsilon_Greedy,epsilon=0.15,42,187.51116390954664,36.85258748132792,150.6585764282187,224.36375139087457,3
Epsilon_Greedy,epsilon=0.15,43,187.51116390954664,36.85258748132792,150.6585764282187,224.36375139087457,3
Epsilon_Greedy,epsilon=0.15,44,189.81485424008545,33.6239780591052,156.19087618098024,223.43883229919066,3
Epsilon_Greedy,epsilon=0.15,45,189.81485424008545,33.6239780591052,156.19087618098024,223.43883229919066,3
Epsilon_Greedy,epsilon=0.15,46,193.45590973384492,39.53974769168982,153.9161620421551,232.99565742553474,3
Epsilon_Greedy,epsilon=0.15,47,193.45590973384492,39.53974769168982,153.9161620421551,232.99565742553474,3
Epsilon_Greedy,epsilon=0.15,48,193.45590973384492,39.53974769168982,153.9161620421551,232.99565742553474,3
Epsilon_Greedy,epsilon=0.15,49,196.9501719100136,45.316219869130805,151.6339520408828,242.2663917791444,3
Epsilon_Greedy,epsilon=0.15,50,197.65539935352513,46.49056323398242,151.1648361195427,244.14596258750754,3
Epsilon_Greedy,epsilon=0.15,51,197.65539935352513,46.49056323398242,151.1648361195427,244.14596258750754,3
Epsilon_Greedy,epsilon=0.15,52,197.65539935352513,46.49056323398242,151.1648361195427,244.14596258750754,3
Epsilon_Greedy,epsilon=0.15,53,197.65539935352513,46.49056323398242,151.1648361195427,244.14596258750754,3
Epsilon_Greedy,epsilon=0.15,54,199.83168260073566,43.868836531013784,155.96284606972188,243.70051913174945,3
Epsilon_Greedy,epsilon=0.15,55,199.83168260073566,43.868836531013784,155.96284606972188,243.70051913174945,3
Epsilon_Greedy,epsilon=0.15,56,199.83168260073566,43.868836531013784,155.96284606972188,243.70051913174945,3
Epsilon_Greedy,epsilon=0.15,57,199.83168260073566,43.868836531013784,155.96284606972188,243.70051913174945,3
Epsilon_Greedy,epsilon=0.15,58,200.48797427209124,43.111618802559846,157.3763554695314,243.59959307465107,3
Epsilon_Greedy,epsilon=0.15,59,200.80839500657217,42.74803206349501,158.06036294307717,243.55642707006717,3
Epsilon_Greedy,epsilon=0.15,60,201.62144281971086,41.8443142725833,159.77712854712757,243.46575709229415,3
Epsilon_Greedy,epsilon=0.15,61,201.62144281971086,41.8443142725833,159.77712854712757,243.46575709229415,3
Epsilon_Greedy,epsilon=0.15,62,203.58374534936863,40.760591459573156,162.82315388979546,244.3443368089418,3
Epsilon_Greedy,epsilon=0.15,63,203.58374534936863,40.760591459573156,162.82315388979546,244.3443368089418,3
Epsilon_Greedy,epsilon=0.15,64,203.925801286636,41.33653750852172,162.58926377811426,245.26233879515772,3
Epsilon_Greedy,epsilon=0.15,65,203.925801286636,41.33653750852172,162.58926377811426,245.26233879515772,3
Epsilon_Greedy,epsilon=0.15,66,209.2133417635587,41.9071122126753,167.30622955088342,251.120453976234,3
Epsilon_Greedy,epsilon=0.15,67,212.4172253568936,47.098912987955316,165.31831236893828,259.5161383448489,3
Epsilon_Greedy,epsilon=0.15,68,214.23968269099396,50.08637124643723,164.15331144455672,264.3260539374312,3
Epsilon_Greedy,epsilon=0.15,69,214.23968269099396,50.08637124643723,164.15331144455672,264.3260539374312,3
Epsilon_Greedy,epsilon=0.15,70,214.8382812173287,49.31770500661752,165.52057621071117,264.15598622394623,3
Epsilon_Greedy,epsilon=0.15,71,214.8382812173287,49.31770500661752,165.52057621071117,264.15598622394623,3
Epsilon_Greedy,epsilon=0.15,72,214.8382812173287,49.31770500661752,165.52057621071117,264.15598622394623,3
Epsilon_Greedy,epsilon=0.15,73,214.8382812173287,49.31770500661752,165.52057621071117,264.15598622394623,3
Epsilon_Greedy,epsilon=0.15,74,214.8382812173287,49.31770500661752,165.52057621071117,264.15598622394623,3
Epsilon_Greedy,epsilon=0.15,75,215.6865641666994,48.245605073984684,167.44095909271473,263.9321692406841,3
Epsilon_Greedy,epsilon=0.15,76,218.28287492135735,45.10354471331947,173.17933020803787,263.3864196346768,3
Epsilon_Greedy,epsilon=0.15,77,218.28287492135735,45.10354471331947,173.17933020803787,263.3864196346768,3
Epsilon_Greedy,epsilon=0.15,78,218.28287492135735,45.10354471331947,173.17933020803787,263.3864196346768,3
Epsilon_Greedy,epsilon=0.15,79,218.28287492135735,45.10354471331947,173.17933020803787,263.3864196346768,3
Epsilon_Greedy,epsilon=0.15,80,224.34146824972706,45.41317103156978,178.92829721815727,269.7546392812968,3
Epsilon_Greedy,epsilon=0.15,81,230.54861257570414,44.91857554306836,185.63003703263578,275.46718811877247,3
Epsilon_Greedy,epsilon=0.15,82,233.96847599410157,46.67720208428561,187.29127390981597,280.64567807838716,3
Epsilon_Greedy,epsilon=0.15,83,239.3524639321337,46.322371013504096,193.0300929186296,285.6748349456378,3
Epsilon_Greedy,epsilon=0.15,84,246.60906714110737,45.483201034765095,201.12586610634227,292.09226817587245,3
Epsilon_Greedy,epsilon=0.15,85,253.00100703868884,45.697673127901204,207.30333391078764,298.69868016659007,3
Epsilon_Greedy,epsilon=0.15,86,259.9474882250997,46.094013997716615,213.85347422738306,306.0415022228163,3
Epsilon_Greedy,epsilon=0.15,87,264.94426921998837,46.42862672654014,218.51564249344824,311.3728959465285,3
Epsilon_Greedy,epsilon=0.15,88,267.8629663309221,43.98338313978116,223.87958319114097,311.8463494707033,3
Epsilon_Greedy,epsilon=0.15,89,272.1939057091021,40.610102049345784,231.58380365975634,312.80400775844794,3
Epsilon_Greedy,epsilon=0.15,90,274.3068365986112,40.19237585675951,234.1144607418517,314.4992124553707,3
Epsilon_Greedy,epsilon=0.15,91,276.91729624496844,40.071640387190726,236.84565585777773,316.98893663215915,3
Epsilon_Greedy,epsilon=0.15,92,279.47390643197815,40.376235946578696,239.09767048539945,319.8501423785568,3
Epsilon_Greedy,epsilon=0.15,93,280.6752905950032,40.733392099496086,239.94189849550713,321.4086826944993,3
Epsilon_Greedy,epsilon=0.15,94,280.8274014210896,40.921979297937575,239.905422123152,321.74938071902716,3
Epsilon_Greedy,epsilon=0.15,95,280.98827968538444,40.87065451494182,240.11762517044264,321.85893420032625,3
Epsilon_Greedy,epsilon=0.15,96,281.85327651972403,41.77167657638326,240.0815999433408,323.6249530961073,3
Epsilon_Greedy,epsilon=0.15,97,283.022422998046,41.57196008704048,241.45046291100553,324.5943830850865,3
Epsilon_Greedy,epsilon=0.15,98,284.3805629698648,41.99657446655205,242.38398850331276,326.37713743641683,3
Epsilon_Greedy,epsilon=0.15,99,285.70621032104026,42.445388062290355,243.2608222587499,328.1515983833306,3
Epsilon_Greedy,epsilon=0.2,0,7.315441371102078,0.20614756830342879,7.109293802798649,7.521588939405507,3
Epsilon_Greedy,epsilon=0.2,1,13.46324361248403,0.853743676738814,12.609499935745216,14.316987289222844,3
Epsilon_Greedy,epsilon=0.2,2,17.45510753874532,4.257473761346973,13.197633777398348,21.712581300092292,3
Epsilon_Greedy,epsilon=0.2,3,21.405388644643875,7.692472442695427,13.712916201948447,29.097861087339304,3
Epsilon_Greedy,epsilon=0.2,4,25.503058768538335,11.018411265025948,14.484647503512386,36.521470033564285,3
Epsilon_Greedy,epsilon=0.2,5,27.753650732648726,12.784426249570183,14.969224483078543,40.53807698221891,3
Epsilon_Greedy,epsilon=0.2,6,29.475752892526305,14.34855880198741,15.127194090538895,43.82431169451372,3
Epsilon_Greedy,epsilon=0.2,7,31.57441198261985,16.97344266265024,14.600969319969611,48.54785464527009,3
Epsilon_Greedy,epsilon=0.2,8,34.63280927628531,20.001587082384134,14.631222193901174,54.63439635866944,3
Epsilon_Greedy,epsilon=0.2,9,36.2917918022898,22.278795404731262,14.012996397558538,58.57058720702106,3
Epsilon_Greedy,epsilon=0.2,10,38.56158338847658,25.621266276153555,12.940317112323022,64.18284966463014,3
Epsilon_Greedy,epsilon=0.2,11,40.90994605404408,29.148085957119694,11.761860096924384,70.05803201116377,3
Epsilon_Greedy,epsilon=0.2,12,45.535205617376846,28.12414023207915,17.411065385297697,73.659345849456,3
Epsilon_Greedy,epsilon=0.2,13,47.61533261102968,31.36887404462848,16.2464585664012,78.98420665565816,3
Epsilon_Greedy,epsilon=0.2,14,49.42445236362136,34.31782179697814,15.106630566643226,83.7422741605995,3
Epsilon_Greedy,epsilon=0.2,15,51.54104023629731,37.85532183962031,13.685718396677004,89.39636207591762,3
Epsilon_Greedy,epsilon=0.2,16,53.55644311064945,41.291291861894,12.265151248755444,94.84773497254345,3
Epsilon_Greedy,epsilon=0.2,17,55.2130206607929,44.05333973423878,11.159680926554117,99.26636039503168,3
Epsilon_Greedy,epsilon=0.2,18,56.9742617769331,46.89243321761529,10.081828559317806,103.8666949945484,3
Epsilon_Greedy,epsilon=0.2,19,59.34714285440318,50.81445548737637,8.53268736702681,110.16159834177955,3
Epsilon_Greedy,epsilon=0.2,20,68.41917437065392,55.93318599033473,12.485988380319192,124.35236036098865,3
Epsilon_Greedy,epsilon=0.2,21,74.5181481662108,51.424150905103126,23.09399726110768,125.94229907131393,3
Epsilon_Greedy,epsilon=0.2,22,79.54124115224185,47.1764921142995,32.36474903794235,126.71773326654136,3
Epsilon_Greedy,epsilon=0.2,23,85.28837561976562,42.1574434511696,43.13093216859602,127.44581907093522,3
Epsilon_Greedy,epsilon=0.2,24,89.41769819871287,37.31907253629749,52.09862566241538,126.73677073501037,3
Epsilon_Greedy,epsilon=0.2,25,98.6341261229024,30.219774636831595,68.41435148607081,128.853900759734,3
Epsilon_Greedy,epsilon=0.2,26,109.92862431913635,21.04340441844512,88.88521990069123,130.97202873758147,3
Epsilon_Greedy,epsilon=0.2,27,117.12422026651666,15.7485647589914,101.37565550752527,132.87278502550805,3
Epsilon_Greedy,epsilon=0.2,28,119.23965264900293,12.448411427919844,106.79124122108308,131.68806407692279,3
Epsilon_Greedy,epsilon=0.2,29,121.98998540858618,9.879918926840705,112.11006648174548,131.8699043354269,3
Epsilon_Greedy,epsilon=0.2,30,128.73373115189165,6.433825272047912,122.29990587984373,135.16755642393957,3
Epsilon_Greedy,epsilon=0.2,31,132.31695482864583,3.1605460626293715,129.15640876601645,135.4775008912752,3
Epsilon_Greedy,epsilon=0.2,32,137.23830856861375,11.5653667120551,125.67294185655865,148.80367528066884,3
Epsilon_Greedy,epsilon=0.2,33,144.58787064469516,17.3072110687632,127.28065957593196,161.89508171345835,3
Epsilon_Greedy,epsilon=0.2,34,152.03861097381838,21.363368285518977,130.6752426882994,173.40197925933737,3
Epsilon_Greedy,epsilon=0.2,35,154.50952243404436,20.886713898341178,133.62280853570317,175.39623633238554,3
Epsilon_Greedy,epsilon=0.2,36,157.70271097425717,22.08873693194198,135.6139740423152,179.79144790619915,3
Epsilon_Greedy,epsilon=0.2,37,161.02097405280352,24.62546020057394,136.39551385222958,185.64643425337746,3
Epsilon_Greedy,epsilon=0.2,38,161.02097405280352,24.62546020057394,136.39551385222958,185.64643425337746,3
Epsilon_Greedy,epsilon=0.2,39,166.20049041143457,30.387926234275024,135.81256417715954,196.5884166457096,3
Epsilon_Greedy,epsilon=0.2,40,170.5589835426331,23.263838569584564,147.29514497304854,193.82282211221764,3
Epsilon_Greedy,epsilon=0.2,41,173.1353274611304,26.928607610804843,146.20671985032556,200.06393507193525,3
Epsilon_Greedy,epsilon=0.2,42,173.1353274611304,26.928607610804843,146.20671985032556,200.06393507193525,3
Epsilon_Greedy,epsilon=0.2,43,173.735909182833,26.984579397786337,146.75132978504666,200.72048858061936,3
Epsilon_Greedy,epsilon=0.2,44,173.735909182833,26.984579397786337,146.75132978504666,200.72048858061936,3
Epsilon_Greedy,epsilon=0.2,45,176.72753894822577,27.84669894887377,148.880839999352,204.57423789709955,3
Epsilon_Greedy,epsilon=0.2,46,176.72753894822577,27.84669894887377,148.880839999352,204.57423789709955,3
Epsilon_Greedy,epsilon=0.2,47,176.72753894822577,27.84669894887377,148.880839999352,204.57423789709955,3
Epsilon_Greedy,epsilon=0.2,48,177.17302161013728,28.398636657185687,148.7743849529516,205.57165826732296,3
Epsilon_Greedy,epsilon=0.2,49,177.17302161013728,28.398636657185687,148.7743849529516,205.57165826732296,3
Epsilon_Greedy,epsilon=0.2,50,178.26782491839663,29.796543411735172,148.47128150666146,208.0643683301318,3
Epsilon_Greedy,epsilon=0.2,51,178.26782491839663,29.796543411735172,148.47128150666146,208.0643683301318,3
Epsilon_Greedy,epsilon=0.2,52,179.27574802169292,30.186032770287486,149.08971525140544,209.4617807919804,3
Epsilon_Greedy,epsilon=0.2,53,179.9991942367691,30.52413698211893,149.47505725465018,210.52333121888805,3
Epsilon_Greedy,epsilon=0.2,54,183.04775380648243,32.445606420242456,150.60214738623998,215.4933602267249,3
Epsilon_Greedy,epsilon=0.2,55,183.82962942619284,33.05652808906132,150.77310133713152,216.88615751525415,3
Epsilon_Greedy,epsilon=0.2,56,184.75885406125448,33.83876604374432,150.92008801751015,218.5976201049988,3
Epsilon_Greedy,epsilon=0.2,57,188.12024172569477,37.07177808480061,151.04846364089417,225.19201981049537,3
Epsilon_Greedy,epsilon=0.2,58,188.12024172569477,37.07177808480061,151.04846364089417,225.19201981049537,3
Epsilon_Greedy,epsilon=0.2,59,190.52137464109828,38.849836360859115,151.67153828023916,229.3712110019574,3
Epsilon_Greedy,epsilon=0.2,60,194.6586982390052,31.688525965605304,162.9701722733999,226.34722420461048,3
Epsilon_Greedy,epsilon=0.2,61,198.24442814537994,35.0092886540362,163.23513949134374,233.25371679941614,3
Epsilon_Greedy,epsilon=0.2,62,201.1514487465661,37.28658659372122,163.8648621528449,238.4380353402873,3
Epsilon_Greedy,epsilon=0.2,63,201.1514487465661,37.28658659372122,163.8648621528449,238.4380353402873,3
Epsilon_Greedy,epsilon=0.2,64,207.2669738351495,35.36513046638853,171.90184336876098,242.63210430153805,3
Epsilon_Greedy,epsilon=0.2,65,210.37134306599273,38.868782758253474,171.50256030773926,249.2401258242462,3
Epsilon_Greedy,epsilon=0.2,66,217.35890893364856,43.818026594207446,173.5408823394411,261.176935527856,3
Epsilon_Greedy,epsilon=0.2,67,221.0755170742668,37.3824625031393,183.6930545711275,258.4579795774061,3
Epsilon_Greedy,epsilon=0.2,68,221.0755170742668,37.3824625031393,183.6930545711275,258.4579795774061,3
Epsilon_Greedy,epsilon=0.2,69,223.190855030241,33.719913662516106,189.4709413677249,256.91076869275713,3
Epsilon_Greedy,epsilon=0.2,70,229.62324674571718,33.941035149649444,195.68221159606773,263.5642818953666,3
Epsilon_Greedy,epsilon=0.2,71,232.06173318261517,36.61865044657941,195.44308273603576,268.6803836291946,3
Epsilon_Greedy,epsilon=0.2,72,240.77269342639954,33.277549649544966,207.49514377685458,274.05024307594454,3
Epsilon_Greedy,epsilon=0.2,73,243.32846914000118,35.66050112288101,207.66796801712016,278.98897026288216,3
Epsilon_Greedy,epsilon=0.2,74,243.32846914000118,35.66050112288101,207.66796801712016,278.98897026288216,3
Epsilon_Greedy,epsilon=0.2,75,243.6937907321271,35.92632810972276,207.76746262240434,279.62011884184983,3
Epsilon_Greedy,epsilon=0.2,76,243.6937907321271,35.92632810972276,207.76746262240434,279.62011884184983,3
Epsilon_Greedy,epsilon=0.2,77,243.6937907321271,35.92632810972276,207.76746262240434,279.62011884184983,3
Epsilon_Greedy,epsilon=0.2,78,243.6937907321271,35.92632810972276,207.76746262240434,279.62011884184983,3
Epsilon_Greedy,epsilon=0.2,79,253.9706758267378,45.04050018347189,208.9301756432659,299.0111760102097,3
Epsilon_Greedy,epsilon=0.2,80,257.56447388496065,42.6947796287187,214.86969425624196,300.25925351367937,3
Epsilon_Greedy,epsilon=0.2,81,263.77161821093773,43.25067353635806,220.52094467457968,307.0222917472958,3
Epsilon_Greedy,epsilon=0.2,82,269.0516999038611,43.8068304946321,225.244869409229,312.8585303984932,3
Epsilon_Greedy,epsilon=0.2,83,272.7947138129581,46.66704757737624,226.12766623558184,319.46176139033435,3
Epsilon_Greedy,epsilon=0.2,84,275.2161942062035,48.26129861518793,226.95489559101557,323.4774928213914,3
Epsilon_Greedy,epsilon=0.2,85,279.7539213550735,51.563505229237585,228.1904161258359,331.3174265843111,3
Epsilon_Greedy,epsilon=0.2,86,282.2324837636091,53.536265079914685,228.69621868369438,335.7687488435238,3
Epsilon_Greedy,epsilon=0.2,87,285.57543113750603,55.70531915636014,229.8701119811459,341.28075029386616,3
Epsilon_Greedy,epsilon=0.2,88,289.6887638677766,58.79348366828054,230.89528019949603,348.4822475360571,3
Epsilon_Greedy,epsilon=0.2,89,293.3762193924811,61.311611979583034,232.06460741289808,354.6878313720641,3
Epsilon_Greedy,epsilon=0.2,90,295.54279140607883,63.38298461762281,232.15980678845602,358.92577602370164,3
Epsilon_Greedy,epsilon=0.2,91,298.3304243349178,65.97782120791825,232.35260312699953,364.30824554283606,3
Epsilon_Greedy,epsilon=0.2,92,303.6903288648305,70.24469332297393,233.44563554185657,373.93502218780446,3
Epsilon_Greedy,epsilon=0.2,93,306.0908705045365,72.45135026376565,233.63952024077085,378.5422207683022,3
Epsilon_Greedy,epsilon=0.2,94,308.4591998485612,74.49596679143096,233.96323305713022,382.95516663999217,3
Epsilon_Greedy,epsilon=0.2,95,310.78748937920244,76.80701926114565,233.9804701180568,387.59450864034807,3
Epsilon_Greedy,epsilon=0.2,96,312.6616160052478,78.70469842775948,233.95691757748835,391.3663144330073,3
Epsilon_Greedy,epsilon=0.2,97,314.6617376136208,80.26651651169126,234.39522110192954,394.92825412531204,3
Epsilon_Greedy,epsilon=0.2,98,315.3079995840783,80.06626452729407,235.24173505678422,395.3742641113723,3
Epsilon_Greedy,epsilon=0.2,99,317.88569736570406,82.71589047040317,235.1698068953009,400.6015878361072,3
