cooling_preset,policy,config_id,batch_index,cum_regret_mean,cum_regret_std,cum_regret_lower,cum_regret_upper,n_repeats
scale_default,Epsilon_Greedy,epsilon=0.05,0,0.1366921610949933,0.021358123934115472,0.11533403716087783,0.15805028502910878,5
scale_default,Epsilon_Greedy,epsilon=0.05,1,0.26493062497358244,0.011054407527502171,0.25387621744608024,0.27598503250108464,5
scale_default,Epsilon_Greedy,epsilon=0.05,2,0.3937457211451865,0.052119874757947646,0.34162584638723886,0.4458655959031342,5
scale_default,Epsilon_Greedy,epsilon=0.05,3,0.5087668636134142,0.08189431689979737,0.4268725467136168,0.5906611805132116,5
scale_default,Epsilon_Greedy,epsilon=0.05,4,0.6487190654025108,0.16093846863402306,0.48778059676848773,0.8096575340365338,5
scale_default,Epsilon_Greedy,epsilon=0.05,5,0.7731131754331007,0.20614771757705547,0.5669654578560452,0.9792608930101561,5
scale_default,Epsilon_Greedy,epsilon=0.05,6,0.879178333320748,0.22200678503409002,0.657171548286658,1.101185118354838,5
scale_default,Epsilon_Greedy,epsilon=0.05,7,0.9438283430516556,0.25157799767059486,0.6922503453810608,1.1954063407222506,5
scale_default,Epsilon_Greedy,epsilon=0.05,8,1.0155240082941546,0.29121390293638816,0.7243101053577664,1.3067379112305426,5
scale_default,Epsilon_Greedy,epsilon=0.05,9,1.0827315223415872,0.31677338216112083,0.7659581401804664,1.3995049045027081,5
scale_default,Epsilon_Greedy,epsilon=0.05,10,1.1938827561082503,0.3773965051575702,0.8164862509506802,1.5712792612658206,5
scale_default,Epsilon_Greedy,epsilon=0.05,11,1.3123024677744797,0.43655105242762704,0.8757514153468526,1.7488535202021067,5
scale_default,Epsilon_Greedy,epsilon=0.05,12,1.4200435164144207,0.5004031745282669,0.9196403418861538,1.9204466909426876,5
scale_default,Epsilon_Greedy,epsilon=0.05,13,1.5194666161235237,0.5584395003988017,0.961027115724722,2.0779061165223256,5
scale_default,Epsilon_Greedy,epsilon=0.05,14,1.6022751268350937,0.5924279802524102,1.0098471465826835,2.194703107087504,5
scale_default,Epsilon_Greedy,epsilon=0.05,15,1.6677676572578606,0.627404742424656,1.0403629148332045,2.2951723996825164,5
scale_default,Epsilon_Greedy,epsilon=0.05,16,1.7495226388844478,0.6758846769871651,1.0736379618972827,2.425407315871613,5
scale_default,Epsilon_Greedy,epsilon=0.05,17,1.8323158217974296,0.7332100169560559,1.0991058048413738,2.5655258387534854,5
scale_default,Epsilon_Greedy,epsilon=0.05,18,1.9127354109674979,0.7825510217292009,1.130184389238297,2.6952864326966988,5
scale_default,Epsilon_Greedy,epsilon=0.05,19,1.9835113173433492,0.8291719119639414,1.1543394053794078,2.8126832293072903,5
scale_default,Epsilon_Greedy,epsilon=0.05,20,2.069477465748272,0.8885787908906632,1.180898674857609,2.958056256638935,5
scale_default,Epsilon_Greedy,epsilon=0.05,21,2.1359153302193135,0.9357618952852403,1.200153434934073,3.071677225504554,5
scale_default,Epsilon_Greedy,epsilon=0.05,22,2.211855853321059,0.9665393579664242,1.245316495354635,3.178395211287483,5
scale_default,Epsilon_Greedy,epsilon=0.05,23,2.282620819349423,1.0071790855476566,1.2754417338017665,3.2897999048970794,5
scale_default,Epsilon_Greedy,epsilon=0.05,24,2.352055917434204,1.0496638708951704,1.3023920465390337,3.4017197883293746,5
scale_default,Epsilon_Greedy,epsilon=0.05,25,2.442563257989966,1.114484183159592,1.3280790748303741,3.557047441149558,5
scale_default,Epsilon_Greedy,epsilon=0.05,26,2.5293300201893825,1.1835631034308767,1.3457669167585058,3.712893123620259,5
scale_default,Epsilon_Greedy,epsilon=0.05,27,2.5926826514478876,1.2219366813350545,1.370745970112833,3.814619332782942,5
scale_default,Epsilon_Greedy,epsilon=0.05,28,2.684444195621031,1.286306265273984,1.398137930347047,3.9707504608950153,5
scale_default,Epsilon_Greedy,epsilon=0.05,29,2.753182456003233,1.3353841025321131,1.41779835347112,4.088566558535346,5
scale_default,Epsilon_Greedy,epsilon=0.05,30,2.829228776930439,1.3816169449821358,1.4476118319483033,4.210845721912575,5
scale_default,Epsilon_Greedy,epsilon=0.05,31,2.8963892035604486,1.428102357554529,1.4682868460059195,4.324491561114978,5
scale_default,Epsilon_Greedy,epsilon=0.05,32,2.9428556455567416,1.467250577216883,1.4756050683398587,4.410106222773624,5
scale_default,Epsilon_Greedy,epsilon=0.05,33,3.0074144760866384,1.5116850378692097,1.4957294382174287,4.519099513955848,5
scale_default,Epsilon_Greedy,epsilon=0.05,34,3.078834107997319,1.563154840269262,1.515679267728057,4.641988948266581,5
scale_default,Epsilon_Greedy,epsilon=0.05,35,3.184472399755906,1.6173489737820765,1.5671234259738296,4.801821373537983,5
scale_default,Epsilon_Greedy,epsilon=0.05,36,3.268550631330956,1.6813604321505005,1.5871901991804553,4.949911063481457,5
scale_default,Epsilon_Greedy,epsilon=0.05,37,3.3270723484083375,1.729137625176466,1.5979347232318715,5.056209973584804,5
scale_default,Epsilon_Greedy,epsilon=0.05,38,3.389770611352779,1.7757574248448174,1.6140131865079617,5.165528036197596,5
scale_default,Epsilon_Greedy,epsilon=0.05,39,3.4624571549135803,1.829992727221643,1.6324644276919373,5.292449882135223,5
scale_default,Epsilon_Greedy,epsilon=0.05,40,3.545058746264856,1.8983570463931518,1.6467016998717043,5.4434157926580085,5
scale_default,Epsilon_Greedy,epsilon=0.05,41,3.606185419652924,1.9502503832322278,1.6559350364206962,5.556435802885152,5
scale_default,Epsilon_Greedy,epsilon=0.05,42,3.65448800594758,1.9918162237103447,1.6626717822372352,5.6463042296579244,5
scale_default,Epsilon_Greedy,epsilon=0.05,43,3.735759819874454,2.055401774465993,1.680358045408461,5.791161594340447,5
scale_default,Epsilon_Greedy,epsilon=0.05,44,3.8001790980194565,2.1155209583582826,1.684658139661174,5.915700056377739,5
scale_default,Epsilon_Greedy,epsilon=0.05,45,3.853486274558351,2.1531413613900496,1.7003449131683013,6.0066276359484005,5
scale_default,Epsilon_Greedy,epsilon=0.05,46,3.894607186590401,2.1860229287556576,1.7085842578347434,6.080630115346059,5
scale_default,Epsilon_Greedy,epsilon=0.05,47,3.9451193592253007,2.2269118895612983,1.7182074696640024,6.172031248786599,5
scale_default,Epsilon_Greedy,epsilon=0.05,48,3.987391298433703,2.265451768759758,1.721939529673945,6.252843067193462,5
scale_default,Epsilon_Greedy,epsilon=0.05,49,4.030948825454115,2.307504034499209,1.7234447909549062,6.338452859953325,5
scale_default,Epsilon_Greedy,epsilon=0.05,50,4.0737891143815075,2.349018807828667,1.7247703065528404,6.422807922210175,5
scale_default,Epsilon_Greedy,epsilon=0.05,51,4.124297075045479,2.39214040038625,1.7321566746592287,6.5164374754317285,5
scale_default,Epsilon_Greedy,epsilon=0.05,52,4.174619864328633,2.424714420495384,1.7499054438332493,6.5993342848240175,5
scale_default,Epsilon_Greedy,epsilon=0.05,53,4.217923773386045,2.4654427900135514,1.7524809833724935,6.683366563399597,5
scale_default,Epsilon_Greedy,epsilon=0.05,54,4.255153772079095,2.4995784426477665,1.7555753294313283,6.754732214726861,5
scale_default,Epsilon_Greedy,epsilon=0.05,55,4.31208082238003,2.5277186239222114,1.7843621984578184,6.839799446302241,5
scale_default,Epsilon_Greedy,epsilon=0.05,56,4.33627034010933,2.5567815071433566,1.7794888329659733,6.8930518472526865,5
scale_default,Epsilon_Greedy,epsilon=0.05,57,4.369826392255556,2.588977384436045,1.7808490078195107,6.958803776691601,5
scale_default,Epsilon_Greedy,epsilon=0.05,58,4.384828951947546,2.598962806061128,1.7858661458864185,6.983791758008675,5
scale_default,Epsilon_Greedy,epsilon=0.05,59,4.402181188309738,2.601637065313099,1.800544122996639,7.003818253622837,5
scale_default,Epsilon_Greedy,epsilon=0.05,60,4.423536316952779,2.6130425326564732,1.8104937842963058,7.036578849609253,5
scale_default,Epsilon_Greedy,epsilon=0.05,61,4.443155796778286,2.6143233706265603,1.8288324261517257,7.057479167404846,5
scale_default,Epsilon_Greedy,epsilon=0.05,62,4.46233409870193,2.627118753414023,1.8352153452879074,7.089452852115953,5
scale_default,Epsilon_Greedy,epsilon=0.05,63,4.475645866996016,2.628936800246927,1.8467090667490895,7.104582667242943,5
scale_default,Epsilon_Greedy,epsilon=0.05,64,4.515819338236877,2.5965031463789803,1.919316191857897,7.1123224846158575,5
scale_default,Epsilon_Greedy,epsilon=0.05,65,4.545086466565083,2.6155530327649346,1.9295334338001484,7.160639499330017,5
scale_default,Epsilon_Greedy,epsilon=0.05,66,4.558010388705437,2.618460721463658,1.9395496672417791,7.176471110169095,5
scale_default,Epsilon_Greedy,epsilon=0.05,67,4.568520602100591,2.627450606070062,1.9410699960305289,7.195971208170653,5
scale_default,Epsilon_Greedy,epsilon=0.05,68,4.578707243538903,2.6266986327141195,1.9520086108247838,7.205405876253023,5
scale_default,Epsilon_Greedy,epsilon=0.05,69,4.595315900853832,2.63079395163112,1.964521949222712,7.226109852484951,5
scale_default,Epsilon_Greedy,epsilon=0.05,70,4.606471882355656,2.635974169555449,1.9704977128002072,7.242446051911105,5
scale_default,Epsilon_Greedy,epsilon=0.05,71,4.620476686740937,2.637456028955805,1.983020657785132,7.257932715696742,5
scale_default,Epsilon_Greedy,epsilon=0.05,72,4.638337566391218,2.638221055169745,2.0001165112214734,7.276558621560963,5
scale_default,Epsilon_Greedy,epsilon=0.05,73,4.647398054103945,2.645761984699821,2.001636069404124,7.293160038803766,5
scale_default,Epsilon_Greedy,epsilon=0.05,74,4.6602885179627895,2.6542419167108884,2.006046601251901,7.314530434673678,5
scale_default,Epsilon_Greedy,epsilon=0.05,75,4.678196380917024,2.6687987880802804,2.0093975928367436,7.346995168997305,5
scale_default,Epsilon_Greedy,epsilon=0.05,76,4.6964929936810025,2.6863309074939674,2.010162086187035,7.3828239011749694,5
scale_default,Epsilon_Greedy,epsilon=0.05,77,4.71649838021319,2.6927733859648626,2.0237249942483277,7.409271766178053,5
scale_default,Epsilon_Greedy,epsilon=0.05,78,4.731772507734024,2.7021711079442965,2.0296013997897275,7.43394361567832,5
scale_default,Epsilon_Greedy,epsilon=0.05,79,4.740436020584906,2.706107666623551,2.0343283539613553,7.446543687208457,5
scale_default,Epsilon_Greedy,epsilon=0.05,80,4.759430828179764,2.7243793678920043,2.0350514602877596,7.483810196071769,5
scale_default,Epsilon_Greedy,epsilon=0.05,81,4.773367867406295,2.7326731074402066,2.040694759966088,7.506040974846501,5
scale_default,Epsilon_Greedy,epsilon=0.05,82,4.786664201455656,2.744049711293586,2.0426144901620695,7.530713912749242,5
scale_default,Epsilon_Greedy,epsilon=0.05,83,4.794812415597773,2.747254382033738,2.0475580335640355,7.542066797631511,5
scale_default,Epsilon_Greedy,epsilon=0.05,84,4.816763610823514,2.770419328345253,2.046344282478261,7.587182939168768,5
scale_default,Epsilon_Greedy,epsilon=0.05,85,4.8377532091669115,2.7807904112505617,2.05696279791635,7.618543620417473,5
scale_default,Epsilon_Greedy,epsilon=0.05,86,4.846623507880099,2.78790718884307,2.058716319037029,7.63453069672317,5
scale_default,Epsilon_Greedy,epsilon=0.05,87,4.859778647449855,2.7944633570327997,2.0653152904170553,7.654242004482654,5
scale_default,Epsilon_Greedy,epsilon=0.05,88,4.87495571873164,2.8063341351784934,2.068621583553147,7.681289853910133,5
scale_default,Epsilon_Greedy,epsilon=0.05,89,4.889542376103421,2.81605384476332,2.073488531340101,7.705596220866741,5
scale_default,Epsilon_Greedy,epsilon=0.05,90,4.911820505603234,2.837733342598835,2.0740871630043984,7.749553848202069,5
scale_default,Epsilon_Greedy,epsilon=0.05,91,4.926025793110976,2.8526864336747955,2.0733393594361806,7.778712226785771,5
scale_default,Epsilon_Greedy,epsilon=0.05,92,4.934682376805109,2.8591336605365942,2.075548716268515,7.793816037341704,5
scale_default,Epsilon_Greedy,epsilon=0.05,93,4.955544479512494,2.874593113968812,2.080951365543682,7.8301375934813064,5
scale_default,Epsilon_Greedy,epsilon=0.05,94,4.9728077862766416,2.884300343571126,2.0885074427055157,7.857108129847767,5
scale_default,Epsilon_Greedy,epsilon=0.05,95,4.982030330553963,2.888241076268764,2.093789254285199,7.870271406822727,5
scale_default,Epsilon_Greedy,epsilon=0.05,96,4.994883051361624,2.898088667428846,2.096794383932778,7.89297171879047,5
scale_default,Epsilon_Greedy,epsilon=0.05,97,5.0049716703083105,2.89856700770222,2.1064046626060904,7.903538678010531,5
scale_default,Epsilon_Greedy,epsilon=0.05,98,5.024039006775283,2.9160113950833817,2.108027611691901,7.940050401858665,5
scale_default,Epsilon_Greedy,epsilon=0.05,99,5.035970920920074,2.9251640669740375,2.1108068539460367,7.961134987894112,5
scale_default,Epsilon_Greedy,epsilon=0.05,100,5.052771276521836,2.9425854994975214,2.110185777024315,7.995356776019358,5
scale_default,Epsilon_Greedy,epsilon=0.05,101,5.074237622375626,2.962326656461756,2.1119109659138697,8.036564278837382,5
scale_default,Epsilon_Greedy,epsilon=0.05,102,5.0874489505793985,2.975334888932567,2.1121140616468317,8.062783839511965,5
scale_default,Epsilon_Greedy,epsilon=0.05,103,5.101105872991125,2.986910090693744,2.114195782297381,8.08801596368487,5
scale_default,Epsilon_Greedy,epsilon=0.05,104,5.11010165412829,2.9883562573393743,2.121745396788916,8.098457911467666,5
scale_default,Epsilon_Greedy,epsilon=0.05,105,5.129761816314446,3.00546188870178,2.1242999276126655,8.135223705016227,5
scale_default,Epsilon_Greedy,epsilon=0.05,106,5.140080530871524,3.0169882814196476,2.1230922494518762,8.157068812291172,5
scale_default,Epsilon_Greedy,epsilon=0.05,107,5.158514220891097,3.0359457682702415,2.1225684526208553,8.194459989161338,5
scale_default,Epsilon_Greedy,epsilon=0.05,108,5.163735636151062,3.0381450006648425,2.125590635486219,8.201880636815904,5
scale_default,Epsilon_Greedy,epsilon=0.05,109,5.195770435249964,3.0304222187808483,2.1653482164691153,8.226192654030811,5
scale_default,Epsilon_Greedy,epsilon=0.05,110,5.225033627150684,3.0621920343434104,2.1628415928072737,8.287225661494094,5
scale_default,Epsilon_Greedy,epsilon=0.05,111,5.235834621478988,3.07247010039048,2.163364521088508,8.308304721869469,5
scale_default,Epsilon_Greedy,epsilon=0.05,112,5.245258040058237,3.0808274279263927,2.1644306121318446,8.32608546798463,5
scale_default,Epsilon_Greedy,epsilon=0.05,113,5.254587668415409,3.0873859636836833,2.167201704731726,8.341973632099092,5
scale_default,Epsilon_Greedy,epsilon=0.05,114,5.2674434454598345,3.086841075615365,2.1806023698444696,8.354284521075199,5
scale_default,Epsilon_Greedy,epsilon=0.05,115,5.278326819475085,3.0933820730341846,2.1849447464409004,8.37170889250927,5
scale_default,Epsilon_Greedy,epsilon=0.05,116,5.2840289941409635,3.090980130873252,2.1930488632677116,8.375009125014216,5
scale_default,Epsilon_Greedy,epsilon=0.05,117,5.287328266625504,3.091974535753177,2.1953537308723274,8.379302802378682,5
scale_default,Epsilon_Greedy,epsilon=0.05,118,5.296938139012238,3.0997384077086045,2.1971997313036336,8.396676546720842,5
scale_default,Epsilon_Greedy,epsilon=0.05,119,5.2995164340328955,3.1009121285275936,2.198604305505302,8.400428562560489,5
scale_default,Epsilon_Greedy,epsilon=0.05,120,5.305841723147109,3.0990604418395007,2.2067812813076086,8.40490216498661,5
scale_default,Epsilon_Greedy,epsilon=0.05,121,5.317082463925985,3.1028953087890705,2.2141871551369143,8.419977772715056,5
scale_default,Epsilon_Greedy,epsilon=0.05,122,5.338191578031774,3.083446769443536,2.254744808588238,8.421638347475309,5
scale_default,Epsilon_Greedy,epsilon=0.05,123,5.349719742665394,3.0866299863367694,2.263089756328625,8.436349729002163,5
scale_default,Epsilon_Greedy,epsilon=0.05,124,5.356690118174056,3.0897510886925796,2.266939029481476,8.446441206866636,5
scale_default,Epsilon_Greedy,epsilon=0.05,125,5.364870665525312,3.0878773844264953,2.2769932810988167,8.452748049951808,5
scale_default,Epsilon_Greedy,epsilon=0.05,126,5.377268696363258,3.1024698848654664,2.2747988114977913,8.479738581228723,5
scale_default,Epsilon_Greedy,epsilon=0.05,127,5.390975171702719,3.114409456428107,2.2765657152746117,8.505384628130827,5
scale_default,Epsilon_Greedy,epsilon=0.05,128,5.398685349885443,3.1180746819462914,2.2806106679391513,8.516760031831733,5
scale_default,Epsilon_Greedy,epsilon=0.05,129,5.411682496416904,3.1101939503546476,2.3014885460622563,8.521876446771552,5
scale_default,Epsilon_Greedy,epsilon=0.05,130,5.418505436948264,3.1176519454174434,2.3008534915308205,8.536157382365708,5
scale_default,Epsilon_Greedy,epsilon=0.05,131,5.4263465727683196,3.1182609137956434,2.308085658972676,8.544607486563963,5
scale_default,Epsilon_Greedy,epsilon=0.05,132,5.438530771505088,3.1153036010946944,2.323227170410394,8.553834372599782,5
scale_default,Epsilon_Greedy,epsilon=0.05,133,5.453889217305668,3.128035007564377,2.325854209741291,8.581924224870045,5
scale_default,Epsilon_Greedy,epsilon=0.05,134,5.468147974446791,3.137886624986965,2.330261349459826,8.606034599433755,5
scale_default,Epsilon_Greedy,epsilon=0.05,135,5.478292721027327,3.1507520399927813,2.327540681034546,8.629044761020108,5
scale_default,Epsilon_Greedy,epsilon=0.05,136,5.48792041843111,3.1489183280350996,2.3390020903960105,8.63683874646621,5
scale_default,Epsilon_Greedy,epsilon=0.05,137,5.500986557839792,3.159421650433183,2.3415649074066094,8.660408208272976,5
scale_default,Epsilon_Greedy,epsilon=0.05,138,5.52324315081761,3.173251967268476,2.349991183549134,8.696495118086085,5
scale_default,Epsilon_Greedy,epsilon=0.05,139,5.528999777673287,3.175556817869037,2.35344295980425,8.704556595542325,5
scale_default,Epsilon_Greedy,epsilon=0.05,140,5.5389469605295005,3.1740525494031493,2.3648944111263512,8.71299950993265,5
scale_default,Epsilon_Greedy,epsilon=0.05,141,5.54108318081269,3.171631554497189,2.3694516263155005,8.712714735309879,5
scale_default,Epsilon_Greedy,epsilon=0.05,142,5.550709557996839,3.178474627847844,2.3722349301489953,8.729184185844684,5
scale_default,Epsilon_Greedy,epsilon=0.05,143,5.567467862946495,3.1784613111217235,2.389006551824772,8.74592917406822,5
scale_default,Epsilon_Greedy,epsilon=0.05,144,5.5829971191963805,3.1833605317629625,2.399636587433418,8.766357650959343,5
scale_default,Epsilon_Greedy,epsilon=0.05,145,5.594398705321752,3.1892668630146543,2.4051318423070978,8.783665568336406,5
scale_default,Epsilon_Greedy,epsilon=0.05,146,5.606137569755218,3.198498204549757,2.4076393652054606,8.804635774304975,5
scale_default,Epsilon_Greedy,epsilon=0.05,147,5.612232003259342,3.2031326134982696,2.409099389761072,8.815364616757611,5
scale_default,Epsilon_Greedy,epsilon=0.05,148,5.615292231216628,3.1990766443438012,2.416215586872827,8.81436887556043,5
scale_default,Epsilon_Greedy,epsilon=0.05,149,5.623580295963454,3.2035213645916376,2.4200589313718166,8.827101660555092,5
scale_default,Epsilon_Greedy,epsilon=0.05,150,5.631606063535358,3.214378482440651,2.417227581094707,8.845984545976009,5
scale_default,Epsilon_Greedy,epsilon=0.05,151,5.6533027534862255,3.230710368706539,2.4225923847796866,8.884013122192764,5
scale_default,Epsilon_Greedy,epsilon=0.05,152,5.671744094634493,3.2453969005802423,2.4263471940542503,8.917140995214735,5
scale_default,Epsilon_Greedy,epsilon=0.05,153,5.680011726381904,3.244553101206004,2.4354586251759005,8.924564827587908,5
scale_default,Epsilon_Greedy,epsilon=0.05,154,5.689117868743692,3.250448172602647,2.438669696141045,8.939566041346339,5
scale_default,Epsilon_Greedy,epsilon=0.05,155,5.713614038229264,3.2653942925275885,2.4482197457016754,8.979008330756852,5
scale_default,Epsilon_Greedy,epsilon=0.05,156,5.719588947170225,3.2674883239194648,2.45210062325076,8.987077271089689,5
scale_default,Epsilon_Greedy,epsilon=0.05,157,5.741804783696121,3.282074212174932,2.4597305715211886,9.023878995871053,5
scale_default,Epsilon_Greedy,epsilon=0.05,158,5.752875852979107,3.2837383064660055,2.469137546513102,9.036614159445113,5
scale_default,Epsilon_Greedy,epsilon=0.05,159,5.767432306950035,3.2873528791545703,2.4800794277954643,9.054785186104604,5
scale_default,Epsilon_Greedy,epsilon=0.05,160,5.789065889327035,3.2955937096629118,2.4934721796641233,9.084659598989948,5
scale_default,Epsilon_Greedy,epsilon=0.05,161,5.797844061929572,3.3016389763208647,2.4962050856087075,9.099483038250437,5
scale_default,Epsilon_Greedy,epsilon=0.05,162,5.8118282632682154,3.3121372183551165,2.499691044913099,9.123965481623332,5
scale_default,Epsilon_Greedy,epsilon=0.05,163,5.8207372228777645,3.3190828500462928,2.5016543728314717,9.139820072924056,5
scale_default,Epsilon_Greedy,epsilon=0.05,164,5.830728837271977,3.321652714586816,2.5090761226851606,9.152381551858793,5
scale_default,Epsilon_Greedy,epsilon=0.05,165,5.8336168240175486,3.3221673123392006,2.511449511678348,9.155784136356749,5
scale_default,Epsilon_Greedy,epsilon=0.05,166,5.848486416285685,3.331465501872677,2.5170209144130085,9.179951918158363,5
scale_default,Epsilon_Greedy,epsilon=0.05,167,5.853201975351103,3.3356178750399006,2.5175841003112027,9.188819850391004,5
scale_default,Epsilon_Greedy,epsilon=0.05,168,5.858432968453229,3.3398967024446167,2.5185362660086126,9.198329670897845,5
scale_default,Epsilon_Greedy,epsilon=0.05,169,5.866301508094443,3.3422453188882724,2.5240561892061706,9.208546826982715,5
scale_default,Epsilon_Greedy,epsilon=0.05,170,5.875084300619501,3.3502623802678366,2.5248219203516644,9.225346680887338,5
scale_default,Epsilon_Greedy,epsilon=0.05,171,5.884778429519029,3.35594972829309,2.528828701225939,9.24072815781212,5
scale_default,Epsilon_Greedy,epsilon=0.05,172,5.898386152189445,3.367476794462917,2.5309093577265283,9.265862946652362,5
scale_default,Epsilon_Greedy,epsilon=0.05,173,5.9050119354370025,3.3677535620400154,2.537258373396987,9.272765497477018,5
scale_default,Epsilon_Greedy,epsilon=0.05,174,5.908143653046567,3.371825184785006,2.536318468261561,9.279968837831573,5
scale_default,Epsilon_Greedy,epsilon=0.05,175,5.92983966290827,3.380924463494402,2.548915199413868,9.310764126402672,5
scale_default,Epsilon_Greedy,epsilon=0.05,176,5.943554137982522,3.3841036277879075,2.5594505101946146,9.327657765770429,5
scale_default,Epsilon_Greedy,epsilon=0.05,177,5.953813138875965,3.3942410724017718,2.5595720664741934,9.348054211277738,5
scale_default,Epsilon_Greedy,epsilon=0.05,178,5.9651833180806495,3.3959751597603076,2.569208158320342,9.361158477840958,5
scale_default,Epsilon_Greedy,epsilon=0.05,179,5.976286288986559,3.408208776041196,2.5680775129453632,9.384495065027755,5
scale_default,Epsilon_Greedy,epsilon=0.05,180,5.9865258643050066,3.412118763587589,2.5744071007174174,9.398644627892596,5
scale_default,Epsilon_Greedy,epsilon=0.05,181,5.992610698820407,3.411071268346202,2.581539430474205,9.403681967166609,5
scale_default,Epsilon_Greedy,epsilon=0.05,182,6.001933335136458,3.416162202317183,2.5857711328192754,9.418095537453642,5
scale_default,Epsilon_Greedy,epsilon=0.05,183,6.012639905340273,3.420781219746524,2.591858685593749,9.433421125086797,5
scale_default,Epsilon_Greedy,epsilon=0.05,184,6.018679120511025,3.4256168367017916,2.593062283809233,9.444295957212816,5
scale_default,Epsilon_Greedy,epsilon=0.05,185,6.022823835326951,3.430303761701077,2.592520073625874,9.453127597028029,5
scale_default,Epsilon_Greedy,epsilon=0.05,186,6.03698433404953,3.439463457652729,2.5975208763968007,9.47644779170226,5
scale_default,Epsilon_Greedy,epsilon=0.05,187,6.046319293973491,3.439681366522425,2.6066379274510663,9.486000660495916,5
scale_default,Epsilon_Greedy,epsilon=0.05,188,6.054693434651905,3.4454397019799963,2.6092537326719087,9.500133136631902,5
scale_default,Epsilon_Greedy,epsilon=0.05,189,6.065488592867393,3.458429242065412,2.607059350801981,9.523917834932805,5
scale_default,Epsilon_Greedy,epsilon=0.05,190,6.073910224149431,3.4624106224306903,2.611499601718741,9.536320846580121,5
scale_default,Epsilon_Greedy,epsilon=0.05,191,6.078017542916718,3.464791624735356,2.613225918181362,9.542809167652074,5
scale_default,Epsilon_Greedy,epsilon=0.05,192,6.08124375032919,3.468598455821571,2.612645294507619,9.54984220615076,5
scale_default,Epsilon_Greedy,epsilon=0.05,193,6.090406910374488,3.4724382664739566,2.617968643900531,9.562845176848445,5
scale_default,Epsilon_Greedy,epsilon=0.05,194,6.098255874107708,3.4749256526081695,2.6233302214995384,9.573181526715878,5
scale_default,Epsilon_Greedy,epsilon=0.05,195,6.098772959694296,3.4756599187524078,2.623113040941888,9.574432878446704,5
scale_default,Epsilon_Greedy,epsilon=0.05,196,6.111942128261086,3.486700148106594,2.625241980154492,9.59864227636768,5
scale_default,Epsilon_Greedy,epsilon=0.05,197,6.125622044182991,3.4950119247513944,2.630610119431597,9.620633968934385,5
scale_default,Epsilon_Greedy,epsilon=0.05,198,6.136571898022785,3.507828107852908,2.628743790169877,9.644400005875692,5
scale_default,Epsilon_Greedy,epsilon=0.05,199,6.148441383460736,3.5103111768088486,2.6381302066518875,9.658752560269585,5
scale_default,Epsilon_Greedy,epsilon=0.05,200,6.305684646012895,3.467997048385449,2.837687597627446,9.773681694398345,5
scale_default,Epsilon_Greedy,epsilon=0.05,201,6.4530399698677625,3.4783004088031753,2.9747395610645873,9.931340378670939,5
scale_default,Epsilon_Greedy,epsilon=0.05,202,6.639970325975588,3.6502187316435766,2.989751594332011,10.290189057619164,5
scale_default,Epsilon_Greedy,epsilon=0.05,203,6.739002495862868,3.66163698139942,3.077365514463448,10.400639477262288,5
scale_default,Epsilon_Greedy,epsilon=0.05,204,6.935433315530543,3.8074351642054682,3.1279981513250745,10.74286847973601,5
scale_default,Epsilon_Greedy,epsilon=0.05,205,7.163838459819871,3.9720561201443862,3.191782339675485,11.135894579964258,5
scale_default,Epsilon_Greedy,epsilon=0.05,206,7.3737055779897585,3.8994183657870574,3.474287212202701,11.273123943776817,5
scale_default,Epsilon_Greedy,epsilon=0.05,207,7.515502963511109,3.8762599369754884,3.6392430265356204,11.391762900486597,5
scale_default,Epsilon_Greedy,epsilon=0.05,208,7.622580028770281,3.8304630517216607,3.7921169770486207,11.453043080491941,5
scale_default,Epsilon_Greedy,epsilon=0.05,209,7.931981839632821,3.9762394813995763,3.955742358233245,11.908221321032398,5
scale_default,Epsilon_Greedy,epsilon=0.05,210,8.124396004742088,4.049189891171264,4.075206113570824,12.173585895913352,5
scale_default,Epsilon_Greedy,epsilon=0.05,211,8.27333947185884,4.065254499450181,4.208084972408659,12.33859397130902,5
scale_default,Epsilon_Greedy,epsilon=0.05,212,8.539447252259864,4.050050558007389,4.489396694252474,12.589497810267254,5
scale_default,Epsilon_Greedy,epsilon=0.05,213,8.68218772713377,3.926468954104797,4.755718773028974,12.608656681238568,5
scale_default,Epsilon_Greedy,epsilon=0.05,214,8.858751392549788,3.924981668279023,4.933769724270765,12.783733060828812,5
scale_default,Epsilon_Greedy,epsilon=0.05,215,9.010272546953683,3.862195649298076,5.148076897655606,12.87246819625176,5
scale_default,Epsilon_Greedy,epsilon=0.05,216,9.139857203571662,3.867387855593683,5.272469347977979,13.007245059165346,5
scale_default,Epsilon_Greedy,epsilon=0.05,217,9.375121338213347,3.9349783903368807,5.440142947876467,13.310099728550227,5
scale_default,Epsilon_Greedy,epsilon=0.05,218,9.50960953397731,3.9638503441163158,5.545759189860994,13.473459878093625,5
scale_default,Epsilon_Greedy,epsilon=0.05,219,9.635564989909103,4.038845427710747,5.596719562198356,13.67441041761985,5
scale_default,Epsilon_Greedy,epsilon=0.05,220,9.835669096130001,4.122516949288129,5.713152146841872,13.958186045418131,5
scale_default,Epsilon_Greedy,epsilon=0.05,221,9.967457536260435,4.111264548892251,5.856192987368184,14.078722085152686,5
scale_default,Epsilon_Greedy,epsilon=0.05,222,10.055978118981074,4.083975842849465,5.972002276131609,14.139953961830539,5
scale_default,Epsilon_Greedy,epsilon=0.05,223,10.179609604594907,4.002809129494934,6.176800475099973,14.18241873408984,5
scale_default,Epsilon_Greedy,epsilon=0.05,224,10.344224360004242,4.059323736754452,6.28490062324979,14.403548096758694,5
scale_default,Epsilon_Greedy,epsilon=0.05,225,10.589251944934922,4.07493803109607,6.514313913838852,14.664189976030993,5
scale_default,Epsilon_Greedy,epsilon=0.05,226,10.82795590791056,4.013769003966839,6.814186903943721,14.8417249118774,5
scale_default,Epsilon_Greedy,epsilon=0.05,227,11.04510905245418,4.032692276650828,7.012416775803351,15.077801329105007,5
scale_default,Epsilon_Greedy,epsilon=0.05,228,11.302447950494635,3.950928664672033,7.351519285822602,15.253376615166669,5
scale_default,Epsilon_Greedy,epsilon=0.05,229,11.440453784076874,3.996296488781718,7.444157295295156,15.436750272858593,5
scale_default,Epsilon_Greedy,epsilon=0.05,230,11.580749978333932,4.097835736029904,7.4829142423040285,15.678585714363836,5
scale_default,Epsilon_Greedy,epsilon=0.05,231,11.726817678503398,4.179421092095484,7.547396586407914,15.906238770598883,5
scale_default,Epsilon_Greedy,epsilon=0.05,232,11.892225566977054,4.271251394520917,7.620974172456137,16.16347696149797,5
scale_default,Epsilon_Greedy,epsilon=0.05,233,12.094219884891494,4.214760743367694,7.8794591415238004,16.30898062825919,5
scale_default,Epsilon_Greedy,epsilon=0.05,234,12.372005358386247,4.318745017641956,8.053260340744291,16.690750376028202,5
scale_default,Epsilon_Greedy,epsilon=0.05,235,12.569963084647386,4.354396254822313,8.215566829825072,16.9243593394697,5
scale_default,Epsilon_Greedy,epsilon=0.05,236,12.723679103810046,4.428472852800722,8.295206251009324,17.152151956610766,5
scale_default,Epsilon_Greedy,epsilon=0.05,237,12.884500493244682,4.443276153061007,8.441224340183673,17.32777664630569,5
scale_default,Epsilon_Greedy,epsilon=0.05,238,13.125668511927822,4.605733723256441,8.519934788671382,17.731402235184262,5
scale_default,Epsilon_Greedy,epsilon=0.05,239,13.327364896912016,4.531300567312581,8.796064329599435,17.858665464224597,5
scale_default,Epsilon_Greedy,epsilon=0.05,240,13.482833210195002,4.521855157341685,8.960978052853317,18.004688367536687,5
scale_default,Epsilon_Greedy,epsilon=0.05,241,13.664013253271346,4.494508451591014,9.169504801680333,18.15852170486236,5
scale_default,Epsilon_Greedy,epsilon=0.05,242,13.868749427125413,4.516090089447876,9.352659337677537,18.38483951657329,5
scale_default,Epsilon_Greedy,epsilon=0.05,243,14.14438252168415,4.684872078160439,9.459510443523712,18.82925459984459,5
scale_default,Epsilon_Greedy,epsilon=0.05,244,14.29128001981511,4.840903130898766,9.450376888916345,19.132183150713875,5
scale_default,Epsilon_Greedy,epsilon=0.05,245,14.391274179888308,4.8561525217997845,9.535121658088524,19.24742670168809,5
scale_default,Epsilon_Greedy,epsilon=0.05,246,14.596762226436852,4.926940509377051,9.6698217170598,19.523702735813902,5
scale_default,Epsilon_Greedy,epsilon=0.05,247,14.863619675688616,4.787089528475938,10.07653014721268,19.650709204164553,5
scale_default,Epsilon_Greedy,epsilon=0.05,248,15.063407238294147,4.780191977957662,10.283215260336485,19.84359921625181,5
scale_default,Epsilon_Greedy,epsilon=0.05,249,15.307210119467177,4.742236386243312,10.564973733223866,20.04944650571049,5
scale_default,Epsilon_Greedy,epsilon=0.05,250,15.491632447839317,4.685705134276685,10.80592731356263,20.177337582116003,5
scale_default,Epsilon_Greedy,epsilon=0.05,251,15.621337486514165,4.704168212612716,10.917169273901449,20.32550569912688,5
scale_default,Epsilon_Greedy,epsilon=0.05,252,15.917284330290707,4.738451378564815,11.178832951725893,20.655735708855524,5
scale_default,Epsilon_Greedy,epsilon=0.05,253,16.08174641328948,4.782410925533231,11.299335487756249,20.86415733882271,5
scale_default,Epsilon_Greedy,epsilon=0.05,254,16.249760208535687,4.8555980705841915,11.394162137951495,21.105358279119876,5
scale_default,Epsilon_Greedy,epsilon=0.05,255,16.397253978538043,4.946306931029399,11.450947047508643,21.343560909567444,5
scale_default,Epsilon_Greedy,epsilon=0.05,256,16.503705277997266,4.943413798156116,11.560291479841151,21.44711907615338,5
scale_default,Epsilon_Greedy,epsilon=0.05,257,16.721305645036686,5.024969057728598,11.696336587308089,21.746274702765284,5
scale_default,Epsilon_Greedy,epsilon=0.05,258,16.85882590849281,5.038662052195067,11.820163856297743,21.89748796068788,5
scale_default,Epsilon_Greedy,epsilon=0.05,259,17.008010524589004,5.058403036217022,11.949607488371981,22.066413560806026,5
scale_default,Epsilon_Greedy,epsilon=0.05,260,17.163915205261667,5.175991314987189,11.987923890274477,22.339906520248856,5
scale_default,Epsilon_Greedy,epsilon=0.05,261,17.512766310624805,5.248796776118881,12.263969534505925,22.761563086743685,5
scale_default,Epsilon_Greedy,epsilon=0.05,262,17.627875809315544,5.28003535179637,12.347840457519174,22.90791116111191,5
scale_default,Epsilon_Greedy,epsilon=0.05,263,17.78308270772056,5.322155284960668,12.460927422759891,23.10523799268123,5
scale_default,Epsilon_Greedy,epsilon=0.05,264,18.018320845583972,5.337236135470983,12.681084710112989,23.355556981054953,5
scale_default,Epsilon_Greedy,epsilon=0.05,265,18.241277030841253,5.530465571417843,12.710811459423411,23.771742602259096,5
scale_default,Epsilon_Greedy,epsilon=0.05,266,18.414385372774774,5.559610842761086,12.854774530013689,23.97399621553586,5
scale_default,Epsilon_Greedy,epsilon=0.05,267,18.61416272403036,5.532971832420192,13.08119089161017,24.147134556450553,5
scale_default,Epsilon_Greedy,epsilon=0.05,268,18.81022136302952,5.670097700496302,13.140123662533217,24.480319063525823,5
scale_default,Epsilon_Greedy,epsilon=0.05,269,18.95816612020614,5.581490273043502,13.376675847162637,24.539656393249643,5
scale_default,Epsilon_Greedy,epsilon=0.05,270,19.122474238043754,5.628862225984088,13.493612012059666,24.751336464027844,5
scale_default,Epsilon_Greedy,epsilon=0.05,271,19.30502888304636,5.629520798807995,13.675508084238366,24.934549681854357,5
scale_default,Epsilon_Greedy,epsilon=0.05,272,19.535070951832818,5.739880444611235,13.795190507221584,25.274951396444052,5
scale_default,Epsilon_Greedy,epsilon=0.05,273,19.752724475692474,5.747784758332671,14.004939717359804,25.500509234025145,5
scale_default,Epsilon_Greedy,epsilon=0.05,274,19.881685328519183,5.779737416485301,14.101947912033882,25.661422745004483,5
scale_default,Epsilon_Greedy,epsilon=0.05,275,20.150651660487092,5.859686954511968,14.290964705975124,26.01033861499906,5
scale_default,Epsilon_Greedy,epsilon=0.05,276,20.386459276354234,5.894457981351012,14.492001295003222,26.280917257705248,5
scale_default,Epsilon_Greedy,epsilon=0.05,277,20.661340326360442,5.951212647581364,14.710127678779077,26.612552973941806,5
scale_default,Epsilon_Greedy,epsilon=0.05,278,20.90878448565519,5.914510306433571,14.99427417922162,26.82329479208876,5
scale_default,Epsilon_Greedy,epsilon=0.05,279,21.181283146777208,6.019495036552358,15.161788110224851,27.200778183329565,5
scale_default,Epsilon_Greedy,epsilon=0.05,280,21.462574286815418,6.048652076179362,15.413922210636056,27.51122636299478,5
scale_default,Epsilon_Greedy,epsilon=0.05,281,21.564624603917192,6.159927567228731,15.40469703668846,27.724552171145923,5
scale_default,Epsilon_Greedy,epsilon=0.05,282,21.682415942979723,6.173783793771349,15.508632149208374,27.856199736751073,5
scale_default,Epsilon_Greedy,epsilon=0.05,283,21.80345123493449,6.155355887363375,15.648095347571115,27.958807122297863,5
scale_default,Epsilon_Greedy,epsilon=0.05,284,21.981433869756177,6.301535165979726,15.679898703776452,28.282969035735903,5
scale_default,Epsilon_Greedy,epsilon=0.05,285,22.0985330994121,6.384259059474732,15.714274039937369,28.482792158886834,5
scale_default,Epsilon_Greedy,epsilon=0.05,286,22.265127896680305,6.291696527056344,15.97343136962396,28.55682442373665,5
scale_default,Epsilon_Greedy,epsilon=0.05,287,22.39684932004237,6.327673545909934,16.069175774132436,28.724522865952306,5
scale_default,Epsilon_Greedy,epsilon=0.05,288,22.701456033169954,6.445062294904709,16.256393738265245,29.146518328074663,5
scale_default,Epsilon_Greedy,epsilon=0.05,289,22.826774550527865,6.388186111719603,16.438588438808264,29.214960662247467,5
scale_default,Epsilon_Greedy,epsilon=0.05,290,23.075703542509785,6.315729264880967,16.759974277628817,29.391432807390753,5
scale_default,Epsilon_Greedy,epsilon=0.05,291,23.33427629091549,6.412954482226051,16.921321808689438,29.747230773141542,5
scale_default,Epsilon_Greedy,epsilon=0.05,292,23.487573582900474,6.2316776020282205,17.255895980872253,29.719251184928694,5
scale_default,Epsilon_Greedy,epsilon=0.05,293,23.71153201097396,6.339337610574729,17.37219440039923,30.050869621548692,5
scale_default,Epsilon_Greedy,epsilon=0.05,294,23.876938651048643,6.337026801748456,17.53991184930019,30.213965452797098,5
scale_default,Epsilon_Greedy,epsilon=0.05,295,24.07207968351498,6.297643148494486,17.77443653502049,30.369722832009465,5
scale_default,Epsilon_Greedy,epsilon=0.05,296,24.408265614671457,6.454774261792088,17.953491352879368,30.863039876463546,5
scale_default,Epsilon_Greedy,epsilon=0.05,297,24.533911311800914,6.502887930111215,18.0310233816897,31.036799241912128,5
scale_default,Epsilon_Greedy,epsilon=0.05,298,24.69619619005746,6.586930051936812,18.10926613812065,31.28312624199427,5
scale_default,Epsilon_Greedy,epsilon=0.05,299,24.910329406990286,6.734905627792228,18.175423779198056,31.645235034782516,5
scale_default,Epsilon_Greedy,epsilon=0.05,300,25.105655632751024,6.724537187510482,18.381118445240542,31.830192820261505,5
scale_default,Epsilon_Greedy,epsilon=0.05,301,25.269163002257915,6.691200141975972,18.577962860281943,31.960363144233888,5
scale_default,Epsilon_Greedy,epsilon=0.05,302,25.575636676023844,6.715298449463395,18.86033822656045,32.29093512548724,5
scale_default,Epsilon_Greedy,epsilon=0.05,303,25.75445147336945,6.772568502395573,18.981882970973878,32.52701997576502,5
scale_default,Epsilon_Greedy,epsilon=0.05,304,25.95603345367752,6.8022077394113225,19.153825714266198,32.75824119308884,5
scale_default,Epsilon_Greedy,epsilon=0.05,305,26.10975653597269,6.858680385559085,19.251076150413603,32.968436921531776,5
scale_default,Epsilon_Greedy,epsilon=0.05,306,26.345795458800627,6.9584832487386885,19.38731221006194,33.30427870753932,5
scale_default,Epsilon_Greedy,epsilon=0.05,307,26.433090010698958,6.900097995509899,19.53299201518906,33.33318800620886,5
scale_default,Epsilon_Greedy,epsilon=0.05,308,26.585347858145106,6.886974898242544,19.698372959902564,33.47232275638765,5
scale_default,Epsilon_Greedy,epsilon=0.05,309,26.719577657218156,6.956559420565204,19.763018236652954,33.67613707778336,5
scale_default,Epsilon_Greedy,epsilon=0.05,310,26.91213668055759,6.944617610748285,19.967519069809306,33.856754291305876,5
scale_default,Epsilon_Greedy,epsilon=0.05,311,27.050206882468196,6.93536606835649,20.114840814111705,33.98557295082469,5
scale_default,Epsilon_Greedy,epsilon=0.05,312,27.199760183554694,6.883833254627056,20.315926928927638,34.08359343818175,5
scale_default,Epsilon_Greedy,epsilon=0.05,313,27.340695228441867,6.95302931874242,20.387665909699447,34.29372454718428,5
scale_default,Epsilon_Greedy,epsilon=0.05,314,27.488216396216465,6.9959337924181115,20.492282603798355,34.48415018863458,5
scale_default,Epsilon_Greedy,epsilon=0.05,315,27.638194146899117,6.938542203556843,20.699651943342275,34.57673635045596,5
scale_default,Epsilon_Greedy,epsilon=0.05,316,27.81002709350343,6.962906999210507,20.847120094292922,34.77293409271394,5
scale_default,Epsilon_Greedy,epsilon=0.05,317,28.058793688160232,6.926642145356545,21.132151542803687,34.985435833516775,5
scale_default,Epsilon_Greedy,epsilon=0.05,318,28.15841046001025,6.879180911712079,21.27922954829817,35.03759137172233,5
scale_default,Epsilon_Greedy,epsilon=0.05,319,28.277088820581366,6.926009928880929,21.351078891700435,35.20309874946229,5
scale_default,Epsilon_Greedy,epsilon=0.05,320,28.513035749472653,7.009807722201873,21.50322802727078,35.52284347167453,5
scale_default,Epsilon_Greedy,epsilon=0.05,321,28.653637001737206,7.007255349689089,21.646381652048117,35.6608923514263,5
scale_default,Epsilon_Greedy,epsilon=0.05,322,28.871632251468373,7.046363576143143,21.82526867532523,35.91799582761152,5
scale_default,Epsilon_Greedy,epsilon=0.05,323,29.01007031094676,7.037080128974631,21.97299018197213,36.04715043992139,5
scale_default,Epsilon_Greedy,epsilon=0.05,324,29.285733105311415,7.007206434215318,22.278526671096095,36.292939539526735,5
scale_default,Epsilon_Greedy,epsilon=0.05,325,29.653211445882544,7.220468861822352,22.432742584060193,36.873680307704895,5
scale_default,Epsilon_Greedy,epsilon=0.05,326,29.741601893371513,7.192631306765906,22.548970586605606,36.93423320013742,5
scale_default,Epsilon_Greedy,epsilon=0.05,327,29.886620496757153,7.133145741672825,22.753474755084326,37.01976623842998,5
scale_default,Epsilon_Greedy,epsilon=0.05,328,29.969658744018904,7.106455507727829,22.863203236291074,37.07611425174673,5
scale_default,Epsilon_Greedy,epsilon=0.05,329,30.03724869511857,7.094019828332853,22.943228866785716,37.131268523451425,5
scale_default,Epsilon_Greedy,epsilon=0.05,330,30.27868308134014,6.972594891620397,23.306088189719745,37.25127797296054,5
scale_default,Epsilon_Greedy,epsilon=0.05,331,30.489227582645896,7.141329883936388,23.34789769870951,37.63055746658228,5
scale_default,Epsilon_Greedy,epsilon=0.05,332,30.63017405393375,7.120490755323766,23.509683298609986,37.750664809257515,5
scale_default,Epsilon_Greedy,epsilon=0.05,333,30.770041340223383,7.099799173392777,23.670242166830604,37.86984051361616,5
scale_default,Epsilon_Greedy,epsilon=0.05,334,30.903842260597628,7.121421879307022,23.782420381290606,38.02526413990465,5
scale_default,Epsilon_Greedy,epsilon=0.05,335,31.19872759954538,7.22130733721633,23.977420262329048,38.42003493676171,5
scale_default,Epsilon_Greedy,epsilon=0.05,336,31.29056908901037,7.2323912530393475,24.058177835971023,38.522960342049714,5
scale_default,Epsilon_Greedy,epsilon=0.05,337,31.4385316712107,7.238323101666883,24.20020856954382,38.67685477287758,5
scale_default,Epsilon_Greedy,epsilon=0.05,338,31.572371784790175,7.244048921804731,24.328322862985445,38.816420706594904,5
scale_default,Epsilon_Greedy,epsilon=0.05,339,31.68122339483535,7.1920479506256765,24.48917544420967,38.87327134546103,5
scale_default,Epsilon_Greedy,epsilon=0.05,340,31.782097994255043,7.1052272379250105,24.676870756330032,38.88732523218005,5
scale_default,Epsilon_Greedy,epsilon=0.05,341,31.905490191886496,7.108010337517743,24.797479854368753,39.01350052940424,5
scale_default,Epsilon_Greedy,epsilon=0.05,342,32.24094723713715,7.0128656159358025,25.228081621201348,39.25381285307295,5
scale_default,Epsilon_Greedy,epsilon=0.05,343,32.372930136262255,7.0073413923668495,25.365588743895405,39.3802715286291,5
scale_default,Epsilon_Greedy,epsilon=0.05,344,32.50323642649978,7.016824788241487,25.486411638258296,39.52006121474127,5
scale_default,Epsilon_Greedy,epsilon=0.05,345,32.61597412938621,7.093535557308986,25.522438572077224,39.7095096866952,5
scale_default,Epsilon_Greedy,epsilon=0.05,346,32.73787419479174,7.0596240935870105,25.678250101204732,39.797498288378755,5
scale_default,Epsilon_Greedy,epsilon=0.05,347,32.90431684508256,6.985915948368627,25.918400896713933,39.89023279345119,5
scale_default,Epsilon_Greedy,epsilon=0.05,348,33.11826522463847,7.035393012068481,26.08287221256999,40.15365823670695,5
scale_default,Epsilon_Greedy,epsilon=0.05,349,33.289651392686174,7.114603170560912,26.175048222125262,40.404254563247086,5
scale_default,Epsilon_Greedy,epsilon=0.05,350,33.445124269703186,7.113372835842213,26.331751433860973,40.5584971055454,5
scale_default,Epsilon_Greedy,epsilon=0.05,351,33.484419960247926,7.16022471253488,26.324195247713046,40.6446446727828,5
scale_default,Epsilon_Greedy,epsilon=0.05,352,33.556702863425286,7.115875091715392,26.440827771709895,40.67257795514068,5
scale_default,Epsilon_Greedy,epsilon=0.05,353,33.845829405316586,7.23314663367402,26.612682771642564,41.078976038990604,5
scale_default,Epsilon_Greedy,epsilon=0.05,354,34.04087494798715,7.155204073836084,26.885670874151064,41.19607902182323,5
scale_default,Epsilon_Greedy,epsilon=0.05,355,34.120444187468884,7.212729949220355,26.90771423824853,41.33317413668924,5
scale_default,Epsilon_Greedy,epsilon=0.05,356,34.29502693275237,7.252552923584402,27.042474009167968,41.547579856336775,5
scale_default,Epsilon_Greedy,epsilon=0.05,357,34.581602552024,7.3352023155606805,27.246400236463323,41.91680486758468,5
scale_default,Epsilon_Greedy,epsilon=0.05,358,34.77535785084584,7.389854030717064,27.38550382012878,42.16521188156291,5
scale_default,Epsilon_Greedy,epsilon=0.05,359,34.94853071725521,7.407064306131953,27.541466411123256,42.35559502338716,5
scale_default,Epsilon_Greedy,epsilon=0.05,360,35.11887624021101,7.548403550271919,27.570472689939088,42.66727979048293,5
scale_default,Epsilon_Greedy,epsilon=0.05,361,35.20617381542939,7.570202261521521,27.635971553907865,42.77637607695091,5
scale_default,Epsilon_Greedy,epsilon=0.05,362,35.41298332914117,7.667075929870159,27.74590739927101,43.08005925901133,5
scale_default,Epsilon_Greedy,epsilon=0.05,363,35.698796377130705,7.734488492350968,27.964307884779736,43.433284869481675,5
scale_default,Epsilon_Greedy,epsilon=0.05,364,35.8148431134426,7.761673482193329,28.05316963124927,43.57651659563593,5
scale_default,Epsilon_Greedy,epsilon=0.05,365,36.12375815251112,7.821560880455826,28.302197272055295,43.94531903296695,5
scale_default,Epsilon_Greedy,epsilon=0.05,366,36.246772154739446,7.730229262633044,28.5165428921064,43.97700141737249,5
scale_default,Epsilon_Greedy,epsilon=0.05,367,36.3858317744875,7.812663792389011,28.57316798209849,44.19849556687651,5
scale_default,Epsilon_Greedy,epsilon=0.05,368,36.63599391188781,7.635590336262195,29.000403575625615,44.271584248150006,5
scale_default,Epsilon_Greedy,epsilon=0.05,369,36.766876605176165,7.5953235291606855,29.171553076015478,44.36220013433685,5
scale_default,Epsilon_Greedy,epsilon=0.05,370,36.95970881769735,7.634203517948051,29.325505299749295,44.5939123356454,5
scale_default,Epsilon_Greedy,epsilon=0.05,371,37.29198425541405,7.600803585349378,29.69118067006467,44.892787840763425,5
scale_default,Epsilon_Greedy,epsilon=0.05,372,37.4335963320009,7.562085494923461,29.87151083707744,44.99568182692436,5
scale_default,Epsilon_Greedy,epsilon=0.05,373,37.513884983446445,7.492156862278351,30.021728121168096,45.006041845724795,5
scale_default,Epsilon_Greedy,epsilon=0.05,374,37.633826389330366,7.4639210086675565,30.16990538066281,45.09774739799792,5
scale_default,Epsilon_Greedy,epsilon=0.05,375,37.870563240036574,7.563351970380965,30.30721126965561,45.43391521041754,5
scale_default,Epsilon_Greedy,epsilon=0.05,376,38.09351815058647,7.611089557476694,30.482428593109773,45.704607708063165,5
scale_default,Epsilon_Greedy,epsilon=0.05,377,38.234454680434524,7.629188031800256,30.60526664863427,45.86364271223478,5
scale_default,Epsilon_Greedy,epsilon=0.05,378,38.338050223051695,7.6004739057713975,30.737576317280297,45.93852412882309,5
scale_default,Epsilon_Greedy,epsilon=0.05,379,38.67997649746642,7.757039824989652,30.922936672476766,46.437016322456074,5
scale_default,Epsilon_Greedy,epsilon=0.05,380,38.86707678865727,7.685289100865101,31.18178768779217,46.55236588952237,5
scale_default,Epsilon_Greedy,epsilon=0.05,381,38.983463908647,7.641853942240436,31.341609966406565,46.62531785088744,5
scale_default,Epsilon_Greedy,epsilon=0.05,382,39.12003102606154,7.6499964100851825,31.470034615976356,46.77002743614672,5
scale_default,Epsilon_Greedy,epsilon=0.05,383,39.21829199312616,7.737754994357392,31.480536998768766,46.956046987483546,5
scale_default,Epsilon_Greedy,epsilon=0.05,384,39.46267907942812,7.714736565903219,31.7479425135249,47.17741564533134,5
scale_default,Epsilon_Greedy,epsilon=0.05,385,39.74371970458729,7.838637830311083,31.90508187427621,47.58235753489838,5
scale_default,Epsilon_Greedy,epsilon=0.05,386,39.833842876310435,7.849384499452757,31.984458376857678,47.683227375763195,5
scale_default,Epsilon_Greedy,epsilon=0.05,387,40.02940121414598,7.813859567349316,32.21554164679666,47.843260781495296,5
scale_default,Epsilon_Greedy,epsilon=0.05,388,40.17306965445328,7.738516318878102,32.434553335575174,47.911585973331384,5
scale_default,Epsilon_Greedy,epsilon=0.05,389,40.38784984392349,7.759992218251238,32.62785762567225,48.14784206217473,5
scale_default,Epsilon_Greedy,epsilon=0.05,390,40.593541992585195,7.881860369056543,32.71168162352865,48.47540236164174,5
scale_default,Epsilon_Greedy,epsilon=0.05,391,40.786201835031804,7.842038271352398,32.9441635636794,48.628240106384204,5
scale_default,Epsilon_Greedy,epsilon=0.05,392,41.02917022909397,7.7524199084723335,33.27675032062164,48.781590137566305,5
scale_default,Epsilon_Greedy,epsilon=0.05,393,41.146195208976486,7.850721170433131,33.295474038543354,48.99691637940962,5
scale_default,Epsilon_Greedy,epsilon=0.05,394,41.3906739979205,7.892251574739354,33.49842242318115,49.282925572659856,5
scale_default,Epsilon_Greedy,epsilon=0.05,395,41.544681932973944,7.894024727239519,33.650657205734426,49.43870666021346,5
scale_default,Epsilon_Greedy,epsilon=0.05,396,41.67002862029039,7.984189221776358,33.685839398514034,49.65421784206674,5
scale_default,Epsilon_Greedy,epsilon=0.05,397,41.76175484686231,7.9683519750437,33.79340287181861,49.73010682190601,5
scale_default,Epsilon_Greedy,epsilon=0.05,398,42.035578065933144,7.949491842475221,34.086086223457926,49.98506990840836,5
scale_default,Epsilon_Greedy,epsilon=0.05,399,42.15986595325505,8.031593269209973,34.12827268404508,50.19145922246502,5
scale_default,Epsilon_Greedy,epsilon=0.05,400,42.35928514422596,8.125310739584135,34.23397440464182,50.484595883810094,5
scale_default,Epsilon_Greedy,epsilon=0.05,401,42.5398657315257,8.029810255153082,34.51005547637262,50.56967598667878,5
scale_default,Epsilon_Greedy,epsilon=0.05,402,42.674006762600854,8.028077537817067,34.645929224783785,50.70208430041792,5
scale_default,Epsilon_Greedy,epsilon=0.05,403,42.718852632203735,8.017732610548318,34.70112002165541,50.73658524275206,5
scale_default,Epsilon_Greedy,epsilon=0.05,404,42.86957471072511,7.937226606967131,34.93234810375798,50.80680131769224,5
scale_default,Epsilon_Greedy,epsilon=0.05,405,43.12457866396779,7.880237184059612,35.24434147990818,51.0048158480274,5
scale_default,Epsilon_Greedy,epsilon=0.05,406,43.21609416884639,7.924484385536451,35.29160978330994,51.14057855438284,5
scale_default,Epsilon_Greedy,epsilon=0.05,407,43.539390208126214,8.203064379391659,35.33632582873456,51.74245458751787,5
scale_default,Epsilon_Greedy,epsilon=0.05,408,43.6773960389629,8.247220006753205,35.430176032209694,51.9246160457161,5
scale_default,Epsilon_Greedy,epsilon=0.05,409,43.81676505286498,8.329958908313714,35.48680614455127,52.146723961178694,5
scale_default,Epsilon_Greedy,epsilon=0.05,410,44.08165432929873,8.393359411335712,35.68829491796302,52.47501374063444,5
scale_default,Epsilon_Greedy,epsilon=0.05,411,44.226676699257396,8.37486860352236,35.85180809573504,52.601545302779755,5
scale_default,Epsilon_Greedy,epsilon=0.05,412,44.48973072849132,8.345275963055489,36.144454765435825,52.83500669154681,5
scale_default,Epsilon_Greedy,epsilon=0.05,413,44.66718444661669,8.446467961904961,36.22071648471173,53.113652408521645,5
scale_default,Epsilon_Greedy,epsilon=0.05,414,44.78497446125989,8.421970816436524,36.363003644823365,53.20694527769642,5
scale_default,Epsilon_Greedy,epsilon=0.05,415,45.016678300040994,8.4711446424854,36.545533657555595,53.48782294252639,5
scale_default,Epsilon_Greedy,epsilon=0.05,416,45.27212616622579,8.462777873382937,36.809348292842856,53.73490403960872,5
scale_default,Epsilon_Greedy,epsilon=0.05,417,45.45396837841954,8.477991171651942,36.975977206767595,53.93195955007148,5
scale_default,Epsilon_Greedy,epsilon=0.05,418,45.85553641169373,8.523055699885367,37.33248071180836,54.378592111579096,5
scale_default,Epsilon_Greedy,epsilon=0.05,419,45.94579975115322,8.508503276589591,37.437296474563624,54.45430302774281,5
scale_default,Epsilon_Greedy,epsilon=0.05,420,46.03601286405215,8.524186847689274,37.511826016362875,54.56019971174142,5
scale_default,Epsilon_Greedy,epsilon=0.05,421,46.24548046391421,8.555451196242236,37.690029267671974,54.80093166015645,5
scale_default,Epsilon_Greedy,epsilon=0.05,422,46.45634483959638,8.651017177290012,37.80532766230637,55.1073620168864,5
scale_default,Epsilon_Greedy,epsilon=0.05,423,46.635589184583374,8.775888345720382,37.85970083886299,55.411477530303756,5
scale_default,Epsilon_Greedy,epsilon=0.05,424,46.74657540589666,8.858176084027974,37.88839932186868,55.60475148992463,5
scale_default,Epsilon_Greedy,epsilon=0.05,425,46.89285348014256,8.917548082025322,37.97530539811724,55.81040156216788,5
scale_default,Epsilon_Greedy,epsilon=0.05,426,47.09003375240532,8.986151903970958,38.10388184843436,56.076185656376275,5
scale_default,Epsilon_Greedy,epsilon=0.05,427,47.263801832606,8.89100610694042,38.37279572566558,56.154807939546416,5
scale_default,Epsilon_Greedy,epsilon=0.05,428,47.38557591766374,8.912602661771306,38.47297325589244,56.298178579435046,5
scale_default,Epsilon_Greedy,epsilon=0.05,429,47.60005873624342,8.877350973468621,38.722707762774796,56.47740970971204,5
scale_default,Epsilon_Greedy,epsilon=0.05,430,47.830411749052665,8.8669834678068,38.96342828124587,56.69739521685946,5
scale_default,Epsilon_Greedy,epsilon=0.05,431,47.98047591833423,8.854093067865174,39.12638285046906,56.8345689861994,5
scale_default,Epsilon_Greedy,epsilon=0.05,432,48.125298711494075,8.751851755539702,39.37344695595437,56.87715046703378,5
scale_default,Epsilon_Greedy,epsilon=0.05,433,48.321404075660325,8.752955062975774,39.56844901268455,57.0743591386361,5
scale_default,Epsilon_Greedy,epsilon=0.05,434,48.52989368756537,8.704239873098254,39.82565381446712,57.23413356066362,5
scale_default,Epsilon_Greedy,epsilon=0.05,435,48.74115977260884,8.711373474988438,40.029786297620404,57.45253324759727,5
scale_default,Epsilon_Greedy,epsilon=0.05,436,48.906754388304314,8.757401679691428,40.14935270861289,57.66415606799574,5
scale_default,Epsilon_Greedy,epsilon=0.05,437,49.17269822857493,8.829284398700706,40.34341382987422,58.00198262727564,5
scale_default,Epsilon_Greedy,epsilon=0.05,438,49.29769912639942,8.733087581812429,40.564611544586995,58.03078670821185,5
scale_default,Epsilon_Greedy,epsilon=0.05,439,49.41821151088296,8.698983434523893,40.71922807635907,58.11719494540685,5
scale_default,Epsilon_Greedy,epsilon=0.05,440,49.663316157991446,8.797565729452495,40.86575042853895,58.46088188744394,5
scale_default,Epsilon_Greedy,epsilon=0.05,441,49.8499396621367,8.827164256808205,41.022775405328495,58.6771039189449,5
scale_default,Epsilon_Greedy,epsilon=0.05,442,50.06464643375914,8.838384939654317,41.22626149410482,58.903031373413455,5
scale_default,Epsilon_Greedy,epsilon=0.05,443,50.212921913294124,8.84705358996972,41.365868323324406,59.05997550326384,5
scale_default,Epsilon_Greedy,epsilon=0.05,444,50.47525981003513,8.883930686701621,41.59132912333351,59.35919049673676,5
scale_default,Epsilon_Greedy,epsilon=0.05,445,50.5682377517861,8.903736290400525,41.664501461385576,59.47197404218662,5
scale_default,Epsilon_Greedy,epsilon=0.05,446,50.697876520659776,8.92694737803911,41.770929142620666,59.624823898698885,5
scale_default,Epsilon_Greedy,epsilon=0.05,447,50.85860323026015,8.817757314232944,42.04084591602721,59.67636054449309,5
scale_default,Epsilon_Greedy,epsilon=0.05,448,51.068717378779,8.953017473655818,42.11569990512318,60.02173485243482,5
scale_default,Epsilon_Greedy,epsilon=0.05,449,51.28376422194326,8.863564704746292,42.42019951719696,60.14732892668955,5
scale_default,Epsilon_Greedy,epsilon=0.05,450,51.380488633912115,8.778659750140472,42.601828883771645,60.159148384052585,5
scale_default,Epsilon_Greedy,epsilon=0.05,451,51.53456092049495,8.68587762352334,42.84868329697161,60.220438544018286,5
scale_default,Epsilon_Greedy,epsilon=0.05,452,51.624119064476815,8.651697182885028,42.972421881591785,60.275816247361846,5
scale_default,Epsilon_Greedy,epsilon=0.05,453,51.90778903869418,8.813083996367563,43.09470504232662,60.72087303506174,5
scale_default,Epsilon_Greedy,epsilon=0.05,454,52.03208820998848,8.751816951002876,43.28027125898561,60.78390516099135,5
scale_default,Epsilon_Greedy,epsilon=0.05,455,52.16532664994376,8.78811146821216,43.3772151817316,60.953438118155916,5
scale_default,Epsilon_Greedy,epsilon=0.05,456,52.289728365815336,8.756985810670004,43.53274255514533,61.04671417648534,5
scale_default,Epsilon_Greedy,epsilon=0.05,457,52.40617752023521,8.774440269057523,43.63173725117769,61.18061778929273,5
scale_default,Epsilon_Greedy,epsilon=0.05,458,52.58208835447963,8.800282652708432,43.7818057017712,61.38237100718806,5
scale_default,Epsilon_Greedy,epsilon=0.05,459,52.7142351050547,8.834968314610192,43.879266790444504,61.54920341966489,5
scale_default,Epsilon_Greedy,epsilon=0.05,460,52.86903993418157,8.81552292105638,44.053517013125195,61.68456285523795,5
scale_default,Epsilon_Greedy,epsilon=0.05,461,52.9294764860176,8.782687448605113,44.14678903741249,61.71216393462271,5
scale_default,Epsilon_Greedy,epsilon=0.05,462,53.190933787670964,8.75461624715661,44.43631754051435,61.945550034827576,5
scale_default,Epsilon_Greedy,epsilon=0.05,463,53.3325205441145,8.827771321490687,44.504749222623815,62.16029186560519,5
scale_default,Epsilon_Greedy,epsilon=0.05,464,53.43669727585268,8.76720422356395,44.66949305228873,62.20390149941663,5
scale_default,Epsilon_Greedy,epsilon=0.05,465,53.68541937930756,8.623425669812892,45.06199370949467,62.30884504912045,5
scale_default,Epsilon_Greedy,epsilon=0.05,466,53.832414440521575,8.623616398380332,45.20879804214124,62.45603083890191,5
scale_default,Epsilon_Greedy,epsilon=0.05,467,53.98385723636619,8.579557297436047,45.404299938930144,62.56341453380224,5
scale_default,Epsilon_Greedy,epsilon=0.05,468,54.166295819771925,8.557431873292613,45.60886394647931,62.72372769306454,5
scale_default,Epsilon_Greedy,epsilon=0.05,469,54.343341881491405,8.585255358932548,45.758086522558855,62.928597240423954,5
scale_default,Epsilon_Greedy,epsilon=0.05,470,54.61199177706411,8.627734849115374,45.984256927948735,63.23972662617949,5
scale_default,Epsilon_Greedy,epsilon=0.05,471,54.89865140752348,8.526003797240579,46.372647610282904,63.42465520476406,5
scale_default,Epsilon_Greedy,epsilon=0.05,472,55.18616520647164,8.755183879343843,46.430981327127796,63.94134908581549,5
scale_default,Epsilon_Greedy,epsilon=0.05,473,55.42760497478181,8.883292756720039,46.54431221806177,64.31089773150185,5
scale_default,Epsilon_Greedy,epsilon=0.05,474,55.634992795898356,9.007736504294543,46.627256291603814,64.6427293001929,5
scale_default,Epsilon_Greedy,epsilon=0.05,475,55.84224036493437,9.0693873436509,46.77285302128347,64.91162770858527,5
scale_default,Epsilon_Greedy,epsilon=0.05,476,55.97755239386237,8.98501990236979,46.992532491492575,64.96257229623215,5
scale_default,Epsilon_Greedy,epsilon=0.05,477,56.24749821459396,8.956289518935987,47.29120869565797,65.20378773352995,5
scale_default,Epsilon_Greedy,epsilon=0.05,478,56.528403894166125,8.915581823654957,47.61282207051117,65.44398571782108,5
scale_default,Epsilon_Greedy,epsilon=0.05,479,56.70400859968741,8.82373262469416,47.88027597499325,65.52774122438157,5
scale_default,Epsilon_Greedy,epsilon=0.05,480,56.95870550542668,8.896416679060787,48.062288826365894,65.85512218448747,5
scale_default,Epsilon_Greedy,epsilon=0.05,481,57.188416948450616,8.983005724383542,48.20541122406708,66.17142267283415,5
scale_default,Epsilon_Greedy,epsilon=0.05,482,57.408972807447434,9.106561298069105,48.30241150937833,66.51553410551654,5
scale_default,Epsilon_Greedy,epsilon=0.05,483,57.593365680054525,9.195678116488612,48.39768756356591,66.78904379654314,5
scale_default,Epsilon_Greedy,epsilon=0.05,484,57.65974065683338,9.18591435146827,48.47382630536511,66.84565500830165,5
scale_default,Epsilon_Greedy,epsilon=0.05,485,57.924973400767065,9.409501500976283,48.51547189979078,67.33447490174335,5
scale_default,Epsilon_Greedy,epsilon=0.05,486,58.16232673974588,9.446463929120947,48.715862810624934,67.60879066886683,5
scale_default,Epsilon_Greedy,epsilon=0.05,487,58.26004359039272,9.440983126329925,48.819060464062794,67.70102671672265,5
scale_default,Epsilon_Greedy,epsilon=0.05,488,58.350983253608504,9.507230581286656,48.84375267232185,67.85821383489517,5
scale_default,Epsilon_Greedy,epsilon=0.05,489,58.470240167176485,9.451081187232463,49.019158979944024,67.92132135440895,5
scale_default,Epsilon_Greedy,epsilon=0.05,490,58.61793382917976,9.491235784647587,49.126698044532176,68.10916961382735,5
scale_default,Epsilon_Greedy,epsilon=0.05,491,58.86148928955181,9.553570512165853,49.30791877738596,68.41505980171766,5
scale_default,Epsilon_Greedy,epsilon=0.05,492,59.0567134697143,9.709223880445428,49.347489589268875,68.76593735015973,5
scale_default,Epsilon_Greedy,epsilon=0.05,493,59.15634208564934,9.71952973082047,49.436812354828874,68.87587181646981,5
scale_default,Epsilon_Greedy,epsilon=0.05,494,59.30811785589494,9.747028664655996,49.56108919123895,69.05514652055093,5
scale_default,Epsilon_Greedy,epsilon=0.05,495,59.563694978871865,9.596987324880734,49.96670765399113,69.1606823037526,5
scale_default,Epsilon_Greedy,epsilon=0.05,496,59.80777666113164,9.608462635678176,50.19931402545346,69.41623929680982,5
scale_default,Epsilon_Greedy,epsilon=0.05,497,59.95290564469117,9.720222525608866,50.2326831190823,69.67312817030003,5
scale_default,Epsilon_Greedy,epsilon=0.05,498,60.13891305636179,9.751548724112023,50.38736433224976,69.89046178047381,5
scale_default,Epsilon_Greedy,epsilon=0.05,499,60.36034317525522,9.82650584428322,50.533837330972,70.18684901953844,5
scale_default,Epsilon_Greedy,epsilon=0.05,500,60.63229190112465,9.872695648891145,50.75959625223351,70.5049875500158,5
scale_default,Epsilon_Greedy,epsilon=0.05,501,60.78867169057439,9.905253471394467,50.88341821917992,70.69392516196885,5
scale_default,Epsilon_Greedy,epsilon=0.05,502,61.079232356454625,10.015028252411044,51.06420410404358,71.09426060886567,5
scale_default,Epsilon_Greedy,epsilon=0.05,503,61.228612936818024,9.98703667901156,51.241576257806464,71.21564961582959,5
scale_default,Epsilon_Greedy,epsilon=0.05,504,61.475155541801904,10.022039951879323,51.45311558992258,71.49719549368123,5
scale_default,Epsilon_Greedy,epsilon=0.05,505,61.817007476910895,9.934661695173114,51.88234578173778,71.75166917208401,5
scale_default,Epsilon_Greedy,epsilon=0.05,506,61.922823726930595,9.927185507535636,51.99563821939496,71.85000923446623,5
scale_default,Epsilon_Greedy,epsilon=0.05,507,62.11470730400115,10.025717234975302,52.08899006902585,72.14042453897645,5
scale_default,Epsilon_Greedy,epsilon=0.05,508,62.22207734372531,9.999229032238269,52.22284831148704,72.22130637596358,5
scale_default,Epsilon_Greedy,epsilon=0.05,509,62.35044808345431,10.030255337099298,52.32019274635501,72.3807034205536,5
scale_default,Epsilon_Greedy,epsilon=0.05,510,62.65234155844738,10.069225357332837,52.58311620111455,72.72156691578022,5
scale_default,Epsilon_Greedy,epsilon=0.05,511,62.75301582272614,10.056036758233335,52.69697906449281,72.80905258095947,5
scale_default,Epsilon_Greedy,epsilon=0.05,512,62.9989460650025,10.049244627117346,52.94970143788515,73.04819069211985,5
scale_default,Epsilon_Greedy,epsilon=0.05,513,63.17345155108198,9.984679312679374,53.188772238402606,73.15813086376136,5
scale_default,Epsilon_Greedy,epsilon=0.05,514,63.348519058369604,10.032181959423346,53.316337098946256,73.38070101779294,5
scale_default,Epsilon_Greedy,epsilon=0.05,515,63.51616231335352,9.911902728698202,53.60425958465532,73.42806504205171,5
scale_default,Epsilon_Greedy,epsilon=0.05,516,63.66537163784536,9.906066430281816,53.75930520756354,73.57143806812718,5
scale_default,Epsilon_Greedy,epsilon=0.05,517,63.93728270082215,9.832630145922607,54.104652554899545,73.76991284674476,5
scale_default,Epsilon_Greedy,epsilon=0.05,518,64.05577809593424,9.85410165276468,54.20167644316956,73.90987974869893,5
scale_default,Epsilon_Greedy,epsilon=0.05,519,64.18521115961364,9.797001064581524,54.38821009503212,73.98221222419517,5
scale_default,Epsilon_Greedy,epsilon=0.05,520,64.45718160360555,9.78701536615166,54.670166237453884,74.24419696975721,5
scale_default,Epsilon_Greedy,epsilon=0.05,521,64.58093879803907,9.851093534744164,54.729845263294905,74.43203233278324,5
scale_default,Epsilon_Greedy,epsilon=0.05,522,64.91822668782363,9.804193291219978,55.11403339660366,74.72241997904361,5
scale_default,Epsilon_Greedy,epsilon=0.05,523,64.99772993119242,9.857634336606257,55.14009559458617,74.85536426779868,5
scale_default,Epsilon_Greedy,epsilon=0.05,524,65.17166034480758,9.912859387886531,55.25880095692105,75.0845197326941,5
scale_default,Epsilon_Greedy,epsilon=0.05,525,65.39850290740011,10.021811600356376,55.37669130704374,75.42031450775649,5
scale_default,Epsilon_Greedy,epsilon=0.05,526,65.60447261210913,10.006930611211049,55.59754200089809,75.61140322332018,5
scale_default,Epsilon_Greedy,epsilon=0.05,527,65.75026899610097,9.885510754179853,55.864758241921116,75.63577975028082,5
scale_default,Epsilon_Greedy,epsilon=0.05,528,65.9578992284049,9.933777424890971,56.02412180351393,75.89167665329587,5
scale_default,Epsilon_Greedy,epsilon=0.05,529,66.16232513031268,9.945661576665714,56.21666355364697,76.1079867069784,5
scale_default,Epsilon_Greedy,epsilon=0.05,530,66.45237138856956,10.013209819479846,56.43916156908971,76.4655812080494,5
scale_default,Epsilon_Greedy,epsilon=0.05,531,66.67891794508611,10.03614306943994,56.642774875646175,76.71506101452606,5
scale_default,Epsilon_Greedy,epsilon=0.05,532,66.93735987561857,9.99064021612834,56.94671965949023,76.92800009174691,5
scale_default,Epsilon_Greedy,epsilon=0.05,533,67.07090935617481,9.988588974204356,57.082320381970455,77.05949833037917,5
scale_default,Epsilon_Greedy,epsilon=0.05,534,67.20964435888348,10.03910539453141,57.17053896435207,77.24874975341488,5
scale_default,Epsilon_Greedy,epsilon=0.05,535,67.36244674621223,9.99672082796063,57.3657259182516,77.35916757417286,5
scale_default,Epsilon_Greedy,epsilon=0.05,536,67.45510352348771,9.998875872719958,57.45622765076775,77.45397939620767,5
scale_default,Epsilon_Greedy,epsilon=0.05,537,67.69553594883348,10.101047140873966,57.594488807959515,77.79658308970744,5
scale_default,Epsilon_Greedy,epsilon=0.05,538,67.76622324295677,10.063850085832742,57.70237315712403,77.83007332878951,5
scale_default,Epsilon_Greedy,epsilon=0.05,539,68.00079765813038,10.015398490428273,57.985399167702106,78.01619614855865,5
scale_default,Epsilon_Greedy,epsilon=0.05,540,68.10730374709287,10.04744853125309,58.05985521583978,78.15475227834597,5
scale_default,Epsilon_Greedy,epsilon=0.05,541,68.31576109944426,10.069671976107186,58.24608912333707,78.38543307555145,5
scale_default,Epsilon_Greedy,epsilon=0.05,542,68.43247629010234,10.11333126980075,58.31914502030159,78.5458075599031,5
scale_default,Epsilon_Greedy,epsilon=0.05,543,68.7338904142681,10.153076680954314,58.58081373331379,78.88696709522242,5
scale_default,Epsilon_Greedy,epsilon=0.05,544,68.98912899804158,10.26213171372144,58.72699728432014,79.25126071176302,5
scale_default,Epsilon_Greedy,epsilon=0.05,545,69.2303399405028,10.413248238168599,58.8170917023342,79.6435881786714,5
scale_default,Epsilon_Greedy,epsilon=0.05,546,69.42170358621816,10.346304501623338,59.07539908459482,79.7680080878415,5
scale_default,Epsilon_Greedy,epsilon=0.05,547,69.60470397030915,10.537653719502249,59.0670502508069,80.14235768981139,5
scale_default,Epsilon_Greedy,epsilon=0.05,548,70.0231923010655,10.667331881359324,59.35586041970618,80.69052418242484,5
scale_default,Epsilon_Greedy,epsilon=0.05,549,70.42341857302824,10.78954398096116,59.63387459206709,81.2129625539894,5
scale_default,Epsilon_Greedy,epsilon=0.05,550,70.67300791035008,10.81401771469101,59.85899019565907,81.48702562504108,5
scale_default,Epsilon_Greedy,epsilon=0.05,551,70.77301822186207,10.787025773784068,59.98599244807801,81.56004399564614,5
scale_default,Epsilon_Greedy,epsilon=0.05,552,71.0506953283402,10.815406830872332,60.23528849746786,81.86610215921253,5
scale_default,Epsilon_Greedy,epsilon=0.05,553,71.41614627770271,10.911378072618986,60.50476820508372,82.3275243503217,5
scale_default,Epsilon_Greedy,epsilon=0.05,554,71.58262019038796,10.793130257660147,60.78948993272781,82.37575044804811,5
scale_default,Epsilon_Greedy,epsilon=0.05,555,71.69789841886184,10.796935459280498,60.90096295958134,82.49483387814234,5
scale_default,Epsilon_Greedy,epsilon=0.05,556,71.9227025692141,10.887908843203036,61.03479372601106,82.81061141241713,5
scale_default,Epsilon_Greedy,epsilon=0.05,557,72.04988493314204,10.975681420791577,61.074203512350465,83.02556635393361,5
scale_default,Epsilon_Greedy,epsilon=0.05,558,72.28608842714411,11.097449620015496,61.18863880712861,83.3835380471596,5
scale_default,Epsilon_Greedy,epsilon=0.05,559,72.3732865065875,11.19244869194488,61.18083781464262,83.56573519853238,5
scale_default,Epsilon_Greedy,epsilon=0.05,560,72.54481972009573,11.188689743453416,61.356129976642315,83.73350946354915,5
scale_default,Epsilon_Greedy,epsilon=0.05,561,72.71067002424525,11.340994011251594,61.36967601299365,84.05166403549684,5
scale_default,Epsilon_Greedy,epsilon=0.05,562,72.91341652081397,11.420492854344168,61.4929236664698,84.33390937515813,5
scale_default,Epsilon_Greedy,epsilon=0.05,563,73.13107139430745,11.529270101055353,61.6018012932521,84.66034149536281,5
scale_default,Epsilon_Greedy,epsilon=0.05,564,73.36648459504725,11.607628099884431,61.758856495162824,84.97411269493169,5
scale_default,Epsilon_Greedy,epsilon=0.05,565,73.56313394973965,11.547840772444514,62.015293177295135,85.11097472218417,5
scale_default,Epsilon_Greedy,epsilon=0.05,566,73.64951564632989,11.507302554223784,62.142213092106104,85.15681820055367,5
scale_default,Epsilon_Greedy,epsilon=0.05,567,73.93136623581965,11.664608082374471,62.26675815344518,85.59597431819412,5
scale_default,Epsilon_Greedy,epsilon=0.05,568,74.12229314543474,11.723782349534424,62.398510795900314,85.84607549496917,5
scale_default,Epsilon_Greedy,epsilon=0.05,569,74.2997973299385,11.797310517264275,62.50248681267422,86.09710784720278,5
scale_default,Epsilon_Greedy,epsilon=0.05,570,74.47492903549858,11.778532181370077,62.6963968541285,86.25346121686866,5
scale_default,Epsilon_Greedy,epsilon=0.05,571,74.75367357971548,11.846160218797422,62.90751336091806,86.5998337985129,5
scale_default,Epsilon_Greedy,epsilon=0.05,572,74.96777319320881,11.826095438101836,63.141677755106976,86.79386863131064,5
scale_default,Epsilon_Greedy,epsilon=0.05,573,75.26941132226673,11.806178091514099,63.463233230752635,87.07558941378083,5
scale_default,Epsilon_Greedy,epsilon=0.05,574,75.44276069162456,11.659445409705949,63.783315281918604,87.10220610133051,5
scale_default,Epsilon_Greedy,epsilon=0.05,575,75.65133068637603,11.699150998699455,63.952179687676576,87.35048168507548,5
scale_default,Epsilon_Greedy,epsilon=0.05,576,75.8359227825678,11.826183182961369,64.00973959960643,87.66210596552918,5
scale_default,Epsilon_Greedy,epsilon=0.05,577,76.04683281341595,11.879531438071718,64.16730137534422,87.92636425148767,5
scale_default,Epsilon_Greedy,epsilon=0.05,578,76.22510909265382,11.91775750329302,64.3073515893608,88.14286659594684,5
scale_default,Epsilon_Greedy,epsilon=0.05,579,76.54026567159858,11.79090460794473,64.74936106365385,88.3311702795433,5
scale_default,Epsilon_Greedy,epsilon=0.05,580,76.64072857644251,11.820100709729232,64.82062786671328,88.46082928617174,5
scale_default,Epsilon_Greedy,epsilon=0.05,581,76.8732324817786,11.92775041582425,64.94548206595435,88.80098289760285,5
scale_default,Epsilon_Greedy,epsilon=0.05,582,76.97564727155452,11.942446552143798,65.03320071941073,88.91809382369831,5
scale_default,Epsilon_Greedy,epsilon=0.05,583,77.20585031845924,11.957089730503116,65.24876058795613,89.16294004896235,5
scale_default,Epsilon_Greedy,epsilon=0.05,584,77.4708492418328,11.888276414278407,65.58257282755439,89.3591256561112,5
scale_default,Epsilon_Greedy,epsilon=0.05,585,77.58934159146212,11.96305796562527,65.62628362583685,89.55239955708738,5
scale_default,Epsilon_Greedy,epsilon=0.05,586,77.71927767728455,12.01314622634597,65.70613145093859,89.73242390363052,5
scale_default,Epsilon_Greedy,epsilon=0.05,587,77.92216007935403,12.122504300121365,65.79965577923267,90.04466437947539,5
scale_default,Epsilon_Greedy,epsilon=0.05,588,78.05750633529654,12.0997690847946,65.95773725050194,90.15727542009114,5
scale_default,Epsilon_Greedy,epsilon=0.05,589,78.28120705732985,12.150408010297582,66.13079904703227,90.43161506762743,5
scale_default,Epsilon_Greedy,epsilon=0.05,590,78.49803376721168,12.211820389713246,66.28621337749843,90.70985415692493,5
scale_default,Epsilon_Greedy,epsilon=0.05,591,78.78532870801618,12.259102237106385,66.52622647090979,91.04443094512257,5
scale_default,Epsilon_Greedy,epsilon=0.05,592,79.02228114290537,12.314137139580447,66.70814400332492,91.33641828248582,5
scale_default,Epsilon_Greedy,epsilon=0.05,593,79.13398546756953,12.363776712543716,66.77020875502582,91.49776218011324,5
scale_default,Epsilon_Greedy,epsilon=0.05,594,79.24639907994597,12.34961603974497,66.896783040201,91.59601511969095,5
scale_default,Epsilon_Greedy,epsilon=0.05,595,79.31116388527576,12.381902959367967,66.9292609259078,91.69306684464372,5
scale_default,Epsilon_Greedy,epsilon=0.05,596,79.41543628209565,12.404265296028221,67.01117098606744,91.81970157812387,5
scale_default,Epsilon_Greedy,epsilon=0.05,597,79.58308144079373,12.304904774431767,67.27817666636197,91.8879862152255,5
scale_default,Epsilon_Greedy,epsilon=0.05,598,79.71859532887781,12.451377621626984,67.26721770725082,92.1699729505048,5
scale_default,Epsilon_Greedy,epsilon=0.05,599,79.8672444643787,12.494096512543287,67.37314795183542,92.36134097692198,5
scale_default,Epsilon_Greedy,epsilon=0.1,0,0.1366921610949933,0.021358123934115472,0.11533403716087783,0.15805028502910878,5
scale_default,Epsilon_Greedy,epsilon=0.1,1,0.24663188934123123,0.042033178471600305,0.20459871086963094,0.2886650678128315,5
scale_default,Epsilon_Greedy,epsilon=0.1,2,0.3555326006462792,0.10539515027591415,0.25013745037036506,0.4609277509221933,5
scale_default,Epsilon_Greedy,epsilon=0.1,3,0.46190878037258293,0.16286390431843012,0.2990448760541528,0.6247726846910131,5
scale_default,Epsilon_Greedy,epsilon=0.1,4,0.5733699405107873,0.24131297471442673,0.33205696579636057,0.814682915225214,5
scale_default,Epsilon_Greedy,epsilon=0.1,5,0.6962733622937123,0.30353396456917814,0.39273939772453414,0.9998073268628904,5
scale_default,Epsilon_Greedy,epsilon=0.1,6,0.796817164091492,0.34524501530487983,0.4515721487866121,1.1420621793963717,5
scale_default,Epsilon_Greedy,epsilon=0.1,7,0.8571048903001153,0.37135920580705944,0.48574568449305583,1.2284640961071747,5
scale_default,Epsilon_Greedy,epsilon=0.1,8,0.9212065908620708,0.411098626613381,0.5101079642486899,1.3323052174754517,5
scale_default,Epsilon_Greedy,epsilon=0.1,9,0.9792223052959163,0.4456223212507363,0.5335999840451799,1.4248446265466526,5
scale_default,Epsilon_Greedy,epsilon=0.1,10,1.0596545664841663,0.49714285515973744,0.5625117113244289,1.5567974216439038,5
scale_default,Epsilon_Greedy,epsilon=0.1,11,1.1477846473385145,0.5530247985023438,0.5947598488361707,1.7008094458408582,5
scale_default,Epsilon_Greedy,epsilon=0.1,12,1.2038733961704566,0.5913429584972126,0.612530437673244,1.7952163546676694,5
scale_default,Epsilon_Greedy,epsilon=0.1,13,1.257543078013168,0.6279457180635073,0.6295973599496607,1.8854887960766753,5
scale_default,Epsilon_Greedy,epsilon=0.1,14,1.3169472338226584,0.6767196205193627,0.6402276133032957,1.9936668543420213,5
scale_default,Epsilon_Greedy,epsilon=0.1,15,1.3761554171213288,0.6983125075913783,0.6778429095299505,2.074467924712707,5
scale_default,Epsilon_Greedy,epsilon=0.1,16,1.4277542010451574,0.7454794921601029,0.6822747088850545,2.17323369320526,5
scale_default,Epsilon_Greedy,epsilon=0.1,17,1.4922927455410764,0.8010801651890115,0.6912125803520649,2.293372910730088,5
scale_default,Epsilon_Greedy,epsilon=0.1,18,1.5512004999405264,0.8645883355994307,0.6866121643410957,2.4157888355399573,5
scale_default,Epsilon_Greedy,epsilon=0.1,19,1.6291427745500187,0.947903190875633,0.6812395836743856,2.5770459654256515,5
scale_default,Epsilon_Greedy,epsilon=0.1,20,1.689295996769534,1.001360563045625,0.687935433723909,2.6906565598151593,5
scale_default,Epsilon_Greedy,epsilon=0.1,21,1.7501126671978107,1.0696013993135725,0.6805112678842382,2.8197140665113833,5
scale_default,Epsilon_Greedy,epsilon=0.1,22,1.7967282485705163,1.1229052246661166,0.6738230239043996,2.919633473236633,5
scale_default,Epsilon_Greedy,epsilon=0.1,23,1.838965469571334,1.1676434388416805,0.6713220307296535,3.0066089084130145,5
scale_default,Epsilon_Greedy,epsilon=0.1,24,1.8711727227225174,1.1894430780652365,0.6817296446572809,3.0606158007877537,5
scale_default,Epsilon_Greedy,epsilon=0.1,25,1.9596951516953325,1.2299145576207609,0.7297805940745716,3.1896097093160933,5
scale_default,Epsilon_Greedy,epsilon=0.1,26,2.022456540385026,1.2834315271324108,0.7390250132526153,3.305888067517437,5
scale_default,Epsilon_Greedy,epsilon=0.1,27,2.0532874552078684,1.3157077554702217,0.7375796997376467,3.36899521067809,5
scale_default,Epsilon_Greedy,epsilon=0.1,28,2.082541406527743,1.342413646944241,0.7401277595835021,3.424955053471984,5
scale_default,Epsilon_Greedy,epsilon=0.1,29,2.1262638502722035,1.39219942191472,0.7340644283574835,3.5184632721869233,5
scale_default,Epsilon_Greedy,epsilon=0.1,30,2.162887020965092,1.397776372517424,0.765110648447668,3.560663393482516,5
scale_default,Epsilon_Greedy,epsilon=0.1,31,2.172691530672272,1.4042530881014919,0.76843844257078,3.576944618773764,5
scale_default,Epsilon_Greedy,epsilon=0.1,32,2.1862634999037254,1.4148125786400947,0.7714509212636307,3.6010760785438203,5
scale_default,Epsilon_Greedy,epsilon=0.1,33,2.1944858616904837,1.4198180785122214,0.7746677831782622,3.614303940202705,5
scale_default,Epsilon_Greedy,epsilon=0.1,34,2.2561037422033685,1.423854085412568,0.8322496567908004,3.6799578276159366,5
scale_default,Epsilon_Greedy,epsilon=0.1,35,2.2671742827478334,1.4324852239243755,0.8346890588234579,3.6996595066722087,5
scale_default,Epsilon_Greedy,epsilon=0.1,36,2.2946727806530087,1.4430058713396186,0.8516669093133902,3.7376786519926273,5
scale_default,Epsilon_Greedy,epsilon=0.1,37,2.3110093871999693,1.4606572464007543,0.850352140799215,3.7716666336007236,5
scale_default,Epsilon_Greedy,epsilon=0.1,38,2.325509778833221,1.469464208615252,0.8560455702179688,3.794973987448473,5
scale_default,Epsilon_Greedy,epsilon=0.1,39,2.340591682614079,1.478156910670739,0.8624347719433398,3.818748593284818,5
scale_default,Epsilon_Greedy,epsilon=0.1,40,2.3691750452834626,1.4812668504489972,0.8879081948344654,3.8504418957324598,5
scale_default,Epsilon_Greedy,epsilon=0.1,41,2.3889475064174253,1.4958356141496838,0.8931118922677415,3.884783120567109,5
scale_default,Epsilon_Greedy,epsilon=0.1,42,2.405170763278065,1.5017468522933357,0.9034239109847291,3.9069176155714005,5
scale_default,Epsilon_Greedy,epsilon=0.1,43,2.4491759444356336,1.5336974778900043,0.9154784665456293,3.982873422325638,5
scale_default,Epsilon_Greedy,epsilon=0.1,44,2.4608051568541613,1.5389735822047548,0.9218315746494066,3.9997787390589163,5
scale_default,Epsilon_Greedy,epsilon=0.1,45,2.478143717765527,1.542238715016782,0.9359050027487452,4.020382432782309,5
scale_default,Epsilon_Greedy,epsilon=0.1,46,2.4938231516414655,1.5483148388292984,0.9455083128121671,4.0421379904707635,5
scale_default,Epsilon_Greedy,epsilon=0.1,47,2.511817444129375,1.5582304345849871,0.9535870095443877,4.070047878714362,5
scale_default,Epsilon_Greedy,epsilon=0.1,48,2.5300111537545527,1.5654862574624697,0.9645248962920829,4.095497411217022,5
scale_default,Epsilon_Greedy,epsilon=0.1,49,2.5526417670904866,1.5861542008792358,0.9664875662112509,4.138795967969722,5
scale_default,Epsilon_Greedy,epsilon=0.1,50,2.5725488921372355,1.5949052790317066,0.9776436131055288,4.167454171168942,5
scale_default,Epsilon_Greedy,epsilon=0.1,51,2.5822619001179263,1.6013931900425056,0.9808687100754208,4.183655090160432,5
scale_default,Epsilon_Greedy,epsilon=0.1,52,2.6015533414340695,1.6122244037818787,0.9893289376521908,4.213777745215948,5
scale_default,Epsilon_Greedy,epsilon=0.1,53,2.6168903099599783,1.6148293214963032,1.002060988463675,4.231719631456281,5
scale_default,Epsilon_Greedy,epsilon=0.1,54,2.6339197664056773,1.6283528060306474,1.00556696037503,4.262272572436324,5
scale_default,Epsilon_Greedy,epsilon=0.1,55,2.65754501342197,1.6486746056181771,1.008870407803793,4.306219619040148,5
scale_default,Epsilon_Greedy,epsilon=0.1,56,2.669429419947253,1.6532559866734193,1.0161734332738337,4.322685406620672,5
scale_default,Epsilon_Greedy,epsilon=0.1,57,2.6859697027727787,1.6615039585776044,1.0244657441951743,4.347473661350383,5
scale_default,Epsilon_Greedy,epsilon=0.1,58,2.7005607555146565,1.6633175605017487,1.0372431950129077,4.363878316016406,5
scale_default,Epsilon_Greedy,epsilon=0.1,59,2.7169026671113277,1.6630872033689577,1.05381546374237,4.379989870480285,5
scale_default,Epsilon_Greedy,epsilon=0.1,60,2.7330002153371806,1.669432161058818,1.0635680542783625,4.402432376395999,5
scale_default,Epsilon_Greedy,epsilon=0.1,61,2.7567241863480154,1.6902147420488698,1.0665094442991456,4.446938928396885,5
scale_default,Epsilon_Greedy,epsilon=0.1,62,2.7756147928704653,1.6982465639911555,1.0773682288793098,4.473861356861621,5
scale_default,Epsilon_Greedy,epsilon=0.1,63,2.8142899258233562,1.7233459673213707,1.0909439585019856,4.537635893144727,5
scale_default,Epsilon_Greedy,epsilon=0.1,64,2.828724488471851,1.732242391258054,1.0964820972137972,4.560966879729905,5
scale_default,Epsilon_Greedy,epsilon=0.1,65,2.838541608089668,1.7380246210384687,1.1005169870511995,4.576566229128137,5
scale_default,Epsilon_Greedy,epsilon=0.1,66,2.8646489755863493,1.76289917999661,1.1017497955897393,4.627548155582959,5
scale_default,Epsilon_Greedy,epsilon=0.1,67,2.8748216573340377,1.768254466009794,1.1065671913242436,4.643076123343832,5
scale_default,Epsilon_Greedy,epsilon=0.1,68,2.882723204049173,1.7672625137803142,1.1154606902688589,4.649985717829487,5
scale_default,Epsilon_Greedy,epsilon=0.1,69,2.897933183885123,1.765380338653866,1.1325528452312572,4.6633135225389895,5
scale_default,Epsilon_Greedy,epsilon=0.1,70,2.920875448209767,1.7584628138781235,1.1624126343316437,4.6793382620878905,5
scale_default,Epsilon_Greedy,epsilon=0.1,71,2.939969888013914,1.7577856442244901,1.1821842437894239,4.697755532238404,5
scale_default,Epsilon_Greedy,epsilon=0.1,72,2.9615163315408735,1.7674684940309071,1.1940478375099663,4.72898482557178,5
scale_default,Epsilon_Greedy,epsilon=0.1,73,2.976146790581414,1.7763572267854368,1.1997895637959772,4.752504017366851,5
scale_default,Epsilon_Greedy,epsilon=0.1,74,2.9903145906146733,1.7857633580477932,1.2045512325668801,4.776077948662467,5
scale_default,Epsilon_Greedy,epsilon=0.1,75,3.009174123406725,1.779767325586378,1.2294067978203471,4.7889414489931035,5
scale_default,Epsilon_Greedy,epsilon=0.1,76,3.025451313681362,1.7892522334261622,1.2361990802551999,4.814703547107524,5
scale_default,Epsilon_Greedy,epsilon=0.1,77,3.0375516229660016,1.802100837115381,1.2354507858506205,4.839652460081383,5
scale_default,Epsilon_Greedy,epsilon=0.1,78,3.0620972762066807,1.7856881437840029,1.2764091324226778,4.847785419990684,5
scale_default,Epsilon_Greedy,epsilon=0.1,79,3.075109983954775,1.786623173502117,1.288486810452658,4.861733157456892,5
scale_default,Epsilon_Greedy,epsilon=0.1,80,3.084395388446766,1.793687963357198,1.290707425089568,4.878083351803964,5
scale_default,Epsilon_Greedy,epsilon=0.1,81,3.091103817127519,1.7960181529144088,1.29508566421311,4.887121970041928,5
scale_default,Epsilon_Greedy,epsilon=0.1,82,3.10401593283325,1.802615794787813,1.3014001380454372,4.906631727621063,5
scale_default,Epsilon_Greedy,epsilon=0.1,83,3.115026099385899,1.8016381144931857,1.3133879848927132,4.916664213879084,5
scale_default,Epsilon_Greedy,epsilon=0.1,84,3.133884548303647,1.79826631100007,1.335618237303577,4.932150859303717,5
scale_default,Epsilon_Greedy,epsilon=0.1,85,3.142446467739013,1.8028090360014855,1.3396374317375275,4.945255503740499,5
scale_default,Epsilon_Greedy,epsilon=0.1,86,3.1489594691429637,1.8076680694566607,1.341291399686303,4.956627538599625,5
scale_default,Epsilon_Greedy,epsilon=0.1,87,3.155634301449151,1.8092238931831648,1.3464104082659862,4.964858194632316,5
scale_default,Epsilon_Greedy,epsilon=0.1,88,3.173552376417945,1.8174326417679527,1.3561197346499925,4.9909850181858975,5
scale_default,Epsilon_Greedy,epsilon=0.1,89,3.1819828888429753,1.8244119622468231,1.3575709265961522,5.006394851089798,5
scale_default,Epsilon_Greedy,epsilon=0.1,90,3.190561590487937,1.8183326872563492,1.3722289032315877,5.008894277744286,5
scale_default,Epsilon_Greedy,epsilon=0.1,91,3.19445612285131,1.8148266412737912,1.379629481577519,5.009282764125102,5
scale_default,Epsilon_Greedy,epsilon=0.1,92,3.2068522479345853,1.8213871730052025,1.3854650749293829,5.028239420939788,5
scale_default,Epsilon_Greedy,epsilon=0.1,93,3.2114912592595095,1.8212830768235202,1.3902081824359893,5.03277433608303,5
scale_default,Epsilon_Greedy,epsilon=0.1,94,3.2257250082619606,1.8213300565477333,1.4043949517142273,5.047055064809694,5
scale_default,Epsilon_Greedy,epsilon=0.1,95,3.2380385774464573,1.8289871760884215,1.4090514013580357,5.067025753534879,5
scale_default,Epsilon_Greedy,epsilon=0.1,96,3.2561668144827296,1.8474528044404386,1.408714010042291,5.103619618923168,5
scale_default,Epsilon_Greedy,epsilon=0.1,97,3.2756524129434084,1.861762543847951,1.4138898690954573,5.13741495679136,5
scale_default,Epsilon_Greedy,epsilon=0.1,98,3.3006011145261893,1.853821582589278,1.4467795319369112,5.154422697115468,5
scale_default,Epsilon_Greedy,epsilon=0.1,99,3.3238018364418656,1.874600730377781,1.4492011060640846,5.198402566819647,5
scale_default,Epsilon_Greedy,epsilon=0.1,100,3.33016407749263,1.8783701509780146,1.4517939265146154,5.208534228470644,5
scale_default,Epsilon_Greedy,epsilon=0.1,101,3.337926803808813,1.874191798558451,1.4637350052503617,5.212118602367264,5
scale_default,Epsilon_Greedy,epsilon=0.1,102,3.343763721445138,1.8804697970395767,1.4632939244055612,5.224233518484715,5
scale_default,Epsilon_Greedy,epsilon=0.1,103,3.3610973600721423,1.8961445680981115,1.4649527919740308,5.257241928170254,5
scale_default,Epsilon_Greedy,epsilon=0.1,104,3.3726056115142895,1.8983647426236112,1.4742408688906783,5.2709703541379005,5
scale_default,Epsilon_Greedy,epsilon=0.1,105,3.3839660668167553,1.8963701821399903,1.487595884676765,5.280336248956745,5
scale_default,Epsilon_Greedy,epsilon=0.1,106,3.3903071698038416,1.890697744528357,1.4996094252754846,5.281004914332199,5
scale_default,Epsilon_Greedy,epsilon=0.1,107,3.3936459565652384,1.889505900999035,1.5041400555662034,5.283151857564273,5
scale_default,Epsilon_Greedy,epsilon=0.1,108,3.3986462172208745,1.888658297000085,1.5099879202207895,5.28730451422096,5
scale_default,Epsilon_Greedy,epsilon=0.1,109,3.4084883531779235,1.8836052179417335,1.52488313523619,5.292093571119657,5
scale_default,Epsilon_Greedy,epsilon=0.1,110,3.4215160700416574,1.8775603189877177,1.5439557510539397,5.299076389029375,5
scale_default,Epsilon_Greedy,epsilon=0.1,111,3.4296343459941525,1.8782399801870724,1.5513943658070801,5.307874326181225,5
scale_default,Epsilon_Greedy,epsilon=0.1,112,3.438401309054316,1.8803471088177603,1.5580542002365558,5.318748417872077,5
scale_default,Epsilon_Greedy,epsilon=0.1,113,3.443028941606319,1.8784812165276574,1.5645477250786617,5.321510158133977,5
scale_default,Epsilon_Greedy,epsilon=0.1,114,3.45256384071066,1.8810164903053597,1.5715473504053001,5.3335803310160195,5
scale_default,Epsilon_Greedy,epsilon=0.1,115,3.4581070037489368,1.878982212682706,1.5791247910662307,5.337089216431643,5
scale_default,Epsilon_Greedy,epsilon=0.1,116,3.468006640511453,1.8742981823407057,1.5937084581707475,5.342304822852158,5
scale_default,Epsilon_Greedy,epsilon=0.1,117,3.475105244302726,1.8765835479917403,1.5985216963109858,5.351688792294467,5
scale_default,Epsilon_Greedy,epsilon=0.1,118,3.4782630581753127,1.8747581678903888,1.6035048902849238,5.353021226065701,5
scale_default,Epsilon_Greedy,epsilon=0.1,119,3.4815388299267496,1.8740149424241266,1.607523887502623,5.355553772350876,5
scale_default,Epsilon_Greedy,epsilon=0.1,120,3.4926931486658455,1.8780476091521288,1.6146455395137167,5.370740757817974,5
scale_default,Epsilon_Greedy,epsilon=0.1,121,3.4978089953486275,1.878502186861222,1.6193068084874056,5.376311182209849,5
scale_default,Epsilon_Greedy,epsilon=0.1,122,3.5040545654175284,1.8798225402194044,1.624232025198124,5.383877105636933,5
scale_default,Epsilon_Greedy,epsilon=0.1,123,3.5161469645621573,1.881214768567899,1.6349321959942582,5.397361733130056,5
scale_default,Epsilon_Greedy,epsilon=0.1,124,3.5239407225098693,1.8697890504437078,1.6541516720661615,5.393729772953577,5
scale_default,Epsilon_Greedy,epsilon=0.1,125,3.5340353489239744,1.8693132746927583,1.664722074231216,5.403348623616733,5
scale_default,Epsilon_Greedy,epsilon=0.1,126,3.5459973930639848,1.866104834280487,1.6798925587834979,5.412102227344471,5
scale_default,Epsilon_Greedy,epsilon=0.1,127,3.571153866567515,1.890032096099827,1.681121770467688,5.461185962667342,5
scale_default,Epsilon_Greedy,epsilon=0.1,128,3.578120156659137,1.890546795624366,1.687573361034771,5.4686669522835025,5
scale_default,Epsilon_Greedy,epsilon=0.1,129,3.5860823356393885,1.891703572636788,1.6943787630026006,5.477785908276177,5
scale_default,Epsilon_Greedy,epsilon=0.1,130,3.590270254097593,1.8892986961900764,1.7009715579075166,5.479568950287669,5
scale_default,Epsilon_Greedy,epsilon=0.1,131,3.5919957384391936,1.8888725236489916,1.703123214790202,5.480868262088185,5
scale_default,Epsilon_Greedy,epsilon=0.1,132,3.599707308199733,1.892398835635205,1.7073084725645278,5.492106143834938,5
scale_default,Epsilon_Greedy,epsilon=0.1,133,3.6049831578462097,1.8929569564869364,1.7120262013592733,5.497940114333146,5
scale_default,Epsilon_Greedy,epsilon=0.1,134,3.614462048290742,1.898884006059287,1.715578042231455,5.513346054350029,5
scale_default,Epsilon_Greedy,epsilon=0.1,135,3.6307673914373795,1.9146389974624507,1.7161283939749288,5.54540638889983,5
scale_default,Epsilon_Greedy,epsilon=0.1,136,3.6346527608996198,1.9129233149579128,1.721729445941707,5.547576075857533,5
scale_default,Epsilon_Greedy,epsilon=0.1,137,3.6447416285007774,1.920565276262891,1.7241763522378863,5.565306904763668,5
scale_default,Epsilon_Greedy,epsilon=0.1,138,3.6529652022904124,1.923252756803702,1.7297124454867105,5.576217959094114,5
scale_default,Epsilon_Greedy,epsilon=0.1,139,3.660572166500175,1.9292889399543334,1.7312832265458418,5.589861106454508,5
scale_default,Epsilon_Greedy,epsilon=0.1,140,3.6676692955800325,1.931159200218957,1.7365100953610755,5.59882849579899,5
scale_default,Epsilon_Greedy,epsilon=0.1,141,3.675437813997766,1.9323534804951732,1.743084333502593,5.607791294492939,5
scale_default,Epsilon_Greedy,epsilon=0.1,142,3.6874414011819,1.9266006798726634,1.7608407213092365,5.6140420810545635,5
scale_default,Epsilon_Greedy,epsilon=0.1,143,3.694717505183367,1.9305516612034457,1.7641658439799213,5.625269166386813,5
scale_default,Epsilon_Greedy,epsilon=0.1,144,3.708958078374901,1.9241696672616235,1.7847884111132777,5.633127745636525,5
scale_default,Epsilon_Greedy,epsilon=0.1,145,3.718575335559902,1.9283540048137962,1.790221330746106,5.646929340373698,5
scale_default,Epsilon_Greedy,epsilon=0.1,146,3.7512885094072574,1.9468080366284712,1.8044804727787862,5.698096546035728,5
scale_default,Epsilon_Greedy,epsilon=0.1,147,3.762229238585274,1.952913210194277,1.8093160283909968,5.715142448779551,5
scale_default,Epsilon_Greedy,epsilon=0.1,148,3.776265485788513,1.944540486404913,1.8317249993836,5.720805972193426,5
scale_default,Epsilon_Greedy,epsilon=0.1,149,3.7864826273237044,1.9486331169803404,1.837849510343364,5.735115744304045,5
scale_default,Epsilon_Greedy,epsilon=0.1,150,3.795831643496432,1.9445523847251784,1.8512792587712534,5.7403840282216105,5
scale_default,Epsilon_Greedy,epsilon=0.1,151,3.813570035527957,1.9428882016994755,1.8706818338284814,5.756458237227433,5
scale_default,Epsilon_Greedy,epsilon=0.1,152,3.8276578930992415,1.9426658807524744,1.8849920123467672,5.770323773851716,5
scale_default,Epsilon_Greedy,epsilon=0.1,153,3.8340073540960544,1.9420632399830735,1.891944114112981,5.776070594079128,5
scale_default,Epsilon_Greedy,epsilon=0.1,154,3.8426219472885856,1.9368547948080779,1.9057671524805078,5.779476742096664,5
scale_default,Epsilon_Greedy,epsilon=0.1,155,3.847114702449825,1.9377229021062214,1.9093918003436035,5.784837604556047,5
scale_default,Epsilon_Greedy,epsilon=0.1,156,3.853172585818703,1.9341956325765592,1.918976953242144,5.787368218395263,5
scale_default,Epsilon_Greedy,epsilon=0.1,157,3.8580193820951956,1.9368280452229176,1.921191336872278,5.794847427318113,5
scale_default,Epsilon_Greedy,epsilon=0.1,158,3.8623128367061454,1.9333895809565063,1.9289232557496392,5.7957024176626515,5
scale_default,Epsilon_Greedy,epsilon=0.1,159,3.8687394110936992,1.9341921083846376,1.9345473027090616,5.802931519478337,5
scale_default,Epsilon_Greedy,epsilon=0.1,160,3.872218628200147,1.934263406754329,1.9379552214458182,5.806482034954476,5
scale_default,Epsilon_Greedy,epsilon=0.1,161,3.8769828531538097,1.9339432592677819,1.9430395938860279,5.810926112421591,5
scale_default,Epsilon_Greedy,epsilon=0.1,162,3.899518522702855,1.9618243411510523,1.9376941815518025,5.861342863853907,5
scale_default,Epsilon_Greedy,epsilon=0.1,163,3.910330951472632,1.9667028341370134,1.9436281173356185,5.877033785609646,5
scale_default,Epsilon_Greedy,epsilon=0.1,164,3.9135268067861966,1.9641607769261769,1.9493660298600197,5.877687583712373,5
scale_default,Epsilon_Greedy,epsilon=0.1,165,3.9199469975797947,1.9694375685371317,1.950509429042663,5.889384566116926,5
scale_default,Epsilon_Greedy,epsilon=0.1,166,3.9327076559397582,1.966631323313492,1.9660763326262662,5.89933897925325,5
scale_default,Epsilon_Greedy,epsilon=0.1,167,3.9348953150585815,1.9692599549108145,1.965635360147767,5.9041552699693955,5
scale_default,Epsilon_Greedy,epsilon=0.1,168,3.9420144200966285,1.9722795041320258,1.9697349159646027,5.914293924228654,5
scale_default,Epsilon_Greedy,epsilon=0.1,169,3.947979666671081,1.9711799798812988,1.9767996867897824,5.91915964655238,5
scale_default,Epsilon_Greedy,epsilon=0.1,170,3.9499270280968317,1.9731169451406998,1.976810082956132,5.923043973237531,5
scale_default,Epsilon_Greedy,epsilon=0.1,171,3.959623631043903,1.977959263244545,1.981664367799358,5.9375828942884485,5
scale_default,Epsilon_Greedy,epsilon=0.1,172,4.005454539786493,2.02794207354831,1.977512466238183,6.033396613334803,5
scale_default,Epsilon_Greedy,epsilon=0.1,173,4.010969738312957,2.0320689562344745,1.9789007820784823,6.043038694547431,5
scale_default,Epsilon_Greedy,epsilon=0.1,174,4.016620094343423,2.036329215445402,1.9802908788980216,6.052949309788826,5
scale_default,Epsilon_Greedy,epsilon=0.1,175,4.0214690707842236,2.033926368310364,1.9875427024738594,6.055395439094587,5
scale_default,Epsilon_Greedy,epsilon=0.1,176,4.032641954831915,2.03286554830286,1.9997764065290546,6.065507503134775,5
scale_default,Epsilon_Greedy,epsilon=0.1,177,4.040740935338314,2.030612182617442,2.0101287527208718,6.071353117955756,5
scale_default,Epsilon_Greedy,epsilon=0.1,178,4.048455262681183,2.0356862570957914,2.0127690055853917,6.084141519776974,5
scale_default,Epsilon_Greedy,epsilon=0.1,179,4.058799305320176,2.040869254351154,2.0179300509690217,6.09966855967133,5
scale_default,Epsilon_Greedy,epsilon=0.1,180,4.069774378080917,2.044340248017756,2.0254341300631604,6.114114626098672,5
scale_default,Epsilon_Greedy,epsilon=0.1,181,4.074210158854543,2.0469308290602664,2.0272793297942764,6.121140987914809,5
scale_default,Epsilon_Greedy,epsilon=0.1,182,4.080002610616103,2.048541874790526,2.031460735825577,6.128544485406628,5
scale_default,Epsilon_Greedy,epsilon=0.1,183,4.085235920858748,2.051120215624557,2.0341157052341914,6.136356136483306,5
scale_default,Epsilon_Greedy,epsilon=0.1,184,4.088977704146201,2.054374346594923,2.0346033575512776,6.1433520507411234,5
scale_default,Epsilon_Greedy,epsilon=0.1,185,4.1066804611810905,2.0710394274869386,2.035641033694152,6.17771988866803,5
scale_default,Epsilon_Greedy,epsilon=0.1,186,4.145290994432233,2.081260882202046,2.0640301122301867,6.226551876634279,5
scale_default,Epsilon_Greedy,epsilon=0.1,187,4.149062445620901,2.0803061952890163,2.0687562503318846,6.229368640909917,5
scale_default,Epsilon_Greedy,epsilon=0.1,188,4.154669846673492,2.075879215816262,2.0787906308572306,6.230549062489754,5
scale_default,Epsilon_Greedy,epsilon=0.1,189,4.159580958116635,2.0767659148905158,2.082815043226119,6.23634687300715,5
scale_default,Epsilon_Greedy,epsilon=0.1,190,4.164873120864507,2.0780156138835055,2.0868575069810014,6.242888734748012,5
scale_default,Epsilon_Greedy,epsilon=0.1,191,4.16854137250101,2.078862725536145,2.089678646964865,6.247404098037155,5
scale_default,Epsilon_Greedy,epsilon=0.1,192,4.173112316871293,2.081068979775167,2.0920433370961264,6.25418129664646,5
scale_default,Epsilon_Greedy,epsilon=0.1,193,4.177255125130097,2.0834904283212996,2.0937646968087975,6.260745553451397,5
scale_default,Epsilon_Greedy,epsilon=0.1,194,4.181182444134866,2.0837093737876646,2.0974730703472018,6.264891817922531,5
scale_default,Epsilon_Greedy,epsilon=0.1,195,4.1869583414225495,2.080381335766688,2.1065770056558617,6.267339677189238,5
scale_default,Epsilon_Greedy,epsilon=0.1,196,4.196276954030632,2.0865746697229763,2.109702284307656,6.282851623753609,5
scale_default,Epsilon_Greedy,epsilon=0.1,197,4.2060553024041685,2.0908299947778413,2.115225307626327,6.29688529718201,5
scale_default,Epsilon_Greedy,epsilon=0.1,198,4.213009644453321,2.092942881154776,2.1200667632985453,6.305952525608097,5
scale_default,Epsilon_Greedy,epsilon=0.1,199,4.244412448156105,2.118227727715171,2.126184720440934,6.362640175871276,5
scale_default,Epsilon_Greedy,epsilon=0.1,200,4.475686143398735,2.1142128679241616,2.3614732754745735,6.589899011322897,5
scale_default,Epsilon_Greedy,epsilon=0.1,201,4.596234891898882,2.1001393516782962,2.4960955402205856,6.6963742435771785,5
scale_default,Epsilon_Greedy,epsilon=0.1,202,4.767902434076335,2.0724231169297025,2.6954793171466327,6.840325551006037,5
scale_default,Epsilon_Greedy,epsilon=0.1,203,4.905561657589155,2.05633739303228,2.849224264556875,6.961899050621435,5
scale_default,Epsilon_Greedy,epsilon=0.1,204,5.155266211185736,1.9945363468738733,3.1607298643118624,7.1498025580596085,5
scale_default,Epsilon_Greedy,epsilon=0.1,205,5.3167622206153045,2.0012032968764744,3.31555892373883,7.317965517491778,5
scale_default,Epsilon_Greedy,epsilon=0.1,206,5.493572680053923,2.1165848314333826,3.3769878486205402,7.610157511487305,5
scale_default,Epsilon_Greedy,epsilon=0.1,207,5.667140565739798,2.0640925457776524,3.6030480199621455,7.731233111517451,5
scale_default,Epsilon_Greedy,epsilon=0.1,208,5.795112693993518,2.0612156280961758,3.7338970658973425,7.856328322089694,5
scale_default,Epsilon_Greedy,epsilon=0.1,209,6.075087479744544,2.235688624570399,3.8393988551741454,8.310776104314943,5
scale_default,Epsilon_Greedy,epsilon=0.1,210,6.225767781900726,2.246058132084149,3.9797096498165767,8.471825913984874,5
scale_default,Epsilon_Greedy,epsilon=0.1,211,6.441401478539933,2.2218091650970786,4.219592313442854,8.663210643637012,5
scale_default,Epsilon_Greedy,epsilon=0.1,212,6.575495272556684,2.1286242900254706,4.446870982531213,8.704119562582154,5
scale_default,Epsilon_Greedy,epsilon=0.1,213,6.71803699007003,2.046899371721394,4.671137618348636,8.764936361791424,5
scale_default,Epsilon_Greedy,epsilon=0.1,214,7.035511313563106,1.9990973214134644,5.036413992149641,9.03460863497657,5
scale_default,Epsilon_Greedy,epsilon=0.1,215,7.31207498531914,2.1405099647308305,5.171565020588309,9.452584950049971,5
scale_default,Epsilon_Greedy,epsilon=0.1,216,7.562455053358287,2.17534977253451,5.387105280823777,9.737804825892797,5
scale_default,Epsilon_Greedy,epsilon=0.1,217,7.748091963622916,2.0755241652774727,5.672567798345444,9.823616128900388,5
scale_default,Epsilon_Greedy,epsilon=0.1,218,7.898812615945322,2.1373527981214866,5.761459817823836,10.036165414066808,5
scale_default,Epsilon_Greedy,epsilon=0.1,219,8.118004671665792,2.1507372542595924,5.9672674174062,10.268741925925385,5
scale_default,Epsilon_Greedy,epsilon=0.1,220,8.322855335976893,2.185342863525363,6.1375124724515295,10.508198199502257,5
scale_default,Epsilon_Greedy,epsilon=0.1,221,8.429224205283075,2.219341468987895,6.20988273629518,10.648565674270971,5
scale_default,Epsilon_Greedy,epsilon=0.1,222,8.565205419847548,2.2111963330143016,6.354009086833246,10.77640175286185,5
scale_default,Epsilon_Greedy,epsilon=0.1,223,8.734785428427955,2.178624753764913,6.556160674663042,10.913410182192868,5
scale_default,Epsilon_Greedy,epsilon=0.1,224,8.943499782302053,2.23005413082172,6.713445651480333,11.173553913123774,5
scale_default,Epsilon_Greedy,epsilon=0.1,225,9.22648869701076,2.163042328626051,7.063446368384708,11.389531025636812,5
scale_default,Epsilon_Greedy,epsilon=0.1,226,9.459216310990609,2.259626810555416,7.199589500435193,11.718843121546024,5
scale_default,Epsilon_Greedy,epsilon=0.1,227,9.64026564178647,2.307210352314308,7.333055289472163,11.947475994100778,5
scale_default,Epsilon_Greedy,epsilon=0.1,228,9.890359497337377,2.2485715142680176,7.641787983069359,12.138931011605393,5
scale_default,Epsilon_Greedy,epsilon=0.1,229,9.986793371538337,2.2495411235016323,7.737252248036704,12.23633449503997,5
scale_default,Epsilon_Greedy,epsilon=0.1,230,10.165309186643693,2.2475998304389413,7.917709356204751,12.412909017082635,5
scale_default,Epsilon_Greedy,epsilon=0.1,231,10.32361433351458,2.237494731349936,8.086119602164644,12.561109064864517,5
scale_default,Epsilon_Greedy,epsilon=0.1,232,10.523939971020704,2.204222560252835,8.319717410767868,12.72816253127354,5
scale_default,Epsilon_Greedy,epsilon=0.1,233,10.671466666015812,2.21366015970671,8.457806506309101,12.885126825722523,5
scale_default,Epsilon_Greedy,epsilon=0.1,234,11.009985706780833,2.4445283028470586,8.565457403933774,13.454514009627893,5
scale_default,Epsilon_Greedy,epsilon=0.1,235,11.172718799852037,2.451727398486853,8.720991401365184,13.62444619833889,5
scale_default,Epsilon_Greedy,epsilon=0.1,236,11.255021684156432,2.387758157903013,8.867263526253419,13.642779842059445,5
scale_default,Epsilon_Greedy,epsilon=0.1,237,11.39455409308342,2.4412652478381043,8.953288845245314,13.835819340921525,5
scale_default,Epsilon_Greedy,epsilon=0.1,238,11.59163977268496,2.4839343205571778,9.107705452127782,14.075574093242139,5
scale_default,Epsilon_Greedy,epsilon=0.1,239,11.824678055657172,2.6253755227315345,9.199302532925637,14.450053578388706,5
scale_default,Epsilon_Greedy,epsilon=0.1,240,12.022363265453853,2.7322457929355157,9.290117472518338,14.754609058389368,5
scale_default,Epsilon_Greedy,epsilon=0.1,241,12.143137548332422,2.8429408281130466,9.300196720219375,14.98607837644547,5
scale_default,Epsilon_Greedy,epsilon=0.1,242,12.283864014407886,2.9249300913070506,9.358933923100835,15.208794105714937,5
scale_default,Epsilon_Greedy,epsilon=0.1,243,12.430553713989747,2.863597952239176,9.56695576175057,15.294151666228924,5
scale_default,Epsilon_Greedy,epsilon=0.1,244,12.550166543676749,2.824124631272558,9.726041912404192,15.374291174949306,5
scale_default,Epsilon_Greedy,epsilon=0.1,245,12.67812034800426,2.8510697822263564,9.827050565777903,15.529190130230617,5
scale_default,Epsilon_Greedy,epsilon=0.1,246,12.814545961228356,2.823454829344744,9.991091131883612,15.6380007905731,5
scale_default,Epsilon_Greedy,epsilon=0.1,247,13.046607781066765,2.915723720046943,10.130884061019822,15.962331501113708,5
scale_default,Epsilon_Greedy,epsilon=0.1,248,13.359055187701637,2.9001404853072033,10.458914702394434,16.25919567300884,5
scale_default,Epsilon_Greedy,epsilon=0.1,249,13.502090866863318,2.7915968929131845,10.710493973950133,16.293687759776503,5
scale_default,Epsilon_Greedy,epsilon=0.1,250,13.683356916364016,2.7920044986037453,10.89135241776027,16.47536141496776,5
scale_default,Epsilon_Greedy,epsilon=0.1,251,13.830257253004419,2.7231084398708068,11.107148813133612,16.553365692875225,5
scale_default,Epsilon_Greedy,epsilon=0.1,252,14.039533802714923,2.773587197658144,11.26594660505678,16.813121000373066,5
scale_default,Epsilon_Greedy,epsilon=0.1,253,14.236138801977933,2.7936948241293442,11.442443977848589,17.029833626107276,5
scale_default,Epsilon_Greedy,epsilon=0.1,254,14.478625145357734,2.906971886259939,11.571653259097795,17.385597031617674,5
scale_default,Epsilon_Greedy,epsilon=0.1,255,14.570497482822537,2.884118582294962,11.686378900527576,17.4546160651175,5
scale_default,Epsilon_Greedy,epsilon=0.1,256,14.72162952790929,2.954050248173239,11.76757927973605,17.67567977608253,5
scale_default,Epsilon_Greedy,epsilon=0.1,257,15.00259922700991,2.8791531953697413,12.123446031640167,17.881752422379652,5
scale_default,Epsilon_Greedy,epsilon=0.1,258,15.1231357378394,2.8934584960679635,12.229677241771437,18.016594233907362,5
scale_default,Epsilon_Greedy,epsilon=0.1,259,15.306106776643375,2.9249985299234664,12.381108246719908,18.231105306566842,5
scale_default,Epsilon_Greedy,epsilon=0.1,260,15.456367497281203,2.918946472220007,12.537421025061196,18.37531396950121,5
scale_default,Epsilon_Greedy,epsilon=0.1,261,15.714055613525863,2.9774140253445145,12.73664158818135,18.691469638870377,5
scale_default,Epsilon_Greedy,epsilon=0.1,262,15.774310956831801,3.0085049009297333,12.765806055902068,18.782815857761534,5
scale_default,Epsilon_Greedy,epsilon=0.1,263,15.922051526868339,3.0320382255931566,12.890013301275182,18.954089752461496,5
scale_default,Epsilon_Greedy,epsilon=0.1,264,16.001114430394413,3.0344822067298103,12.966632223664602,19.035596637124222,5
scale_default,Epsilon_Greedy,epsilon=0.1,265,16.14162402743738,3.0813611610327194,13.060262866404662,19.2229851884701,5
scale_default,Epsilon_Greedy,epsilon=0.1,266,16.327542553685305,3.142234169217842,13.185308384467463,19.46977672290315,5
scale_default,Epsilon_Greedy,epsilon=0.1,267,16.5399968493581,3.1264576430916833,13.413539206266417,19.666454492449784,5
scale_default,Epsilon_Greedy,epsilon=0.1,268,16.68814933098388,3.1082089585437087,13.57994037244017,19.79635828952759,5
scale_default,Epsilon_Greedy,epsilon=0.1,269,16.9999518556021,3.168395641221092,13.831556214381006,20.16834749682319,5
scale_default,Epsilon_Greedy,epsilon=0.1,270,17.13792252266088,3.2016873157524044,13.936235206908474,20.339609838413285,5
scale_default,Epsilon_Greedy,epsilon=0.1,271,17.275849989526613,3.2505375857653207,14.025312403761292,20.526387575291935,5
scale_default,Epsilon_Greedy,epsilon=0.1,272,17.496275472184827,3.391658882592206,14.10461658959262,20.887934354777034,5
scale_default,Epsilon_Greedy,epsilon=0.1,273,17.7444755132365,3.3656790048277525,14.37879650840875,21.110154518064256,5
scale_default,Epsilon_Greedy,epsilon=0.1,274,17.889500526006778,3.4213648827482834,14.468135643258494,21.31086540875506,5
scale_default,Epsilon_Greedy,epsilon=0.1,275,18.07239365029067,3.3442720849857612,14.72812156530491,21.416665735276432,5
scale_default,Epsilon_Greedy,epsilon=0.1,276,18.17716060783687,3.390862236166804,14.786298371670068,21.568022844003675,5
scale_default,Epsilon_Greedy,epsilon=0.1,277,18.479513804016587,3.454748133228757,15.024765670787831,21.934261937245346,5
scale_default,Epsilon_Greedy,epsilon=0.1,278,18.635906685291964,3.5906731243665306,15.045233560925434,22.226579809658496,5
scale_default,Epsilon_Greedy,epsilon=0.1,279,18.808344040017218,3.5616944267047983,15.24664961331242,22.370038466722015,5
scale_default,Epsilon_Greedy,epsilon=0.1,280,19.099213623974258,3.546185001430789,15.553028622543469,22.645398625405047,5
scale_default,Epsilon_Greedy,epsilon=0.1,281,19.201043737399573,3.5666751746527128,15.634368562746861,22.767718912052285,5
scale_default,Epsilon_Greedy,epsilon=0.1,282,19.27175758524295,3.559489906718822,15.712267678524126,22.83124749196177,5
scale_default,Epsilon_Greedy,epsilon=0.1,283,19.409936098122337,3.5560214611825613,15.853914636939775,22.965957559304897,5
scale_default,Epsilon_Greedy,epsilon=0.1,284,19.544265527835158,3.551834615883899,15.99243091195126,23.096100143719056,5
scale_default,Epsilon_Greedy,epsilon=0.1,285,19.70891233331082,3.645962705728699,16.06294962758212,23.35487503903952,5
scale_default,Epsilon_Greedy,epsilon=0.1,286,19.94044455291216,3.7220419465834462,16.218402606328716,23.662486499495607,5
scale_default,Epsilon_Greedy,epsilon=0.1,287,20.068970975527613,3.7365543492981756,16.33241662622944,23.805525324825787,5
scale_default,Epsilon_Greedy,epsilon=0.1,288,20.32795712263484,3.8113968060941215,16.51656031654072,24.13935392872896,5
scale_default,Epsilon_Greedy,epsilon=0.1,289,20.392150320264935,3.8098979453080943,16.58225237495684,24.20204826557303,5
scale_default,Epsilon_Greedy,epsilon=0.1,290,20.738658855976464,3.6737077602937767,17.064951095682687,24.41236661627024,5
scale_default,Epsilon_Greedy,epsilon=0.1,291,20.97263756368759,3.6913144561358924,17.2813231075517,24.663952019823483,5
scale_default,Epsilon_Greedy,epsilon=0.1,292,21.104360062662145,3.7352650022167815,17.369095060445364,24.839625064878927,5
scale_default,Epsilon_Greedy,epsilon=0.1,293,21.237288197184146,3.7704184032832253,17.46686979390092,25.007706600467372,5
scale_default,Epsilon_Greedy,epsilon=0.1,294,21.374536963387573,3.7850399097949787,17.589497053592595,25.15957687318255,5
scale_default,Epsilon_Greedy,epsilon=0.1,295,21.47964757000983,3.7547765306622005,17.72487103934763,25.234424100672033,5
scale_default,Epsilon_Greedy,epsilon=0.1,296,21.721447225221944,3.7875817837204324,17.93386544150151,25.509029008942377,5
scale_default,Epsilon_Greedy,epsilon=0.1,297,21.846993671353573,3.841140660094624,18.00585301125895,25.688134331448197,5
scale_default,Epsilon_Greedy,epsilon=0.1,298,22.0982719994217,3.718583676989707,18.379688322431996,25.816855676411407,5
scale_default,Epsilon_Greedy,epsilon=0.1,299,22.3579480514422,3.7831773496278385,18.574770701814362,26.14112540107004,5
scale_default,Epsilon_Greedy,epsilon=0.1,300,22.58514807803588,3.8269706973185142,18.758177380717363,26.412118775354394,5
scale_default,Epsilon_Greedy,epsilon=0.1,301,22.782517517714382,3.9259772864805456,18.856540231233836,26.708494804194927,5
scale_default,Epsilon_Greedy,epsilon=0.1,302,22.937018539935494,3.976252901199249,18.960765638736245,26.913271441134743,5
scale_default,Epsilon_Greedy,epsilon=0.1,303,23.170395057247028,3.90846309777839,19.261931959468637,27.07885815502542,5
scale_default,Epsilon_Greedy,epsilon=0.1,304,23.578233093661076,4.017603116900572,19.560629976760502,27.59583621056165,5
scale_default,Epsilon_Greedy,epsilon=0.1,305,23.754102976144594,4.007639548591694,19.7464634275529,27.761742524736288,5
scale_default,Epsilon_Greedy,epsilon=0.1,306,24.014150445529513,4.018096182781886,19.996054262747627,28.0322466283114,5
scale_default,Epsilon_Greedy,epsilon=0.1,307,24.144854596525267,4.011248156209508,20.13360644031576,28.156102752734775,5
scale_default,Epsilon_Greedy,epsilon=0.1,308,24.283052138680585,3.9295172878856848,20.3535348507949,28.21256942656627,5
scale_default,Epsilon_Greedy,epsilon=0.1,309,24.361577912866206,3.963733751490883,20.397844161375325,28.325311664357088,5
scale_default,Epsilon_Greedy,epsilon=0.1,310,24.495190851620123,4.00943630063299,20.48575455098713,28.504627152253114,5
scale_default,Epsilon_Greedy,epsilon=0.1,311,24.580922301085,3.964848946193312,20.61607335489169,28.54577124727831,5
scale_default,Epsilon_Greedy,epsilon=0.1,312,24.750157135523608,3.9147987235188477,20.83535841200476,28.664955859042458,5
scale_default,Epsilon_Greedy,epsilon=0.1,313,24.844010448758286,3.903709444373561,20.940301004384725,28.747719893131848,5
scale_default,Epsilon_Greedy,epsilon=0.1,314,25.01839643070885,3.97031246632551,21.04808396438334,28.98870889703436,5
scale_default,Epsilon_Greedy,epsilon=0.1,315,25.219138546776485,3.8929526443395077,21.326185902436976,29.112091191115994,5
scale_default,Epsilon_Greedy,epsilon=0.1,316,25.431123559212455,3.919239041279582,21.511884517932874,29.350362600492037,5
scale_default,Epsilon_Greedy,epsilon=0.1,317,25.612281951738613,4.030262086505238,21.582019865233374,29.64254403824385,5
scale_default,Epsilon_Greedy,epsilon=0.1,318,25.810590983735644,4.006881025050228,21.803709958685417,29.81747200878587,5
scale_default,Epsilon_Greedy,epsilon=0.1,319,25.945352307469705,3.9193727367901996,22.025979570679503,29.864725044259906,5
scale_default,Epsilon_Greedy,epsilon=0.1,320,26.063237873829042,3.909645354261719,22.153592519567322,29.97288322809076,5
scale_default,Epsilon_Greedy,epsilon=0.1,321,26.243248262478676,3.876578471257706,22.36666979122097,30.11982673373638,5
scale_default,Epsilon_Greedy,epsilon=0.1,322,26.399196000753648,3.9507210645134565,22.448474936240192,30.349917065267103,5
scale_default,Epsilon_Greedy,epsilon=0.1,323,26.527637313285744,3.964961762103855,22.56267555118189,30.4925990753896,5
scale_default,Epsilon_Greedy,epsilon=0.1,324,26.656424399104623,3.9475956730805883,22.708828726024034,30.60402007218521,5
scale_default,Epsilon_Greedy,epsilon=0.1,325,26.745349592505285,3.9448536277067747,22.80049596479851,30.69020322021206,5
scale_default,Epsilon_Greedy,epsilon=0.1,326,26.915183041656434,3.993553589635165,22.921629452021268,30.9087366312916,5
scale_default,Epsilon_Greedy,epsilon=0.1,327,27.030462043617852,3.9508080344314536,23.0796540091864,30.981270078049306,5
scale_default,Epsilon_Greedy,epsilon=0.1,328,27.134799661539567,3.9858640106570937,23.148935650882475,31.12066367219666,5
scale_default,Epsilon_Greedy,epsilon=0.1,329,27.21612679924304,3.980226561726979,23.23590023751606,31.19635336097002,5
scale_default,Epsilon_Greedy,epsilon=0.1,330,27.325715188915545,3.9989200104229536,23.326795178492592,31.3246351993385,5
scale_default,Epsilon_Greedy,epsilon=0.1,331,27.46914245665413,3.991516225474435,23.477626231179695,31.460658682128564,5
scale_default,Epsilon_Greedy,epsilon=0.1,332,27.57620036290358,4.031450514390525,23.544749848513057,31.607650877294105,5
scale_default,Epsilon_Greedy,epsilon=0.1,333,27.83372120186567,3.984912083315813,23.84880911854986,31.818633285181484,5
scale_default,Epsilon_Greedy,epsilon=0.1,334,28.048564048515175,4.121135412105707,23.927428636409466,32.16969946062088,5
scale_default,Epsilon_Greedy,epsilon=0.1,335,28.205182977946418,4.100323609279104,24.104859368667313,32.30550658722552,5
scale_default,Epsilon_Greedy,epsilon=0.1,336,28.320636542770245,4.1507862274523815,24.169850315317863,32.471422770222624,5
scale_default,Epsilon_Greedy,epsilon=0.1,337,28.565330060755194,4.179650025054323,24.385680035700872,32.744980085809516,5
scale_default,Epsilon_Greedy,epsilon=0.1,338,28.718838186514326,4.154137120285803,24.564701066228523,32.87297530680013,5
scale_default,Epsilon_Greedy,epsilon=0.1,339,28.901300723437807,4.082575508088128,24.81872521534968,32.98387623152593,5
scale_default,Epsilon_Greedy,epsilon=0.1,340,29.03524253832728,4.053794210615507,24.981448327711774,33.08903674894279,5
scale_default,Epsilon_Greedy,epsilon=0.1,341,29.275183302891413,4.1132479916705975,25.161935311220816,33.38843129456201,5
scale_default,Epsilon_Greedy,epsilon=0.1,342,29.549024376820306,4.17249122155958,25.376533155260724,33.72151559837989,5
scale_default,Epsilon_Greedy,epsilon=0.1,343,29.701996476087345,4.185266676317734,25.51672979976961,33.887263152405076,5
scale_default,Epsilon_Greedy,epsilon=0.1,344,29.799841142893495,4.188126229881631,25.611714913011866,33.987967372775124,5
scale_default,Epsilon_Greedy,epsilon=0.1,345,29.928714195052248,4.203173622037857,25.725540573014392,34.1318878170901,5
scale_default,Epsilon_Greedy,epsilon=0.1,346,30.22858889217638,4.366277070554162,25.862311821622217,34.59486596273054,5
scale_default,Epsilon_Greedy,epsilon=0.1,347,30.37540511598012,4.360962891387557,26.01444222459256,34.73636800736767,5
scale_default,Epsilon_Greedy,epsilon=0.1,348,30.557724607185026,4.254420008461374,26.303304598723653,34.8121446156464,5
scale_default,Epsilon_Greedy,epsilon=0.1,349,30.650709772126362,4.230729277743091,26.41998049438327,34.881439049869456,5
scale_default,Epsilon_Greedy,epsilon=0.1,350,30.757224975992905,4.220562304615074,26.536662671377833,34.97778728060798,5
scale_default,Epsilon_Greedy,epsilon=0.1,351,30.81568074028983,4.214498467004045,26.601182273285787,35.03017920729388,5
scale_default,Epsilon_Greedy,epsilon=0.1,352,31.04886034276884,4.368272072834297,26.680588269934542,35.417132415603135,5
scale_default,Epsilon_Greedy,epsilon=0.1,353,31.13821272441379,4.366038833179987,26.772173891233805,35.504251557593776,5
scale_default,Epsilon_Greedy,epsilon=0.1,354,31.36478751311227,4.3261316090309005,27.038655904081367,35.69091912214317,5
scale_default,Epsilon_Greedy,epsilon=0.1,355,31.43041898467043,4.263987704281756,27.16643128038867,35.694406688952185,5
scale_default,Epsilon_Greedy,epsilon=0.1,356,31.69838664804564,4.148925637782883,27.54946101026276,35.84731228582852,5
scale_default,Epsilon_Greedy,epsilon=0.1,357,31.79769524624546,4.110167795758412,27.68752745048705,35.907863042003875,5
scale_default,Epsilon_Greedy,epsilon=0.1,358,32.06620765025055,4.12303965310978,27.94316799714077,36.189247303360325,5
scale_default,Epsilon_Greedy,epsilon=0.1,359,32.13588203667114,4.063838416915961,28.07204361975518,36.199720453587105,5
scale_default,Epsilon_Greedy,epsilon=0.1,360,32.35892938657567,4.150338440498238,28.20859094607743,36.509267827073906,5
scale_default,Epsilon_Greedy,epsilon=0.1,361,32.465538075196584,4.173264222749433,28.292273852447153,36.638802297946015,5
scale_default,Epsilon_Greedy,epsilon=0.1,362,32.70176786116889,4.2153350595229595,28.48643280164593,36.917102920691846,5
scale_default,Epsilon_Greedy,epsilon=0.1,363,32.86343472678697,4.237894356125494,28.625540370661476,37.101329082912464,5
scale_default,Epsilon_Greedy,epsilon=0.1,364,33.008093526639996,4.149790126658591,28.858303399981406,37.15788365329858,5
scale_default,Epsilon_Greedy,epsilon=0.1,365,33.21695487773249,4.185484149559045,29.031470728173446,37.402439027291535,5
scale_default,Epsilon_Greedy,epsilon=0.1,366,33.442609028742424,4.158221269778117,29.284387758964307,37.60083029852054,5
scale_default,Epsilon_Greedy,epsilon=0.1,367,33.54149900735467,4.076558008773739,29.464940998580936,37.61805701612841,5
scale_default,Epsilon_Greedy,epsilon=0.1,368,33.887258443750554,4.220408004490743,29.66685043925981,38.1076664482413,5
scale_default,Epsilon_Greedy,epsilon=0.1,369,34.0367786893024,4.29394224884814,29.742836440454262,38.33072093815054,5
scale_default,Epsilon_Greedy,epsilon=0.1,370,34.17600292179678,4.304357780294837,29.871645141501943,38.480360702091616,5
scale_default,Epsilon_Greedy,epsilon=0.1,371,34.37244360135387,4.256637072805323,30.11580652854855,38.6290806741592,5
scale_default,Epsilon_Greedy,epsilon=0.1,372,34.54395031816473,4.317117941432795,30.226832376731938,38.86106825959753,5
scale_default,Epsilon_Greedy,epsilon=0.1,373,34.73789830339376,4.527155175013932,30.210743128379832,39.265053478407694,5
scale_default,Epsilon_Greedy,epsilon=0.1,374,34.90335346743867,4.453569657284191,30.44978381015448,39.35692312472286,5
scale_default,Epsilon_Greedy,epsilon=0.1,375,35.16894083165173,4.356024565967932,30.8129162656838,39.52496539761967,5
scale_default,Epsilon_Greedy,epsilon=0.1,376,35.455964945003714,4.476928277070959,30.979036667932753,39.932893222074675,5
scale_default,Epsilon_Greedy,epsilon=0.1,377,35.569986966500345,4.54190762526104,31.028079341239305,40.111894591761384,5
scale_default,Epsilon_Greedy,epsilon=0.1,378,35.6707354025044,4.550547128178444,31.120188274325955,40.22128253068284,5
scale_default,Epsilon_Greedy,epsilon=0.1,379,35.94626305823855,4.501584893178753,31.4446781650598,40.4478479514173,5
scale_default,Epsilon_Greedy,epsilon=0.1,380,36.10583594971929,4.3722358380370805,31.73360011168221,40.47807178775637,5
scale_default,Epsilon_Greedy,epsilon=0.1,381,36.24166142569568,4.402765207132669,31.838896218563015,40.64442663282835,5
scale_default,Epsilon_Greedy,epsilon=0.1,382,36.43130245310587,4.409139029373156,32.022163423732714,40.84044148247903,5
scale_default,Epsilon_Greedy,epsilon=0.1,383,36.57981802753993,4.3824126843467095,32.19740534319322,40.96223071188664,5
scale_default,Epsilon_Greedy,epsilon=0.1,384,36.69832855533594,4.3509795103360736,32.347349044999866,41.049308065672015,5
scale_default,Epsilon_Greedy,epsilon=0.1,385,36.91888682643371,4.471846823842711,32.447040002591,41.390733650276424,5
scale_default,Epsilon_Greedy,epsilon=0.1,386,37.022737871139725,4.531011355319618,32.491726515820105,41.553749226459345,5
scale_default,Epsilon_Greedy,epsilon=0.1,387,37.17101796794047,4.493638830347904,32.67737913759257,41.66465679828838,5
scale_default,Epsilon_Greedy,epsilon=0.1,388,37.347167406049934,4.536870791023234,32.8102966150267,41.88403819707317,5
scale_default,Epsilon_Greedy,epsilon=0.1,389,37.43855879157096,4.4917249396472885,32.94683385192367,41.93028373121825,5
scale_default,Epsilon_Greedy,epsilon=0.1,390,37.59136626133814,4.615269399116211,32.97609686222193,42.206635660454346,5
scale_default,Epsilon_Greedy,epsilon=0.1,391,37.77490494921875,4.605327162051755,33.16957778716699,42.38023211127051,5
scale_default,Epsilon_Greedy,epsilon=0.1,392,37.958494202946156,4.624033324230438,33.33446087871572,42.582527527176595,5
scale_default,Epsilon_Greedy,epsilon=0.1,393,38.134850339041144,4.484461808033096,33.65038853100805,42.61931214707424,5
scale_default,Epsilon_Greedy,epsilon=0.1,394,38.316903329118006,4.385124094685699,33.931779234432305,42.702027423803706,5
scale_default,Epsilon_Greedy,epsilon=0.1,395,38.42379382964682,4.407807562027927,34.01598626761889,42.831601391674745,5
scale_default,Epsilon_Greedy,epsilon=0.1,396,38.499779317778746,4.372357364035395,34.12742195374335,42.87213668181414,5
scale_default,Epsilon_Greedy,epsilon=0.1,397,38.58911674743196,4.428520968044465,34.16059577938749,43.017637715476425,5
scale_default,Epsilon_Greedy,epsilon=0.1,398,38.82307545352076,4.587416338894201,34.23565911462656,43.41049179241496,5
scale_default,Epsilon_Greedy,epsilon=0.1,399,38.92241832934583,4.523859504646513,34.39855882469932,43.44627783399234,5
scale_default,Epsilon_Greedy,epsilon=0.1,400,39.12761308950555,4.506086192332137,34.62152689717342,43.633699281837686,5
scale_default,Epsilon_Greedy,epsilon=0.1,401,39.29238896908036,4.4540782865535515,34.83831068252681,43.74646725563392,5
scale_default,Epsilon_Greedy,epsilon=0.1,402,39.49345688918059,4.480384584315984,35.01307230486461,43.97384147349658,5
scale_default,Epsilon_Greedy,epsilon=0.1,403,39.70035385966753,4.431522336215404,35.26883152345213,44.13187619588293,5
scale_default,Epsilon_Greedy,epsilon=0.1,404,39.85345273961585,4.489284574028303,35.36416816558754,44.34273731364415,5
scale_default,Epsilon_Greedy,epsilon=0.1,405,40.077769121675026,4.475711877717922,35.602057243957105,44.553480999392946,5
scale_default,Epsilon_Greedy,epsilon=0.1,406,40.20071942970817,4.3862451955350545,35.81447423417312,44.586964625243226,5
scale_default,Epsilon_Greedy,epsilon=0.1,407,40.40992881128648,4.352644446881504,36.05728436440497,44.76257325816798,5
scale_default,Epsilon_Greedy,epsilon=0.1,408,40.57026601456196,4.396000492976859,36.1742655215851,44.96626650753882,5
scale_default,Epsilon_Greedy,epsilon=0.1,409,40.708801234771876,4.47437947729629,36.23442175747559,45.183180712068165,5
scale_default,Epsilon_Greedy,epsilon=0.1,410,41.078827043487,4.493034712417006,36.585792331069996,45.57186175590401,5
scale_default,Epsilon_Greedy,epsilon=0.1,411,41.22021613484722,4.526687258562971,36.69352887628425,45.74690339341019,5
scale_default,Epsilon_Greedy,epsilon=0.1,412,41.28306823360795,4.519559247380672,36.76350898622728,45.80262748098862,5
scale_default,Epsilon_Greedy,epsilon=0.1,413,41.45398035576946,4.666865167319814,36.78711518844965,46.12084552308927,5
scale_default,Epsilon_Greedy,epsilon=0.1,414,41.607223081179896,4.655201735335421,36.95202134584447,46.26242481651532,5
scale_default,Epsilon_Greedy,epsilon=0.1,415,41.711438366274315,4.596591563311164,37.11484680296315,46.30802992958548,5
scale_default,Epsilon_Greedy,epsilon=0.1,416,41.891529805329355,4.529196687753427,37.36233311757593,46.42072649308278,5
scale_default,Epsilon_Greedy,epsilon=0.1,417,42.05441314883471,4.560080861734769,37.494332287099944,46.61449401056948,5
scale_default,Epsilon_Greedy,epsilon=0.1,418,42.284904013707575,4.5856442752870725,37.6992597384205,46.87054828899465,5
scale_default,Epsilon_Greedy,epsilon=0.1,419,42.432948746666966,4.736130614545848,37.696818132121116,47.169079361212816,5
scale_default,Epsilon_Greedy,epsilon=0.1,420,42.6098738593109,4.780150059562989,37.82972379974791,47.390023918873894,5
scale_default,Epsilon_Greedy,epsilon=0.1,421,42.860097206502715,4.8551683292848855,38.00492887721783,47.7152655357876,5
scale_default,Epsilon_Greedy,epsilon=0.1,422,43.05692724072443,4.75238735326595,38.304539887458475,47.80931459399038,5
scale_default,Epsilon_Greedy,epsilon=0.1,423,43.21327705053277,4.652567925881606,38.56070912465116,47.86584497641437,5
scale_default,Epsilon_Greedy,epsilon=0.1,424,43.30923392700565,4.584270204609635,38.72496372239601,47.89350413161529,5
scale_default,Epsilon_Greedy,epsilon=0.1,425,43.45667888262947,4.605193865510316,38.85148501711915,48.061872748139784,5
scale_default,Epsilon_Greedy,epsilon=0.1,426,43.73461285713311,4.500454933402582,39.23415792373053,48.23506779053569,5
scale_default,Epsilon_Greedy,epsilon=0.1,427,43.92444748601813,4.527533703943353,39.396913782074776,48.45198118996149,5
scale_default,Epsilon_Greedy,epsilon=0.1,428,44.09546537325043,4.536408402185175,39.55905697106525,48.6318737754356,5
scale_default,Epsilon_Greedy,epsilon=0.1,429,44.33584504373117,4.587708832239041,39.748136211492124,48.923553875970214,5
scale_default,Epsilon_Greedy,epsilon=0.1,430,44.6335545700271,4.570566094313442,40.06298847571366,49.20412066434054,5
scale_default,Epsilon_Greedy,epsilon=0.1,431,44.72152198396842,4.542532487796884,40.17898949617154,49.264054471765306,5
scale_default,Epsilon_Greedy,epsilon=0.1,432,44.85766977237156,4.532071164869691,40.32559860750187,49.38974093724125,5
scale_default,Epsilon_Greedy,epsilon=0.1,433,44.98831614894217,4.52437885273247,40.4639372962097,49.512695001674636,5
scale_default,Epsilon_Greedy,epsilon=0.1,434,45.1502275469452,4.539911470613268,40.610316076331934,49.69013901755847,5
scale_default,Epsilon_Greedy,epsilon=0.1,435,45.36755082283064,4.698316719654562,40.66923410317607,50.0658675424852,5
scale_default,Epsilon_Greedy,epsilon=0.1,436,45.68401586612698,4.811575104913284,40.872440761213696,50.49559097104026,5
scale_default,Epsilon_Greedy,epsilon=0.1,437,45.821683410490344,4.782461970025244,41.0392214404651,50.60414538051559,5
scale_default,Epsilon_Greedy,epsilon=0.1,438,45.98110360755531,4.9026982425878565,41.07840536496745,50.88380185014317,5
scale_default,Epsilon_Greedy,epsilon=0.1,439,46.20295868295191,4.861605611871958,41.34135307107995,51.06456429482387,5
scale_default,Epsilon_Greedy,epsilon=0.1,440,46.36275768857136,4.774596848144349,41.58816084042701,51.137354536715705,5
scale_default,Epsilon_Greedy,epsilon=0.1,441,46.540636051350326,4.800115328022417,41.74052072332791,51.34075137937274,5
scale_default,Epsilon_Greedy,epsilon=0.1,442,46.720349657009784,4.816517961547321,41.903831695462465,51.5368676185571,5
scale_default,Epsilon_Greedy,epsilon=0.1,443,46.99243525872599,4.828401020550551,42.16403423817544,51.82083627927654,5
scale_default,Epsilon_Greedy,epsilon=0.1,444,47.14086989141491,4.95373267319113,42.18713721822378,52.094602564606035,5
scale_default,Epsilon_Greedy,epsilon=0.1,445,47.326215846683034,4.943260198825308,42.38295564785773,52.26947604550834,5
scale_default,Epsilon_Greedy,epsilon=0.1,446,47.48211665289931,4.921619477163107,42.5604971757362,52.40373613006241,5
scale_default,Epsilon_Greedy,epsilon=0.1,447,47.58795028017123,4.914323809303493,42.67362647086773,52.502274089474724,5
scale_default,Epsilon_Greedy,epsilon=0.1,448,47.76292721701013,4.901668963321669,42.86125825368846,52.6645961803318,5
scale_default,Epsilon_Greedy,epsilon=0.1,449,47.94442464453887,4.912214545685397,43.032210098853476,52.856639190224264,5
scale_default,Epsilon_Greedy,epsilon=0.1,450,48.09691579512504,4.944302772937482,43.15261302218756,53.041218568062526,5
scale_default,Epsilon_Greedy,epsilon=0.1,451,48.270922161172166,4.951112131801598,43.319810029370565,53.22203429297377,5
scale_default,Epsilon_Greedy,epsilon=0.1,452,48.352651913770806,4.954340599413823,43.39831131435698,53.30699251318463,5
scale_default,Epsilon_Greedy,epsilon=0.1,453,48.69046993102457,4.844346310218098,43.84612362080647,53.53481624124267,5
scale_default,Epsilon_Greedy,epsilon=0.1,454,48.771573811837506,4.815281571264907,43.9562922405726,53.58685538310241,5
scale_default,Epsilon_Greedy,epsilon=0.1,455,48.96055817478176,4.790420863225717,44.17013731155604,53.75097903800748,5
scale_default,Epsilon_Greedy,epsilon=0.1,456,49.099891052333305,4.794198730199673,44.30569232213363,53.89408978253298,5
scale_default,Epsilon_Greedy,epsilon=0.1,457,49.15495465891367,4.815255091730072,44.339699567183594,53.97020975064374,5
scale_default,Epsilon_Greedy,epsilon=0.1,458,49.37362702184339,4.798065779092178,44.57556124275121,54.17169280093557,5
scale_default,Epsilon_Greedy,epsilon=0.1,459,49.45968919367959,4.730529493257889,44.7291597004217,54.19021868693748,5
scale_default,Epsilon_Greedy,epsilon=0.1,460,49.57213566922242,4.670086632178641,44.90204903704378,54.24222230140106,5
scale_default,Epsilon_Greedy,epsilon=0.1,461,49.69892656960214,4.614731596720073,45.084194972882074,54.31365816632221,5
scale_default,Epsilon_Greedy,epsilon=0.1,462,49.89399468104226,4.685539809967344,45.20845487107491,54.5795344910096,5
scale_default,Epsilon_Greedy,epsilon=0.1,463,50.06762508373729,4.649064892859263,45.418560190878026,54.716689976596555,5
scale_default,Epsilon_Greedy,epsilon=0.1,464,50.325845364992944,4.702149238591856,45.623696126401086,55.0279946035848,5
scale_default,Epsilon_Greedy,epsilon=0.1,465,50.52235333326989,4.614065548070822,45.90828778519907,55.13641888134071,5
scale_default,Epsilon_Greedy,epsilon=0.1,466,50.66728951530225,4.619589177339507,46.047700337962745,55.28687869264176,5
scale_default,Epsilon_Greedy,epsilon=0.1,467,50.79864377611474,4.726748005763272,46.07189577035147,55.52539178187801,5
scale_default,Epsilon_Greedy,epsilon=0.1,468,50.94975193625964,4.715974165060355,46.233777771199286,55.66572610131999,5
scale_default,Epsilon_Greedy,epsilon=0.1,469,51.28154597574816,4.9034810694554665,46.37806490629269,56.185027045203626,5
scale_default,Epsilon_Greedy,epsilon=0.1,470,51.463732771875414,4.980140160301976,46.483592611573435,56.44387293217739,5
scale_default,Epsilon_Greedy,epsilon=0.1,471,51.605818287644844,5.07447546669188,46.531342820952965,56.680293754336724,5
scale_default,Epsilon_Greedy,epsilon=0.1,472,51.83965394702987,5.104761283842358,46.734892663187516,56.94441523087223,5
scale_default,Epsilon_Greedy,epsilon=0.1,473,52.07898806293856,4.961138624228149,47.117849438710415,57.04012668716671,5
scale_default,Epsilon_Greedy,epsilon=0.1,474,52.394151950010006,4.794174412937791,47.59997753707221,57.1883263629478,5
scale_default,Epsilon_Greedy,epsilon=0.1,475,52.57103625109909,4.705550964578091,47.86548528652099,57.27658721567718,5
scale_default,Epsilon_Greedy,epsilon=0.1,476,52.66258800660033,4.740674525216751,47.92191348138358,57.403262531817084,5
scale_default,Epsilon_Greedy,epsilon=0.1,477,52.82284621940645,4.718199769207666,48.104646450198786,57.541045988614115,5
scale_default,Epsilon_Greedy,epsilon=0.1,478,53.02285224265883,4.629483550048714,48.39336869261012,57.65233579270754,5
scale_default,Epsilon_Greedy,epsilon=0.1,479,53.13071213595755,4.733576580075372,48.39713555588218,57.864288716032924,5
scale_default,Epsilon_Greedy,epsilon=0.1,480,53.39746906793456,4.728496821787251,48.668972246147305,58.12596588972181,5
scale_default,Epsilon_Greedy,epsilon=0.1,481,53.563848037740584,4.707606284460728,48.85624175327985,58.271454322201315,5
scale_default,Epsilon_Greedy,epsilon=0.1,482,53.727321303134815,4.684496284583081,49.04282501855173,58.4118175877179,5
scale_default,Epsilon_Greedy,epsilon=0.1,483,53.91893962535528,4.742466622523718,49.17647300283156,58.661406247879,5
scale_default,Epsilon_Greedy,epsilon=0.1,484,54.00001661095904,4.77929319179402,49.22072341916502,58.779309802753055,5
scale_default,Epsilon_Greedy,epsilon=0.1,485,54.195229861184124,4.665709803542296,49.529520057641825,58.86093966472642,5
scale_default,Epsilon_Greedy,epsilon=0.1,486,54.40801819630241,4.62059847927927,49.78741971702314,59.028616675581674,5
scale_default,Epsilon_Greedy,epsilon=0.1,487,54.48085128882091,4.660085923917585,49.82076536490332,59.14093721273849,5
scale_default,Epsilon_Greedy,epsilon=0.1,488,54.66111051087091,4.567441352838475,50.09366915803244,59.228551863709384,5
scale_default,Epsilon_Greedy,epsilon=0.1,489,54.76976731938182,4.5496599704893255,50.2201073488925,59.31942728987114,5
scale_default,Epsilon_Greedy,epsilon=0.1,490,54.924926635367534,4.5302748928150995,50.39465174255243,59.455201528182634,5
scale_default,Epsilon_Greedy,epsilon=0.1,491,55.086350431599875,4.5640418419085655,50.522308589691306,59.650392273508444,5
scale_default,Epsilon_Greedy,epsilon=0.1,492,55.331761611947606,4.590188088685608,50.741573523262,59.92194970063321,5
scale_default,Epsilon_Greedy,epsilon=0.1,493,55.47225120052705,4.431947957372372,51.040303243154675,59.90419915789942,5
scale_default,Epsilon_Greedy,epsilon=0.1,494,55.750172455274445,4.318145388473299,51.43202706680115,60.06831784374774,5
scale_default,Epsilon_Greedy,epsilon=0.1,495,55.96360980288697,4.366849457887544,51.596760344999424,60.33045926077452,5
scale_default,Epsilon_Greedy,epsilon=0.1,496,56.27401685769488,4.261255984801613,52.01276087289327,60.5352728424965,5
scale_default,Epsilon_Greedy,epsilon=0.1,497,56.37426577138372,4.269918700609993,52.10434707077373,60.64418447199371,5
scale_default,Epsilon_Greedy,epsilon=0.1,498,56.688660452178816,4.300242427681729,52.388418024497085,60.98890287986055,5
scale_default,Epsilon_Greedy,epsilon=0.1,499,56.84159351715257,4.247611117494836,52.59398239965773,61.0892046346474,5
scale_default,Epsilon_Greedy,epsilon=0.1,500,57.07313678740932,4.244053513015965,52.829083274393355,61.31719030042528,5
scale_default,Epsilon_Greedy,epsilon=0.1,501,57.26641485119804,4.119249397025209,53.147165454172836,61.38566424822325,5
scale_default,Epsilon_Greedy,epsilon=0.1,502,57.45740618551579,4.169979273479232,53.28742691203655,61.62738545899502,5
scale_default,Epsilon_Greedy,epsilon=0.1,503,57.65833026916497,4.230472514367052,53.42785775479792,61.88880278353202,5
scale_default,Epsilon_Greedy,epsilon=0.1,504,57.79190355531811,4.143084973398904,53.6488185819192,61.934988528717014,5
scale_default,Epsilon_Greedy,epsilon=0.1,505,58.057476454262336,4.227561271202199,53.82991518306014,62.285037725464534,5
scale_default,Epsilon_Greedy,epsilon=0.1,506,58.242044183554114,4.293062746239744,53.94898143731437,62.535106929793855,5
scale_default,Epsilon_Greedy,epsilon=0.1,507,58.37581478335816,4.3554624353294935,54.020352348028666,62.73127721868765,5
scale_default,Epsilon_Greedy,epsilon=0.1,508,58.59064037529252,4.476084491891361,54.11455588340116,63.066724867183886,5
scale_default,Epsilon_Greedy,epsilon=0.1,509,58.68812588021284,4.463746230727285,54.224379649485556,63.15187211094012,5
scale_default,Epsilon_Greedy,epsilon=0.1,510,58.83035882594269,4.410666935127701,54.41969189081499,63.24102576107039,5
scale_default,Epsilon_Greedy,epsilon=0.1,511,58.87781013882873,4.4370238351877065,54.44078630364102,63.31483397401644,5
scale_default,Epsilon_Greedy,epsilon=0.1,512,59.04153183920207,4.576470395771575,54.4650614434305,63.618002234973645,5
scale_default,Epsilon_Greedy,epsilon=0.1,513,59.25389666835254,4.5962447165746445,54.65765195177789,63.850141384927184,5
scale_default,Epsilon_Greedy,epsilon=0.1,514,59.40258585848518,4.591610261839932,54.81097559664525,63.994196120325114,5
scale_default,Epsilon_Greedy,epsilon=0.1,515,59.70991968581389,4.700108483044248,55.00981120276964,64.41002816885813,5
scale_default,Epsilon_Greedy,epsilon=0.1,516,59.928862761276925,4.708189813542771,55.22067294773415,64.63705257481969,5
scale_default,Epsilon_Greedy,epsilon=0.1,517,60.107148720281444,4.694437611116884,55.41271110916456,64.80158633139833,5
scale_default,Epsilon_Greedy,epsilon=0.1,518,60.324593849189796,4.680097507990874,55.64449634119892,65.00469135718068,5
scale_default,Epsilon_Greedy,epsilon=0.1,519,60.46922395225842,4.616755185990085,55.85246876626833,65.0859791382485,5
scale_default,Epsilon_Greedy,epsilon=0.1,520,60.71283239916509,4.659964262528272,56.05286813663682,65.37279666169336,5
scale_default,Epsilon_Greedy,epsilon=0.1,521,60.807602696198636,4.678103228351735,56.1294994678469,65.48570592455037,5
scale_default,Epsilon_Greedy,epsilon=0.1,522,61.04796057613678,4.778835122746867,56.26912545338991,65.82679569888364,5
scale_default,Epsilon_Greedy,epsilon=0.1,523,61.07534662451999,4.782141293875439,56.29320533064455,65.85748791839542,5
scale_default,Epsilon_Greedy,epsilon=0.1,524,61.27131687877536,4.711516558628958,56.5598003201464,65.98283343740431,5
scale_default,Epsilon_Greedy,epsilon=0.1,525,61.59021570126246,4.877784018256648,56.71243168300581,66.4679997195191,5
scale_default,Epsilon_Greedy,epsilon=0.1,526,61.82926635649915,4.857784017873804,56.97148233862534,66.68705037437294,5
scale_default,Epsilon_Greedy,epsilon=0.1,527,62.003842771602514,4.928773090293718,57.0750696813088,66.93261586189624,5
scale_default,Epsilon_Greedy,epsilon=0.1,528,62.28097890414621,5.046393311318005,57.2345855928282,67.32737221546421,5
scale_default,Epsilon_Greedy,epsilon=0.1,529,62.66992044878193,5.04148393939793,57.628436509384,67.71140438817986,5
scale_default,Epsilon_Greedy,epsilon=0.1,530,62.80524848142858,5.00545248650575,57.799795994922825,67.81070096793432,5
scale_default,Epsilon_Greedy,epsilon=0.1,531,62.98910466444388,4.9965627285977625,57.99254193584612,67.98566739304164,5
scale_default,Epsilon_Greedy,epsilon=0.1,532,63.27577774707551,5.113531865046442,58.16224588202907,68.38930961212195,5
scale_default,Epsilon_Greedy,epsilon=0.1,533,63.40827575316949,5.1604628679644975,58.24781288520499,68.56873862113399,5
scale_default,Epsilon_Greedy,epsilon=0.1,534,63.533351062633685,5.13761143242035,58.395739630213335,68.67096249505403,5
scale_default,Epsilon_Greedy,epsilon=0.1,535,63.63508278599968,5.155341716480061,58.47974106951962,68.79042450247974,5
scale_default,Epsilon_Greedy,epsilon=0.1,536,63.8404960239713,5.277652160127065,58.562843863844236,69.11814818409836,5
scale_default,Epsilon_Greedy,epsilon=0.1,537,64.08802601547131,5.147068601783465,58.94095741368785,69.23509461725477,5
scale_default,Epsilon_Greedy,epsilon=0.1,538,64.19786618778105,5.140223528482046,59.057642659299,69.33808971626308,5
scale_default,Epsilon_Greedy,epsilon=0.1,539,64.38685287328157,5.061353495941239,59.32549937734033,69.4482063692228,5
scale_default,Epsilon_Greedy,epsilon=0.1,540,64.50534565975667,5.116303545483204,59.389042114273465,69.62164920523988,5
scale_default,Epsilon_Greedy,epsilon=0.1,541,64.72239986122908,5.088801866914423,59.633597994314655,69.8112017281435,5
scale_default,Epsilon_Greedy,epsilon=0.1,542,64.86170932721072,5.030662598794401,59.83104672841632,69.89237192600513,5
scale_default,Epsilon_Greedy,epsilon=0.1,543,65.04958150101221,5.045574516889182,60.00400698412303,70.09515601790139,5
scale_default,Epsilon_Greedy,epsilon=0.1,544,65.35424917559631,5.218077768572142,60.136171407024165,70.57232694416845,5
scale_default,Epsilon_Greedy,epsilon=0.1,545,65.69382124606054,5.40064531554828,60.293175930512255,71.09446656160881,5
scale_default,Epsilon_Greedy,epsilon=0.1,546,65.91153328445856,5.477554904094849,60.433978380363705,71.3890881885534,5
scale_default,Epsilon_Greedy,epsilon=0.1,547,66.10389102396722,5.367760893987429,60.73613012997979,71.47165191795465,5
scale_default,Epsilon_Greedy,epsilon=0.1,548,66.28167621133835,5.3232119406050495,60.9584642707333,71.6048881519434,5
scale_default,Epsilon_Greedy,epsilon=0.1,549,66.4668879277622,5.252056553937302,61.2148313738249,71.71894448169951,5
scale_default,Epsilon_Greedy,epsilon=0.1,550,66.6029620926615,5.116308425771284,61.48665366689021,71.71927051843278,5
scale_default,Epsilon_Greedy,epsilon=0.1,551,66.72101876560615,5.097649834649746,61.6233689309564,71.81866860025589,5
scale_default,Epsilon_Greedy,epsilon=0.1,552,66.90815192081232,5.090829322160699,61.817322598651614,71.99898124297302,5
scale_default,Epsilon_Greedy,epsilon=0.1,553,67.08116383952292,5.081969835274755,61.99919400424816,72.16313367479768,5
scale_default,Epsilon_Greedy,epsilon=0.1,554,67.28260725916574,5.149499655966909,62.13310760319884,72.43210691513265,5
scale_default,Epsilon_Greedy,epsilon=0.1,555,67.47427499964428,5.133294088570907,62.34098091107337,72.60756908821519,5
scale_default,Epsilon_Greedy,epsilon=0.1,556,67.55932863359122,5.108269081501875,62.45105955208935,72.6675977150931,5
scale_default,Epsilon_Greedy,epsilon=0.1,557,67.67689133515354,5.111969868666037,62.564921466487505,72.78886120381958,5
scale_default,Epsilon_Greedy,epsilon=0.1,558,67.8277286188488,5.010424730197375,62.81730388865142,72.83815334904617,5
scale_default,Epsilon_Greedy,epsilon=0.1,559,67.91138504003484,5.015232890373395,62.89615214966145,72.92661793040824,5
scale_default,Epsilon_Greedy,epsilon=0.1,560,68.08563668527992,4.995810232161984,63.08982645311794,73.08144691744191,5
scale_default,Epsilon_Greedy,epsilon=0.1,561,68.19079389320689,4.981503178388281,63.20929071481861,73.17229707159517,5
scale_default,Epsilon_Greedy,epsilon=0.1,562,68.40393123411948,4.915083329506837,63.48884790461265,73.31901456362633,5
scale_default,Epsilon_Greedy,epsilon=0.1,563,68.62079701617634,4.862214219863506,63.75858279631284,73.48301123603984,5
scale_default,Epsilon_Greedy,epsilon=0.1,564,68.74385740814482,4.8228789583458065,63.920978449799016,73.56673636649063,5
scale_default,Epsilon_Greedy,epsilon=0.1,565,69.01201054023696,4.912425498374772,64.09958504186218,73.92443603861173,5
scale_default,Epsilon_Greedy,epsilon=0.1,566,69.13266348587183,4.924821507887507,64.20784197798433,74.05748499375933,5
scale_default,Epsilon_Greedy,epsilon=0.1,567,69.30953087282224,4.926050440901241,64.383480431921,74.23558131372347,5
scale_default,Epsilon_Greedy,epsilon=0.1,568,69.46374133654247,4.9279315905663195,64.53580974597615,74.39167292710879,5
scale_default,Epsilon_Greedy,epsilon=0.1,569,69.60916677896677,4.955304762770993,64.65386201619577,74.56447154173776,5
scale_default,Epsilon_Greedy,epsilon=0.1,570,69.72975844238752,4.94778802254424,64.78197041984328,74.67754646493177,5
scale_default,Epsilon_Greedy,epsilon=0.1,571,69.87400381661351,5.002436587989527,64.87156722862399,74.87644040460303,5
scale_default,Epsilon_Greedy,epsilon=0.1,572,70.11689758771502,5.141789526696406,64.97510806101862,75.25868711441142,5
scale_default,Epsilon_Greedy,epsilon=0.1,573,70.35858127436683,5.280574399742799,65.07800687462402,75.63915567410963,5
scale_default,Epsilon_Greedy,epsilon=0.1,574,70.62171181690307,5.312285620765157,65.30942619613792,75.93399743766822,5
scale_default,Epsilon_Greedy,epsilon=0.1,575,70.9868313748142,5.457144577246385,65.52968679756782,76.44397595206058,5
scale_default,Epsilon_Greedy,epsilon=0.1,576,71.23383459275337,5.667924541452057,65.56591005130132,76.90175913420542,5
scale_default,Epsilon_Greedy,epsilon=0.1,577,71.3343751481319,5.617037540540969,65.71733760759093,76.95141268867286,5
scale_default,Epsilon_Greedy,epsilon=0.1,578,71.51330933384078,5.708448103048895,65.80486123079189,77.22175743688967,5
scale_default,Epsilon_Greedy,epsilon=0.1,579,71.6804641837947,5.8121427093766425,65.86832147441805,77.49260689317134,5
scale_default,Epsilon_Greedy,epsilon=0.1,580,71.79554775226055,5.785817689399495,66.00973006286105,77.58136544166004,5
scale_default,Epsilon_Greedy,epsilon=0.1,581,71.9273584317585,5.7505937283087425,66.17676470344976,77.67795216006725,5
scale_default,Epsilon_Greedy,epsilon=0.1,582,72.0956826879714,5.802942927715946,66.29273976025546,77.89862561568735,5
scale_default,Epsilon_Greedy,epsilon=0.1,583,72.30735691010811,5.777614354107925,66.52974255600019,78.08497126421604,5
scale_default,Epsilon_Greedy,epsilon=0.1,584,72.55277093268164,5.822316778789787,66.73045415389186,78.37508771147142,5
scale_default,Epsilon_Greedy,epsilon=0.1,585,72.66952022408164,5.802658145415296,66.86686207866634,78.47217836949693,5
scale_default,Epsilon_Greedy,epsilon=0.1,586,72.88430194628887,5.687922233788798,67.19637971250008,78.57222418007767,5
scale_default,Epsilon_Greedy,epsilon=0.1,587,73.0389301185717,5.706831799606338,67.33209831896536,78.74576191817803,5
scale_default,Epsilon_Greedy,epsilon=0.1,588,73.18397345418812,5.708404476455434,67.47556897773269,78.89237793064355,5
scale_default,Epsilon_Greedy,epsilon=0.1,589,73.30934919973548,5.714933319003372,67.5944158807321,79.02428251873886,5
scale_default,Epsilon_Greedy,epsilon=0.1,590,73.52704092095212,5.7001902262737465,67.82685069467837,79.22723114722587,5
scale_default,Epsilon_Greedy,epsilon=0.1,591,73.66501075996054,5.670788366257522,67.99422239370301,79.33579912621806,5
scale_default,Epsilon_Greedy,epsilon=0.1,592,73.84559691279917,5.656624951143356,68.18897196165581,79.50222186394252,5
scale_default,Epsilon_Greedy,epsilon=0.1,593,73.95339585594567,5.601603543950657,68.35179231199501,79.55499939989633,5
scale_default,Epsilon_Greedy,epsilon=0.1,594,74.05886902603262,5.630500929405556,68.42836809662707,79.68936995543818,5
scale_default,Epsilon_Greedy,epsilon=0.1,595,74.13112742723015,5.603709806629875,68.52741762060027,79.73483723386003,5
scale_default,Epsilon_Greedy,epsilon=0.1,596,74.2528525621268,5.582601023186831,68.67025153893998,79.83545358531363,5
scale_default,Epsilon_Greedy,epsilon=0.1,597,74.44745952101024,5.533522883979546,68.9139366370307,79.98098240498979,5
scale_default,Epsilon_Greedy,epsilon=0.1,598,74.66471607810023,5.5549449645115265,69.1097711135887,80.21966104261175,5
scale_default,Epsilon_Greedy,epsilon=0.1,599,74.80847755997861,5.493487512220653,69.31499004775796,80.30196507219927,5
scale_default,Epsilon_Greedy,epsilon=0.15,0,0.11320401990046203,0.05187124394683345,0.06133277595362858,0.16507526384729548,5
scale_default,Epsilon_Greedy,epsilon=0.15,1,0.20058421091116574,0.10229072365813197,0.09829348725303377,0.3028749345692977,5
scale_default,Epsilon_Greedy,epsilon=0.15,2,0.3079417822250264,0.18177263008948116,0.12616915213554522,0.4897144123145075,5
scale_default,Epsilon_Greedy,epsilon=0.15,3,0.388708881067846,0.2362133924115561,0.15249548865628992,0.6249222734794021,5
scale_default,Epsilon_Greedy,epsilon=0.15,4,0.4821675363946529,0.33001019401832565,0.15215734237632722,0.8121777304129785,5
scale_default,Epsilon_Greedy,epsilon=0.15,5,0.5421495013805017,0.3831332469631662,0.15901625441733547,0.9252827483436679,5
scale_default,Epsilon_Greedy,epsilon=0.15,6,0.5959017541629407,0.4249423203716515,0.17095943379128914,1.0208440745345921,5
scale_default,Epsilon_Greedy,epsilon=0.15,7,0.6585395633750702,0.43833495572532527,0.22020460764974498,1.0968745191003955,5
scale_default,Epsilon_Greedy,epsilon=0.15,8,0.7160518252022603,0.4832397406641049,0.23281208453815538,1.1992915658663652,5
scale_default,Epsilon_Greedy,epsilon=0.15,9,0.766133498744359,0.5240096577219469,0.24212384102241213,1.2901431564663057,5
scale_default,Epsilon_Greedy,epsilon=0.15,10,0.8058831120086808,0.5523699705426882,0.2535131414659926,1.358253082551369,5
scale_default,Epsilon_Greedy,epsilon=0.15,11,0.8396935543329296,0.5811460300029853,0.2585475243299443,1.4208395843359147,5
scale_default,Epsilon_Greedy,epsilon=0.15,12,0.8702030978132674,0.6050686974768444,0.265134400336423,1.4752717952901118,5
scale_default,Epsilon_Greedy,epsilon=0.15,13,0.9351955595117012,0.6441129596854062,0.29108259982629503,1.5793085191971072,5
scale_default,Epsilon_Greedy,epsilon=0.15,14,0.9674660436495433,0.6848461092338919,0.28261993441565136,1.652312152883435,5
scale_default,Epsilon_Greedy,epsilon=0.15,15,0.9954839249288442,0.7225022216001158,0.2729817033287284,1.7179861465289599,5
scale_default,Epsilon_Greedy,epsilon=0.15,16,1.0182790632413177,0.751459220515337,0.2668198427259807,1.7697382837566547,5
scale_default,Epsilon_Greedy,epsilon=0.15,17,1.054349315507654,0.7990771384257904,0.25527217708186356,1.8534264539334444,5
scale_default,Epsilon_Greedy,epsilon=0.15,18,1.0883448085879006,0.8254058144161541,0.2629389941717465,1.9137506230040549,5
scale_default,Epsilon_Greedy,epsilon=0.15,19,1.1682677934768486,0.900354248270682,0.2679135452061666,2.0686220417475307,5
scale_default,Epsilon_Greedy,epsilon=0.15,20,1.1944843306022856,0.9370663032663622,0.25741802733592345,2.131550633868648,5
scale_default,Epsilon_Greedy,epsilon=0.15,21,1.2373479293361058,1.0001922063704627,0.23715572296564313,2.2375401357065687,5
scale_default,Epsilon_Greedy,epsilon=0.15,22,1.2551221930785992,1.0281082975802527,0.2270138954983465,2.283230490658852,5
scale_default,Epsilon_Greedy,epsilon=0.15,23,1.288035330927134,1.0846782338813057,0.20335709704582827,2.3727135648084396,5
scale_default,Epsilon_Greedy,epsilon=0.15,24,1.3149696046874002,1.1063734322384582,0.20859617244894202,2.421343036925858,5
scale_default,Epsilon_Greedy,epsilon=0.15,25,1.346523135573197,1.1375799618214077,0.20894317375178928,2.4841030973946046,5
scale_default,Epsilon_Greedy,epsilon=0.15,26,1.3589442553848465,1.1451907546089082,0.21375350077593835,2.504135009993755,5
scale_default,Epsilon_Greedy,epsilon=0.15,27,1.3702585459926264,1.1523825055615304,0.21787604043109599,2.5226410515541566,5
scale_default,Epsilon_Greedy,epsilon=0.15,28,1.3851415368859785,1.165736395780301,0.21940514110567744,2.5508779326662796,5
scale_default,Epsilon_Greedy,epsilon=0.15,29,1.4002465965495954,1.1770268136491107,0.22321978290048472,2.577273410198706,5
scale_default,Epsilon_Greedy,epsilon=0.15,30,1.4284821818237097,1.2041797460832713,0.2243024357404384,2.632661927906981,5
scale_default,Epsilon_Greedy,epsilon=0.15,31,1.4383790536950158,1.2087211173028094,0.22965793639220644,2.6471001709978252,5
scale_default,Epsilon_Greedy,epsilon=0.15,32,1.4432369103448708,1.2136687408254097,0.22956816951946113,2.6569056511702804,5
scale_default,Epsilon_Greedy,epsilon=0.15,33,1.4570451828314295,1.2174315277110968,0.23961365512033272,2.6744767105425264,5
scale_default,Epsilon_Greedy,epsilon=0.15,34,1.4694520199656191,1.225441933073396,0.24401008689222303,2.6948939530390152,5
scale_default,Epsilon_Greedy,epsilon=0.15,35,1.4814027438196715,1.2369999363806325,0.24440280743903897,2.7184026802003043,5
scale_default,Epsilon_Greedy,epsilon=0.15,36,1.4995222429028925,1.2419661143300658,0.2575561285728267,2.7414883572329583,5
scale_default,Epsilon_Greedy,epsilon=0.15,37,1.5031852656307123,1.2441282274769134,0.2590570381537989,2.747313493107626,5
scale_default,Epsilon_Greedy,epsilon=0.15,38,1.5208671894476353,1.2476930136860682,0.2731741757615671,2.7685602031337035,5
scale_default,Epsilon_Greedy,epsilon=0.15,39,1.5322893672013957,1.2455812203717846,0.2867081468296111,2.7778705875731804,5
scale_default,Epsilon_Greedy,epsilon=0.15,40,1.5394216781043317,1.2484032302589982,0.2910184478453335,2.78782490836333,5
scale_default,Epsilon_Greedy,epsilon=0.15,41,1.5467680842737075,1.247454834061035,0.2993132502126725,2.7942229183347425,5
scale_default,Epsilon_Greedy,epsilon=0.15,42,1.5474100906694,1.2474617348249553,0.2999483558444447,2.794871825494355,5
scale_default,Epsilon_Greedy,epsilon=0.15,43,1.5558373990679653,1.2523417174624465,0.30349568160551876,2.808179116530412,5
scale_default,Epsilon_Greedy,epsilon=0.15,44,1.5594857184397546,1.2522737973580664,0.30721192108168816,2.811759515797821,5
scale_default,Epsilon_Greedy,epsilon=0.15,45,1.5878678873058198,1.2513515852935773,0.3365163020122426,2.839219472599397,5
scale_default,Epsilon_Greedy,epsilon=0.15,46,1.5962685650027402,1.248993422095936,0.34727514290680417,2.8452619870986764,5
scale_default,Epsilon_Greedy,epsilon=0.15,47,1.6125616512702077,1.241466207735582,0.37109544353462565,2.8540278590057895,5
scale_default,Epsilon_Greedy,epsilon=0.15,48,1.6164865031104827,1.2429411506412507,0.37354535246923204,2.8594276537517334,5
scale_default,Epsilon_Greedy,epsilon=0.15,49,1.6169880276903026,1.2431296584834202,0.3738583692068824,2.860117686173723,5
scale_default,Epsilon_Greedy,epsilon=0.15,50,1.6395618095138549,1.2207778545179528,0.41878395499590204,2.860339664031808,5
scale_default,Epsilon_Greedy,epsilon=0.15,51,1.6561031788659704,1.2150216433863665,0.4410815354796038,2.871124822252337,5
scale_default,Epsilon_Greedy,epsilon=0.15,52,1.6703164915836979,1.2262845639553668,0.4440319276283311,2.8966010555390644,5
scale_default,Epsilon_Greedy,epsilon=0.15,53,1.676191568223666,1.226889115092823,0.44930245313084316,2.903080683316489,5
scale_default,Epsilon_Greedy,epsilon=0.15,54,1.6819889282275962,1.2261075974514923,0.4558813307761038,2.9080965256790883,5
scale_default,Epsilon_Greedy,epsilon=0.15,55,1.6896462268683934,1.2242452700571556,0.46540095681123783,2.913891496925549,5
scale_default,Epsilon_Greedy,epsilon=0.15,56,1.6929898037588558,1.2238643342409816,0.46912546951787415,2.916854137999837,5
scale_default,Epsilon_Greedy,epsilon=0.15,57,1.7010242712682788,1.225384590465727,0.4756396808025518,2.926408861734006,5
scale_default,Epsilon_Greedy,epsilon=0.15,58,1.7087008237220687,1.2199157932741587,0.48878503044791,2.9286166169962273,5
scale_default,Epsilon_Greedy,epsilon=0.15,59,1.7467044546232096,1.2797747819413046,0.466929672681905,3.026479236564514,5
scale_default,Epsilon_Greedy,epsilon=0.15,60,1.7545093736548747,1.2787534635986328,0.47575591005624185,3.0332628372535075,5
scale_default,Epsilon_Greedy,epsilon=0.15,61,1.763073067842664,1.2852866906675064,0.4777863771751576,3.0483597585101707,5
scale_default,Epsilon_Greedy,epsilon=0.15,62,1.7697113426906157,1.2812557837493743,0.4884555589412414,3.05096712643999,5
scale_default,Epsilon_Greedy,epsilon=0.15,63,1.7749298948134622,1.2852330157901428,0.4896968790233194,3.060162910603605,5
scale_default,Epsilon_Greedy,epsilon=0.15,64,1.7834358689108605,1.2973486470421947,0.4860872218686658,3.080784515953055,5
scale_default,Epsilon_Greedy,epsilon=0.15,65,1.795073205064784,1.296888858440332,0.498184346624452,3.091962063505116,5
scale_default,Epsilon_Greedy,epsilon=0.15,66,1.8044468949556767,1.3044906182269884,0.49995627672868825,3.1089375131826653,5
scale_default,Epsilon_Greedy,epsilon=0.15,67,1.8127303908220793,1.3020403931190603,0.510689997703019,3.1147707839411396,5
scale_default,Epsilon_Greedy,epsilon=0.15,68,1.8180214600807916,1.3069611440371984,0.5110603160435931,3.12498260411799,5
scale_default,Epsilon_Greedy,epsilon=0.15,69,1.8457789566801772,1.3090999450593104,0.5366790116208668,3.1548789017394876,5
scale_default,Epsilon_Greedy,epsilon=0.15,70,1.8491900625420872,1.309225957619007,0.5399641049230801,3.158416020161094,5
scale_default,Epsilon_Greedy,epsilon=0.15,71,1.8563139697509417,1.3145185437185194,0.5417954260324223,3.170832513469461,5
scale_default,Epsilon_Greedy,epsilon=0.15,72,1.8704422420320412,1.321058763472269,0.5493834785597722,3.1915010055043105,5
scale_default,Epsilon_Greedy,epsilon=0.15,73,1.8792620391401875,1.3166752487899605,0.5625867903502271,3.195937287930148,5
scale_default,Epsilon_Greedy,epsilon=0.15,74,1.8835235831620758,1.3159532685178097,0.5675703146442661,3.1994768516798855,5
scale_default,Epsilon_Greedy,epsilon=0.15,75,1.8871803447835525,1.3166545444916375,0.5705258002919149,3.20383488927519,5
scale_default,Epsilon_Greedy,epsilon=0.15,76,1.900028211422644,1.3048699186826698,0.5951582927399743,3.204898130105314,5
scale_default,Epsilon_Greedy,epsilon=0.15,77,1.9081975936369275,1.2961198100670153,0.6120777835699123,3.204317403703943,5
scale_default,Epsilon_Greedy,epsilon=0.15,78,1.921018218865942,1.2900303326175815,0.6309878862483604,3.2110485514835236,5
scale_default,Epsilon_Greedy,epsilon=0.15,79,1.9323153218675428,1.282480459454343,0.6498348624131998,3.214795781321886,5
scale_default,Epsilon_Greedy,epsilon=0.15,80,1.9359084923705876,1.278727696899144,0.6571807954714437,3.2146361892697315,5
scale_default,Epsilon_Greedy,epsilon=0.15,81,1.9435190921204133,1.2785595524648654,0.6649595396555479,3.2220786445852787,5
scale_default,Epsilon_Greedy,epsilon=0.15,82,1.9596692107058267,1.2755674259286387,0.684101784777188,3.2352366366344656,5
scale_default,Epsilon_Greedy,epsilon=0.15,83,1.9668552854704415,1.2734045378569756,0.6934507476134659,3.240259823327417,5
scale_default,Epsilon_Greedy,epsilon=0.15,84,1.975974249754606,1.2698599968155062,0.7061142529390998,3.245834246570112,5
scale_default,Epsilon_Greedy,epsilon=0.15,85,1.9846030269696548,1.2788334937698143,0.7057695331998406,3.263436520739469,5
scale_default,Epsilon_Greedy,epsilon=0.15,86,1.9890652809009648,1.2789252662343464,0.7101400146666184,3.2679905471353115,5
scale_default,Epsilon_Greedy,epsilon=0.15,87,1.9990733147179551,1.2822473358136721,0.716825978904283,3.2813206505316272,5
scale_default,Epsilon_Greedy,epsilon=0.15,88,2.006793459111453,1.278574198555613,0.72821926055584,3.2853676576670656,5
scale_default,Epsilon_Greedy,epsilon=0.15,89,2.0149113492875568,1.2723944482817788,0.7425169010057779,3.287305797569336,5
scale_default,Epsilon_Greedy,epsilon=0.15,90,2.022520054225091,1.2662313500227245,0.7562887042023667,3.2887514042478156,5
scale_default,Epsilon_Greedy,epsilon=0.15,91,2.0406645562112122,1.2467305775386957,0.7939339786725166,3.287395133749908,5
scale_default,Epsilon_Greedy,epsilon=0.15,92,2.047004790740079,1.2448476725281186,0.8021571182119605,3.2918524632681976,5
scale_default,Epsilon_Greedy,epsilon=0.15,93,2.0716591141407075,1.2631419084669484,0.8085172056737591,3.334801022607656,5
scale_default,Epsilon_Greedy,epsilon=0.15,94,2.0766093850880067,1.2703613974023862,0.8062479876856206,3.346970782490393,5
scale_default,Epsilon_Greedy,epsilon=0.15,95,2.086755026967915,1.267408615088173,0.8193464118797422,3.354163642056088,5
scale_default,Epsilon_Greedy,epsilon=0.15,96,2.0910024166578927,1.2688505554890852,0.8221518611688075,3.359852972146978,5
scale_default,Epsilon_Greedy,epsilon=0.15,97,2.105515214149732,1.2670413325521892,0.838473881597543,3.3725565467019214,5
scale_default,Epsilon_Greedy,epsilon=0.15,98,2.1151155940155992,1.2602053076010942,0.8549102864145051,3.3753209016166936,5
scale_default,Epsilon_Greedy,epsilon=0.15,99,2.1343795931423406,1.2437349259235704,0.8906446672187702,3.378114519065911,5
scale_default,Epsilon_Greedy,epsilon=0.15,100,2.1390438536950196,1.2395999405862237,0.8994439131087959,3.3786437942812433,5
scale_default,Epsilon_Greedy,epsilon=0.15,101,2.1484723342457936,1.2364816864847903,0.9119906477610034,3.384954020730584,5
scale_default,Epsilon_Greedy,epsilon=0.15,102,2.154848152347182,1.2303399214486896,0.9245082308984922,3.3851880737958715,5
scale_default,Epsilon_Greedy,epsilon=0.15,103,2.1654312195498435,1.2245484869774699,0.9408827325723736,3.3899797065273134,5
scale_default,Epsilon_Greedy,epsilon=0.15,104,2.1754851906048964,1.226413720395472,0.9490714702094245,3.4018989110003686,5
scale_default,Epsilon_Greedy,epsilon=0.15,105,2.1920247143518874,1.2319512454849058,0.9600734688669816,3.423975959836793,5
scale_default,Epsilon_Greedy,epsilon=0.15,106,2.194047128962904,1.2333999833044385,0.9606471456584658,3.427447112267343,5
scale_default,Epsilon_Greedy,epsilon=0.15,107,2.198826072817479,1.2354846645372508,0.9633414082802283,3.43431073735473,5
scale_default,Epsilon_Greedy,epsilon=0.15,108,2.201938835547998,1.2369895216499325,0.9649493138980656,3.4389283571979306,5
scale_default,Epsilon_Greedy,epsilon=0.15,109,2.2107792770204546,1.234223752920378,0.9765555241000767,3.4450030299408327,5
scale_default,Epsilon_Greedy,epsilon=0.15,110,2.2297195021483653,1.2416780631141036,0.9880414390342618,3.471397565262469,5
scale_default,Epsilon_Greedy,epsilon=0.15,111,2.269314904201181,1.2762539398729114,0.9930609643282697,3.5455688440740927,5
scale_default,Epsilon_Greedy,epsilon=0.15,112,2.3210481760924533,1.2497385844249613,1.071309591667492,3.5707867605174144,5
scale_default,Epsilon_Greedy,epsilon=0.15,113,2.3245126691331754,1.250195829449566,1.0743168396836094,3.5747084985827415,5
scale_default,Epsilon_Greedy,epsilon=0.15,114,2.331461755664077,1.2575623989208389,1.0738993567432382,3.5890241545849157,5
scale_default,Epsilon_Greedy,epsilon=0.15,115,2.3445683570194626,1.2527794833333505,1.091788873686112,3.597347840352813,5
scale_default,Epsilon_Greedy,epsilon=0.15,116,2.354131855629457,1.2541820621210376,1.0999497935084193,3.608313917750494,5
scale_default,Epsilon_Greedy,epsilon=0.15,117,2.36273970189322,1.251271930139408,1.111467771753812,3.6140116320326277,5
scale_default,Epsilon_Greedy,epsilon=0.15,118,2.3790285875470585,1.2490496883025408,1.1299788992445177,3.6280782758495995,5
scale_default,Epsilon_Greedy,epsilon=0.15,119,2.386910876629902,1.2522863523771244,1.1346245242527775,3.639197229007026,5
scale_default,Epsilon_Greedy,epsilon=0.15,120,2.3965296055655445,1.2517345690797348,1.1447950364858097,3.6482641746452793,5
scale_default,Epsilon_Greedy,epsilon=0.15,121,2.4240080409419535,1.2561431020905305,1.167864938851423,3.680151143032484,5
scale_default,Epsilon_Greedy,epsilon=0.15,122,2.427034792329929,1.2555738784175088,1.1714609139124204,3.682608670747438,5
scale_default,Epsilon_Greedy,epsilon=0.15,123,2.432072792747961,1.2562580361582925,1.1758147565896684,3.6883308289062535,5
scale_default,Epsilon_Greedy,epsilon=0.15,124,2.4421479743202568,1.258910863716527,1.1832371106037298,3.7010588380367837,5
scale_default,Epsilon_Greedy,epsilon=0.15,125,2.4640507501734086,1.2517986886975883,1.2122520614758203,3.715849438870997,5
scale_default,Epsilon_Greedy,epsilon=0.15,126,2.4729925706816616,1.251231092322097,1.2217614783595645,3.724223663003759,5
scale_default,Epsilon_Greedy,epsilon=0.15,127,2.4820755011643305,1.2466850280216937,1.2353904731426368,3.728760529186024,5
scale_default,Epsilon_Greedy,epsilon=0.15,128,2.4970584712821853,1.2411216182251181,1.2559368530570671,3.7381800895073036,5
scale_default,Epsilon_Greedy,epsilon=0.15,129,2.506016082827885,1.2422409564961157,1.2637751263317691,3.7482570393240007,5
scale_default,Epsilon_Greedy,epsilon=0.15,130,2.512333466959259,1.2420389226795645,1.2702945442796947,3.7543723896388235,5
scale_default,Epsilon_Greedy,epsilon=0.15,131,2.5175191206126946,1.2457312007457522,1.2717879198669424,3.7632503213584467,5
scale_default,Epsilon_Greedy,epsilon=0.15,132,2.5283373099287916,1.2502241230967708,1.2781131868320208,3.7785614330255624,5
scale_default,Epsilon_Greedy,epsilon=0.15,133,2.53823059736936,1.2486717655326245,1.2895588318367357,3.7869023629019845,5
scale_default,Epsilon_Greedy,epsilon=0.15,134,2.547173658187499,1.2403235534274197,1.3068501047600793,3.7874972116149186,5
scale_default,Epsilon_Greedy,epsilon=0.15,135,2.5806762637719958,1.2492310656947034,1.3314451980772923,3.829907329466699,5
scale_default,Epsilon_Greedy,epsilon=0.15,136,2.626492310772227,1.2217715013813235,1.4047208093909034,3.8482638121535504,5
scale_default,Epsilon_Greedy,epsilon=0.15,137,2.682829246615916,1.2689714670823784,1.4138577795335376,3.9518007136982947,5
scale_default,Epsilon_Greedy,epsilon=0.15,138,2.6934072522611925,1.258229139505155,1.4351781127560375,3.9516363917663475,5
scale_default,Epsilon_Greedy,epsilon=0.15,139,2.698286323478011,1.2553908497972537,1.4428954736807573,3.9536771732752647,5
scale_default,Epsilon_Greedy,epsilon=0.15,140,2.7077804002123775,1.256358245467952,1.4514221547444255,3.96413864568033,5
scale_default,Epsilon_Greedy,epsilon=0.15,141,2.7144606783850294,1.2548807633894212,1.4595799149956081,3.969341441774451,5
scale_default,Epsilon_Greedy,epsilon=0.15,142,2.7229958308784665,1.2654941790443086,1.457501651834158,3.988490009922775,5
scale_default,Epsilon_Greedy,epsilon=0.15,143,2.7504875444228314,1.2567508809391685,1.4937366634836629,4.007238425362,5
scale_default,Epsilon_Greedy,epsilon=0.15,144,2.756393477460385,1.2681727134679082,1.488220763992477,4.024566190928294,5
scale_default,Epsilon_Greedy,epsilon=0.15,145,2.761038879421947,1.271224501775173,1.4898143776467738,4.0322633811971205,5
scale_default,Epsilon_Greedy,epsilon=0.15,146,2.779678639240255,1.2586275725165932,1.5210510667236619,4.038306211756848,5
scale_default,Epsilon_Greedy,epsilon=0.15,147,2.7855987395591826,1.254567638002558,1.5310311015566245,4.040166377561741,5
scale_default,Epsilon_Greedy,epsilon=0.15,148,2.800407415400468,1.2558681449625722,1.544539270437896,4.056275560363041,5
scale_default,Epsilon_Greedy,epsilon=0.15,149,2.805505704351383,1.2550563450881274,1.5504493592632558,4.06056204943951,5
scale_default,Epsilon_Greedy,epsilon=0.15,150,2.8421356594594434,1.2486087878334076,1.5935268716260358,4.090744447292851,5
scale_default,Epsilon_Greedy,epsilon=0.15,151,2.853027585790101,1.2436909392336024,1.6093366465564984,4.096718525023704,5
scale_default,Epsilon_Greedy,epsilon=0.15,152,2.8601456987063285,1.2434951572122968,1.6166505414940318,4.103640855918625,5
scale_default,Epsilon_Greedy,epsilon=0.15,153,2.8781853153751196,1.2407947021195387,1.6373906132555809,4.118980017494659,5
scale_default,Epsilon_Greedy,epsilon=0.15,154,2.9321336360582726,1.2569021305054289,1.6752315055528437,4.189035766563702,5
scale_default,Epsilon_Greedy,epsilon=0.15,155,2.944298642531101,1.2606137238325394,1.6836849186985616,4.20491236636364,5
scale_default,Epsilon_Greedy,epsilon=0.15,156,2.9595273625842755,1.2651520191503813,1.6943753434338942,4.224679381734656,5
scale_default,Epsilon_Greedy,epsilon=0.15,157,2.984119472339483,1.2880339382945034,1.6960855340449794,4.272153410633987,5
scale_default,Epsilon_Greedy,epsilon=0.15,158,3.022180307217334,1.2981543334939032,1.7240259737234307,4.320334640711237,5
scale_default,Epsilon_Greedy,epsilon=0.15,159,3.0313199021635926,1.3004119542245076,1.730907947939085,4.3317318563881,5
scale_default,Epsilon_Greedy,epsilon=0.15,160,3.035146082577194,1.2991863328359692,1.735959749741225,4.334332415413163,5
scale_default,Epsilon_Greedy,epsilon=0.15,161,3.037795123557774,1.2983493854531765,1.7394457381045973,4.33614450901095,5
scale_default,Epsilon_Greedy,epsilon=0.15,162,3.046236003001474,1.3021441234616722,1.744091879539802,4.348380126463146,5
scale_default,Epsilon_Greedy,epsilon=0.15,163,3.0552758535273634,1.2964217467797166,1.7588541067476469,4.35169760030708,5
scale_default,Epsilon_Greedy,epsilon=0.15,164,3.0650559803207225,1.3029728937996954,1.762083086521027,4.368028874120418,5
scale_default,Epsilon_Greedy,epsilon=0.15,165,3.0677854052523976,1.303752052367097,1.7640333528853007,4.371537457619494,5
scale_default,Epsilon_Greedy,epsilon=0.15,166,3.082534402118349,1.2963337469325245,1.7862006551858247,4.378868149050874,5
scale_default,Epsilon_Greedy,epsilon=0.15,167,3.102274412394565,1.272099139143127,1.8301752732514383,4.374373551537692,5
scale_default,Epsilon_Greedy,epsilon=0.15,168,3.1076688725193695,1.2714107999513895,1.83625807256798,4.379079672470759,5
scale_default,Epsilon_Greedy,epsilon=0.15,169,3.118488851912351,1.272785218343562,1.845703633568789,4.391274070255913,5
scale_default,Epsilon_Greedy,epsilon=0.15,170,3.1250972453927406,1.2748571408421088,1.8502401045506318,4.39995438623485,5
scale_default,Epsilon_Greedy,epsilon=0.15,171,3.132744251440041,1.2771030426947383,1.8556412087453027,4.40984729413478,5
scale_default,Epsilon_Greedy,epsilon=0.15,172,3.1469429313727675,1.2631206855024353,1.8838222458703322,4.4100636168752025,5
scale_default,Epsilon_Greedy,epsilon=0.15,173,3.1562318932672664,1.2643327010004437,1.8918991922668227,4.42056459426771,5
scale_default,Epsilon_Greedy,epsilon=0.15,174,3.1581062240543973,1.2636724184102144,1.894433805644183,4.421778642464612,5
scale_default,Epsilon_Greedy,epsilon=0.15,175,3.1645651142701148,1.2664323833877296,1.8981327308823852,4.430997497657844,5
scale_default,Epsilon_Greedy,epsilon=0.15,176,3.212330045021004,1.2470798550817999,1.965250189939204,4.459409900102804,5
scale_default,Epsilon_Greedy,epsilon=0.15,177,3.2144811276338294,1.2454845300092818,1.9689965976245476,4.459965657643111,5
scale_default,Epsilon_Greedy,epsilon=0.15,178,3.218213293789103,1.2454171548587663,1.9727961389303366,4.463630448647869,5
scale_default,Epsilon_Greedy,epsilon=0.15,179,3.2227352319647857,1.2399228269301494,1.9828124050346363,4.462658058894935,5
scale_default,Epsilon_Greedy,epsilon=0.15,180,3.2370328943557403,1.2295631155710816,2.0074697787846585,4.466596009926822,5
scale_default,Epsilon_Greedy,epsilon=0.15,181,3.243814901359387,1.2331877912285245,2.0106271101308626,4.477002692587911,5
scale_default,Epsilon_Greedy,epsilon=0.15,182,3.2502492652181667,1.2350186692700875,2.015230595948079,4.485267934488254,5
scale_default,Epsilon_Greedy,epsilon=0.15,183,3.2568877708406974,1.2343683621488502,2.0225194086918474,4.491256132989547,5
scale_default,Epsilon_Greedy,epsilon=0.15,184,3.258727097130054,1.232895411057933,2.025831686072121,4.491622508187987,5
scale_default,Epsilon_Greedy,epsilon=0.15,185,3.262746979077403,1.233399967400741,2.029347011676662,4.496146946478144,5
scale_default,Epsilon_Greedy,epsilon=0.15,186,3.271274506263641,1.2291440704684142,2.042130435795227,4.500418576732055,5
scale_default,Epsilon_Greedy,epsilon=0.15,187,3.2863602683790654,1.2312536484827525,2.055106619896313,4.5176139168618175,5
scale_default,Epsilon_Greedy,epsilon=0.15,188,3.298720041206068,1.2260246059850706,2.0726954352209974,4.524744647191139,5
scale_default,Epsilon_Greedy,epsilon=0.15,189,3.3009824533977983,1.2240078040804598,2.0769746493173384,4.524990257478258,5
scale_default,Epsilon_Greedy,epsilon=0.15,190,3.3118180510686637,1.2149857124424055,2.096832338626258,4.526803763511069,5
scale_default,Epsilon_Greedy,epsilon=0.15,191,3.332530073803054,1.201887216651439,2.1306428571516154,4.534417290454493,5
scale_default,Epsilon_Greedy,epsilon=0.15,192,3.3342926177591514,1.2019791521985903,2.132313465560561,4.536271769957741,5
scale_default,Epsilon_Greedy,epsilon=0.15,193,3.3403967278654862,1.201692066556678,2.1387046613088083,4.542088794422164,5
scale_default,Epsilon_Greedy,epsilon=0.15,194,3.3432255435536957,1.2024258092181297,2.140799734335566,4.545651352771825,5
scale_default,Epsilon_Greedy,epsilon=0.15,195,3.3553904158607564,1.2030942597147247,2.152296156146032,4.558484675575481,5
scale_default,Epsilon_Greedy,epsilon=0.15,196,3.3585032507577814,1.2021384430387836,2.156364807718998,4.5606416937965655,5
scale_default,Epsilon_Greedy,epsilon=0.15,197,3.377679543048662,1.2012469475134626,2.1764325955351995,4.578926490562125,5
scale_default,Epsilon_Greedy,epsilon=0.15,198,3.3971545052825443,1.202902863504202,2.194251641778342,4.6000573687867465,5
scale_default,Epsilon_Greedy,epsilon=0.15,199,3.408821705875313,1.2032633839543359,2.205558321920977,4.612085089829649,5
scale_default,Epsilon_Greedy,epsilon=0.15,200,3.561859618010497,1.2574739666754973,2.304385651335,4.819333584685994,5
scale_default,Epsilon_Greedy,epsilon=0.15,201,3.751289631118427,1.2346993455932815,2.5165902855251456,4.985988976711709,5
scale_default,Epsilon_Greedy,epsilon=0.15,202,3.935796424359114,1.3005382652848392,2.635258159074275,5.236334689643953,5
scale_default,Epsilon_Greedy,epsilon=0.15,203,4.02611554996819,1.2879488753821446,2.7381666745860453,5.314064425350335,5
scale_default,Epsilon_Greedy,epsilon=0.15,204,4.207481255431186,1.2096621055194505,2.9978191499117353,5.417143360950637,5
scale_default,Epsilon_Greedy,epsilon=0.15,205,4.389360946550747,1.239754861521353,3.149606085029394,5.6291158080721,5
scale_default,Epsilon_Greedy,epsilon=0.15,206,4.605636871943938,1.3756448146965623,3.229992057247376,5.9812816866405,5
scale_default,Epsilon_Greedy,epsilon=0.15,207,4.773623604206053,1.3478571156235104,3.4257664885825427,6.121480719829563,5
scale_default,Epsilon_Greedy,epsilon=0.15,208,4.834982198752044,1.3544147051410083,3.4805674936110362,6.189396903893052,5
scale_default,Epsilon_Greedy,epsilon=0.15,209,5.079779844676774,1.3856092277441934,3.6941706169325808,6.465389072420967,5
scale_default,Epsilon_Greedy,epsilon=0.15,210,5.261214847478206,1.306316108970293,3.9548987385079126,6.567530956448499,5
scale_default,Epsilon_Greedy,epsilon=0.15,211,5.483864454736173,1.2348290145974736,4.249035440138699,6.718693469333647,5
scale_default,Epsilon_Greedy,epsilon=0.15,212,5.8013791508066035,1.1354430924345582,4.665936058372045,6.936822243241162,5
scale_default,Epsilon_Greedy,epsilon=0.15,213,5.929635937780327,1.1938876082528982,4.735748329527429,7.123523546033225,5
scale_default,Epsilon_Greedy,epsilon=0.15,214,6.127027036526466,1.126700083177963,5.0003269533485035,7.253727119704429,5
scale_default,Epsilon_Greedy,epsilon=0.15,215,6.393610014661062,1.0383133828219635,5.355296631839099,7.431923397483025,5
scale_default,Epsilon_Greedy,epsilon=0.15,216,6.7188709051591315,1.0827412110900474,5.636129694069084,7.801612116249179,5
scale_default,Epsilon_Greedy,epsilon=0.15,217,6.923351965341292,1.1628297927199502,5.760522172621341,8.086181758061242,5
scale_default,Epsilon_Greedy,epsilon=0.15,218,7.075179299409437,1.1857621901027895,5.889417109306647,8.260941489512227,5
scale_default,Epsilon_Greedy,epsilon=0.15,219,7.285960087640976,1.1087640568742652,6.17719603076671,8.39472414451524,5
scale_default,Epsilon_Greedy,epsilon=0.15,220,7.410389364360718,1.1313897614214035,6.278999602939314,8.54177912578212,5
scale_default,Epsilon_Greedy,epsilon=0.15,221,7.5034160900105205,1.1959067811245954,6.307509308885925,8.699322871135116,5
scale_default,Epsilon_Greedy,epsilon=0.15,222,7.670874964369529,1.2345410277766737,6.436333936592855,8.905415992146203,5
scale_default,Epsilon_Greedy,epsilon=0.15,223,7.835493263344236,1.2767328567511074,6.558760406593128,9.112226120095343,5
scale_default,Epsilon_Greedy,epsilon=0.15,224,7.9414761654041826,1.2913004292043921,6.65017573619979,9.232776594608575,5
scale_default,Epsilon_Greedy,epsilon=0.15,225,8.161037136321164,1.2002182263572572,6.9608189099639075,9.361255362678422,5
scale_default,Epsilon_Greedy,epsilon=0.15,226,8.39096667366638,1.228208103829092,7.162758569837289,9.619174777495472,5
scale_default,Epsilon_Greedy,epsilon=0.15,227,8.542944100626361,1.2309593348604528,7.311984765765908,9.773903435486814,5
scale_default,Epsilon_Greedy,epsilon=0.15,228,8.740768381715949,1.339538950505121,7.401229431210828,10.08030733222107,5
scale_default,Epsilon_Greedy,epsilon=0.15,229,8.831916803881958,1.3814887544569265,7.450428049425032,10.213405558338884,5
scale_default,Epsilon_Greedy,epsilon=0.15,230,8.933791748863316,1.2920315849466064,7.641760163916709,10.225823333809922,5
scale_default,Epsilon_Greedy,epsilon=0.15,231,9.12696292070781,1.2996126301883388,7.827350290519471,10.426575550896148,5
scale_default,Epsilon_Greedy,epsilon=0.15,232,9.254797970085965,1.2349307200608297,8.019867250025136,10.489728690146794,5
scale_default,Epsilon_Greedy,epsilon=0.15,233,9.457998514002927,1.231578264498736,8.22642024950419,10.689576778501664,5
scale_default,Epsilon_Greedy,epsilon=0.15,234,9.653557084589838,1.3054872103053945,8.348069874284445,10.959044294895232,5
scale_default,Epsilon_Greedy,epsilon=0.15,235,9.841448750477847,1.2751471482312386,8.566301602246607,11.116595898709086,5
scale_default,Epsilon_Greedy,epsilon=0.15,236,9.95927571404071,1.312347401823176,8.646928312217534,11.271623115863887,5
scale_default,Epsilon_Greedy,epsilon=0.15,237,10.106057951222198,1.3000106833085734,8.806047267913625,11.40606863453077,5
scale_default,Epsilon_Greedy,epsilon=0.15,238,10.159657575837386,1.3097401068480299,8.849917468989355,11.469397682685416,5
scale_default,Epsilon_Greedy,epsilon=0.15,239,10.309281877401585,1.2632029456311757,9.04607893177041,11.57248482303276,5
scale_default,Epsilon_Greedy,epsilon=0.15,240,10.470677841326781,1.2546733785797008,9.21600446274708,11.725351219906482,5
scale_default,Epsilon_Greedy,epsilon=0.15,241,10.604866212045133,1.2193532836974326,9.385512928347701,11.824219495742565,5
scale_default,Epsilon_Greedy,epsilon=0.15,242,10.736981123080863,1.2862217618896088,9.450759361191254,12.023202884970472,5
scale_default,Epsilon_Greedy,epsilon=0.15,243,11.026169222684677,1.2050608276748598,9.821108395009817,12.231230050359537,5
scale_default,Epsilon_Greedy,epsilon=0.15,244,11.241591502895806,1.0992894433270242,10.142302059568783,12.34088094622283,5
scale_default,Epsilon_Greedy,epsilon=0.15,245,11.391751428915656,1.0392082469133068,10.35254318200235,12.430959675828962,5
scale_default,Epsilon_Greedy,epsilon=0.15,246,11.478862180737828,1.0516629049610522,10.427199275776776,12.53052508569888,5
scale_default,Epsilon_Greedy,epsilon=0.15,247,11.649553050433052,1.1736069511985419,10.47594609923451,12.823160001631594,5
scale_default,Epsilon_Greedy,epsilon=0.15,248,11.735443164316823,1.1308796971572126,10.604563467159611,12.866322861474035,5
scale_default,Epsilon_Greedy,epsilon=0.15,249,11.947440220532696,1.1928180978258407,10.754622122706856,13.140258318358537,5
scale_default,Epsilon_Greedy,epsilon=0.15,250,12.123372553542787,1.2563926204717997,10.866979933070986,13.379765174014587,5
scale_default,Epsilon_Greedy,epsilon=0.15,251,12.260154606779563,1.2032799011714532,11.05687470560811,13.463434507951018,5
scale_default,Epsilon_Greedy,epsilon=0.15,252,12.42555081354339,1.2078044085769128,11.217746404966478,13.633355222120302,5
scale_default,Epsilon_Greedy,epsilon=0.15,253,12.520258182819452,1.1767742091579156,11.343483973661536,13.697032391977368,5
scale_default,Epsilon_Greedy,epsilon=0.15,254,12.664935238628875,1.0781387842081325,11.586796454420742,13.743074022837007,5
scale_default,Epsilon_Greedy,epsilon=0.15,255,12.767749491040677,1.101560079436502,11.666189411604176,13.869309570477178,5
scale_default,Epsilon_Greedy,epsilon=0.15,256,13.04103717576414,0.9822810091362398,12.0587561666279,14.023318184900381,5
scale_default,Epsilon_Greedy,epsilon=0.15,257,13.325336936175015,0.9349708665114056,12.39036606966361,14.26030780268642,5
scale_default,Epsilon_Greedy,epsilon=0.15,258,13.452740380266471,1.0432949084736955,12.409445471792775,14.496035288740167,5
scale_default,Epsilon_Greedy,epsilon=0.15,259,13.559975383520008,1.0313718522877044,12.528603531232303,14.591347235807714,5
scale_default,Epsilon_Greedy,epsilon=0.15,260,13.68093384067287,0.9830982590861362,12.697835581586734,14.664032099759005,5
scale_default,Epsilon_Greedy,epsilon=0.15,261,13.870037938399937,1.0139381841913309,12.856099754208607,14.883976122591267,5
scale_default,Epsilon_Greedy,epsilon=0.15,262,13.955996419557636,1.0580374312167555,12.89795898834088,15.014033850774391,5
scale_default,Epsilon_Greedy,epsilon=0.15,263,14.15661874973343,1.1152480289044455,13.041370720828985,15.271866778637877,5
scale_default,Epsilon_Greedy,epsilon=0.15,264,14.322877717606849,1.1695432028767527,13.153334514730096,15.492420920483601,5
scale_default,Epsilon_Greedy,epsilon=0.15,265,14.379526739875862,1.1260118473760592,13.253514892499803,15.505538587251921,5
scale_default,Epsilon_Greedy,epsilon=0.15,266,14.532455089228154,1.1555840858132724,13.376871003414882,15.688039175041427,5
scale_default,Epsilon_Greedy,epsilon=0.15,267,14.688446641570163,1.1961362228799735,13.49231041869019,15.884582864450136,5
scale_default,Epsilon_Greedy,epsilon=0.15,268,14.794954879991582,1.132150696477089,13.662804183514494,15.927105576468671,5
scale_default,Epsilon_Greedy,epsilon=0.15,269,15.053508051732459,1.1299802926570688,13.923527759075391,16.183488344389527,5
scale_default,Epsilon_Greedy,epsilon=0.15,270,15.17074670835772,1.1025516703822218,14.0681950379755,16.27329837873994,5
scale_default,Epsilon_Greedy,epsilon=0.15,271,15.273872373822474,1.1768306941290572,14.097041679693417,16.45070306795153,5
scale_default,Epsilon_Greedy,epsilon=0.15,272,15.535544841139146,1.0481639285620585,14.487380912577088,16.583708769701204,5
scale_default,Epsilon_Greedy,epsilon=0.15,273,15.734157060418369,1.0599702891480631,14.674186771270305,16.79412734956643,5
scale_default,Epsilon_Greedy,epsilon=0.15,274,15.868425752290198,1.0799103468147742,14.788515405475424,16.94833609910497,5
scale_default,Epsilon_Greedy,epsilon=0.15,275,16.091398866982065,1.0029608905089336,15.08843797647313,17.094359757491,5
scale_default,Epsilon_Greedy,epsilon=0.15,276,16.252138675032562,1.056527370809765,15.195611304222798,17.308666045842326,5
scale_default,Epsilon_Greedy,epsilon=0.15,277,16.504059617761726,1.0677342451047984,15.436325372656928,17.571793862866524,5
scale_default,Epsilon_Greedy,epsilon=0.15,278,16.58024090827264,0.9822558563305009,15.597985051942139,17.56249676460314,5
scale_default,Epsilon_Greedy,epsilon=0.15,279,16.76484183072741,0.9219954492773715,15.842846381450038,17.68683728000478,5
scale_default,Epsilon_Greedy,epsilon=0.15,280,16.929751313795496,0.9614047398279594,15.968346573967537,17.891156053623455,5
scale_default,Epsilon_Greedy,epsilon=0.15,281,17.07293189912844,0.9152630178279545,16.157668881300488,17.988194916956395,5
scale_default,Epsilon_Greedy,epsilon=0.15,282,17.324910611886803,0.867254406624013,16.45765620526279,18.192165018510817,5
scale_default,Epsilon_Greedy,epsilon=0.15,283,17.436742946842077,0.8511999121602674,16.58554303468181,18.287942859002346,5
scale_default,Epsilon_Greedy,epsilon=0.15,284,17.562872775123644,0.7635143370447174,16.799358438078926,18.326387112168362,5
scale_default,Epsilon_Greedy,epsilon=0.15,285,17.653422332672143,0.7426936555561634,16.91072867711598,18.396115988228306,5
scale_default,Epsilon_Greedy,epsilon=0.15,286,17.857792787550522,0.7450365275564149,17.112756259994107,18.602829315106938,5
scale_default,Epsilon_Greedy,epsilon=0.15,287,17.97351943711203,0.6855170972659612,17.28800233984607,18.659036534377993,5
scale_default,Epsilon_Greedy,epsilon=0.15,288,18.242676723942346,0.6384485651111225,17.604228158831223,18.881125289053468,5
scale_default,Epsilon_Greedy,epsilon=0.15,289,18.353452168140727,0.6936329284352316,17.659819239705495,19.04708509657596,5
scale_default,Epsilon_Greedy,epsilon=0.15,290,18.644239692042284,0.6434929585400189,18.000746733502265,19.287732650582303,5
scale_default,Epsilon_Greedy,epsilon=0.15,291,18.78877182750035,0.6318302021614705,18.15694162533888,19.420602029661822,5
scale_default,Epsilon_Greedy,epsilon=0.15,292,18.907258315954003,0.5611924789608835,18.34606583699312,19.468450794914887,5
scale_default,Epsilon_Greedy,epsilon=0.15,293,19.113563433597047,0.5142363714066841,18.599327062190362,19.627799805003733,5
scale_default,Epsilon_Greedy,epsilon=0.15,294,19.25491198638157,0.5808368324175129,18.674075153964054,19.835748818799082,5
scale_default,Epsilon_Greedy,epsilon=0.15,295,19.45368538912176,0.6887539454266138,18.764931443695144,20.142439334548374,5
scale_default,Epsilon_Greedy,epsilon=0.15,296,19.633889753261833,0.7057982437533259,18.92809150950851,20.339687997015158,5
scale_default,Epsilon_Greedy,epsilon=0.15,297,19.767646208912492,0.6467163751785004,19.120929833733992,20.41436258409099,5
scale_default,Epsilon_Greedy,epsilon=0.15,298,19.919267337434004,0.7322860614031758,19.186981276030828,20.65155339883718,5
scale_default,Epsilon_Greedy,epsilon=0.15,299,20.17798195689563,0.6141535619877994,19.56382839490783,20.792135518883427,5
scale_default,Epsilon_Greedy,epsilon=0.15,300,20.317491190138945,0.6537206507454253,19.66377053939352,20.97121184088437,5
scale_default,Epsilon_Greedy,epsilon=0.15,301,20.506864609386145,0.7302374775371117,19.776627131849033,21.237102086923258,5
scale_default,Epsilon_Greedy,epsilon=0.15,302,20.598090592027308,0.7104154153667229,19.887675176660586,21.30850600739403,5
scale_default,Epsilon_Greedy,epsilon=0.15,303,20.747439459547934,0.686145391271897,20.061294068276037,21.43358485081983,5
scale_default,Epsilon_Greedy,epsilon=0.15,304,20.90936886346828,0.7366213729921138,20.172747490476166,21.645990236460396,5
scale_default,Epsilon_Greedy,epsilon=0.15,305,21.079290185187084,0.6962154057154593,20.383074779471624,21.775505590902544,5
scale_default,Epsilon_Greedy,epsilon=0.15,306,21.278225170797693,0.6733102760529196,20.604914894744773,21.951535446850613,5
scale_default,Epsilon_Greedy,epsilon=0.15,307,21.389721963263828,0.73701941392517,20.652702549338656,22.126741377189,5
scale_default,Epsilon_Greedy,epsilon=0.15,308,21.598872750323682,0.7370560960251373,20.861816654298543,22.33592884634882,5
scale_default,Epsilon_Greedy,epsilon=0.15,309,21.7764521151098,0.7498573863871402,21.02659472872266,22.526309501496943,5
scale_default,Epsilon_Greedy,epsilon=0.15,310,21.919680980793974,0.7659971636280073,21.153683817165966,22.68567814442198,5
scale_default,Epsilon_Greedy,epsilon=0.15,311,22.025701688469024,0.771027700627823,21.2546739878412,22.796729389096846,5
scale_default,Epsilon_Greedy,epsilon=0.15,312,22.209324613897472,0.834242319811742,21.37508229408573,23.043566933709215,5
scale_default,Epsilon_Greedy,epsilon=0.15,313,22.30264621702566,0.7774841221360345,21.525162094889627,23.080130339161695,5
scale_default,Epsilon_Greedy,epsilon=0.15,314,22.434843340977263,0.7858951964036133,21.64894814457365,23.220738537380875,5
scale_default,Epsilon_Greedy,epsilon=0.15,315,22.61524813078576,0.8647738893555224,21.750474241430236,23.48002202014128,5
scale_default,Epsilon_Greedy,epsilon=0.15,316,22.762743054589016,0.7970529395346058,21.96569011505441,23.559795994123622,5
scale_default,Epsilon_Greedy,epsilon=0.15,317,22.956910803057998,0.7925484298921848,22.16436237316581,23.749459232950183,5
scale_default,Epsilon_Greedy,epsilon=0.15,318,23.138276894913997,0.9405735967773653,22.19770329813663,24.078850491691362,5
scale_default,Epsilon_Greedy,epsilon=0.15,319,23.27448280370744,0.9105709612317345,22.363911842475705,24.185053764939173,5
scale_default,Epsilon_Greedy,epsilon=0.15,320,23.444784586875265,0.9167256345070866,22.528058952368177,24.361510221382353,5
scale_default,Epsilon_Greedy,epsilon=0.15,321,23.595713930650483,0.876102143160349,22.719611787490134,24.47181607381083,5
scale_default,Epsilon_Greedy,epsilon=0.15,322,23.751978015343763,0.8239513545471193,22.928026660796643,24.575929369890883,5
scale_default,Epsilon_Greedy,epsilon=0.15,323,23.875274534897095,0.8452820999226716,23.029992434974424,24.720556634819765,5
scale_default,Epsilon_Greedy,epsilon=0.15,324,24.024931520569197,0.8962264592244918,23.128705061344704,24.92115797979369,5
scale_default,Epsilon_Greedy,epsilon=0.15,325,24.1148783317826,0.8301241724843889,23.28475415929821,24.945002504266988,5
scale_default,Epsilon_Greedy,epsilon=0.15,326,24.28026863819398,0.877536041835985,23.402732596357996,25.157804680029965,5
scale_default,Epsilon_Greedy,epsilon=0.15,327,24.527478807401803,1.0516920768630342,23.47578673053877,25.579170884264837,5
scale_default,Epsilon_Greedy,epsilon=0.15,328,24.634198370126114,1.0383098644307647,23.59588850569535,25.67250823455688,5
scale_default,Epsilon_Greedy,epsilon=0.15,329,24.823826632681556,1.1111453118526051,23.71268132082895,25.934971944534162,5
scale_default,Epsilon_Greedy,epsilon=0.15,330,25.075763992481974,1.1761706878753042,23.899593304606668,26.25193468035728,5
scale_default,Epsilon_Greedy,epsilon=0.15,331,25.218501521057682,1.1286334653703765,24.089868055687305,26.34713498642806,5
scale_default,Epsilon_Greedy,epsilon=0.15,332,25.372607521383458,1.1222840178492088,24.250323503534247,26.49489153923267,5
scale_default,Epsilon_Greedy,epsilon=0.15,333,25.548403099693104,1.084968867250125,24.463434232442978,26.63337196694323,5
scale_default,Epsilon_Greedy,epsilon=0.15,334,25.739066976598878,1.1568154173323966,24.58225155926648,26.895882393931274,5
scale_default,Epsilon_Greedy,epsilon=0.15,335,26.024059164849376,1.2563774289857013,24.767681735863675,27.280436593835077,5
scale_default,Epsilon_Greedy,epsilon=0.15,336,26.166815625835206,1.2563537284868198,24.910461897348387,27.423169354322024,5
scale_default,Epsilon_Greedy,epsilon=0.15,337,26.292829726232263,1.2364270606663001,25.05640266556596,27.529256786898564,5
scale_default,Epsilon_Greedy,epsilon=0.15,338,26.39591859377008,1.1786545820833747,25.217264011686705,27.574573175853455,5
scale_default,Epsilon_Greedy,epsilon=0.15,339,26.500419849831747,1.2455417320319901,25.254878117799755,27.74596158186374,5
scale_default,Epsilon_Greedy,epsilon=0.15,340,26.62456736839281,1.3081460136980128,25.316421354694796,27.932713382090824,5
scale_default,Epsilon_Greedy,epsilon=0.15,341,26.859904265160015,1.2215424639775587,25.638361801182455,28.081446729137575,5
scale_default,Epsilon_Greedy,epsilon=0.15,342,27.1798566942607,1.1587013784309919,26.02115531582971,28.33855807269169,5
scale_default,Epsilon_Greedy,epsilon=0.15,343,27.349882786762947,1.2123198396197539,26.137562947143195,28.5622026263827,5
scale_default,Epsilon_Greedy,epsilon=0.15,344,27.420155134995536,1.2193547159632228,26.200800419032312,28.63950985095876,5
scale_default,Epsilon_Greedy,epsilon=0.15,345,27.48601477601157,1.1520449503828232,26.333969825628746,28.638059726394392,5
scale_default,Epsilon_Greedy,epsilon=0.15,346,27.73644321751031,1.2560960757952706,26.48034714171504,28.99253929330558,5
scale_default,Epsilon_Greedy,epsilon=0.15,347,27.90909872584327,1.2758774236402244,26.633221302203044,29.184976149483493,5
scale_default,Epsilon_Greedy,epsilon=0.15,348,28.092826107905683,1.210512263920233,26.88231384398545,29.303338371825916,5
scale_default,Epsilon_Greedy,epsilon=0.15,349,28.248119319015842,1.1772299142621705,27.07088940475367,29.425349233278013,5
scale_default,Epsilon_Greedy,epsilon=0.15,350,28.394372243130853,1.0806339629610442,27.313738280169808,29.475006206091898,5
scale_default,Epsilon_Greedy,epsilon=0.15,351,28.450966097809367,1.0595138851667758,27.39145221264259,29.510479982976143,5
scale_default,Epsilon_Greedy,epsilon=0.15,352,28.52285324106097,1.1432117053575321,27.37964153570344,29.666064946418505,5
scale_default,Epsilon_Greedy,epsilon=0.15,353,28.62266485151465,1.202252857754256,27.420411993760393,29.824917709268906,5
scale_default,Epsilon_Greedy,epsilon=0.15,354,28.87984253177724,1.2290430333731723,27.650799498404066,30.108885565150413,5
scale_default,Epsilon_Greedy,epsilon=0.15,355,28.927452171379535,1.208288347158346,27.71916382422119,30.13574051853788,5
scale_default,Epsilon_Greedy,epsilon=0.15,356,29.139965424033356,1.089692264398128,28.05027315963523,30.229657688431484,5
scale_default,Epsilon_Greedy,epsilon=0.15,357,29.248918232656553,1.14107837568391,28.107839856972642,30.389996608340464,5
scale_default,Epsilon_Greedy,epsilon=0.15,358,29.462538908222047,1.1305298003659792,28.332009107856067,30.593068708588028,5
scale_default,Epsilon_Greedy,epsilon=0.15,359,29.616116891513787,1.1175588021942688,28.49855808931952,30.733675693708054,5
scale_default,Epsilon_Greedy,epsilon=0.15,360,29.76994407024921,1.0280340844473856,28.741909985801826,30.797978154696594,5
scale_default,Epsilon_Greedy,epsilon=0.15,361,29.86950313952848,1.1114647046697472,28.758038434858733,30.980967844198226,5
scale_default,Epsilon_Greedy,epsilon=0.15,362,30.001401184582637,1.207824665703808,28.79357651887883,31.209225850286444,5
scale_default,Epsilon_Greedy,epsilon=0.15,363,30.227841934237794,1.146485750703432,29.08135618353436,31.37432768494123,5
scale_default,Epsilon_Greedy,epsilon=0.15,364,30.482376450148262,1.1559432471856355,29.326433202962626,31.6383196973339,5
scale_default,Epsilon_Greedy,epsilon=0.15,365,30.641522095112542,1.1632221633897812,29.47829993172276,31.804744258502325,5
scale_default,Epsilon_Greedy,epsilon=0.15,366,30.845860257776412,1.157729133592926,29.688131124183485,32.00358939136934,5
scale_default,Epsilon_Greedy,epsilon=0.15,367,30.96082725154928,1.1517555569377047,29.809071694611575,32.112582808486984,5
scale_default,Epsilon_Greedy,epsilon=0.15,368,31.21624880444595,1.3280509422829712,29.88819786216298,32.544299746728925,5
scale_default,Epsilon_Greedy,epsilon=0.15,369,31.36917873831161,1.3382888613630366,30.030889876948574,32.70746759967465,5
scale_default,Epsilon_Greedy,epsilon=0.15,370,31.452391765840037,1.3548491646484588,30.097542601191577,32.8072409304885,5
scale_default,Epsilon_Greedy,epsilon=0.15,371,31.743541093732297,1.366300925851605,30.377240167880693,33.1098420195839,5
scale_default,Epsilon_Greedy,epsilon=0.15,372,31.866956193309555,1.2468355012557486,30.620120692053806,33.1137916945653,5
scale_default,Epsilon_Greedy,epsilon=0.15,373,31.995826261075383,1.2381171882816615,30.75770907279372,33.23394344935704,5
scale_default,Epsilon_Greedy,epsilon=0.15,374,32.2575267754929,1.2742566478765716,30.983270127616326,33.53178342336947,5
scale_default,Epsilon_Greedy,epsilon=0.15,375,32.46411404362863,1.256434330096241,31.207679713532393,33.720548373724874,5
scale_default,Epsilon_Greedy,epsilon=0.15,376,32.59644914265702,1.230020809102091,31.366428333554932,33.826469951759115,5
scale_default,Epsilon_Greedy,epsilon=0.15,377,32.718688372357654,1.212924936704342,31.50576343565331,33.931613309061994,5
scale_default,Epsilon_Greedy,epsilon=0.15,378,32.86798796575489,1.2496507282128575,31.618337237542036,34.11763869396775,5
scale_default,Epsilon_Greedy,epsilon=0.15,379,33.118754052272536,1.2900521929947213,31.828701859277814,34.40880624526726,5
scale_default,Epsilon_Greedy,epsilon=0.15,380,33.29294272897492,1.3530538129432321,31.939888916031688,34.64599654191815,5
scale_default,Epsilon_Greedy,epsilon=0.15,381,33.55906169467014,1.4362204169172885,32.122841277752855,34.99528211158743,5
scale_default,Epsilon_Greedy,epsilon=0.15,382,33.72350947833408,1.483939244936322,32.23957023339776,35.2074487232704,5
scale_default,Epsilon_Greedy,epsilon=0.15,383,33.77703460381911,1.435173277363317,32.34186132645579,35.21220788118243,5
scale_default,Epsilon_Greedy,epsilon=0.15,384,33.92760406215147,1.4322399992371895,32.49536406291428,35.35984406138866,5
scale_default,Epsilon_Greedy,epsilon=0.15,385,34.15613203849689,1.4074106926885948,32.7487213458083,35.563542731185485,5
scale_default,Epsilon_Greedy,epsilon=0.15,386,34.300733395451616,1.4540088062485086,32.846724589203106,35.754742201700125,5
scale_default,Epsilon_Greedy,epsilon=0.15,387,34.49100669832025,1.4988748397262703,32.99213185859398,35.98988153804652,5
scale_default,Epsilon_Greedy,epsilon=0.15,388,34.66143364738311,1.631129881026118,33.030303766356994,36.29256352840923,5
scale_default,Epsilon_Greedy,epsilon=0.15,389,34.789624033281974,1.6455585955764631,33.144065437705514,36.435182628858435,5
scale_default,Epsilon_Greedy,epsilon=0.15,390,34.87799666079402,1.6284005311051561,33.24959612968886,36.506397191899175,5
scale_default,Epsilon_Greedy,epsilon=0.15,391,35.1221233023946,1.6255531840598576,33.49657011833474,36.74767648645446,5
scale_default,Epsilon_Greedy,epsilon=0.15,392,35.316611522672204,1.7207375829368676,33.595873939735334,37.037349105609074,5
scale_default,Epsilon_Greedy,epsilon=0.15,393,35.48729157328362,1.6769814594647419,33.81031011381888,37.16427303274836,5
scale_default,Epsilon_Greedy,epsilon=0.15,394,35.73630289184524,1.4749145703181203,34.26138832152712,37.21121746216336,5
scale_default,Epsilon_Greedy,epsilon=0.15,395,35.90895624020565,1.5173506474842644,34.39160559272138,37.42630688768991,5
scale_default,Epsilon_Greedy,epsilon=0.15,396,36.02984074482585,1.5851935535036292,34.44464719132222,37.615034298329476,5
scale_default,Epsilon_Greedy,epsilon=0.15,397,36.165099393522304,1.537442770022406,34.627656623499895,37.70254216354471,5
scale_default,Epsilon_Greedy,epsilon=0.15,398,36.35190230344763,1.5540178182826097,34.79788448516502,37.90592012173024,5
scale_default,Epsilon_Greedy,epsilon=0.15,399,36.539493492778064,1.5476066047208388,34.99188688805722,38.087100097498904,5
scale_default,Epsilon_Greedy,epsilon=0.15,400,36.71536232717765,1.610657132245155,35.10470519493249,38.32601945942281,5
scale_default,Epsilon_Greedy,epsilon=0.15,401,36.89359728785665,1.6379031354985463,35.2556941523581,38.5315004233552,5
scale_default,Epsilon_Greedy,epsilon=0.15,402,37.05146184397871,1.6082411245500106,35.443220719428695,38.65970296852872,5
scale_default,Epsilon_Greedy,epsilon=0.15,403,37.21443634631885,1.533378719138878,35.68105762717997,38.74781506545773,5
scale_default,Epsilon_Greedy,epsilon=0.15,404,37.34487236066697,1.6006282842615078,35.74424407640546,38.94550064492848,5
scale_default,Epsilon_Greedy,epsilon=0.15,405,37.557678347852445,1.721279297153854,35.83639905069859,39.2789576450063,5
scale_default,Epsilon_Greedy,epsilon=0.15,406,37.65880707948068,1.7446823927024422,35.91412468677824,39.403489472183125,5
scale_default,Epsilon_Greedy,epsilon=0.15,407,37.841892775153156,1.7964787739977195,36.045414001155436,39.638371549150875,5
scale_default,Epsilon_Greedy,epsilon=0.15,408,37.922815365841515,1.694351681209021,36.228463684632494,39.617167047050536,5
scale_default,Epsilon_Greedy,epsilon=0.15,409,38.04230264946433,1.6879830867081302,36.3543195627562,39.73028573617246,5
scale_default,Epsilon_Greedy,epsilon=0.15,410,38.24904487932363,1.7664048650946245,36.482640014229005,40.01544974441825,5
scale_default,Epsilon_Greedy,epsilon=0.15,411,38.354999062747574,1.7896882886738734,36.5653107740737,40.144687351421446,5
scale_default,Epsilon_Greedy,epsilon=0.15,412,38.57648556510138,1.8723961105241023,36.70408945457728,40.44888167562548,5
scale_default,Epsilon_Greedy,epsilon=0.15,413,38.78188923660756,1.9521079683120348,36.82978126829553,40.733997204919596,5
scale_default,Epsilon_Greedy,epsilon=0.15,414,38.91821133518154,1.9870880586145505,36.931123276566986,40.90529939379609,5
scale_default,Epsilon_Greedy,epsilon=0.15,415,39.13931013409926,2.019757439464019,37.119552694635246,41.15906757356328,5
scale_default,Epsilon_Greedy,epsilon=0.15,416,39.38518539968518,1.9359846063741963,37.44920079331098,41.321170006059376,5
scale_default,Epsilon_Greedy,epsilon=0.15,417,39.48484559865259,1.9184409132960982,37.566404685356495,41.403286511948686,5
scale_default,Epsilon_Greedy,epsilon=0.15,418,39.767232234630974,1.9394328515242523,37.82779938310672,41.706665086155226,5
scale_default,Epsilon_Greedy,epsilon=0.15,419,39.93267645647337,1.8438310577875099,38.088845398685855,41.77650751426088,5
scale_default,Epsilon_Greedy,epsilon=0.15,420,40.05757278142981,1.7926581303615396,38.264914651068274,41.85023091179135,5
scale_default,Epsilon_Greedy,epsilon=0.15,421,40.25621204187884,1.790471178905766,38.46574086297307,42.04668322078461,5
scale_default,Epsilon_Greedy,epsilon=0.15,422,40.469061408784306,1.6662923434217944,38.80276906536251,42.1353537522061,5
scale_default,Epsilon_Greedy,epsilon=0.15,423,40.5996472233533,1.656471440662072,38.94317578269123,42.256118664015375,5
scale_default,Epsilon_Greedy,epsilon=0.15,424,40.657201454542616,1.611823243285975,39.04537821125664,42.26902469782859,5
scale_default,Epsilon_Greedy,epsilon=0.15,425,40.76748156145303,1.6131932052312152,39.15428835622182,42.380674766684244,5
scale_default,Epsilon_Greedy,epsilon=0.15,426,41.02949778336988,1.5732337592924257,39.45626402407745,42.602731542662305,5
scale_default,Epsilon_Greedy,epsilon=0.15,427,41.174723462696704,1.5884350104387934,39.58628845225791,42.7631584731355,5
scale_default,Epsilon_Greedy,epsilon=0.15,428,41.32779960742023,1.6134892477605123,39.71431035965972,42.941288855180744,5
scale_default,Epsilon_Greedy,epsilon=0.15,429,41.587244543018684,1.617385376961753,39.969859166056935,43.204629919980434,5
scale_default,Epsilon_Greedy,epsilon=0.15,430,41.78231470829188,1.4815632255829119,40.30075148270897,43.26387793387479,5
scale_default,Epsilon_Greedy,epsilon=0.15,431,41.903261977002174,1.4703119130792792,40.432950063922895,43.37357389008145,5
scale_default,Epsilon_Greedy,epsilon=0.15,432,42.08184908021014,1.5960922014780863,40.485756878732055,43.67794128168823,5
scale_default,Epsilon_Greedy,epsilon=0.15,433,42.21920840453996,1.6273628917394305,40.59184551280053,43.84657129627939,5
scale_default,Epsilon_Greedy,epsilon=0.15,434,42.338730151944404,1.6431493077532768,40.69558084419113,43.98187945969768,5
scale_default,Epsilon_Greedy,epsilon=0.15,435,42.50078134037283,1.6041590504419936,40.89662228993084,44.104940390814825,5
scale_default,Epsilon_Greedy,epsilon=0.15,436,42.6990041568543,1.564131743347256,41.13487241350705,44.263135900201554,5
scale_default,Epsilon_Greedy,epsilon=0.15,437,42.928566118953945,1.5259800508002,41.402586068153745,44.454546169754146,5
scale_default,Epsilon_Greedy,epsilon=0.15,438,43.05977596824841,1.5760901906034477,41.483685777644965,44.635866158851854,5
scale_default,Epsilon_Greedy,epsilon=0.15,439,43.17842994020345,1.6293705073901554,41.549059432813294,44.80780044759361,5
scale_default,Epsilon_Greedy,epsilon=0.15,440,43.35597572509208,1.6833828519327096,41.67259287315937,45.03935857702479,5
scale_default,Epsilon_Greedy,epsilon=0.15,441,43.573188032757606,1.663793070960564,41.90939496179704,45.23698110371817,5
scale_default,Epsilon_Greedy,epsilon=0.15,442,43.769111245830956,1.7023341037610569,42.0667771420699,45.47144534959201,5
scale_default,Epsilon_Greedy,epsilon=0.15,443,44.066638840075655,1.903144575987259,42.1634942640884,45.96978341606291,5
scale_default,Epsilon_Greedy,epsilon=0.15,444,44.24870324275603,1.7910417683668731,42.457661474389155,46.0397450111229,5
scale_default,Epsilon_Greedy,epsilon=0.15,445,44.42937123374392,1.6777633655522761,42.75160786819165,46.107134599296195,5
scale_default,Epsilon_Greedy,epsilon=0.15,446,44.65192895019978,1.7720245529832312,42.87990439721655,46.423953503183014,5
scale_default,Epsilon_Greedy,epsilon=0.15,447,44.864910579368214,1.8278635981811595,43.03704698118705,46.692774177549374,5
scale_default,Epsilon_Greedy,epsilon=0.15,448,44.99813390559087,1.809060067212406,43.18907383837846,46.807193972803276,5
scale_default,Epsilon_Greedy,epsilon=0.15,449,45.25336531282238,1.795345025705105,43.45802028711728,47.048710338527485,5
scale_default,Epsilon_Greedy,epsilon=0.15,450,45.391831958510444,1.8551878424486026,43.536644116061844,47.247019800959045,5
scale_default,Epsilon_Greedy,epsilon=0.15,451,45.55283590847668,1.9108266384336372,43.64200927004304,47.46366254691032,5
scale_default,Epsilon_Greedy,epsilon=0.15,452,45.651768660605406,1.9333981364480382,43.718370524157365,47.585166797053446,5
scale_default,Epsilon_Greedy,epsilon=0.15,453,45.77568986535503,1.9664124144833701,43.809277450871654,47.7421022798384,5
scale_default,Epsilon_Greedy,epsilon=0.15,454,45.92169770190757,2.0469616285399206,43.87473607336765,47.96865933044749,5
scale_default,Epsilon_Greedy,epsilon=0.15,455,46.090275573286185,2.0467420936061917,44.04353347967999,48.137017666892376,5
scale_default,Epsilon_Greedy,epsilon=0.15,456,46.28730988493166,2.0171749456970094,44.27013493923465,48.30448483062867,5
scale_default,Epsilon_Greedy,epsilon=0.15,457,46.374570960150194,1.9707485846602815,44.40382237548991,48.34531954481048,5
scale_default,Epsilon_Greedy,epsilon=0.15,458,46.53227187294861,2.034573732259011,44.4976981406896,48.566845605207625,5
scale_default,Epsilon_Greedy,epsilon=0.15,459,46.67695092515115,2.0674085434450036,44.60954238170614,48.74435946859615,5
scale_default,Epsilon_Greedy,epsilon=0.15,460,46.78716130391306,2.1374782684826266,44.649683035430435,48.924639572395684,5
scale_default,Epsilon_Greedy,epsilon=0.15,461,46.87151293567702,2.1972990575124505,44.674213878164565,49.06881199318947,5
scale_default,Epsilon_Greedy,epsilon=0.15,462,47.125163649086126,2.2886471959078967,44.83651645317823,49.413810844994025,5
scale_default,Epsilon_Greedy,epsilon=0.15,463,47.24363568439687,2.266724043918426,44.97691164047845,49.510359728315294,5
scale_default,Epsilon_Greedy,epsilon=0.15,464,47.418408293889044,2.297177922179556,45.12123037170949,49.7155862160686,5
scale_default,Epsilon_Greedy,epsilon=0.15,465,47.728895158716725,2.455820259115207,45.27307489960152,50.18471541783193,5
scale_default,Epsilon_Greedy,epsilon=0.15,466,47.854787393450934,2.4817099746575195,45.373077418793414,50.33649736810845,5
scale_default,Epsilon_Greedy,epsilon=0.15,467,47.94710538975151,2.509733621262797,45.43737176848872,50.45683901101431,5
scale_default,Epsilon_Greedy,epsilon=0.15,468,48.10794103596277,2.602197673110084,45.505743362852684,50.71013870907285,5
scale_default,Epsilon_Greedy,epsilon=0.15,469,48.38440307638014,2.447749249604475,45.93665382677566,50.832152325984616,5
scale_default,Epsilon_Greedy,epsilon=0.15,470,48.62050444652889,2.481071263719927,46.139433182808965,51.10157571024882,5
scale_default,Epsilon_Greedy,epsilon=0.15,471,48.773730083285805,2.4701923801500234,46.30353770313578,51.24392246343583,5
scale_default,Epsilon_Greedy,epsilon=0.15,472,48.94408706433431,2.5378262279792874,46.406260836355024,51.4819132923136,5
scale_default,Epsilon_Greedy,epsilon=0.15,473,49.1110956592852,2.4805646459469366,46.63053101333826,51.59166030523213,5
scale_default,Epsilon_Greedy,epsilon=0.15,474,49.47292028700981,2.5145475989203807,46.95837268808943,51.987467885930194,5
scale_default,Epsilon_Greedy,epsilon=0.15,475,49.725879893007914,2.5769353396765764,47.14894455333134,52.30281523268449,5
scale_default,Epsilon_Greedy,epsilon=0.15,476,49.86835854034529,2.4845357141464333,47.38382282619886,52.35289425449172,5
scale_default,Epsilon_Greedy,epsilon=0.15,477,50.05467305207565,2.547554809267985,47.507118242807664,52.602227861343636,5
scale_default,Epsilon_Greedy,epsilon=0.15,478,50.30591260606349,2.638700616497629,47.66721198956586,52.94461322256112,5
scale_default,Epsilon_Greedy,epsilon=0.15,479,50.54073304853282,2.628120715436488,47.912612333096334,53.16885376396931,5
scale_default,Epsilon_Greedy,epsilon=0.15,480,50.76981017564565,2.6519745899074656,48.117835585738185,53.42178476555312,5
scale_default,Epsilon_Greedy,epsilon=0.15,481,50.97361141354038,2.7211531266278532,48.25245828691253,53.69476454016824,5
scale_default,Epsilon_Greedy,epsilon=0.15,482,51.14398362242356,2.695299193570931,48.44868442885263,53.839282815994494,5
scale_default,Epsilon_Greedy,epsilon=0.15,483,51.24627925746321,2.692599421683841,48.55367983577936,53.93887867914705,5
scale_default,Epsilon_Greedy,epsilon=0.15,484,51.42919340684669,2.709906840551928,48.71928656629476,54.13910024739862,5
scale_default,Epsilon_Greedy,epsilon=0.15,485,51.572703113736566,2.782425589601114,48.790277524135455,54.35512870333768,5
scale_default,Epsilon_Greedy,epsilon=0.15,486,51.675873276150504,2.819290725001367,48.85658255114914,54.49516400115187,5
scale_default,Epsilon_Greedy,epsilon=0.15,487,51.71452024844616,2.7787774147029825,48.935742833743184,54.49329766314914,5
scale_default,Epsilon_Greedy,epsilon=0.15,488,51.789978712565585,2.8228151531056227,48.96716355945996,54.61279386567121,5
scale_default,Epsilon_Greedy,epsilon=0.15,489,51.866371696603686,2.8680903850809054,48.99828131152278,54.73446208168459,5
scale_default,Epsilon_Greedy,epsilon=0.15,490,52.002521415041336,2.9057707610042276,49.09675065403711,54.90829217604556,5
scale_default,Epsilon_Greedy,epsilon=0.15,491,52.0766695231956,2.8770970861497656,49.19957243704583,54.953766609345365,5
scale_default,Epsilon_Greedy,epsilon=0.15,492,52.43998642704586,2.9587086303738244,49.48127779667203,55.39869505741969,5
scale_default,Epsilon_Greedy,epsilon=0.15,493,52.501879310019106,2.926319689743418,49.57555962027569,55.42819899976252,5
scale_default,Epsilon_Greedy,epsilon=0.15,494,52.705869827896095,2.9398240009616576,49.76604582693444,55.64569382885775,5
scale_default,Epsilon_Greedy,epsilon=0.15,495,52.98889540072953,3.022270873187544,49.96662452754199,56.01116627391708,5
scale_default,Epsilon_Greedy,epsilon=0.15,496,53.341313504452216,2.9728794040109783,50.368434100441235,56.3141929084632,5
scale_default,Epsilon_Greedy,epsilon=0.15,497,53.43377561328972,2.9351809009457397,50.49859471234398,56.36895651423546,5
scale_default,Epsilon_Greedy,epsilon=0.15,498,53.641825866982536,2.9180744683410396,50.7237513986415,56.559900335323576,5
scale_default,Epsilon_Greedy,epsilon=0.15,499,53.86296955763548,2.932336681587849,50.93063287604763,56.79530623922333,5
scale_default,Epsilon_Greedy,epsilon=0.15,500,54.16954268599186,2.9502640730084404,51.219278612983416,57.1198067590003,5
scale_default,Epsilon_Greedy,epsilon=0.15,501,54.348100234217746,2.979539479159737,51.368560755058006,57.327639713377486,5
scale_default,Epsilon_Greedy,epsilon=0.15,502,54.498434886708594,2.975974801148454,51.52246008556014,57.47440968785705,5
scale_default,Epsilon_Greedy,epsilon=0.15,503,54.64230581922023,3.028458719356045,51.61384709986419,57.67076453857628,5
scale_default,Epsilon_Greedy,epsilon=0.15,504,54.8454468498429,3.0218113974010827,51.82363545244182,57.86725824724398,5
scale_default,Epsilon_Greedy,epsilon=0.15,505,54.95606303239699,2.999560319363124,51.95650271303386,57.95562335176012,5
scale_default,Epsilon_Greedy,epsilon=0.15,506,55.11340974855405,2.9894870589750657,52.12392268957898,58.10289680752911,5
scale_default,Epsilon_Greedy,epsilon=0.15,507,55.282376086644184,2.9317625674988337,52.35061351914535,58.21413865414302,5
scale_default,Epsilon_Greedy,epsilon=0.15,508,55.37634391315466,2.8963609472579486,52.47998296589672,58.27270486041261,5
scale_default,Epsilon_Greedy,epsilon=0.15,509,55.46447407697285,2.9585785756405016,52.50589550133235,58.42305265261335,5
scale_default,Epsilon_Greedy,epsilon=0.15,510,55.572702291653044,3.00422903513332,52.568473256519724,58.576931326786365,5
scale_default,Epsilon_Greedy,epsilon=0.15,511,55.68976251254984,3.0071535443753787,52.68260896817446,58.69691605692522,5
scale_default,Epsilon_Greedy,epsilon=0.15,512,55.78582731830983,3.022381328012304,52.76344599029753,58.80820864632213,5
scale_default,Epsilon_Greedy,epsilon=0.15,513,55.99905910709693,3.0612559100555687,52.93780319704136,59.060315017152504,5
scale_default,Epsilon_Greedy,epsilon=0.15,514,56.09029772788959,2.991050432506831,53.09924729538276,59.08134816039642,5
scale_default,Epsilon_Greedy,epsilon=0.15,515,56.34760154400436,3.062285625391105,53.28531591861326,59.40988716939547,5
scale_default,Epsilon_Greedy,epsilon=0.15,516,56.61021821071692,3.1737693398351605,53.43644887088176,59.783987550552084,5
scale_default,Epsilon_Greedy,epsilon=0.15,517,56.81233740939935,3.230750247659261,53.58158716174009,60.04308765705861,5
scale_default,Epsilon_Greedy,epsilon=0.15,518,57.03185759794095,3.104388336860094,53.92746926108085,60.136245934801046,5
scale_default,Epsilon_Greedy,epsilon=0.15,519,57.22065427097108,3.224829417493183,53.9958248534779,60.445483688464265,5
scale_default,Epsilon_Greedy,epsilon=0.15,520,57.5311834789401,3.162700552955651,54.36848292598445,60.69388403189575,5
scale_default,Epsilon_Greedy,epsilon=0.15,521,57.66290858101566,3.1647068239871485,54.49820175702851,60.8276154050028,5
scale_default,Epsilon_Greedy,epsilon=0.15,522,57.87997395139092,3.1353978585260096,54.74457609286491,61.015371809916935,5
scale_default,Epsilon_Greedy,epsilon=0.15,523,57.953100072937715,3.124276566128499,54.828823506809215,61.077376639066216,5
scale_default,Epsilon_Greedy,epsilon=0.15,524,58.13139648313845,3.1443736536317055,54.98702282950675,61.275770136770156,5
scale_default,Epsilon_Greedy,epsilon=0.15,525,58.35780542819977,2.9668034991336425,55.39100192906613,61.32460892733341,5
scale_default,Epsilon_Greedy,epsilon=0.15,526,58.49611494232096,2.9511318292213207,55.54498311309964,61.447246771542275,5
scale_default,Epsilon_Greedy,epsilon=0.15,527,58.68157897697988,3.029688818694947,55.65189015828493,61.71126779567483,5
scale_default,Epsilon_Greedy,epsilon=0.15,528,58.87919744724205,2.97758552979892,55.90161191744313,61.85678297704097,5
scale_default,Epsilon_Greedy,epsilon=0.15,529,59.07924095105567,2.8804213234115883,56.19881962764408,61.959662274467256,5
scale_default,Epsilon_Greedy,epsilon=0.15,530,59.230739790111315,2.893886876874359,56.33685291323695,62.12462666698568,5
scale_default,Epsilon_Greedy,epsilon=0.15,531,59.380763563811534,2.903928991190752,56.47683457262078,62.28469255500229,5
scale_default,Epsilon_Greedy,epsilon=0.15,532,59.62155193719666,2.962216531523145,56.65933540567351,62.5837684687198,5
scale_default,Epsilon_Greedy,epsilon=0.15,533,59.839875615592916,2.925249623071468,56.91462599252145,62.76512523866438,5
scale_default,Epsilon_Greedy,epsilon=0.15,534,60.06949591935303,2.9674566776542846,57.10203924169875,63.036952597007314,5
scale_default,Epsilon_Greedy,epsilon=0.15,535,60.22517035445442,3.013121238341633,57.21204911611279,63.23829159279605,5
scale_default,Epsilon_Greedy,epsilon=0.15,536,60.32673111579182,3.07396319008844,57.25276792570338,63.400694305880265,5
scale_default,Epsilon_Greedy,epsilon=0.15,537,60.554413616116676,3.1253726269496527,57.42904098916702,63.67978624306633,5
scale_default,Epsilon_Greedy,epsilon=0.15,538,60.65870610455089,3.176527191117877,57.48217891343301,63.835233295668765,5
scale_default,Epsilon_Greedy,epsilon=0.15,539,60.92556431975832,3.1416962504623043,57.78386806929602,64.06726057022063,5
scale_default,Epsilon_Greedy,epsilon=0.15,540,61.040808691837114,3.151839729083553,57.88896896275356,64.19264842092066,5
scale_default,Epsilon_Greedy,epsilon=0.15,541,61.2630506225381,3.2097725622924123,58.05327806024569,64.47282318483052,5
scale_default,Epsilon_Greedy,epsilon=0.15,542,61.35117346170862,3.168812867403411,58.18236059430521,64.51998632911203,5
scale_default,Epsilon_Greedy,epsilon=0.15,543,61.56025642022045,3.188571606269043,58.371684813951404,64.74882802648949,5
scale_default,Epsilon_Greedy,epsilon=0.15,544,61.73945329918555,3.083691425619851,58.655761873565694,64.8231447248054,5
scale_default,Epsilon_Greedy,epsilon=0.15,545,61.959367223705144,3.0501944704440263,58.90917275326112,65.00956169414917,5
scale_default,Epsilon_Greedy,epsilon=0.15,546,62.16040991856297,3.0164857340275097,59.14392418453546,65.17689565259047,5
scale_default,Epsilon_Greedy,epsilon=0.15,547,62.44668049150306,3.1402608871137363,59.306419604389326,65.5869413786168,5
scale_default,Epsilon_Greedy,epsilon=0.15,548,62.664646496254726,3.1065170619719833,59.55812943428274,65.7711635582267,5
scale_default,Epsilon_Greedy,epsilon=0.15,549,62.84182187914725,3.176401431488455,59.66542044765879,66.0182233106357,5
scale_default,Epsilon_Greedy,epsilon=0.15,550,63.01850514332487,3.2017219279080247,59.81678321541685,66.2202270712329,5
scale_default,Epsilon_Greedy,epsilon=0.15,551,63.18476520920336,3.2289984578643316,59.955766751339034,66.4137636670677,5
scale_default,Epsilon_Greedy,epsilon=0.15,552,63.346665339108824,3.2289095689649634,60.11775577014386,66.57557490807379,5
scale_default,Epsilon_Greedy,epsilon=0.15,553,63.63150285908574,3.059005219837413,60.572497639248326,66.69050807892316,5
scale_default,Epsilon_Greedy,epsilon=0.15,554,63.937959151060056,3.057192737726064,60.880766413333994,66.99515188878613,5
scale_default,Epsilon_Greedy,epsilon=0.15,555,64.07874888296456,3.1297274158731625,60.9490214670914,67.20847629883772,5
scale_default,Epsilon_Greedy,epsilon=0.15,556,64.22660027155321,3.1141501445195416,61.11245012703367,67.34075041607275,5
scale_default,Epsilon_Greedy,epsilon=0.15,557,64.36081537401394,3.0827422158296645,61.27807315818428,67.4435575898436,5
scale_default,Epsilon_Greedy,epsilon=0.15,558,64.51888932409338,3.1292674546353108,61.38962186945807,67.64815677872869,5
scale_default,Epsilon_Greedy,epsilon=0.15,559,64.62421703792651,3.174669039850012,61.449547998076504,67.79888607777653,5
scale_default,Epsilon_Greedy,epsilon=0.15,560,64.77026326757412,3.2073716252942615,61.56289164227986,67.97763489286838,5
scale_default,Epsilon_Greedy,epsilon=0.15,561,64.83949960216644,3.230952123079571,61.60854747908687,68.07045172524602,5
scale_default,Epsilon_Greedy,epsilon=0.15,562,64.98557008496411,3.208374550420681,61.77719553454343,68.1939446353848,5
scale_default,Epsilon_Greedy,epsilon=0.15,563,65.19634049322302,3.258152538988703,61.938187954234316,68.45449303221172,5
scale_default,Epsilon_Greedy,epsilon=0.15,564,65.34923284052384,3.2807745774246877,62.06845826309915,68.63000741794853,5
scale_default,Epsilon_Greedy,epsilon=0.15,565,65.57915922413613,3.2123398002606933,62.36681942387544,68.79149902439683,5
scale_default,Epsilon_Greedy,epsilon=0.15,566,65.71816581621898,3.245092444602649,62.47307337161634,68.96325826082163,5
scale_default,Epsilon_Greedy,epsilon=0.15,567,65.83508915538513,3.3289469197774144,62.50614223560772,69.16403607516254,5
scale_default,Epsilon_Greedy,epsilon=0.15,568,65.97168260160991,3.2766661570557676,62.69501644455415,69.24834875866568,5
scale_default,Epsilon_Greedy,epsilon=0.15,569,66.14417504117343,3.258237772466675,62.885937268706755,69.4024128136401,5
scale_default,Epsilon_Greedy,epsilon=0.15,570,66.24623848114297,3.303418642535988,62.94281983860698,69.54965712367895,5
scale_default,Epsilon_Greedy,epsilon=0.15,571,66.41272204713803,3.323250334804743,63.08947171233329,69.73597238194277,5
scale_default,Epsilon_Greedy,epsilon=0.15,572,66.50697707704188,3.3387078231960596,63.16826925384582,69.84568490023794,5
scale_default,Epsilon_Greedy,epsilon=0.15,573,66.77452022094292,3.219449925445596,63.55507029549732,69.99397014638852,5
scale_default,Epsilon_Greedy,epsilon=0.15,574,67.0867732906338,3.2127057040184765,63.874067586615325,70.29947899465228,5
scale_default,Epsilon_Greedy,epsilon=0.15,575,67.3307227136981,3.0705895990486614,64.26013311464943,70.40131231274675,5
scale_default,Epsilon_Greedy,epsilon=0.15,576,67.60771330411438,3.1170083179871084,64.49070498612727,70.7247216221015,5
scale_default,Epsilon_Greedy,epsilon=0.15,577,67.76350844280744,3.062160905383001,64.70134753742444,70.82566934819043,5
scale_default,Epsilon_Greedy,epsilon=0.15,578,67.99227751668529,3.0068859602783853,64.98539155640691,70.99916347696367,5
scale_default,Epsilon_Greedy,epsilon=0.15,579,68.19307843293828,3.1029484510726144,65.09012998186566,71.2960268840109,5
scale_default,Epsilon_Greedy,epsilon=0.15,580,68.28033510905915,3.073482670822183,65.20685243823696,71.35381777988134,5
scale_default,Epsilon_Greedy,epsilon=0.15,581,68.5038180685701,2.8941068773597256,65.60971119121037,71.39792494592983,5
scale_default,Epsilon_Greedy,epsilon=0.15,582,68.57560111521303,2.935821355727031,65.639779759486,71.51142247094006,5
scale_default,Epsilon_Greedy,epsilon=0.15,583,68.7465554645912,3.0186950701148456,65.72786039447635,71.76525053470604,5
scale_default,Epsilon_Greedy,epsilon=0.15,584,69.03653413303925,3.0797373439098714,65.95679678912938,72.11627147694912,5
scale_default,Epsilon_Greedy,epsilon=0.15,585,69.13513979908274,3.0938226225089718,66.04131717657377,72.2289624215917,5
scale_default,Epsilon_Greedy,epsilon=0.15,586,69.26208277447799,3.091160732346232,66.17092204213176,72.35324350682421,5
scale_default,Epsilon_Greedy,epsilon=0.15,587,69.48521550344624,3.140754604896047,66.3444608985502,72.62597010834229,5
scale_default,Epsilon_Greedy,epsilon=0.15,588,69.68654221282983,3.1427092949099875,66.54383291791984,72.82925150773983,5
scale_default,Epsilon_Greedy,epsilon=0.15,589,69.84782767438739,3.25080289676969,66.5970247776177,73.09863057115707,5
scale_default,Epsilon_Greedy,epsilon=0.15,590,70.13574039928483,3.049392813049452,67.08634758623538,73.18513321233428,5
scale_default,Epsilon_Greedy,epsilon=0.15,591,70.3334314602711,3.1187451699466426,67.21468629032445,73.45217663021775,5
scale_default,Epsilon_Greedy,epsilon=0.15,592,70.51650922078457,3.1441068170817377,67.37240240370284,73.6606160378663,5
scale_default,Epsilon_Greedy,epsilon=0.15,593,70.66391054173494,3.2034718872568635,67.46043865447807,73.8673824289918,5
scale_default,Epsilon_Greedy,epsilon=0.15,594,70.83933118640896,3.2479633490986926,67.59136783731026,74.08729453550765,5
scale_default,Epsilon_Greedy,epsilon=0.15,595,70.88892700937015,3.229336432305881,67.65959057706426,74.11826344167604,5
scale_default,Epsilon_Greedy,epsilon=0.15,596,71.02206396949806,3.098960837019935,67.92310313247813,74.121024806518,5
scale_default,Epsilon_Greedy,epsilon=0.15,597,71.23365616720824,3.078813972696577,68.15484219451166,74.31247013990482,5
scale_default,Epsilon_Greedy,epsilon=0.15,598,71.47915871747179,3.0516451049379776,68.42751361253382,74.53080382240977,5
scale_default,Epsilon_Greedy,epsilon=0.15,599,71.66159141461205,3.0851384016461387,68.57645301296591,74.74672981625818,5
scale_default,Epsilon_Greedy,epsilon=0.2,0,0.11498380207364875,0.057917413277569836,0.057066388796078914,0.17290121535121858,5
scale_default,Epsilon_Greedy,epsilon=0.2,1,0.20065462108802373,0.0875221499241549,0.11313247116386883,0.28817677101217865,5
scale_default,Epsilon_Greedy,epsilon=0.2,2,0.2685130502726713,0.1206514715290697,0.14786157874360162,0.389164521801741,5
scale_default,Epsilon_Greedy,epsilon=0.2,3,0.34223364269965945,0.1967484482907235,0.14548519440893595,0.538982090990383,5
scale_default,Epsilon_Greedy,epsilon=0.2,4,0.4293507559718094,0.30573607999781777,0.12361467597399162,0.7350868359696272,5
scale_default,Epsilon_Greedy,epsilon=0.2,5,0.49192378831113703,0.37459528219344784,0.11732850611768919,0.8665190705045849,5
scale_default,Epsilon_Greedy,epsilon=0.2,6,0.5676812396825959,0.40352765189141393,0.16415358779118194,0.9712088915740098,5
scale_default,Epsilon_Greedy,epsilon=0.2,7,0.610706507206642,0.43479639061148334,0.17591011659515865,1.0455028978181253,5
scale_default,Epsilon_Greedy,epsilon=0.2,8,0.6582724470522978,0.4699339371203555,0.1883385099319423,1.1282063841726533,5
scale_default,Epsilon_Greedy,epsilon=0.2,9,0.7094498163967725,0.497895356199034,0.2115544601977385,1.2073451725958066,5
scale_default,Epsilon_Greedy,epsilon=0.2,10,0.78210721688363,0.5685510174556063,0.21355619942802373,1.3506582343392364,5
scale_default,Epsilon_Greedy,epsilon=0.2,11,0.7912420923678032,0.5643800034824847,0.22686208888531845,1.355622095850288,5
scale_default,Epsilon_Greedy,epsilon=0.2,12,0.8037248295756128,0.5652929894537022,0.23843184012191054,1.369017819029315,5
scale_default,Epsilon_Greedy,epsilon=0.2,13,0.8181643702488668,0.560959346954595,0.25720502329427175,1.3791237172034618,5
scale_default,Epsilon_Greedy,epsilon=0.2,14,0.8278746657557923,0.5666067455317684,0.2612679202240239,1.3944814112875608,5
scale_default,Epsilon_Greedy,epsilon=0.2,15,0.8330178137638369,0.5672348779604247,0.26578293580341217,1.4002526917242615,5
scale_default,Epsilon_Greedy,epsilon=0.2,16,0.8509117872470169,0.5594102685929826,0.2915015186540343,1.4103220558399996,5
scale_default,Epsilon_Greedy,epsilon=0.2,17,0.8613601309235775,0.5622699937494458,0.2990901371741318,1.4236301246730232,5
scale_default,Epsilon_Greedy,epsilon=0.2,18,0.8713342226235529,0.5563697444770619,0.314964478146491,1.4277039671006149,5
scale_default,Epsilon_Greedy,epsilon=0.2,19,0.8796162801267304,0.5584142210733767,0.32120205905335375,1.4380305012001071,5
scale_default,Epsilon_Greedy,epsilon=0.2,20,0.889428729390384,0.5536215856139051,0.3358071437764789,1.443050315004289,5
scale_default,Epsilon_Greedy,epsilon=0.2,21,0.8990957523187959,0.5595679677838781,0.33952778453491783,1.458663720102674,5
scale_default,Epsilon_Greedy,epsilon=0.2,22,0.9120080004887757,0.5596535773698081,0.3523544231189676,1.4716615778585838,5
scale_default,Epsilon_Greedy,epsilon=0.2,23,0.9348615895484642,0.5649539793794038,0.3699076101690604,1.499815568927868,5
scale_default,Epsilon_Greedy,epsilon=0.2,24,0.940096623022372,0.5657915670819154,0.3743050559404566,1.5058881901042873,5
scale_default,Epsilon_Greedy,epsilon=0.2,25,0.953251799409853,0.559915948971072,0.39333585043878105,1.513167748380925,5
scale_default,Epsilon_Greedy,epsilon=0.2,26,0.9598150326682076,0.5581501620343776,0.40166487063382994,1.5179651947025852,5
scale_default,Epsilon_Greedy,epsilon=0.2,27,0.9675346030134466,0.5597142931826823,0.40782030983076434,1.527248896196129,5
scale_default,Epsilon_Greedy,epsilon=0.2,28,0.9801576666262267,0.562450209017626,0.41770745760860073,1.5426078756438528,5
scale_default,Epsilon_Greedy,epsilon=0.2,29,0.9971114361684881,0.5556595141638454,0.44145192200464267,1.5527709503323335,5
scale_default,Epsilon_Greedy,epsilon=0.2,30,1.0079243714275206,0.5552305787652262,0.45269379266229437,1.5631549501927466,5
scale_default,Epsilon_Greedy,epsilon=0.2,31,1.0174438580815535,0.5510267457680581,0.46641711231349536,1.5684706038496117,5
scale_default,Epsilon_Greedy,epsilon=0.2,32,1.0288860964135327,0.5510899065174062,0.4777961898961265,1.5799760029309389,5
scale_default,Epsilon_Greedy,epsilon=0.2,33,1.0332455267662044,0.5511539003177017,0.4820916264485027,1.5843994270839061,5
scale_default,Epsilon_Greedy,epsilon=0.2,34,1.0653202409834421,0.5294854358587915,0.5358348051246506,1.5948056768422336,5
scale_default,Epsilon_Greedy,epsilon=0.2,35,1.0729480641096374,0.5274386803504711,0.5455093837591662,1.6003867444601085,5
scale_default,Epsilon_Greedy,epsilon=0.2,36,1.0879677095297855,0.5310940087645932,0.5568737007651923,1.6190617182943787,5
scale_default,Epsilon_Greedy,epsilon=0.2,37,1.1039720905363173,0.5422157005426143,0.561756389993703,1.6461877910789315,5
scale_default,Epsilon_Greedy,epsilon=0.2,38,1.1127613819021296,0.5400685344478127,0.5726928474543169,1.6528299163499423,5
scale_default,Epsilon_Greedy,epsilon=0.2,39,1.1196748711824835,0.544511615272899,0.5751632559095845,1.6641864864553826,5
scale_default,Epsilon_Greedy,epsilon=0.2,40,1.1361488404186297,0.5567404327317834,0.5794084076868463,1.692889273150413,5
scale_default,Epsilon_Greedy,epsilon=0.2,41,1.1553315377301574,0.5640082163519603,0.5913233213781971,1.7193397540821178,5
scale_default,Epsilon_Greedy,epsilon=0.2,42,1.1638427008708836,0.5572755310535247,0.6065671698173589,1.7211182319244083,5
scale_default,Epsilon_Greedy,epsilon=0.2,43,1.1908582805181918,0.5434954590114177,0.647362821506774,1.7343537395296096,5
scale_default,Epsilon_Greedy,epsilon=0.2,44,1.1978312316734159,0.5518730015107111,0.6459582301627048,1.749704233184127,5
scale_default,Epsilon_Greedy,epsilon=0.2,45,1.2141101949106752,0.5399120425601539,0.6741981523505213,1.7540222374708292,5
scale_default,Epsilon_Greedy,epsilon=0.2,46,1.2216985987552016,0.5461886390749946,0.675509959680207,1.7678872378301962,5
scale_default,Epsilon_Greedy,epsilon=0.2,47,1.225254077815094,0.5480164260587888,0.6772376517563052,1.7732705038738827,5
scale_default,Epsilon_Greedy,epsilon=0.2,48,1.234875533882929,0.5503982049185754,0.6844773289643535,1.7852737388015043,5
scale_default,Epsilon_Greedy,epsilon=0.2,49,1.2390409486151022,0.5453809121027953,0.6936600365123069,1.7844218607178974,5
scale_default,Epsilon_Greedy,epsilon=0.2,50,1.294222897095498,0.5271225983858502,0.7671002987096479,1.8213454954813484,5
scale_default,Epsilon_Greedy,epsilon=0.2,51,1.301988444596661,0.530464404517995,0.7715240400786659,1.832452849114656,5
scale_default,Epsilon_Greedy,epsilon=0.2,52,1.3108624433999467,0.5220233530797026,0.7888390903202441,1.8328857964796494,5
scale_default,Epsilon_Greedy,epsilon=0.2,53,1.3190167015123286,0.5201474922165705,0.7988692092957581,1.8391641937288992,5
scale_default,Epsilon_Greedy,epsilon=0.2,54,1.3397964857168412,0.5257803822121291,0.8140161035047121,1.8655768679289704,5
scale_default,Epsilon_Greedy,epsilon=0.2,55,1.3502484775749386,0.5324134954848191,0.8178349820901195,1.8826619730597578,5
scale_default,Epsilon_Greedy,epsilon=0.2,56,1.3679751650803342,0.5449413584691907,0.8230338066111436,1.912916523549525,5
scale_default,Epsilon_Greedy,epsilon=0.2,57,1.3732593371234336,0.550087892754481,0.8231714443689526,1.9233472298779146,5
scale_default,Epsilon_Greedy,epsilon=0.2,58,1.384429991045831,0.5554616712488897,0.8289683197969414,1.9398916622947207,5
scale_default,Epsilon_Greedy,epsilon=0.2,59,1.3920190454474797,0.5517814193236147,0.840237626123865,1.9438004647710945,5
scale_default,Epsilon_Greedy,epsilon=0.2,60,1.3979860602579413,0.551653986021843,0.8463320742360982,1.9496400462797843,5
scale_default,Epsilon_Greedy,epsilon=0.2,61,1.4355825596679677,0.5817435024752099,0.8538390571927578,2.0173260621431774,5
scale_default,Epsilon_Greedy,epsilon=0.2,62,1.4479996128904045,0.5780701779353045,0.8699294349551,2.026069790825709,5
scale_default,Epsilon_Greedy,epsilon=0.2,63,1.44863582677719,0.5782710368213271,0.8703647899558629,2.026906863598517,5
scale_default,Epsilon_Greedy,epsilon=0.2,64,1.4501317824165418,0.5794010089492341,0.8707307734673078,2.029532791365776,5
scale_default,Epsilon_Greedy,epsilon=0.2,65,1.4680193595782502,0.6001040458578424,0.8679153137204079,2.0681234054360926,5
scale_default,Epsilon_Greedy,epsilon=0.2,66,1.4721916926052665,0.603651943118867,0.8685397494863994,2.0758436357241337,5
scale_default,Epsilon_Greedy,epsilon=0.2,67,1.4854505753194356,0.6024528911221985,0.8829976841972371,2.087903466441634,5
scale_default,Epsilon_Greedy,epsilon=0.2,68,1.5154778102105366,0.6360451425604036,0.8794326676501331,2.1515229527709403,5
scale_default,Epsilon_Greedy,epsilon=0.2,69,1.5197268577918284,0.6394355166566287,0.8802913411351997,2.159162374448457,5
scale_default,Epsilon_Greedy,epsilon=0.2,70,1.528659445983267,0.6385200192460533,0.8901394267372137,2.1671794652293204,5
scale_default,Epsilon_Greedy,epsilon=0.2,71,1.5349583537218325,0.6410091817177437,0.8939491720040889,2.175967535439576,5
scale_default,Epsilon_Greedy,epsilon=0.2,72,1.5527040531928833,0.6316490691355892,0.9210549840572941,2.1843531223284725,5
scale_default,Epsilon_Greedy,epsilon=0.2,73,1.5577636905516568,0.6290868471935198,0.9286768433581369,2.1868505377451766,5
scale_default,Epsilon_Greedy,epsilon=0.2,74,1.5856138460631033,0.5984835600699367,0.9871302859931665,2.18409740613304,5
scale_default,Epsilon_Greedy,epsilon=0.2,75,1.5921169317133048,0.5914613776183534,1.0006555540949513,2.1835783093316583,5
scale_default,Epsilon_Greedy,epsilon=0.2,76,1.5964222837438442,0.5903329823851524,1.0060893013586918,2.186755266128997,5
scale_default,Epsilon_Greedy,epsilon=0.2,77,1.6106318418829741,0.5954055247885695,1.0152263170944047,2.2060373666715436,5
scale_default,Epsilon_Greedy,epsilon=0.2,78,1.6270427258349642,0.585360012902297,1.0416827129326673,2.212402738737261,5
scale_default,Epsilon_Greedy,epsilon=0.2,79,1.6597195688231092,0.58546876207827,1.074250806744839,2.2451883309013794,5
scale_default,Epsilon_Greedy,epsilon=0.2,80,1.6785964807715565,0.6041769239576648,1.0744195568138917,2.2827734047292214,5
scale_default,Epsilon_Greedy,epsilon=0.2,81,1.6858249031596106,0.5980856762555606,1.08773922690405,2.2839105794151715,5
scale_default,Epsilon_Greedy,epsilon=0.2,82,1.7072606250107243,0.6176585432076882,1.089602081803036,2.3249191682184125,5
scale_default,Epsilon_Greedy,epsilon=0.2,83,1.7236873469024343,0.6094626396108198,1.1142247072916145,2.333149986513254,5
scale_default,Epsilon_Greedy,epsilon=0.2,84,1.77541411052646,0.6234447039312494,1.1519694065952106,2.3988588144577094,5
scale_default,Epsilon_Greedy,epsilon=0.2,85,1.7779570656026213,0.6218747218989323,1.1560823437036891,2.3998317875015536,5
scale_default,Epsilon_Greedy,epsilon=0.2,86,1.781482321628724,0.6242469992102652,1.157235322418459,2.405729320838989,5
scale_default,Epsilon_Greedy,epsilon=0.2,87,1.7980429068798123,0.6115938791585719,1.1864490277212405,2.409636786038384,5
scale_default,Epsilon_Greedy,epsilon=0.2,88,1.8046343181420574,0.6154523699945227,1.1891819481475348,2.42008668813658,5
scale_default,Epsilon_Greedy,epsilon=0.2,89,1.831561310095654,0.6043698248345879,1.2271914852610661,2.435931134930242,5
scale_default,Epsilon_Greedy,epsilon=0.2,90,1.842295477471532,0.5961729111477069,1.2461225663238253,2.438468388619239,5
scale_default,Epsilon_Greedy,epsilon=0.2,91,1.8498437668030039,0.5905755523450804,1.2592682144579235,2.4404193191480843,5
scale_default,Epsilon_Greedy,epsilon=0.2,92,1.8541135537207638,0.5859835961968,1.2681299575239637,2.440097149917564,5
scale_default,Epsilon_Greedy,epsilon=0.2,93,1.861510379458138,0.5887493110749945,1.2727610683831436,2.4502596905331324,5
scale_default,Epsilon_Greedy,epsilon=0.2,94,1.8880638595475243,0.6260630280946154,1.2620008314529088,2.51412688764214,5
scale_default,Epsilon_Greedy,epsilon=0.2,95,1.8913335261964588,0.6230633743044236,1.2682701518920352,2.5143969005008824,5
scale_default,Epsilon_Greedy,epsilon=0.2,96,1.8928662721575678,0.6213616656424817,1.271504606515086,2.5142279378000496,5
scale_default,Epsilon_Greedy,epsilon=0.2,97,1.9009536714380162,0.6166233491144395,1.2843303223235767,2.517577020552456,5
scale_default,Epsilon_Greedy,epsilon=0.2,98,1.9107526123893996,0.6157252548274187,1.295027357561981,2.526477867216818,5
scale_default,Epsilon_Greedy,epsilon=0.2,99,1.9291491477192175,0.6234004856749582,1.3057486620442593,2.5525496333941757,5
scale_default,Epsilon_Greedy,epsilon=0.2,100,1.94503494747254,0.6398982395194766,1.3051367079530634,2.5849331869920165,5
scale_default,Epsilon_Greedy,epsilon=0.2,101,1.9550190055617027,0.6399443099920713,1.3150746955696313,2.594963315553774,5
scale_default,Epsilon_Greedy,epsilon=0.2,102,1.9642317376631446,0.6402389554281583,1.3239927822349862,2.604470693091303,5
scale_default,Epsilon_Greedy,epsilon=0.2,103,1.9707635722004042,0.6418491246084058,1.3289144475919983,2.61261269680881,5
scale_default,Epsilon_Greedy,epsilon=0.2,104,1.9937053529264719,0.6650928527761095,1.3286125001503624,2.658798205702581,5
scale_default,Epsilon_Greedy,epsilon=0.2,105,2.0384928140144694,0.6295629313856114,1.408929882628858,2.6680557454000806,5
scale_default,Epsilon_Greedy,epsilon=0.2,106,2.045522127732271,0.6358459533834219,1.4096761743488493,2.681368081115693,5
scale_default,Epsilon_Greedy,epsilon=0.2,107,2.0702727751933687,0.6241522284518534,1.4461205467415152,2.694425003645222,5
scale_default,Epsilon_Greedy,epsilon=0.2,108,2.0782881597226517,0.6293715775443588,1.4489165821782928,2.7076597372670106,5
scale_default,Epsilon_Greedy,epsilon=0.2,109,2.1119010912011866,0.6627475750710901,1.4491535161300966,2.7746486662722765,5
scale_default,Epsilon_Greedy,epsilon=0.2,110,2.1227735188944608,0.6615054779830214,1.4612680409114394,2.7842789968774824,5
scale_default,Epsilon_Greedy,epsilon=0.2,111,2.1387459949076466,0.6738410380658996,1.464904956841747,2.8125870329735463,5
scale_default,Epsilon_Greedy,epsilon=0.2,112,2.14890929691583,0.6731027876369907,1.475806509278839,2.8220120845528207,5
scale_default,Epsilon_Greedy,epsilon=0.2,113,2.1549746270290266,0.6694464641100978,1.485528162918929,2.8244210911391243,5
scale_default,Epsilon_Greedy,epsilon=0.2,114,2.169071848168322,0.6706600552354439,1.498411792932878,2.839731903403766,5
scale_default,Epsilon_Greedy,epsilon=0.2,115,2.174919931401778,0.6697916107441136,1.5051283206576644,2.8447115421458915,5
scale_default,Epsilon_Greedy,epsilon=0.2,116,2.17925386820336,0.6711012716705648,1.508152596532795,2.850355139873925,5
scale_default,Epsilon_Greedy,epsilon=0.2,117,2.185377827195592,0.6687827639930892,1.5165950632025027,2.8541605911886814,5
scale_default,Epsilon_Greedy,epsilon=0.2,118,2.193764409488174,0.6673355377369886,1.5264288717511851,2.8610999472251626,5
scale_default,Epsilon_Greedy,epsilon=0.2,119,2.196708888765712,0.670027174800878,1.5266817139648339,2.8667360635665897,5
scale_default,Epsilon_Greedy,epsilon=0.2,120,2.222614488806177,0.6968013915930238,1.5258130972131532,2.9194158803992005,5
scale_default,Epsilon_Greedy,epsilon=0.2,121,2.2278097148825187,0.7014452017656398,1.5263645131168788,2.9292549166481585,5
scale_default,Epsilon_Greedy,epsilon=0.2,122,2.2304423250347933,0.699039481436726,1.5314028435980673,2.9294818064715193,5
scale_default,Epsilon_Greedy,epsilon=0.2,123,2.241274455089967,0.6947705685576432,1.5465038865323235,2.93604502364761,5
scale_default,Epsilon_Greedy,epsilon=0.2,124,2.2440583651158184,0.6933424414703628,1.5507159236454555,2.937400806586181,5
scale_default,Epsilon_Greedy,epsilon=0.2,125,2.2528018597295802,0.6890843800029784,1.5637174797266018,2.9418862397325585,5
scale_default,Epsilon_Greedy,epsilon=0.2,126,2.2641320340492834,0.7016210818483023,1.5625109522009812,2.9657531158975856,5
scale_default,Epsilon_Greedy,epsilon=0.2,127,2.2767761743755894,0.7061456709009925,1.570630503474597,2.9829218452765818,5
scale_default,Epsilon_Greedy,epsilon=0.2,128,2.2973811337889325,0.7316940227907411,1.5656871109981914,3.0290751565796734,5
scale_default,Epsilon_Greedy,epsilon=0.2,129,2.304704498767908,0.7393267940087044,1.5653777047592037,3.044031292776612,5
scale_default,Epsilon_Greedy,epsilon=0.2,130,2.3118598094871863,0.7431409844410727,1.5687188250461137,3.055000793928259,5
scale_default,Epsilon_Greedy,epsilon=0.2,131,2.3198483613259517,0.7403690914777068,1.579479269848245,3.0602174528036583,5
scale_default,Epsilon_Greedy,epsilon=0.2,132,2.323568006779895,0.7407917479412167,1.5827762588386785,3.064359754721112,5
scale_default,Epsilon_Greedy,epsilon=0.2,133,2.3277035082341953,0.7428839919362584,1.5848195162979368,3.0705875001704537,5
scale_default,Epsilon_Greedy,epsilon=0.2,134,2.3372586473728036,0.7440399510698622,1.5932186963029413,3.081298598442666,5
scale_default,Epsilon_Greedy,epsilon=0.2,135,2.343101786923222,0.7449437181008811,1.598158068822341,3.088045505024103,5
scale_default,Epsilon_Greedy,epsilon=0.2,136,2.3475313024643905,0.7501101342401766,1.5974211682242139,3.097641436704567,5
scale_default,Epsilon_Greedy,epsilon=0.2,137,2.3621405428962743,0.7400295770822803,1.6221109658139938,3.1021701199785547,5
scale_default,Epsilon_Greedy,epsilon=0.2,138,2.3713286477841917,0.7404113050152095,1.6309173427689823,3.111739952799401,5
scale_default,Epsilon_Greedy,epsilon=0.2,139,2.38570001058089,0.7395743922582045,1.6461256183226853,3.1252744028390946,5
scale_default,Epsilon_Greedy,epsilon=0.2,140,2.39455667215175,0.7418717120846757,1.652684960067074,3.136428384236426,5
scale_default,Epsilon_Greedy,epsilon=0.2,141,2.397372111984462,0.7390702781274611,1.658301833857001,3.136442390111923,5
scale_default,Epsilon_Greedy,epsilon=0.2,142,2.401774595081678,0.7439896063298344,1.6577849887518434,3.145764201411512,5
scale_default,Epsilon_Greedy,epsilon=0.2,143,2.4174833349414504,0.7381709253421173,1.679312409599333,3.1556542602835678,5
scale_default,Epsilon_Greedy,epsilon=0.2,144,2.422584162070888,0.7372792880109662,1.6853048740599217,3.159863450081854,5
scale_default,Epsilon_Greedy,epsilon=0.2,145,2.429593723215178,0.7361620240319753,1.6934316991832028,3.1657557472471534,5
scale_default,Epsilon_Greedy,epsilon=0.2,146,2.4377475854089328,0.7379111865334023,1.6998363988755305,3.1756587719423353,5
scale_default,Epsilon_Greedy,epsilon=0.2,147,2.4462628899636223,0.7378968777686666,1.7083660121949555,3.184159767732289,5
scale_default,Epsilon_Greedy,epsilon=0.2,148,2.450860079081944,0.7414224478704539,1.7094376312114903,3.192282526952398,5
scale_default,Epsilon_Greedy,epsilon=0.2,149,2.459442373570137,0.7400813211038665,1.7193610524662706,3.1995236946740038,5
scale_default,Epsilon_Greedy,epsilon=0.2,150,2.4954477004794713,0.725742328297184,1.7697053721822873,3.2211900287766553,5
scale_default,Epsilon_Greedy,epsilon=0.2,151,2.5091662631644747,0.7332579556215947,1.7759083075428799,3.2424242187860695,5
scale_default,Epsilon_Greedy,epsilon=0.2,152,2.535408482084567,0.7125418411244243,1.8228666409601426,3.247950323208991,5
scale_default,Epsilon_Greedy,epsilon=0.2,153,2.540284844265016,0.7119676485354293,1.8283171957295865,3.2522524928004453,5
scale_default,Epsilon_Greedy,epsilon=0.2,154,2.559449618219903,0.7250722300105162,1.8343773882093868,3.2845218482304195,5
scale_default,Epsilon_Greedy,epsilon=0.2,155,2.5779535769332336,0.7513203698730432,1.8266332070601905,3.3292739468062766,5
scale_default,Epsilon_Greedy,epsilon=0.2,156,2.5847125741098247,0.7556426942864907,1.829069879823334,3.3403552683963156,5
scale_default,Epsilon_Greedy,epsilon=0.2,157,2.593865942087029,0.7633919746263346,1.8304739674606942,3.3572579167133636,5
scale_default,Epsilon_Greedy,epsilon=0.2,158,2.6031703047253982,0.7682978202121863,1.834872484513212,3.3714681249375844,5
scale_default,Epsilon_Greedy,epsilon=0.2,159,2.6184301746142236,0.7649587173346245,1.853471457279599,3.383388891948848,5
scale_default,Epsilon_Greedy,epsilon=0.2,160,2.6228679716044536,0.7651823163653021,1.8576856552391514,3.388050287969756,5
scale_default,Epsilon_Greedy,epsilon=0.2,161,2.629544326326439,0.761863927715926,1.8676803986105128,3.391408254042365,5
scale_default,Epsilon_Greedy,epsilon=0.2,162,2.6440082983146387,0.7801303827599991,1.8638779155546397,3.4241386810746377,5
scale_default,Epsilon_Greedy,epsilon=0.2,163,2.651823821557328,0.7797775099000133,1.872046311657315,3.4316013314573413,5
scale_default,Epsilon_Greedy,epsilon=0.2,164,2.656515073956389,0.776098378663343,1.8804166952930461,3.4326134526197323,5
scale_default,Epsilon_Greedy,epsilon=0.2,165,2.669967310845966,0.7711770610556755,1.8987902497902907,3.4411443719016415,5
scale_default,Epsilon_Greedy,epsilon=0.2,166,2.7035574214928664,0.7595092288127298,1.9440481926801367,3.463066650305596,5
scale_default,Epsilon_Greedy,epsilon=0.2,167,2.7110314345236146,0.7615762615807116,1.949455172942903,3.472607696104326,5
scale_default,Epsilon_Greedy,epsilon=0.2,168,2.7141043889095466,0.7588268423734391,1.9552775465361076,3.4729312312829856,5
scale_default,Epsilon_Greedy,epsilon=0.2,169,2.7199013379129737,0.7533984166627221,1.9665029212502516,3.473299754575696,5
scale_default,Epsilon_Greedy,epsilon=0.2,170,2.739850646226646,0.7428892800891864,1.9969613661374597,3.4827399263158325,5
scale_default,Epsilon_Greedy,epsilon=0.2,171,2.748761554745554,0.7365461474053561,2.012215407340198,3.48530770215091,5
scale_default,Epsilon_Greedy,epsilon=0.2,172,2.7630802913054886,0.7316851897054448,2.0313951016000438,3.4947654810109334,5
scale_default,Epsilon_Greedy,epsilon=0.2,173,2.7697151268038103,0.7298628610763451,2.039852265727465,3.4995779878801554,5
scale_default,Epsilon_Greedy,epsilon=0.2,174,2.7773719961317527,0.7255890685678282,2.0517829275639246,3.502961064699581,5
scale_default,Epsilon_Greedy,epsilon=0.2,175,2.7797140570509193,0.7267789140906212,2.052935142960298,3.5064929711415407,5
scale_default,Epsilon_Greedy,epsilon=0.2,176,2.7929390952034843,0.7272600232557005,2.065679071947784,3.5201991184591845,5
scale_default,Epsilon_Greedy,epsilon=0.2,177,2.8016461814634153,0.7223777645195252,2.07926841694389,3.5240239459829406,5
scale_default,Epsilon_Greedy,epsilon=0.2,178,2.818279207309021,0.7062759488092518,2.112003258499769,3.524555156118273,5
scale_default,Epsilon_Greedy,epsilon=0.2,179,2.8283405386631566,0.7063169822261506,2.1220235564370062,3.534657520889307,5
scale_default,Epsilon_Greedy,epsilon=0.2,180,2.8385269387267256,0.7093656858752498,2.1291612528514756,3.5478926246019755,5
scale_default,Epsilon_Greedy,epsilon=0.2,181,2.843310442852833,0.7161860178980988,2.127124424954734,3.559496460750932,5
scale_default,Epsilon_Greedy,epsilon=0.2,182,2.8487744260336356,0.7106499940095172,2.138124432024118,3.559424420043153,5
scale_default,Epsilon_Greedy,epsilon=0.2,183,2.8536329194086556,0.7120911839814458,2.14154173542721,3.5657241033901013,5
scale_default,Epsilon_Greedy,epsilon=0.2,184,2.8569167336518766,0.7126667518603753,2.1442499817915013,3.569583485512252,5
scale_default,Epsilon_Greedy,epsilon=0.2,185,2.8591139036164366,0.7121832867163059,2.1469306169001308,3.5712971903327424,5
scale_default,Epsilon_Greedy,epsilon=0.2,186,2.869812967095208,0.7108982234826192,2.1589147436125886,3.5807111905778273,5
scale_default,Epsilon_Greedy,epsilon=0.2,187,2.873862785733599,0.7145138509908866,2.159348934742712,3.588376636724486,5
scale_default,Epsilon_Greedy,epsilon=0.2,188,2.878448374439133,0.7095149977326864,2.1689333767064465,3.58796337217182,5
scale_default,Epsilon_Greedy,epsilon=0.2,189,2.8883213796126714,0.71737723248701,2.1709441471256614,3.6056986120996815,5
scale_default,Epsilon_Greedy,epsilon=0.2,190,2.896209436311907,0.7205703265274032,2.1756391097845036,3.61677976283931,5
scale_default,Epsilon_Greedy,epsilon=0.2,191,2.899601974848029,0.7227861221756073,2.176815852672422,3.622388097023636,5
scale_default,Epsilon_Greedy,epsilon=0.2,192,2.9095801812069633,0.7188990328776848,2.1906811483292783,3.6284792140846482,5
scale_default,Epsilon_Greedy,epsilon=0.2,193,2.9296284712320793,0.7053479190483979,2.2242805521836813,3.6349763902804773,5
scale_default,Epsilon_Greedy,epsilon=0.2,194,2.9550869610932624,0.6858870784728909,2.2691998826203714,3.6409740395661534,5
scale_default,Epsilon_Greedy,epsilon=0.2,195,2.9589480073180967,0.684481134795275,2.274466872522822,3.6434291421133715,5
scale_default,Epsilon_Greedy,epsilon=0.2,196,2.9652743546628857,0.681557397468581,2.283716957194305,3.6468317521314666,5
scale_default,Epsilon_Greedy,epsilon=0.2,197,2.974077243807734,0.676357520185842,2.297719723621892,3.6504347639935757,5
scale_default,Epsilon_Greedy,epsilon=0.2,198,2.981334208350419,0.6768418601134086,2.3044923482370105,3.6581760684638276,5
scale_default,Epsilon_Greedy,epsilon=0.2,199,2.996165343637728,0.6808479833737601,2.315317360263968,3.677013327011488,5
scale_default,Epsilon_Greedy,epsilon=0.2,200,3.152740943492109,0.6470340829594495,2.5057068605326593,3.7997750264515586,5
scale_default,Epsilon_Greedy,epsilon=0.2,201,3.278998739564168,0.6896699755827982,2.58932876398137,3.9686687151469666,5
scale_default,Epsilon_Greedy,epsilon=0.2,202,3.468723633279969,0.6371655746030975,2.8315580586768716,4.105889207883067,5
scale_default,Epsilon_Greedy,epsilon=0.2,203,3.5999585026245797,0.6747482024479221,2.9252103001766576,4.274706705072502,5
scale_default,Epsilon_Greedy,epsilon=0.2,204,3.735999726694387,0.7224387395294803,3.0135609871649067,4.458438466223868,5
scale_default,Epsilon_Greedy,epsilon=0.2,205,3.8160881853644115,0.7003173629217757,3.1157708224426357,4.516405548286187,5
scale_default,Epsilon_Greedy,epsilon=0.2,206,4.192824486613887,0.5218513645414417,3.670973122072445,4.714675851155328,5
scale_default,Epsilon_Greedy,epsilon=0.2,207,4.342532507793392,0.4373981311794255,3.905134376613966,4.779930638972817,5
scale_default,Epsilon_Greedy,epsilon=0.2,208,4.471745505173371,0.4241697344984379,4.047575770674933,4.895915239671809,5
scale_default,Epsilon_Greedy,epsilon=0.2,209,4.685418077263391,0.30799993928954905,4.377418137973842,4.99341801655294,5
scale_default,Epsilon_Greedy,epsilon=0.2,210,4.810100986801714,0.3737669322612345,4.43633405454048,5.183867919062949,5
scale_default,Epsilon_Greedy,epsilon=0.2,211,5.0679663010100295,0.4349748676427272,4.632991433367303,5.5029411686527565,5
scale_default,Epsilon_Greedy,epsilon=0.2,212,5.160736892081257,0.4380658607542516,4.722671031327005,5.598802752835509,5
scale_default,Epsilon_Greedy,epsilon=0.2,213,5.274446558036608,0.3690693477075989,4.905377210329009,5.6435159057442075,5
scale_default,Epsilon_Greedy,epsilon=0.2,214,5.513512383021775,0.36601158352836693,5.147500799493407,5.879523966550142,5
scale_default,Epsilon_Greedy,epsilon=0.2,215,5.741266197978553,0.4540708161252035,5.2871953818533495,6.195337014103757,5
scale_default,Epsilon_Greedy,epsilon=0.2,216,5.94141256759875,0.44839999529273283,5.493012572306017,6.389812562891483,5
scale_default,Epsilon_Greedy,epsilon=0.2,217,6.159724764157869,0.3593417986575537,5.800382965500315,6.519066562815423,5
scale_default,Epsilon_Greedy,epsilon=0.2,218,6.356125960564075,0.4439369984746549,5.91218896208942,6.80006295903873,5
scale_default,Epsilon_Greedy,epsilon=0.2,219,6.63084290606337,0.537263846636125,6.0935790594272445,7.168106752699495,5
scale_default,Epsilon_Greedy,epsilon=0.2,220,6.801081778455009,0.643358014131333,6.157723764323676,7.4444397925863415,5
scale_default,Epsilon_Greedy,epsilon=0.2,221,6.974453458937857,0.5470657299997154,6.427387728938141,7.521519188937573,5
scale_default,Epsilon_Greedy,epsilon=0.2,222,7.12733287697319,0.5704093165919677,6.556923560381223,7.6977421935651575,5
scale_default,Epsilon_Greedy,epsilon=0.2,223,7.261680489950601,0.5857673992879181,6.675913090662683,7.847447889238519,5
scale_default,Epsilon_Greedy,epsilon=0.2,224,7.3616061574058165,0.6181208362631377,6.743485321142678,7.9797269936689545,5
scale_default,Epsilon_Greedy,epsilon=0.2,225,7.609316814603763,0.6311851902267674,6.978131624376996,8.24050200483053,5
scale_default,Epsilon_Greedy,epsilon=0.2,226,7.821405910929862,0.6933398314757863,7.128066079454076,8.514745742405648,5
scale_default,Epsilon_Greedy,epsilon=0.2,227,7.9469879836648145,0.7530655618384134,7.193922421826401,8.700053545503227,5
scale_default,Epsilon_Greedy,epsilon=0.2,228,8.114568309443616,0.704136005442112,7.410432304001504,8.818704314885728,5
scale_default,Epsilon_Greedy,epsilon=0.2,229,8.234692703560807,0.7221236151226506,7.512569088438156,8.956816318683458,5
scale_default,Epsilon_Greedy,epsilon=0.2,230,8.398585325306291,0.7465832390984786,7.652002086207812,9.14516856440477,5
scale_default,Epsilon_Greedy,epsilon=0.2,231,8.48879134963818,0.808423684154774,7.6803676654834065,9.297215033792954,5
scale_default,Epsilon_Greedy,epsilon=0.2,232,8.692685396216266,0.8174406728054869,7.875244723410779,9.510126069021753,5
scale_default,Epsilon_Greedy,epsilon=0.2,233,8.780652325489283,0.8149945681111214,7.965657757378162,9.595646893600405,5
scale_default,Epsilon_Greedy,epsilon=0.2,234,8.980249456988371,0.9649303617484457,8.015319095239926,9.945179818736817,5
scale_default,Epsilon_Greedy,epsilon=0.2,235,9.139932730073133,0.9453656745341404,8.194567055538991,10.085298404607274,5
scale_default,Epsilon_Greedy,epsilon=0.2,236,9.191335030798268,0.8691142344294038,8.322220796368864,10.060449265227671,5
scale_default,Epsilon_Greedy,epsilon=0.2,237,9.298292019338783,0.9314667238619436,8.36682529547684,10.229758743200726,5
scale_default,Epsilon_Greedy,epsilon=0.2,238,9.428284014667497,0.9766949933760332,8.451589021291465,10.40497900804353,5
scale_default,Epsilon_Greedy,epsilon=0.2,239,9.673605951691448,0.9021858683256961,8.77142008336575,10.575791820017145,5
scale_default,Epsilon_Greedy,epsilon=0.2,240,9.817166492297265,0.8992442985526568,8.917922193744609,10.71641079084992,5
scale_default,Epsilon_Greedy,epsilon=0.2,241,9.979882617038859,0.8682722174624513,9.111610399576408,10.84815483450131,5
scale_default,Epsilon_Greedy,epsilon=0.2,242,10.085325451283165,0.892488767954856,9.19283668332831,10.97781421923802,5
scale_default,Epsilon_Greedy,epsilon=0.2,243,10.267516331596124,0.8516006738030726,9.41591565779305,11.119117005399197,5
scale_default,Epsilon_Greedy,epsilon=0.2,244,10.390990660700712,0.8008899922675766,9.590100668433136,11.191880652968289,5
scale_default,Epsilon_Greedy,epsilon=0.2,245,10.494822226128745,0.7786726639516011,9.716149562177144,11.273494890080347,5
scale_default,Epsilon_Greedy,epsilon=0.2,246,10.686250513972126,0.6713365756106356,10.014913938361492,11.357587089582761,5
scale_default,Epsilon_Greedy,epsilon=0.2,247,10.791289365835581,0.7153993293311537,10.075890036504427,11.506688695166735,5
scale_default,Epsilon_Greedy,epsilon=0.2,248,10.94957696554879,0.6417624447708519,10.307814520777939,11.591339410319641,5
scale_default,Epsilon_Greedy,epsilon=0.2,249,11.111008494282228,0.6501121068116231,10.460896387470605,11.76112060109385,5
scale_default,Epsilon_Greedy,epsilon=0.2,250,11.250341376277058,0.6984284430535558,10.551912933223502,11.948769819330614,5
scale_default,Epsilon_Greedy,epsilon=0.2,251,11.42782405500789,0.8347436769111164,10.593080378096772,12.262567731919006,5
scale_default,Epsilon_Greedy,epsilon=0.2,252,11.633228057867843,0.8747634916206055,10.758464566247238,12.507991549488448,5
scale_default,Epsilon_Greedy,epsilon=0.2,253,11.756974088735749,0.8814761733936362,10.875497915342113,12.638450262129385,5
scale_default,Epsilon_Greedy,epsilon=0.2,254,11.888342699239738,0.8892983611742263,10.999044338065511,12.777641060413965,5
scale_default,Epsilon_Greedy,epsilon=0.2,255,12.024630938230198,0.9872876552689095,11.037343282961288,13.011918593499107,5
scale_default,Epsilon_Greedy,epsilon=0.2,256,12.174262415102252,0.9723346620280872,11.201927753074164,13.14659707713034,5
scale_default,Epsilon_Greedy,epsilon=0.2,257,12.459310076082929,0.8373047890044113,11.622005287078517,13.29661486508734,5
scale_default,Epsilon_Greedy,epsilon=0.2,258,12.5387818014874,0.7850281970723803,11.753753604415019,13.32380999855978,5
scale_default,Epsilon_Greedy,epsilon=0.2,259,12.644721239110336,0.8788152995627844,11.765905939547551,13.52353653867312,5
scale_default,Epsilon_Greedy,epsilon=0.2,260,12.871821295365018,0.860649927580755,12.011171367784263,13.732471222945774,5
scale_default,Epsilon_Greedy,epsilon=0.2,261,13.096546559961052,0.891199630432049,12.205346929529004,13.9877461903931,5
scale_default,Epsilon_Greedy,epsilon=0.2,262,13.17475289634211,0.8675610860507361,12.307191810291373,14.042313982392846,5
scale_default,Epsilon_Greedy,epsilon=0.2,263,13.32187680792183,0.8398873796844056,12.481989428237425,14.161764187606236,5
scale_default,Epsilon_Greedy,epsilon=0.2,264,13.471040757294404,0.8790502999136689,12.591990457380735,14.350091057208072,5
scale_default,Epsilon_Greedy,epsilon=0.2,265,13.582289933678112,0.8641793100475262,12.718110623630587,14.446469243725637,5
scale_default,Epsilon_Greedy,epsilon=0.2,266,13.729437046590169,0.8979158696703171,12.831521176919852,14.627352916260486,5
scale_default,Epsilon_Greedy,epsilon=0.2,267,13.859526414242191,0.9232330750753235,12.936293339166868,14.782759489317515,5
scale_default,Epsilon_Greedy,epsilon=0.2,268,14.014092512933502,0.8322225040722412,13.18187000886126,14.846315017005743,5
scale_default,Epsilon_Greedy,epsilon=0.2,269,14.206649126759231,1.0160103717441942,13.190638755015037,15.222659498503425,5
scale_default,Epsilon_Greedy,epsilon=0.2,270,14.329043169447086,0.9568822645869495,13.372160904860136,15.285925434034036,5
scale_default,Epsilon_Greedy,epsilon=0.2,271,14.488363433704611,1.0404499786040318,13.44791345510058,15.528813412308644,5
scale_default,Epsilon_Greedy,epsilon=0.2,272,14.789551307869175,1.0361811978800046,13.75337010998917,15.82573250574918,5
scale_default,Epsilon_Greedy,epsilon=0.2,273,14.989501715636607,1.1128407078314253,13.87666100780518,16.10234242346803,5
scale_default,Epsilon_Greedy,epsilon=0.2,274,15.280959607640161,1.2890282995761901,13.991931308063972,16.56998790721635,5
scale_default,Epsilon_Greedy,epsilon=0.2,275,15.527622026040621,1.3023717293359955,14.225250296704626,16.829993755376616,5
scale_default,Epsilon_Greedy,epsilon=0.2,276,15.675423808369967,1.3102688083521645,14.365155000017802,16.985692616722133,5
scale_default,Epsilon_Greedy,epsilon=0.2,277,15.862327935010873,1.3748444603917969,14.487483474619076,17.23717239540267,5
scale_default,Epsilon_Greedy,epsilon=0.2,278,16.022570693137723,1.360727612486104,14.66184308065162,17.38329830562383,5
scale_default,Epsilon_Greedy,epsilon=0.2,279,16.183838823088145,1.3085466300681232,14.875292193020021,17.492385453156267,5
scale_default,Epsilon_Greedy,epsilon=0.2,280,16.382052779346445,1.246362455237104,15.13569032410934,17.62841523458355,5
scale_default,Epsilon_Greedy,epsilon=0.2,281,16.51901472445899,1.2882649958157406,15.23074972864325,17.80727972027473,5
scale_default,Epsilon_Greedy,epsilon=0.2,282,16.70381132986398,1.3404108106493569,15.363400519214625,18.044222140513337,5
scale_default,Epsilon_Greedy,epsilon=0.2,283,16.789728782656077,1.312002920678827,15.47772586197725,18.101731703334906,5
scale_default,Epsilon_Greedy,epsilon=0.2,284,17.011506293082455,1.3878434457495492,15.623662847332906,18.399349738832004,5
scale_default,Epsilon_Greedy,epsilon=0.2,285,17.103576848209105,1.3992071302852627,15.704369717923843,18.502783978494367,5
scale_default,Epsilon_Greedy,epsilon=0.2,286,17.313311349386602,1.475827380593433,15.837483968793169,18.789138729980035,5
scale_default,Epsilon_Greedy,epsilon=0.2,287,17.51603801428641,1.5370894455350081,15.9789485687514,19.053127459821418,5
scale_default,Epsilon_Greedy,epsilon=0.2,288,17.71499866895183,1.6178716901415913,16.097126978810238,19.33287035909342,5
scale_default,Epsilon_Greedy,epsilon=0.2,289,17.774781556785626,1.6251401659045275,16.1496413908811,19.399921722690152,5
scale_default,Epsilon_Greedy,epsilon=0.2,290,18.01847793576121,1.7190876761900848,16.299390259571126,19.737565611951297,5
scale_default,Epsilon_Greedy,epsilon=0.2,291,18.16353253942447,1.7082233483115914,16.455309191112878,19.87175588773606,5
scale_default,Epsilon_Greedy,epsilon=0.2,292,18.21174311134717,1.6732926291322505,16.53845048221492,19.885035740479424,5
scale_default,Epsilon_Greedy,epsilon=0.2,293,18.347915200143483,1.675460005256349,16.672455194887135,20.02337520539983,5
scale_default,Epsilon_Greedy,epsilon=0.2,294,18.45940224976066,1.6001024497232499,16.859299800037412,20.05950469948391,5
scale_default,Epsilon_Greedy,epsilon=0.2,295,18.60780002328152,1.5763573337754748,17.031442689506044,20.184157357056996,5
scale_default,Epsilon_Greedy,epsilon=0.2,296,18.85546896421069,1.5475513614689624,17.30791760274173,20.403020325679652,5
scale_default,Epsilon_Greedy,epsilon=0.2,297,19.04671081824207,1.6702912486443549,17.376419569597715,20.717002066886423,5
scale_default,Epsilon_Greedy,epsilon=0.2,298,19.13846739045625,1.6830742066923865,17.455393183763864,20.821541597148634,5
scale_default,Epsilon_Greedy,epsilon=0.2,299,19.3623676298922,1.6885423924541776,17.673825237438024,21.05091002234638,5
scale_default,Epsilon_Greedy,epsilon=0.2,300,19.537989229038345,1.657717840196984,17.88027138884136,21.19570706923533,5
scale_default,Epsilon_Greedy,epsilon=0.2,301,19.71407106382941,1.6784643446798388,18.035606719149573,21.39253540850925,5
scale_default,Epsilon_Greedy,epsilon=0.2,302,19.8377171734581,1.6429633440860527,18.194753829372047,21.48068051754415,5
scale_default,Epsilon_Greedy,epsilon=0.2,303,19.989407072981713,1.6703153565041446,18.31909171647757,21.659722429485857,5
scale_default,Epsilon_Greedy,epsilon=0.2,304,20.197142395894396,1.6690057469532245,18.52813664894117,21.86614814284762,5
scale_default,Epsilon_Greedy,epsilon=0.2,305,20.351148997712208,1.699873720171603,18.651275277540606,22.05102271788381,5
scale_default,Epsilon_Greedy,epsilon=0.2,306,20.58748466412528,1.749701645585437,18.837783018539845,22.337186309710717,5
scale_default,Epsilon_Greedy,epsilon=0.2,307,20.721606309035273,1.718385635061067,19.003220673974205,22.43999194409634,5
scale_default,Epsilon_Greedy,epsilon=0.2,308,20.891191210546943,1.7604648973253507,19.130726313221594,22.65165610787229,5
scale_default,Epsilon_Greedy,epsilon=0.2,309,21.063885398197062,1.8303805633178147,19.23350483487925,22.894265961514876,5
scale_default,Epsilon_Greedy,epsilon=0.2,310,21.224178429040627,1.8069485323556287,19.417229896684997,23.031126961396257,5
scale_default,Epsilon_Greedy,epsilon=0.2,311,21.37792263203169,1.8557772586894938,19.522145373342198,23.233699890721184,5
scale_default,Epsilon_Greedy,epsilon=0.2,312,21.504516553184875,1.8016612885200307,19.702855264664844,23.306177841704905,5
scale_default,Epsilon_Greedy,epsilon=0.2,313,21.59214447616804,1.7984478242477944,19.793696651920246,23.390592300415836,5
scale_default,Epsilon_Greedy,epsilon=0.2,314,21.738009469508814,1.8228573125079768,19.915152157000836,23.56086678201679,5
scale_default,Epsilon_Greedy,epsilon=0.2,315,21.968868445582473,1.8152964445666326,20.15357200101584,23.784164890149107,5
scale_default,Epsilon_Greedy,epsilon=0.2,316,22.21698595847831,1.8045202981421449,20.412465660336167,24.021506256620455,5
scale_default,Epsilon_Greedy,epsilon=0.2,317,22.41094920213211,1.8923902299058235,20.518558972226284,24.303339432037934,5
scale_default,Epsilon_Greedy,epsilon=0.2,318,22.585209596556194,1.9154843533765382,20.669725243179656,24.50069394993273,5
scale_default,Epsilon_Greedy,epsilon=0.2,319,22.756343735760648,1.9543367381064056,20.802006997654242,24.710680473867054,5
scale_default,Epsilon_Greedy,epsilon=0.2,320,22.923024358094125,1.9367241379587727,20.98630022013535,24.859748496052898,5
scale_default,Epsilon_Greedy,epsilon=0.2,321,23.169290905281397,1.9408295327638985,21.228461372517497,25.110120438045296,5
scale_default,Epsilon_Greedy,epsilon=0.2,322,23.357599959272257,1.9048565535874324,21.452743405684824,25.26245651285969,5
scale_default,Epsilon_Greedy,epsilon=0.2,323,23.482316623023358,1.9592214746417669,21.523095148381593,25.441538097665124,5
scale_default,Epsilon_Greedy,epsilon=0.2,324,23.738555032918885,1.9449601225311226,21.793594910387764,25.683515155450007,5
scale_default,Epsilon_Greedy,epsilon=0.2,325,23.909282916317085,1.9661286376639968,21.94315427865309,25.87541155398108,5
scale_default,Epsilon_Greedy,epsilon=0.2,326,24.045979677771655,2.0187042110403013,22.027275466731354,26.064683888811956,5
scale_default,Epsilon_Greedy,epsilon=0.2,327,24.21889531121827,2.027300485527607,22.19159482569066,26.246195796745877,5
scale_default,Epsilon_Greedy,epsilon=0.2,328,24.409451172223193,2.103141063822473,22.30631010840072,26.512592236045666,5
scale_default,Epsilon_Greedy,epsilon=0.2,329,24.500382801968634,2.140969441862785,22.359413360105847,26.64135224383142,5
scale_default,Epsilon_Greedy,epsilon=0.2,330,24.62539095907602,2.21452023978132,22.410870719294703,26.83991119885734,5
scale_default,Epsilon_Greedy,epsilon=0.2,331,24.756720531914517,2.1903961185470155,22.566324413367504,26.94711665046153,5
scale_default,Epsilon_Greedy,epsilon=0.2,332,24.893420655521197,2.211421008167635,22.681999647353564,27.10484166368883,5
scale_default,Epsilon_Greedy,epsilon=0.2,333,25.089703549004412,2.1512830171075086,22.938420531896902,27.24098656611192,5
scale_default,Epsilon_Greedy,epsilon=0.2,334,25.21654276197892,2.199059901530513,23.017482860448407,27.415602663509436,5
scale_default,Epsilon_Greedy,epsilon=0.2,335,25.399239514978554,2.3264204927586296,23.072819022219925,27.725660007737183,5
scale_default,Epsilon_Greedy,epsilon=0.2,336,25.534942009505414,2.4093987959207346,23.12554321358468,27.944340805426148,5
scale_default,Epsilon_Greedy,epsilon=0.2,337,25.725415340367316,2.483672318556993,23.241743021810322,28.20908765892431,5
scale_default,Epsilon_Greedy,epsilon=0.2,338,25.88505902355564,2.59360670412773,23.29145231942791,28.47866572768337,5
scale_default,Epsilon_Greedy,epsilon=0.2,339,25.997411675122816,2.528741791054702,23.468669884068113,28.52615346617752,5
scale_default,Epsilon_Greedy,epsilon=0.2,340,26.207921462624636,2.5361979575919102,23.671723505032727,28.744119420216546,5
scale_default,Epsilon_Greedy,epsilon=0.2,341,26.435488366905474,2.7130727349963166,23.722415631909158,29.14856110190179,5
scale_default,Epsilon_Greedy,epsilon=0.2,342,26.701527549624643,2.775579764221273,23.92594778540337,29.477107313845917,5
scale_default,Epsilon_Greedy,epsilon=0.2,343,26.845720283971424,2.7806293567651204,24.065090927206302,29.626349640736546,5
scale_default,Epsilon_Greedy,epsilon=0.2,344,26.935982794233205,2.7672313616056714,24.168751432627534,29.703214155838875,5
scale_default,Epsilon_Greedy,epsilon=0.2,345,27.03321442046403,2.7899247917397956,24.243289628724234,29.823139212203827,5
scale_default,Epsilon_Greedy,epsilon=0.2,346,27.123805812970254,2.7668698739571465,24.356935939013105,29.890675686927402,5
scale_default,Epsilon_Greedy,epsilon=0.2,347,27.274301950060867,2.7896855870117983,24.484616363049067,30.063987537072666,5
scale_default,Epsilon_Greedy,epsilon=0.2,348,27.46532268352762,2.787560093795876,24.677762589731746,30.252882777323496,5
scale_default,Epsilon_Greedy,epsilon=0.2,349,27.604539264236102,2.857590391077995,24.746948873158107,30.462129655314097,5
scale_default,Epsilon_Greedy,epsilon=0.2,350,27.707152661053623,2.8529230370725105,24.854229623981112,30.560075698126134,5
scale_default,Epsilon_Greedy,epsilon=0.2,351,27.769872835939804,2.827058149013387,24.94281468692642,30.59693098495319,5
scale_default,Epsilon_Greedy,epsilon=0.2,352,27.869767063086208,2.8684161583018173,25.001350904784392,30.738183221388024,5
scale_default,Epsilon_Greedy,epsilon=0.2,353,27.93611296658596,2.877530422067267,25.058582544518693,30.813643388653226,5
scale_default,Epsilon_Greedy,epsilon=0.2,354,28.244499471071265,2.7892393022534443,25.45526016881782,31.03373877332471,5
scale_default,Epsilon_Greedy,epsilon=0.2,355,28.385403840883917,2.8347713368541343,25.55063250402978,31.220175177738053,5
scale_default,Epsilon_Greedy,epsilon=0.2,356,28.557721263610585,2.9165781815849074,25.64114308202568,31.47429944519549,5
scale_default,Epsilon_Greedy,epsilon=0.2,357,28.704289483144493,2.8833643882385966,25.820925094905895,31.58765387138309,5
scale_default,Epsilon_Greedy,epsilon=0.2,358,28.970682075576992,2.9701466747423257,26.000535400834664,31.94082875031932,5
scale_default,Epsilon_Greedy,epsilon=0.2,359,29.066263263062734,3.0185791088914593,26.047684154171275,32.084842371954196,5
scale_default,Epsilon_Greedy,epsilon=0.2,360,29.326746927595128,3.0815373691233843,26.245209558471743,32.40828429671851,5
scale_default,Epsilon_Greedy,epsilon=0.2,361,29.378766420383293,3.082843115335451,26.295923305047843,32.46160953571874,5
scale_default,Epsilon_Greedy,epsilon=0.2,362,29.4975189254446,3.0238924457585803,26.47362647968602,32.52141137120318,5
scale_default,Epsilon_Greedy,epsilon=0.2,363,29.770329907143406,3.2340517525380608,26.536278154605345,33.004381659681464,5
scale_default,Epsilon_Greedy,epsilon=0.2,364,29.900527177997873,3.2095534304455864,26.690973747552285,33.11008060844346,5
scale_default,Epsilon_Greedy,epsilon=0.2,365,30.05532359277234,3.2280331159050073,26.827290476867333,33.283356708677346,5
scale_default,Epsilon_Greedy,epsilon=0.2,366,30.264627658274264,3.108378514855947,27.156249143418318,33.373006173130214,5
scale_default,Epsilon_Greedy,epsilon=0.2,367,30.40050710634275,3.121249515852001,27.27925759049075,33.52175662219475,5
scale_default,Epsilon_Greedy,epsilon=0.2,368,30.649537430080805,2.9865159831485477,27.66302144693226,33.636053413229355,5
scale_default,Epsilon_Greedy,epsilon=0.2,369,30.79783266989609,2.876769744761517,27.92106292513457,33.674602414657606,5
scale_default,Epsilon_Greedy,epsilon=0.2,370,31.038686861440283,2.7515051655863143,28.287181695853967,33.7901920270266,5
scale_default,Epsilon_Greedy,epsilon=0.2,371,31.30058570604358,2.8835512948811304,28.41703441116245,34.184137000924714,5
scale_default,Epsilon_Greedy,epsilon=0.2,372,31.433505161687528,2.8793911048031697,28.55411405688436,34.3128962664907,5
scale_default,Epsilon_Greedy,epsilon=0.2,373,31.64662045210457,3.0151065481287675,28.631513903975804,34.66172700023334,5
scale_default,Epsilon_Greedy,epsilon=0.2,374,31.799759843182567,3.0003256898114983,28.79943415337107,34.80008553299407,5
scale_default,Epsilon_Greedy,epsilon=0.2,375,32.0048105287669,3.0576849405765003,28.947125588190403,35.0624954693434,5
scale_default,Epsilon_Greedy,epsilon=0.2,376,32.23729968358829,3.128420026684099,29.10887965690419,35.36571971027239,5
scale_default,Epsilon_Greedy,epsilon=0.2,377,32.39155491840226,3.1402655780786075,29.25128934032365,35.53182049648086,5
scale_default,Epsilon_Greedy,epsilon=0.2,378,32.56743082208295,3.1766449408478725,29.390785881235075,35.74407576293082,5
scale_default,Epsilon_Greedy,epsilon=0.2,379,32.82897112242756,3.109752999014059,29.7192181234135,35.938724121441616,5
scale_default,Epsilon_Greedy,epsilon=0.2,380,33.066834050934574,3.0468746399814215,30.019959410953152,36.113708690916,5
scale_default,Epsilon_Greedy,epsilon=0.2,381,33.17645092617583,3.0676309757005833,30.108819950475247,36.24408190187641,5
scale_default,Epsilon_Greedy,epsilon=0.2,382,33.2829253288822,3.1048749196980836,30.178050409184117,36.387800248580284,5
scale_default,Epsilon_Greedy,epsilon=0.2,383,33.39468824613825,3.1626349473466253,30.232053298791627,36.557323193484876,5
scale_default,Epsilon_Greedy,epsilon=0.2,384,33.49314426728405,3.143390880811543,30.349753386472507,36.6365351480956,5
scale_default,Epsilon_Greedy,epsilon=0.2,385,33.647893992603805,3.1688465534982164,30.47904743910559,36.816740546102025,5
scale_default,Epsilon_Greedy,epsilon=0.2,386,33.740830082760134,3.0842134447465774,30.656616638013556,36.82504352750671,5
scale_default,Epsilon_Greedy,epsilon=0.2,387,33.932559405382726,3.0990744038005587,30.83348500158217,37.03163380918328,5
scale_default,Epsilon_Greedy,epsilon=0.2,388,34.13981138116248,3.1620389673879745,30.977772413774506,37.30185034855045,5
scale_default,Epsilon_Greedy,epsilon=0.2,389,34.36570274378572,3.1607918485675146,31.204910895218205,37.52649459235323,5
scale_default,Epsilon_Greedy,epsilon=0.2,390,34.51265943098268,3.156640957588893,31.35601847339379,37.66930038857157,5
scale_default,Epsilon_Greedy,epsilon=0.2,391,34.710521588860395,3.077987412451126,31.63253417640927,37.788509001311525,5
scale_default,Epsilon_Greedy,epsilon=0.2,392,34.88955594772002,3.186262946401621,31.7032930013184,38.07581889412164,5
scale_default,Epsilon_Greedy,epsilon=0.2,393,35.089837823827594,3.226128960654758,31.863708863172835,38.31596678448235,5
scale_default,Epsilon_Greedy,epsilon=0.2,394,35.23414657990905,3.304724990782461,31.92942158912659,38.53887157069151,5
scale_default,Epsilon_Greedy,epsilon=0.2,395,35.3423706138064,3.3289644365619027,32.0134061772445,38.671335050368306,5
scale_default,Epsilon_Greedy,epsilon=0.2,396,35.437515979266195,3.3746827113105162,32.06283326795568,38.81219869057671,5
scale_default,Epsilon_Greedy,epsilon=0.2,397,35.57880521541264,3.403753126613451,32.17505208879919,38.982558342026095,5
scale_default,Epsilon_Greedy,epsilon=0.2,398,35.76156197497407,3.374987382240618,32.38657459273345,39.13654935721469,5
scale_default,Epsilon_Greedy,epsilon=0.2,399,35.925241030619475,3.366352194417475,32.558888836202,39.29159322503695,5
scale_default,Epsilon_Greedy,epsilon=0.2,400,36.09535346594899,3.4052960296307915,32.6900574363182,39.50064949557978,5
scale_default,Epsilon_Greedy,epsilon=0.2,401,36.241536834478026,3.387635694060062,32.85390114041797,39.629172528538085,5
scale_default,Epsilon_Greedy,epsilon=0.2,402,36.42156009098835,3.4330821771448767,32.988477913843475,39.854642268133226,5
scale_default,Epsilon_Greedy,epsilon=0.2,403,36.556774974866755,3.390930855362963,33.165844119503795,39.947705830229715,5
scale_default,Epsilon_Greedy,epsilon=0.2,404,36.77386317800225,3.3974392031050207,33.37642397489723,40.171302381107274,5
scale_default,Epsilon_Greedy,epsilon=0.2,405,36.952335140923196,3.450477742346326,33.501857398576874,40.40281288326952,5
scale_default,Epsilon_Greedy,epsilon=0.2,406,37.04776647049226,3.398834579814339,33.64893189067792,40.446601050306604,5
scale_default,Epsilon_Greedy,epsilon=0.2,407,37.21574362001475,3.2887486296531327,33.926994990361614,40.504492249667884,5
scale_default,Epsilon_Greedy,epsilon=0.2,408,37.3312213935378,3.289790659181619,34.04143073435618,40.62101205271942,5
scale_default,Epsilon_Greedy,epsilon=0.2,409,37.41756086914817,3.305815058991194,34.111745810156975,40.72337592813936,5
scale_default,Epsilon_Greedy,epsilon=0.2,410,37.588245295224816,3.307538478269675,34.28070681695514,40.89578377349449,5
scale_default,Epsilon_Greedy,epsilon=0.2,411,37.73707368617506,3.2653042981041724,34.47176938807089,41.00237798427923,5
scale_default,Epsilon_Greedy,epsilon=0.2,412,37.97662702789134,3.2592530134977444,34.7173740143936,41.23588004138908,5
scale_default,Epsilon_Greedy,epsilon=0.2,413,38.09401603175833,3.2749481189828575,34.81906791277547,41.368964150741185,5
scale_default,Epsilon_Greedy,epsilon=0.2,414,38.239361989412245,3.295948167590524,34.94341382182172,41.53531015700277,5
scale_default,Epsilon_Greedy,epsilon=0.2,415,38.398915151338834,3.3044017105974164,35.094513440741416,41.70331686193625,5
scale_default,Epsilon_Greedy,epsilon=0.2,416,38.64662577009712,3.328137442504479,35.31848832759264,41.974763212601594,5
scale_default,Epsilon_Greedy,epsilon=0.2,417,38.784118080144445,3.2527206148232564,35.53139746532119,42.0368386949677,5
scale_default,Epsilon_Greedy,epsilon=0.2,418,39.07317321324372,3.4243000660610776,35.64887314718264,42.4974732793048,5
scale_default,Epsilon_Greedy,epsilon=0.2,419,39.18543504124709,3.4702134647107643,35.71522157653632,42.655648505957856,5
scale_default,Epsilon_Greedy,epsilon=0.2,420,39.450205588129265,3.4781368486192834,35.97206873950998,42.92834243674855,5
scale_default,Epsilon_Greedy,epsilon=0.2,421,39.6806032080405,3.3843081468329745,36.29629506120753,43.06491135487347,5
scale_default,Epsilon_Greedy,epsilon=0.2,422,39.90976943318261,3.4066772365678046,36.50309219661481,43.31644666975041,5
scale_default,Epsilon_Greedy,epsilon=0.2,423,40.17853322314175,3.2766873811698334,36.90184584197191,43.455220604311585,5
scale_default,Epsilon_Greedy,epsilon=0.2,424,40.27572457001046,3.2819676080992957,36.99375696191117,43.557692178109754,5
scale_default,Epsilon_Greedy,epsilon=0.2,425,40.40958950078375,3.3571627654906235,37.05242673529313,43.76675226627437,5
scale_default,Epsilon_Greedy,epsilon=0.2,426,40.700781300277995,3.252682858023344,37.448098442254654,43.95346415830134,5
scale_default,Epsilon_Greedy,epsilon=0.2,427,40.837962725185456,3.3810289480399516,37.4569337771455,44.21899167322541,5
scale_default,Epsilon_Greedy,epsilon=0.2,428,41.0365704428738,3.4452574203669935,37.59131302250681,44.481827863240795,5
scale_default,Epsilon_Greedy,epsilon=0.2,429,41.252758443124414,3.310249529335118,37.9425089137893,44.56300797245953,5
scale_default,Epsilon_Greedy,epsilon=0.2,430,41.47852128458909,3.1741401465945516,38.30438113799454,44.652661431183645,5
scale_default,Epsilon_Greedy,epsilon=0.2,431,41.551805191109324,3.1337307587638707,38.418074432345456,44.68553594987319,5
scale_default,Epsilon_Greedy,epsilon=0.2,432,41.67920063207014,3.139046146574348,38.54015448549579,44.81824677864449,5
scale_default,Epsilon_Greedy,epsilon=0.2,433,41.779136385371416,3.2347978997428033,38.544338485628614,45.01393428511422,5
scale_default,Epsilon_Greedy,epsilon=0.2,434,41.95155466556881,3.181494356819785,38.770060308749024,45.13304902238859,5
scale_default,Epsilon_Greedy,epsilon=0.2,435,42.09912313109953,3.26325530280199,38.835867828297545,45.36237843390152,5
scale_default,Epsilon_Greedy,epsilon=0.2,436,42.2937073515836,3.3233532945136925,38.970354057069905,45.61706064609729,5
scale_default,Epsilon_Greedy,epsilon=0.2,437,42.501362452015364,3.2813380323834993,39.22002441963186,45.782700484398866,5
scale_default,Epsilon_Greedy,epsilon=0.2,438,42.66199255100967,3.1633233857480034,39.49866916526167,45.82531593675767,5
scale_default,Epsilon_Greedy,epsilon=0.2,439,42.82425586849749,3.074282414845098,39.74997345365239,45.89853828334259,5
scale_default,Epsilon_Greedy,epsilon=0.2,440,42.990178062468566,3.1083068169219175,39.88187124554665,46.09848487939048,5
scale_default,Epsilon_Greedy,epsilon=0.2,441,43.203655114449845,3.136247839516979,40.06740727493287,46.33990295396682,5
scale_default,Epsilon_Greedy,epsilon=0.2,442,43.40489285011305,3.1794118012767516,40.2254810488363,46.5843046513898,5
scale_default,Epsilon_Greedy,epsilon=0.2,443,43.70955488334653,3.288474214204647,40.42108066914188,46.998029097551175,5
scale_default,Epsilon_Greedy,epsilon=0.2,444,44.00661484420995,3.360520774829813,40.64609406938013,47.367135619039765,5
scale_default,Epsilon_Greedy,epsilon=0.2,445,44.24375503741476,3.363962683865381,40.87979235354938,47.60771772128014,5
scale_default,Epsilon_Greedy,epsilon=0.2,446,44.32537960298096,3.394688977873565,40.930690625107395,47.72006858085452,5
scale_default,Epsilon_Greedy,epsilon=0.2,447,44.47061908493284,3.441509030513799,41.02911005441904,47.91212811544664,5
scale_default,Epsilon_Greedy,epsilon=0.2,448,44.63371822780207,3.3577194888713513,41.27599873893072,47.991437716673424,5
scale_default,Epsilon_Greedy,epsilon=0.2,449,44.90215444847415,3.28882378655427,41.61333066191988,48.19097823502842,5
scale_default,Epsilon_Greedy,epsilon=0.2,450,45.03088406795526,3.258433527704455,41.77245054025081,48.28931759565972,5
scale_default,Epsilon_Greedy,epsilon=0.2,451,45.17020139489079,3.268223360650349,41.90197803424044,48.438424755541135,5
scale_default,Epsilon_Greedy,epsilon=0.2,452,45.20426059117671,3.2593052087771452,41.94495538239957,48.463565799953855,5
scale_default,Epsilon_Greedy,epsilon=0.2,453,45.387149169552806,3.2615344690254924,42.125614700527315,48.6486836385783,5
scale_default,Epsilon_Greedy,epsilon=0.2,454,45.49562755279901,3.176758404519501,42.318869148279504,48.67238595731851,5
scale_default,Epsilon_Greedy,epsilon=0.2,455,45.597555909745424,3.12666441628296,42.47089149346246,48.72422032602839,5
scale_default,Epsilon_Greedy,epsilon=0.2,456,45.730597600909185,3.1228603511840887,42.6077372497251,48.85345795209327,5
scale_default,Epsilon_Greedy,epsilon=0.2,457,45.831225325074925,3.1008834919181423,42.730341833156785,48.932108816993065,5
scale_default,Epsilon_Greedy,epsilon=0.2,458,46.04474939383077,3.160544119984513,42.884205273846256,49.205293513815285,5
scale_default,Epsilon_Greedy,epsilon=0.2,459,46.16008292135742,3.1368480404072225,43.0232348809502,49.296930961764645,5
scale_default,Epsilon_Greedy,epsilon=0.2,460,46.33835295363575,3.1713784975497443,43.166974456086,49.509731451185495,5
scale_default,Epsilon_Greedy,epsilon=0.2,461,46.42984146862217,3.176487254068739,43.25335421455343,49.60632872269091,5
scale_default,Epsilon_Greedy,epsilon=0.2,462,46.61554107535769,3.080997633662281,43.53454344169541,49.69653870901997,5
scale_default,Epsilon_Greedy,epsilon=0.2,463,46.901406143120255,2.8341652309601026,44.06724091216015,49.73557137408036,5
scale_default,Epsilon_Greedy,epsilon=0.2,464,47.08525555051841,2.866104132685337,44.219151417833075,49.95135968320375,5
scale_default,Epsilon_Greedy,epsilon=0.2,465,47.27817877616571,3.011780113348897,44.26639866281681,50.28995888951461,5
scale_default,Epsilon_Greedy,epsilon=0.2,466,47.42989913835691,2.968022049273515,44.461877089083394,50.39792118763042,5
scale_default,Epsilon_Greedy,epsilon=0.2,467,47.49996737325279,2.9668618016155817,44.53310557163721,50.466829174868366,5
scale_default,Epsilon_Greedy,epsilon=0.2,468,47.60813961870363,2.927181497185273,44.68095812151836,50.535321115888905,5
scale_default,Epsilon_Greedy,epsilon=0.2,469,47.74910293001991,2.9324728145172685,44.81663011550264,50.68157574453718,5
scale_default,Epsilon_Greedy,epsilon=0.2,470,47.91203349600126,2.938679606121147,44.97335388988011,50.850713102122405,5
scale_default,Epsilon_Greedy,epsilon=0.2,471,48.02672885627857,2.9142130712955208,45.112515784983046,50.94094192757409,5
scale_default,Epsilon_Greedy,epsilon=0.2,472,48.25916994154719,2.9856553528504137,45.27351458869678,51.24482529439761,5
scale_default,Epsilon_Greedy,epsilon=0.2,473,48.46747125970529,3.0222535443189114,45.44521771538638,51.489724804024206,5
scale_default,Epsilon_Greedy,epsilon=0.2,474,48.756179864328985,2.934674744557934,45.821505119771054,51.690854608886916,5
scale_default,Epsilon_Greedy,epsilon=0.2,475,48.9717939365499,2.9702787792000933,46.00151515734981,51.942072715749994,5
scale_default,Epsilon_Greedy,epsilon=0.2,476,49.16225188818174,3.043710461150161,46.11854142703158,52.205962349331905,5
scale_default,Epsilon_Greedy,epsilon=0.2,477,49.35662075107399,2.9677042534819473,46.38891649759204,52.32432500455594,5
scale_default,Epsilon_Greedy,epsilon=0.2,478,49.59724820632245,2.8378185400192675,46.75942966630318,52.43506674634172,5
scale_default,Epsilon_Greedy,epsilon=0.2,479,49.824936707213524,2.8544710644411717,46.97046564277235,52.679407771654695,5
scale_default,Epsilon_Greedy,epsilon=0.2,480,49.97743209948582,2.8392701538258676,47.13816194565995,52.81670225331168,5
scale_default,Epsilon_Greedy,epsilon=0.2,481,50.18133206377961,2.9384786992031398,47.24285336457647,53.119810762982745,5
scale_default,Epsilon_Greedy,epsilon=0.2,482,50.31159893508596,2.9157842683516413,47.39581466673432,53.227383203437604,5
scale_default,Epsilon_Greedy,epsilon=0.2,483,50.42175171342751,2.889712679872538,47.53203903355497,53.31146439330005,5
scale_default,Epsilon_Greedy,epsilon=0.2,484,50.57152191018521,2.8730958273824942,47.69842608280272,53.444617737567704,5
scale_default,Epsilon_Greedy,epsilon=0.2,485,50.66405017523472,2.9225353174024167,47.74151485783231,53.586585492637134,5
scale_default,Epsilon_Greedy,epsilon=0.2,486,50.86668754725367,2.988633682545137,47.878053864708534,53.855321229798804,5
scale_default,Epsilon_Greedy,epsilon=0.2,487,50.94026257381851,2.97164383998068,47.96861873383783,53.91190641379919,5
scale_default,Epsilon_Greedy,epsilon=0.2,488,51.07412135195657,3.021690616718175,48.052430735238396,54.095811968674745,5
scale_default,Epsilon_Greedy,epsilon=0.2,489,51.18312198851941,3.0413103658522234,48.141811622667184,54.224432354371636,5
scale_default,Epsilon_Greedy,epsilon=0.2,490,51.308665087585425,3.107568690801171,48.20109639678425,54.4162337783866,5
scale_default,Epsilon_Greedy,epsilon=0.2,491,51.470863239821384,3.103522205230805,48.36734103459058,54.57438544505219,5
scale_default,Epsilon_Greedy,epsilon=0.2,492,51.731978562234346,3.049300027158713,48.68267853507563,54.78127858939306,5
scale_default,Epsilon_Greedy,epsilon=0.2,493,51.84507958954704,3.079344804203842,48.7657347853432,54.92442439375088,5
scale_default,Epsilon_Greedy,epsilon=0.2,494,52.09920625653069,3.069146871789746,49.030059384740944,55.16835312832044,5
scale_default,Epsilon_Greedy,epsilon=0.2,495,52.34850821191416,3.1029367504066956,49.24557146150746,55.451444962320856,5
scale_default,Epsilon_Greedy,epsilon=0.2,496,52.66335985413134,3.2765798681356655,49.38677998599568,55.939939722267006,5
scale_default,Epsilon_Greedy,epsilon=0.2,497,52.76590826455306,3.2794872157458737,49.48642104880719,56.045395480298936,5
scale_default,Epsilon_Greedy,epsilon=0.2,498,52.99521983134598,3.309122935901039,49.68609689544494,56.304342767247014,5
scale_default,Epsilon_Greedy,epsilon=0.2,499,53.17709956106614,3.401705950673653,49.77539361039249,56.578805511739795,5
scale_default,Epsilon_Greedy,epsilon=0.2,500,53.4471799883933,3.394279722717107,50.05290026567619,56.84145971111041,5
scale_default,Epsilon_Greedy,epsilon=0.2,501,53.66467940270515,3.497975513683939,50.16670388902121,57.16265491638909,5
scale_default,Epsilon_Greedy,epsilon=0.2,502,53.813269742404074,3.474443084210212,50.33882665819386,57.28771282661429,5
scale_default,Epsilon_Greedy,epsilon=0.2,503,53.99202150785195,3.510251235096191,50.48177027275576,57.50227274294814,5
scale_default,Epsilon_Greedy,epsilon=0.2,504,54.131418353106916,3.470767172710855,50.66065118039606,57.602185525817774,5
scale_default,Epsilon_Greedy,epsilon=0.2,505,54.278812981004705,3.4709755095787203,50.807837471425984,57.74978849058343,5
scale_default,Epsilon_Greedy,epsilon=0.2,506,54.364598745286536,3.4639990182575686,50.90059972702897,57.8285977635441,5
scale_default,Epsilon_Greedy,epsilon=0.2,507,54.48229906242229,3.3732396326387803,51.109059429783514,57.85553869506107,5
scale_default,Epsilon_Greedy,epsilon=0.2,508,54.608849690383146,3.2825499440891623,51.326299746293984,57.89139963447231,5
scale_default,Epsilon_Greedy,epsilon=0.2,509,54.69829550747348,3.32048608860422,51.37780941886926,58.0187815960777,5
scale_default,Epsilon_Greedy,epsilon=0.2,510,54.84467492991615,3.3423316470050985,51.502343282911056,58.18700657692125,5
scale_default,Epsilon_Greedy,epsilon=0.2,511,54.966520745502876,3.374620905731722,51.59189983977115,58.3411416512346,5
scale_default,Epsilon_Greedy,epsilon=0.2,512,55.080504507402146,3.2755251568757555,51.80497935052639,58.356029664277905,5
scale_default,Epsilon_Greedy,epsilon=0.2,513,55.30114873333555,3.3239756776958442,51.97717305563971,58.62512441103139,5
scale_default,Epsilon_Greedy,epsilon=0.2,514,55.44102754653536,3.3377648746765884,52.10326267185877,58.778792421211946,5
scale_default,Epsilon_Greedy,epsilon=0.2,515,55.623492508197714,3.333172255342441,52.290320252855274,58.956664763540154,5
scale_default,Epsilon_Greedy,epsilon=0.2,516,55.82024196318048,3.3528021547872804,52.467439808393195,59.17304411796776,5
scale_default,Epsilon_Greedy,epsilon=0.2,517,55.96749768845134,3.411209740525111,52.55628794792623,59.37870742897645,5
scale_default,Epsilon_Greedy,epsilon=0.2,518,56.18222422268773,3.4349955504372005,52.74722867225053,59.61721977312493,5
scale_default,Epsilon_Greedy,epsilon=0.2,519,56.304064625483406,3.3893967395696225,52.91466788591379,59.693461365053025,5
scale_default,Epsilon_Greedy,epsilon=0.2,520,56.48900741491561,3.413800324407499,53.075207090508115,59.90280773932311,5
scale_default,Epsilon_Greedy,epsilon=0.2,521,56.61940969192623,3.4895988788805523,53.12981081304568,60.10900857080678,5
scale_default,Epsilon_Greedy,epsilon=0.2,522,56.91479079399598,3.3431481713595144,53.57164262263646,60.25793896535549,5
scale_default,Epsilon_Greedy,epsilon=0.2,523,56.97093442439657,3.303260507582366,53.6676739168142,60.27419493197893,5
scale_default,Epsilon_Greedy,epsilon=0.2,524,57.13980114003799,3.2781844451409934,53.861616694896995,60.41798558517898,5
scale_default,Epsilon_Greedy,epsilon=0.2,525,57.37313099210095,3.1338789881692564,54.23925200393169,60.507009980270205,5
scale_default,Epsilon_Greedy,epsilon=0.2,526,57.543842425912395,3.1629456568617615,54.380896769050636,60.70678808277415,5
scale_default,Epsilon_Greedy,epsilon=0.2,527,57.67410111283566,3.04928642621908,54.624814686616574,60.72338753905474,5
scale_default,Epsilon_Greedy,epsilon=0.2,528,57.846803059535105,3.074690853677541,54.77211220585757,60.92149391321264,5
scale_default,Epsilon_Greedy,epsilon=0.2,529,58.082272258042465,3.067125550077002,55.015146707965464,61.14939780811947,5
scale_default,Epsilon_Greedy,epsilon=0.2,530,58.175486169114095,3.0572123473869497,55.11827382172714,61.232698516501046,5
scale_default,Epsilon_Greedy,epsilon=0.2,531,58.332008591193585,3.1049054728242393,55.22710311836934,61.43691406401783,5
scale_default,Epsilon_Greedy,epsilon=0.2,532,58.5719367103618,3.1467377080825565,55.42519900227924,61.71867441844435,5
scale_default,Epsilon_Greedy,epsilon=0.2,533,58.70888372183508,3.206351696913225,55.502532024921855,61.9152354187483,5
scale_default,Epsilon_Greedy,epsilon=0.2,534,58.81398389004228,3.1690444961264634,55.64493939391582,61.98302838616874,5
scale_default,Epsilon_Greedy,epsilon=0.2,535,58.90612275043046,3.2116764767890587,55.694446273641404,62.11779922721952,5
scale_default,Epsilon_Greedy,epsilon=0.2,536,58.96935733821594,3.232100444477681,55.73725689373826,62.20145778269362,5
scale_default,Epsilon_Greedy,epsilon=0.2,537,59.168639026075425,3.331736968201876,55.83690205787355,62.5003759942773,5
scale_default,Epsilon_Greedy,epsilon=0.2,538,59.26186000771027,3.2228527696103235,56.03900723809994,62.484712777320595,5
scale_default,Epsilon_Greedy,epsilon=0.2,539,59.517647056468036,3.3204943219852674,56.19715273448277,62.8381413784533,5
scale_default,Epsilon_Greedy,epsilon=0.2,540,59.609354944703476,3.337886355309726,56.27146858939375,62.947241300013204,5
scale_default,Epsilon_Greedy,epsilon=0.2,541,59.761634656668306,3.410049310478635,56.35158534618967,63.17168396714694,5
scale_default,Epsilon_Greedy,epsilon=0.2,542,59.97640188818144,3.495482319445418,56.48091956873603,63.47188420762686,5
scale_default,Epsilon_Greedy,epsilon=0.2,543,60.19245020724401,3.619939950479805,56.572510256764204,63.81239015772381,5
scale_default,Epsilon_Greedy,epsilon=0.2,544,60.39409245332405,3.6614939393413035,56.732598513982744,64.05558639266535,5
scale_default,Epsilon_Greedy,epsilon=0.2,545,60.616110251765846,3.7013543121331605,56.914755939632684,64.31746456389901,5
scale_default,Epsilon_Greedy,epsilon=0.2,546,60.8188601643392,3.529852845419083,57.28900731892011,64.34871300975828,5
scale_default,Epsilon_Greedy,epsilon=0.2,547,60.96408519083242,3.5753203256160475,57.38876486521637,64.53940551644847,5
scale_default,Epsilon_Greedy,epsilon=0.2,548,61.14318046678117,3.5854864925590957,57.55769397422207,64.72866695934026,5
scale_default,Epsilon_Greedy,epsilon=0.2,549,61.4892977389476,3.6809355497855782,57.80836218916202,65.17023328873317,5
scale_default,Epsilon_Greedy,epsilon=0.2,550,61.70408692158971,3.7310958063992916,57.972991115190425,65.435182727989,5
scale_default,Epsilon_Greedy,epsilon=0.2,551,61.81690517450662,3.753080740561376,58.06382443394525,65.569985915068,5
scale_default,Epsilon_Greedy,epsilon=0.2,552,61.933333458827704,3.6570989767870734,58.27623448204063,65.59043243561477,5
scale_default,Epsilon_Greedy,epsilon=0.2,553,62.06447750271964,3.6401718142288155,58.424305688490826,65.70464931694846,5
scale_default,Epsilon_Greedy,epsilon=0.2,554,62.22215038996453,3.6528303490937417,58.56932004087079,65.87498073905827,5
scale_default,Epsilon_Greedy,epsilon=0.2,555,62.39265858057392,3.6868887409007916,58.70576983967313,66.07954732147472,5
scale_default,Epsilon_Greedy,epsilon=0.2,556,62.5269422350947,3.6908264713495624,58.83611576374514,66.21776870644426,5
scale_default,Epsilon_Greedy,epsilon=0.2,557,62.619516431708554,3.7023711706686733,58.91714526103988,66.32188760237723,5
scale_default,Epsilon_Greedy,epsilon=0.2,558,62.8371039750185,3.812942490363061,59.02416148465544,66.65004646538156,5
scale_default,Epsilon_Greedy,epsilon=0.2,559,62.91634195509255,3.7803733264503943,59.13596862864215,66.69671528154294,5
scale_default,Epsilon_Greedy,epsilon=0.2,560,63.10802747997907,3.7988767321392856,59.30915074783979,66.90690421211836,5
scale_default,Epsilon_Greedy,epsilon=0.2,561,63.3518584792457,3.9170406559880604,59.43481782325764,67.26889913523377,5
scale_default,Epsilon_Greedy,epsilon=0.2,562,63.46534630407056,3.932389979653588,59.53295632441697,67.39773628372414,5
scale_default,Epsilon_Greedy,epsilon=0.2,563,63.65759410608555,3.9473511452900736,59.710242960795476,67.60494525137563,5
scale_default,Epsilon_Greedy,epsilon=0.2,564,63.80424525432436,3.9113336665527623,59.89291158777159,67.71557892087712,5
scale_default,Epsilon_Greedy,epsilon=0.2,565,64.02797920699804,3.8021923916909675,60.225786815307075,67.830171598689,5
scale_default,Epsilon_Greedy,epsilon=0.2,566,64.15265276726845,3.857695059824366,60.294957707444084,68.01034782709282,5
scale_default,Epsilon_Greedy,epsilon=0.2,567,64.33123687062931,3.819573692981079,60.51166317764823,68.15081056361039,5
scale_default,Epsilon_Greedy,epsilon=0.2,568,64.5271092772276,3.8860714811782806,60.64103779604932,68.41318075840587,5
scale_default,Epsilon_Greedy,epsilon=0.2,569,64.71014196076818,3.819930227140931,60.890211733627254,68.53007218790911,5
scale_default,Epsilon_Greedy,epsilon=0.2,570,64.87711685306856,3.8554204069416738,61.02169644612688,68.73253726001023,5
scale_default,Epsilon_Greedy,epsilon=0.2,571,65.0146917103606,3.7188204010989017,61.29587130926169,68.73351211145949,5
scale_default,Epsilon_Greedy,epsilon=0.2,572,65.15086338233561,3.7488694399752243,61.40199394236039,68.89973282231084,5
scale_default,Epsilon_Greedy,epsilon=0.2,573,65.51146775508843,3.6556426997326157,61.855825055355815,69.16711045482104,5
scale_default,Epsilon_Greedy,epsilon=0.2,574,65.8025882565146,3.6298450767129173,62.17274317980168,69.43243333322751,5
scale_default,Epsilon_Greedy,epsilon=0.2,575,66.19070038628013,3.8491076190434104,62.34159276723672,70.03980800532354,5
scale_default,Epsilon_Greedy,epsilon=0.2,576,66.3575923163706,3.8005555162031257,62.557036800167474,70.15814783257372,5
scale_default,Epsilon_Greedy,epsilon=0.2,577,66.51616199231746,3.77302428171903,62.74313771059843,70.2891862740365,5
scale_default,Epsilon_Greedy,epsilon=0.2,578,66.69059852031668,3.781621778938639,62.90897674137805,70.47222029925533,5
scale_default,Epsilon_Greedy,epsilon=0.2,579,66.85414329803767,3.592659625961169,63.2614836720765,70.44680292399885,5
scale_default,Epsilon_Greedy,epsilon=0.2,580,66.99095975526996,3.58266365591174,63.40829609935822,70.5736234111817,5
scale_default,Epsilon_Greedy,epsilon=0.2,581,67.12433731999882,3.561660230673397,63.56267708932542,70.68599755067221,5
scale_default,Epsilon_Greedy,epsilon=0.2,582,67.24573807126839,3.5427383726473494,63.70299969862104,70.78847644391574,5
scale_default,Epsilon_Greedy,epsilon=0.2,583,67.47747607921858,3.495025225723344,63.98245085349523,70.97250130494191,5
scale_default,Epsilon_Greedy,epsilon=0.2,584,67.71925437121673,3.5572659647795253,64.1619884064372,71.27652033599627,5
scale_default,Epsilon_Greedy,epsilon=0.2,585,67.79713701463075,3.547354966334776,64.24978204829597,71.34449198096553,5
scale_default,Epsilon_Greedy,epsilon=0.2,586,67.88845939808468,3.5471835847065565,64.34127581337812,71.43564298279124,5
scale_default,Epsilon_Greedy,epsilon=0.2,587,68.09476878607093,3.6022296918128074,64.49253909425812,71.69699847788374,5
scale_default,Epsilon_Greedy,epsilon=0.2,588,68.27893167537812,3.5849068327541604,64.69402484262396,71.86383850813228,5
scale_default,Epsilon_Greedy,epsilon=0.2,589,68.44867488403277,3.62820909782997,64.8204657862028,72.07688398186274,5
scale_default,Epsilon_Greedy,epsilon=0.2,590,68.58227541754366,3.640212073776064,64.94206334376759,72.22248749131973,5
scale_default,Epsilon_Greedy,epsilon=0.2,591,68.71292222982729,3.5957883619096216,65.11713386791766,72.30871059173691,5
scale_default,Epsilon_Greedy,epsilon=0.2,592,68.9026493993209,3.6467725727712392,65.25587682654965,72.54942197209213,5
scale_default,Epsilon_Greedy,epsilon=0.2,593,69.00894351668856,3.606166026495684,65.40277749019288,72.61510954318425,5
scale_default,Epsilon_Greedy,epsilon=0.2,594,69.17739859067288,3.5895671463708654,65.58783144430201,72.76696573704375,5
scale_default,Epsilon_Greedy,epsilon=0.2,595,69.24278766281162,3.6328219024800714,65.60996576033155,72.8756095652917,5
scale_default,Epsilon_Greedy,epsilon=0.2,596,69.3683330723681,3.586498635953488,65.78183443641461,72.95483170832159,5
scale_default,Epsilon_Greedy,epsilon=0.2,597,69.52936964949438,3.5021171792006744,66.0272524702937,73.03148682869507,5
scale_default,Epsilon_Greedy,epsilon=0.2,598,69.75124914339784,3.5399109578996937,66.21133818549815,73.29116010129754,5
scale_default,Epsilon_Greedy,epsilon=0.2,599,69.86453450586667,3.5422346158700226,66.32229988999664,73.4067691217367,5
scale_default,Epsilon_Greedy,epsilon=0.3,0,0.11195838369864322,0.048342649146414535,0.06361573455222869,0.16030103284505776,5
scale_default,Epsilon_Greedy,epsilon=0.3,1,0.18886283519550368,0.08819894961836963,0.10066388557713404,0.27706178481387334,5
scale_default,Epsilon_Greedy,epsilon=0.3,2,0.30225876629010306,0.1452005659708963,0.15705820031920675,0.4474593322609994,5
scale_default,Epsilon_Greedy,epsilon=0.3,3,0.3474242710357964,0.16827982562537802,0.17914444541041835,0.5157040966611743,5
scale_default,Epsilon_Greedy,epsilon=0.3,4,0.3807210276941161,0.17301508042273978,0.2077059472713763,0.5537361081168559,5
scale_default,Epsilon_Greedy,epsilon=0.3,5,0.4089339706286371,0.1457245738240592,0.2632093968045779,0.5546585444526964,5
scale_default,Epsilon_Greedy,epsilon=0.3,6,0.4337598087036458,0.1419783605528553,0.2917814481507905,0.5757381692565011,5
scale_default,Epsilon_Greedy,epsilon=0.3,7,0.46797464605687883,0.14629866743529701,0.3216759786215818,0.6142733134921758,5
scale_default,Epsilon_Greedy,epsilon=0.3,8,0.4816338925963602,0.1530644198183029,0.32856947277805726,0.6346983124146631,5
scale_default,Epsilon_Greedy,epsilon=0.3,9,0.5007536673035167,0.16727508272902278,0.33347858457449386,0.6680287500325395,5
scale_default,Epsilon_Greedy,epsilon=0.3,10,0.5082492381687814,0.16860321340317802,0.3396460247656034,0.6768524515719594,5
scale_default,Epsilon_Greedy,epsilon=0.3,11,0.5301540287638421,0.16804508388635536,0.36210894487748674,0.6981991126501974,5
scale_default,Epsilon_Greedy,epsilon=0.3,12,0.5682526606040326,0.179359602105057,0.3888930584989756,0.7476122627090895,5
scale_default,Epsilon_Greedy,epsilon=0.3,13,0.5890789608569224,0.17846166167643693,0.4106172991804854,0.7675406225333593,5
scale_default,Epsilon_Greedy,epsilon=0.3,14,0.609954531146579,0.18750594035551463,0.42244859079106445,0.7974604715020936,5
scale_default,Epsilon_Greedy,epsilon=0.3,15,0.6229091641676094,0.1922460702187653,0.43066309394884417,0.8151552343863747,5
scale_default,Epsilon_Greedy,epsilon=0.3,16,0.6384680729422467,0.19720820951350124,0.44125986342874546,0.835676282455748,5
scale_default,Epsilon_Greedy,epsilon=0.3,17,0.6450785628343283,0.18891907351425202,0.4561594893200763,0.8339976363485804,5
scale_default,Epsilon_Greedy,epsilon=0.3,18,0.6587510234679141,0.19262886447737476,0.4661221589905394,0.851379887945289,5
scale_default,Epsilon_Greedy,epsilon=0.3,19,0.6708979538921502,0.20152298881837613,0.4693749650737741,0.8724209427105264,5
scale_default,Epsilon_Greedy,epsilon=0.3,20,0.7114830945728464,0.22411885468310977,0.48736423988973665,0.9356019492559562,5
scale_default,Epsilon_Greedy,epsilon=0.3,21,0.7288395129782408,0.2300306810087519,0.4988088319694889,0.9588701939869927,5
scale_default,Epsilon_Greedy,epsilon=0.3,22,0.7360491415305201,0.2296629252412879,0.5063862162892323,0.965712066771808,5
scale_default,Epsilon_Greedy,epsilon=0.3,23,0.7701044462102692,0.2635150852106428,0.5065893609996264,1.033619531420912,5
scale_default,Epsilon_Greedy,epsilon=0.3,24,0.7917884805591433,0.27808023771296986,0.5137082428461734,1.0698687182721132,5
scale_default,Epsilon_Greedy,epsilon=0.3,25,0.799012714858231,0.27780281898614584,0.5212098958720852,1.0768155338443768,5
scale_default,Epsilon_Greedy,epsilon=0.3,26,0.8082901997923775,0.28311736621533173,0.5251728335770458,1.0914075660077092,5
scale_default,Epsilon_Greedy,epsilon=0.3,27,0.8134720656359626,0.2863123879436517,0.5271596776923109,1.0997844535796144,5
scale_default,Epsilon_Greedy,epsilon=0.3,28,0.8641872258705516,0.2596981904928414,0.6044890353777103,1.1238854163633931,5
scale_default,Epsilon_Greedy,epsilon=0.3,29,0.8787230344771746,0.2502995409930607,0.628423493484114,1.1290225754702352,5
scale_default,Epsilon_Greedy,epsilon=0.3,30,0.8911375764215208,0.2386069602195236,0.6525306162019973,1.1297445366410444,5
scale_default,Epsilon_Greedy,epsilon=0.3,31,0.9103231716594937,0.2486446753795226,0.6616784962799711,1.1589678470390163,5
scale_default,Epsilon_Greedy,epsilon=0.3,32,0.9237466283104643,0.253352538177558,0.6703940901329063,1.1770991664880222,5
scale_default,Epsilon_Greedy,epsilon=0.3,33,0.9415371916226511,0.2737487154915547,0.6677884761310964,1.215285907114206,5
scale_default,Epsilon_Greedy,epsilon=0.3,34,0.9756344844152098,0.25813594679341306,0.7174985376217968,1.2337704312086228,5
scale_default,Epsilon_Greedy,epsilon=0.3,35,0.984271258536964,0.26561887460099515,0.7186523839359689,1.249890133137959,5
scale_default,Epsilon_Greedy,epsilon=0.3,36,0.9965082522648856,0.26352013139258273,0.7329881208723028,1.2600283836574684,5
scale_default,Epsilon_Greedy,epsilon=0.3,37,1.0047002615123026,0.26919745318084,0.7355028083314626,1.2738977146931427,5
scale_default,Epsilon_Greedy,epsilon=0.3,38,1.0279240507435061,0.29656017429015447,0.7313638764533517,1.3244842250336606,5
scale_default,Epsilon_Greedy,epsilon=0.3,39,1.0380073114571018,0.3087825871864475,0.7292247242706542,1.3467898986435494,5
scale_default,Epsilon_Greedy,epsilon=0.3,40,1.0526419821731798,0.31237766441975734,0.7402643177534225,1.3650196465929372,5
scale_default,Epsilon_Greedy,epsilon=0.3,41,1.0733432518256123,0.2977647901135429,0.7755784617120693,1.3711080419391553,5
scale_default,Epsilon_Greedy,epsilon=0.3,42,1.0879439531544977,0.2954351702752955,0.7925087828792021,1.3833791234297932,5
scale_default,Epsilon_Greedy,epsilon=0.3,43,1.1116431351621945,0.30571265349816024,0.8059304816640342,1.4173557886603547,5
scale_default,Epsilon_Greedy,epsilon=0.3,44,1.1203048270017801,0.31189614660163917,0.8084086804001409,1.4322009736034194,5
scale_default,Epsilon_Greedy,epsilon=0.3,45,1.1337736785284398,0.3200513309536957,0.8137223475747442,1.4538250094821354,5
scale_default,Epsilon_Greedy,epsilon=0.3,46,1.1506344989848636,0.3217433315682395,0.8288911674166242,1.472377830553103,5
scale_default,Epsilon_Greedy,epsilon=0.3,47,1.1714919685449527,0.3308524845183782,0.8406394840265745,1.502344453063331,5
scale_default,Epsilon_Greedy,epsilon=0.3,48,1.185237760729564,0.3205688037378702,0.8646689569916939,1.5058065644674343,5
scale_default,Epsilon_Greedy,epsilon=0.3,49,1.211320413615387,0.34031208612578073,0.8710083274896063,1.5516324997411677,5
scale_default,Epsilon_Greedy,epsilon=0.3,50,1.2201091281386764,0.3417363149353291,0.8783728132033474,1.5618454430740054,5
scale_default,Epsilon_Greedy,epsilon=0.3,51,1.2224203218849925,0.34483570767682853,0.877584614208164,1.567256029561821,5
scale_default,Epsilon_Greedy,epsilon=0.3,52,1.2483409080565617,0.3575304877657618,0.8908104202907999,1.6058713958223234,5
scale_default,Epsilon_Greedy,epsilon=0.3,53,1.2542755084665038,0.3593848114751562,0.8948906969913476,1.6136603199416601,5
scale_default,Epsilon_Greedy,epsilon=0.3,54,1.2662036819351687,0.36853754747149825,0.8976661344636705,1.634741229406667,5
scale_default,Epsilon_Greedy,epsilon=0.3,55,1.282654888660827,0.36139885645844877,0.9212560322023784,1.6440537451192758,5
scale_default,Epsilon_Greedy,epsilon=0.3,56,1.2963624234070972,0.3601394060252184,0.9362230173818789,1.6565018294323155,5
scale_default,Epsilon_Greedy,epsilon=0.3,57,1.303308351938977,0.3642865656265449,0.9390217863124322,1.6675949175655218,5
scale_default,Epsilon_Greedy,epsilon=0.3,58,1.313065276950288,0.3660009872759499,0.9470642896743381,1.679066264226238,5
scale_default,Epsilon_Greedy,epsilon=0.3,59,1.318425512495838,0.36809811529520836,0.9503273972006296,1.6865236277910463,5
scale_default,Epsilon_Greedy,epsilon=0.3,60,1.3548273619008875,0.377481204823036,0.9773461570778514,1.7323085667239235,5
scale_default,Epsilon_Greedy,epsilon=0.3,61,1.3676070074605946,0.3727202216650106,0.994886785795584,1.7403272291256053,5
scale_default,Epsilon_Greedy,epsilon=0.3,62,1.3757217049545225,0.37214170993323675,1.0035799950212858,1.7478634148877592,5
scale_default,Epsilon_Greedy,epsilon=0.3,63,1.40619809155304,0.3719714995230497,1.0342265920299905,1.7781695910760897,5
scale_default,Epsilon_Greedy,epsilon=0.3,64,1.411317653153236,0.3678520744803752,1.0434655786728608,1.7791697276336114,5
scale_default,Epsilon_Greedy,epsilon=0.3,65,1.4224478098679956,0.3841517011765327,1.0382961086914628,1.8065995110445283,5
scale_default,Epsilon_Greedy,epsilon=0.3,66,1.4411600873996506,0.4092733981960168,1.0318866892036338,1.8504334855956674,5
scale_default,Epsilon_Greedy,epsilon=0.3,67,1.4522231267443253,0.4131951869183028,1.0390279398260225,1.8654183136626281,5
scale_default,Epsilon_Greedy,epsilon=0.3,68,1.4648669545726065,0.41677917972484013,1.0480877748477664,1.8816461342974466,5
scale_default,Epsilon_Greedy,epsilon=0.3,69,1.4749428990133002,0.43146206799873643,1.0434808310145638,1.9064049670120367,5
scale_default,Epsilon_Greedy,epsilon=0.3,70,1.4831368289145603,0.4278467922839207,1.0552900366306397,1.910983621198481,5
scale_default,Epsilon_Greedy,epsilon=0.3,71,1.487884722844821,0.4301347268988112,1.05774999594601,1.9180194497436323,5
scale_default,Epsilon_Greedy,epsilon=0.3,72,1.501156124769503,0.43523165221184573,1.0659244725576573,1.936387776981349,5
scale_default,Epsilon_Greedy,epsilon=0.3,73,1.5095853566286026,0.43700759349862667,1.072577763129976,1.9465929501272292,5
scale_default,Epsilon_Greedy,epsilon=0.3,74,1.523785417034202,0.4218635574841779,1.101921859550024,1.94564897451838,5
scale_default,Epsilon_Greedy,epsilon=0.3,75,1.5314394971247693,0.4246033194487176,1.1068361776760518,1.9560428165734869,5
scale_default,Epsilon_Greedy,epsilon=0.3,76,1.535146745394417,0.4283946477231766,1.1067520976712404,1.9635413931175936,5
scale_default,Epsilon_Greedy,epsilon=0.3,77,1.5450512892972752,0.43367993373978725,1.111371355557488,1.9787312230370624,5
scale_default,Epsilon_Greedy,epsilon=0.3,78,1.5549065195644765,0.425835995410015,1.1290705241544614,1.9807425149744915,5
scale_default,Epsilon_Greedy,epsilon=0.3,79,1.5621580152548962,0.42373521190612895,1.1384228033487673,1.985893227161025,5
scale_default,Epsilon_Greedy,epsilon=0.3,80,1.5667641315594056,0.4252753449292291,1.1414887866301766,1.9920394764886347,5
scale_default,Epsilon_Greedy,epsilon=0.3,81,1.5777862815576253,0.4326194290350152,1.1451668525226102,2.0104057105926407,5
scale_default,Epsilon_Greedy,epsilon=0.3,82,1.581285337464217,0.43753395727349353,1.1437513801907235,2.0188192947377104,5
scale_default,Epsilon_Greedy,epsilon=0.3,83,1.600823144285559,0.44123471046694157,1.1595884338186173,2.0420578547525006,5
scale_default,Epsilon_Greedy,epsilon=0.3,84,1.6090806642626305,0.43943691631488235,1.1696437479477482,2.0485175805775127,5
scale_default,Epsilon_Greedy,epsilon=0.3,85,1.6179226599864662,0.4427549957560655,1.1751676642304008,2.0606776557425315,5
scale_default,Epsilon_Greedy,epsilon=0.3,86,1.6367101980051686,0.4499409212328779,1.1867692767722908,2.0866511192380464,5
scale_default,Epsilon_Greedy,epsilon=0.3,87,1.6503143352424405,0.46326895975502397,1.1870453754874166,2.1135832949974644,5
scale_default,Epsilon_Greedy,epsilon=0.3,88,1.6714275199004192,0.47633193793103445,1.1950955819693847,2.1477594578314534,5
scale_default,Epsilon_Greedy,epsilon=0.3,89,1.6851208322991393,0.47156417359190445,1.2135566587072348,2.1566850058910436,5
scale_default,Epsilon_Greedy,epsilon=0.3,90,1.7007963158742085,0.46506779459012193,1.2357285212840865,2.1658641104643306,5
scale_default,Epsilon_Greedy,epsilon=0.3,91,1.726024780646295,0.4729109180349229,1.253113862611372,2.198935698681218,5
scale_default,Epsilon_Greedy,epsilon=0.3,92,1.7354846254719654,0.4801906967536584,1.255293928718307,2.2156753222256236,5
scale_default,Epsilon_Greedy,epsilon=0.3,93,1.765190656557019,0.524329660899124,1.2408609956578949,2.289520317456143,5
scale_default,Epsilon_Greedy,epsilon=0.3,94,1.7967900731000235,0.5312550308055163,1.2655350422945073,2.3280451039055396,5
scale_default,Epsilon_Greedy,epsilon=0.3,95,1.8127721460983133,0.5202098336459136,1.2925623124523997,2.332981979744227,5
scale_default,Epsilon_Greedy,epsilon=0.3,96,1.8149109369195393,0.5179047641846587,1.2970061727348807,2.332815701104198,5
scale_default,Epsilon_Greedy,epsilon=0.3,97,1.827241935635985,0.5209832979435278,1.3062586376924572,2.348225233579513,5
scale_default,Epsilon_Greedy,epsilon=0.3,98,1.8301301475054494,0.5215233811186814,1.308606766386768,2.351653528624131,5
scale_default,Epsilon_Greedy,epsilon=0.3,99,1.8356723043215326,0.5233090642599206,1.3123632400616119,2.3589813685814534,5
scale_default,Epsilon_Greedy,epsilon=0.3,100,1.8379384560092398,0.5232594299854444,1.3146790260237955,2.361197885994684,5
scale_default,Epsilon_Greedy,epsilon=0.3,101,1.8511673311960997,0.5175597604272744,1.3336075707688253,2.368727091623374,5
scale_default,Epsilon_Greedy,epsilon=0.3,102,1.8892270271105673,0.5687884949057576,1.3204385322048098,2.458015522016325,5
scale_default,Epsilon_Greedy,epsilon=0.3,103,1.9062776989092438,0.5769617448577088,1.329315954051535,2.4832394437669527,5
scale_default,Epsilon_Greedy,epsilon=0.3,104,1.940626986076517,0.5697964206028695,1.3708305654736477,2.5104234066793865,5
scale_default,Epsilon_Greedy,epsilon=0.3,105,1.9824469466800223,0.5543601561585988,1.4280867905214234,2.536807102838621,5
scale_default,Epsilon_Greedy,epsilon=0.3,106,2.002049420461831,0.5322187845201619,1.469830635941669,2.534268204981993,5
scale_default,Epsilon_Greedy,epsilon=0.3,107,2.0368370468681896,0.5055392310946729,1.5312978157735166,2.5423762779628625,5
scale_default,Epsilon_Greedy,epsilon=0.3,108,2.044300753169753,0.5045991553781805,1.5397015977915727,2.5488999085479334,5
scale_default,Epsilon_Greedy,epsilon=0.3,109,2.0598697844599476,0.4939063145348694,1.5659634699250782,2.553776098994817,5
scale_default,Epsilon_Greedy,epsilon=0.3,110,2.0762378416158773,0.4974472121188419,1.5787906294970355,2.573685053734719,5
scale_default,Epsilon_Greedy,epsilon=0.3,111,2.0897808671554294,0.49912238109805684,1.5906584860573725,2.5889032482534864,5
scale_default,Epsilon_Greedy,epsilon=0.3,112,2.111151195525406,0.5291568188241331,1.581994376701273,2.6403080143495394,5
scale_default,Epsilon_Greedy,epsilon=0.3,113,2.1383675007435072,0.5320114746699833,1.606356026073524,2.670378975413491,5
scale_default,Epsilon_Greedy,epsilon=0.3,114,2.1521106131379746,0.5310966917704436,1.621013921367531,2.683207304908418,5
scale_default,Epsilon_Greedy,epsilon=0.3,115,2.1624564154261496,0.5255974204406485,1.6368589949855012,2.688053835866798,5
scale_default,Epsilon_Greedy,epsilon=0.3,116,2.167807743728095,0.5207449453206817,1.647062798407413,2.6885526890487768,5
scale_default,Epsilon_Greedy,epsilon=0.3,117,2.1735639112059024,0.5202585255364643,1.6533053856694382,2.6938224367423667,5
scale_default,Epsilon_Greedy,epsilon=0.3,118,2.1841558287123672,0.52080282418835,1.6633530045240172,2.704958652900717,5
scale_default,Epsilon_Greedy,epsilon=0.3,119,2.189130873102416,0.5266799611603659,1.6624509119420503,2.715810834262782,5
scale_default,Epsilon_Greedy,epsilon=0.3,120,2.1972887911230834,0.522802983029945,1.6744858080931384,2.7200917741530284,5
scale_default,Epsilon_Greedy,epsilon=0.3,121,2.2205257119224084,0.5467361356041053,1.673789576318303,2.767261847526514,5
scale_default,Epsilon_Greedy,epsilon=0.3,122,2.2281875344627364,0.5474591925425003,1.6807283419202361,2.7756467270052365,5
scale_default,Epsilon_Greedy,epsilon=0.3,123,2.2376664891712705,0.5497577994882937,1.6879086896829767,2.7874242886595644,5
scale_default,Epsilon_Greedy,epsilon=0.3,124,2.241015019006162,0.5510773666882521,1.68993765231791,2.792092385694414,5
scale_default,Epsilon_Greedy,epsilon=0.3,125,2.254575348516537,0.5496681577736442,1.7049071907428928,2.804243506290181,5
scale_default,Epsilon_Greedy,epsilon=0.3,126,2.2734280210487556,0.5281939225679285,1.745234098480827,2.8016219436166843,5
scale_default,Epsilon_Greedy,epsilon=0.3,127,2.3036521035950366,0.5507795207361572,1.7528725828588794,2.854431624331194,5
scale_default,Epsilon_Greedy,epsilon=0.3,128,2.307380930783571,0.5495501746312754,1.7578307561522954,2.856931105414846,5
scale_default,Epsilon_Greedy,epsilon=0.3,129,2.3222483569078216,0.5378394254596592,1.7844089314481624,2.860087782367481,5
scale_default,Epsilon_Greedy,epsilon=0.3,130,2.3259753753814065,0.5348092657487863,1.7911661096326204,2.8607846411301927,5
scale_default,Epsilon_Greedy,epsilon=0.3,131,2.334218395530599,0.5260010572864364,1.8082173382441624,2.8602194528170353,5
scale_default,Epsilon_Greedy,epsilon=0.3,132,2.3500301696250245,0.5151523916133995,1.834877778011625,2.865182561238424,5
scale_default,Epsilon_Greedy,epsilon=0.3,133,2.3604298764772564,0.5092221519612067,1.8512077245160499,2.869652028438463,5
scale_default,Epsilon_Greedy,epsilon=0.3,134,2.393462899818952,0.5061918072605441,1.8872710925584082,2.8996547070794962,5
scale_default,Epsilon_Greedy,epsilon=0.3,135,2.3977219695330447,0.5109551671272041,1.8867668024058406,2.908677136660249,5
scale_default,Epsilon_Greedy,epsilon=0.3,136,2.41897980892816,0.5089123009760618,1.910067507952098,2.9278921099042217,5
scale_default,Epsilon_Greedy,epsilon=0.3,137,2.4269577384741607,0.5109552069309502,1.9160025315432105,2.937912945405111,5
scale_default,Epsilon_Greedy,epsilon=0.3,138,2.442879419928162,0.5080738968815277,1.9348055230466343,2.9509533168096898,5
scale_default,Epsilon_Greedy,epsilon=0.3,139,2.4788222163364417,0.541927429925002,1.9368947864114396,3.020749646261444,5
scale_default,Epsilon_Greedy,epsilon=0.3,140,2.4893910087992777,0.5428074765322283,1.9465835322670495,3.032198485331506,5
scale_default,Epsilon_Greedy,epsilon=0.3,141,2.4945732113412626,0.5441925148864739,1.9503806964547887,3.0387657262277363,5
scale_default,Epsilon_Greedy,epsilon=0.3,142,2.5054318246257923,0.5419117966638085,1.9635200279619838,3.047343621289601,5
scale_default,Epsilon_Greedy,epsilon=0.3,143,2.5160158021350214,0.535948525964854,1.9800672761701674,3.051964328099875,5
scale_default,Epsilon_Greedy,epsilon=0.3,144,2.542214616841971,0.5237898077677205,2.0184248090742503,3.0660044246096914,5
scale_default,Epsilon_Greedy,epsilon=0.3,145,2.5486292366656778,0.5257067899633958,2.0229224467022817,3.074336026629074,5
scale_default,Epsilon_Greedy,epsilon=0.3,146,2.567731860686017,0.5232801987907757,2.0444516618952413,3.0910120594767925,5
scale_default,Epsilon_Greedy,epsilon=0.3,147,2.575494055532789,0.529616490453684,2.0458775650791052,3.1051105459864727,5
scale_default,Epsilon_Greedy,epsilon=0.3,148,2.5783071606375163,0.5271003318671986,2.051206828770318,3.105407492504715,5
scale_default,Epsilon_Greedy,epsilon=0.3,149,2.601581947484943,0.5215896120645617,2.079992335420381,3.1231715595495047,5
scale_default,Epsilon_Greedy,epsilon=0.3,150,2.617388776682664,0.5189807169889702,2.0984080596936936,3.1363694936716344,5
scale_default,Epsilon_Greedy,epsilon=0.3,151,2.6444423016492604,0.5101779756359958,2.1342643260132648,3.154620277285256,5
scale_default,Epsilon_Greedy,epsilon=0.3,152,2.6568968438709946,0.5076521964082253,2.149244647462769,3.16454904027922,5
scale_default,Epsilon_Greedy,epsilon=0.3,153,2.6674425935247923,0.5079304185013571,2.159512175023435,3.1753730120261494,5
scale_default,Epsilon_Greedy,epsilon=0.3,154,2.674279840566692,0.5041829235362835,2.1700969170304085,3.1784627641029757,5
scale_default,Epsilon_Greedy,epsilon=0.3,155,2.6830033379984894,0.5100957753653125,2.172907562633177,3.193099113363802,5
scale_default,Epsilon_Greedy,epsilon=0.3,156,2.687331609170152,0.5115629971408487,2.1757686120293034,3.1988946063110006,5
scale_default,Epsilon_Greedy,epsilon=0.3,157,2.6883988428921115,0.5116751455945624,2.176723697297549,3.200073988486674,5
scale_default,Epsilon_Greedy,epsilon=0.3,158,2.699974777889434,0.5124875768532218,2.187487201036212,3.2124623547426556,5
scale_default,Epsilon_Greedy,epsilon=0.3,159,2.7149527206312034,0.5178132415606269,2.1971394790705765,3.2327659621918303,5
scale_default,Epsilon_Greedy,epsilon=0.3,160,2.7216734558019016,0.5170393307875341,2.2046341250143673,3.238712786589436,5
scale_default,Epsilon_Greedy,epsilon=0.3,161,2.7245872046631963,0.5168836548412544,2.2077035498219417,3.241470859504451,5
scale_default,Epsilon_Greedy,epsilon=0.3,162,2.7340082538175308,0.5253588669514427,2.208649386866088,3.2593671207689736,5
scale_default,Epsilon_Greedy,epsilon=0.3,163,2.7385242543406676,0.526042697901007,2.2124815564396605,3.2645669522416747,5
scale_default,Epsilon_Greedy,epsilon=0.3,164,2.7476455727600655,0.5356405437966094,2.212005028963456,3.283286116556675,5
scale_default,Epsilon_Greedy,epsilon=0.3,165,2.7601898336874546,0.5349982882207597,2.225191545466695,3.295188121908214,5
scale_default,Epsilon_Greedy,epsilon=0.3,166,2.794133169476244,0.5516748248627708,2.2424583446134734,3.345807994339015,5
scale_default,Epsilon_Greedy,epsilon=0.3,167,2.8020026246854806,0.5516677613242649,2.250334863361216,3.353670386009745,5
scale_default,Epsilon_Greedy,epsilon=0.3,168,2.820291504272819,0.5459276900698588,2.2743638142029603,3.366219194342678,5
scale_default,Epsilon_Greedy,epsilon=0.3,169,2.862053741953884,0.48467783156592575,2.377375910387958,3.34673157351981,5
scale_default,Epsilon_Greedy,epsilon=0.3,170,2.868484192149053,0.49139964858841473,2.3770845435606383,3.359883840737468,5
scale_default,Epsilon_Greedy,epsilon=0.3,171,2.8845516359954386,0.4874116368831994,2.3971399991122393,3.371963272878638,5
scale_default,Epsilon_Greedy,epsilon=0.3,172,2.898824479544731,0.4930070014052166,2.4058174781395145,3.3918314809499472,5
scale_default,Epsilon_Greedy,epsilon=0.3,173,2.904982213670154,0.4999209639704289,2.4050612496997252,3.4049031776405827,5
scale_default,Epsilon_Greedy,epsilon=0.3,174,2.9211331958491202,0.5085032456492558,2.4126299501998645,3.429636441498376,5
scale_default,Epsilon_Greedy,epsilon=0.3,175,2.9259489712548246,0.505390890048218,2.4205580812066065,3.4313398613030426,5
scale_default,Epsilon_Greedy,epsilon=0.3,176,2.9348068859972436,0.5044333802766716,2.430373505720572,3.439240266273915,5
scale_default,Epsilon_Greedy,epsilon=0.3,177,2.95359554051119,0.48735560640736364,2.466239934103826,3.440951146918554,5
scale_default,Epsilon_Greedy,epsilon=0.3,178,2.9702475469595484,0.48078538914612146,2.489462157813427,3.45103293610567,5
scale_default,Epsilon_Greedy,epsilon=0.3,179,3.0033524197610886,0.47176890628939155,2.531583513471697,3.47512132605048,5
scale_default,Epsilon_Greedy,epsilon=0.3,180,3.017140152501576,0.4749301015438701,2.542210050957706,3.4920702540454465,5
scale_default,Epsilon_Greedy,epsilon=0.3,181,3.0185231056548916,0.47302585881823206,2.5454972468366597,3.4915489644731235,5
scale_default,Epsilon_Greedy,epsilon=0.3,182,3.0286653418314913,0.46749780989287054,2.561167531938621,3.4961631517243617,5
scale_default,Epsilon_Greedy,epsilon=0.3,183,3.0403512052597357,0.47506210832690726,2.5652890969328284,3.515413313586643,5
scale_default,Epsilon_Greedy,epsilon=0.3,184,3.04611117890306,0.479017912381309,2.567093266521751,3.525129091284369,5
scale_default,Epsilon_Greedy,epsilon=0.3,185,3.055657696474724,0.47666962013249686,2.5789880763422275,3.532327316607221,5
scale_default,Epsilon_Greedy,epsilon=0.3,186,3.0681337858342967,0.47852676370008634,2.5896070221342105,3.546660549534383,5
scale_default,Epsilon_Greedy,epsilon=0.3,187,3.0862610679667037,0.456561414727098,2.629699653239606,3.5428224826938015,5
scale_default,Epsilon_Greedy,epsilon=0.3,188,3.103780752166551,0.4564482878054078,2.647332464361143,3.5602290399719587,5
scale_default,Epsilon_Greedy,epsilon=0.3,189,3.106255578240034,0.45949875979322163,2.6467568184468124,3.5657543380332557,5
scale_default,Epsilon_Greedy,epsilon=0.3,190,3.1122725732167646,0.4580120376065197,2.654260535610245,3.5702846108232844,5
scale_default,Epsilon_Greedy,epsilon=0.3,191,3.123915683331087,0.44492840185444493,2.6789872814766422,3.568844085185532,5
scale_default,Epsilon_Greedy,epsilon=0.3,192,3.1321690276048484,0.44286136889421285,2.6893076587106357,3.575030396499061,5
scale_default,Epsilon_Greedy,epsilon=0.3,193,3.1356889047944883,0.44272330912376234,2.692965595670726,3.5784122139182504,5
scale_default,Epsilon_Greedy,epsilon=0.3,194,3.137914741640373,0.44208435203997526,2.6958303896003977,3.5799990936803483,5
scale_default,Epsilon_Greedy,epsilon=0.3,195,3.1426441241160132,0.4387458880464217,2.7038982360695916,3.581390012162435,5
scale_default,Epsilon_Greedy,epsilon=0.3,196,3.153489943264691,0.437947060182712,2.7155428830819788,3.591437003447403,5
scale_default,Epsilon_Greedy,epsilon=0.3,197,3.1757861773442846,0.45665885441404097,2.7191273229302437,3.6324450317583254,5
scale_default,Epsilon_Greedy,epsilon=0.3,198,3.196296141473175,0.47769157886764274,2.7186045626055324,3.673987720340818,5
scale_default,Epsilon_Greedy,epsilon=0.3,199,3.2069524703916144,0.4821352530228641,2.7248172173687504,3.6890877234144783,5
scale_default,Epsilon_Greedy,epsilon=0.3,200,3.369665717656949,0.5258624983392074,2.8438032193177416,3.895528215996156,5
scale_default,Epsilon_Greedy,epsilon=0.3,201,3.6229133814078827,0.5126717839587542,3.1102415974491286,4.135585165366637,5
scale_default,Epsilon_Greedy,epsilon=0.3,202,3.77629727100703,0.49340367249144745,3.2828935985155825,4.269700943498478,5
scale_default,Epsilon_Greedy,epsilon=0.3,203,3.9010828683315544,0.43959072972456337,3.461492138606991,4.340673598056117,5
scale_default,Epsilon_Greedy,epsilon=0.3,204,4.065157195109806,0.5085395690479193,3.5566176260618865,4.5736967641577255,5
scale_default,Epsilon_Greedy,epsilon=0.3,205,4.197067473049746,0.5463206899518037,3.650746783097942,4.7433881630015495,5
scale_default,Epsilon_Greedy,epsilon=0.3,206,4.521016138682016,0.6782990244688578,3.8427171142131575,5.199315163150874,5
scale_default,Epsilon_Greedy,epsilon=0.3,207,4.667574972092416,0.7083422022789662,3.9592327698134495,5.375917174371382,5
scale_default,Epsilon_Greedy,epsilon=0.3,208,4.851097592803342,0.713961579926964,4.137136012876378,5.565059172730305,5
scale_default,Epsilon_Greedy,epsilon=0.3,209,5.0806733143219605,0.754684893803389,4.325988420518572,5.835358208125349,5
scale_default,Epsilon_Greedy,epsilon=0.3,210,5.211053781918915,0.869244042625059,4.341809739293856,6.080297824543974,5
scale_default,Epsilon_Greedy,epsilon=0.3,211,5.361138118242263,0.8367077384986478,4.524430379743615,6.19784585674091,5
scale_default,Epsilon_Greedy,epsilon=0.3,212,5.494516137368227,0.7896163611520425,4.704899776216185,6.284132498520269,5
scale_default,Epsilon_Greedy,epsilon=0.3,213,5.694820206092071,0.7742107318629251,4.920609474229146,6.469030937954996,5
scale_default,Epsilon_Greedy,epsilon=0.3,214,5.959652948253948,0.7738534213554263,5.185799526898522,6.733506369609374,5
scale_default,Epsilon_Greedy,epsilon=0.3,215,6.060249463905161,0.778880146708913,5.281369317196248,6.839129610614075,5
scale_default,Epsilon_Greedy,epsilon=0.3,216,6.296621740990278,0.7530985631900117,5.5435231778002665,7.04972030418029,5
scale_default,Epsilon_Greedy,epsilon=0.3,217,6.53022016811165,0.7705640629286568,5.759656105182993,7.300784231040307,5
scale_default,Epsilon_Greedy,epsilon=0.3,218,6.687725814484179,0.8246169933529882,5.863108821131191,7.512342807837167,5
scale_default,Epsilon_Greedy,epsilon=0.3,219,6.903004231682921,0.7817372379487705,6.12126699373415,7.684741469631692,5
scale_default,Epsilon_Greedy,epsilon=0.3,220,7.059442258597663,0.7221299222471436,6.33731233635052,7.781572180844806,5
scale_default,Epsilon_Greedy,epsilon=0.3,221,7.219659152625093,0.6969310306660971,6.522728121958996,7.9165901832911905,5
scale_default,Epsilon_Greedy,epsilon=0.3,222,7.325065981241858,0.6571603854360331,6.667905595805825,7.9822263666778905,5
scale_default,Epsilon_Greedy,epsilon=0.3,223,7.431286655771359,0.7107892276530444,6.720497428118315,8.142075883424404,5
scale_default,Epsilon_Greedy,epsilon=0.3,224,7.568898382279177,0.7172224806084782,6.851675901670699,8.286120862887655,5
scale_default,Epsilon_Greedy,epsilon=0.3,225,7.792119336203595,0.695455497029547,7.096663839174048,8.487574833233142,5
scale_default,Epsilon_Greedy,epsilon=0.3,226,8.081252008225286,0.6165061029114182,7.464745905313868,8.697758111136704,5
scale_default,Epsilon_Greedy,epsilon=0.3,227,8.262246379160098,0.73144313238873,7.530803246771368,8.993689511548828,5
scale_default,Epsilon_Greedy,epsilon=0.3,228,8.381474417593108,0.7515503731065029,7.6299240444866046,9.13302479069961,5
scale_default,Epsilon_Greedy,epsilon=0.3,229,8.459488540505594,0.7156530849729896,7.743835455532604,9.175141625478584,5
scale_default,Epsilon_Greedy,epsilon=0.3,230,8.636678404548132,0.767117516692305,7.869560887855827,9.403795921240437,5
scale_default,Epsilon_Greedy,epsilon=0.3,231,8.819113714772344,0.733736626512717,8.085377088259627,9.552850341285062,5
scale_default,Epsilon_Greedy,epsilon=0.3,232,8.995128831733727,0.7353079009772296,8.259820930756497,9.730436732710956,5
scale_default,Epsilon_Greedy,epsilon=0.3,233,9.136637572665814,0.7390827733493107,8.397554799316502,9.875720346015125,5
scale_default,Epsilon_Greedy,epsilon=0.3,234,9.307937638572472,0.6802188716764287,8.627718766896043,9.988156510248901,5
scale_default,Epsilon_Greedy,epsilon=0.3,235,9.45231833993774,0.7362678786706315,8.716050461267109,10.188586218608371,5
scale_default,Epsilon_Greedy,epsilon=0.3,236,9.539318764265424,0.7293338892568748,8.80998487500855,10.268652653522299,5
scale_default,Epsilon_Greedy,epsilon=0.3,237,9.671566896947558,0.7631616964305568,8.908405200517002,10.434728593378114,5
scale_default,Epsilon_Greedy,epsilon=0.3,238,9.847465009127387,0.8776779738335496,8.969787035293837,10.725142982960936,5
scale_default,Epsilon_Greedy,epsilon=0.3,239,10.047397635848393,0.8529694034784006,9.194428232369992,10.900367039326794,5
scale_default,Epsilon_Greedy,epsilon=0.3,240,10.143009984714693,0.8106522373983239,9.332357747316369,10.953662222113017,5
scale_default,Epsilon_Greedy,epsilon=0.3,241,10.270095185695343,0.9394881324690619,9.33060705322628,11.209583318164405,5
scale_default,Epsilon_Greedy,epsilon=0.3,242,10.351195395941811,0.9824200074580618,9.36877538848375,11.333615403399874,5
scale_default,Epsilon_Greedy,epsilon=0.3,243,10.588542844288117,1.1493976989232033,9.439145145364915,11.73794054321132,5
scale_default,Epsilon_Greedy,epsilon=0.3,244,10.827351373936846,1.1095207417311583,9.717830632205688,11.936872115668004,5
scale_default,Epsilon_Greedy,epsilon=0.3,245,10.920669234474804,1.1417348543880175,9.778934380086787,12.062404088862822,5
scale_default,Epsilon_Greedy,epsilon=0.3,246,11.114324910433675,1.1193821109671358,9.99494279946654,12.23370702140081,5
scale_default,Epsilon_Greedy,epsilon=0.3,247,11.297545327342581,1.060810941557508,10.236734385785073,12.358356268900089,5
scale_default,Epsilon_Greedy,epsilon=0.3,248,11.436903955411676,1.0640549449857397,10.372849010425936,12.500958900397416,5
scale_default,Epsilon_Greedy,epsilon=0.3,249,11.596982869300692,1.0179436448247317,10.579039224475961,12.614926514125424,5
scale_default,Epsilon_Greedy,epsilon=0.3,250,11.726764502912367,0.9883553018409352,10.738409201071432,12.715119804753302,5
scale_default,Epsilon_Greedy,epsilon=0.3,251,11.847706580231108,1.0230848846362168,10.82462169559489,12.870791464867326,5
scale_default,Epsilon_Greedy,epsilon=0.3,252,12.084201087611458,1.0113218022667707,11.072879285344687,13.095522889878229,5
scale_default,Epsilon_Greedy,epsilon=0.3,253,12.169729357130183,1.0143007729451803,11.155428584185003,13.184030130075364,5
scale_default,Epsilon_Greedy,epsilon=0.3,254,12.367796660246821,1.0782059070074634,11.289590753239358,13.446002567254284,5
scale_default,Epsilon_Greedy,epsilon=0.3,255,12.434135196802849,1.0750309492115564,11.359104247591294,13.509166146014405,5
scale_default,Epsilon_Greedy,epsilon=0.3,256,12.524633206261777,1.1181551346205054,11.406478071641272,13.642788340882282,5
scale_default,Epsilon_Greedy,epsilon=0.3,257,12.734001968181387,1.1718908619153088,11.562111106266078,13.905892830096695,5
scale_default,Epsilon_Greedy,epsilon=0.3,258,12.815394514209654,1.1491850915676356,11.666209422642018,13.96457960577729,5
scale_default,Epsilon_Greedy,epsilon=0.3,259,12.941708393718866,1.1246874974292418,11.817020896289623,14.066395891148108,5
scale_default,Epsilon_Greedy,epsilon=0.3,260,13.065668642808191,1.1975365527972603,11.868132090010931,14.263205195605451,5
scale_default,Epsilon_Greedy,epsilon=0.3,261,13.291085804476035,1.1708884022571515,12.120197402218883,14.461974206733187,5
scale_default,Epsilon_Greedy,epsilon=0.3,262,13.367917678116623,1.1334336669871377,12.234484011129485,14.50135134510376,5
scale_default,Epsilon_Greedy,epsilon=0.3,263,13.480382511092666,1.141346776745613,12.339035734347053,14.621729287838278,5
scale_default,Epsilon_Greedy,epsilon=0.3,264,13.66544065474668,1.1128915911736046,12.552549063573075,14.778332245920286,5
scale_default,Epsilon_Greedy,epsilon=0.3,265,13.77041052734695,1.0986959421382712,12.67171458520868,14.86910646948522,5
scale_default,Epsilon_Greedy,epsilon=0.3,266,14.006602446241013,1.19731238538585,12.809290060855163,15.203914831626863,5
scale_default,Epsilon_Greedy,epsilon=0.3,267,14.180510368632856,1.1064965332945682,13.074013835338288,15.287006901927423,5
scale_default,Epsilon_Greedy,epsilon=0.3,268,14.38031892003833,1.0379371617954058,13.342381758242926,15.418256081833736,5
scale_default,Epsilon_Greedy,epsilon=0.3,269,14.62397394056489,1.0078441618303766,13.616129778734512,15.631818102395266,5
scale_default,Epsilon_Greedy,epsilon=0.3,270,14.731601880212432,1.0403362802397558,13.691265599972677,15.771938160452187,5
scale_default,Epsilon_Greedy,epsilon=0.3,271,14.880514248933668,1.0366584986810639,13.843855750252605,15.917172747614732,5
scale_default,Epsilon_Greedy,epsilon=0.3,272,15.194124158405469,1.0252398833527314,14.168884275052736,16.2193640417582,5
scale_default,Epsilon_Greedy,epsilon=0.3,273,15.55172959336555,1.147680178106258,14.404049415259292,16.699409771471807,5
scale_default,Epsilon_Greedy,epsilon=0.3,274,15.735137589081793,1.2963032213815073,14.438834367700286,17.0314408104633,5
scale_default,Epsilon_Greedy,epsilon=0.3,275,15.952291028522449,1.3903249136594131,14.561966114863036,17.34261594218186,5
scale_default,Epsilon_Greedy,epsilon=0.3,276,16.06986494698112,1.385210816016115,14.684654130965004,17.455075762997236,5
scale_default,Epsilon_Greedy,epsilon=0.3,277,16.38726726252862,1.433728379814888,14.953538882713733,17.820995642343508,5
scale_default,Epsilon_Greedy,epsilon=0.3,278,16.44231146643721,1.513617302640376,14.928694163796834,17.955928769077588,5
scale_default,Epsilon_Greedy,epsilon=0.3,279,16.657037469254213,1.5448209704673808,15.112216498786832,18.201858439721594,5
scale_default,Epsilon_Greedy,epsilon=0.3,280,16.97262589708067,1.6339195271686222,15.338706369912046,18.60654542424929,5
scale_default,Epsilon_Greedy,epsilon=0.3,281,17.042161696492556,1.5906668760602503,15.451494820432305,18.632828572552807,5
scale_default,Epsilon_Greedy,epsilon=0.3,282,17.356291626236267,1.713661153055539,15.642630473180727,19.069952779291807,5
scale_default,Epsilon_Greedy,epsilon=0.3,283,17.45018017257103,1.7293632100485035,15.720816962522527,19.179543382619535,5
scale_default,Epsilon_Greedy,epsilon=0.3,284,17.67893411443216,1.7903213210051454,15.888612793427015,19.469255435437304,5
scale_default,Epsilon_Greedy,epsilon=0.3,285,17.80379456867383,1.8128330236884516,15.990961544985378,19.61662759236228,5
scale_default,Epsilon_Greedy,epsilon=0.3,286,18.0150115931554,1.7890943665477352,16.225917226607663,19.804105959703136,5
scale_default,Epsilon_Greedy,epsilon=0.3,287,18.14356158173046,1.757113498397248,16.38644808333321,19.90067508012771,5
scale_default,Epsilon_Greedy,epsilon=0.3,288,18.386260693370936,1.8688030161889464,16.51745767718199,20.25506370955988,5
scale_default,Epsilon_Greedy,epsilon=0.3,289,18.516680760624247,1.8774665344796482,16.6392142261446,20.394147295103895,5
scale_default,Epsilon_Greedy,epsilon=0.3,290,18.862347156565402,1.8453828017465994,17.016964354818803,20.707729958312,5
scale_default,Epsilon_Greedy,epsilon=0.3,291,19.009979603750022,1.8872932512134746,17.122686352536547,20.897272854963497,5
scale_default,Epsilon_Greedy,epsilon=0.3,292,19.0843089150742,1.8665589767452597,17.21774993832894,20.95086789181946,5
scale_default,Epsilon_Greedy,epsilon=0.3,293,19.240808756817522,1.8453163967401078,17.395492360077412,21.08612515355763,5
scale_default,Epsilon_Greedy,epsilon=0.3,294,19.38899581236239,1.742893784014236,17.646102028348153,21.131889596376624,5
scale_default,Epsilon_Greedy,epsilon=0.3,295,19.515098018942062,1.7566839065786763,17.758414112363386,21.271781925520738,5
scale_default,Epsilon_Greedy,epsilon=0.3,296,19.74697038610268,1.8706902949210173,17.876280091181663,21.6176606810237,5
scale_default,Epsilon_Greedy,epsilon=0.3,297,19.86285587316511,1.997518248768052,17.865337624397057,21.860374121933162,5
scale_default,Epsilon_Greedy,epsilon=0.3,298,20.095135894436588,1.9803161477301385,18.11481974670645,22.075452042166727,5
scale_default,Epsilon_Greedy,epsilon=0.3,299,20.38041079971415,2.0421913979047206,18.33821940180943,22.42260219761887,5
scale_default,Epsilon_Greedy,epsilon=0.3,300,20.515427494081557,2.002067980293558,18.513359513788,22.517495474375114,5
scale_default,Epsilon_Greedy,epsilon=0.3,301,20.69499769824344,2.0947466746161605,18.60025102362728,22.7897443728596,5
scale_default,Epsilon_Greedy,epsilon=0.3,302,20.864027741336688,1.964343946941522,18.899683794395166,22.82837168827821,5
scale_default,Epsilon_Greedy,epsilon=0.3,303,20.98280005538161,1.9614180522544211,19.02138200312719,22.94421810763603,5
scale_default,Epsilon_Greedy,epsilon=0.3,304,21.202961809419765,1.8931048884601744,19.30985692095959,23.09606669787994,5
scale_default,Epsilon_Greedy,epsilon=0.3,305,21.302249129235076,1.9025504120547443,19.399698717180332,23.20479954128982,5
scale_default,Epsilon_Greedy,epsilon=0.3,306,21.567590526505388,2.036520232080068,19.53107029442532,23.604110758585456,5
scale_default,Epsilon_Greedy,epsilon=0.3,307,21.69809011836764,1.9516398371300223,19.74645028123762,23.649729955497662,5
scale_default,Epsilon_Greedy,epsilon=0.3,308,21.83377738553143,2.0250047152850144,19.808772670246416,23.858782100816445,5
scale_default,Epsilon_Greedy,epsilon=0.3,309,21.904282155766893,2.0016233712458207,19.902658784521073,23.905905527012713,5
scale_default,Epsilon_Greedy,epsilon=0.3,310,22.039742606062852,1.9685154746298097,20.07122713143304,24.008258080692663,5
scale_default,Epsilon_Greedy,epsilon=0.3,311,22.177848965115366,1.9776939356635936,20.20015502945177,24.15554290077896,5
scale_default,Epsilon_Greedy,epsilon=0.3,312,22.351174648957276,1.997859011801924,20.35331563715535,24.3490336607592,5
scale_default,Epsilon_Greedy,epsilon=0.3,313,22.454111400667365,2.0431763839616153,20.41093501670575,24.49728778462898,5
scale_default,Epsilon_Greedy,epsilon=0.3,314,22.584013374049302,1.9695952066112408,20.61441816743806,24.553608580660544,5
scale_default,Epsilon_Greedy,epsilon=0.3,315,22.729453599027657,1.9704326308750062,20.75902096815265,24.699886229902663,5
scale_default,Epsilon_Greedy,epsilon=0.3,316,23.00166283355831,2.0457949101150037,20.955867923443307,25.047457743673313,5
scale_default,Epsilon_Greedy,epsilon=0.3,317,23.18227344540187,2.0519519103044965,21.130321535097373,25.234225355706364,5
scale_default,Epsilon_Greedy,epsilon=0.3,318,23.360990265124492,1.9161643207851564,21.444825944339335,25.27715458590965,5
scale_default,Epsilon_Greedy,epsilon=0.3,319,23.50641578199238,1.9637692869451915,21.54264649504719,25.47018506893757,5
scale_default,Epsilon_Greedy,epsilon=0.3,320,23.61171713268329,1.9466963117680287,21.66502082091526,25.55841344445132,5
scale_default,Epsilon_Greedy,epsilon=0.3,321,23.79169750039688,1.9263357322602974,21.86536176813658,25.718033232657177,5
scale_default,Epsilon_Greedy,epsilon=0.3,322,23.961290020669544,2.017117624360466,21.944172396309078,25.97840764503001,5
scale_default,Epsilon_Greedy,epsilon=0.3,323,24.088300482036367,2.0449769758175838,22.043323506218783,26.13327745785395,5
scale_default,Epsilon_Greedy,epsilon=0.3,324,24.188871433977944,2.0562422588971234,22.132629175080822,26.245113692875066,5
scale_default,Epsilon_Greedy,epsilon=0.3,325,24.279609300054947,2.0218041461052376,22.25780515394971,26.301413446160183,5
scale_default,Epsilon_Greedy,epsilon=0.3,326,24.441996471108883,2.0049088937741577,22.437087577334726,26.44690536488304,5
scale_default,Epsilon_Greedy,epsilon=0.3,327,24.605033691886156,1.8859516717801836,22.719082020105972,26.49098536366634,5
scale_default,Epsilon_Greedy,epsilon=0.3,328,24.7276219632143,1.9572831292431652,22.770338833971135,26.684905092457466,5
scale_default,Epsilon_Greedy,epsilon=0.3,329,24.847679371917707,2.0053907236495983,22.84228864826811,26.853070095567304,5
scale_default,Epsilon_Greedy,epsilon=0.3,330,25.10702217577801,1.9029384556411972,23.20408372013681,27.009960631419208,5
scale_default,Epsilon_Greedy,epsilon=0.3,331,25.221402013491183,1.9018530447414888,23.319548968749693,27.123255058232672,5
scale_default,Epsilon_Greedy,epsilon=0.3,332,25.3705441195321,1.9075105849961174,23.46303353453598,27.278054704528216,5
scale_default,Epsilon_Greedy,epsilon=0.3,333,25.537421969616545,1.8477605712446772,23.689661398371868,27.385182540861223,5
scale_default,Epsilon_Greedy,epsilon=0.3,334,25.813570847753976,1.9080600694829815,23.905510778270994,27.721630917236958,5
scale_default,Epsilon_Greedy,epsilon=0.3,335,25.95619157915997,1.8740498827971093,24.08214169636286,27.83024146195708,5
scale_default,Epsilon_Greedy,epsilon=0.3,336,26.053005668428085,1.9336730676724756,24.11933260075561,27.98667873610056,5
scale_default,Epsilon_Greedy,epsilon=0.3,337,26.254129596218508,1.8099114858356882,24.44421811038282,28.064041082054196,5
scale_default,Epsilon_Greedy,epsilon=0.3,338,26.35259421831298,1.820912143334756,24.531682074978225,28.173506361647735,5
scale_default,Epsilon_Greedy,epsilon=0.3,339,26.431118921030084,1.7767455936277503,24.654373327402332,28.207864514657835,5
scale_default,Epsilon_Greedy,epsilon=0.3,340,26.61005168510484,1.7886648055852037,24.821386879519636,28.398716490690042,5
scale_default,Epsilon_Greedy,epsilon=0.3,341,26.80343723492707,1.9250141177834919,24.87842311714358,28.72845135271056,5
scale_default,Epsilon_Greedy,epsilon=0.3,342,27.033671209711578,1.945983713386821,25.087687496324758,28.979654923098398,5
scale_default,Epsilon_Greedy,epsilon=0.3,343,27.201387678303696,2.0884249522138005,25.112962726089897,29.289812630517496,5
scale_default,Epsilon_Greedy,epsilon=0.3,344,27.281108570953826,2.067324552707014,25.213784018246812,29.34843312366084,5
scale_default,Epsilon_Greedy,epsilon=0.3,345,27.40987180988129,2.103353052351369,25.306518757529922,29.51322486223266,5
scale_default,Epsilon_Greedy,epsilon=0.3,346,27.601640231349542,2.039626033475172,25.56201419787437,29.641266264824715,5
scale_default,Epsilon_Greedy,epsilon=0.3,347,27.763632254900962,2.101428895735994,25.66220335916497,29.865061150636954,5
scale_default,Epsilon_Greedy,epsilon=0.3,348,27.98568390444874,2.13579787500396,25.849886029444782,30.1214817794527,5
scale_default,Epsilon_Greedy,epsilon=0.3,349,28.17198830640878,2.194839031384487,25.977149275024296,30.366827337793268,5
scale_default,Epsilon_Greedy,epsilon=0.3,350,28.262871723260254,2.2353748472480333,26.027496876012222,30.498246570508286,5
scale_default,Epsilon_Greedy,epsilon=0.3,351,28.344629082776947,2.257790950739118,26.08683813203783,30.602420033516065,5
scale_default,Epsilon_Greedy,epsilon=0.3,352,28.42709227042595,2.2220852717874626,26.205006998638485,30.649177542213412,5
scale_default,Epsilon_Greedy,epsilon=0.3,353,28.518475677670995,2.1727257800525757,26.34574989761842,30.691201457723572,5
scale_default,Epsilon_Greedy,epsilon=0.3,354,28.77335714831243,2.2177405342646384,26.555616614047793,30.99109768257707,5
scale_default,Epsilon_Greedy,epsilon=0.3,355,28.836764125436126,2.2524463509280004,26.584317774508126,31.089210476364126,5
scale_default,Epsilon_Greedy,epsilon=0.3,356,29.036654321356913,2.1951740323167783,26.841480289040135,31.23182835367369,5
scale_default,Epsilon_Greedy,epsilon=0.3,357,29.163961641823583,2.149324239620019,27.014637402203565,31.3132858814436,5
scale_default,Epsilon_Greedy,epsilon=0.3,358,29.41729827486205,2.1666879141866247,27.250610360675424,31.583986189048673,5
scale_default,Epsilon_Greedy,epsilon=0.3,359,29.53772389948105,2.230926863339735,27.306797036141315,31.768650762820787,5
scale_default,Epsilon_Greedy,epsilon=0.3,360,29.73203413335412,2.315643674764474,27.416390458589646,32.04767780811859,5
scale_default,Epsilon_Greedy,epsilon=0.3,361,29.821901470470475,2.327182592413342,27.494718878057135,32.149084062883816,5
scale_default,Epsilon_Greedy,epsilon=0.3,362,29.924789684852463,2.3101003938878932,27.61468929096457,32.23489007874036,5
scale_default,Epsilon_Greedy,epsilon=0.3,363,30.0930487824823,2.490628706555851,27.60242007592645,32.58367748903815,5
scale_default,Epsilon_Greedy,epsilon=0.3,364,30.228738075189483,2.43317334104721,27.795564734142275,32.66191141623669,5
scale_default,Epsilon_Greedy,epsilon=0.3,365,30.41822053272951,2.536003572532124,27.882216960197386,32.95422410526163,5
scale_default,Epsilon_Greedy,epsilon=0.3,366,30.512603300330618,2.541907619265079,27.97069568106554,33.0545109195957,5
scale_default,Epsilon_Greedy,epsilon=0.3,367,30.802138123609332,2.640336238446687,28.161801885162646,33.44247436205602,5
scale_default,Epsilon_Greedy,epsilon=0.3,368,31.056442175830362,2.564605715670792,28.49183646015957,33.621047891501156,5
scale_default,Epsilon_Greedy,epsilon=0.3,369,31.176091049077524,2.6528671211554498,28.523223927922075,33.82895817023297,5
scale_default,Epsilon_Greedy,epsilon=0.3,370,31.410852342749024,2.6511636164947783,28.759688726254247,34.0620159592438,5
scale_default,Epsilon_Greedy,epsilon=0.3,371,31.658062503916973,2.5829822478027404,29.075080256114234,34.24104475171971,5
scale_default,Epsilon_Greedy,epsilon=0.3,372,31.864680947342652,2.6285066827211696,29.236174264621482,34.49318763006382,5
scale_default,Epsilon_Greedy,epsilon=0.3,373,32.01057350769622,2.7201416235851252,29.290431884111097,34.73071513128135,5
scale_default,Epsilon_Greedy,epsilon=0.3,374,32.24200281175251,2.6609242313745485,29.581078580377966,34.902927043127065,5
scale_default,Epsilon_Greedy,epsilon=0.3,375,32.452862431976065,2.588567011382221,29.864295420593844,35.04142944335828,5
scale_default,Epsilon_Greedy,epsilon=0.3,376,32.5545391311323,2.526534712955174,30.028004418177126,35.08107384408748,5
scale_default,Epsilon_Greedy,epsilon=0.3,377,32.67062354554474,2.541293598227643,30.1293299473171,35.21191714377238,5
scale_default,Epsilon_Greedy,epsilon=0.3,378,32.84455513055586,2.5770503325212464,30.267504798034615,35.42160546307711,5
scale_default,Epsilon_Greedy,epsilon=0.3,379,33.06069023617433,2.6152053486257865,30.445484887548545,35.67589558480012,5
scale_default,Epsilon_Greedy,epsilon=0.3,380,33.20985823955489,2.6012544164015874,30.608603823153302,35.81111265595648,5
scale_default,Epsilon_Greedy,epsilon=0.3,381,33.332571482628644,2.644144408056239,30.688427074572406,35.976715890684886,5
scale_default,Epsilon_Greedy,epsilon=0.3,382,33.44141023776665,2.685695288067021,30.755714949699627,36.12710552583367,5
scale_default,Epsilon_Greedy,epsilon=0.3,383,33.532345298651194,2.7607060714407967,30.771639227210397,36.29305137009199,5
scale_default,Epsilon_Greedy,epsilon=0.3,384,33.65182052677845,2.7135890365411295,30.93823149023732,36.36540956331958,5
scale_default,Epsilon_Greedy,epsilon=0.3,385,33.725394128983794,2.6989015774251928,31.0264925515586,36.424295706408984,5
scale_default,Epsilon_Greedy,epsilon=0.3,386,33.81934992126754,2.6226966828532694,31.196653238414267,36.442046604120804,5
scale_default,Epsilon_Greedy,epsilon=0.3,387,33.97437452902284,2.603614280699972,31.370760248322867,36.57798880972281,5
scale_default,Epsilon_Greedy,epsilon=0.3,388,34.172316288363184,2.470030911864158,31.702285376499027,36.64234720022734,5
scale_default,Epsilon_Greedy,epsilon=0.3,389,34.32588189828974,2.405027820178036,31.920854078111702,36.73090971846777,5
scale_default,Epsilon_Greedy,epsilon=0.3,390,34.49644970614473,2.451697494184053,32.04475221196068,36.94814720032878,5
scale_default,Epsilon_Greedy,epsilon=0.3,391,34.740134128311226,2.424211224260856,32.31592290405037,37.164345352572084,5
scale_default,Epsilon_Greedy,epsilon=0.3,392,34.876707447011526,2.4238082790838402,32.45289916792768,37.30051572609537,5
scale_default,Epsilon_Greedy,epsilon=0.3,393,35.043953998404376,2.5680708727681902,32.47588312563619,37.612024871172565,5
scale_default,Epsilon_Greedy,epsilon=0.3,394,35.319956798765055,2.6382150199703753,32.68174177879468,37.95817181873543,5
scale_default,Epsilon_Greedy,epsilon=0.3,395,35.483519843000224,2.7558044462568216,32.7277153967434,38.23932428925705,5
scale_default,Epsilon_Greedy,epsilon=0.3,396,35.59343368184578,2.7309007888947217,32.86253289295106,38.3243344707405,5
scale_default,Epsilon_Greedy,epsilon=0.3,397,35.77145319060366,2.8373078861262577,32.9341453044774,38.60876107672992,5
scale_default,Epsilon_Greedy,epsilon=0.3,398,35.95836111111375,2.916054053936634,33.04230705717712,38.87441516505039,5
scale_default,Epsilon_Greedy,epsilon=0.3,399,36.123447249151084,2.871017628501868,33.25242962064922,38.99446487765295,5
scale_default,Epsilon_Greedy,epsilon=0.3,400,36.32631206337213,2.9242153900163186,33.40209667335581,39.25052745338845,5
scale_default,Epsilon_Greedy,epsilon=0.3,401,36.48721766059094,2.9253049436098695,33.56191271698108,39.41252260420081,5
scale_default,Epsilon_Greedy,epsilon=0.3,402,36.619830394742024,2.897045809564484,33.72278458517754,39.516876204306506,5
scale_default,Epsilon_Greedy,epsilon=0.3,403,36.752346360730996,2.9998125318382702,33.75253382889272,39.75215889256927,5
scale_default,Epsilon_Greedy,epsilon=0.3,404,36.919324604576374,2.941444381682649,33.977880222893724,39.860768986259025,5
scale_default,Epsilon_Greedy,epsilon=0.3,405,37.132089490563835,2.8499119740057455,34.28217751655809,39.98200146456958,5
scale_default,Epsilon_Greedy,epsilon=0.3,406,37.315065854421476,2.8887862382330898,34.42627961618839,40.203852092654564,5
scale_default,Epsilon_Greedy,epsilon=0.3,407,37.57888793387198,2.8095523129753204,34.76933562089666,40.3884402468473,5
scale_default,Epsilon_Greedy,epsilon=0.3,408,37.636466788933475,2.8341728861729254,34.80229390276055,40.4706396751064,5
scale_default,Epsilon_Greedy,epsilon=0.3,409,37.75051959829868,2.833189179799082,34.917330418499596,40.583708778097765,5
scale_default,Epsilon_Greedy,epsilon=0.3,410,37.90962164461394,2.809023198118426,35.10059844649552,40.71864484273237,5
scale_default,Epsilon_Greedy,epsilon=0.3,411,38.08773464445301,2.750884304007581,35.33685034044542,40.83861894846059,5
scale_default,Epsilon_Greedy,epsilon=0.3,412,38.285295193109945,2.632045264817995,35.65324992829195,40.91734045792794,5
scale_default,Epsilon_Greedy,epsilon=0.3,413,38.37198317747276,2.6859978938455726,35.68598528362718,41.05798107131833,5
scale_default,Epsilon_Greedy,epsilon=0.3,414,38.50001346550658,2.690888351690041,35.80912511381654,41.190901817196625,5
scale_default,Epsilon_Greedy,epsilon=0.3,415,38.697857302917285,2.7103129092994123,35.987544393617874,41.408170212216696,5
scale_default,Epsilon_Greedy,epsilon=0.3,416,38.937253630562125,2.6598419302631813,36.27741170029894,41.59709556082531,5
scale_default,Epsilon_Greedy,epsilon=0.3,417,39.055949232963364,2.700027088925995,36.35592214403737,41.75597632188936,5
scale_default,Epsilon_Greedy,epsilon=0.3,418,39.34688265908246,2.672547047593063,36.6743356114894,42.019429706675524,5
scale_default,Epsilon_Greedy,epsilon=0.3,419,39.52694350890486,2.7841713887294723,36.74277212017539,42.311114897634326,5
scale_default,Epsilon_Greedy,epsilon=0.3,420,39.69749751708256,2.8027343835538083,36.894763133528755,42.500231900636365,5
scale_default,Epsilon_Greedy,epsilon=0.3,421,39.9262564403201,2.873509017756993,37.05274742256311,42.7997654580771,5
scale_default,Epsilon_Greedy,epsilon=0.3,422,40.13500311668399,2.8622314267833664,37.27277168990062,42.99723454346736,5
scale_default,Epsilon_Greedy,epsilon=0.3,423,40.29588054097449,2.9157945672589602,37.38008597371552,43.21167510823345,5
scale_default,Epsilon_Greedy,epsilon=0.3,424,40.41375170063296,2.9272680135877387,37.48648368704522,43.34101971422069,5
scale_default,Epsilon_Greedy,epsilon=0.3,425,40.581163008631066,2.8437610923766066,37.737401916254456,43.424924101007676,5
scale_default,Epsilon_Greedy,epsilon=0.3,426,40.83817571610977,2.92073546109083,37.91744025501894,43.758911177200595,5
scale_default,Epsilon_Greedy,epsilon=0.3,427,41.019122838757895,2.9211912935853963,38.0979315451725,43.94031413234329,5
scale_default,Epsilon_Greedy,epsilon=0.3,428,41.21068947462979,2.7875225352908615,38.42316693933893,43.99821200992065,5
scale_default,Epsilon_Greedy,epsilon=0.3,429,41.41896284051147,2.814226705633776,38.60473613487769,44.23318954614525,5
scale_default,Epsilon_Greedy,epsilon=0.3,430,41.6701543752708,2.6955412804640075,38.97461309480679,44.365695655734804,5
scale_default,Epsilon_Greedy,epsilon=0.3,431,41.775389988703914,2.642966781191878,39.13242320751203,44.418356769895794,5
scale_default,Epsilon_Greedy,epsilon=0.3,432,41.976523569184465,2.554919179351922,39.421604389832545,44.531442748536385,5
scale_default,Epsilon_Greedy,epsilon=0.3,433,42.09523288839053,2.5304170979835905,39.56481579040694,44.625649986374114,5
scale_default,Epsilon_Greedy,epsilon=0.3,434,42.20613275303062,2.492880945471578,39.71325180755905,44.6990136985022,5
scale_default,Epsilon_Greedy,epsilon=0.3,435,42.40069873964737,2.4763346871644587,39.92436405248291,44.87703342681183,5
scale_default,Epsilon_Greedy,epsilon=0.3,436,42.64037824312204,2.5517319826145926,40.08864626050745,45.192110225736634,5
scale_default,Epsilon_Greedy,epsilon=0.3,437,42.81153287561986,2.567007685979406,40.244525189640456,45.378540561599266,5
scale_default,Epsilon_Greedy,epsilon=0.3,438,42.9115555399673,2.635635845029886,40.275919694937414,45.54719138499719,5
scale_default,Epsilon_Greedy,epsilon=0.3,439,43.128936960480736,2.6833467358556575,40.44559022462508,45.812283696336394,5
scale_default,Epsilon_Greedy,epsilon=0.3,440,43.33303903930088,2.6327296254172716,40.70030941388361,45.96576866471815,5
scale_default,Epsilon_Greedy,epsilon=0.3,441,43.52840233682399,2.628797233347542,40.899605103476446,46.15719957017153,5
scale_default,Epsilon_Greedy,epsilon=0.3,442,43.68573399474093,2.5100780296697547,41.17565596507117,46.195812024410685,5
scale_default,Epsilon_Greedy,epsilon=0.3,443,44.00297066005661,2.611030348652119,41.39194031140449,46.61400100870873,5
scale_default,Epsilon_Greedy,epsilon=0.3,444,44.106021983453516,2.58085113480039,41.525170848653126,46.68687311825391,5
scale_default,Epsilon_Greedy,epsilon=0.3,445,44.26712893153496,2.558444611528755,41.708684320006206,46.82557354306372,5
scale_default,Epsilon_Greedy,epsilon=0.3,446,44.42128764741569,2.5281774735998206,41.89311017381587,46.94946512101551,5
scale_default,Epsilon_Greedy,epsilon=0.3,447,44.59115572704735,2.4487105077110787,42.142445219336274,47.03986623475843,5
scale_default,Epsilon_Greedy,epsilon=0.3,448,44.74177549691097,2.4855409660832364,42.25623453082773,47.2273164629942,5
scale_default,Epsilon_Greedy,epsilon=0.3,449,44.84947746480954,2.48283675358963,42.36664071121991,47.33231421839917,5
scale_default,Epsilon_Greedy,epsilon=0.3,450,44.975327157479356,2.4327805452044187,42.54254661227494,47.40810770268377,5
scale_default,Epsilon_Greedy,epsilon=0.3,451,45.19634419323636,2.3624475580232924,42.833896635213065,47.55879175125965,5
scale_default,Epsilon_Greedy,epsilon=0.3,452,45.316663447096936,2.2641845438647152,43.05247890323222,47.58084799096165,5
scale_default,Epsilon_Greedy,epsilon=0.3,453,45.4801569656124,2.2710520622054458,43.20910490340695,47.75120902781785,5
scale_default,Epsilon_Greedy,epsilon=0.3,454,45.60217163729385,2.263578932063207,43.338592705230646,47.865750569357054,5
scale_default,Epsilon_Greedy,epsilon=0.3,455,45.75432411021089,2.275532169224465,43.478791940986426,48.02985627943535,5
scale_default,Epsilon_Greedy,epsilon=0.3,456,45.89513756438087,2.286748645949791,43.608388918431075,48.18188621033066,5
scale_default,Epsilon_Greedy,epsilon=0.3,457,45.9314606702417,2.298043221600967,43.63341744864073,48.22950389184267,5
scale_default,Epsilon_Greedy,epsilon=0.3,458,46.15899770052329,2.2354273056271987,43.92357039489609,48.394425006150485,5
scale_default,Epsilon_Greedy,epsilon=0.3,459,46.27217975909652,2.298777545890633,43.97340221320589,48.57095730498715,5
scale_default,Epsilon_Greedy,epsilon=0.3,460,46.49792539686007,2.2821676816444745,44.215757715215595,48.78009307850454,5
scale_default,Epsilon_Greedy,epsilon=0.3,461,46.626833701963875,2.3224389916196095,44.30439471034427,48.94927269358348,5
scale_default,Epsilon_Greedy,epsilon=0.3,462,46.88753397130574,2.3041058990559833,44.58342807224976,49.191639870361726,5
scale_default,Epsilon_Greedy,epsilon=0.3,463,47.089576629896996,2.434519320040425,44.65505730985657,49.52409594993742,5
scale_default,Epsilon_Greedy,epsilon=0.3,464,47.225981258876075,2.3771598526253688,44.84882140625071,49.603141111501444,5
scale_default,Epsilon_Greedy,epsilon=0.3,465,47.42975857774831,2.3113454457095184,45.11841313203879,49.74110402345783,5
scale_default,Epsilon_Greedy,epsilon=0.3,466,47.58641901200019,2.274551240758244,45.31186777124195,49.860970252758435,5
scale_default,Epsilon_Greedy,epsilon=0.3,467,47.750196671301865,2.1370567299236867,45.61313994137818,49.88725340122555,5
scale_default,Epsilon_Greedy,epsilon=0.3,468,47.8603662265091,2.077529485683724,45.782836740825374,49.93789571219283,5
scale_default,Epsilon_Greedy,epsilon=0.3,469,47.999361534547006,2.032592069721553,45.966769464825454,50.03195360426856,5
scale_default,Epsilon_Greedy,epsilon=0.3,470,48.21416492184592,2.117954062131042,46.09621085971488,50.33211898397696,5
scale_default,Epsilon_Greedy,epsilon=0.3,471,48.367930936093614,2.0270139730087338,46.34091696308488,50.39494490910235,5
scale_default,Epsilon_Greedy,epsilon=0.3,472,48.57516674714091,2.0967401143770386,46.47842663276387,50.671906861517954,5
scale_default,Epsilon_Greedy,epsilon=0.3,473,48.74237414230354,2.0141131696683803,46.72826097263516,50.75648731197192,5
scale_default,Epsilon_Greedy,epsilon=0.3,474,49.033529384402996,2.133107046064421,46.90042233833857,51.16663643046742,5
scale_default,Epsilon_Greedy,epsilon=0.3,475,49.25163539436387,2.188982953278397,47.062652441085476,51.44061834764227,5
scale_default,Epsilon_Greedy,epsilon=0.3,476,49.46287750517246,2.1261209045499787,47.33675660062248,51.588998409722436,5
scale_default,Epsilon_Greedy,epsilon=0.3,477,49.61703272932857,2.0485621684151716,47.5684705609134,51.665594897743745,5
scale_default,Epsilon_Greedy,epsilon=0.3,478,49.81253126487439,2.1239284092919526,47.68860285558243,51.93645967416634,5
scale_default,Epsilon_Greedy,epsilon=0.3,479,49.943522864659414,2.078885546368198,47.864637318291216,52.02240841102761,5
scale_default,Epsilon_Greedy,epsilon=0.3,480,50.099557300596175,2.1712314071648438,47.92832589343133,52.27078870776102,5
scale_default,Epsilon_Greedy,epsilon=0.3,481,50.318237214266944,2.2310555639254783,48.08718165034146,52.549292778192424,5
scale_default,Epsilon_Greedy,epsilon=0.3,482,50.483556773833655,2.232349926894169,48.25120684693949,52.71590670072782,5
scale_default,Epsilon_Greedy,epsilon=0.3,483,50.618162460584436,2.150985591211443,48.46717686937299,52.76914805179588,5
scale_default,Epsilon_Greedy,epsilon=0.3,484,50.74983320987182,2.1999193367341956,48.54991387313762,52.949752546606014,5
scale_default,Epsilon_Greedy,epsilon=0.3,485,51.011497727999604,2.3560573190980336,48.65544040890157,53.36755504709764,5
scale_default,Epsilon_Greedy,epsilon=0.3,486,51.282633536320134,2.3275284245680496,48.95510511175208,53.610161960888185,5
scale_default,Epsilon_Greedy,epsilon=0.3,487,51.36573880929741,2.3951166785624105,48.970622130735,53.76085548785982,5
scale_default,Epsilon_Greedy,epsilon=0.3,488,51.498274148232255,2.4739189282944625,49.024355219937796,53.972193076526715,5
scale_default,Epsilon_Greedy,epsilon=0.3,489,51.57091267148312,2.4957936715876072,49.075118999895516,54.06670634307073,5
scale_default,Epsilon_Greedy,epsilon=0.3,490,51.703340050247846,2.5455839598265566,49.15775609042129,54.248924010074404,5
scale_default,Epsilon_Greedy,epsilon=0.3,491,51.87724014884778,2.435422746660605,49.441817402187176,54.31266289550839,5
scale_default,Epsilon_Greedy,epsilon=0.3,492,52.12779972319605,2.481960459938388,49.64583926325766,54.60976018313443,5
scale_default,Epsilon_Greedy,epsilon=0.3,493,52.33030703669393,2.417846840144964,49.91246019654896,54.7481538768389,5
scale_default,Epsilon_Greedy,epsilon=0.3,494,52.66531519238583,2.48558540435046,50.179729788035374,55.15090059673629,5
scale_default,Epsilon_Greedy,epsilon=0.3,495,52.918192547207966,2.410742983527423,50.507449563680545,55.328935530735386,5
scale_default,Epsilon_Greedy,epsilon=0.3,496,53.23715528553696,2.3545934722232578,50.8825618133137,55.591748757760215,5
scale_default,Epsilon_Greedy,epsilon=0.3,497,53.33519967967734,2.3201723364989677,51.01502734317837,55.65537201617631,5
scale_default,Epsilon_Greedy,epsilon=0.3,498,53.46677629095359,2.3943426351595516,51.072433655794036,55.86111892611314,5
scale_default,Epsilon_Greedy,epsilon=0.3,499,53.618995288733615,2.4825294336395967,51.136465855094016,56.10152472237321,5
scale_default,Epsilon_Greedy,epsilon=0.3,500,53.87452244295654,2.55566440093576,51.31885804202078,56.4301868438923,5
scale_default,Epsilon_Greedy,epsilon=0.3,501,54.11625961777075,2.602028898268335,51.514230719502415,56.71828851603909,5
scale_default,Epsilon_Greedy,epsilon=0.3,502,54.33731586766605,2.7984534929989553,51.5388623746671,57.135769360665,5
scale_default,Epsilon_Greedy,epsilon=0.3,503,54.47589638071118,2.773092822778341,51.70280355793284,57.248989203489515,5
scale_default,Epsilon_Greedy,epsilon=0.3,504,54.61985530895881,2.794954451514689,51.82490085744412,57.4148097604735,5
scale_default,Epsilon_Greedy,epsilon=0.3,505,54.925874463681076,2.6526484952549327,52.273225968426146,57.578522958936006,5
scale_default,Epsilon_Greedy,epsilon=0.3,506,54.96203080534478,2.655576480641117,52.306454324703665,57.6176072859859,5
scale_default,Epsilon_Greedy,epsilon=0.3,507,55.08447279825661,2.597739194519748,52.486733603736866,57.68221199277636,5
scale_default,Epsilon_Greedy,epsilon=0.3,508,55.22723305005188,2.555394127292973,52.67183892275891,57.78262717734485,5
scale_default,Epsilon_Greedy,epsilon=0.3,509,55.35622869127731,2.5409608800993255,52.81526781117798,57.897189571376636,5
scale_default,Epsilon_Greedy,epsilon=0.3,510,55.45537840753805,2.5442930067482488,52.9110854007898,57.9996714142863,5
scale_default,Epsilon_Greedy,epsilon=0.3,511,55.57929899752295,2.4893417439510683,53.08995725357188,58.06864074147401,5
scale_default,Epsilon_Greedy,epsilon=0.3,512,55.68397568534901,2.5032297880322214,53.18074589731679,58.18720547338123,5
scale_default,Epsilon_Greedy,epsilon=0.3,513,55.9040456873047,2.4909553899712584,53.41309029733344,58.395001077275964,5
scale_default,Epsilon_Greedy,epsilon=0.3,514,56.13470599025682,2.4670006212830753,53.66770536897374,58.601706611539896,5
scale_default,Epsilon_Greedy,epsilon=0.3,515,56.35109587875843,2.4107829153234417,53.940312963434984,58.76187879408187,5
scale_default,Epsilon_Greedy,epsilon=0.3,516,56.67018819958114,2.1853243627555603,54.48486383682558,58.8555125623367,5
scale_default,Epsilon_Greedy,epsilon=0.3,517,56.84223411788433,2.1264080210816605,54.71582609680267,58.96864213896599,5
scale_default,Epsilon_Greedy,epsilon=0.3,518,57.07226470362964,2.1726703744797127,54.89959432914993,59.24493507810936,5
scale_default,Epsilon_Greedy,epsilon=0.3,519,57.21382977350076,2.235674728926568,54.978155044574194,59.44950450242733,5
scale_default,Epsilon_Greedy,epsilon=0.3,520,57.43153088453399,2.137027614664893,55.2945032698691,59.568558499198886,5
scale_default,Epsilon_Greedy,epsilon=0.3,521,57.623183813784806,2.1456832777153028,55.477500536069506,59.768867091500105,5
scale_default,Epsilon_Greedy,epsilon=0.3,522,57.85521020487492,2.0655782113401613,55.78963199353476,59.92078841621508,5
scale_default,Epsilon_Greedy,epsilon=0.3,523,57.98754959284802,2.155286595006897,55.83226299784112,60.14283618785492,5
scale_default,Epsilon_Greedy,epsilon=0.3,524,58.180743847484834,2.185042369068485,55.99570147841635,60.36578621655332,5
scale_default,Epsilon_Greedy,epsilon=0.3,525,58.382489481760125,2.3179286835132142,56.06456079824691,60.70041816527334,5
scale_default,Epsilon_Greedy,epsilon=0.3,526,58.58940853504847,2.3301873600254295,56.25922117502304,60.9195958950739,5
scale_default,Epsilon_Greedy,epsilon=0.3,527,58.76339298884096,2.2746526809073466,56.48874030793362,61.03804566974831,5
scale_default,Epsilon_Greedy,epsilon=0.3,528,58.936993867880645,2.238654881447992,56.69833898643265,61.17564874932864,5
scale_default,Epsilon_Greedy,epsilon=0.3,529,59.17849760985739,2.2337319663673747,56.944765643490015,61.41222957622476,5
scale_default,Epsilon_Greedy,epsilon=0.3,530,59.29002820607532,2.1917591478088325,57.09826905826649,61.48178735388415,5
scale_default,Epsilon_Greedy,epsilon=0.3,531,59.43896826007352,2.1553642259383397,57.28360403413518,61.594332486011865,5
scale_default,Epsilon_Greedy,epsilon=0.3,532,59.62900849955405,2.1218124232181825,57.507196076335866,61.75082092277223,5
scale_default,Epsilon_Greedy,epsilon=0.3,533,59.7976617893461,2.058348544409884,57.73931324493622,61.85601033375598,5
scale_default,Epsilon_Greedy,epsilon=0.3,534,59.89981639928307,2.107558780993475,57.7922576182896,62.00737518027654,5
scale_default,Epsilon_Greedy,epsilon=0.3,535,59.997121349900716,2.099238628568105,57.897882721332614,62.09635997846882,5
scale_default,Epsilon_Greedy,epsilon=0.3,536,60.09222086918004,2.0682624263679674,58.023958442812074,62.160483295548005,5
scale_default,Epsilon_Greedy,epsilon=0.3,537,60.283996762375466,2.0883830077384418,58.19561375463702,62.37237977011391,5
scale_default,Epsilon_Greedy,epsilon=0.3,538,60.37760560308679,2.082897342321953,58.294708260764835,62.46050294540875,5
scale_default,Epsilon_Greedy,epsilon=0.3,539,60.59057966134035,2.041372936841701,58.549206724498646,62.63195259818205,5
scale_default,Epsilon_Greedy,epsilon=0.3,540,60.72635485723051,2.0083496161100087,58.7180052411205,62.73470447334052,5
scale_default,Epsilon_Greedy,epsilon=0.3,541,60.90379429237542,2.0953049511480244,58.8084893412274,62.999099243523446,5
scale_default,Epsilon_Greedy,epsilon=0.3,542,60.99972410549069,2.0495631485191397,58.95016095697155,63.04928725400983,5
scale_default,Epsilon_Greedy,epsilon=0.3,543,61.249889266699974,1.9631995842958505,59.28668968240412,63.213088850995824,5
scale_default,Epsilon_Greedy,epsilon=0.3,544,61.40629676126203,2.0217183160685015,59.384578445193526,63.42801507733053,5
scale_default,Epsilon_Greedy,epsilon=0.3,545,61.67526850683638,1.982130083820051,59.69313842301633,63.657398590656435,5
scale_default,Epsilon_Greedy,epsilon=0.3,546,61.86080782487754,1.9532615181327209,59.90754630674482,63.81406934301026,5
scale_default,Epsilon_Greedy,epsilon=0.3,547,62.11611400501427,2.273138583736915,59.84297542127735,64.38925258875118,5
scale_default,Epsilon_Greedy,epsilon=0.3,548,62.39748857304728,2.3631037287608287,60.03438484428646,64.76059230180812,5
scale_default,Epsilon_Greedy,epsilon=0.3,549,62.65726235398101,2.3694378096389395,60.28782454434207,65.02670016361995,5
scale_default,Epsilon_Greedy,epsilon=0.3,550,62.8650065379132,2.3916842954292066,60.473322242483995,65.2566908333424,5
scale_default,Epsilon_Greedy,epsilon=0.3,551,62.93635313623315,2.445915608185014,60.49043752804814,65.38226874441817,5
scale_default,Epsilon_Greedy,epsilon=0.3,552,63.10778337587783,2.419884160112725,60.68789921576511,65.52766753599056,5
scale_default,Epsilon_Greedy,epsilon=0.3,553,63.33656169949502,2.3896294963487135,60.94693220314631,65.72619119584374,5
scale_default,Epsilon_Greedy,epsilon=0.3,554,63.55563616317049,2.374556900041198,61.18107926312929,65.93019306321169,5
scale_default,Epsilon_Greedy,epsilon=0.3,555,63.66751866775172,2.339482665138922,61.3280360026128,66.00700133289064,5
scale_default,Epsilon_Greedy,epsilon=0.3,556,63.809333750829275,2.3810232798475464,61.42831047098173,66.19035703067682,5
scale_default,Epsilon_Greedy,epsilon=0.3,557,63.93753073624257,2.4080201346244623,61.52951060161811,66.34555087086703,5
scale_default,Epsilon_Greedy,epsilon=0.3,558,64.10656982987908,2.472520672885203,61.634049156993875,66.57909050276427,5
scale_default,Epsilon_Greedy,epsilon=0.3,559,64.1980271192377,2.480869250202697,61.717157869035,66.6788963694404,5
scale_default,Epsilon_Greedy,epsilon=0.3,560,64.39781180174107,2.510404426958225,61.887407374782846,66.9082162286993,5
scale_default,Epsilon_Greedy,epsilon=0.3,561,64.52201650914733,2.5527224227865037,61.96929408636083,67.07473893193384,5
scale_default,Epsilon_Greedy,epsilon=0.3,562,64.72376734538894,2.5289445794604957,62.19482276592844,67.25271192484944,5
scale_default,Epsilon_Greedy,epsilon=0.3,563,64.93096060498854,2.688877315081074,62.24208328990747,67.61983792006961,5
scale_default,Epsilon_Greedy,epsilon=0.3,564,65.08153815634532,2.655720574102282,62.425817582243035,67.73725873044759,5
scale_default,Epsilon_Greedy,epsilon=0.3,565,65.30058519555277,2.5999496249671683,62.700635570585604,67.90053482051994,5
scale_default,Epsilon_Greedy,epsilon=0.3,566,65.45528354726613,2.606121364812009,62.84916218245412,68.06140491207815,5
scale_default,Epsilon_Greedy,epsilon=0.3,567,65.55866403677992,2.7110152635989646,62.84764877318095,68.26967930037888,5
scale_default,Epsilon_Greedy,epsilon=0.3,568,65.81770269016572,2.7309375112557817,63.086765178909936,68.5486402014215,5
scale_default,Epsilon_Greedy,epsilon=0.3,569,65.96082761913793,2.716138080304807,63.24468953883312,68.67696569944273,5
scale_default,Epsilon_Greedy,epsilon=0.3,570,66.16410313204103,2.753176795929046,63.41092633611199,68.91727992797009,5
scale_default,Epsilon_Greedy,epsilon=0.3,571,66.24881590587282,2.773775707479588,63.47504019839323,69.0225916133524,5
scale_default,Epsilon_Greedy,epsilon=0.3,572,66.51854248595389,2.8042313886282697,63.71431109732562,69.32277387458215,5
scale_default,Epsilon_Greedy,epsilon=0.3,573,66.75364487951985,2.693257710259598,64.06038716926025,69.44690258977946,5
scale_default,Epsilon_Greedy,epsilon=0.3,574,66.99485009046793,2.698228423150734,64.2966216673172,69.69307851361867,5
scale_default,Epsilon_Greedy,epsilon=0.3,575,67.26559648264985,2.7351981713905626,64.53039831125929,70.00079465404042,5
scale_default,Epsilon_Greedy,epsilon=0.3,576,67.52227715517608,2.8684206553984413,64.65385649977765,70.39069781057452,5
scale_default,Epsilon_Greedy,epsilon=0.3,577,67.71799918251946,2.924713473015955,64.79328570950351,70.64271265553542,5
scale_default,Epsilon_Greedy,epsilon=0.3,578,67.93017341023688,2.9136627593856725,65.0165106508512,70.84383616962255,5
scale_default,Epsilon_Greedy,epsilon=0.3,579,68.05414668706855,2.7934029964800455,65.26074369058851,70.84754968354859,5
scale_default,Epsilon_Greedy,epsilon=0.3,580,68.17415257507487,2.8605878688727726,65.3135647062021,71.03474044394764,5
scale_default,Epsilon_Greedy,epsilon=0.3,581,68.43925926940436,2.809370725139937,65.62988854426442,71.2486299945443,5
scale_default,Epsilon_Greedy,epsilon=0.3,582,68.50084597919081,2.8036188497941943,65.69722712939662,71.304464828985,5
scale_default,Epsilon_Greedy,epsilon=0.3,583,68.67301082119498,2.7958194563260608,65.87719136486892,71.46883027752104,5
scale_default,Epsilon_Greedy,epsilon=0.3,584,68.91968422593644,2.786158547594991,66.13352567834144,71.70584277353143,5
scale_default,Epsilon_Greedy,epsilon=0.3,585,69.02092962789732,2.808907608979037,66.21202201891828,71.82983723687636,5
scale_default,Epsilon_Greedy,epsilon=0.3,586,69.14232372401167,2.8031541070747785,66.3391696169369,71.94547783108645,5
scale_default,Epsilon_Greedy,epsilon=0.3,587,69.36859113780032,2.9084707854836913,66.46012035231664,72.27706192328401,5
scale_default,Epsilon_Greedy,epsilon=0.3,588,69.51655245808718,2.8892125912416002,66.62733986684557,72.40576504932878,5
scale_default,Epsilon_Greedy,epsilon=0.3,589,69.62295886260128,2.8470765757435434,66.77588228685774,72.47003543834482,5
scale_default,Epsilon_Greedy,epsilon=0.3,590,69.7932327087024,2.822870497006886,66.97036221169552,72.6161032057093,5
scale_default,Epsilon_Greedy,epsilon=0.3,591,70.06747017658599,2.864938343442698,67.20253183314328,72.93240852002869,5
scale_default,Epsilon_Greedy,epsilon=0.3,592,70.24652294103487,2.86326202945445,67.38326091158042,73.10978497048932,5
scale_default,Epsilon_Greedy,epsilon=0.3,593,70.40439763674428,2.911159078789896,67.49323855795438,73.31555671553417,5
scale_default,Epsilon_Greedy,epsilon=0.3,594,70.53905696022363,2.8858047922811902,67.65325216794244,73.42486175250482,5
scale_default,Epsilon_Greedy,epsilon=0.3,595,70.58281939709663,2.936420353410523,67.6463990436861,73.51923975050715,5
scale_default,Epsilon_Greedy,epsilon=0.3,596,70.76145501562861,2.8723756045672872,67.88907941106133,73.6338306201959,5
scale_default,Epsilon_Greedy,epsilon=0.3,597,70.9992442988133,2.771018121571266,68.22822617724204,73.77026242038455,5
scale_default,Epsilon_Greedy,epsilon=0.3,598,71.1719659436603,2.8526512334997425,68.31931471016055,74.02461717716004,5
scale_default,Epsilon_Greedy,epsilon=0.3,599,71.35608387890167,2.9234388842467727,68.4326449946549,74.27952276314845,5
scale_default,Epsilon_Greedy,epsilon=0.4,0,0.042282557067540055,0.053732557736515224,-0.011450000668975169,0.09601511480405528,5
scale_default,Epsilon_Greedy,epsilon=0.4,1,0.09453700079837414,0.09799363346565487,-0.003456632667280732,0.192530634264029,5
scale_default,Epsilon_Greedy,epsilon=0.4,2,0.12361948262867824,0.08497493723374648,0.038644545394931756,0.20859441986242472,5
scale_default,Epsilon_Greedy,epsilon=0.4,3,0.12974550239209456,0.08464819219679584,0.04509731019529872,0.2143936945888904,5
scale_default,Epsilon_Greedy,epsilon=0.4,4,0.1436778818942445,0.08043016850196535,0.06324771339227914,0.22410805039620985,5
scale_default,Epsilon_Greedy,epsilon=0.4,5,0.1560709257125344,0.07643757814006787,0.07963334757246653,0.23250850385260224,5
scale_default,Epsilon_Greedy,epsilon=0.4,6,0.18058407241063174,0.11228376057188828,0.06830031183874345,0.29286783298252,5
scale_default,Epsilon_Greedy,epsilon=0.4,7,0.21394752121472607,0.1219211300198902,0.09202639119483587,0.3358686512346163,5
scale_default,Epsilon_Greedy,epsilon=0.4,8,0.2274424553733808,0.1395601173256434,0.08788233804773737,0.3670025726990242,5
scale_default,Epsilon_Greedy,epsilon=0.4,9,0.25195550991724325,0.16116825855541778,0.09078725136182547,0.413123768472661,5
scale_default,Epsilon_Greedy,epsilon=0.4,10,0.29233805638940275,0.16338108135558913,0.12895697503381362,0.45571913774499184,5
scale_default,Epsilon_Greedy,epsilon=0.4,11,0.30918507429270303,0.1667986943017996,0.14238637999090342,0.47598376859450264,5
scale_default,Epsilon_Greedy,epsilon=0.4,12,0.32633077279250633,0.1748619177702427,0.15146885502226362,0.5011926905627491,5
scale_default,Epsilon_Greedy,epsilon=0.4,13,0.3349769755898987,0.1765258210269128,0.1584511545629859,0.5115027966168115,5
scale_default,Epsilon_Greedy,epsilon=0.4,14,0.36610596678882446,0.20473672697081524,0.1613692398180092,0.5708426937596397,5
scale_default,Epsilon_Greedy,epsilon=0.4,15,0.3705346559165169,0.20590477843391575,0.16462987748260116,0.5764394343504327,5
scale_default,Epsilon_Greedy,epsilon=0.4,16,0.38087266537083997,0.21533247679028564,0.16554018858055433,0.5962051421611256,5
scale_default,Epsilon_Greedy,epsilon=0.4,17,0.39124688570884236,0.216829915694316,0.17441697001452636,0.6080768014031583,5
scale_default,Epsilon_Greedy,epsilon=0.4,18,0.40919105707806996,0.21857284647615935,0.19061821060191061,0.6277639035542293,5
scale_default,Epsilon_Greedy,epsilon=0.4,19,0.4685045441736406,0.20929455923526655,0.2592099849383741,0.6777991034089071,5
scale_default,Epsilon_Greedy,epsilon=0.4,20,0.5017170321871093,0.22940383275242135,0.2723131994346879,0.7311208649395307,5
scale_default,Epsilon_Greedy,epsilon=0.4,21,0.5156683297105769,0.23679299599068657,0.27887533371989026,0.7524613257012635,5
scale_default,Epsilon_Greedy,epsilon=0.4,22,0.5376870431808773,0.24769226999735944,0.2899947731835179,0.7853793131782367,5
scale_default,Epsilon_Greedy,epsilon=0.4,23,0.5745759266768244,0.21559369856919533,0.35898222810762914,0.7901696252460197,5
scale_default,Epsilon_Greedy,epsilon=0.4,24,0.6115511170265175,0.2439178557863806,0.36763326124013695,0.8554689728128981,5
scale_default,Epsilon_Greedy,epsilon=0.4,25,0.6289263740140573,0.2555700727984721,0.37335630121558516,0.8844964468125294,5
scale_default,Epsilon_Greedy,epsilon=0.4,26,0.6434565893953986,0.26778688544841706,0.37566970394698157,0.9112434748438156,5
scale_default,Epsilon_Greedy,epsilon=0.4,27,0.6672294364077475,0.2680754208033554,0.39915401560439207,0.9353048572111029,5
scale_default,Epsilon_Greedy,epsilon=0.4,28,0.6856634009229456,0.2741280906752601,0.4115353102476855,0.9597914915982058,5
scale_default,Epsilon_Greedy,epsilon=0.4,29,0.7161176725894963,0.2970791424176958,0.41903853017180054,1.0131968150071922,5
scale_default,Epsilon_Greedy,epsilon=0.4,30,0.743955524363086,0.265806976674919,0.478148547688167,1.009762501038005,5
scale_default,Epsilon_Greedy,epsilon=0.4,31,0.7515036013003586,0.2728234937507946,0.478680107549564,1.0243270950511532,5
scale_default,Epsilon_Greedy,epsilon=0.4,32,0.7688322046633701,0.2824476131881299,0.4863845914752402,1.0512798178515,5
scale_default,Epsilon_Greedy,epsilon=0.4,33,0.7973240770220893,0.26770557418174096,0.5296185028403484,1.0650296512038302,5
scale_default,Epsilon_Greedy,epsilon=0.4,34,0.8037094382128493,0.2705893109251897,0.5331201272876597,1.074298749138039,5
scale_default,Epsilon_Greedy,epsilon=0.4,35,0.8179384242429089,0.2720384666392663,0.5458999576036425,1.0899768908821752,5
scale_default,Epsilon_Greedy,epsilon=0.4,36,0.8342578198370496,0.2714159077660913,0.5628419120709582,1.105673727603141,5
scale_default,Epsilon_Greedy,epsilon=0.4,37,0.8490071065902398,0.26442658635454064,0.5845805202356992,1.1134336929447803,5
scale_default,Epsilon_Greedy,epsilon=0.4,38,0.8561176087193878,0.2639297739177411,0.5921878348016467,1.1200473826371289,5
scale_default,Epsilon_Greedy,epsilon=0.4,39,0.8608444942286919,0.25997021255502123,0.6008742816736707,1.120814706783713,5
scale_default,Epsilon_Greedy,epsilon=0.4,40,0.8791726897147056,0.2731373119635145,0.6060353777511911,1.1523100016782202,5
scale_default,Epsilon_Greedy,epsilon=0.4,41,0.897758654170761,0.2947466580854539,0.6030119960853071,1.1925053122562148,5
scale_default,Epsilon_Greedy,epsilon=0.4,42,0.9040922475692957,0.2888469952394284,0.6152452523298673,1.1929392428087242,5
scale_default,Epsilon_Greedy,epsilon=0.4,43,0.9412917525131188,0.2663140277557785,0.6749777247573403,1.2076057802688973,5
scale_default,Epsilon_Greedy,epsilon=0.4,44,0.9506469616093449,0.25720256531399116,0.6934443962953538,1.207849526923336,5
scale_default,Epsilon_Greedy,epsilon=0.4,45,0.9551719102219423,0.25536804353616704,0.6998038666857752,1.2105399537581092,5
scale_default,Epsilon_Greedy,epsilon=0.4,46,0.9739116618638629,0.24924860654047248,0.7246630553233904,1.2231602684043354,5
scale_default,Epsilon_Greedy,epsilon=0.4,47,0.9849644797316474,0.24173131020398586,0.7432331695276615,1.2266957899356332,5
scale_default,Epsilon_Greedy,epsilon=0.4,48,0.9932221523693364,0.2375038603637265,0.7557182920056099,1.2307260127330628,5
scale_default,Epsilon_Greedy,epsilon=0.4,49,1.02378392864733,0.2473290117570314,0.7764549168902987,1.2711129404043615,5
scale_default,Epsilon_Greedy,epsilon=0.4,50,1.046962113304841,0.2687775180412109,0.7781845952636302,1.3157396313460519,5
scale_default,Epsilon_Greedy,epsilon=0.4,51,1.053082432002297,0.2660243157758792,0.7870581162264176,1.3191067477781762,5
scale_default,Epsilon_Greedy,epsilon=0.4,52,1.062504137387343,0.26232474720821586,0.8001793901791271,1.3248288845955587,5
scale_default,Epsilon_Greedy,epsilon=0.4,53,1.0778242300159413,0.2572279889192453,0.820596241096696,1.3350522189351866,5
scale_default,Epsilon_Greedy,epsilon=0.4,54,1.0816776225660472,0.25449155206273144,0.8271860705033157,1.3361691746287785,5
scale_default,Epsilon_Greedy,epsilon=0.4,55,1.1003108211818962,0.2432340761804073,0.8570767450014889,1.3435448973623034,5
scale_default,Epsilon_Greedy,epsilon=0.4,56,1.1055674807601115,0.24034763112021384,0.8652198496398976,1.3459151118803252,5
scale_default,Epsilon_Greedy,epsilon=0.4,57,1.1160740350902105,0.23775965369190455,0.878314381398306,1.3538336887821152,5
scale_default,Epsilon_Greedy,epsilon=0.4,58,1.1256820742195441,0.23181897582791805,0.893863098391626,1.3575010500474622,5
scale_default,Epsilon_Greedy,epsilon=0.4,59,1.1424193566789138,0.21873002535953698,0.9236893313193768,1.3611493820384508,5
scale_default,Epsilon_Greedy,epsilon=0.4,60,1.1531665034148437,0.2161167969621289,0.9370497064527148,1.3692833003769727,5
scale_default,Epsilon_Greedy,epsilon=0.4,61,1.181097304326906,0.24707550713313592,0.9340217971937701,1.4281728114600418,5
scale_default,Epsilon_Greedy,epsilon=0.4,62,1.2571754766696015,0.2694582513087961,0.9877172253608054,1.5266337279783975,5
scale_default,Epsilon_Greedy,epsilon=0.4,63,1.2841388644748373,0.26564452015768786,1.0184943443171495,1.549783384632525,5
scale_default,Epsilon_Greedy,epsilon=0.4,64,1.3102532698084015,0.29157349971566415,1.0186797700927372,1.6018267695240658,5
scale_default,Epsilon_Greedy,epsilon=0.4,65,1.3540897899102196,0.26493106305128455,1.0891587268589351,1.619020852961504,5
scale_default,Epsilon_Greedy,epsilon=0.4,66,1.361042316824545,0.2659605329621902,1.0950817838623548,1.627002849786735,5
scale_default,Epsilon_Greedy,epsilon=0.4,67,1.3922473230608485,0.2816681563986347,1.1105791666622138,1.6739154794594833,5
scale_default,Epsilon_Greedy,epsilon=0.4,68,1.4379467765484126,0.3055103495701102,1.1324364269783025,1.7434571261185228,5
scale_default,Epsilon_Greedy,epsilon=0.4,69,1.43929096818568,0.303958547958705,1.135332420226975,1.743249516144385,5
scale_default,Epsilon_Greedy,epsilon=0.4,70,1.4483185677933765,0.313957075106166,1.1343614926872105,1.7622756428995425,5
scale_default,Epsilon_Greedy,epsilon=0.4,71,1.453186152920758,0.31189638677365583,1.1412897661471022,1.7650825396944136,5
scale_default,Epsilon_Greedy,epsilon=0.4,72,1.4635269826386224,0.3088508349936376,1.1546761476449847,1.77237781763226,5
scale_default,Epsilon_Greedy,epsilon=0.4,73,1.4771517340284055,0.32705161333206706,1.1501001206963384,1.8042033473604726,5
scale_default,Epsilon_Greedy,epsilon=0.4,74,1.4803658081456805,0.3272365327453265,1.153129275400354,1.8076023408910071,5
scale_default,Epsilon_Greedy,epsilon=0.4,75,1.4992839130287625,0.32284198537772407,1.1764419276510385,1.8221258984064865,5
scale_default,Epsilon_Greedy,epsilon=0.4,76,1.5012782406403544,0.32545105303256566,1.1758271876077888,1.82672929367292,5
scale_default,Epsilon_Greedy,epsilon=0.4,77,1.5166590595385334,0.32434085085623915,1.1923182086822943,1.8409999103947725,5
scale_default,Epsilon_Greedy,epsilon=0.4,78,1.5444516932337484,0.31488723619245285,1.2295644570412956,1.8593389294262013,5
scale_default,Epsilon_Greedy,epsilon=0.4,79,1.5572674216540208,0.3163455216928971,1.2409218999611236,1.873612943346918,5
scale_default,Epsilon_Greedy,epsilon=0.4,80,1.5869490536144242,0.30283917265012655,1.2841098809642977,1.8897882262645507,5
scale_default,Epsilon_Greedy,epsilon=0.4,81,1.6010499488191303,0.31595021027802184,1.2850997385411085,1.9170001590971522,5
scale_default,Epsilon_Greedy,epsilon=0.4,82,1.6082063588840847,0.31035568179089,1.2978506770931948,1.9185620406749746,5
scale_default,Epsilon_Greedy,epsilon=0.4,83,1.6247226029961985,0.3054932964370286,1.31922930655917,1.930215899433227,5
scale_default,Epsilon_Greedy,epsilon=0.4,84,1.6496152029519457,0.33369597377097243,1.3159192291809734,1.9833111767229181,5
scale_default,Epsilon_Greedy,epsilon=0.4,85,1.6682568017106127,0.3336358463742658,1.334620955336347,2.0018926480848784,5
scale_default,Epsilon_Greedy,epsilon=0.4,86,1.6946582387909537,0.3308291960044754,1.3638290427864783,2.025487434795429,5
scale_default,Epsilon_Greedy,epsilon=0.4,87,1.7031153661644047,0.3352409398507122,1.3678744263136926,2.038356306015117,5
scale_default,Epsilon_Greedy,epsilon=0.4,88,1.7125794947654747,0.3356224142676498,1.3769570804978248,2.0482019090331245,5
scale_default,Epsilon_Greedy,epsilon=0.4,89,1.7313731408575244,0.3287156825909515,1.4026574582665727,2.060088823448476,5
scale_default,Epsilon_Greedy,epsilon=0.4,90,1.7399326650993665,0.33939644255048856,1.400536222548878,2.0793291076498552,5
scale_default,Epsilon_Greedy,epsilon=0.4,91,1.7535256203895409,0.3388348567368663,1.4146907636526747,2.092360477126407,5
scale_default,Epsilon_Greedy,epsilon=0.4,92,1.7765872059701604,0.34312017674671763,1.4334670292234428,2.119707382716878,5
scale_default,Epsilon_Greedy,epsilon=0.4,93,1.7949821069802503,0.34294895339861853,1.4520331535816318,2.137931060378869,5
scale_default,Epsilon_Greedy,epsilon=0.4,94,1.8118924789751325,0.34398891292762224,1.4679035660475104,2.1558813919027546,5
scale_default,Epsilon_Greedy,epsilon=0.4,95,1.8229915571982567,0.3424446137889321,1.4805469434093246,2.1654361709871885,5
scale_default,Epsilon_Greedy,epsilon=0.4,96,1.8453435574884303,0.37048563282900493,1.4748579246594253,2.215829190317435,5
scale_default,Epsilon_Greedy,epsilon=0.4,97,1.8542414227973594,0.367512182301679,1.4867292404956804,2.2217536050990385,5
scale_default,Epsilon_Greedy,epsilon=0.4,98,1.869085597763852,0.35682451044282226,1.5122610873210298,2.2259101082066746,5
scale_default,Epsilon_Greedy,epsilon=0.4,99,1.8781525392838503,0.3539036361113823,1.524248903172468,2.2320561753952326,5
scale_default,Epsilon_Greedy,epsilon=0.4,100,1.880656628222829,0.3509733660694112,1.5296832621534178,2.2316299942922404,5
scale_default,Epsilon_Greedy,epsilon=0.4,101,1.904249571376384,0.33361856482447816,1.5706310065519058,2.2378681362008623,5
scale_default,Epsilon_Greedy,epsilon=0.4,102,1.9172245741877418,0.32866303273875086,1.5885615414489909,2.245887606926493,5
scale_default,Epsilon_Greedy,epsilon=0.4,103,1.9412020815960531,0.33339886014806575,1.6078032214479874,2.2746009417441186,5
scale_default,Epsilon_Greedy,epsilon=0.4,104,1.9498215791566014,0.3325529015968972,1.617268677559704,2.2823744807534987,5
scale_default,Epsilon_Greedy,epsilon=0.4,105,1.9774888343349528,0.3125343174261196,1.6649545169088333,2.2900231517610723,5
scale_default,Epsilon_Greedy,epsilon=0.4,106,2.0047127553303157,0.31295802922072263,1.691754726109593,2.3176707845510385,5
scale_default,Epsilon_Greedy,epsilon=0.4,107,2.008718264506224,0.3134382456773875,1.6952800188288366,2.3221565101836115,5
scale_default,Epsilon_Greedy,epsilon=0.4,108,2.0151446455738258,0.31485869120375787,1.700285954370068,2.3300033367775836,5
scale_default,Epsilon_Greedy,epsilon=0.4,109,2.0265446735032002,0.309102102263858,1.7174425712393422,2.3356467757670583,5
scale_default,Epsilon_Greedy,epsilon=0.4,110,2.0380153060843087,0.3067446516708715,1.731270654413437,2.3447599577551803,5
scale_default,Epsilon_Greedy,epsilon=0.4,111,2.045375111228408,0.31793734360442744,1.7274377676239807,2.3633124548328355,5
scale_default,Epsilon_Greedy,epsilon=0.4,112,2.0557528730750017,0.30813416639611224,1.7476187066788893,2.363887039471114,5
scale_default,Epsilon_Greedy,epsilon=0.4,113,2.0925911052382955,0.30597963440248266,1.7866114708358127,2.3985707396407783,5
scale_default,Epsilon_Greedy,epsilon=0.4,114,2.12809360194283,0.344570628806001,1.783522973136829,2.472664230748831,5
scale_default,Epsilon_Greedy,epsilon=0.4,115,2.1438860550346504,0.34784164977020865,1.7960444052644418,2.491727704804859,5
scale_default,Epsilon_Greedy,epsilon=0.4,116,2.1552581435971048,0.34403564811199044,1.8112224954851144,2.4992937917090954,5
scale_default,Epsilon_Greedy,epsilon=0.4,117,2.1825454199357024,0.3246812548184598,1.8578641651172427,2.507226674754162,5
scale_default,Epsilon_Greedy,epsilon=0.4,118,2.1978359735813005,0.34522603282542025,1.8526099407558803,2.543062006406721,5
scale_default,Epsilon_Greedy,epsilon=0.4,119,2.2379252932323626,0.3542150739454833,1.8837102192868793,2.592140367177846,5
scale_default,Epsilon_Greedy,epsilon=0.4,120,2.2697500396602086,0.3427246205016815,1.927025419158527,2.6124746601618902,5
scale_default,Epsilon_Greedy,epsilon=0.4,121,2.29694169984914,0.345623781441468,1.9513179184076719,2.6425654812906076,5
scale_default,Epsilon_Greedy,epsilon=0.4,122,2.3101695887341407,0.33764109578047447,1.9725284929536662,2.647810684514615,5
scale_default,Epsilon_Greedy,epsilon=0.4,123,2.3390252131219564,0.37006391398982563,1.9689612991321308,2.709089127111782,5
scale_default,Epsilon_Greedy,epsilon=0.4,124,2.34891556400076,0.3662366202640916,1.9826789437366685,2.7151521842648516,5
scale_default,Epsilon_Greedy,epsilon=0.4,125,2.3844061894047166,0.3398929485297235,2.044513240874993,2.72429913793444,5
scale_default,Epsilon_Greedy,epsilon=0.4,126,2.4085889762349746,0.33194564847709807,2.0766433277578766,2.7405346247120725,5
scale_default,Epsilon_Greedy,epsilon=0.4,127,2.425883031881532,0.341829104959701,2.084053926921831,2.767712136841233,5
scale_default,Epsilon_Greedy,epsilon=0.4,128,2.4499564639735616,0.3283996264768469,2.1215568374967146,2.7783560904504085,5
scale_default,Epsilon_Greedy,epsilon=0.4,129,2.463388311975173,0.3274647237922678,2.135923588182905,2.790853035767441,5
scale_default,Epsilon_Greedy,epsilon=0.4,130,2.469069749442934,0.32397073122446957,2.1450990182184646,2.7930404806674036,5
scale_default,Epsilon_Greedy,epsilon=0.4,131,2.4821577642771127,0.3138468914828143,2.168310872794298,2.796004655759927,5
scale_default,Epsilon_Greedy,epsilon=0.4,132,2.4978160510065406,0.31440769495167986,2.1834083560548607,2.8122237459582204,5
scale_default,Epsilon_Greedy,epsilon=0.4,133,2.504748971872177,0.31395802430976827,2.1907909475624088,2.8187069961819455,5
scale_default,Epsilon_Greedy,epsilon=0.4,134,2.512516431592668,0.32081153703002724,2.191704894562641,2.833327968622695,5
scale_default,Epsilon_Greedy,epsilon=0.4,135,2.537273042523098,0.3443466898428596,2.1929263526802383,2.8816197323659574,5
scale_default,Epsilon_Greedy,epsilon=0.4,136,2.548328730989435,0.357230496110812,2.191098234878623,2.905559227100247,5
scale_default,Epsilon_Greedy,epsilon=0.4,137,2.57554294881279,0.36015761269543045,2.2153853361173597,2.9357005615082206,5
scale_default,Epsilon_Greedy,epsilon=0.4,138,2.598968037343548,0.3766024212310662,2.222365616112482,2.975570458574614,5
scale_default,Epsilon_Greedy,epsilon=0.4,139,2.606072619694287,0.3757414513170684,2.230331168377219,2.9818140710113554,5
scale_default,Epsilon_Greedy,epsilon=0.4,140,2.62892953450308,0.3650149970566493,2.2639145374464307,2.993944531559729,5
scale_default,Epsilon_Greedy,epsilon=0.4,141,2.6386394148797665,0.377277580013537,2.2613618348662294,3.0159169948933036,5
scale_default,Epsilon_Greedy,epsilon=0.4,142,2.6568500222410654,0.3752256940311819,2.2816243282098836,3.032075716272247,5
scale_default,Epsilon_Greedy,epsilon=0.4,143,2.699897709453003,0.44311459893042865,2.256783110522574,3.143012308383432,5
scale_default,Epsilon_Greedy,epsilon=0.4,144,2.731468852488455,0.4851437884455613,2.246325064042894,3.216612640934016,5
scale_default,Epsilon_Greedy,epsilon=0.4,145,2.7627261702002857,0.48016685688532257,2.2825593133149633,3.242893027085608,5
scale_default,Epsilon_Greedy,epsilon=0.4,146,2.775100341270633,0.4889274480735549,2.286172893197078,3.2640277893441882,5
scale_default,Epsilon_Greedy,epsilon=0.4,147,2.7856807500071987,0.4832505682645638,2.302430181742635,3.2689313182717625,5
scale_default,Epsilon_Greedy,epsilon=0.4,148,2.7939833927143547,0.4830405410498504,2.310942851664504,3.2770239337642053,5
scale_default,Epsilon_Greedy,epsilon=0.4,149,2.798354293643668,0.4871038918451976,2.3112504017984703,3.2854581854888654,5
scale_default,Epsilon_Greedy,epsilon=0.4,150,2.7999538434426103,0.48537356955479444,2.314580273887816,3.285327412997405,5
scale_default,Epsilon_Greedy,epsilon=0.4,151,2.808328992048994,0.4788037140916404,2.3295252779573534,3.2871327061406346,5
scale_default,Epsilon_Greedy,epsilon=0.4,152,2.8159396405320773,0.4803267961087058,2.3356128444233715,3.2962664366407832,5
scale_default,Epsilon_Greedy,epsilon=0.4,153,2.82383868113126,0.4761114969039508,2.3477271842273093,3.299950178035211,5
scale_default,Epsilon_Greedy,epsilon=0.4,154,2.837866664691357,0.47060019693660554,2.3672664677547517,3.3084668616279624,5
scale_default,Epsilon_Greedy,epsilon=0.4,155,2.8471997303907015,0.46618245194593266,2.381017278444769,3.313382182336634,5
scale_default,Epsilon_Greedy,epsilon=0.4,156,2.8568370639851857,0.46538051018515897,2.3914565538000265,3.322217574170345,5
scale_default,Epsilon_Greedy,epsilon=0.4,157,2.905693242207559,0.4689492780173095,2.4367439641902497,3.3746425202248687,5
scale_default,Epsilon_Greedy,epsilon=0.4,158,2.9200355069396973,0.4674000120550035,2.452635494884694,3.3874355189947005,5
scale_default,Epsilon_Greedy,epsilon=0.4,159,2.9376633093876854,0.48998823051716817,2.447675078870517,3.4276515399048537,5
scale_default,Epsilon_Greedy,epsilon=0.4,160,2.9480998903795155,0.4922557441819945,2.455844146197521,3.44035563456151,5
scale_default,Epsilon_Greedy,epsilon=0.4,161,2.964008729182665,0.4867115422684456,2.4772971869142193,3.450720271451111,5
scale_default,Epsilon_Greedy,epsilon=0.4,162,2.996145459775899,0.4960843582135577,2.5000611015623413,3.4922298179894566,5
scale_default,Epsilon_Greedy,epsilon=0.4,163,3.0081513511432987,0.49336360973055954,2.5147877414127393,3.501514960873858,5
scale_default,Epsilon_Greedy,epsilon=0.4,164,3.0340201447343675,0.49684130855106184,2.5371788361833056,3.5308614532854294,5
scale_default,Epsilon_Greedy,epsilon=0.4,165,3.0381642264619324,0.49701144500187944,2.541152781460053,3.535175671463812,5
scale_default,Epsilon_Greedy,epsilon=0.4,166,3.0831333930329254,0.5733514314892914,2.5097819615436343,3.6564848245222166,5
scale_default,Epsilon_Greedy,epsilon=0.4,167,3.090210739489428,0.5775066456569163,2.5127040938325114,3.6677173851463443,5
scale_default,Epsilon_Greedy,epsilon=0.4,168,3.1069883815346366,0.5852891547862515,2.5216992267483853,3.692277536320888,5
scale_default,Epsilon_Greedy,epsilon=0.4,169,3.1142806498234403,0.5828339360448562,2.531446713778584,3.6971145858682966,5
scale_default,Epsilon_Greedy,epsilon=0.4,170,3.1426385605672875,0.5736261949957199,2.5690123655715675,3.7162647555630075,5
scale_default,Epsilon_Greedy,epsilon=0.4,171,3.152096058356464,0.5839138357428583,2.5681822226136055,3.7360098940993223,5
scale_default,Epsilon_Greedy,epsilon=0.4,172,3.1895780534081624,0.5921159367879085,2.597462116620254,3.7816939901960707,5
scale_default,Epsilon_Greedy,epsilon=0.4,173,3.2196775209246837,0.5658811448763994,2.6537963760482843,3.785558665801083,5
scale_default,Epsilon_Greedy,epsilon=0.4,174,3.230171226387614,0.567843571177064,2.66232765521055,3.7980147975646776,5
scale_default,Epsilon_Greedy,epsilon=0.4,175,3.2482414777199318,0.565119925304001,2.6831215524159306,3.813361403023933,5
scale_default,Epsilon_Greedy,epsilon=0.4,176,3.2631068430376637,0.5597149702645234,2.7033918727731403,3.822821813302187,5
scale_default,Epsilon_Greedy,epsilon=0.4,177,3.2751724381932528,0.558073474817297,2.717098963375956,3.8332459130105496,5
scale_default,Epsilon_Greedy,epsilon=0.4,178,3.2928314275156807,0.5459953770570054,2.7468360504586755,3.838826804572686,5
scale_default,Epsilon_Greedy,epsilon=0.4,179,3.3370333938549877,0.5131704122232088,2.8238629816317786,3.8502038060781967,5
scale_default,Epsilon_Greedy,epsilon=0.4,180,3.3529774777280466,0.5080938109680102,2.8448836667600363,3.8610712886960568,5
scale_default,Epsilon_Greedy,epsilon=0.4,181,3.363125076770501,0.5013907365664066,2.8617343402040945,3.864515813336908,5
scale_default,Epsilon_Greedy,epsilon=0.4,182,3.3797253169474586,0.5009568837951148,2.8787684331523438,3.8806822007425734,5
scale_default,Epsilon_Greedy,epsilon=0.4,183,3.395668844686873,0.49653261519059266,2.89913622949628,3.892201459877466,5
scale_default,Epsilon_Greedy,epsilon=0.4,184,3.426582397728474,0.47895443348600547,2.9476279642424683,3.9055368312144796,5
scale_default,Epsilon_Greedy,epsilon=0.4,185,3.434021051883176,0.47979292554453296,2.954228126338643,3.9138139774277088,5
scale_default,Epsilon_Greedy,epsilon=0.4,186,3.4654064764401915,0.5295195592425359,2.9358869171976556,3.9949260356827274,5
scale_default,Epsilon_Greedy,epsilon=0.4,187,3.4761089403102448,0.5229076946480726,2.9532012456621723,3.999016634958317,5
scale_default,Epsilon_Greedy,epsilon=0.4,188,3.4845481987525426,0.517479677689648,2.9670685210628944,4.002027876442191,5
scale_default,Epsilon_Greedy,epsilon=0.4,189,3.5166380491344613,0.5034784189439242,3.013159630190537,4.020116468078386,5
scale_default,Epsilon_Greedy,epsilon=0.4,190,3.5241745106267657,0.49930014241625326,3.0248743682105124,4.023474653043019,5
scale_default,Epsilon_Greedy,epsilon=0.4,191,3.5602376027921125,0.4771763978862264,3.0830612049058863,4.037414000678339,5
scale_default,Epsilon_Greedy,epsilon=0.4,192,3.5696953826356532,0.4858918166724015,3.083803565963252,4.055587199308055,5
scale_default,Epsilon_Greedy,epsilon=0.4,193,3.5764184093413776,0.48797195842619434,3.088446450915183,4.064390367767572,5
scale_default,Epsilon_Greedy,epsilon=0.4,194,3.579968373125246,0.4873721925791135,3.092596180546132,4.0673405657043595,5
scale_default,Epsilon_Greedy,epsilon=0.4,195,3.603696872549591,0.47754868676245205,3.126148185787139,4.081245559312043,5
scale_default,Epsilon_Greedy,epsilon=0.4,196,3.6099320372752857,0.4779759337297693,3.1319561035455163,4.087907971005055,5
scale_default,Epsilon_Greedy,epsilon=0.4,197,3.6228797951270857,0.4756267248150042,3.1472530703120816,4.09850651994209,5
scale_default,Epsilon_Greedy,epsilon=0.4,198,3.633454739516047,0.4704801400585539,3.162974599457493,4.1039348795746005,5
scale_default,Epsilon_Greedy,epsilon=0.4,199,3.686404685568448,0.4725620325404223,3.2138426530280255,4.15896671810887,5
scale_default,Epsilon_Greedy,epsilon=0.4,200,3.8360203756454028,0.4687993575906348,3.367221018054768,4.304819733236037,5
scale_default,Epsilon_Greedy,epsilon=0.4,201,3.9713249944717006,0.5080972438749558,3.4632277505967446,4.479422238346657,5
scale_default,Epsilon_Greedy,epsilon=0.4,202,4.105932790968813,0.49524145601577946,3.610691334953034,4.601174246984593,5
scale_default,Epsilon_Greedy,epsilon=0.4,203,4.246846924198136,0.5018951311423827,3.744951793055754,4.748742055340519,5
scale_default,Epsilon_Greedy,epsilon=0.4,204,4.415273215208122,0.45020921766993954,3.965063997538183,4.865482432878062,5
scale_default,Epsilon_Greedy,epsilon=0.4,205,4.6049245451521745,0.4621780771506983,4.1427464680014765,5.067102622302873,5
scale_default,Epsilon_Greedy,epsilon=0.4,206,4.939108786146294,0.6871028124451968,4.252005973701097,5.626211598591491,5
scale_default,Epsilon_Greedy,epsilon=0.4,207,5.111968614090278,0.7135521813752369,4.398416432715042,5.825520795465515,5
scale_default,Epsilon_Greedy,epsilon=0.4,208,5.291705525285939,0.7588848028328806,4.532820722453058,6.050590328118819,5
scale_default,Epsilon_Greedy,epsilon=0.4,209,5.532414995265356,0.8331967396837355,4.69921825558162,6.365611734949091,5
scale_default,Epsilon_Greedy,epsilon=0.4,210,5.7087994842406555,0.9448854806536072,4.763914003587049,6.653684964894262,5
scale_default,Epsilon_Greedy,epsilon=0.4,211,5.980652547238127,0.9269131346350568,5.05373941260307,6.907565681873184,5
scale_default,Epsilon_Greedy,epsilon=0.4,212,6.1880578121581555,0.8952449379260664,5.292812874232089,7.083302750084222,5
scale_default,Epsilon_Greedy,epsilon=0.4,213,6.318446887615133,0.8651888906512837,5.453257996963849,7.183635778266417,5
scale_default,Epsilon_Greedy,epsilon=0.4,214,6.557265832139521,0.8472673703248118,5.709998461814709,7.404533202464333,5
scale_default,Epsilon_Greedy,epsilon=0.4,215,6.738094452414279,0.7487994535858912,5.989294998828387,7.48689390600017,5
scale_default,Epsilon_Greedy,epsilon=0.4,216,7.0389087795945695,0.8257752869264847,6.213133492668085,7.864684066521054,5
scale_default,Epsilon_Greedy,epsilon=0.4,217,7.259987237571241,0.8903272916344783,6.369659945936762,8.150314529205719,5
scale_default,Epsilon_Greedy,epsilon=0.4,218,7.390691703499361,0.900773352071867,6.4899183514274945,8.291465055571228,5
scale_default,Epsilon_Greedy,epsilon=0.4,219,7.5854233663554025,0.8821875476664358,6.703235818688967,8.467610914021838,5
scale_default,Epsilon_Greedy,epsilon=0.4,220,7.764750523558197,0.9069688800718,6.857781643486397,8.671719403629996,5
scale_default,Epsilon_Greedy,epsilon=0.4,221,7.847778735305949,0.8840135350327838,6.963765200273166,8.731792270338733,5
scale_default,Epsilon_Greedy,epsilon=0.4,222,8.031352073042063,0.9876989092051196,7.043653163836943,9.019050982247183,5
scale_default,Epsilon_Greedy,epsilon=0.4,223,8.23980457387008,1.0111231652109298,7.22868140865915,9.25092773908101,5
scale_default,Epsilon_Greedy,epsilon=0.4,224,8.374425493100276,1.0614277089543585,7.312997784145917,9.435853202054634,5
scale_default,Epsilon_Greedy,epsilon=0.4,225,8.637088346793178,1.024616030943541,7.612472315849637,9.661704377736719,5
scale_default,Epsilon_Greedy,epsilon=0.4,226,8.83300077483458,1.0333628462229103,7.79963792861167,9.866363621057491,5
scale_default,Epsilon_Greedy,epsilon=0.4,227,9.031865429013923,1.001403550198395,8.030461878815528,10.033268979212318,5
scale_default,Epsilon_Greedy,epsilon=0.4,228,9.22100366344498,1.0122157145337045,8.208787948911276,10.233219377978685,5
scale_default,Epsilon_Greedy,epsilon=0.4,229,9.32760470040392,1.0365449097866062,8.291059790617314,10.364149610190527,5
scale_default,Epsilon_Greedy,epsilon=0.4,230,9.450218079158223,1.0889553913561318,8.36126268780209,10.539173470514354,5
scale_default,Epsilon_Greedy,epsilon=0.4,231,9.595782524813028,1.0759890735996562,8.519793451213372,10.671771598412684,5
scale_default,Epsilon_Greedy,epsilon=0.4,232,9.744706006245867,1.0036466414898135,8.741059364756053,10.74835264773568,5
scale_default,Epsilon_Greedy,epsilon=0.4,233,9.912725182642692,0.917732478169542,8.99499270447315,10.830457660812234,5
scale_default,Epsilon_Greedy,epsilon=0.4,234,10.048442932556128,0.9085333010052588,9.13990963155087,10.956976233561386,5
scale_default,Epsilon_Greedy,epsilon=0.4,235,10.260198932079168,0.9593849611042217,9.300813970974946,11.21958389318339,5
scale_default,Epsilon_Greedy,epsilon=0.4,236,10.486446272938545,0.9333294823233028,9.553116790615242,11.419775755261849,5
scale_default,Epsilon_Greedy,epsilon=0.4,237,10.61963527016723,0.9740804935168846,9.645554776650345,11.593715763684115,5
scale_default,Epsilon_Greedy,epsilon=0.4,238,10.885390819202826,1.0889695626851321,9.796421256517693,11.974360381887958,5
scale_default,Epsilon_Greedy,epsilon=0.4,239,11.158636628377057,1.2456595873350933,9.912977041041962,12.40429621571215,5
scale_default,Epsilon_Greedy,epsilon=0.4,240,11.402872914711745,1.3437592258257254,10.05911368888602,12.74663214053747,5
scale_default,Epsilon_Greedy,epsilon=0.4,241,11.550600531338167,1.4880156197214829,10.062584911616685,13.03861615105965,5
scale_default,Epsilon_Greedy,epsilon=0.4,242,11.737141120535233,1.486308815474578,10.250832305060655,13.22344993600981,5
scale_default,Epsilon_Greedy,epsilon=0.4,243,12.02364573423785,1.7032521705478998,10.320393563689949,13.72689790478575,5
scale_default,Epsilon_Greedy,epsilon=0.4,244,12.123293336027746,1.6999552395846989,10.423338096443047,13.823248575612446,5
scale_default,Epsilon_Greedy,epsilon=0.4,245,12.230481327380863,1.733728296029378,10.496753031351485,13.964209623410241,5
scale_default,Epsilon_Greedy,epsilon=0.4,246,12.386259595245225,1.7612464733479962,10.62501312189723,14.14750606859322,5
scale_default,Epsilon_Greedy,epsilon=0.4,247,12.54537233684297,1.7751533502265169,10.770218986616452,14.320525687069487,5
scale_default,Epsilon_Greedy,epsilon=0.4,248,12.683266623660323,1.8289310392514273,10.854335584408895,14.51219766291175,5
scale_default,Epsilon_Greedy,epsilon=0.4,249,12.806637056007549,1.8351662164894234,10.971470839518126,14.641803272496972,5
scale_default,Epsilon_Greedy,epsilon=0.4,250,12.929651339764751,1.7399995356841331,11.189651804080619,14.669650875448884,5
scale_default,Epsilon_Greedy,epsilon=0.4,251,13.044073902893507,1.6966547811303736,11.347419121763133,14.74072868402388,5
scale_default,Epsilon_Greedy,epsilon=0.4,252,13.204054284144538,1.6078575728070204,11.596196711337518,14.811911856951559,5
scale_default,Epsilon_Greedy,epsilon=0.4,253,13.441860536869276,1.712921429946649,11.728939106922628,15.154781966815925,5
scale_default,Epsilon_Greedy,epsilon=0.4,254,13.573222785826227,1.76960543618151,11.803617349644718,15.342828222007736,5
scale_default,Epsilon_Greedy,epsilon=0.4,255,13.669429041394533,1.7381098477122376,11.931319193682295,15.407538889106771,5
scale_default,Epsilon_Greedy,epsilon=0.4,256,13.777825383090775,1.7112549454163977,12.066570437674377,15.489080328507173,5
scale_default,Epsilon_Greedy,epsilon=0.4,257,14.013570761650646,1.7834105415370367,12.230160220113609,15.796981303187684,5
scale_default,Epsilon_Greedy,epsilon=0.4,258,14.11167708508971,1.8015902983602656,12.310086786729444,15.913267383449975,5
scale_default,Epsilon_Greedy,epsilon=0.4,259,14.233036275082195,1.8037453950789568,12.429290880003238,16.03678167016115,5
scale_default,Epsilon_Greedy,epsilon=0.4,260,14.397234933609578,1.8932328484030072,12.50400208520657,16.290467782012584,5
scale_default,Epsilon_Greedy,epsilon=0.4,261,14.58917217668095,1.8196678430862767,12.769504333594673,16.408840019767226,5
scale_default,Epsilon_Greedy,epsilon=0.4,262,14.674771487112375,1.8219271869380547,12.85284430017432,16.49669867405043,5
scale_default,Epsilon_Greedy,epsilon=0.4,263,14.81225732419556,1.850573553876238,12.961683770319322,16.662830878071798,5
scale_default,Epsilon_Greedy,epsilon=0.4,264,14.892734930352898,1.7761544709459574,13.11658045940694,16.668889401298856,5
scale_default,Epsilon_Greedy,epsilon=0.4,265,14.966885459110097,1.7547247681757412,13.212160690934356,16.721610227285836,5
scale_default,Epsilon_Greedy,epsilon=0.4,266,15.07752006273401,1.8058790917503225,13.271640970983688,16.883399154484334,5
scale_default,Epsilon_Greedy,epsilon=0.4,267,15.246528374139109,1.6366662100260645,13.609862164113045,16.883194584165174,5
scale_default,Epsilon_Greedy,epsilon=0.4,268,15.501468239868165,1.6305003993670235,13.870967840501141,17.13196863923519,5
scale_default,Epsilon_Greedy,epsilon=0.4,269,15.688597046828374,1.5344718248835663,14.154125221944808,17.22306887171194,5
scale_default,Epsilon_Greedy,epsilon=0.4,270,15.881210963040463,1.5478439966573003,14.333366966383162,17.429054959697762,5
scale_default,Epsilon_Greedy,epsilon=0.4,271,15.997352909917419,1.554960447797006,14.442392462120413,17.552313357714425,5
scale_default,Epsilon_Greedy,epsilon=0.4,272,16.14195760669146,1.5498429258028836,14.592114680888576,17.691800532494344,5
scale_default,Epsilon_Greedy,epsilon=0.4,273,16.380675158780907,1.4974725277697756,14.88320263101113,17.878147686550683,5
scale_default,Epsilon_Greedy,epsilon=0.4,274,16.498108699834273,1.519058402354871,14.979050297479402,18.017167102189145,5
scale_default,Epsilon_Greedy,epsilon=0.4,275,16.660408955576983,1.6212509119174028,15.03915804365958,18.281659867494387,5
scale_default,Epsilon_Greedy,epsilon=0.4,276,16.809681644301627,1.735093986826576,15.07458765747505,18.544775631128203,5
scale_default,Epsilon_Greedy,epsilon=0.4,277,17.079128222547393,1.7745453673566993,15.304582855190693,18.85367358990409,5
scale_default,Epsilon_Greedy,epsilon=0.4,278,17.18584223760208,1.8337389295198345,15.352103308082247,19.019581167121917,5
scale_default,Epsilon_Greedy,epsilon=0.4,279,17.483351951145618,2.010037913094735,15.473314038050884,19.493389864240353,5
scale_default,Epsilon_Greedy,epsilon=0.4,280,17.72884327869074,1.9900225500977753,15.738820728592964,19.718865828788516,5
scale_default,Epsilon_Greedy,epsilon=0.4,281,17.865358692440545,2.0017818940902847,15.863576798350259,19.86714058653083,5
scale_default,Epsilon_Greedy,epsilon=0.4,282,18.080960964543333,2.168649345993358,15.912311618549975,20.249610310536692,5
scale_default,Epsilon_Greedy,epsilon=0.4,283,18.248723159102035,2.2524989195676977,15.996224239534337,20.501222078669734,5
scale_default,Epsilon_Greedy,epsilon=0.4,284,18.478324598218855,2.321152361642532,16.157172236576322,20.799476959861387,5
scale_default,Epsilon_Greedy,epsilon=0.4,285,18.564056042611895,2.374246133661951,16.189809908949943,20.938302176273847,5
scale_default,Epsilon_Greedy,epsilon=0.4,286,18.704798147314047,2.34440212090969,16.36039602640436,21.049200268223736,5
scale_default,Epsilon_Greedy,epsilon=0.4,287,18.800623483741596,2.2723131945888744,16.52831028915272,21.07293667833047,5
scale_default,Epsilon_Greedy,epsilon=0.4,288,18.978079509300112,2.1764706802472333,16.801608829052878,21.154550189547347,5
scale_default,Epsilon_Greedy,epsilon=0.4,289,19.139535764208965,2.178998746481428,16.960537017727535,21.318534510690395,5
scale_default,Epsilon_Greedy,epsilon=0.4,290,19.446473124119795,2.1312134739337276,17.315259650186068,21.57768659805352,5
scale_default,Epsilon_Greedy,epsilon=0.4,291,19.61378776949989,2.125089449711943,17.488698319787947,21.738877219211833,5
scale_default,Epsilon_Greedy,epsilon=0.4,292,19.82544138265877,2.1775292841723717,17.647912098486398,22.002970666831143,5
scale_default,Epsilon_Greedy,epsilon=0.4,293,19.96502588745958,2.244357836787668,17.72066805067191,22.209383724247246,5
scale_default,Epsilon_Greedy,epsilon=0.4,294,20.177875800154276,2.183531559529989,17.994344240624287,22.361407359684264,5
scale_default,Epsilon_Greedy,epsilon=0.4,295,20.352374294123816,2.238884344860111,18.113489949263705,22.591258638983927,5
scale_default,Epsilon_Greedy,epsilon=0.4,296,20.487619540004516,2.2564301964711424,18.231189343533373,22.74404973647566,5
scale_default,Epsilon_Greedy,epsilon=0.4,297,20.636538665276298,2.2989386127581946,18.337600052518102,22.935477278034494,5
scale_default,Epsilon_Greedy,epsilon=0.4,298,20.784879497612483,2.2284464173653893,18.556433080247093,23.013325914977873,5
scale_default,Epsilon_Greedy,epsilon=0.4,299,21.050245627075167,2.442327266974018,18.60791836010115,23.492572894049186,5
scale_default,Epsilon_Greedy,epsilon=0.4,300,21.271797853208916,2.446950581609255,18.824847271599662,23.71874843481817,5
scale_default,Epsilon_Greedy,epsilon=0.4,301,21.467400156681386,2.3741916308396696,19.093208525841717,23.841591787521054,5
scale_default,Epsilon_Greedy,epsilon=0.4,302,21.560887345546785,2.403713238640158,19.157174106906627,23.964600584186943,5
scale_default,Epsilon_Greedy,epsilon=0.4,303,21.73605972050952,2.4186850876166806,19.31737463289284,24.1547448081262,5
scale_default,Epsilon_Greedy,epsilon=0.4,304,21.984484771527853,2.37658103191931,19.607903739608542,24.361065803447165,5
scale_default,Epsilon_Greedy,epsilon=0.4,305,22.09045368397355,2.3859062821031363,19.704547401870414,24.476359966076686,5
scale_default,Epsilon_Greedy,epsilon=0.4,306,22.319725631526094,2.525222636352568,19.794502995173527,24.84494826787866,5
scale_default,Epsilon_Greedy,epsilon=0.4,307,22.4072745126297,2.4895167764696318,19.91775773616007,24.896791289099333,5
scale_default,Epsilon_Greedy,epsilon=0.4,308,22.54318374987898,2.5303060858676076,20.012877664011373,25.07348983574659,5
scale_default,Epsilon_Greedy,epsilon=0.4,309,22.700163134028994,2.5695111786916662,20.130651955337328,25.26967431272066,5
scale_default,Epsilon_Greedy,epsilon=0.4,310,22.843634304240535,2.5656859026919956,20.27794840154854,25.40932020693253,5
scale_default,Epsilon_Greedy,epsilon=0.4,311,22.953813472509218,2.5486795203593213,20.405133952149896,25.50249299286854,5
scale_default,Epsilon_Greedy,epsilon=0.4,312,23.06343712458349,2.5859673847796505,20.47746973980384,25.64940450936314,5
scale_default,Epsilon_Greedy,epsilon=0.4,313,23.158371205224324,2.6020955122655063,20.556275692958817,25.76046671748983,5
scale_default,Epsilon_Greedy,epsilon=0.4,314,23.324767826805406,2.645186391900287,20.679581434905117,25.969954218705695,5
scale_default,Epsilon_Greedy,epsilon=0.4,315,23.514219379392816,2.633810834690351,20.880408544702465,26.148030214083168,5
scale_default,Epsilon_Greedy,epsilon=0.4,316,23.72085531167369,2.7474781554409424,20.97337715623275,26.468333467114633,5
scale_default,Epsilon_Greedy,epsilon=0.4,317,23.893350033594807,2.739887675764569,21.153462357830236,26.633237709359378,5
scale_default,Epsilon_Greedy,epsilon=0.4,318,24.06952363026397,2.7168484731921074,21.35267515707186,26.786372103456078,5
scale_default,Epsilon_Greedy,epsilon=0.4,319,24.21293418273823,2.7683247647506377,21.444609417987593,26.981258947488868,5
scale_default,Epsilon_Greedy,epsilon=0.4,320,24.388544662653093,2.7868769441921177,21.601667718460973,27.175421606845212,5
scale_default,Epsilon_Greedy,epsilon=0.4,321,24.55956813290098,2.7797633710329546,21.77980476186803,27.339331503933934,5
scale_default,Epsilon_Greedy,epsilon=0.4,322,24.772701030050463,2.876985670348572,21.895715359701892,27.649686700399034,5
scale_default,Epsilon_Greedy,epsilon=0.4,323,24.861485824389113,2.861499748081269,21.999986076307845,27.72298557247038,5
scale_default,Epsilon_Greedy,epsilon=0.4,324,24.97338581816484,2.838241907461633,22.135143910703206,27.811627725626472,5
scale_default,Epsilon_Greedy,epsilon=0.4,325,25.13192324926463,2.7666593705920364,22.365263878672593,27.89858261985667,5
scale_default,Epsilon_Greedy,epsilon=0.4,326,25.335939166686394,2.778369417218308,22.557569749468087,28.114308583904702,5
scale_default,Epsilon_Greedy,epsilon=0.4,327,25.46948724073098,2.7546910914840446,22.714796149246936,28.224178332215025,5
scale_default,Epsilon_Greedy,epsilon=0.4,328,25.558508886796727,2.724761434142295,22.833747452654432,28.28327032093902,5
scale_default,Epsilon_Greedy,epsilon=0.4,329,25.652178891332348,2.8208704223649086,22.83130846896744,28.473049313697256,5
scale_default,Epsilon_Greedy,epsilon=0.4,330,25.935551339031928,2.9294396154601094,23.00611172357182,28.864990954492036,5
scale_default,Epsilon_Greedy,epsilon=0.4,331,26.065989590948465,2.958909311423721,23.107080279524745,29.024898902372186,5
scale_default,Epsilon_Greedy,epsilon=0.4,332,26.2390854945664,2.9785584463383117,23.260527048228088,29.21764394090471,5
scale_default,Epsilon_Greedy,epsilon=0.4,333,26.44386715487757,2.9882394398900134,23.455627714987557,29.432106594767582,5
scale_default,Epsilon_Greedy,epsilon=0.4,334,26.6192971711738,2.9929691658452025,23.626328005328595,29.612266337019,5
scale_default,Epsilon_Greedy,epsilon=0.4,335,26.79081221452474,2.931159314832987,23.859652899691753,29.721971529357724,5
scale_default,Epsilon_Greedy,epsilon=0.4,336,27.003065014269236,2.818981425976294,24.184083588292943,29.82204644024553,5
scale_default,Epsilon_Greedy,epsilon=0.4,337,27.21370629111623,2.825280354644224,24.388425936472007,30.038986645760456,5
scale_default,Epsilon_Greedy,epsilon=0.4,338,27.3509025235957,2.772460073188756,24.578442450406943,30.123362596784457,5
scale_default,Epsilon_Greedy,epsilon=0.4,339,27.51042731565132,2.7277065011202133,24.782720814531107,30.238133816771533,5
scale_default,Epsilon_Greedy,epsilon=0.4,340,27.741036931640707,2.8362914640206367,24.90474546762007,30.577328395661343,5
scale_default,Epsilon_Greedy,epsilon=0.4,341,28.01662270487308,2.9172657420969674,25.099356962776113,30.933888446970045,5
scale_default,Epsilon_Greedy,epsilon=0.4,342,28.35185507643836,2.874157625886976,25.477697450551382,31.226012702325335,5
scale_default,Epsilon_Greedy,epsilon=0.4,343,28.489908968400915,2.9285233160237385,25.561385652377176,31.418432284424654,5
scale_default,Epsilon_Greedy,epsilon=0.4,344,28.58620572379097,2.9352334195791316,25.65097230421184,31.521439143370102,5
scale_default,Epsilon_Greedy,epsilon=0.4,345,28.699250182421668,2.8639496138664455,25.835300568555223,31.563199796288114,5
scale_default,Epsilon_Greedy,epsilon=0.4,346,28.829563125221984,2.915138354222635,25.91442477099935,31.74470147944462,5
scale_default,Epsilon_Greedy,epsilon=0.4,347,28.96392672612385,2.889635279623966,26.074291446499885,31.85356200574782,5
scale_default,Epsilon_Greedy,epsilon=0.4,348,29.11047409204759,2.883800014782733,26.226674077264857,31.99427410683032,5
scale_default,Epsilon_Greedy,epsilon=0.4,349,29.27160913313734,2.8704834533224406,26.4011256798149,32.14209258645978,5
scale_default,Epsilon_Greedy,epsilon=0.4,350,29.387404440016542,2.888819883590926,26.498584556425616,32.276224323607465,5
scale_default,Epsilon_Greedy,epsilon=0.4,351,29.446397224724443,2.944609877629802,26.50178734709464,32.391007102354244,5
scale_default,Epsilon_Greedy,epsilon=0.4,352,29.606757531660758,2.9578133225019494,26.64894420915881,32.56457085416271,5
scale_default,Epsilon_Greedy,epsilon=0.4,353,29.77457243905917,2.982028504232813,26.79254393482636,32.756600943291986,5
scale_default,Epsilon_Greedy,epsilon=0.4,354,29.98915602310161,3.0523868760100266,26.936769147091585,33.04154289911164,5
scale_default,Epsilon_Greedy,epsilon=0.4,355,30.11063492250828,3.0556974760084357,27.054937446499842,33.166332398516715,5
scale_default,Epsilon_Greedy,epsilon=0.4,356,30.344158283189472,2.8819680425708882,27.462190240618582,33.22612632576036,5
scale_default,Epsilon_Greedy,epsilon=0.4,357,30.497111493819716,2.823193152840121,27.673918340979597,33.320304646659835,5
scale_default,Epsilon_Greedy,epsilon=0.4,358,30.744196871973266,2.8853793549794444,27.85881751699382,33.62957622695271,5
scale_default,Epsilon_Greedy,epsilon=0.4,359,30.92901506642753,2.87355899600938,28.055456070418153,33.80257406243691,5
scale_default,Epsilon_Greedy,epsilon=0.4,360,31.18143379892574,2.9258289569856752,28.255604841940066,34.107262755911414,5
scale_default,Epsilon_Greedy,epsilon=0.4,361,31.264109058341752,2.978127596138167,28.285981462203587,34.24223665447992,5
scale_default,Epsilon_Greedy,epsilon=0.4,362,31.479513481914687,2.961348977939222,28.518164503975463,34.44086245985391,5
scale_default,Epsilon_Greedy,epsilon=0.4,363,31.731739741625013,3.1042680804959595,28.627471661129054,34.836007822120976,5
scale_default,Epsilon_Greedy,epsilon=0.4,364,32.019297333956075,3.305218299997674,28.714079033958402,35.32451563395375,5
scale_default,Epsilon_Greedy,epsilon=0.4,365,32.22599696877646,3.390595671470575,28.835401297305882,35.616592640247035,5
scale_default,Epsilon_Greedy,epsilon=0.4,366,32.380802766452184,3.3488007622075986,29.032002004244585,35.72960352865978,5
scale_default,Epsilon_Greedy,epsilon=0.4,367,32.481062817624675,3.3186284074834598,29.162434410141216,35.799691225108134,5
scale_default,Epsilon_Greedy,epsilon=0.4,368,32.661989332307094,3.360255670866796,29.3017336614403,36.02224500317389,5
scale_default,Epsilon_Greedy,epsilon=0.4,369,32.80487647567159,3.4399693183310216,29.364907157340568,36.244845794002615,5
scale_default,Epsilon_Greedy,epsilon=0.4,370,32.877096380385446,3.4407329524683448,29.4363634279171,36.31782933285379,5
scale_default,Epsilon_Greedy,epsilon=0.4,371,33.22113241269966,3.445345399511381,29.77578701318828,36.66647781221104,5
scale_default,Epsilon_Greedy,epsilon=0.4,372,33.374737394807724,3.3626948885808563,30.01204250622687,36.73743228338858,5
scale_default,Epsilon_Greedy,epsilon=0.4,373,33.56173763569729,3.416068452441422,30.14566918325587,36.97780608813871,5
scale_default,Epsilon_Greedy,epsilon=0.4,374,33.767632498626014,3.3384842542002966,30.42914824442572,37.10611675282631,5
scale_default,Epsilon_Greedy,epsilon=0.4,375,34.11138408604113,3.2822734376750726,30.829110648366054,37.3936575237162,5
scale_default,Epsilon_Greedy,epsilon=0.4,376,34.18659009754203,3.278957616957925,30.907632480584105,37.465547714499955,5
scale_default,Epsilon_Greedy,epsilon=0.4,377,34.29959278189121,3.298636575430369,31.000956206460838,37.59822935732158,5
scale_default,Epsilon_Greedy,epsilon=0.4,378,34.442077997022125,3.3141315384376724,31.127946458584454,37.756209535459796,5
scale_default,Epsilon_Greedy,epsilon=0.4,379,34.74959683259343,3.3924706812223513,31.35712615137108,38.14206751381578,5
scale_default,Epsilon_Greedy,epsilon=0.4,380,34.947625027905495,3.4091372550245422,31.538487772880952,38.356762282930035,5
scale_default,Epsilon_Greedy,epsilon=0.4,381,35.08532671351473,3.4448566980996826,31.640470015415048,38.530183411614416,5
scale_default,Epsilon_Greedy,epsilon=0.4,382,35.25145512319817,3.45670152594499,31.79475359725318,38.70815664914316,5
scale_default,Epsilon_Greedy,epsilon=0.4,383,35.330505128289474,3.5093667156200032,31.82113841266947,38.83987184390948,5
scale_default,Epsilon_Greedy,epsilon=0.4,384,35.51788927178319,3.4439334758450397,32.07395579593815,38.96182274762823,5
scale_default,Epsilon_Greedy,epsilon=0.4,385,35.5934751383294,3.5190162547552077,32.074458883574195,39.11249139308461,5
scale_default,Epsilon_Greedy,epsilon=0.4,386,35.72397900959881,3.455691945129923,32.268287064468886,39.17967095472873,5
scale_default,Epsilon_Greedy,epsilon=0.4,387,35.8717944083991,3.4444354748118005,32.4273589335873,39.316229883210895,5
scale_default,Epsilon_Greedy,epsilon=0.4,388,36.00266769052609,3.4567867645530157,32.54588092597307,39.459454455079104,5
scale_default,Epsilon_Greedy,epsilon=0.4,389,36.145175952021745,3.408601819467378,32.73657413255437,39.55377777148912,5
scale_default,Epsilon_Greedy,epsilon=0.4,390,36.34211400710963,3.4981657593764615,32.84394824773317,39.84027976648609,5
scale_default,Epsilon_Greedy,epsilon=0.4,391,36.59197993608096,3.4626161733199767,33.12936376276098,40.05459610940094,5
scale_default,Epsilon_Greedy,epsilon=0.4,392,36.779303652440255,3.3982993719820564,33.3810042804582,40.17760302442231,5
scale_default,Epsilon_Greedy,epsilon=0.4,393,36.97432538330352,3.518768033067492,33.45555735023603,40.49309341637102,5
scale_default,Epsilon_Greedy,epsilon=0.4,394,37.27600993815634,3.5555395098350653,33.72047042832128,40.83154944799141,5
scale_default,Epsilon_Greedy,epsilon=0.4,395,37.37594158303182,3.633468633484801,33.742472949547015,41.00941021651662,5
scale_default,Epsilon_Greedy,epsilon=0.4,396,37.44447315849833,3.6536835095153433,33.79078964898299,41.09815666801368,5
scale_default,Epsilon_Greedy,epsilon=0.4,397,37.61312460324949,3.7032654458154326,33.909859157434056,41.31639004906492,5
scale_default,Epsilon_Greedy,epsilon=0.4,398,37.79737130241289,3.818686638721763,33.978684663691126,41.616057941134656,5
scale_default,Epsilon_Greedy,epsilon=0.4,399,37.932297548937264,3.786373606776759,34.14592394216051,41.71867115571402,5
scale_default,Epsilon_Greedy,epsilon=0.4,400,38.13804491384831,3.8482389968707795,34.289805916977535,41.98628391071909,5
scale_default,Epsilon_Greedy,epsilon=0.4,401,38.282729994756245,3.8567959086938837,34.42593408606236,42.13952590345013,5
scale_default,Epsilon_Greedy,epsilon=0.4,402,38.49840799183619,3.784202988575726,34.71420500326046,42.28261098041192,5
scale_default,Epsilon_Greedy,epsilon=0.4,403,38.681681137296394,3.673583035435896,35.0080981018605,42.35526417273229,5
scale_default,Epsilon_Greedy,epsilon=0.4,404,38.79109164662982,3.6305643295198973,35.160527317109924,42.42165597614972,5
scale_default,Epsilon_Greedy,epsilon=0.4,405,38.99751383916107,3.552211732041672,35.4453021071194,42.54972557120274,5
scale_default,Epsilon_Greedy,epsilon=0.4,406,39.08280577262322,3.572008320379466,35.51079745224375,42.654814093002685,5
scale_default,Epsilon_Greedy,epsilon=0.4,407,39.454506344303965,3.646708347705573,35.807797996598396,43.101214692009535,5
scale_default,Epsilon_Greedy,epsilon=0.4,408,39.610593121905644,3.6268066135383714,35.983786508367274,43.237399735444015,5
scale_default,Epsilon_Greedy,epsilon=0.4,409,39.751708090117106,3.666007256069665,36.085700834047444,43.41771534618677,5
scale_default,Epsilon_Greedy,epsilon=0.4,410,39.970391645973066,3.681882221588416,36.28850942438465,43.65227386756148,5
scale_default,Epsilon_Greedy,epsilon=0.4,411,40.05244825220412,3.7071687965155875,36.345279455688534,43.75961704871971,5
scale_default,Epsilon_Greedy,epsilon=0.4,412,40.3377991343945,3.526634767231511,36.81116436716299,43.864433901626015,5
scale_default,Epsilon_Greedy,epsilon=0.4,413,40.51491248677728,3.5532124937505216,36.961699993026755,44.0681249805278,5
scale_default,Epsilon_Greedy,epsilon=0.4,414,40.60856648735916,3.589477945763603,37.01908854159556,44.19804443312277,5
scale_default,Epsilon_Greedy,epsilon=0.4,415,40.764604340899716,3.6284796654546003,37.13612467544512,44.393084006354314,5
scale_default,Epsilon_Greedy,epsilon=0.4,416,40.926503967468165,3.6292858324641952,37.297218135003966,44.55578979993236,5
scale_default,Epsilon_Greedy,epsilon=0.4,417,41.054691355547604,3.623768485488379,37.43092287005923,44.67845984103598,5
scale_default,Epsilon_Greedy,epsilon=0.4,418,41.27567591953627,3.6292002114686843,37.646475708067584,44.904876131004954,5
scale_default,Epsilon_Greedy,epsilon=0.4,419,41.478740851035425,3.667011785959506,37.81172906507592,45.14575263699493,5
scale_default,Epsilon_Greedy,epsilon=0.4,420,41.67625289671571,3.632209031920143,38.04404386479557,45.30846192863585,5
scale_default,Epsilon_Greedy,epsilon=0.4,421,41.92919422781906,3.648218707626232,38.280975520192825,45.577412935445295,5
scale_default,Epsilon_Greedy,epsilon=0.4,422,42.14928041128396,3.625187735022165,38.524092676261795,45.77446814630613,5
scale_default,Epsilon_Greedy,epsilon=0.4,423,42.27166701564223,3.6114822803043882,38.66018473533784,45.883149295946616,5
scale_default,Epsilon_Greedy,epsilon=0.4,424,42.36552337671867,3.6033232132783586,38.76220016344031,45.96884658999703,5
scale_default,Epsilon_Greedy,epsilon=0.4,425,42.48221689780179,3.5897001212453588,38.892516776556434,46.07191701904715,5
scale_default,Epsilon_Greedy,epsilon=0.4,426,42.63364844866366,3.647524788222622,38.98612366044104,46.28117323688629,5
scale_default,Epsilon_Greedy,epsilon=0.4,427,42.79921427903699,3.6486911315237185,39.15052314751327,46.44790541056071,5
scale_default,Epsilon_Greedy,epsilon=0.4,428,42.94486515426171,3.5358780535506007,39.408987100711116,46.48074320781231,5
scale_default,Epsilon_Greedy,epsilon=0.4,429,43.16175387940303,3.6163733180453814,39.545380561357646,46.77812719744841,5
scale_default,Epsilon_Greedy,epsilon=0.4,430,43.40448896985502,3.4777200811412583,39.92676888871376,46.88220905099627,5
scale_default,Epsilon_Greedy,epsilon=0.4,431,43.49417019196038,3.403741082028103,40.09042910993227,46.897911273988484,5
scale_default,Epsilon_Greedy,epsilon=0.4,432,43.71634999843008,3.343616296406435,40.372733702023645,47.05996629483652,5
scale_default,Epsilon_Greedy,epsilon=0.4,433,43.917943972068485,3.3066402558625865,40.611303716205896,47.224584227931075,5
scale_default,Epsilon_Greedy,epsilon=0.4,434,44.096727054929985,3.2292584392629835,40.867468615667,47.32598549419297,5
scale_default,Epsilon_Greedy,epsilon=0.4,435,44.33040318604683,3.3497941301259995,40.98060905592083,47.68019731617283,5
scale_default,Epsilon_Greedy,epsilon=0.4,436,44.50564183053359,3.394625276546113,41.111016553987476,47.900267107079706,5
scale_default,Epsilon_Greedy,epsilon=0.4,437,44.64181207902448,3.4332438011971846,41.2085682778273,48.07505588022167,5
scale_default,Epsilon_Greedy,epsilon=0.4,438,44.758333200341234,3.4339731261935524,41.324360074147684,48.19230632653478,5
scale_default,Epsilon_Greedy,epsilon=0.4,439,44.886042752323306,3.3856529752585236,41.50038977706478,48.27169572758183,5
scale_default,Epsilon_Greedy,epsilon=0.4,440,45.065264731381944,3.4144416009268523,41.650823130455095,48.479706332308794,5
scale_default,Epsilon_Greedy,epsilon=0.4,441,45.206327960543874,3.4397371596082578,41.76659080093562,48.64606512015213,5
scale_default,Epsilon_Greedy,epsilon=0.4,442,45.42362896532459,3.4105741671083103,42.01305479821628,48.8342031324329,5
scale_default,Epsilon_Greedy,epsilon=0.4,443,45.613035867003006,3.51594221674377,42.09709365025924,49.12897808374677,5
scale_default,Epsilon_Greedy,epsilon=0.4,444,45.84456747796601,3.641883988845134,42.20268348912087,49.48645146681115,5
scale_default,Epsilon_Greedy,epsilon=0.4,445,46.02188741255858,3.591151852638557,42.43073555992002,49.61303926519713,5
scale_default,Epsilon_Greedy,epsilon=0.4,446,46.27589439239649,3.5815774808749867,42.694316911521504,49.85747187327147,5
scale_default,Epsilon_Greedy,epsilon=0.4,447,46.43251151913317,3.5654636311324612,42.86704788800071,49.99797515026563,5
scale_default,Epsilon_Greedy,epsilon=0.4,448,46.65204615923452,3.6603238628638914,42.99172229637063,50.31237002209841,5
scale_default,Epsilon_Greedy,epsilon=0.4,449,46.76945322195929,3.642771195166466,43.12668202679282,50.412224417125756,5
scale_default,Epsilon_Greedy,epsilon=0.4,450,47.06047527856885,3.587864684577385,43.47261059399147,50.648339963146235,5
scale_default,Epsilon_Greedy,epsilon=0.4,451,47.203072652835445,3.520236232595452,43.682836420239994,50.723308885430896,5
scale_default,Epsilon_Greedy,epsilon=0.4,452,47.33798335935005,3.450393297086728,43.88759006226332,50.788376656436775,5
scale_default,Epsilon_Greedy,epsilon=0.4,453,47.513383321358965,3.423978453737069,44.089404867621894,50.937361775096036,5
scale_default,Epsilon_Greedy,epsilon=0.4,454,47.654046495952336,3.521256868004239,44.1327896279481,51.17530336395657,5
scale_default,Epsilon_Greedy,epsilon=0.4,455,47.7821528295964,3.541665304410927,44.24048752518547,51.323818134007325,5
scale_default,Epsilon_Greedy,epsilon=0.4,456,47.97299692351026,3.5427830814241816,44.430213842086076,51.51578000493444,5
scale_default,Epsilon_Greedy,epsilon=0.4,457,48.01777275291998,3.502683954338538,44.515088798581445,51.52045670725852,5
scale_default,Epsilon_Greedy,epsilon=0.4,458,48.201030019752224,3.4716522829448646,44.72937773680736,51.67268230269709,5
scale_default,Epsilon_Greedy,epsilon=0.4,459,48.30861551812707,3.5081683332944187,44.80044718483265,51.81678385142149,5
scale_default,Epsilon_Greedy,epsilon=0.4,460,48.437135262158876,3.492423202223771,44.94471205993511,51.929558464382644,5
scale_default,Epsilon_Greedy,epsilon=0.4,461,48.486380892578,3.4567821319382026,45.02959876063979,51.9431630245162,5
scale_default,Epsilon_Greedy,epsilon=0.4,462,48.69139473020847,3.393151822537001,45.29824290767147,52.08454655274547,5
scale_default,Epsilon_Greedy,epsilon=0.4,463,48.903033037886466,3.369175756563234,45.53385728132323,52.2722087944497,5
scale_default,Epsilon_Greedy,epsilon=0.4,464,49.21322721563904,3.2839085269173953,45.929318688721644,52.49713574255643,5
scale_default,Epsilon_Greedy,epsilon=0.4,465,49.45877614523983,3.1428425249662197,46.31593362027361,52.60161867020605,5
scale_default,Epsilon_Greedy,epsilon=0.4,466,49.59136216650711,3.0881441168403594,46.50321804966675,52.67950628334747,5
scale_default,Epsilon_Greedy,epsilon=0.4,467,49.686416941593755,3.0566872330895887,46.629729708504165,52.743104174683346,5
scale_default,Epsilon_Greedy,epsilon=0.4,468,49.80626911336006,3.0187831439397845,46.787485969420274,52.825052257299845,5
scale_default,Epsilon_Greedy,epsilon=0.4,469,50.076343370171614,2.904726160665867,47.17161720950575,52.98106953083748,5
scale_default,Epsilon_Greedy,epsilon=0.4,470,50.229468341368445,2.8168050591038214,47.412663282264624,53.046273400472266,5
scale_default,Epsilon_Greedy,epsilon=0.4,471,50.417816546870604,2.630001708291697,47.78781483857891,53.0478182551623,5
scale_default,Epsilon_Greedy,epsilon=0.4,472,50.57261408116064,2.69049415016753,47.882119930993106,53.26310823132817,5
scale_default,Epsilon_Greedy,epsilon=0.4,473,50.75367415256722,2.523973428374131,48.22970072419309,53.277647580941355,5
scale_default,Epsilon_Greedy,epsilon=0.4,474,51.095033749846785,2.6173885132599413,48.477645236586845,53.712422263106724,5
scale_default,Epsilon_Greedy,epsilon=0.4,475,51.36755271408681,2.578833210135578,48.788719503951235,53.94638592422239,5
scale_default,Epsilon_Greedy,epsilon=0.4,476,51.47485205664411,2.605830714546998,48.86902134209711,54.08068277119111,5
scale_default,Epsilon_Greedy,epsilon=0.4,477,51.64964561062881,2.5000937812461035,49.14955182938271,54.14973939187491,5
scale_default,Epsilon_Greedy,epsilon=0.4,478,51.90336681101185,2.620608246381974,49.28275856462987,54.52397505739383,5
scale_default,Epsilon_Greedy,epsilon=0.4,479,52.16065365642604,2.5936527663682165,49.56700089005783,54.75430642279426,5
scale_default,Epsilon_Greedy,epsilon=0.4,480,52.357852439844564,2.608442422154685,49.749410017689875,54.96629486199925,5
scale_default,Epsilon_Greedy,epsilon=0.4,481,52.51414277176697,2.624079430481608,49.89006334128536,55.13822220224858,5
scale_default,Epsilon_Greedy,epsilon=0.4,482,52.61756782986763,2.5831022880262102,50.03446554184142,55.20067011789384,5
scale_default,Epsilon_Greedy,epsilon=0.4,483,52.79712135704413,2.6426986920439752,50.154422665000155,55.4398200490881,5
scale_default,Epsilon_Greedy,epsilon=0.4,484,53.01132336076944,2.733417834863455,50.277905525905986,55.74474119563289,5
scale_default,Epsilon_Greedy,epsilon=0.4,485,53.19025933465707,2.7305622587285163,50.45969707592855,55.92082159338559,5
scale_default,Epsilon_Greedy,epsilon=0.4,486,53.32786664786987,2.6620345374626893,50.66583211040718,55.989901185332556,5
scale_default,Epsilon_Greedy,epsilon=0.4,487,53.43376463284252,2.729045636421049,50.70471899642147,56.16281026926357,5
scale_default,Epsilon_Greedy,epsilon=0.4,488,53.565100468228025,2.787752016478428,50.777348451749596,56.35285248470645,5
scale_default,Epsilon_Greedy,epsilon=0.4,489,53.71546739198203,2.7102874770389582,51.00517991494307,56.42575486902099,5
scale_default,Epsilon_Greedy,epsilon=0.4,490,53.853008247642194,2.7462083958808137,51.10679985176138,56.59921664352301,5
scale_default,Epsilon_Greedy,epsilon=0.4,491,54.019596908396046,2.756344277647958,51.26325263074809,56.775941186044,5
scale_default,Epsilon_Greedy,epsilon=0.4,492,54.18391148650229,2.8071557251309263,51.37675576137136,56.991067211633215,5
scale_default,Epsilon_Greedy,epsilon=0.4,493,54.2766570069875,2.7846224989732096,51.49203450801429,57.061279505960705,5
scale_default,Epsilon_Greedy,epsilon=0.4,494,54.4959375967464,2.8714690004850647,51.62446859626134,57.367406597231465,5
scale_default,Epsilon_Greedy,epsilon=0.4,495,54.75830775889621,2.8168434300717853,51.94146432882442,57.57515118896799,5
scale_default,Epsilon_Greedy,epsilon=0.4,496,55.142733925256664,2.6140925259540495,52.528641399302614,57.75682645121071,5
scale_default,Epsilon_Greedy,epsilon=0.4,497,55.259687917793144,2.671556256288823,52.58813166150432,57.93124417408197,5
scale_default,Epsilon_Greedy,epsilon=0.4,498,55.43471609317457,2.5851500860178884,52.84956600715668,58.01986617919246,5
scale_default,Epsilon_Greedy,epsilon=0.4,499,55.599251902985316,2.6139362451714265,52.98531565781389,58.21318814815674,5
scale_default,Epsilon_Greedy,epsilon=0.4,500,55.76664564086343,2.6474707507041693,53.11917489015926,58.4141163915676,5
scale_default,Epsilon_Greedy,epsilon=0.4,501,55.96091621523724,2.672334738766689,53.288581476470554,58.63325095400393,5
scale_default,Epsilon_Greedy,epsilon=0.4,502,56.137534710649426,2.7521619516142706,53.38537275903516,58.889696662263695,5
scale_default,Epsilon_Greedy,epsilon=0.4,503,56.27327989851974,2.766697625288403,53.50658227323134,59.03997752380814,5
scale_default,Epsilon_Greedy,epsilon=0.4,504,56.52788836799742,2.7153850711175718,53.81250329687985,59.24327343911499,5
scale_default,Epsilon_Greedy,epsilon=0.4,505,56.63119418478893,2.686077341116996,53.94511684367193,59.31727152590593,5
scale_default,Epsilon_Greedy,epsilon=0.4,506,56.81503582507162,2.656987139027595,54.158048686044026,59.47202296409921,5
scale_default,Epsilon_Greedy,epsilon=0.4,507,56.96648926151918,2.6843471142431823,54.282142147276,59.65083637576236,5
scale_default,Epsilon_Greedy,epsilon=0.4,508,57.15852650780151,2.663578209274457,54.494948298527056,59.822104717075966,5
scale_default,Epsilon_Greedy,epsilon=0.4,509,57.33273079309591,2.7486206982811185,54.5841100948148,60.08135149137703,5
scale_default,Epsilon_Greedy,epsilon=0.4,510,57.44249409511175,2.6475277095250624,54.79496638558668,60.09002180463681,5
scale_default,Epsilon_Greedy,epsilon=0.4,511,57.54302961007954,2.6290965788652576,54.913933031214285,60.1721261889448,5
scale_default,Epsilon_Greedy,epsilon=0.4,512,57.639871895433444,2.6129359388368445,55.0269359565966,60.252807834270286,5
scale_default,Epsilon_Greedy,epsilon=0.4,513,57.75121816896346,2.6148564378313566,55.136361731132105,60.36607460679482,5
scale_default,Epsilon_Greedy,epsilon=0.4,514,57.86088321331255,2.644080192209952,55.21680302110259,60.5049634055225,5
scale_default,Epsilon_Greedy,epsilon=0.4,515,58.08885581238509,2.5982940091155036,55.490561803269586,60.6871498215006,5
scale_default,Epsilon_Greedy,epsilon=0.4,516,58.244783451294055,2.544708153610232,55.700075297683824,60.789491604904285,5
scale_default,Epsilon_Greedy,epsilon=0.4,517,58.45686167399632,2.4734932102896305,55.98336846370669,60.930354884285954,5
scale_default,Epsilon_Greedy,epsilon=0.4,518,58.56829988810311,2.474980925770137,56.09331896233297,61.04328081387325,5
scale_default,Epsilon_Greedy,epsilon=0.4,519,58.76575361068874,2.5593887258187413,56.20636488487,61.32514233650748,5
scale_default,Epsilon_Greedy,epsilon=0.4,520,59.05340558964552,2.4516131551742655,56.60179243447126,61.505018744819786,5
scale_default,Epsilon_Greedy,epsilon=0.4,521,59.36157026415769,2.4650132237356432,56.896557040422046,61.82658348789334,5
scale_default,Epsilon_Greedy,epsilon=0.4,522,59.55909684949353,2.485738469679839,57.07335837981369,62.044835319173366,5
scale_default,Epsilon_Greedy,epsilon=0.4,523,59.74463366188395,2.570692509692531,57.17394115219142,62.31532617157649,5
scale_default,Epsilon_Greedy,epsilon=0.4,524,59.888487403155374,2.608446029856627,57.280041373298744,62.496933433012,5
scale_default,Epsilon_Greedy,epsilon=0.4,525,60.15572059632952,2.7110875613415755,57.444633034987945,62.8668081576711,5
scale_default,Epsilon_Greedy,epsilon=0.4,526,60.343641574591516,2.703862783188007,57.63977879140351,63.04750435777952,5
scale_default,Epsilon_Greedy,epsilon=0.4,527,60.506459547864594,2.7089411766541596,57.79751837121044,63.21540072451875,5
scale_default,Epsilon_Greedy,epsilon=0.4,528,60.732843562087,2.6657533903075605,58.06709017177944,63.398596952394556,5
scale_default,Epsilon_Greedy,epsilon=0.4,529,60.93778666759014,2.7264159227190703,58.21137074487107,63.66420259030921,5
scale_default,Epsilon_Greedy,epsilon=0.4,530,61.072281149449076,2.7417994785819624,58.330481670867115,63.814080628031036,5
scale_default,Epsilon_Greedy,epsilon=0.4,531,61.23037699383034,2.731521622284664,58.49885537154567,63.96189861611501,5
scale_default,Epsilon_Greedy,epsilon=0.4,532,61.525859710372245,2.6705425161930667,58.85531719417918,64.19640222656531,5
scale_default,Epsilon_Greedy,epsilon=0.4,533,61.69600669760264,2.734591850372332,58.96141484723031,64.43059854797497,5
scale_default,Epsilon_Greedy,epsilon=0.4,534,61.77534908062387,2.7543118553895813,59.02103722523429,64.52966093601346,5
scale_default,Epsilon_Greedy,epsilon=0.4,535,61.931818791323636,2.597019874687135,59.3347989166365,64.52883866601077,5
scale_default,Epsilon_Greedy,epsilon=0.4,536,62.01143046359541,2.603412107559418,59.408018356035996,64.61484257115482,5
scale_default,Epsilon_Greedy,epsilon=0.4,537,62.23853060696257,2.5558075749839406,59.68272303197863,64.79433818194651,5
scale_default,Epsilon_Greedy,epsilon=0.4,538,62.35267830679885,2.5635665685278384,59.78911173827101,64.91624487532668,5
scale_default,Epsilon_Greedy,epsilon=0.4,539,62.52509328849944,2.5236549139506796,60.00143837454876,65.04874820245013,5
scale_default,Epsilon_Greedy,epsilon=0.4,540,62.65784120342803,2.4585503121826875,60.19929089124534,65.11639151561072,5
scale_default,Epsilon_Greedy,epsilon=0.4,541,62.78890641458886,2.4714170863251637,60.3174893282637,65.26032350091403,5
scale_default,Epsilon_Greedy,epsilon=0.4,542,62.932648673128334,2.5456503775883284,60.38699829554,65.47829905071666,5
scale_default,Epsilon_Greedy,epsilon=0.4,543,63.15179051991474,2.479789147325478,60.672001372589264,65.63157966724022,5
scale_default,Epsilon_Greedy,epsilon=0.4,544,63.333973663339634,2.540222498971569,60.79375116436807,65.87419616231121,5
scale_default,Epsilon_Greedy,epsilon=0.4,545,63.538896214967416,2.4888959444001637,61.05000027056725,66.02779215936758,5
scale_default,Epsilon_Greedy,epsilon=0.4,546,63.697733521453735,2.5721545924849885,61.12557892896875,66.26988811393872,5
scale_default,Epsilon_Greedy,epsilon=0.4,547,63.85059838302709,2.6729482407443066,61.177650142282786,66.5235466237714,5
scale_default,Epsilon_Greedy,epsilon=0.4,548,64.1019255917479,2.744841979671442,61.35708361207646,66.84676757141935,5
scale_default,Epsilon_Greedy,epsilon=0.4,549,64.34628989080218,2.7770273605300053,61.56926253027218,67.12331725133218,5
scale_default,Epsilon_Greedy,epsilon=0.4,550,64.61677071239468,2.8660231680056816,61.750747544389,67.48279388040037,5
scale_default,Epsilon_Greedy,epsilon=0.4,551,64.7076786570727,2.837009044603204,61.8706696124695,67.54468770167591,5
scale_default,Epsilon_Greedy,epsilon=0.4,552,64.88338024641095,2.845093632299782,62.03828661411117,67.72847387871073,5
scale_default,Epsilon_Greedy,epsilon=0.4,553,65.04194414955386,2.786556685742786,62.25538746381107,67.82850083529664,5
scale_default,Epsilon_Greedy,epsilon=0.4,554,65.29464496233112,2.7082223628748743,62.58642259945624,68.002867325206,5
scale_default,Epsilon_Greedy,epsilon=0.4,555,65.5279070015689,2.7227971226397987,62.80510987892911,68.25070412420871,5
scale_default,Epsilon_Greedy,epsilon=0.4,556,65.74151220758617,2.735062388851335,63.006449818734836,68.4765745964375,5
scale_default,Epsilon_Greedy,epsilon=0.4,557,65.89415749375317,2.8661649804086955,63.02799251334447,68.76032247416187,5
scale_default,Epsilon_Greedy,epsilon=0.4,558,66.12065248263077,2.9011415025011638,63.21951098012961,69.02179398513194,5
scale_default,Epsilon_Greedy,epsilon=0.4,559,66.14974732310012,2.9017200733546638,63.24802724974545,69.05146739645478,5
scale_default,Epsilon_Greedy,epsilon=0.4,560,66.33183769561695,2.9071720698269847,63.42466562578997,69.23900976544394,5
scale_default,Epsilon_Greedy,epsilon=0.4,561,66.47465664388504,2.965210367257851,63.50944627662719,69.4398670111429,5
scale_default,Epsilon_Greedy,epsilon=0.4,562,66.62887271543612,3.004109062078218,63.6247636533579,69.63298177751433,5
scale_default,Epsilon_Greedy,epsilon=0.4,563,66.8181643182737,3.0931481309084212,63.725016187365284,69.91131244918212,5
scale_default,Epsilon_Greedy,epsilon=0.4,564,67.00299430321824,3.1391362641456206,63.863858039072625,70.14213056736386,5
scale_default,Epsilon_Greedy,epsilon=0.4,565,67.2324481772771,3.185451308431747,64.04699686884535,70.41789948570886,5
scale_default,Epsilon_Greedy,epsilon=0.4,566,67.42821723789305,3.1582269021378684,64.26999033575518,70.58644414003092,5
scale_default,Epsilon_Greedy,epsilon=0.4,567,67.6027089163303,3.313657534459549,64.28905138187075,70.91636645078985,5
scale_default,Epsilon_Greedy,epsilon=0.4,568,67.76627596610707,3.3043785046217087,64.46189746148536,71.07065447072878,5
scale_default,Epsilon_Greedy,epsilon=0.4,569,67.8778833592168,3.2756526904322367,64.60223066878456,71.15353604964903,5
scale_default,Epsilon_Greedy,epsilon=0.4,570,67.98177076722396,3.247505628420965,64.734265138803,71.22927639564493,5
scale_default,Epsilon_Greedy,epsilon=0.4,571,68.16421209323542,3.1387738664847165,65.02543822675071,71.30298595972013,5
scale_default,Epsilon_Greedy,epsilon=0.4,572,68.33310337849714,3.1328992657183194,65.20020411277882,71.46600264421546,5
scale_default,Epsilon_Greedy,epsilon=0.4,573,68.61245067202513,3.136667432662769,65.47578323936236,71.74911810468791,5
scale_default,Epsilon_Greedy,epsilon=0.4,574,68.9152261934072,3.1389059793469656,65.77632021406023,72.05413217275415,5
scale_default,Epsilon_Greedy,epsilon=0.4,575,69.20496868741891,3.323067330472548,65.88190135694636,72.52803601789147,5
scale_default,Epsilon_Greedy,epsilon=0.4,576,69.39016639617154,3.4486279052501447,65.94153849092139,72.83879430142169,5
scale_default,Epsilon_Greedy,epsilon=0.4,577,69.5554257129256,3.547304857939906,66.00812085498569,73.1027305708655,5
scale_default,Epsilon_Greedy,epsilon=0.4,578,69.80864877220134,3.6469192307382774,66.16172954146306,73.45556800293961,5
scale_default,Epsilon_Greedy,epsilon=0.4,579,70.07084410435202,3.5108343562959017,66.56000974805612,73.58167846064792,5
scale_default,Epsilon_Greedy,epsilon=0.4,580,70.17249142098407,3.4685815051642983,66.70390991581978,73.64107292614837,5
scale_default,Epsilon_Greedy,epsilon=0.4,581,70.2710746907502,3.468802319068547,66.80227237168165,73.73987700981874,5
scale_default,Epsilon_Greedy,epsilon=0.4,582,70.40702203325445,3.506533184085326,66.90048884916912,73.91355521733978,5
scale_default,Epsilon_Greedy,epsilon=0.4,583,70.51649975923632,3.5016782726903894,67.01482148654594,74.01817803192671,5
scale_default,Epsilon_Greedy,epsilon=0.4,584,70.67375592918077,3.5410427899401435,67.13271313924062,74.21479871912092,5
scale_default,Epsilon_Greedy,epsilon=0.4,585,70.79929385707176,3.5537977823260487,67.24549607474572,74.3530916393978,5
scale_default,Epsilon_Greedy,epsilon=0.4,586,70.90788114269233,3.5444015024591713,67.36347964023317,74.4522826451515,5
scale_default,Epsilon_Greedy,epsilon=0.4,587,71.06188903720818,3.6050268334796516,67.45686220372852,74.66691587068783,5
scale_default,Epsilon_Greedy,epsilon=0.4,588,71.15400456499503,3.5909394180485728,67.56306514694646,74.74494398304361,5
scale_default,Epsilon_Greedy,epsilon=0.4,589,71.26919275685825,3.5233958820353326,67.74579687482291,74.79258863889358,5
scale_default,Epsilon_Greedy,epsilon=0.4,590,71.48074733754848,3.587448845795952,67.89329849175253,75.06819618334443,5
scale_default,Epsilon_Greedy,epsilon=0.4,591,71.62948408443613,3.5495688844174347,68.07991520001869,75.17905296885357,5
scale_default,Epsilon_Greedy,epsilon=0.4,592,71.80163933000212,3.5469773060860885,68.25466202391603,75.34861663608821,5
scale_default,Epsilon_Greedy,epsilon=0.4,593,71.98014519386297,3.5254367118991268,68.45470848196383,75.5055819057621,5
scale_default,Epsilon_Greedy,epsilon=0.4,594,72.12898924284642,3.5387314783863286,68.59025776446009,75.66772072123274,5
scale_default,Epsilon_Greedy,epsilon=0.4,595,72.23487913655495,3.6019420903250134,68.63293704622994,75.83682122687996,5
scale_default,Epsilon_Greedy,epsilon=0.4,596,72.35427047491044,3.515900352111825,68.83837012279861,75.87017082702226,5
scale_default,Epsilon_Greedy,epsilon=0.4,597,72.52186832664474,3.5280185889873414,68.9938497376574,76.04988691563207,5
scale_default,Epsilon_Greedy,epsilon=0.4,598,72.66165555193186,3.6251456318522637,69.0365099200796,76.28680118378412,5
scale_default,Epsilon_Greedy,epsilon=0.4,599,72.7947569267477,3.676604458985376,69.11815246776231,76.47136138573308,5
scale_default,Epsilon_Greedy,epsilon=0.5,0,0.08230270874745337,0.06288121989789909,0.019421488849554275,0.14518392864535246,5
scale_default,Epsilon_Greedy,epsilon=0.5,1,0.12171987615073868,0.10016307554240816,0.021556800608330512,0.22188295169314684,5
scale_default,Epsilon_Greedy,epsilon=0.5,2,0.1404772172767722,0.09936632777204404,0.04111088950472816,0.23984354504881625,5
scale_default,Epsilon_Greedy,epsilon=0.5,3,0.1540694798744991,0.0937846636307649,0.06028481624373419,0.247854143505264,5
scale_default,Epsilon_Greedy,epsilon=0.5,4,0.22763340597694884,0.16580830003651595,0.06182510594043289,0.3934417060134648,5
scale_default,Epsilon_Greedy,epsilon=0.5,5,0.23762944109471618,0.16561994865799284,0.07200949243672333,0.403249389752709,5
scale_default,Epsilon_Greedy,epsilon=0.5,6,0.26946806633240417,0.1427364016354191,0.12673166469698507,0.4122044679678233,5
scale_default,Epsilon_Greedy,epsilon=0.5,7,0.2831900210345912,0.14881649200199037,0.1343735290326008,0.43200651303658155,5
scale_default,Epsilon_Greedy,epsilon=0.5,8,0.29494828893443986,0.1482978309151492,0.14665045801929066,0.44324611984958906,5
scale_default,Epsilon_Greedy,epsilon=0.5,9,0.30428029452360184,0.1468616572010533,0.15741863732254854,0.4511419517246551,5
scale_default,Epsilon_Greedy,epsilon=0.5,10,0.3476590313406711,0.12890892686530322,0.21875010447536788,0.4765679582059743,5
scale_default,Epsilon_Greedy,epsilon=0.5,11,0.3598524380104292,0.13154210562368948,0.22831033238673973,0.4913945436341187,5
scale_default,Epsilon_Greedy,epsilon=0.5,12,0.37371424183819624,0.1273851560501177,0.24632908578807855,0.5010993978883139,5
scale_default,Epsilon_Greedy,epsilon=0.5,13,0.4259783582229809,0.11564188658625668,0.31033647163672423,0.5416202448092375,5
scale_default,Epsilon_Greedy,epsilon=0.5,14,0.43667118815773937,0.1159800199735016,0.32069116818423776,0.5526512081312409,5
scale_default,Epsilon_Greedy,epsilon=0.5,15,0.45257384035086795,0.09662350643575217,0.35595033391511577,0.5491973467866201,5
scale_default,Epsilon_Greedy,epsilon=0.5,16,0.47594838152951163,0.08371013779510499,0.39223824373440663,0.5596585193246166,5
scale_default,Epsilon_Greedy,epsilon=0.5,17,0.4846833399945947,0.09130627564968856,0.3933770643449061,0.5759896156442832,5
scale_default,Epsilon_Greedy,epsilon=0.5,18,0.5174321737820846,0.08546790657364027,0.43196426720844433,0.6029000803557248,5
scale_default,Epsilon_Greedy,epsilon=0.5,19,0.5324646732562945,0.08124070699986512,0.4512239662564294,0.6137053802561596,5
scale_default,Epsilon_Greedy,epsilon=0.5,20,0.545076712003897,0.08130651995273884,0.4637701920511581,0.6263832319566358,5
scale_default,Epsilon_Greedy,epsilon=0.5,21,0.5594889722064649,0.08468959189214881,0.47479938031431607,0.6441785640986137,5
scale_default,Epsilon_Greedy,epsilon=0.5,22,0.580997309599069,0.09364488304462547,0.48735242655444355,0.6746421926436945,5
scale_default,Epsilon_Greedy,epsilon=0.5,23,0.5957446993054796,0.0933582782176416,0.5023864210878379,0.6891029775231212,5
scale_default,Epsilon_Greedy,epsilon=0.5,24,0.5989114583607918,0.09574157748049875,0.5031698808802931,0.6946530358412906,5
scale_default,Epsilon_Greedy,epsilon=0.5,25,0.6232365822800143,0.09680671686421737,0.526429865415797,0.7200432991442317,5
scale_default,Epsilon_Greedy,epsilon=0.5,26,0.6298435254438355,0.10318246321018272,0.5266610622336527,0.7330259886540182,5
scale_default,Epsilon_Greedy,epsilon=0.5,27,0.641188138803658,0.10620206620784607,0.5349860725958119,0.7473902050115041,5
scale_default,Epsilon_Greedy,epsilon=0.5,28,0.6540638793159979,0.11608587371015607,0.5379780056058417,0.770149753026154,5
scale_default,Epsilon_Greedy,epsilon=0.5,29,0.7009084620320138,0.07662241868903365,0.6242860433429802,0.7775308807210475,5
scale_default,Epsilon_Greedy,epsilon=0.5,30,0.7284925015425511,0.1010320774128016,0.6274604241297495,0.8295245789553527,5
scale_default,Epsilon_Greedy,epsilon=0.5,31,0.7550576759140759,0.09792652428572036,0.6571311516283556,0.8529842001997963,5
scale_default,Epsilon_Greedy,epsilon=0.5,32,0.7643945995750789,0.09224968626074669,0.6721449133143322,0.8566442858358256,5
scale_default,Epsilon_Greedy,epsilon=0.5,33,0.7971567387115901,0.13464492608209258,0.6625118126294975,0.9318016647936826,5
scale_default,Epsilon_Greedy,epsilon=0.5,34,0.8500898524937245,0.15630924134558863,0.6937806111481358,1.006399093839313,5
scale_default,Epsilon_Greedy,epsilon=0.5,35,0.8596650455051822,0.1564448726843291,0.7032201728208531,1.0161099181895112,5
scale_default,Epsilon_Greedy,epsilon=0.5,36,0.9078048586784625,0.19268222479658959,0.7151226338818729,1.100487083475052,5
scale_default,Epsilon_Greedy,epsilon=0.5,37,0.9164760418203886,0.19429985838619815,0.7221761834341904,1.1107759002065867,5
scale_default,Epsilon_Greedy,epsilon=0.5,38,0.9615232883790421,0.2016654807905266,0.7598578075885155,1.1631887691695688,5
scale_default,Epsilon_Greedy,epsilon=0.5,39,0.9754290712715317,0.2022238580113666,0.773205213260165,1.1776529292828983,5
scale_default,Epsilon_Greedy,epsilon=0.5,40,0.9830306752646107,0.19911466204767803,0.7839160132169327,1.1821453373122888,5
scale_default,Epsilon_Greedy,epsilon=0.5,41,0.992816124029172,0.20154227838036348,0.7912738456488084,1.1943584024095355,5
scale_default,Epsilon_Greedy,epsilon=0.5,42,1.0379157308595581,0.19730363512295293,0.8406120957366052,1.235219365982511,5
scale_default,Epsilon_Greedy,epsilon=0.5,43,1.0569985494306462,0.1840886325115605,0.8729099169190857,1.2410871819422067,5
scale_default,Epsilon_Greedy,epsilon=0.5,44,1.0654137954819123,0.19867869442698977,0.8667351010549225,1.264092489908902,5
scale_default,Epsilon_Greedy,epsilon=0.5,45,1.0725479993878602,0.19637370190469522,0.876174297483165,1.2689217012925553,5
scale_default,Epsilon_Greedy,epsilon=0.5,46,1.0864876179168397,0.1953792606915467,0.8911083572252929,1.2818668786083864,5
scale_default,Epsilon_Greedy,epsilon=0.5,47,1.0990936269085516,0.20274906104950205,0.8963445658590495,1.3018426879580536,5
scale_default,Epsilon_Greedy,epsilon=0.5,48,1.1132187286336783,0.20051644497090895,0.9127022836627694,1.3137351736045872,5
scale_default,Epsilon_Greedy,epsilon=0.5,49,1.1496689864831748,0.16680013197706128,0.9828688545061135,1.3164691184602362,5
scale_default,Epsilon_Greedy,epsilon=0.5,50,1.1976370504612643,0.16193753246087342,1.035699518000391,1.3595745829221377,5
scale_default,Epsilon_Greedy,epsilon=0.5,51,1.2084107018719161,0.15703351025799409,1.051377191613922,1.3654442121299102,5
scale_default,Epsilon_Greedy,epsilon=0.5,52,1.2196935020117077,0.14642801958583643,1.0732654824258712,1.3661215215975442,5
scale_default,Epsilon_Greedy,epsilon=0.5,53,1.223704926390285,0.14735954312046623,1.0763453832698189,1.3710644695107512,5
scale_default,Epsilon_Greedy,epsilon=0.5,54,1.2564920065463545,0.1246626006304084,1.1318294059159462,1.3811546071767629,5
scale_default,Epsilon_Greedy,epsilon=0.5,55,1.2808733083818684,0.12916308299915966,1.1517102253827087,1.410036391381028,5
scale_default,Epsilon_Greedy,epsilon=0.5,56,1.2885288462212456,0.12932605284372473,1.1592027933775209,1.4178548990649704,5
scale_default,Epsilon_Greedy,epsilon=0.5,57,1.3068257081197394,0.12186371153576772,1.1849619965839717,1.428689419655507,5
scale_default,Epsilon_Greedy,epsilon=0.5,58,1.3286948222502166,0.12530443666875285,1.2033903855814638,1.4539992589189694,5
scale_default,Epsilon_Greedy,epsilon=0.5,59,1.3406141148978283,0.12056170728412026,1.220052407613708,1.4611758221819486,5
scale_default,Epsilon_Greedy,epsilon=0.5,60,1.3510733902705376,0.12901100695014342,1.2220623833203943,1.480084397220681,5
scale_default,Epsilon_Greedy,epsilon=0.5,61,1.415498738025773,0.11176906413383957,1.3037296738919335,1.5272678021596127,5
scale_default,Epsilon_Greedy,epsilon=0.5,62,1.420760399392003,0.11049699821223881,1.3102634011797643,1.5312573976042418,5
scale_default,Epsilon_Greedy,epsilon=0.5,63,1.431439300997717,0.10380381540578988,1.3276354855919272,1.535243116403507,5
scale_default,Epsilon_Greedy,epsilon=0.5,64,1.4664575473919785,0.08388041167658038,1.3825771357153982,1.5503379590685589,5
scale_default,Epsilon_Greedy,epsilon=0.5,65,1.4774565108513318,0.0844265101574652,1.3930300006938665,1.561883021008797,5
scale_default,Epsilon_Greedy,epsilon=0.5,66,1.4812229430600528,0.08683495664595942,1.3943879864140933,1.5680578997060122,5
scale_default,Epsilon_Greedy,epsilon=0.5,67,1.4854145663712206,0.08278352850043832,1.4026310378707822,1.568198094871659,5
scale_default,Epsilon_Greedy,epsilon=0.5,68,1.5010383405599206,0.08920697224902956,1.411831368310891,1.5902453128089502,5
scale_default,Epsilon_Greedy,epsilon=0.5,69,1.5219991931878218,0.10260578915621753,1.4193934040316043,1.6246049823440394,5
scale_default,Epsilon_Greedy,epsilon=0.5,70,1.5296120399075188,0.10695525263076161,1.4226567872767573,1.6365672925382804,5
scale_default,Epsilon_Greedy,epsilon=0.5,71,1.5383975786571333,0.10980237806630848,1.428595200590825,1.6481999567234418,5
scale_default,Epsilon_Greedy,epsilon=0.5,72,1.5498903855187265,0.10516853540482186,1.4447218501139045,1.6550589209235484,5
scale_default,Epsilon_Greedy,epsilon=0.5,73,1.5616911624494763,0.09891238942939076,1.4627787730200854,1.660603551878867,5
scale_default,Epsilon_Greedy,epsilon=0.5,74,1.5726368891006808,0.08970101120003263,1.482935877900648,1.6623379003007135,5
scale_default,Epsilon_Greedy,epsilon=0.5,75,1.6073877119729687,0.0678131946675107,1.539574517305458,1.6752009066404794,5
scale_default,Epsilon_Greedy,epsilon=0.5,76,1.6384179003186072,0.06577669419659841,1.5726412061220088,1.7041945945152057,5
scale_default,Epsilon_Greedy,epsilon=0.5,77,1.6894458068747351,0.08732638294698505,1.60211942392775,1.7767721898217201,5
scale_default,Epsilon_Greedy,epsilon=0.5,78,1.7003768834381732,0.08186687548371417,1.618510007954459,1.7822437589218874,5
scale_default,Epsilon_Greedy,epsilon=0.5,79,1.7054934637485424,0.07420223173120798,1.6312912320173345,1.7796956954797503,5
scale_default,Epsilon_Greedy,epsilon=0.5,80,1.7377833899304842,0.07162896779327203,1.6661544221372122,1.8094123577237562,5
scale_default,Epsilon_Greedy,epsilon=0.5,81,1.7461811580123523,0.06995116828985382,1.6762299897224984,1.8161323263022062,5
scale_default,Epsilon_Greedy,epsilon=0.5,82,1.7778042186850105,0.0754194290551422,1.7023847896298683,1.8532236477401527,5
scale_default,Epsilon_Greedy,epsilon=0.5,83,1.7880174562638171,0.07517047003402436,1.7128469862297928,1.8631879262978415,5
scale_default,Epsilon_Greedy,epsilon=0.5,84,1.8192828896920414,0.11462840467986944,1.704654485012172,1.9339112943719108,5
scale_default,Epsilon_Greedy,epsilon=0.5,85,1.8667230522591076,0.14357953640794754,1.72314351585116,2.0103025886670554,5
scale_default,Epsilon_Greedy,epsilon=0.5,86,1.8743088901058027,0.13884147595427135,1.7354674141515314,2.0131503660600742,5
scale_default,Epsilon_Greedy,epsilon=0.5,87,1.8873400572232217,0.14399505447557825,1.7433450027476436,2.0313351116988,5
scale_default,Epsilon_Greedy,epsilon=0.5,88,1.965517934043061,0.18227946054482028,1.7832384734982407,2.147797394587881,5
scale_default,Epsilon_Greedy,epsilon=0.5,89,1.974612193497506,0.17956722795599658,1.7950449655415095,2.154179421453503,5
scale_default,Epsilon_Greedy,epsilon=0.5,90,1.987047995824827,0.16715111175636557,1.8198968840684615,2.1541991075811926,5
scale_default,Epsilon_Greedy,epsilon=0.5,91,1.9963322099079897,0.17296579302997292,1.8233664168780168,2.1692980029379627,5
scale_default,Epsilon_Greedy,epsilon=0.5,92,2.0031158261653026,0.1694220403798604,1.8336937857854423,2.172537866545163,5
scale_default,Epsilon_Greedy,epsilon=0.5,93,2.008420574599916,0.1666668306542925,1.8417537439456237,2.175087405254209,5
scale_default,Epsilon_Greedy,epsilon=0.5,94,2.0197028540860558,0.1735142368321276,1.8461886172539281,2.1932170909181834,5
scale_default,Epsilon_Greedy,epsilon=0.5,95,2.0365460106196815,0.18179744134528128,1.8547485692744003,2.2183434519649627,5
scale_default,Epsilon_Greedy,epsilon=0.5,96,2.050372973979354,0.15776117370026663,1.8926118002790873,2.2081341476796204,5
scale_default,Epsilon_Greedy,epsilon=0.5,97,2.0822434120900093,0.15417902833925795,1.9280643837507514,2.2364224404292674,5
scale_default,Epsilon_Greedy,epsilon=0.5,98,2.099781084986394,0.1513258856528503,1.9484551993335437,2.251106970639244,5
scale_default,Epsilon_Greedy,epsilon=0.5,99,2.1297389569072247,0.14412687906374455,1.9856120778434803,2.273865835970969,5
scale_default,Epsilon_Greedy,epsilon=0.5,100,2.1572494198068624,0.1375443966029292,2.019705023203933,2.2947938164097916,5
scale_default,Epsilon_Greedy,epsilon=0.5,101,2.257155629627797,0.09257118336770162,2.1645844462600956,2.3497268129954985,5
scale_default,Epsilon_Greedy,epsilon=0.5,102,2.2732807049507633,0.09225900872169457,2.1810216962290685,2.365539713672458,5
scale_default,Epsilon_Greedy,epsilon=0.5,103,2.3035212963022715,0.07075956291723083,2.2327617333850407,2.3742808592195024,5
scale_default,Epsilon_Greedy,epsilon=0.5,104,2.3290365951150154,0.06592450162381784,2.2631120934911975,2.3949610967388333,5
scale_default,Epsilon_Greedy,epsilon=0.5,105,2.379075248238536,0.13032915272669074,2.2487460955118452,2.5094044009652263,5
scale_default,Epsilon_Greedy,epsilon=0.5,106,2.3902186783494375,0.13710118458616807,2.2531174937632694,2.5273198629356055,5
scale_default,Epsilon_Greedy,epsilon=0.5,107,2.4120388222554583,0.14485246683425937,2.267186355421199,2.5568912890897177,5
scale_default,Epsilon_Greedy,epsilon=0.5,108,2.4242236652522027,0.1378491440711457,2.286374521181057,2.5620728093233485,5
scale_default,Epsilon_Greedy,epsilon=0.5,109,2.4616241195241955,0.13764254600491338,2.323981573519282,2.599266665529109,5
scale_default,Epsilon_Greedy,epsilon=0.5,110,2.5025733737651144,0.1637963912097933,2.338776982555321,2.666369764974908,5
scale_default,Epsilon_Greedy,epsilon=0.5,111,2.5079270369310613,0.1695154598716309,2.3384115770594303,2.6774424968026924,5
scale_default,Epsilon_Greedy,epsilon=0.5,112,2.540536178534261,0.13783252013280337,2.4027036584014576,2.6783686986670645,5
scale_default,Epsilon_Greedy,epsilon=0.5,113,2.552845160484415,0.14085607251700774,2.4119890879674073,2.693701233001423,5
scale_default,Epsilon_Greedy,epsilon=0.5,114,2.586111562392554,0.16521875485365153,2.4208928075389027,2.7513303172462056,5
scale_default,Epsilon_Greedy,epsilon=0.5,115,2.608717575187602,0.14987120753254612,2.458846367655056,2.758588782720148,5
scale_default,Epsilon_Greedy,epsilon=0.5,116,2.6246270900124395,0.16197425221437295,2.4626528377980668,2.7866013422268123,5
scale_default,Epsilon_Greedy,epsilon=0.5,117,2.6576602025262184,0.14355003490002574,2.5141101676261925,2.801210237426244,5
scale_default,Epsilon_Greedy,epsilon=0.5,118,2.6790364050111206,0.1469251622625354,2.5321112427485852,2.825961567273656,5
scale_default,Epsilon_Greedy,epsilon=0.5,119,2.722622802011826,0.1058199633820374,2.6168028386297886,2.8284427653938637,5
scale_default,Epsilon_Greedy,epsilon=0.5,120,2.7586679498896425,0.11153735941275883,2.6471305904768836,2.8702053093024014,5
scale_default,Epsilon_Greedy,epsilon=0.5,121,2.7620205818783554,0.11042796620353362,2.6515926156748217,2.872448548081889,5
scale_default,Epsilon_Greedy,epsilon=0.5,122,2.7947253056480847,0.12333870745639679,2.6713865981916878,2.9180640131044817,5
scale_default,Epsilon_Greedy,epsilon=0.5,123,2.8170321269335252,0.10718256461048233,2.709849562323043,2.9242146915440075,5
scale_default,Epsilon_Greedy,epsilon=0.5,124,2.827157484360734,0.10094121523002088,2.726216269130713,2.928098699590755,5
scale_default,Epsilon_Greedy,epsilon=0.5,125,2.8392409314207385,0.10540142749397367,2.733839503926765,2.944642358914712,5
scale_default,Epsilon_Greedy,epsilon=0.5,126,2.8840412262178967,0.13739804380779602,2.7466431824101005,3.021439270025693,5
scale_default,Epsilon_Greedy,epsilon=0.5,127,2.911701496138778,0.15720220073753963,2.754499295401238,3.0689036968763177,5
scale_default,Epsilon_Greedy,epsilon=0.5,128,2.947901423684522,0.12063715577436235,2.82726426791016,3.068538579458884,5
scale_default,Epsilon_Greedy,epsilon=0.5,129,2.9537315167601816,0.11917176455186233,2.8345597522083192,3.072903281312044,5
scale_default,Epsilon_Greedy,epsilon=0.5,130,3.005389181618778,0.08091799625854533,2.9244711853602325,3.0863071778773232,5
scale_default,Epsilon_Greedy,epsilon=0.5,131,3.030187631332655,0.08063893602293577,2.949548695309719,3.1108265673555904,5
scale_default,Epsilon_Greedy,epsilon=0.5,132,3.0769874743955947,0.10181499932465952,2.975172475070935,3.1788024737202543,5
scale_default,Epsilon_Greedy,epsilon=0.5,133,3.1175825187657473,0.11246727456132737,3.0051152442044198,3.230049793327075,5
scale_default,Epsilon_Greedy,epsilon=0.5,134,3.1267293273967907,0.1124862933390387,3.0142430340577517,3.2392156207358296,5
scale_default,Epsilon_Greedy,epsilon=0.5,135,3.12855672598318,0.11159826505713302,3.016958460926047,3.240154991040313,5
scale_default,Epsilon_Greedy,epsilon=0.5,136,3.153832304844728,0.12730539485689052,3.0265269099878376,3.2811376997016186,5
scale_default,Epsilon_Greedy,epsilon=0.5,137,3.163218314321651,0.1281082816870904,3.035110032634561,3.2913265960087412,5
scale_default,Epsilon_Greedy,epsilon=0.5,138,3.1767278391517744,0.12940515273878728,3.047322686412987,3.3061329918905615,5
scale_default,Epsilon_Greedy,epsilon=0.5,139,3.187714484048046,0.12636704977820612,3.0613474342698397,3.314081533826252,5
scale_default,Epsilon_Greedy,epsilon=0.5,140,3.1986599774518445,0.12794404158638986,3.0707159358654548,3.326604019038234,5
scale_default,Epsilon_Greedy,epsilon=0.5,141,3.207376181123654,0.1325736887733405,3.0748024923503134,3.3399498698969943,5
scale_default,Epsilon_Greedy,epsilon=0.5,142,3.2201139878778577,0.14294401739233567,3.077169970485522,3.3630580052701933,5
scale_default,Epsilon_Greedy,epsilon=0.5,143,3.2339769014409834,0.15351992250268715,3.080456978938296,3.3874968239436707,5
scale_default,Epsilon_Greedy,epsilon=0.5,144,3.255147653982152,0.14475097484909114,3.110396679133061,3.399898628831243,5
scale_default,Epsilon_Greedy,epsilon=0.5,145,3.2681607327343487,0.14561479274177222,3.1225459399925763,3.413775525476121,5
scale_default,Epsilon_Greedy,epsilon=0.5,146,3.279325157814996,0.1494431705113331,3.1298819873036625,3.428768328326329,5
scale_default,Epsilon_Greedy,epsilon=0.5,147,3.3189196590431385,0.10788967997210545,3.211029979071033,3.426809339015244,5
scale_default,Epsilon_Greedy,epsilon=0.5,148,3.3338619775903737,0.1210614630490722,3.2128005145413017,3.454923440639446,5
scale_default,Epsilon_Greedy,epsilon=0.5,149,3.358430394578678,0.10871453199265643,3.2497158625860214,3.4671449265713346,5
scale_default,Epsilon_Greedy,epsilon=0.5,150,3.3749350429086356,0.11054687738885857,3.264388165519777,3.4854819202974943,5
scale_default,Epsilon_Greedy,epsilon=0.5,151,3.4044141654373377,0.10432209226953107,3.3000920731678067,3.5087362577068686,5
scale_default,Epsilon_Greedy,epsilon=0.5,152,3.4108353123064283,0.10389507978821759,3.306940232518211,3.5147303920946458,5
scale_default,Epsilon_Greedy,epsilon=0.5,153,3.4324984628489466,0.10437601366773425,3.3281224491812123,3.536874476516681,5
scale_default,Epsilon_Greedy,epsilon=0.5,154,3.4655252256265157,0.12597919588295126,3.3395460297435644,3.591504421509467,5
scale_default,Epsilon_Greedy,epsilon=0.5,155,3.477268660041355,0.13607697950645664,3.3411916805348985,3.6133456395478114,5
scale_default,Epsilon_Greedy,epsilon=0.5,156,3.4822181687799314,0.13896089572041645,3.343257273059515,3.621179064500348,5
scale_default,Epsilon_Greedy,epsilon=0.5,157,3.49645454763061,0.1343886209116445,3.362065926718966,3.6308431685422544,5
scale_default,Epsilon_Greedy,epsilon=0.5,158,3.5228945287161877,0.11409907877751628,3.4087954499386712,3.636993607493704,5
scale_default,Epsilon_Greedy,epsilon=0.5,159,3.538050605542833,0.11107227390769198,3.4269783316351408,3.649122879450525,5
scale_default,Epsilon_Greedy,epsilon=0.5,160,3.540999007967918,0.11081984638992289,3.4301791615779953,3.651818854357841,5
scale_default,Epsilon_Greedy,epsilon=0.5,161,3.5468170581339935,0.11650058914879691,3.430316468985197,3.66331764728279,5
scale_default,Epsilon_Greedy,epsilon=0.5,162,3.58561192427957,0.09968907110786247,3.4859228531717075,3.6853009953874323,5
scale_default,Epsilon_Greedy,epsilon=0.5,163,3.5904889532991517,0.09851811363656122,3.4919708396625904,3.689007066935713,5
scale_default,Epsilon_Greedy,epsilon=0.5,164,3.6126985047051514,0.12925211552014468,3.4834463891850067,3.741950620225296,5
scale_default,Epsilon_Greedy,epsilon=0.5,165,3.6361033570186647,0.1125275220361323,3.5235758349825326,3.748630879054797,5
scale_default,Epsilon_Greedy,epsilon=0.5,166,3.654304628557463,0.13016005344286938,3.524144575114594,3.7844646820003325,5
scale_default,Epsilon_Greedy,epsilon=0.5,167,3.6562729765195288,0.1282942738584513,3.5279787026610774,3.78456725037798,5
scale_default,Epsilon_Greedy,epsilon=0.5,168,3.6662823548946277,0.12356122715133447,3.542721127743293,3.7898435820459624,5
scale_default,Epsilon_Greedy,epsilon=0.5,169,3.671730714162443,0.1237423496139828,3.5479883645484604,3.795473063776426,5
scale_default,Epsilon_Greedy,epsilon=0.5,170,3.675963375299927,0.12400113812579877,3.5519622371741284,3.7999645134257256,5
scale_default,Epsilon_Greedy,epsilon=0.5,171,3.6868009730405604,0.12559570699498554,3.561205266045575,3.8123966800355458,5
scale_default,Epsilon_Greedy,epsilon=0.5,172,3.7354697014612697,0.13522936306221117,3.6002403383990584,3.870699064523481,5
scale_default,Epsilon_Greedy,epsilon=0.5,173,3.767861179994236,0.1570002787689977,3.610860901225238,3.9248614587632336,5
scale_default,Epsilon_Greedy,epsilon=0.5,174,3.7758441061316352,0.1641370388121204,3.611707067319515,3.9399811449437556,5
scale_default,Epsilon_Greedy,epsilon=0.5,175,3.7968479238206094,0.16074104478543247,3.636106879035177,3.957588968606042,5
scale_default,Epsilon_Greedy,epsilon=0.5,176,3.84129033240918,0.15159573632155382,3.689694596087626,3.992886068730734,5
scale_default,Epsilon_Greedy,epsilon=0.5,177,3.8514018461642103,0.15538928372782357,3.696012562436387,4.006791129892034,5
scale_default,Epsilon_Greedy,epsilon=0.5,178,3.8688672065480163,0.17473706623002783,3.6941301403179887,4.043604272778044,5
scale_default,Epsilon_Greedy,epsilon=0.5,179,3.8906084977217006,0.15753737113725763,3.733071126584443,4.048145868858958,5
scale_default,Epsilon_Greedy,epsilon=0.5,180,3.9093809756855045,0.15499256182278484,3.7543884138627197,4.064373537508289,5
scale_default,Epsilon_Greedy,epsilon=0.5,181,3.922149056834273,0.1470108582581361,3.775138198576137,4.069159915092409,5
scale_default,Epsilon_Greedy,epsilon=0.5,182,3.9386146000026336,0.1368685219463327,3.801746078056301,4.075483121948967,5
scale_default,Epsilon_Greedy,epsilon=0.5,183,4.002923243769907,0.16798540265649672,3.8349378411134105,4.170908646426404,5
scale_default,Epsilon_Greedy,epsilon=0.5,184,4.006593876881977,0.17318816563048686,3.8334057112514905,4.179782042512464,5
scale_default,Epsilon_Greedy,epsilon=0.5,185,4.013106306591969,0.17140950941421543,3.841696797177754,4.184515816006185,5
scale_default,Epsilon_Greedy,epsilon=0.5,186,4.030337979610066,0.1800947704034082,3.850243209206658,4.210432750013474,5
scale_default,Epsilon_Greedy,epsilon=0.5,187,4.0574594046908485,0.1689068680969882,3.8885525365938602,4.226366272787836,5
scale_default,Epsilon_Greedy,epsilon=0.5,188,4.07104822413078,0.17793352472044216,3.893114699410338,4.2489817488512225,5
scale_default,Epsilon_Greedy,epsilon=0.5,189,4.103037563004758,0.16585971868520027,3.9371778443195575,4.268897281689958,5
scale_default,Epsilon_Greedy,epsilon=0.5,190,4.11710907132221,0.1733381619629077,3.943770909359302,4.290447233285117,5
scale_default,Epsilon_Greedy,epsilon=0.5,191,4.1319977817052695,0.1737189844577414,3.958278797247528,4.305716766163011,5
scale_default,Epsilon_Greedy,epsilon=0.5,192,4.146440623927781,0.1703487989693998,3.976091824958381,4.31678942289718,5
scale_default,Epsilon_Greedy,epsilon=0.5,193,4.164162041948076,0.16641495771414871,3.9977470842339278,4.330576999662225,5
scale_default,Epsilon_Greedy,epsilon=0.5,194,4.189007369876464,0.19367749487177258,3.9953298750046913,4.382684864748237,5
scale_default,Epsilon_Greedy,epsilon=0.5,195,4.250890392241643,0.1669793065357447,4.083911085705898,4.4178696987773876,5
scale_default,Epsilon_Greedy,epsilon=0.5,196,4.260022069539895,0.16662704755869268,4.093395021981202,4.426649117098588,5
scale_default,Epsilon_Greedy,epsilon=0.5,197,4.272491256536793,0.16651631558956104,4.105974940947232,4.439007572126354,5
scale_default,Epsilon_Greedy,epsilon=0.5,198,4.278982396057385,0.16798731553954238,4.110995080517843,4.446969711596927,5
scale_default,Epsilon_Greedy,epsilon=0.5,199,4.2905782624916124,0.16124631150675067,4.129331950984862,4.451824573998363,5
scale_default,Epsilon_Greedy,epsilon=0.5,200,4.448252952568399,0.17332242248628113,4.274930530082118,4.621575375054681,5
scale_default,Epsilon_Greedy,epsilon=0.5,201,4.6118783794097595,0.19605457264487533,4.415823806764884,4.807932952054635,5
scale_default,Epsilon_Greedy,epsilon=0.5,202,4.90093586791523,0.2626399767804411,4.6382958911347885,5.163575844695671,5
scale_default,Epsilon_Greedy,epsilon=0.5,203,5.131133601557648,0.21300376981328506,4.918129831744364,5.344137371370933,5
scale_default,Epsilon_Greedy,epsilon=0.5,204,5.310393780098934,0.20525086808019039,5.105142912018744,5.515644648179125,5
scale_default,Epsilon_Greedy,epsilon=0.5,205,5.47994557454758,0.27185558575315255,5.208089988794428,5.751801160300732,5
scale_default,Epsilon_Greedy,epsilon=0.5,206,5.609967036094038,0.3340722230548628,5.275894813039176,5.944039259148901,5
scale_default,Epsilon_Greedy,epsilon=0.5,207,5.772461341865515,0.3730112389035641,5.399450102961951,6.14547258076908,5
scale_default,Epsilon_Greedy,epsilon=0.5,208,5.863350598448621,0.39244474324660017,5.47090585520202,6.2557953416952214,5
scale_default,Epsilon_Greedy,epsilon=0.5,209,6.0890786985432275,0.44783224980279757,5.64124644874043,6.536910948346025,5
scale_default,Epsilon_Greedy,epsilon=0.5,210,6.280510698872213,0.5065861641439744,5.773924534728239,6.787096863016187,5
scale_default,Epsilon_Greedy,epsilon=0.5,211,6.529952992613763,0.45077992600229133,6.079173066611472,6.980732918616055,5
scale_default,Epsilon_Greedy,epsilon=0.5,212,6.773843208741766,0.4103337927490757,6.363509415992691,7.184177001490842,5
scale_default,Epsilon_Greedy,epsilon=0.5,213,6.954890431542983,0.3681168534106708,6.586773578132313,7.323007284953654,5
scale_default,Epsilon_Greedy,epsilon=0.5,214,7.041340946581042,0.42272035842122313,6.618620588159819,7.464061305002265,5
scale_default,Epsilon_Greedy,epsilon=0.5,215,7.235724951335987,0.28566328642627387,6.950061664909713,7.521388237762261,5
scale_default,Epsilon_Greedy,epsilon=0.5,216,7.505552744073202,0.33642596946768927,7.1691267746055125,7.841978713540891,5
scale_default,Epsilon_Greedy,epsilon=0.5,217,7.785746926265124,0.5514905405775336,7.2342563856875906,8.337237466842657,5
scale_default,Epsilon_Greedy,epsilon=0.5,218,7.920322579655867,0.6682277300597343,7.252094849596133,8.5885503097156,5
scale_default,Epsilon_Greedy,epsilon=0.5,219,8.181726467416492,0.6324083417286798,7.549318125687813,8.814134809145171,5
scale_default,Epsilon_Greedy,epsilon=0.5,220,8.348064484112498,0.5633851342476853,7.784679349864813,8.911449618360184,5
scale_default,Epsilon_Greedy,epsilon=0.5,221,8.520028926312559,0.7497273472426967,7.770301579069862,9.269756273555256,5
scale_default,Epsilon_Greedy,epsilon=0.5,222,8.68713633016191,0.7351183273721328,7.952018002789776,9.422254657534042,5
scale_default,Epsilon_Greedy,epsilon=0.5,223,8.824309588215007,0.6898285861062134,8.134481002108794,9.51413817432122,5
scale_default,Epsilon_Greedy,epsilon=0.5,224,8.97718724903937,0.712161878066096,8.265025370973273,9.689349127105466,5
scale_default,Epsilon_Greedy,epsilon=0.5,225,9.216755442011863,0.9234462383869605,8.293309203624903,10.140201680398823,5
scale_default,Epsilon_Greedy,epsilon=0.5,226,9.393484422427516,0.9063950237203656,8.48708939870715,10.299879446147882,5
scale_default,Epsilon_Greedy,epsilon=0.5,227,9.497626676925256,0.8625582967645806,8.635068380160675,10.360184973689837,5
scale_default,Epsilon_Greedy,epsilon=0.5,228,9.632551974672253,0.879483102292734,8.753068872379519,10.512035076964988,5
scale_default,Epsilon_Greedy,epsilon=0.5,229,9.703844029277956,0.8611751484642758,8.84266888081368,10.565019177742233,5
scale_default,Epsilon_Greedy,epsilon=0.5,230,9.861469581796948,0.996671128872721,8.864798452924227,10.85814071066967,5
scale_default,Epsilon_Greedy,epsilon=0.5,231,9.99184949318829,0.9680915495278157,9.023757943660474,10.959941042716107,5
scale_default,Epsilon_Greedy,epsilon=0.5,232,10.219937716245719,1.0139206957830917,9.206017020462626,11.23385841202881,5
scale_default,Epsilon_Greedy,epsilon=0.5,233,10.412878860280454,1.052804949129705,9.36007391115075,11.465683809410159,5
scale_default,Epsilon_Greedy,epsilon=0.5,234,10.572094609493211,0.969972941559859,9.602121667933352,11.542067551053071,5
scale_default,Epsilon_Greedy,epsilon=0.5,235,10.726408647289796,1.0127138850810022,9.713694762208794,11.739122532370798,5
scale_default,Epsilon_Greedy,epsilon=0.5,236,10.864693840835667,1.0405957152563594,9.824098125579308,11.905289556092026,5
scale_default,Epsilon_Greedy,epsilon=0.5,237,11.027451803452582,0.9438596766098557,10.083592126842726,11.971311480062438,5
scale_default,Epsilon_Greedy,epsilon=0.5,238,11.11546121811559,1.0060920843506178,10.109369133764972,12.121553302466207,5
scale_default,Epsilon_Greedy,epsilon=0.5,239,11.261124303349746,1.0478464132211842,10.213277890128563,12.30897071657093,5
scale_default,Epsilon_Greedy,epsilon=0.5,240,11.423470408404688,1.0632858564244092,10.360184551980279,12.486756264829097,5
scale_default,Epsilon_Greedy,epsilon=0.5,241,11.589263486216668,1.0632410911305263,10.526022395086141,12.652504577347194,5
scale_default,Epsilon_Greedy,epsilon=0.5,242,11.696040586286646,1.1049923229298395,10.591048263356807,12.801032909216485,5
scale_default,Epsilon_Greedy,epsilon=0.5,243,11.919374573356516,1.0937384809373987,10.825636092419117,13.013113054293914,5
scale_default,Epsilon_Greedy,epsilon=0.5,244,12.130698897089957,1.1663229486000684,10.964375948489888,13.297021845690026,5
scale_default,Epsilon_Greedy,epsilon=0.5,245,12.220086850458227,1.1556478640988508,11.064438986359376,13.375734714557078,5
scale_default,Epsilon_Greedy,epsilon=0.5,246,12.337496077215183,1.1914213501792386,11.146074727035945,13.528917427394422,5
scale_default,Epsilon_Greedy,epsilon=0.5,247,12.507834197944433,1.255370417225837,11.252463780718596,13.76320461517027,5
scale_default,Epsilon_Greedy,epsilon=0.5,248,12.619982109622622,1.286314827446374,11.333667282176249,13.906296937068996,5
scale_default,Epsilon_Greedy,epsilon=0.5,249,12.699861942450898,1.340884054630299,11.358977887820599,14.040745997081197,5
scale_default,Epsilon_Greedy,epsilon=0.5,250,12.899150859045386,1.5042460583145343,11.394904800730853,14.40339691735992,5
scale_default,Epsilon_Greedy,epsilon=0.5,251,13.033759381110968,1.5706791051884244,11.463080275922543,14.604438486299394,5
scale_default,Epsilon_Greedy,epsilon=0.5,252,13.168632021106253,1.542443078120008,11.626188942986245,14.711075099226262,5
scale_default,Epsilon_Greedy,epsilon=0.5,253,13.34640035309262,1.4863529783016594,11.860047374790959,14.83275333139428,5
scale_default,Epsilon_Greedy,epsilon=0.5,254,13.411733592479617,1.458792939841103,11.952940652638514,14.87052653232072,5
scale_default,Epsilon_Greedy,epsilon=0.5,255,13.482929624452641,1.491029262350083,11.991900362102559,14.973958886802723,5
scale_default,Epsilon_Greedy,epsilon=0.5,256,13.660602378508546,1.4275626319871764,12.23303974652137,15.088165010495722,5
scale_default,Epsilon_Greedy,epsilon=0.5,257,13.882989387586765,1.434978301735377,12.448011085851387,15.317967689322142,5
scale_default,Epsilon_Greedy,epsilon=0.5,258,14.087355426168823,1.4022604926839277,12.685094933484896,15.489615918852751,5
scale_default,Epsilon_Greedy,epsilon=0.5,259,14.230283326677897,1.4300962948284297,12.800187031849468,15.660379621506326,5
scale_default,Epsilon_Greedy,epsilon=0.5,260,14.41957145807713,1.450382063961936,12.969189394115194,15.869953522039065,5
scale_default,Epsilon_Greedy,epsilon=0.5,261,14.622070633060702,1.4304324334055585,13.191638199655143,16.05250306646626,5
scale_default,Epsilon_Greedy,epsilon=0.5,262,14.763003190076924,1.4045275236758175,13.358475666401107,16.167530713752743,5
scale_default,Epsilon_Greedy,epsilon=0.5,263,14.90643444292725,1.4716236274180778,13.434810815509172,16.37805807034533,5
scale_default,Epsilon_Greedy,epsilon=0.5,264,15.049395421473452,1.4469978613961898,13.602397560077263,16.496393282869644,5
scale_default,Epsilon_Greedy,epsilon=0.5,265,15.18758594111954,1.4979740064097122,13.689611934709827,16.685559947529253,5
scale_default,Epsilon_Greedy,epsilon=0.5,266,15.433976285776463,1.5593732647952003,13.874603020981263,16.993349550571665,5
scale_default,Epsilon_Greedy,epsilon=0.5,267,15.571737620592277,1.4790325982505774,14.092705022341699,17.050770218842853,5
scale_default,Epsilon_Greedy,epsilon=0.5,268,15.67271608161991,1.4472209284585178,14.225495153161393,17.119937010078427,5
scale_default,Epsilon_Greedy,epsilon=0.5,269,15.863526219495242,1.4126003608591469,14.450925858636095,17.27612658035439,5
scale_default,Epsilon_Greedy,epsilon=0.5,270,15.917729773697223,1.429464762629975,14.488265011067249,17.347194536327198,5
scale_default,Epsilon_Greedy,epsilon=0.5,271,16.033873380636965,1.4840595720301886,14.549813808606777,17.517932952667152,5
scale_default,Epsilon_Greedy,epsilon=0.5,272,16.241966952372128,1.408265699381781,14.833701252990346,17.65023265175391,5
scale_default,Epsilon_Greedy,epsilon=0.5,273,16.47625061997253,1.4704998442215393,15.00575077575099,17.946750464194068,5
scale_default,Epsilon_Greedy,epsilon=0.5,274,16.61789727937164,1.4578242961729473,15.160072983198692,18.075721575544588,5
scale_default,Epsilon_Greedy,epsilon=0.5,275,16.8319175942242,1.4666093603102675,15.365308233913934,18.29852695453447,5
scale_default,Epsilon_Greedy,epsilon=0.5,276,16.918289806965863,1.546593206033016,15.371696600932847,18.46488301299888,5
scale_default,Epsilon_Greedy,epsilon=0.5,277,17.033653712652363,1.611002362337166,15.422651350315197,18.64465607498953,5
scale_default,Epsilon_Greedy,epsilon=0.5,278,17.12686018771987,1.6386262879928886,15.488233899726982,18.76548647571276,5
scale_default,Epsilon_Greedy,epsilon=0.5,279,17.33683754569551,1.6543197942153214,15.682517751480187,18.99115733991083,5
scale_default,Epsilon_Greedy,epsilon=0.5,280,17.498327424757765,1.5580372384603827,15.940290186297382,19.056364663218147,5
scale_default,Epsilon_Greedy,epsilon=0.5,281,17.805734082819168,1.5851221524877162,16.22061193033145,19.390856235306885,5
scale_default,Epsilon_Greedy,epsilon=0.5,282,17.990571548717604,1.614956160089225,16.37561538862838,19.60552770880683,5
scale_default,Epsilon_Greedy,epsilon=0.5,283,18.107298646859583,1.6444117619935859,16.462886884866,19.751710408853167,5
scale_default,Epsilon_Greedy,epsilon=0.5,284,18.25760001763117,1.658670207499766,16.598929810131402,19.916270225130937,5
scale_default,Epsilon_Greedy,epsilon=0.5,285,18.341836145735105,1.693817788867217,16.648018356867887,20.035653934602323,5
scale_default,Epsilon_Greedy,epsilon=0.5,286,18.591538844581795,1.74917272916689,16.842366115414904,20.340711573748685,5
scale_default,Epsilon_Greedy,epsilon=0.5,287,18.701864178578944,1.681608272124209,17.020255906454736,20.383472450703152,5
scale_default,Epsilon_Greedy,epsilon=0.5,288,18.903582838098334,1.6496707564629283,17.253912081635406,20.553253594561262,5
scale_default,Epsilon_Greedy,epsilon=0.5,289,18.939588618849612,1.661762586068764,17.277826032780847,20.601351204918377,5
scale_default,Epsilon_Greedy,epsilon=0.5,290,19.252859332071857,1.6473750987383677,17.605484233333488,20.900234430810226,5
scale_default,Epsilon_Greedy,epsilon=0.5,291,19.52925381047458,1.772374005490286,17.756879804984294,21.301627815964864,5
scale_default,Epsilon_Greedy,epsilon=0.5,292,19.608554277578,1.8027351218670555,17.805819155710946,21.411289399445057,5
scale_default,Epsilon_Greedy,epsilon=0.5,293,19.7735256946957,1.7364166053399053,18.037109089355795,21.509942300035604,5
scale_default,Epsilon_Greedy,epsilon=0.5,294,19.95696841576345,1.6055022346616945,18.351466181101753,21.562470650425144,5
scale_default,Epsilon_Greedy,epsilon=0.5,295,20.167966331053027,1.535250584616991,18.632715746436034,21.70321691567002,5
scale_default,Epsilon_Greedy,epsilon=0.5,296,20.34452861605849,1.5170127883429425,18.827515827715548,21.861541404401432,5
scale_default,Epsilon_Greedy,epsilon=0.5,297,20.481386858103427,1.5294661498994586,18.951920708203968,22.010853008002886,5
scale_default,Epsilon_Greedy,epsilon=0.5,298,20.69736662349337,1.5109224524850857,19.186444171008283,22.208289075978456,5
scale_default,Epsilon_Greedy,epsilon=0.5,299,20.991629519802395,1.446484974020063,19.545144545782332,22.438114493822457,5
scale_default,Epsilon_Greedy,epsilon=0.5,300,21.166622954223637,1.374556507097251,19.792066447126388,22.541179461320887,5
scale_default,Epsilon_Greedy,epsilon=0.5,301,21.356930800748323,1.4039444037711293,19.952986396977195,22.76087520451945,5
scale_default,Epsilon_Greedy,epsilon=0.5,302,21.58659985589351,1.4234662288695372,20.163133627023974,23.010066084763046,5
scale_default,Epsilon_Greedy,epsilon=0.5,303,21.746667114762545,1.509117759880495,20.23754935488205,23.25578487464304,5
scale_default,Epsilon_Greedy,epsilon=0.5,304,21.955002471348017,1.4530474889988008,20.501954982349215,23.40804996034682,5
scale_default,Epsilon_Greedy,epsilon=0.5,305,22.07281972311322,1.5387740999791117,20.53404562313411,23.61159382309233,5
scale_default,Epsilon_Greedy,epsilon=0.5,306,22.2760164828747,1.5550179062455005,20.7209985766292,23.831034389120198,5
scale_default,Epsilon_Greedy,epsilon=0.5,307,22.39255261128753,1.5063323633439707,20.88622024794356,23.898884974631503,5
scale_default,Epsilon_Greedy,epsilon=0.5,308,22.523883598365785,1.4509141248366748,21.07296947352911,23.97479772320246,5
scale_default,Epsilon_Greedy,epsilon=0.5,309,22.647092264684584,1.5130639014750609,21.134028363209524,24.160156166159645,5
scale_default,Epsilon_Greedy,epsilon=0.5,310,22.749634870752487,1.5452497628160544,21.20438510793643,24.294884633568543,5
scale_default,Epsilon_Greedy,epsilon=0.5,311,22.896912461356937,1.584711760139626,21.31220070121731,24.481624221496563,5
scale_default,Epsilon_Greedy,epsilon=0.5,312,23.132015072776223,1.6294593457357387,21.502555727040484,24.761474418511963,5
scale_default,Epsilon_Greedy,epsilon=0.5,313,23.184982378748675,1.6621705632179369,21.522811815530737,24.847152941966613,5
scale_default,Epsilon_Greedy,epsilon=0.5,314,23.290745086153283,1.666208499302884,21.6245365868504,24.956953585456166,5
scale_default,Epsilon_Greedy,epsilon=0.5,315,23.357489900975708,1.6469747604650589,21.710515140510648,25.004464661440768,5
scale_default,Epsilon_Greedy,epsilon=0.5,316,23.60721377983819,1.69164397411154,21.91556980572665,25.29885775394973,5
scale_default,Epsilon_Greedy,epsilon=0.5,317,23.81828486180092,1.641506555218451,22.176778306582467,25.45979141701937,5
scale_default,Epsilon_Greedy,epsilon=0.5,318,24.016941588148022,1.437450980687296,22.579490607460727,25.454392568835317,5
scale_default,Epsilon_Greedy,epsilon=0.5,319,24.18319088225076,1.4920115103474625,22.691179371903296,25.675202392598223,5
scale_default,Epsilon_Greedy,epsilon=0.5,320,24.344191698214523,1.5032817429041512,22.840909955310373,25.847473441118673,5
scale_default,Epsilon_Greedy,epsilon=0.5,321,24.520596357576885,1.5320148893938987,22.988581468182986,26.052611246970784,5
scale_default,Epsilon_Greedy,epsilon=0.5,322,24.665108259670298,1.5931425105811274,23.07196574908917,26.258250770251426,5
scale_default,Epsilon_Greedy,epsilon=0.5,323,24.808403279834447,1.5496848978796525,23.258718381954793,26.3580881777141,5
scale_default,Epsilon_Greedy,epsilon=0.5,324,24.914618514796548,1.5708384765818446,23.343780038214703,26.485456991378392,5
scale_default,Epsilon_Greedy,epsilon=0.5,325,25.08154139534335,1.527968623826419,23.553572771516933,26.609510019169768,5
scale_default,Epsilon_Greedy,epsilon=0.5,326,25.251598945865986,1.5207059160611514,23.730893029804836,26.772304861927136,5
scale_default,Epsilon_Greedy,epsilon=0.5,327,25.424554436106387,1.3316448032738324,24.092909632832555,26.75619923938022,5
scale_default,Epsilon_Greedy,epsilon=0.5,328,25.464007085951476,1.3718166656985988,24.092190420252876,26.835823751650075,5
scale_default,Epsilon_Greedy,epsilon=0.5,329,25.598696487168286,1.4873228805474161,24.11137360662087,27.086019367715704,5
scale_default,Epsilon_Greedy,epsilon=0.5,330,25.783583727828386,1.386630589854317,24.39695313797407,27.170214317682703,5
scale_default,Epsilon_Greedy,epsilon=0.5,331,25.977499008200596,1.3307061422466258,24.64679286595397,27.308205150447222,5
scale_default,Epsilon_Greedy,epsilon=0.5,332,26.058661566561312,1.421649687792739,24.637011878768572,27.480311254354053,5
scale_default,Epsilon_Greedy,epsilon=0.5,333,26.290965678472322,1.3977774455274246,24.893188232944897,27.688743123999746,5
scale_default,Epsilon_Greedy,epsilon=0.5,334,26.47039430735549,1.5130869179200264,24.957307389435464,27.98348122527552,5
scale_default,Epsilon_Greedy,epsilon=0.5,335,26.597034411553146,1.562345425347912,25.034688986205232,28.15937983690106,5
scale_default,Epsilon_Greedy,epsilon=0.5,336,26.68387430435407,1.6019449471598937,25.081929357194177,28.285819251513963,5
scale_default,Epsilon_Greedy,epsilon=0.5,337,26.813901188598898,1.6444406749472926,25.169460513651604,28.45834186354619,5
scale_default,Epsilon_Greedy,epsilon=0.5,338,27.017260790533875,1.8762679039681744,25.1409928865657,28.89352869450205,5
scale_default,Epsilon_Greedy,epsilon=0.5,339,27.21238032465028,1.9340480549508936,25.278332269699387,29.146428379601172,5
scale_default,Epsilon_Greedy,epsilon=0.5,340,27.259422666286355,1.9274896913480155,25.33193297493834,29.18691235763437,5
scale_default,Epsilon_Greedy,epsilon=0.5,341,27.383162368224042,1.8162786558221495,25.566883712401893,29.19944102404619,5
scale_default,Epsilon_Greedy,epsilon=0.5,342,27.57348188655136,1.9215384402005693,25.651943446350792,29.495020326751927,5
scale_default,Epsilon_Greedy,epsilon=0.5,343,27.70292098567947,1.9781874013097906,25.72473358436968,29.68110838698926,5
scale_default,Epsilon_Greedy,epsilon=0.5,344,27.805279793976485,1.907793448811678,25.897486345164808,29.713073242788163,5
scale_default,Epsilon_Greedy,epsilon=0.5,345,27.920107031993915,1.936108855625287,25.98399817636863,29.8562158876192,5
scale_default,Epsilon_Greedy,epsilon=0.5,346,28.02570873634978,1.974048360520703,26.051660375829076,29.999757096870486,5
scale_default,Epsilon_Greedy,epsilon=0.5,347,28.261487625380106,2.065359738778146,26.19612788660196,30.32684736415825,5
scale_default,Epsilon_Greedy,epsilon=0.5,348,28.506045003804626,2.156450098026708,26.34959490577792,30.662495101831333,5
scale_default,Epsilon_Greedy,epsilon=0.5,349,28.74905491692533,2.0055308598323833,26.743524057092948,30.754585776757715,5
scale_default,Epsilon_Greedy,epsilon=0.5,350,28.871384036146658,1.9805535322613315,26.890830503885326,30.85193756840799,5
scale_default,Epsilon_Greedy,epsilon=0.5,351,28.930014189646222,1.9900430716511668,26.939971117995057,30.920057261297387,5
scale_default,Epsilon_Greedy,epsilon=0.5,352,29.13347216690052,2.0080467553321117,27.125425411568408,31.141518922232635,5
scale_default,Epsilon_Greedy,epsilon=0.5,353,29.218430765188636,1.953080640924165,27.265350124264472,31.1715114061128,5
scale_default,Epsilon_Greedy,epsilon=0.5,354,29.428309703736822,1.920090891626111,27.508218812110712,31.348400595362932,5
scale_default,Epsilon_Greedy,epsilon=0.5,355,29.499230546878362,1.9072095908058726,27.59202095607249,31.406440137684235,5
scale_default,Epsilon_Greedy,epsilon=0.5,356,29.720792284575282,2.010593873042412,27.71019841153287,31.731386157617695,5
scale_default,Epsilon_Greedy,epsilon=0.5,357,29.838315454653422,1.9503110644645898,27.888004390188833,31.78862651911801,5
scale_default,Epsilon_Greedy,epsilon=0.5,358,30.090304016077845,1.797894453176976,28.29240956290087,31.88819846925482,5
scale_default,Epsilon_Greedy,epsilon=0.5,359,30.217196731196896,1.8536888744291589,28.363507856767736,32.07088560562605,5
scale_default,Epsilon_Greedy,epsilon=0.5,360,30.49617263036589,1.899219393773815,28.596953236592075,32.3953920241397,5
scale_default,Epsilon_Greedy,epsilon=0.5,361,30.612092677259035,1.846507296296749,28.765585380962285,32.458599973555785,5
scale_default,Epsilon_Greedy,epsilon=0.5,362,30.788147400723737,1.8265483132383693,28.961599087485368,32.61469571396211,5
scale_default,Epsilon_Greedy,epsilon=0.5,363,31.095810124751416,1.792899174151584,29.30291095059983,32.888709298903,5
scale_default,Epsilon_Greedy,epsilon=0.5,364,31.293517863410454,1.7100034906516262,29.583514372758827,33.00352135406208,5
scale_default,Epsilon_Greedy,epsilon=0.5,365,31.506933107623684,1.764104535879283,29.7428285717444,33.271037643502964,5
scale_default,Epsilon_Greedy,epsilon=0.5,366,31.79906571282455,1.7244795563870323,30.07458615643752,33.52354526921158,5
scale_default,Epsilon_Greedy,epsilon=0.5,367,32.10630132431604,1.8319162150205255,30.274385109295515,33.93821753933657,5
scale_default,Epsilon_Greedy,epsilon=0.5,368,32.32018014132776,1.7789675594403396,30.54121258188742,34.0991477007681,5
scale_default,Epsilon_Greedy,epsilon=0.5,369,32.437693568449845,1.7073746781953634,30.73031889025448,34.14506824664521,5
scale_default,Epsilon_Greedy,epsilon=0.5,370,32.582618786996576,1.7143633031959207,30.868255483800656,34.2969820901925,5
scale_default,Epsilon_Greedy,epsilon=0.5,371,32.871451162741835,1.560482565550368,31.310968597191465,34.4319337282922,5
scale_default,Epsilon_Greedy,epsilon=0.5,372,32.976639469625674,1.6019608805726067,31.37467858905307,34.57860035019828,5
scale_default,Epsilon_Greedy,epsilon=0.5,373,33.05515130069378,1.565655318767196,31.489495981926584,34.62080661946098,5
scale_default,Epsilon_Greedy,epsilon=0.5,374,33.2467714883461,1.5812151014714175,31.66555638687468,34.82798658981751,5
scale_default,Epsilon_Greedy,epsilon=0.5,375,33.46790468469647,1.646608581263763,31.821296103432708,35.114513265960234,5
scale_default,Epsilon_Greedy,epsilon=0.5,376,33.66734673890976,1.671731233052501,31.995615505857256,35.339077971962254,5
scale_default,Epsilon_Greedy,epsilon=0.5,377,33.81464425335671,1.629232467857574,32.185411785499134,35.44387672121429,5
scale_default,Epsilon_Greedy,epsilon=0.5,378,33.94772862961556,1.6911612415767123,32.256567388038846,35.638889871192276,5
scale_default,Epsilon_Greedy,epsilon=0.5,379,34.22218012424712,1.7651297910395265,32.45705033320759,35.987309915286644,5
scale_default,Epsilon_Greedy,epsilon=0.5,380,34.38117708491081,1.75738734931404,32.62378973559677,36.13856443422485,5
scale_default,Epsilon_Greedy,epsilon=0.5,381,34.50697057739958,1.812595202325807,32.69437537507377,36.31956577972539,5
scale_default,Epsilon_Greedy,epsilon=0.5,382,34.67589383539608,1.8492667591191514,32.82662707627693,36.525160594515235,5
scale_default,Epsilon_Greedy,epsilon=0.5,383,34.801613305965724,1.8843269180429103,32.917286387922815,36.68594022400863,5
scale_default,Epsilon_Greedy,epsilon=0.5,384,34.87042926616381,1.9136170503112815,32.95681221585253,36.78404631647509,5
scale_default,Epsilon_Greedy,epsilon=0.5,385,35.192410961343626,1.8608821920054452,33.33152876933818,37.053293153349074,5
scale_default,Epsilon_Greedy,epsilon=0.5,386,35.38573873146298,1.7040842520674884,33.68165447939549,37.08982298353047,5
scale_default,Epsilon_Greedy,epsilon=0.5,387,35.60456636878381,1.7114157730729433,33.893150595710864,37.31598214185675,5
scale_default,Epsilon_Greedy,epsilon=0.5,388,35.76400118951019,1.6370759219867492,34.12692526752344,37.40107711149694,5
scale_default,Epsilon_Greedy,epsilon=0.5,389,35.92582876994412,1.609859181142859,34.31596958880126,37.53568795108698,5
scale_default,Epsilon_Greedy,epsilon=0.5,390,36.07033795001633,1.627543517770476,34.442794432245854,37.69788146778681,5
scale_default,Epsilon_Greedy,epsilon=0.5,391,36.320197956685305,1.6745045802619196,34.64569337642339,37.99470253694722,5
scale_default,Epsilon_Greedy,epsilon=0.5,392,36.55145881002448,1.544312871117588,35.00714593890689,38.09577168114207,5
scale_default,Epsilon_Greedy,epsilon=0.5,393,36.70885458049598,1.627474586592657,35.081379993903326,38.336329167088635,5
scale_default,Epsilon_Greedy,epsilon=0.5,394,36.8957007554043,1.6952797891444513,35.20042096625985,38.59098054454875,5
scale_default,Epsilon_Greedy,epsilon=0.5,395,36.955015096751694,1.6282587914958342,35.32675630525586,38.583273888247525,5
scale_default,Epsilon_Greedy,epsilon=0.5,396,37.129969080276545,1.660511236888801,35.469457843387744,38.79048031716535,5
scale_default,Epsilon_Greedy,epsilon=0.5,397,37.386125980440056,1.5664880310046572,35.819637949435396,38.952614011444716,5
scale_default,Epsilon_Greedy,epsilon=0.5,398,37.64232211548315,1.7004434974824585,35.941878618000686,39.34276561296561,5
scale_default,Epsilon_Greedy,epsilon=0.5,399,37.85333274118161,1.757473480430339,36.09585926075127,39.61080622161195,5
scale_default,Epsilon_Greedy,epsilon=0.5,400,38.0474598216014,1.7244835344638036,36.3229762871376,39.7719433560652,5
scale_default,Epsilon_Greedy,epsilon=0.5,401,38.20340992550823,1.7395176094227978,36.463892316085435,39.94292753493103,5
scale_default,Epsilon_Greedy,epsilon=0.5,402,38.41090180756582,1.7317613468771482,36.67914046068867,40.14266315444297,5
scale_default,Epsilon_Greedy,epsilon=0.5,403,38.518009001705344,1.8458584730367082,36.67215052866864,40.36386747474205,5
scale_default,Epsilon_Greedy,epsilon=0.5,404,38.64389269643869,1.945097452314542,36.69879524412415,40.58899014875323,5
scale_default,Epsilon_Greedy,epsilon=0.5,405,38.808840687536225,1.8517432345589924,36.95709745297723,40.66058392209522,5
scale_default,Epsilon_Greedy,epsilon=0.5,406,38.951070717628625,1.767564933499997,37.18350578412863,40.71863565112862,5
scale_default,Epsilon_Greedy,epsilon=0.5,407,39.09443550162122,1.7459878399428512,37.34844766167837,40.84042334156407,5
scale_default,Epsilon_Greedy,epsilon=0.5,408,39.20141138198055,1.7477202636392168,37.45369111834133,40.949131645619765,5
scale_default,Epsilon_Greedy,epsilon=0.5,409,39.353646484671934,1.7458717055530315,37.607774779118905,41.09951819022496,5
scale_default,Epsilon_Greedy,epsilon=0.5,410,39.49586081104235,1.7591840703727752,37.73667674066957,41.255044881415124,5
scale_default,Epsilon_Greedy,epsilon=0.5,411,39.61527601529337,1.7339270523257235,37.88134896296764,41.349203067619094,5
scale_default,Epsilon_Greedy,epsilon=0.5,412,39.905110480769835,1.5792399892340334,38.3258704915358,41.48435047000387,5
scale_default,Epsilon_Greedy,epsilon=0.5,413,40.04880597799831,1.6192032216620276,38.42960275633629,41.66800919966034,5
scale_default,Epsilon_Greedy,epsilon=0.5,414,40.17949653202054,1.5971752100303656,38.58232132199018,41.77667174205091,5
scale_default,Epsilon_Greedy,epsilon=0.5,415,40.341183521431425,1.68124660025784,38.65993692117358,42.02243012168927,5
scale_default,Epsilon_Greedy,epsilon=0.5,416,40.48189200734064,1.651789726553013,38.83010228078763,42.13368173389365,5
scale_default,Epsilon_Greedy,epsilon=0.5,417,40.61141590359136,1.6449576598289852,38.966458243762375,42.25637356342034,5
scale_default,Epsilon_Greedy,epsilon=0.5,418,40.83955856585828,1.7187140347941356,39.12084453106415,42.558272600652415,5
scale_default,Epsilon_Greedy,epsilon=0.5,419,40.959280444178845,1.8088444461109467,39.1504359980679,42.76812489028979,5
scale_default,Epsilon_Greedy,epsilon=0.5,420,41.034160816015685,1.8363933485531276,39.197767467462555,42.870554164568816,5
scale_default,Epsilon_Greedy,epsilon=0.5,421,41.23868182096366,1.9729058928848298,39.26577592807883,43.211587713848495,5
scale_default,Epsilon_Greedy,epsilon=0.5,422,41.52760659098824,2.092313230949666,39.43529336003858,43.619919821937906,5
scale_default,Epsilon_Greedy,epsilon=0.5,423,41.728622520173985,2.1296105195325232,39.599012000641466,43.858233039706505,5
scale_default,Epsilon_Greedy,epsilon=0.5,424,41.834386304322734,2.173594594427132,39.660791709895605,44.007980898749864,5
scale_default,Epsilon_Greedy,epsilon=0.5,425,41.96104309780709,2.1160467785564223,39.84499631925067,44.077089876363516,5
scale_default,Epsilon_Greedy,epsilon=0.5,426,42.16214946280018,2.1647613743390615,39.99738808846112,44.32691083713924,5
scale_default,Epsilon_Greedy,epsilon=0.5,427,42.30641144240762,2.123979159860969,40.18243228254666,44.43039060226859,5
scale_default,Epsilon_Greedy,epsilon=0.5,428,42.47615209173769,2.032521720813608,40.44363037092408,44.508673812551294,5
scale_default,Epsilon_Greedy,epsilon=0.5,429,42.72940039703776,2.0192265381570786,40.71017385888068,44.748626935194835,5
scale_default,Epsilon_Greedy,epsilon=0.5,430,43.01522593015047,1.960038954564461,41.05518697558601,44.97526488471493,5
scale_default,Epsilon_Greedy,epsilon=0.5,431,43.160868573788505,1.847971748938278,41.31289682485023,45.00884032272678,5
scale_default,Epsilon_Greedy,epsilon=0.5,432,43.278413815291344,1.8165274382697933,41.46188637702155,45.09494125356114,5
scale_default,Epsilon_Greedy,epsilon=0.5,433,43.55159024837424,1.9571490042416844,41.594441244132554,45.508739252615925,5
scale_default,Epsilon_Greedy,epsilon=0.5,434,43.81037681560285,1.9307674198993083,41.87960939570354,45.74114423550216,5
scale_default,Epsilon_Greedy,epsilon=0.5,435,43.98596782629545,1.9019595222458843,42.08400830404957,45.88792734854133,5
scale_default,Epsilon_Greedy,epsilon=0.5,436,44.13051665086864,2.0223144494341674,42.10820220143447,46.15283110030281,5
scale_default,Epsilon_Greedy,epsilon=0.5,437,44.30402884557934,1.9935924592133054,42.310436386366035,46.29762130479264,5
scale_default,Epsilon_Greedy,epsilon=0.5,438,44.43512128778309,1.944128705570891,42.4909925822122,46.37924999335398,5
scale_default,Epsilon_Greedy,epsilon=0.5,439,44.585978115455156,1.9312548114652957,42.65472330398986,46.51723292692045,5
scale_default,Epsilon_Greedy,epsilon=0.5,440,44.77270289960482,1.9480053311487213,42.8246975684561,46.720708230753544,5
scale_default,Epsilon_Greedy,epsilon=0.5,441,44.92498854156119,1.9352548519264288,42.98973368963476,46.86024339348762,5
scale_default,Epsilon_Greedy,epsilon=0.5,442,45.11846712451172,1.875126957651789,43.24334016685993,46.993594082163504,5
scale_default,Epsilon_Greedy,epsilon=0.5,443,45.299192014052025,1.9291212505177153,43.37007076353431,47.22831326456974,5
scale_default,Epsilon_Greedy,epsilon=0.5,444,45.55865758931498,2.0050316219018605,43.553625967413126,47.56368921121684,5
scale_default,Epsilon_Greedy,epsilon=0.5,445,45.720395295420516,2.1282793145517926,43.592115980868726,47.848674609972306,5
scale_default,Epsilon_Greedy,epsilon=0.5,446,45.86210677108036,2.1111715274699128,43.75093524361045,47.97327829855028,5
scale_default,Epsilon_Greedy,epsilon=0.5,447,46.01308941493734,2.021332458385269,43.991756956552074,48.03442187332261,5
scale_default,Epsilon_Greedy,epsilon=0.5,448,46.18635991409644,1.9469467998883063,44.23941311420813,48.13330671398475,5
scale_default,Epsilon_Greedy,epsilon=0.5,449,46.41731342255641,1.8919733163808916,44.52534010617552,48.3092867389373,5
scale_default,Epsilon_Greedy,epsilon=0.5,450,46.58920204025266,1.9049210673897359,44.68428097286292,48.494123107642395,5
scale_default,Epsilon_Greedy,epsilon=0.5,451,46.779730023185834,1.8338882473363582,44.94584177584947,48.613618270522196,5
scale_default,Epsilon_Greedy,epsilon=0.5,452,46.89767539039207,1.8529877588689658,45.044687631523104,48.75066314926103,5
scale_default,Epsilon_Greedy,epsilon=0.5,453,47.059166651152225,1.8286083212356057,45.23055832991662,48.88777497238783,5
scale_default,Epsilon_Greedy,epsilon=0.5,454,47.15057144088323,1.8072612249866453,45.34331021589659,48.95783266586988,5
scale_default,Epsilon_Greedy,epsilon=0.5,455,47.3803122903555,1.8039667568724347,45.576345533483064,49.18427904722793,5
scale_default,Epsilon_Greedy,epsilon=0.5,456,47.554605575091976,1.7279182890252502,45.82668728606673,49.28252386411722,5
scale_default,Epsilon_Greedy,epsilon=0.5,457,47.663870379866054,1.751482443729918,45.912387936136135,49.415352823595974,5
scale_default,Epsilon_Greedy,epsilon=0.5,458,47.918352428809634,1.8019143923079726,46.11643803650166,49.720266821117605,5
scale_default,Epsilon_Greedy,epsilon=0.5,459,47.96282241854849,1.8347289602057362,46.128093458342754,49.79755137875423,5
scale_default,Epsilon_Greedy,epsilon=0.5,460,48.088753403195,1.797404761215741,46.29134864197926,49.88615816441074,5
scale_default,Epsilon_Greedy,epsilon=0.5,461,48.1686441326933,1.7560070456909276,46.41263708700237,49.92465117838423,5
scale_default,Epsilon_Greedy,epsilon=0.5,462,48.40671262105951,1.6912083812496952,46.71550423980982,50.09792100230921,5
scale_default,Epsilon_Greedy,epsilon=0.5,463,48.56054824524078,1.7102595980206832,46.8502886472201,50.270807843261466,5
scale_default,Epsilon_Greedy,epsilon=0.5,464,48.7556961489774,1.7415932316518148,47.01410291732559,50.49728938062921,5
scale_default,Epsilon_Greedy,epsilon=0.5,465,48.971272116571726,1.6268207811606994,47.34445133541102,50.59809289773243,5
scale_default,Epsilon_Greedy,epsilon=0.5,466,49.09081320492131,1.679438455237122,47.411374749684185,50.770251660158436,5
scale_default,Epsilon_Greedy,epsilon=0.5,467,49.235462463675304,1.6899384671915763,47.54552399648373,50.92540093086688,5
scale_default,Epsilon_Greedy,epsilon=0.5,468,49.390362697963965,1.7127305916197226,47.67763210634424,51.10309328958369,5
scale_default,Epsilon_Greedy,epsilon=0.5,469,49.60805714332463,1.737695909666495,47.87036123365814,51.34575305299112,5
scale_default,Epsilon_Greedy,epsilon=0.5,470,49.83085242255464,1.7433721415697851,48.087480280984856,51.57422456412443,5
scale_default,Epsilon_Greedy,epsilon=0.5,471,49.98137049861143,1.6500906193860034,48.33127987922543,51.63146111799744,5
scale_default,Epsilon_Greedy,epsilon=0.5,472,50.133644480461896,1.5848846349492443,48.54875984551265,51.718529115411144,5
scale_default,Epsilon_Greedy,epsilon=0.5,473,50.40865569696561,1.688268122499963,48.72038757446565,52.09692381946557,5
scale_default,Epsilon_Greedy,epsilon=0.5,474,50.741510919040934,1.766680606090145,48.974830312950786,52.50819152513108,5
scale_default,Epsilon_Greedy,epsilon=0.5,475,51.02360836851321,1.7831218662104553,49.24048650230275,52.806730234723666,5
scale_default,Epsilon_Greedy,epsilon=0.5,476,51.21016062801705,1.8345928104069544,49.3755678176101,53.044753438424,5
scale_default,Epsilon_Greedy,epsilon=0.5,477,51.40072078775876,1.827880753939059,49.5728400338197,53.22860154169781,5
scale_default,Epsilon_Greedy,epsilon=0.5,478,51.69184269020873,1.8088559908156177,49.882986699393115,53.500698681024346,5
scale_default,Epsilon_Greedy,epsilon=0.5,479,51.82905458223233,1.7692188004007372,50.059835781831595,53.59827338263307,5
scale_default,Epsilon_Greedy,epsilon=0.5,480,52.047682783695976,1.9034734328526894,50.14420935084328,53.95115621654867,5
scale_default,Epsilon_Greedy,epsilon=0.5,481,52.238022795327424,1.786668665747734,50.45135412957969,54.02469146107516,5
scale_default,Epsilon_Greedy,epsilon=0.5,482,52.44260706668539,1.7309270657417277,50.711680000943666,54.173534132427115,5
scale_default,Epsilon_Greedy,epsilon=0.5,483,52.54225169917439,1.7388029767873,50.803448722387095,54.28105467596169,5
scale_default,Epsilon_Greedy,epsilon=0.5,484,52.687612183755036,1.7426378508742795,50.944974332880754,54.43025003462932,5
scale_default,Epsilon_Greedy,epsilon=0.5,485,52.811859608633426,1.7722950721681516,51.03956453646528,54.584154680801575,5
scale_default,Epsilon_Greedy,epsilon=0.5,486,53.07296430798385,1.7071553337690586,51.365808974214794,54.78011964175291,5
scale_default,Epsilon_Greedy,epsilon=0.5,487,53.20392928435664,1.6984325779938865,51.505496706362756,54.902361862350524,5
scale_default,Epsilon_Greedy,epsilon=0.5,488,53.40900375053087,1.7379327581712138,51.67107099235966,55.14693650870208,5
scale_default,Epsilon_Greedy,epsilon=0.5,489,53.454430098802106,1.7158247304147471,51.73860536838736,55.17025482921685,5
scale_default,Epsilon_Greedy,epsilon=0.5,490,53.54896099175143,1.7472435400562785,51.80171745169515,55.29620453180771,5
scale_default,Epsilon_Greedy,epsilon=0.5,491,53.66803427929815,1.8018609633283547,51.866173315969796,55.4698952426265,5
scale_default,Epsilon_Greedy,epsilon=0.5,492,53.83472507083515,1.8479474211159181,51.98677764971923,55.68267249195107,5
scale_default,Epsilon_Greedy,epsilon=0.5,493,53.97315382721648,1.981097710695969,51.99205611652051,55.95425153791245,5
scale_default,Epsilon_Greedy,epsilon=0.5,494,54.265737484345536,2.0749032490136763,52.19083423533186,56.34064073335921,5
scale_default,Epsilon_Greedy,epsilon=0.5,495,54.450517421339285,2.015927568598189,52.4345898527411,56.46644498993747,5
scale_default,Epsilon_Greedy,epsilon=0.5,496,54.76674628973618,2.175618298228028,52.59112799150815,56.942364587964214,5
scale_default,Epsilon_Greedy,epsilon=0.5,497,54.90706438604794,2.2111546319999453,52.695909754047996,57.11821901804789,5
scale_default,Epsilon_Greedy,epsilon=0.5,498,55.00549981452084,2.252076088603783,52.75342372591705,57.257575903124625,5
scale_default,Epsilon_Greedy,epsilon=0.5,499,55.14798175279858,2.2864254807761437,52.86155627202243,57.434407233574724,5
scale_default,Epsilon_Greedy,epsilon=0.5,500,55.3693936213654,2.4232390417993885,52.946154579566006,57.79263266316479,5
scale_default,Epsilon_Greedy,epsilon=0.5,501,55.50330388011896,2.5063000009425327,52.99700387917643,58.009603881061494,5
scale_default,Epsilon_Greedy,epsilon=0.5,502,55.599265428729055,2.5331657045922733,53.066099724136784,58.132431133321326,5
scale_default,Epsilon_Greedy,epsilon=0.5,503,55.73964945173109,2.5188435204390727,53.22080593129202,58.25849297217016,5
scale_default,Epsilon_Greedy,epsilon=0.5,504,56.04116919077958,2.623368393282728,53.41780079749685,58.6645375840623,5
scale_default,Epsilon_Greedy,epsilon=0.5,505,56.16364244527117,2.719460833140217,53.444181612130954,58.88310327841139,5
scale_default,Epsilon_Greedy,epsilon=0.5,506,56.30795002102961,2.744418790671848,53.56353123035776,59.05236881170146,5
scale_default,Epsilon_Greedy,epsilon=0.5,507,56.41518552865157,2.698608310187165,53.71657721846441,59.11379383883873,5
scale_default,Epsilon_Greedy,epsilon=0.5,508,56.638036503913895,2.7295750382521122,53.90846146566178,59.36761154216601,5
scale_default,Epsilon_Greedy,epsilon=0.5,509,56.74626444485153,2.726161667698756,54.02010277715278,59.47242611255029,5
scale_default,Epsilon_Greedy,epsilon=0.5,510,56.82873773369774,2.683210366209318,54.14552736748843,59.51194809990706,5
scale_default,Epsilon_Greedy,epsilon=0.5,511,56.884537242839954,2.649865790366239,54.23467145247371,59.534403033206196,5
scale_default,Epsilon_Greedy,epsilon=0.5,512,57.01238227184433,2.5678666545625193,54.44451561728181,59.58024892640685,5
scale_default,Epsilon_Greedy,epsilon=0.5,513,57.205656838100296,2.46490090516477,54.74075593293553,59.670557743265064,5
scale_default,Epsilon_Greedy,epsilon=0.5,514,57.33909387847801,2.533163614351399,54.80593026412661,59.87225749282941,5
scale_default,Epsilon_Greedy,epsilon=0.5,515,57.55082245628161,2.554469264433581,54.99635319184803,60.105291720715186,5
scale_default,Epsilon_Greedy,epsilon=0.5,516,57.77658716828107,2.586779453236942,55.189807715044125,60.36336662151801,5
scale_default,Epsilon_Greedy,epsilon=0.5,517,58.01975031779371,2.3947736802751454,55.624976637518564,60.41452399806885,5
scale_default,Epsilon_Greedy,epsilon=0.5,518,58.22049548866623,2.5394963653701206,55.68099912329611,60.75999185403635,5
scale_default,Epsilon_Greedy,epsilon=0.5,519,58.39566522491391,2.502923011100715,55.8927422138132,60.898588236014625,5
scale_default,Epsilon_Greedy,epsilon=0.5,520,58.55062339031516,2.5494887059606093,56.001134684354554,61.100112096275765,5
scale_default,Epsilon_Greedy,epsilon=0.5,521,58.712778550381586,2.595623228806158,56.117155321575424,61.30840177918775,5
scale_default,Epsilon_Greedy,epsilon=0.5,522,59.023611381119245,2.481494614697087,56.54211676642216,61.50510599581633,5
scale_default,Epsilon_Greedy,epsilon=0.5,523,59.23678019692777,2.54931975592947,56.6874604409983,61.786099952857235,5
scale_default,Epsilon_Greedy,epsilon=0.5,524,59.52789103008929,2.6385923086534127,56.88929872143588,62.16648333874271,5
scale_default,Epsilon_Greedy,epsilon=0.5,525,59.908130706246425,2.762120540798967,57.14601016544746,62.67025124704539,5
scale_default,Epsilon_Greedy,epsilon=0.5,526,60.15313990114733,2.7752710056983085,57.37786889544902,62.928410906845635,5
scale_default,Epsilon_Greedy,epsilon=0.5,527,60.263047900957375,2.724062044605364,57.538985856352014,62.987109945562736,5
scale_default,Epsilon_Greedy,epsilon=0.5,528,60.468617075980106,2.7572872116545737,57.711329864325535,63.22590428763468,5
scale_default,Epsilon_Greedy,epsilon=0.5,529,60.70791381296469,2.8857004451251886,57.8222133678395,63.59361425808988,5
scale_default,Epsilon_Greedy,epsilon=0.5,530,60.85037473300215,2.867998946693059,57.98237578630909,63.718373679695205,5
scale_default,Epsilon_Greedy,epsilon=0.5,531,61.00340267713068,2.8132365150465017,58.190166162084175,63.816639192177185,5
scale_default,Epsilon_Greedy,epsilon=0.5,532,61.23734688892195,2.789644801100663,58.447702087821284,64.02699169002261,5
scale_default,Epsilon_Greedy,epsilon=0.5,533,61.374201955108404,2.850554272829017,58.52364768227939,64.22475622793742,5
scale_default,Epsilon_Greedy,epsilon=0.5,534,61.60413417340599,2.9872982641762587,58.61683590922973,64.59143243758224,5
scale_default,Epsilon_Greedy,epsilon=0.5,535,61.679243170325265,2.978854975580091,58.70038819474517,64.65809814590536,5
scale_default,Epsilon_Greedy,epsilon=0.5,536,61.82436897304672,2.903602049819383,58.92076692322733,64.7279710228661,5
scale_default,Epsilon_Greedy,epsilon=0.5,537,62.04495800633981,2.883444650164234,59.161513356175575,64.92840265650405,5
scale_default,Epsilon_Greedy,epsilon=0.5,538,62.16964852718543,2.8559288085666834,59.31371971861875,65.02557733575212,5
scale_default,Epsilon_Greedy,epsilon=0.5,539,62.46915765989246,2.8182102206563906,59.65094743923607,65.28736788054886,5
scale_default,Epsilon_Greedy,epsilon=0.5,540,62.642607143978566,2.690069639787513,59.952537504191056,65.33267678376608,5
scale_default,Epsilon_Greedy,epsilon=0.5,541,62.8868003511228,2.6673875203853328,60.21941283073747,65.55418787150813,5
scale_default,Epsilon_Greedy,epsilon=0.5,542,63.04804685300728,2.6957662100953335,60.35228064291194,65.7438130631026,5
scale_default,Epsilon_Greedy,epsilon=0.5,543,63.30895854334072,2.7214068930167152,60.58755165032401,66.03036543635744,5
scale_default,Epsilon_Greedy,epsilon=0.5,544,63.6424188988227,2.9038435068538635,60.73857539196884,66.54626240567656,5
scale_default,Epsilon_Greedy,epsilon=0.5,545,63.88678121728269,3.0083299453808903,60.878451271901795,66.89511116266358,5
scale_default,Epsilon_Greedy,epsilon=0.5,546,64.06543210468958,2.9317515306557858,61.13368057403379,66.99718363534537,5
scale_default,Epsilon_Greedy,epsilon=0.5,547,64.21567939862243,3.0597103214353707,61.15596907718706,67.2753897200578,5
scale_default,Epsilon_Greedy,epsilon=0.5,548,64.35413108403493,3.086735174235954,61.26739590979898,67.44086625827089,5
scale_default,Epsilon_Greedy,epsilon=0.5,549,64.59868752793447,3.062210354517958,61.536477173416515,67.66089788245243,5
scale_default,Epsilon_Greedy,epsilon=0.5,550,64.81452874352387,3.073804113647507,61.74072462987636,67.88833285717138,5
scale_default,Epsilon_Greedy,epsilon=0.5,551,64.94420971369497,3.1005114906417877,61.84369822305319,68.04472120433677,5
scale_default,Epsilon_Greedy,epsilon=0.5,552,65.10417626608017,3.1979066905410765,61.9062695755391,68.30208295662125,5
scale_default,Epsilon_Greedy,epsilon=0.5,553,65.28046785199142,3.1507399515397667,62.12972790045165,68.43120780353118,5
scale_default,Epsilon_Greedy,epsilon=0.5,554,65.51045309383662,3.1345039128469825,62.375949180989636,68.6449570066836,5
scale_default,Epsilon_Greedy,epsilon=0.5,555,65.64426902401058,3.0923636066385445,62.55190541737204,68.73663263064913,5
scale_default,Epsilon_Greedy,epsilon=0.5,556,65.80803025087053,3.1610281873623918,62.64700206350814,68.96905843823292,5
scale_default,Epsilon_Greedy,epsilon=0.5,557,65.93784742831677,3.203463766345893,62.73438366197088,69.14131119466266,5
scale_default,Epsilon_Greedy,epsilon=0.5,558,66.0892913650686,3.1600041236240557,62.92928724144455,69.24929548869267,5
scale_default,Epsilon_Greedy,epsilon=0.5,559,66.1923131926676,3.1305268085400826,63.061786384127515,69.32284000120768,5
scale_default,Epsilon_Greedy,epsilon=0.5,560,66.41583375385854,3.1576106954255723,63.25822305843296,69.57344444928411,5
scale_default,Epsilon_Greedy,epsilon=0.5,561,66.52359475944466,3.1997439359271427,63.32385082351752,69.72333869537181,5
scale_default,Epsilon_Greedy,epsilon=0.5,562,66.73189533868097,3.2629018021509837,63.468993536529986,69.99479714083195,5
scale_default,Epsilon_Greedy,epsilon=0.5,563,66.97261098838953,3.1870476659776985,63.78556332241183,70.15965865436723,5
scale_default,Epsilon_Greedy,epsilon=0.5,564,67.13468552897758,3.1861442020278155,63.948541326949766,70.3208297310054,5
scale_default,Epsilon_Greedy,epsilon=0.5,565,67.3317805977031,3.1521910495746113,64.17958954812849,70.48397164727771,5
scale_default,Epsilon_Greedy,epsilon=0.5,566,67.41243254299768,3.157139272086605,64.25529327091107,70.56957181508429,5
scale_default,Epsilon_Greedy,epsilon=0.5,567,67.62105486331491,3.222338356749415,64.39871650656549,70.84339322006433,5
scale_default,Epsilon_Greedy,epsilon=0.5,568,67.76747074034634,3.2392602773577828,64.52821046298855,71.00673101770413,5
scale_default,Epsilon_Greedy,epsilon=0.5,569,67.92775696519766,3.224957046905527,64.70279991829213,71.15271401210319,5
scale_default,Epsilon_Greedy,epsilon=0.5,570,68.06096009383137,3.220208692568798,64.84075140126257,71.28116878640017,5
scale_default,Epsilon_Greedy,epsilon=0.5,571,68.26343731101186,3.1918634759129505,65.0715738350989,71.45530078692481,5
scale_default,Epsilon_Greedy,epsilon=0.5,572,68.43204055565528,3.203969489187607,65.22807106646766,71.63601004484289,5
scale_default,Epsilon_Greedy,epsilon=0.5,573,68.71571706324997,3.1637818691107857,65.55193519413918,71.87949893236076,5
scale_default,Epsilon_Greedy,epsilon=0.5,574,69.0698007044231,3.0441969136481744,66.02560379077492,72.11399761807128,5
scale_default,Epsilon_Greedy,epsilon=0.5,575,69.36054903503081,3.1365989702026633,66.22395006482814,72.49714800523348,5
scale_default,Epsilon_Greedy,epsilon=0.5,576,69.47062064979153,3.1451635311795405,66.325457118612,72.61578418097106,5
scale_default,Epsilon_Greedy,epsilon=0.5,577,69.66068667682985,3.2758638356343006,66.38482284119556,72.93655051246415,5
scale_default,Epsilon_Greedy,epsilon=0.5,578,69.7802032240944,3.3205521195911025,66.4596511045033,73.10075534368549,5
scale_default,Epsilon_Greedy,epsilon=0.5,579,69.98889578822879,3.0411865053375933,66.9477092828912,73.03008229356638,5
scale_default,Epsilon_Greedy,epsilon=0.5,580,70.07911434517032,3.0786720469955324,67.00044229817479,73.15778639216586,5
scale_default,Epsilon_Greedy,epsilon=0.5,581,70.32464389372696,3.1762244181994186,67.14841947552753,73.50086831192638,5
scale_default,Epsilon_Greedy,epsilon=0.5,582,70.40995562496809,3.219374843958472,67.19058078100961,73.62933046892657,5
scale_default,Epsilon_Greedy,epsilon=0.5,583,70.55546568061958,3.254561963952064,67.3009037166675,73.81002764457165,5
scale_default,Epsilon_Greedy,epsilon=0.5,584,70.87504685778006,3.141827229997772,67.73321962778229,74.01687408777784,5
scale_default,Epsilon_Greedy,epsilon=0.5,585,71.05011919653741,3.1127102247339247,67.93740897180348,74.16282942127134,5
scale_default,Epsilon_Greedy,epsilon=0.5,586,71.21796655767088,3.1158679697060445,68.10209858796483,74.33383452737692,5
scale_default,Epsilon_Greedy,epsilon=0.5,587,71.42774145621362,3.0668119282930877,68.36092952792053,74.49455338450672,5
scale_default,Epsilon_Greedy,epsilon=0.5,588,71.55612818690491,3.092235554984674,68.46389263192025,74.64836374188958,5
scale_default,Epsilon_Greedy,epsilon=0.5,589,71.67137281552445,3.0327785002597754,68.63859431526467,74.70415131578423,5
scale_default,Epsilon_Greedy,epsilon=0.5,590,71.8562951393658,3.1172210088085808,68.73907413055721,74.97351614817438,5
scale_default,Epsilon_Greedy,epsilon=0.5,591,72.05772730247654,3.0852266549501968,68.97250064752635,75.14295395742673,5
scale_default,Epsilon_Greedy,epsilon=0.5,592,72.3046642260698,3.090253299062486,69.21441092700732,75.39491752513229,5
scale_default,Epsilon_Greedy,epsilon=0.5,593,72.46033487529652,3.1203427659103213,69.3399921093862,75.58067764120685,5
scale_default,Epsilon_Greedy,epsilon=0.5,594,72.59797250979571,3.069480472817306,69.5284920369784,75.66745298261301,5
scale_default,Epsilon_Greedy,epsilon=0.5,595,72.64433202117107,3.092520791381098,69.55181122978996,75.73685281255217,5
scale_default,Epsilon_Greedy,epsilon=0.5,596,72.80451746324006,3.0324086233772825,69.77210883986278,75.83692608661734,5
scale_default,Epsilon_Greedy,epsilon=0.5,597,73.01904174330387,3.0081534998533033,70.01088824345057,76.02719524315718,5
scale_default,Epsilon_Greedy,epsilon=0.5,598,73.27931220414223,3.0748270041659853,70.20448519997625,76.35413920830821,5
scale_default,Epsilon_Greedy,epsilon=0.5,599,73.44699002646061,3.1547784324401347,70.29221159402047,76.60176845890075,5
scale_default,Epsilon_Greedy,epsilon=0.6,0,0.056303464827689664,0.0627380436954207,-0.006434578867731036,0.11904150852311036,5
scale_default,Epsilon_Greedy,epsilon=0.6,1,0.11027959732160197,0.095593371085287,0.014686226236314978,0.20587296840688896,5
scale_default,Epsilon_Greedy,epsilon=0.6,2,0.16291273565549616,0.11302601874014002,0.049886716915356136,0.2759387543956362,5
scale_default,Epsilon_Greedy,epsilon=0.6,3,0.18331074839872763,0.11017305813778724,0.07313769026094039,0.29348380653651485,5
scale_default,Epsilon_Greedy,epsilon=0.6,4,0.23587157065425698,0.11426193984072214,0.12160963081353485,0.3501335104949791,5
scale_default,Epsilon_Greedy,epsilon=0.6,5,0.30157979007846014,0.12401008953265268,0.17756970054580745,0.42558987961111283,5
scale_default,Epsilon_Greedy,epsilon=0.6,6,0.3310516867336076,0.11721351282707645,0.21383817390653112,0.448265199560684,5
scale_default,Epsilon_Greedy,epsilon=0.6,7,0.3458735582917947,0.1073088910302949,0.23856466726149983,0.4531824493220896,5
scale_default,Epsilon_Greedy,epsilon=0.6,8,0.3620305178920978,0.10373654770630823,0.25829397018578953,0.465767065598406,5
scale_default,Epsilon_Greedy,epsilon=0.6,9,0.38911237044253255,0.09913449958711054,0.28997787085542204,0.48824687002964307,5
scale_default,Epsilon_Greedy,epsilon=0.6,10,0.40125985839550615,0.10573599211206751,0.29552386628343863,0.5069958505075737,5
scale_default,Epsilon_Greedy,epsilon=0.6,11,0.4409518136062867,0.13413141568417294,0.3068203979221138,0.5750832292904596,5
scale_default,Epsilon_Greedy,epsilon=0.6,12,0.48511214295757926,0.13712709305049067,0.34798504990708856,0.62223923600807,5
scale_default,Epsilon_Greedy,epsilon=0.6,13,0.4973024041830354,0.13708420843467464,0.3602181957483608,0.63438661261771,5
scale_default,Epsilon_Greedy,epsilon=0.6,14,0.5373803698915193,0.15255674737193345,0.3848236225195858,0.6899371172634527,5
scale_default,Epsilon_Greedy,epsilon=0.6,15,0.5820882985011981,0.12893860416366282,0.4531496943375353,0.711026902664861,5
scale_default,Epsilon_Greedy,epsilon=0.6,16,0.5967165199894089,0.13294210945240603,0.46377441053700286,0.7296586294418149,5
scale_default,Epsilon_Greedy,epsilon=0.6,17,0.6352023208275703,0.1579660754874378,0.47723624534013254,0.7931683963150081,5
scale_default,Epsilon_Greedy,epsilon=0.6,18,0.6551091099831505,0.16337189195359486,0.49173721802955567,0.8184810019367454,5
scale_default,Epsilon_Greedy,epsilon=0.6,19,0.6711973760725412,0.1692916354742592,0.501905740598282,0.8404890115468003,5
scale_default,Epsilon_Greedy,epsilon=0.6,20,0.7046070809276255,0.15665076589536234,0.5479563150322632,0.8612578468229878,5
scale_default,Epsilon_Greedy,epsilon=0.6,21,0.7255978449733067,0.17517587614939512,0.5504219688239116,0.9007737211227018,5
scale_default,Epsilon_Greedy,epsilon=0.6,22,0.7729663193737757,0.1676221729244199,0.6053441464493559,0.9405884922981955,5
scale_default,Epsilon_Greedy,epsilon=0.6,23,0.8018099179571265,0.1741074264766205,0.627702491480506,0.975917344433747,5
scale_default,Epsilon_Greedy,epsilon=0.6,24,0.8139650245757049,0.1806298645928556,0.6333351599828493,0.9945948891685604,5
scale_default,Epsilon_Greedy,epsilon=0.6,25,0.8742029417622886,0.16597606116597238,0.7082268805963162,1.040179002928261,5
scale_default,Epsilon_Greedy,epsilon=0.6,26,0.8924169976822209,0.16234863857978277,0.7300683591024382,1.0547656362620037,5
scale_default,Epsilon_Greedy,epsilon=0.6,27,0.9039690322217087,0.15586370902011953,0.7481053232015891,1.0598327412418282,5
scale_default,Epsilon_Greedy,epsilon=0.6,28,0.935080129798844,0.1514878826824146,0.7835922471164294,1.0865680124812587,5
scale_default,Epsilon_Greedy,epsilon=0.6,29,0.971398005383076,0.1859902158874555,0.7854077894956204,1.1573882212705315,5
scale_default,Epsilon_Greedy,epsilon=0.6,30,0.9863567805197073,0.19366926110491903,0.7926875194147883,1.1800260416246264,5
scale_default,Epsilon_Greedy,epsilon=0.6,31,1.0003993883061413,0.19833894095107837,0.8020604473550629,1.1987383292572196,5
scale_default,Epsilon_Greedy,epsilon=0.6,32,1.0250057851933518,0.21075197786144956,0.8142538073319023,1.2357577630548013,5
scale_default,Epsilon_Greedy,epsilon=0.6,33,1.039142662523038,0.21824689061090355,0.8208957719121345,1.2573895531339416,5
scale_default,Epsilon_Greedy,epsilon=0.6,34,1.0650335939457183,0.22558236422152023,0.8394512297241981,1.2906159581672385,5
scale_default,Epsilon_Greedy,epsilon=0.6,35,1.092219912016747,0.25522474167337605,0.836995170343371,1.3474446536901232,5
scale_default,Epsilon_Greedy,epsilon=0.6,36,1.129466635714881,0.27132316355527963,0.8581434721596014,1.4007897992701608,5
scale_default,Epsilon_Greedy,epsilon=0.6,37,1.1397671622168684,0.27085917060946507,0.8689079916074033,1.4106263328263333,5
scale_default,Epsilon_Greedy,epsilon=0.6,38,1.1653927246290239,0.2837168430726287,0.8816758815563952,1.4491095677016526,5
scale_default,Epsilon_Greedy,epsilon=0.6,39,1.1720645797946427,0.28312512521487493,0.8889394545797678,1.4551897050095177,5
scale_default,Epsilon_Greedy,epsilon=0.6,40,1.205307427653886,0.2589368164517335,0.9463706112021525,1.4642442441056196,5
scale_default,Epsilon_Greedy,epsilon=0.6,41,1.2206241925375494,0.2601787672381305,0.9604454252994189,1.48080295977568,5
scale_default,Epsilon_Greedy,epsilon=0.6,42,1.239991593659563,0.27503215913699836,0.9649594345225645,1.5150237527965613,5
scale_default,Epsilon_Greedy,epsilon=0.6,43,1.2490693505904151,0.27140643032487133,0.9776629202655438,1.5204757809152865,5
scale_default,Epsilon_Greedy,epsilon=0.6,44,1.2575740074853619,0.2676379071888871,0.9899361002964748,1.5252119146742489,5
scale_default,Epsilon_Greedy,epsilon=0.6,45,1.2981749609485225,0.28087655039406684,1.0172984105544556,1.5790515113425894,5
scale_default,Epsilon_Greedy,epsilon=0.6,46,1.3099125591171596,0.28997160680394646,1.0199409523132132,1.599884165921106,5
scale_default,Epsilon_Greedy,epsilon=0.6,47,1.3289107147519463,0.2850830941172673,1.043827620634679,1.6139938088692136,5
scale_default,Epsilon_Greedy,epsilon=0.6,48,1.3768676850188757,0.3083475374217651,1.0685201475971104,1.685215222440641,5
scale_default,Epsilon_Greedy,epsilon=0.6,49,1.391216843289714,0.3190863988806615,1.0721304444090527,1.7103032421703754,5
scale_default,Epsilon_Greedy,epsilon=0.6,50,1.399931407307708,0.31846455571517146,1.0814668515925365,1.7183959630228796,5
scale_default,Epsilon_Greedy,epsilon=0.6,51,1.4720734653856233,0.3298699962284316,1.1422034691571916,1.801943461614055,5
scale_default,Epsilon_Greedy,epsilon=0.6,52,1.4986240099772115,0.34397337623721136,1.1546506337400002,1.8425973862144227,5
scale_default,Epsilon_Greedy,epsilon=0.6,53,1.5120342453661446,0.3517832937603779,1.1602509516057666,1.8638175391265226,5
scale_default,Epsilon_Greedy,epsilon=0.6,54,1.5523558466840697,0.3704088693070313,1.1819469773770384,1.922764715991101,5
scale_default,Epsilon_Greedy,epsilon=0.6,55,1.5683568695691066,0.3702111310423218,1.1981457385267849,1.9385680006114283,5
scale_default,Epsilon_Greedy,epsilon=0.6,56,1.5906285141966194,0.39676828976503137,1.1938602244315881,1.9873968039616507,5
scale_default,Epsilon_Greedy,epsilon=0.6,57,1.6028247882347337,0.39442334756910974,1.208401440665624,1.9972481358038434,5
scale_default,Epsilon_Greedy,epsilon=0.6,58,1.6344119672151347,0.3625125326089878,1.271899434606147,1.9969244998241225,5
scale_default,Epsilon_Greedy,epsilon=0.6,59,1.6531970432364982,0.3623438103919349,1.2908532328445632,2.015540853628433,5
scale_default,Epsilon_Greedy,epsilon=0.6,60,1.6567879868271684,0.35810062542854937,1.2986873613986192,2.0148886122557177,5
scale_default,Epsilon_Greedy,epsilon=0.6,61,1.7024915014260114,0.3387098769405343,1.363781624485477,2.0412013783665457,5
scale_default,Epsilon_Greedy,epsilon=0.6,62,1.713578336337039,0.331332572184172,1.382245764152867,2.044910908521211,5
scale_default,Epsilon_Greedy,epsilon=0.6,63,1.7375930957115873,0.32226395666218255,1.4153291390494047,2.05985705237377,5
scale_default,Epsilon_Greedy,epsilon=0.6,64,1.7792822507422694,0.2861395229849381,1.4931427277573313,2.0654217737272074,5
scale_default,Epsilon_Greedy,epsilon=0.6,65,1.805854774584417,0.2751675660519913,1.5306872085324257,2.0810223406364083,5
scale_default,Epsilon_Greedy,epsilon=0.6,66,1.8366062640827814,0.252150917881438,1.5844553462013433,2.0887571819642194,5
scale_default,Epsilon_Greedy,epsilon=0.6,67,1.8515515456829743,0.2473467075264762,1.6042048381564982,2.0988982532094504,5
scale_default,Epsilon_Greedy,epsilon=0.6,68,1.8559091084930148,0.24484124281022307,1.6110678656827917,2.1007503513032377,5
scale_default,Epsilon_Greedy,epsilon=0.6,69,1.8631555456259423,0.2569198043856361,1.6062357412403063,2.1200753500115783,5
scale_default,Epsilon_Greedy,epsilon=0.6,70,1.8817492043238306,0.261369639310423,1.6203795650134076,2.1431188436342534,5
scale_default,Epsilon_Greedy,epsilon=0.6,71,1.8940256774022348,0.2692253703010135,1.6248003071012214,2.1632510477032483,5
scale_default,Epsilon_Greedy,epsilon=0.6,72,1.9119860664282746,0.2623483884134439,1.6496376780148307,2.1743344548417185,5
scale_default,Epsilon_Greedy,epsilon=0.6,73,1.9217915079328065,0.2667162126819179,1.6550752952508887,2.1885077206147243,5
scale_default,Epsilon_Greedy,epsilon=0.6,74,1.9373873892475146,0.25944998776171374,1.6779374014858008,2.196837377009228,5
scale_default,Epsilon_Greedy,epsilon=0.6,75,1.957493319882304,0.27253286119932646,1.6849604586829774,2.23002618108163,5
scale_default,Epsilon_Greedy,epsilon=0.6,76,1.9947582110494178,0.2915492388486232,1.7032089722007946,2.286307449898041,5
scale_default,Epsilon_Greedy,epsilon=0.6,77,2.031448011997078,0.28006938685425514,1.751378625142823,2.311517398851333,5
scale_default,Epsilon_Greedy,epsilon=0.6,78,2.067974082344819,0.26474773412918423,1.8032263482156348,2.3327218164740033,5
scale_default,Epsilon_Greedy,epsilon=0.6,79,2.0771769959754858,0.2611470142576374,1.8160299817178482,2.3383240102331233,5
scale_default,Epsilon_Greedy,epsilon=0.6,80,2.1416534425710476,0.2433790998381118,1.8982743427329358,2.385032542409159,5
scale_default,Epsilon_Greedy,epsilon=0.6,81,2.1480920185229175,0.2420201876497905,1.906071830873127,2.390112206172708,5
scale_default,Epsilon_Greedy,epsilon=0.6,82,2.182745901567396,0.26336559386200215,1.919380307705394,2.446111495429398,5
scale_default,Epsilon_Greedy,epsilon=0.6,83,2.204155219334365,0.2587927791151858,1.9453624402191791,2.462947998449551,5
scale_default,Epsilon_Greedy,epsilon=0.6,84,2.2197466441356837,0.26371119853458486,1.9560354456010989,2.4834578426702687,5
scale_default,Epsilon_Greedy,epsilon=0.6,85,2.27503500088397,0.26519535379158543,2.0098396470923845,2.540230354675556,5
scale_default,Epsilon_Greedy,epsilon=0.6,86,2.286419735569873,0.267762208519054,2.018657527050819,2.554181944088927,5
scale_default,Epsilon_Greedy,epsilon=0.6,87,2.3203533597112718,0.2889255223453036,2.031427837365968,2.6092788820565755,5
scale_default,Epsilon_Greedy,epsilon=0.6,88,2.3696049382826647,0.30135711612939636,2.0682478221532685,2.670962054412061,5
scale_default,Epsilon_Greedy,epsilon=0.6,89,2.391766065275807,0.3110088142190563,2.0807572510567507,2.7027748794948634,5
scale_default,Epsilon_Greedy,epsilon=0.6,90,2.438652813194458,0.3596000541199383,2.0790527590745196,2.798252867314396,5
scale_default,Epsilon_Greedy,epsilon=0.6,91,2.4415645631644076,0.3600811281880859,2.0814834349763216,2.8016456913524936,5
scale_default,Epsilon_Greedy,epsilon=0.6,92,2.4602566594868804,0.3638701785095346,2.096386480977346,2.824126837996415,5
scale_default,Epsilon_Greedy,epsilon=0.6,93,2.4778823323249966,0.37384530915099884,2.1040370231739978,2.8517276414759953,5
scale_default,Epsilon_Greedy,epsilon=0.6,94,2.485374816985501,0.3796151804698576,2.1057596365156432,2.8649899974553583,5
scale_default,Epsilon_Greedy,epsilon=0.6,95,2.4971082786026138,0.3833253372861158,2.113782941316498,2.8804336158887294,5
scale_default,Epsilon_Greedy,epsilon=0.6,96,2.559615522478836,0.344976257629419,2.214639264849417,2.9045917801082553,5
scale_default,Epsilon_Greedy,epsilon=0.6,97,2.570491487508923,0.3490906303048602,2.221400857204063,2.9195821178137833,5
scale_default,Epsilon_Greedy,epsilon=0.6,98,2.5899384010578395,0.3407290755329449,2.2492093255248946,2.9306674765907843,5
scale_default,Epsilon_Greedy,epsilon=0.6,99,2.606043223308305,0.3293846088222608,2.276658614486044,2.9354278321305656,5
scale_default,Epsilon_Greedy,epsilon=0.6,100,2.6319796323460727,0.3322064306428285,2.2997732017032444,2.964186062988901,5
scale_default,Epsilon_Greedy,epsilon=0.6,101,2.7176034695508853,0.30166385246569255,2.4159396170851926,3.019267322016578,5
scale_default,Epsilon_Greedy,epsilon=0.6,102,2.737103518494597,0.3025373746308293,2.4345661438637674,3.0396408931254264,5
scale_default,Epsilon_Greedy,epsilon=0.6,103,2.7586195618771017,0.29014889605187905,2.4684706658252225,3.048768457928981,5
scale_default,Epsilon_Greedy,epsilon=0.6,104,2.781336471234734,0.26066436197876897,2.520672109255965,3.042000833213503,5
scale_default,Epsilon_Greedy,epsilon=0.6,105,2.7893595916469893,0.2589514414075793,2.53040815023941,3.048311033054569,5
scale_default,Epsilon_Greedy,epsilon=0.6,106,2.821520624715552,0.2901458827131538,2.5313747420023986,3.1116665074287058,5
scale_default,Epsilon_Greedy,epsilon=0.6,107,2.836173382782908,0.2863815195959208,2.549791863186987,3.122554902378829,5
scale_default,Epsilon_Greedy,epsilon=0.6,108,2.851943985321425,0.2966692920084069,2.555274693313018,3.1486132773298317,5
scale_default,Epsilon_Greedy,epsilon=0.6,109,2.8823519365006747,0.2943471492000097,2.588004787300665,3.1766990857006845,5
scale_default,Epsilon_Greedy,epsilon=0.6,110,2.9291800734974234,0.2988049291520199,2.6303751443454035,3.227985002649443,5
scale_default,Epsilon_Greedy,epsilon=0.6,111,2.972871406956725,0.29986106429887505,2.6730103426578498,3.2727324712556,5
scale_default,Epsilon_Greedy,epsilon=0.6,112,3.0057610553698746,0.3187503089007367,2.687010746469138,3.3245113642706112,5
scale_default,Epsilon_Greedy,epsilon=0.6,113,3.020828892195497,0.3266753698641881,2.694153522331309,3.347504262059685,5
scale_default,Epsilon_Greedy,epsilon=0.6,114,3.045861848252284,0.31451548203060187,2.731346366221682,3.3603773302828857,5
scale_default,Epsilon_Greedy,epsilon=0.6,115,3.0645443613401278,0.3278198999469576,2.73672446139317,3.3923642612870855,5
scale_default,Epsilon_Greedy,epsilon=0.6,116,3.0758497133328797,0.33602330856606094,2.7398264047668186,3.411873021898941,5
scale_default,Epsilon_Greedy,epsilon=0.6,117,3.0825543522124086,0.33502146996133686,2.747532882251072,3.4175758221737453,5
scale_default,Epsilon_Greedy,epsilon=0.6,118,3.0997642462431547,0.32744584862130277,2.772318397621852,3.4272100948644573,5
scale_default,Epsilon_Greedy,epsilon=0.6,119,3.103923214418454,0.32876393700169576,2.7751592774167584,3.43268715142015,5
scale_default,Epsilon_Greedy,epsilon=0.6,120,3.1235519551258433,0.31926920609727555,2.804282749028568,3.4428211612231188,5
scale_default,Epsilon_Greedy,epsilon=0.6,121,3.152441271819308,0.3399377226152979,2.8125035492040102,3.4923789944346058,5
scale_default,Epsilon_Greedy,epsilon=0.6,122,3.19078398784792,0.36702628747244515,2.823757700375475,3.557810275320365,5
scale_default,Epsilon_Greedy,epsilon=0.6,123,3.215644253883115,0.34617832862030995,2.869465925262805,3.5618225825034253,5
scale_default,Epsilon_Greedy,epsilon=0.6,124,3.2480033285322363,0.32134367790025675,2.9266596506319793,3.5693470064324933,5
scale_default,Epsilon_Greedy,epsilon=0.6,125,3.2794807486558186,0.28168082085795004,2.9977999277978684,3.561161569513769,5
scale_default,Epsilon_Greedy,epsilon=0.6,126,3.301885100256461,0.311552530479746,2.9903325697767147,3.613437630736207,5
scale_default,Epsilon_Greedy,epsilon=0.6,127,3.3274346633638197,0.3207194780562834,3.0067151853075362,3.648154141420103,5
scale_default,Epsilon_Greedy,epsilon=0.6,128,3.358350761161592,0.32809897650828024,3.030251784653312,3.6864497376698724,5
scale_default,Epsilon_Greedy,epsilon=0.6,129,3.374889137685039,0.31499705763871066,3.0598920800463283,3.6898861953237496,5
scale_default,Epsilon_Greedy,epsilon=0.6,130,3.4061363744944844,0.3197041723202294,3.086432202174255,3.7258405468147138,5
scale_default,Epsilon_Greedy,epsilon=0.6,131,3.441542609466763,0.32326084102214075,3.1182817684446222,3.7648034504889036,5
scale_default,Epsilon_Greedy,epsilon=0.6,132,3.469339216855225,0.3275600278875074,3.1417791889677176,3.7968992447427325,5
scale_default,Epsilon_Greedy,epsilon=0.6,133,3.479568610381052,0.33694365896677714,3.142624951414275,3.816512269347829,5
scale_default,Epsilon_Greedy,epsilon=0.6,134,3.506499347404083,0.3483014343810364,3.158197913023047,3.8548007817851193,5
scale_default,Epsilon_Greedy,epsilon=0.6,135,3.5323781734458004,0.33903498759751977,3.193343185848281,3.87141316104332,5
scale_default,Epsilon_Greedy,epsilon=0.6,136,3.538648168331549,0.340333634871666,3.198314533459883,3.878981803203215,5
scale_default,Epsilon_Greedy,epsilon=0.6,137,3.5604428491469307,0.34110525836173705,3.2193375907851935,3.9015481075086678,5
scale_default,Epsilon_Greedy,epsilon=0.6,138,3.5797967820427417,0.3448224034708508,3.234974378571891,3.9246191855135923,5
scale_default,Epsilon_Greedy,epsilon=0.6,139,3.5923531638693404,0.34475771956949325,3.247595444299847,3.9371108834388338,5
scale_default,Epsilon_Greedy,epsilon=0.6,140,3.6248322881139314,0.3603864273878926,3.2644458607260387,3.985218715501824,5
scale_default,Epsilon_Greedy,epsilon=0.6,141,3.6393064770674783,0.3650016560514687,3.2743048210160097,4.004308133118947,5
scale_default,Epsilon_Greedy,epsilon=0.6,142,3.6519203473605977,0.3779628237661949,3.2739575235944027,4.029883171126793,5
scale_default,Epsilon_Greedy,epsilon=0.6,143,3.6640292333955258,0.3817547036324542,3.2822745297630718,4.04578393702798,5
scale_default,Epsilon_Greedy,epsilon=0.6,144,3.6943899666576656,0.4061611192118983,3.2882288474457675,4.100551085869564,5
scale_default,Epsilon_Greedy,epsilon=0.6,145,3.7444456242825965,0.4193583310597614,3.3250872932228352,4.163803955342358,5
scale_default,Epsilon_Greedy,epsilon=0.6,146,3.7572923340051303,0.412351199059868,3.3449411349452625,4.169643533064998,5
scale_default,Epsilon_Greedy,epsilon=0.6,147,3.764478612270563,0.4144246761553435,3.3500539361152195,4.178903288425906,5
scale_default,Epsilon_Greedy,epsilon=0.6,148,3.7771292504232803,0.41684529583413665,3.3602839545891436,4.193974546257417,5
scale_default,Epsilon_Greedy,epsilon=0.6,149,3.7971027945787923,0.42718901625079875,3.3699137783279935,4.224291810829591,5
scale_default,Epsilon_Greedy,epsilon=0.6,150,3.83035702798729,0.4634070304616178,3.3669499975256723,4.293764058448907,5
scale_default,Epsilon_Greedy,epsilon=0.6,151,3.8635286231242914,0.46047347035160907,3.4030551527726822,4.3240020934759,5
scale_default,Epsilon_Greedy,epsilon=0.6,152,3.8961017719940623,0.46774129292249467,3.428360479071568,4.363843064916557,5
scale_default,Epsilon_Greedy,epsilon=0.6,153,3.9212747668210843,0.4759977643933101,3.4452770024277743,4.397272531214394,5
scale_default,Epsilon_Greedy,epsilon=0.6,154,3.9784283013148176,0.5092997027341942,3.4691285985806233,4.4877280040490115,5
scale_default,Epsilon_Greedy,epsilon=0.6,155,4.004117575005174,0.5015022118854587,3.502615363119715,4.505619786890633,5
scale_default,Epsilon_Greedy,epsilon=0.6,156,4.005609250408617,0.49974413720702776,3.5058651132015894,4.505353387615645,5
scale_default,Epsilon_Greedy,epsilon=0.6,157,4.032831304653192,0.47760947372297713,3.5552218309302153,4.51044077837617,5
scale_default,Epsilon_Greedy,epsilon=0.6,158,4.091890913161942,0.48261949868997644,3.6092714144719653,4.574510411851918,5
scale_default,Epsilon_Greedy,epsilon=0.6,159,4.1149155021239725,0.4977593017422079,3.6171562003817646,4.61267480386618,5
scale_default,Epsilon_Greedy,epsilon=0.6,160,4.121086296029126,0.4955311717273222,3.6255551243018034,4.6166174677564475,5
scale_default,Epsilon_Greedy,epsilon=0.6,161,4.1230656712012195,0.4966053686329982,3.6264603025682214,4.619671039834218,5
scale_default,Epsilon_Greedy,epsilon=0.6,162,4.155321849261844,0.5232183260665558,3.632103523195288,4.6785401753284,5
scale_default,Epsilon_Greedy,epsilon=0.6,163,4.178740722405476,0.5138515465812771,3.6648891758241993,4.692592268986753,5
scale_default,Epsilon_Greedy,epsilon=0.6,164,4.2090049328293855,0.5408712170872948,3.6681337157420906,4.74987614991668,5
scale_default,Epsilon_Greedy,epsilon=0.6,165,4.254734306085446,0.5421927515083914,3.7125415545770544,4.796927057593837,5
scale_default,Epsilon_Greedy,epsilon=0.6,166,4.266414912780016,0.5463707790643068,3.7200441337157093,4.812785691844323,5
scale_default,Epsilon_Greedy,epsilon=0.6,167,4.292612221425361,0.566668623802509,3.7259435976228517,4.85928084522787,5
scale_default,Epsilon_Greedy,epsilon=0.6,168,4.307587339249999,0.5734901118937145,3.7340972273562842,4.881077451143713,5
scale_default,Epsilon_Greedy,epsilon=0.6,169,4.315299030349648,0.5776585308111808,3.737640499538467,4.892957561160829,5
scale_default,Epsilon_Greedy,epsilon=0.6,170,4.328898236729396,0.567311155680202,3.7615870810491936,4.896209392409598,5
scale_default,Epsilon_Greedy,epsilon=0.6,171,4.352972350275044,0.5623160375062292,3.7906563127688147,4.915288387781273,5
scale_default,Epsilon_Greedy,epsilon=0.6,172,4.383599946578426,0.580603844515053,3.8029961020633727,4.964203791093478,5
scale_default,Epsilon_Greedy,epsilon=0.6,173,4.429032455411102,0.6172879742364374,3.8117444811746646,5.0463204296475395,5
scale_default,Epsilon_Greedy,epsilon=0.6,174,4.4429753444930515,0.5953942574490424,3.8475810870440093,5.038369601942094,5
scale_default,Epsilon_Greedy,epsilon=0.6,175,4.4489652748630055,0.58731676089809,3.8616485139649157,5.036282035761095,5
scale_default,Epsilon_Greedy,epsilon=0.6,176,4.480936816393722,0.541781584806062,3.93915523158766,5.022718401199784,5
scale_default,Epsilon_Greedy,epsilon=0.6,177,4.549191030494979,0.4754958059529563,4.073695224542023,5.024686836447936,5
scale_default,Epsilon_Greedy,epsilon=0.6,178,4.56357926590231,0.4680801827168862,4.095499083185423,5.031659448619196,5
scale_default,Epsilon_Greedy,epsilon=0.6,179,4.596975498270797,0.4635433026475699,4.133432195623227,5.060518800918366,5
scale_default,Epsilon_Greedy,epsilon=0.6,180,4.630074699644105,0.46424909292930866,4.1658256067147965,5.094323792573413,5
scale_default,Epsilon_Greedy,epsilon=0.6,181,4.660692170146521,0.4619416902492334,4.198750479897288,5.122633860395754,5
scale_default,Epsilon_Greedy,epsilon=0.6,182,4.672716970573383,0.47334229725480736,4.199374673318576,5.14605926782819,5
scale_default,Epsilon_Greedy,epsilon=0.6,183,4.7285287149169495,0.4904853739687226,4.238043340948227,5.219014088885672,5
scale_default,Epsilon_Greedy,epsilon=0.6,184,4.7386225371500315,0.49552499140305994,4.243097545746972,5.234147528553091,5
scale_default,Epsilon_Greedy,epsilon=0.6,185,4.782932449577039,0.5304427629837589,4.252489686593281,5.313375212560798,5
scale_default,Epsilon_Greedy,epsilon=0.6,186,4.808468716460853,0.532725100004877,4.2757436164559754,5.34119381646573,5
scale_default,Epsilon_Greedy,epsilon=0.6,187,4.828920538350715,0.5454078584929486,4.2835126798577665,5.374328396843664,5
scale_default,Epsilon_Greedy,epsilon=0.6,188,4.844924060800909,0.550951998602186,4.293972062198723,5.395876059403095,5
scale_default,Epsilon_Greedy,epsilon=0.6,189,4.878306869150961,0.509219853792076,4.369087015358885,5.387526722943037,5
scale_default,Epsilon_Greedy,epsilon=0.6,190,4.910656263226699,0.5200814688659705,4.390574794360728,5.430737732092669,5
scale_default,Epsilon_Greedy,epsilon=0.6,191,4.919675628090633,0.5288010043871746,4.390874623703458,5.448476632477807,5
scale_default,Epsilon_Greedy,epsilon=0.6,192,4.9341389844248145,0.5362629423270764,4.397876042097738,5.470401926751891,5
scale_default,Epsilon_Greedy,epsilon=0.6,193,4.953195076648621,0.5480746215956623,4.405120455052958,5.5012696982442835,5
scale_default,Epsilon_Greedy,epsilon=0.6,194,4.971958975689586,0.5484537799434201,4.4235051957461655,5.520412755633006,5
scale_default,Epsilon_Greedy,epsilon=0.6,195,4.998696898500358,0.5642769848836867,4.434419913616671,5.562973883384045,5
scale_default,Epsilon_Greedy,epsilon=0.6,196,5.006086442472851,0.564727908509319,4.441358533963532,5.57081435098217,5
scale_default,Epsilon_Greedy,epsilon=0.6,197,5.048440662055244,0.5850529659841285,4.463387696071115,5.633493628039372,5
scale_default,Epsilon_Greedy,epsilon=0.6,198,5.097618180265027,0.6128847609794495,4.484733419285577,5.710502941244476,5
scale_default,Epsilon_Greedy,epsilon=0.6,199,5.113574767330581,0.6136689144821279,4.499905852848453,5.727243681812709,5
scale_default,Epsilon_Greedy,epsilon=0.6,200,5.185262995285577,0.5781185724448961,4.6071444228406815,5.763381567730473,5
scale_default,Epsilon_Greedy,epsilon=0.6,201,5.320721764181486,0.6597416490107681,4.660980115170718,5.980463413192254,5
scale_default,Epsilon_Greedy,epsilon=0.6,202,5.4528529015879625,0.695657947723246,4.757194953864716,6.148510849311209,5
scale_default,Epsilon_Greedy,epsilon=0.6,203,5.546535974639595,0.6522872878695006,4.894248686770094,6.198823262509096,5
scale_default,Epsilon_Greedy,epsilon=0.6,204,5.6920022143901345,0.6197224611874397,5.072279753202695,6.311724675577574,5
scale_default,Epsilon_Greedy,epsilon=0.6,205,5.77765185097629,0.6059188564191699,5.17173299455712,6.38357070739546,5
scale_default,Epsilon_Greedy,epsilon=0.6,206,6.007433410140102,0.5357581768139558,5.471675233326146,6.543191586954058,5
scale_default,Epsilon_Greedy,epsilon=0.6,207,6.173463979348888,0.5561513305569183,5.61731264879197,6.729615309905807,5
scale_default,Epsilon_Greedy,epsilon=0.6,208,6.252087706913777,0.5942515593907823,5.657836147522994,6.846339266304559,5
scale_default,Epsilon_Greedy,epsilon=0.6,209,6.513420083972683,0.47187773626014323,6.041542347712539,6.985297820232827,5
scale_default,Epsilon_Greedy,epsilon=0.6,210,6.696671067383241,0.5466754630629687,6.149995604320272,7.2433465304462095,5
scale_default,Epsilon_Greedy,epsilon=0.6,211,6.896727411363,0.6157717935186436,6.280955617844357,7.512499204881643,5
scale_default,Epsilon_Greedy,epsilon=0.6,212,7.103919499172489,0.5198976615683855,6.584021837604104,7.623817160740875,5
scale_default,Epsilon_Greedy,epsilon=0.6,213,7.200985378028196,0.4959853540078631,6.7050000240203325,7.696970732036059,5
scale_default,Epsilon_Greedy,epsilon=0.6,214,7.445422598991703,0.5849352347825817,6.8604873642091215,8.030357833774286,5
scale_default,Epsilon_Greedy,epsilon=0.6,215,7.630263855559659,0.5439774613872854,7.086286394172373,8.174241316946944,5
scale_default,Epsilon_Greedy,epsilon=0.6,216,7.875144627708375,0.5055795020314386,7.369565125676936,8.380724129739814,5
scale_default,Epsilon_Greedy,epsilon=0.6,217,8.142649154692053,0.39880854078432404,7.74384061390773,8.541457695476378,5
scale_default,Epsilon_Greedy,epsilon=0.6,218,8.352202257323333,0.42149954748566765,7.930702709837665,8.773701804809,5
scale_default,Epsilon_Greedy,epsilon=0.6,219,8.512828237763927,0.3000928608763563,8.21273537688757,8.812921098640283,5
scale_default,Epsilon_Greedy,epsilon=0.6,220,8.60787943600411,0.2811515631080746,8.326727872896035,8.889030999112185,5
scale_default,Epsilon_Greedy,epsilon=0.6,221,8.7596250968401,0.257740176689547,8.501884920150554,9.017365273529647,5
scale_default,Epsilon_Greedy,epsilon=0.6,222,8.929111668446646,0.23700909211403148,8.692102576332616,9.166120760560677,5
scale_default,Epsilon_Greedy,epsilon=0.6,223,9.110703633622379,0.2574539081345705,8.853249725487808,9.368157541756949,5
scale_default,Epsilon_Greedy,epsilon=0.6,224,9.29403739116199,0.2703251660751965,9.023712225086793,9.564362557237185,5
scale_default,Epsilon_Greedy,epsilon=0.6,225,9.462258480535784,0.401084894601014,9.06117358593477,9.863343375136798,5
scale_default,Epsilon_Greedy,epsilon=0.6,226,9.63487874356489,0.46255008142265125,9.172328662142238,10.097428824987542,5
scale_default,Epsilon_Greedy,epsilon=0.6,227,9.793970621756031,0.5530460197311723,9.24092460202486,10.347016641487203,5
scale_default,Epsilon_Greedy,epsilon=0.6,228,10.110085629591811,0.5289736929388403,9.58111193665297,10.639059322530652,5
scale_default,Epsilon_Greedy,epsilon=0.6,229,10.245388362537843,0.5946146884502365,9.650773674087606,10.84000305098808,5
scale_default,Epsilon_Greedy,epsilon=0.6,230,10.50972597433482,0.5026178337442012,10.007108140590619,11.012343808079022,5
scale_default,Epsilon_Greedy,epsilon=0.6,231,10.695522134738184,0.4632919868848566,10.232230147853327,11.15881412162304,5
scale_default,Epsilon_Greedy,epsilon=0.6,232,10.823109505958886,0.5548760181888863,10.268233487769999,11.377985524147773,5
scale_default,Epsilon_Greedy,epsilon=0.6,233,11.046092181027811,0.6301286444902654,10.415963536537546,11.676220825518076,5
scale_default,Epsilon_Greedy,epsilon=0.6,234,11.337817505111692,0.5948074414141721,10.74301006369752,11.932624946525864,5
scale_default,Epsilon_Greedy,epsilon=0.6,235,11.457643284253795,0.5899420253899705,10.867701258863825,12.047585309643765,5
scale_default,Epsilon_Greedy,epsilon=0.6,236,11.651230022700528,0.3927056711524298,11.258524351548099,12.043935693852957,5
scale_default,Epsilon_Greedy,epsilon=0.6,237,11.74200088652249,0.3436392858342057,11.398361600688284,12.085640172356696,5
scale_default,Epsilon_Greedy,epsilon=0.6,238,11.84144225628226,0.3790319765833928,11.462410279698867,12.220474232865653,5
scale_default,Epsilon_Greedy,epsilon=0.6,239,12.004980005868413,0.3340386826611997,11.670941323207213,12.339018688529613,5
scale_default,Epsilon_Greedy,epsilon=0.6,240,12.230293555258761,0.34234774546033797,11.887945809798424,12.572641300719098,5
scale_default,Epsilon_Greedy,epsilon=0.6,241,12.45931007452285,0.3112752551069901,12.14803481941586,12.77058532962984,5
scale_default,Epsilon_Greedy,epsilon=0.6,242,12.593291360014806,0.4689325964806453,12.124358763534161,13.062223956495451,5
scale_default,Epsilon_Greedy,epsilon=0.6,243,12.840633582811822,0.35620262554515786,12.484430957266664,13.19683620835698,5
scale_default,Epsilon_Greedy,epsilon=0.6,244,13.050712823120307,0.2671275836885646,12.783585239431742,13.317840406808871,5
scale_default,Epsilon_Greedy,epsilon=0.6,245,13.087290133536083,0.24220756438316873,12.845082569152915,13.329497697919251,5
scale_default,Epsilon_Greedy,epsilon=0.6,246,13.284461983109779,0.25700676878557405,13.027455214324204,13.541468751895353,5
scale_default,Epsilon_Greedy,epsilon=0.6,247,13.45171203702898,0.25328210131655743,13.198429935712422,13.704994138345537,5
scale_default,Epsilon_Greedy,epsilon=0.6,248,13.63327496536109,0.3150067457547064,13.318268219606384,13.948281711115797,5
scale_default,Epsilon_Greedy,epsilon=0.6,249,13.880295134744813,0.3662223682051738,13.51407276653964,14.246517502949986,5
scale_default,Epsilon_Greedy,epsilon=0.6,250,14.05749890727267,0.342256757438932,13.715242149833738,14.399755664711602,5
scale_default,Epsilon_Greedy,epsilon=0.6,251,14.215744336116884,0.4904233330815195,13.725321003035365,14.706167669198404,5
scale_default,Epsilon_Greedy,epsilon=0.6,252,14.378422809634586,0.5607871085556884,13.817635701078897,14.939209918190274,5
scale_default,Epsilon_Greedy,epsilon=0.6,253,14.503046438588253,0.6096005165219677,13.893445922066286,15.11264695511022,5
scale_default,Epsilon_Greedy,epsilon=0.6,254,14.697981741944508,0.5486665127800188,14.14931522916449,15.246648254724526,5
scale_default,Epsilon_Greedy,epsilon=0.6,255,14.803668787080664,0.5986874149025623,14.204981372178102,15.402356201983226,5
scale_default,Epsilon_Greedy,epsilon=0.6,256,15.002830899574827,0.6975581286446393,14.305272770930188,15.700389028219465,5
scale_default,Epsilon_Greedy,epsilon=0.6,257,15.19142319064206,0.5711174852223687,14.620305705419693,15.762540675864429,5
scale_default,Epsilon_Greedy,epsilon=0.6,258,15.394913210563942,0.4994946992145113,14.895418511349432,15.894407909778453,5
scale_default,Epsilon_Greedy,epsilon=0.6,259,15.537222336192432,0.5695869912420425,14.96763534495039,16.106809327434476,5
scale_default,Epsilon_Greedy,epsilon=0.6,260,15.67599135420529,0.6261140938557344,15.049877260349556,16.302105448061024,5
scale_default,Epsilon_Greedy,epsilon=0.6,261,15.917225207041653,0.6575908888907019,15.259634318150951,16.574816095932356,5
scale_default,Epsilon_Greedy,epsilon=0.6,262,16.020401929360826,0.6362410052307389,15.384160924130088,16.656642934591567,5
scale_default,Epsilon_Greedy,epsilon=0.6,263,16.23812611772678,0.6120719723429559,15.626054145383822,16.850198090069735,5
scale_default,Epsilon_Greedy,epsilon=0.6,264,16.410945027711954,0.6174714674863594,15.793473560225594,17.028416495198314,5
scale_default,Epsilon_Greedy,epsilon=0.6,265,16.609499625937033,0.5472015432168786,16.062298082720154,17.156701169153912,5
scale_default,Epsilon_Greedy,epsilon=0.6,266,16.72549840082568,0.586253541002321,16.139244859823357,17.311751941828,5
scale_default,Epsilon_Greedy,epsilon=0.6,267,16.93161296726261,0.5662110025635029,16.365401964699107,17.49782396982611,5
scale_default,Epsilon_Greedy,epsilon=0.6,268,17.071723013467267,0.5247626173976708,16.546960396069597,17.596485630864937,5
scale_default,Epsilon_Greedy,epsilon=0.6,269,17.400614723598245,0.8680393476978469,16.5325753759004,18.26865407129609,5
scale_default,Epsilon_Greedy,epsilon=0.6,270,17.524723728974624,0.8474396012851471,16.67728412768948,18.37216333025977,5
scale_default,Epsilon_Greedy,epsilon=0.6,271,17.67563414140439,0.8776412730001575,16.797992868404233,18.55327541440455,5
scale_default,Epsilon_Greedy,epsilon=0.6,272,17.979763211880254,0.9260631146192518,17.053700097261004,18.905826326499504,5
scale_default,Epsilon_Greedy,epsilon=0.6,273,18.210399475426648,0.9926274302592626,17.217772045167386,19.20302690568591,5
scale_default,Epsilon_Greedy,epsilon=0.6,274,18.340167787035902,0.9340277979967025,17.4061399890392,19.274195585032604,5
scale_default,Epsilon_Greedy,epsilon=0.6,275,18.546479973268184,0.8463490179330025,17.700130955335183,19.392828991201185,5
scale_default,Epsilon_Greedy,epsilon=0.6,276,18.736474369449912,0.8105268597329995,17.925947509716913,19.54700122918291,5
scale_default,Epsilon_Greedy,epsilon=0.6,277,18.891824351093724,0.8734635344135865,18.018360816680136,19.765287885507313,5
scale_default,Epsilon_Greedy,epsilon=0.6,278,18.996965208785422,0.8546281690706687,18.142337039714754,19.85159337785609,5
scale_default,Epsilon_Greedy,epsilon=0.6,279,19.28579970232322,0.8696589868810533,18.416140715442168,20.155458689204274,5
scale_default,Epsilon_Greedy,epsilon=0.6,280,19.635445784856724,0.9183508345473087,18.717094950309416,20.553796619404032,5
scale_default,Epsilon_Greedy,epsilon=0.6,281,19.81985152533658,0.8899088647476866,18.929942660588896,20.709760390084266,5
scale_default,Epsilon_Greedy,epsilon=0.6,282,20.0262783826358,0.8732394402979327,19.15303894233787,20.899517822933735,5
scale_default,Epsilon_Greedy,epsilon=0.6,283,20.09155969921111,0.8349911410361294,19.25656855817498,20.92655084024724,5
scale_default,Epsilon_Greedy,epsilon=0.6,284,20.324922565152246,0.9364994452268082,19.388423119925438,21.261422010379054,5
scale_default,Epsilon_Greedy,epsilon=0.6,285,20.420449605746793,0.936816658483921,19.483632947262873,21.357266264230713,5
scale_default,Epsilon_Greedy,epsilon=0.6,286,20.658955418043703,0.9459714395257827,19.712983978517922,21.604926857569485,5
scale_default,Epsilon_Greedy,epsilon=0.6,287,20.74751634868157,0.9933191009499143,19.754197247731657,21.740835449631486,5
scale_default,Epsilon_Greedy,epsilon=0.6,288,20.94080052135423,1.092113919820776,19.848686601533455,22.032914441175006,5
scale_default,Epsilon_Greedy,epsilon=0.6,289,21.061379120060348,1.1658159933739898,19.89556312668636,22.227195113434338,5
scale_default,Epsilon_Greedy,epsilon=0.6,290,21.361865089605637,1.156611966172923,20.205253123432712,22.51847705577856,5
scale_default,Epsilon_Greedy,epsilon=0.6,291,21.471747645506817,1.108124277534442,20.363623367972373,22.57987192304126,5
scale_default,Epsilon_Greedy,epsilon=0.6,292,21.695159539608216,1.0007946909290004,20.694364848679214,22.695954230537218,5
scale_default,Epsilon_Greedy,epsilon=0.6,293,21.86450296460805,1.0423474941735946,20.822155470434456,22.906850458781644,5
scale_default,Epsilon_Greedy,epsilon=0.6,294,22.04125196511199,1.0697263105873214,20.97152565452467,23.11097827569931,5
scale_default,Epsilon_Greedy,epsilon=0.6,295,22.22957672244288,1.1550992664368605,21.07447745600602,23.38467598887974,5
scale_default,Epsilon_Greedy,epsilon=0.6,296,22.43025419674991,1.121396515929495,21.308857680820417,23.551650712679404,5
scale_default,Epsilon_Greedy,epsilon=0.6,297,22.549013526509427,1.222509027737594,21.326504498771833,23.77152255424702,5
scale_default,Epsilon_Greedy,epsilon=0.6,298,22.816154099158172,1.0820336212042503,21.734120477953923,23.898187720362422,5
scale_default,Epsilon_Greedy,epsilon=0.6,299,23.060976759807037,1.208159546549444,21.852817213257595,24.26913630635648,5
scale_default,Epsilon_Greedy,epsilon=0.6,300,23.188485769183238,1.2611157547569567,21.92737001442628,24.449601523940196,5
scale_default,Epsilon_Greedy,epsilon=0.6,301,23.418054119035087,1.2663644626911947,22.151689656343894,24.68441858172628,5
scale_default,Epsilon_Greedy,epsilon=0.6,302,23.593026742906915,1.260836497121954,22.33219024578496,24.85386324002887,5
scale_default,Epsilon_Greedy,epsilon=0.6,303,23.715863207350782,1.2596805837458755,22.456182623604906,24.97554379109666,5
scale_default,Epsilon_Greedy,epsilon=0.6,304,23.920636491406995,1.1443540366279012,22.776282454779093,25.064990528034897,5
scale_default,Epsilon_Greedy,epsilon=0.6,305,24.073212430175843,1.2084342470831821,22.86477818309266,25.281646677259026,5
scale_default,Epsilon_Greedy,epsilon=0.6,306,24.294544747234735,1.275183830178313,23.01936091705642,25.56972857741305,5
scale_default,Epsilon_Greedy,epsilon=0.6,307,24.471861542703117,1.2553410262179834,23.216520516485133,25.7272025689211,5
scale_default,Epsilon_Greedy,epsilon=0.6,308,24.744771705502252,1.2292909637454619,23.51548074175679,25.974062669247715,5
scale_default,Epsilon_Greedy,epsilon=0.6,309,24.856396135800267,1.2586946998085422,23.597701435991723,26.11509083560881,5
scale_default,Epsilon_Greedy,epsilon=0.6,310,24.977711851987966,1.2165886056097288,23.761123246378236,26.194300457597695,5
scale_default,Epsilon_Greedy,epsilon=0.6,311,25.0999024108679,1.2500004642659952,23.849901946601907,26.349902875133896,5
scale_default,Epsilon_Greedy,epsilon=0.6,312,25.287949996494525,1.3525256183203551,23.93542437817417,26.640475614814882,5
scale_default,Epsilon_Greedy,epsilon=0.6,313,25.37953874382875,1.4047143519694736,23.974824391859276,26.784253095798224,5
scale_default,Epsilon_Greedy,epsilon=0.6,314,25.56419582893896,1.3831248960912066,24.181070932847753,26.947320725030167,5
scale_default,Epsilon_Greedy,epsilon=0.6,315,25.78385105697322,1.3070974716367463,24.476753585336475,27.090948528609964,5
scale_default,Epsilon_Greedy,epsilon=0.6,316,25.94487162230518,1.3744184078603223,24.570453214444857,27.3192900301655,5
scale_default,Epsilon_Greedy,epsilon=0.6,317,26.193428997610773,1.5161329664302967,24.677296031180475,27.70956196404107,5
scale_default,Epsilon_Greedy,epsilon=0.6,318,26.377105367964624,1.4611402210193651,24.915965146945258,27.83824558898399,5
scale_default,Epsilon_Greedy,epsilon=0.6,319,26.610518846788977,1.5377203229163148,25.072798523872663,28.148239169705292,5
scale_default,Epsilon_Greedy,epsilon=0.6,320,26.84707319418693,1.5387764906408987,25.30829670354603,28.38584968482783,5
scale_default,Epsilon_Greedy,epsilon=0.6,321,27.04224474682926,1.4688494887093746,25.573395258119888,28.511094235538636,5
scale_default,Epsilon_Greedy,epsilon=0.6,322,27.189192601035977,1.4397297374965818,25.749462863539396,28.628922338532558,5
scale_default,Epsilon_Greedy,epsilon=0.6,323,27.360459520421625,1.4942100479991574,25.866249472422467,28.854669568420782,5
scale_default,Epsilon_Greedy,epsilon=0.6,324,27.529840831179957,1.4374635890806409,26.092377242099317,28.967304420260596,5
scale_default,Epsilon_Greedy,epsilon=0.6,325,27.700706460025526,1.3896036875624918,26.311102772463034,29.090310147588017,5
scale_default,Epsilon_Greedy,epsilon=0.6,326,27.95734852990787,1.382979025872646,26.57436950403522,29.340327555780515,5
scale_default,Epsilon_Greedy,epsilon=0.6,327,28.095755211881634,1.3070595151339985,26.788695696747634,29.402814727015635,5
scale_default,Epsilon_Greedy,epsilon=0.6,328,28.182853553800573,1.29046471094401,26.892388842856562,29.473318264744584,5
scale_default,Epsilon_Greedy,epsilon=0.6,329,28.39660308246895,1.283901354632167,27.112701727836782,29.680504437101117,5
scale_default,Epsilon_Greedy,epsilon=0.6,330,28.51702724292118,1.321993665144244,27.195033577776936,29.839020908065425,5
scale_default,Epsilon_Greedy,epsilon=0.6,331,28.59317329866182,1.367634512243811,27.22553878641801,29.96080781090563,5
scale_default,Epsilon_Greedy,epsilon=0.6,332,28.793923709895136,1.39319056883636,27.400733141058776,30.187114278731496,5
scale_default,Epsilon_Greedy,epsilon=0.6,333,28.94026652227158,1.3269529511881535,27.613313571083424,30.267219473459733,5
scale_default,Epsilon_Greedy,epsilon=0.6,334,29.080877139241473,1.2910467425273477,27.789830396714123,30.371923881768822,5
scale_default,Epsilon_Greedy,epsilon=0.6,335,29.322921456254626,1.258510928737687,28.06441052751694,30.58143238499231,5
scale_default,Epsilon_Greedy,epsilon=0.6,336,29.53523292297233,1.3957856422650599,28.13944728070727,30.93101856523739,5
scale_default,Epsilon_Greedy,epsilon=0.6,337,29.678422687144984,1.3737128943795296,28.304709792765454,31.052135581524514,5
scale_default,Epsilon_Greedy,epsilon=0.6,338,29.870869572868674,1.4273682728607526,28.44350130000792,31.298237845729428,5
scale_default,Epsilon_Greedy,epsilon=0.6,339,29.939841580154415,1.479476009867321,28.460365570287095,31.419317590021734,5
scale_default,Epsilon_Greedy,epsilon=0.6,340,30.094373627637935,1.340710337369933,28.753663290268,31.43508396500787,5
scale_default,Epsilon_Greedy,epsilon=0.6,341,30.32852904275483,1.4884244223742988,28.840104620380533,31.816953465129128,5
scale_default,Epsilon_Greedy,epsilon=0.6,342,30.552137588156143,1.4562409613663188,29.095896626789823,32.00837854952246,5
scale_default,Epsilon_Greedy,epsilon=0.6,343,30.655712366704883,1.3781417935988547,29.27757057310603,32.03385416030374,5
scale_default,Epsilon_Greedy,epsilon=0.6,344,30.91508827332268,1.4504166982503768,29.464671575072305,32.36550497157306,5
scale_default,Epsilon_Greedy,epsilon=0.6,345,31.08165487776614,1.4389442118201656,29.642710665945977,32.520599089586305,5
scale_default,Epsilon_Greedy,epsilon=0.6,346,31.328672813789705,1.4083612346596475,29.920311579130058,32.73703404844935,5
scale_default,Epsilon_Greedy,epsilon=0.6,347,31.458068621053123,1.3260560071518916,30.13201261390123,32.784124628205014,5
scale_default,Epsilon_Greedy,epsilon=0.6,348,31.592232405182045,1.249522106531765,30.34271029865028,32.84175451171381,5
scale_default,Epsilon_Greedy,epsilon=0.6,349,31.76163945057302,1.2889117155701109,30.47272773500291,33.05055116614313,5
scale_default,Epsilon_Greedy,epsilon=0.6,350,31.881342484270267,1.3292545987645241,30.552087885505742,33.21059708303479,5
scale_default,Epsilon_Greedy,epsilon=0.6,351,32.06590612069054,1.4332941514318425,30.6326119692587,33.49920027212239,5
scale_default,Epsilon_Greedy,epsilon=0.6,352,32.156971886110874,1.4882508082146058,30.66872107789627,33.64522269432548,5
scale_default,Epsilon_Greedy,epsilon=0.6,353,32.31588759916903,1.5217729416634938,30.79411465750554,33.83766054083252,5
scale_default,Epsilon_Greedy,epsilon=0.6,354,32.479569643217964,1.5290774719874527,30.95049217123051,34.00864711520542,5
scale_default,Epsilon_Greedy,epsilon=0.6,355,32.57421454119749,1.597050204146216,30.977164337051274,34.171264745343706,5
scale_default,Epsilon_Greedy,epsilon=0.6,356,32.71177875879688,1.64017518866921,31.07160357012767,34.35195394746609,5
scale_default,Epsilon_Greedy,epsilon=0.6,357,32.83735205840864,1.5428692245753823,31.294482833833257,34.380221282984024,5
scale_default,Epsilon_Greedy,epsilon=0.6,358,33.09246908296562,1.614012433796379,31.478456649169242,34.706481516762,5
scale_default,Epsilon_Greedy,epsilon=0.6,359,33.23096694607277,1.5854817120534692,31.6454852340193,34.81644865812624,5
scale_default,Epsilon_Greedy,epsilon=0.6,360,33.49217263200239,1.5494639557715346,31.94270867623085,35.04163658777392,5
scale_default,Epsilon_Greedy,epsilon=0.6,361,33.568797135799166,1.4967447814380905,32.07205235436108,35.065541917237255,5
scale_default,Epsilon_Greedy,epsilon=0.6,362,33.640944360750936,1.5633931640711027,32.077551196679835,35.20433752482204,5
scale_default,Epsilon_Greedy,epsilon=0.6,363,33.86029588328747,1.7167540942563804,32.14354178903109,35.57704997754385,5
scale_default,Epsilon_Greedy,epsilon=0.6,364,34.126978581742534,1.778342991034538,32.348635590708,35.90532157277707,5
scale_default,Epsilon_Greedy,epsilon=0.6,365,34.31015788712821,1.7951764499006193,32.5149814372276,36.10533433702883,5
scale_default,Epsilon_Greedy,epsilon=0.6,366,34.53432165759368,1.6929420022326884,32.84137965536099,36.22726365982637,5
scale_default,Epsilon_Greedy,epsilon=0.6,367,34.72808633615678,1.7338352116846316,32.99425112447214,36.46192154784141,5
scale_default,Epsilon_Greedy,epsilon=0.6,368,35.04476383937429,1.5956617400602695,33.44910209931402,36.64042557943456,5
scale_default,Epsilon_Greedy,epsilon=0.6,369,35.158661975746,1.5794530590664566,33.57920891667954,36.73811503481246,5
scale_default,Epsilon_Greedy,epsilon=0.6,370,35.338114734862366,1.398355588068751,33.93975914679361,36.73647032293112,5
scale_default,Epsilon_Greedy,epsilon=0.6,371,35.50411739301323,1.3832324674567575,34.120884925556474,36.88734986046999,5
scale_default,Epsilon_Greedy,epsilon=0.6,372,35.61569398991206,1.489111832899572,34.126582157012486,37.104805822811635,5
scale_default,Epsilon_Greedy,epsilon=0.6,373,35.68932064607118,1.486303684747507,34.20301696132368,37.175624330818685,5
scale_default,Epsilon_Greedy,epsilon=0.6,374,35.96475132884964,1.4805454782738054,34.48420585057583,37.44529680712344,5
scale_default,Epsilon_Greedy,epsilon=0.6,375,36.209303554947795,1.4791781243879656,34.73012543055983,37.68848167933576,5
scale_default,Epsilon_Greedy,epsilon=0.6,376,36.379560965051326,1.6027531733213118,34.776807791730015,37.98231413837264,5
scale_default,Epsilon_Greedy,epsilon=0.6,377,36.480198032286474,1.595478960754454,34.88471907153202,38.07567699304093,5
scale_default,Epsilon_Greedy,epsilon=0.6,378,36.674062777298325,1.6386862065684122,35.03537657072991,38.31274898386674,5
scale_default,Epsilon_Greedy,epsilon=0.6,379,37.00227583454292,1.5047563540233226,35.4975194805196,38.50703218856624,5
scale_default,Epsilon_Greedy,epsilon=0.6,380,37.160067372274355,1.5216907276732403,35.63837664460112,38.681758099947594,5
scale_default,Epsilon_Greedy,epsilon=0.6,381,37.46410030866953,1.4167912134855372,36.04730909518399,38.88089152215507,5
scale_default,Epsilon_Greedy,epsilon=0.6,382,37.59461188833545,1.4415120232628909,36.15309986507256,39.03612391159834,5
scale_default,Epsilon_Greedy,epsilon=0.6,383,37.787455809177665,1.599133721301109,36.18832208787656,39.38658953047877,5
scale_default,Epsilon_Greedy,epsilon=0.6,384,37.92888538339358,1.536759442807959,36.39212594058562,39.46564482620153,5
scale_default,Epsilon_Greedy,epsilon=0.6,385,38.29655171304164,1.5949962501672816,36.70155546287435,39.89154796320892,5
scale_default,Epsilon_Greedy,epsilon=0.6,386,38.36681225125578,1.6255760252007851,36.741236226054994,39.992388276456566,5
scale_default,Epsilon_Greedy,epsilon=0.6,387,38.50521181844284,1.5592475230566767,36.94596429538616,40.064459341499514,5
scale_default,Epsilon_Greedy,epsilon=0.6,388,38.7314886209617,1.561450431228246,37.170038189733454,40.29293905218994,5
scale_default,Epsilon_Greedy,epsilon=0.6,389,38.918119207315435,1.6140323543790007,37.304086852936436,40.532151561694434,5
scale_default,Epsilon_Greedy,epsilon=0.6,390,38.995097941999994,1.6418816754245338,37.35321626657546,40.63697961742453,5
scale_default,Epsilon_Greedy,epsilon=0.6,391,39.17958716758438,1.592634827911028,37.58695233967335,40.77222199549541,5
scale_default,Epsilon_Greedy,epsilon=0.6,392,39.47587214130043,1.6249274957839397,37.85094464551649,41.100799637084364,5
scale_default,Epsilon_Greedy,epsilon=0.6,393,39.6849147552208,1.5804966550342674,38.104418100186535,41.26541141025507,5
scale_default,Epsilon_Greedy,epsilon=0.6,394,39.93346571229895,1.7502883428482001,38.183177369450746,41.68375405514715,5
scale_default,Epsilon_Greedy,epsilon=0.6,395,40.07812442240278,1.7352406764921369,38.34288374591064,41.81336509889492,5
scale_default,Epsilon_Greedy,epsilon=0.6,396,40.19011220225292,1.7139814014458419,38.47613080080708,41.90409360369876,5
scale_default,Epsilon_Greedy,epsilon=0.6,397,40.36861260228632,1.729030110030554,38.63958249225576,42.097642712316876,5
scale_default,Epsilon_Greedy,epsilon=0.6,398,40.62800661179413,1.802493509744519,38.825513102049605,42.43050012153865,5
scale_default,Epsilon_Greedy,epsilon=0.6,399,40.759334720228324,1.823377059008417,38.93595766121991,42.58271177923674,5
scale_default,Epsilon_Greedy,epsilon=0.6,400,40.951465940948104,1.7852268460443579,39.166239094903744,42.736692786992464,5
scale_default,Epsilon_Greedy,epsilon=0.6,401,41.12055163870387,1.7690097095883566,39.35154192911551,42.88956134829223,5
scale_default,Epsilon_Greedy,epsilon=0.6,402,41.2765812463177,1.8501690249605451,39.426412221357154,43.12675027127824,5
scale_default,Epsilon_Greedy,epsilon=0.6,403,41.53200376288332,2.046558026198944,39.485445736684376,43.578561789082265,5
scale_default,Epsilon_Greedy,epsilon=0.6,404,41.60511134251182,2.086308787140597,39.518802555371224,43.691420129652414,5
scale_default,Epsilon_Greedy,epsilon=0.6,405,41.802779581686465,2.025302358410883,39.77747722327558,43.82808194009735,5
scale_default,Epsilon_Greedy,epsilon=0.6,406,41.910679824723914,1.9868696445828629,39.923810180141054,43.897549469306774,5
scale_default,Epsilon_Greedy,epsilon=0.6,407,42.26109392657956,1.677884559884102,40.58320936669546,43.93897848646366,5
scale_default,Epsilon_Greedy,epsilon=0.6,408,42.38747574291791,1.5889704817652759,40.798505261152634,43.97644622468318,5
scale_default,Epsilon_Greedy,epsilon=0.6,409,42.52514222085964,1.4586204335240955,41.066521787335546,43.98376265438374,5
scale_default,Epsilon_Greedy,epsilon=0.6,410,42.73213897226501,1.3470093426189023,41.38512962964611,44.079148314883916,5
scale_default,Epsilon_Greedy,epsilon=0.6,411,42.854704673728804,1.3764326243142455,41.47827204941456,44.23113729804305,5
scale_default,Epsilon_Greedy,epsilon=0.6,412,43.07676671703721,1.3341013164047446,41.74266540063246,44.41086803344196,5
scale_default,Epsilon_Greedy,epsilon=0.6,413,43.23070030634342,1.351423478133536,41.87927682820989,44.582123784476956,5
scale_default,Epsilon_Greedy,epsilon=0.6,414,43.35600071072957,1.3426400385155848,42.013360672213985,44.69864074924515,5
scale_default,Epsilon_Greedy,epsilon=0.6,415,43.48834729898461,1.4085272353612583,42.07982006362335,44.89687453434586,5
scale_default,Epsilon_Greedy,epsilon=0.6,416,43.67070476643094,1.5331715143802171,42.13753325205072,45.20387628081115,5
scale_default,Epsilon_Greedy,epsilon=0.6,417,43.80342325630701,1.5243162711878664,42.27910698511915,45.32773952749488,5
scale_default,Epsilon_Greedy,epsilon=0.6,418,44.09686540119666,1.584171779388767,42.51269362180789,45.68103718058543,5
scale_default,Epsilon_Greedy,epsilon=0.6,419,44.26744768911429,1.7216681960003688,42.545779493113926,45.98911588511466,5
scale_default,Epsilon_Greedy,epsilon=0.6,420,44.460582103079325,1.70300887641049,42.75757322666883,46.16359097948982,5
scale_default,Epsilon_Greedy,epsilon=0.6,421,44.558495652961696,1.7314371261542416,42.827058526807456,46.28993277911594,5
scale_default,Epsilon_Greedy,epsilon=0.6,422,44.77984062334432,1.8201156704480304,42.95972495289629,46.59995629379235,5
scale_default,Epsilon_Greedy,epsilon=0.6,423,44.988624431771356,1.7672939825076805,43.221330449263675,46.75591841427904,5
scale_default,Epsilon_Greedy,epsilon=0.6,424,45.0389571090174,1.8194615026061791,43.21949560641122,46.858418611623584,5
scale_default,Epsilon_Greedy,epsilon=0.6,425,45.14089694258595,1.835033408976187,43.30586353360976,46.975930351562134,5
scale_default,Epsilon_Greedy,epsilon=0.6,426,45.27440939983164,1.776976356814483,43.49743304301716,47.05138575664612,5
scale_default,Epsilon_Greedy,epsilon=0.6,427,45.54971875947649,1.8461112536828619,43.70360750579363,47.395830013159355,5
scale_default,Epsilon_Greedy,epsilon=0.6,428,45.68328726676917,1.9403451430519043,43.74294212371726,47.62363240982108,5
scale_default,Epsilon_Greedy,epsilon=0.6,429,45.9208652772158,1.840364461465474,44.08050081575033,47.76122973868128,5
scale_default,Epsilon_Greedy,epsilon=0.6,430,46.13564716353556,1.74440554434537,44.39124161919019,47.88005270788093,5
scale_default,Epsilon_Greedy,epsilon=0.6,431,46.244655801269744,1.7443615361626363,44.50029426510711,47.98901733743238,5
scale_default,Epsilon_Greedy,epsilon=0.6,432,46.36847610251772,1.6989880118618732,44.66948809065585,48.06746411437959,5
scale_default,Epsilon_Greedy,epsilon=0.6,433,46.602315406246795,1.630244606515651,44.97207079973114,48.23256001276245,5
scale_default,Epsilon_Greedy,epsilon=0.6,434,46.795752627003274,1.686693716170427,45.10905891083285,48.4824463431737,5
scale_default,Epsilon_Greedy,epsilon=0.6,435,46.97999758851347,1.5849835953458762,45.395013993167595,48.564981183859345,5
scale_default,Epsilon_Greedy,epsilon=0.6,436,47.14118116344507,1.6241793657435395,45.51700179770153,48.765360529188605,5
scale_default,Epsilon_Greedy,epsilon=0.6,437,47.320476516409755,1.5650809623578237,45.75539555405193,48.88555747876758,5
scale_default,Epsilon_Greedy,epsilon=0.6,438,47.42941916588006,1.5129779519536712,45.91644121392639,48.942397117833735,5
scale_default,Epsilon_Greedy,epsilon=0.6,439,47.58693515784209,1.568387118468886,46.01854803937321,49.155322276310976,5
scale_default,Epsilon_Greedy,epsilon=0.6,440,47.78189996629252,1.6345273899781734,46.147372576314346,49.416427356270695,5
scale_default,Epsilon_Greedy,epsilon=0.6,441,47.980394016444095,1.757887430131431,46.22250658631266,49.73828144657553,5
scale_default,Epsilon_Greedy,epsilon=0.6,442,48.14881715662433,1.7110404223209352,46.4377767343034,49.85985757894527,5
scale_default,Epsilon_Greedy,epsilon=0.6,443,48.37671766312225,1.6641101004133803,46.71260756270887,50.04082776353563,5
scale_default,Epsilon_Greedy,epsilon=0.6,444,48.53162232431779,1.7439388900966173,46.78768343422117,50.2755612144144,5
scale_default,Epsilon_Greedy,epsilon=0.6,445,48.67542935725774,1.787271744299166,46.88815761295857,50.46270110155691,5
scale_default,Epsilon_Greedy,epsilon=0.6,446,48.848726871840036,1.8213028412939674,47.027424030546065,50.67002971313401,5
scale_default,Epsilon_Greedy,epsilon=0.6,447,48.97485302606543,1.8240633497590624,47.15078967630637,50.7989163758245,5
scale_default,Epsilon_Greedy,epsilon=0.6,448,49.16560158545984,1.7036100870187363,47.4619914984411,50.86921167247858,5
scale_default,Epsilon_Greedy,epsilon=0.6,449,49.3249909471282,1.6824330407741508,47.64255790635405,51.00742398790235,5
scale_default,Epsilon_Greedy,epsilon=0.6,450,49.56927391174665,1.5595306239098168,48.009743287836834,51.128804535656464,5
scale_default,Epsilon_Greedy,epsilon=0.6,451,49.7427715328579,1.60033401720296,48.14243751565494,51.34310555006086,5
scale_default,Epsilon_Greedy,epsilon=0.6,452,49.849376733601055,1.6115195283936097,48.23785720520745,51.46089626199466,5
scale_default,Epsilon_Greedy,epsilon=0.6,453,50.12389605636518,1.40805328284932,48.71584277351586,51.531949339214506,5
scale_default,Epsilon_Greedy,epsilon=0.6,454,50.27191427866099,1.367417095055912,48.90449718360507,51.6393313737169,5
scale_default,Epsilon_Greedy,epsilon=0.6,455,50.4616889650669,1.2034024870367386,49.25828647803016,51.66509145210364,5
scale_default,Epsilon_Greedy,epsilon=0.6,456,50.63983898997243,1.126637733141099,49.51320125683133,51.766476723113534,5
scale_default,Epsilon_Greedy,epsilon=0.6,457,50.759714078223126,1.0718471965476444,49.68786688167548,51.83156127477077,5
scale_default,Epsilon_Greedy,epsilon=0.6,458,50.96058393941511,1.1048511844284867,49.85573275498662,52.0654351238436,5
scale_default,Epsilon_Greedy,epsilon=0.6,459,51.119472912563026,1.0896827756794034,50.02979013688362,52.20915568824243,5
scale_default,Epsilon_Greedy,epsilon=0.6,460,51.20310632170748,1.1165625656023326,50.08654375610515,52.31966888730981,5
scale_default,Epsilon_Greedy,epsilon=0.6,461,51.329853355220415,1.1321890356002717,50.197664319620145,52.462042390820685,5
scale_default,Epsilon_Greedy,epsilon=0.6,462,51.57784664096624,1.1756520271380313,50.402194613828215,52.75349866810427,5
scale_default,Epsilon_Greedy,epsilon=0.6,463,51.79016339513292,1.1468658281426618,50.64329756699026,52.93702922327558,5
scale_default,Epsilon_Greedy,epsilon=0.6,464,52.031505143076444,1.1438587962326363,50.88764634684381,53.17536393930908,5
scale_default,Epsilon_Greedy,epsilon=0.6,465,52.14435266571303,1.1306952623375839,51.01365740337545,53.27504792805061,5
scale_default,Epsilon_Greedy,epsilon=0.6,466,52.33617526605296,1.1283345310901594,51.2078407349628,53.46450979714312,5
scale_default,Epsilon_Greedy,epsilon=0.6,467,52.54810626193601,1.0737804823350612,51.47432577960095,53.62188674427107,5
scale_default,Epsilon_Greedy,epsilon=0.6,468,52.63586015438598,1.1462394340242246,51.489620720361756,53.782099588410205,5
scale_default,Epsilon_Greedy,epsilon=0.6,469,53.07252757855675,1.220266235169804,51.85226134338695,54.292793813726554,5
scale_default,Epsilon_Greedy,epsilon=0.6,470,53.26989807600173,1.1907368612985498,52.079161214703184,54.46063493730028,5
scale_default,Epsilon_Greedy,epsilon=0.6,471,53.42021373709671,1.2208534967326732,52.19936024036404,54.64106723382938,5
scale_default,Epsilon_Greedy,epsilon=0.6,472,53.56012731385256,1.2781036710676226,52.282023642784935,54.83823098492019,5
scale_default,Epsilon_Greedy,epsilon=0.6,473,53.7802675545649,1.3493121940435717,52.43095536052133,55.12957974860847,5
scale_default,Epsilon_Greedy,epsilon=0.6,474,54.06105129586623,1.0693997693975543,52.99165152646867,55.130451065263784,5
scale_default,Epsilon_Greedy,epsilon=0.6,475,54.2320394829243,1.1493668126990801,53.08267267022522,55.38140629562338,5
scale_default,Epsilon_Greedy,epsilon=0.6,476,54.35751735491446,1.1452250046660446,53.21229235024841,55.5027423595805,5
scale_default,Epsilon_Greedy,epsilon=0.6,477,54.555964065786384,1.1458523727575236,53.41011169302886,55.70181643854391,5
scale_default,Epsilon_Greedy,epsilon=0.6,478,54.80697151518463,1.0752763468676092,53.73169516831702,55.88224786205224,5
scale_default,Epsilon_Greedy,epsilon=0.6,479,54.972989198003475,1.1610104891088602,53.811978708894614,56.133999687112336,5
scale_default,Epsilon_Greedy,epsilon=0.6,480,55.20240241533579,1.1925349562709122,54.00986745906488,56.3949373716067,5
scale_default,Epsilon_Greedy,epsilon=0.6,481,55.4336371304895,1.1415727298326221,54.292064400656876,56.575209860322126,5
scale_default,Epsilon_Greedy,epsilon=0.6,482,55.660265848517874,1.0630791807071542,54.59718666781072,56.72334502922503,5
scale_default,Epsilon_Greedy,epsilon=0.6,483,55.738321974386295,1.0891396967532827,54.64918227763301,56.82746167113958,5
scale_default,Epsilon_Greedy,epsilon=0.6,484,55.91001785416468,1.0069773770348862,54.90304047712979,56.916995231199564,5
scale_default,Epsilon_Greedy,epsilon=0.6,485,56.12560828914235,1.0508921361836294,55.07471615295872,57.176500425325976,5
scale_default,Epsilon_Greedy,epsilon=0.6,486,56.31003449043167,1.0286653206044938,55.28136916982717,57.338699811036165,5
scale_default,Epsilon_Greedy,epsilon=0.6,487,56.36550140553047,1.0053585804281329,55.36014282510234,57.3708599859586,5
scale_default,Epsilon_Greedy,epsilon=0.6,488,56.54495205382729,1.073284753877926,55.47166729994936,57.618236807705216,5
scale_default,Epsilon_Greedy,epsilon=0.6,489,56.65750471243414,1.0075380359545811,55.64996667647956,57.66504274838872,5
scale_default,Epsilon_Greedy,epsilon=0.6,490,56.8453040663699,1.1009517830973756,55.74435228327252,57.94625584946728,5
scale_default,Epsilon_Greedy,epsilon=0.6,491,56.995639234253545,0.9689465664594361,56.02669266779411,57.96458580071298,5
scale_default,Epsilon_Greedy,epsilon=0.6,492,57.32286634717521,0.8661103734723218,56.45675597370288,58.18897672064753,5
scale_default,Epsilon_Greedy,epsilon=0.6,493,57.431054084961204,0.8583411496413214,56.572712935319885,58.28939523460252,5
scale_default,Epsilon_Greedy,epsilon=0.6,494,57.695020718315604,0.8090806916633141,56.88594002665229,58.504101409978915,5
scale_default,Epsilon_Greedy,epsilon=0.6,495,57.974206515068296,0.9350574536847287,57.03914906138357,58.909263968753024,5
scale_default,Epsilon_Greedy,epsilon=0.6,496,58.35644301270453,1.0685264918860529,57.28791652081848,59.424969504590585,5
scale_default,Epsilon_Greedy,epsilon=0.6,497,58.622194626533165,0.9930600851212702,57.629134541411894,59.61525471165444,5
scale_default,Epsilon_Greedy,epsilon=0.6,498,58.85097676609524,1.028488078313431,57.822488687781814,59.87946484440867,5
scale_default,Epsilon_Greedy,epsilon=0.6,499,59.105874654337846,1.0679229277658389,58.037951726572004,60.17379758210369,5
scale_default,Epsilon_Greedy,epsilon=0.6,500,59.332520293034065,1.0567938439900872,58.27572644904398,60.38931413702415,5
scale_default,Epsilon_Greedy,epsilon=0.6,501,59.52188766045087,1.1003946865291692,58.4214929739217,60.62228234698004,5
scale_default,Epsilon_Greedy,epsilon=0.6,502,59.715573256461745,0.9743591577153705,58.741214098746376,60.689932414177115,5
scale_default,Epsilon_Greedy,epsilon=0.6,503,59.871051169618454,1.052743428716101,58.818307740902355,60.92379459833455,5
scale_default,Epsilon_Greedy,epsilon=0.6,504,60.0860134553958,1.0234953217780267,59.06251813361777,61.10950877717383,5
scale_default,Epsilon_Greedy,epsilon=0.6,505,60.42448673584928,1.1185766810977853,59.30591005475149,61.543063416947064,5
scale_default,Epsilon_Greedy,epsilon=0.6,506,60.5816563354755,1.1690399376938514,59.41261639778165,61.75069627316935,5
scale_default,Epsilon_Greedy,epsilon=0.6,507,60.77256874461163,1.0794792118227194,59.69308953278891,61.852047956434355,5
scale_default,Epsilon_Greedy,epsilon=0.6,508,60.918960911473185,0.9880486577183935,59.93091225375479,61.90700956919158,5
scale_default,Epsilon_Greedy,epsilon=0.6,509,61.156576453201126,0.781823059704381,60.374753393496746,61.938399512905505,5
scale_default,Epsilon_Greedy,epsilon=0.6,510,61.34730254815844,0.8069062261122484,60.54039632204619,62.154208774270685,5
scale_default,Epsilon_Greedy,epsilon=0.6,511,61.4824864149277,0.8606142111909934,60.62187220373671,62.34310062611869,5
scale_default,Epsilon_Greedy,epsilon=0.6,512,61.63704245068821,0.8103540662216606,60.82668838446655,62.447396516909876,5
scale_default,Epsilon_Greedy,epsilon=0.6,513,61.852333553115294,0.8334322675869515,61.018901285528344,62.685765820702244,5
scale_default,Epsilon_Greedy,epsilon=0.6,514,62.00146103643431,0.8240340127036773,61.17742702373063,62.825495049137984,5
scale_default,Epsilon_Greedy,epsilon=0.6,515,62.230471260496756,0.83766530239745,61.39280595809931,63.0681365628942,5
scale_default,Epsilon_Greedy,epsilon=0.6,516,62.32246666184901,0.8088991698848647,61.513567491964146,63.13136583173388,5
scale_default,Epsilon_Greedy,epsilon=0.6,517,62.473988153888925,0.8538129155748885,61.62017523831403,63.32780106946382,5
scale_default,Epsilon_Greedy,epsilon=0.6,518,62.646835119154254,0.9213024897153214,61.72553262943893,63.56813760886958,5
scale_default,Epsilon_Greedy,epsilon=0.6,519,62.77571062750915,0.8990738480581918,61.876636779450955,63.67478447556734,5
scale_default,Epsilon_Greedy,epsilon=0.6,520,62.96725037829583,0.9304258119720733,62.03682456632376,63.8976761902679,5
scale_default,Epsilon_Greedy,epsilon=0.6,521,63.08279571843137,0.9642075868523672,62.118588131579,64.04700330528374,5
scale_default,Epsilon_Greedy,epsilon=0.6,522,63.24943735009183,0.8273511679424878,62.42208618214934,64.07678851803432,5
scale_default,Epsilon_Greedy,epsilon=0.6,523,63.36657915347352,0.8212343577361879,62.545344795737336,64.18781351120971,5
scale_default,Epsilon_Greedy,epsilon=0.6,524,63.55115296302265,0.8385308768532556,62.7126220861694,64.38968383987591,5
scale_default,Epsilon_Greedy,epsilon=0.6,525,63.84797824606818,0.736877179044992,63.111101067023185,64.58485542511318,5
scale_default,Epsilon_Greedy,epsilon=0.6,526,63.96876796889713,0.7838942516893426,63.18487371720779,64.75266222058647,5
scale_default,Epsilon_Greedy,epsilon=0.6,527,64.06361142436336,0.7333228190068586,63.3302886053565,64.79693424337022,5
scale_default,Epsilon_Greedy,epsilon=0.6,528,64.23674935063367,0.7982654708632291,63.438483879770445,65.0350148214969,5
scale_default,Epsilon_Greedy,epsilon=0.6,529,64.49134175446743,0.8873420112594064,63.60399974320802,65.37868376572683,5
scale_default,Epsilon_Greedy,epsilon=0.6,530,64.59630319241687,0.9480750382560383,63.64822815416083,65.5443782306729,5
scale_default,Epsilon_Greedy,epsilon=0.6,531,64.70973264029399,0.8709509337189344,63.838781706575055,65.58068357401292,5
scale_default,Epsilon_Greedy,epsilon=0.6,532,64.93907495086196,0.8144958852339259,64.12457906562804,65.75357083609589,5
scale_default,Epsilon_Greedy,epsilon=0.6,533,65.09630318799245,0.909409792294922,64.18689339569752,66.00571298028737,5
scale_default,Epsilon_Greedy,epsilon=0.6,534,65.23208342714902,0.8272967028977108,64.40478672425131,66.05938013004673,5
scale_default,Epsilon_Greedy,epsilon=0.6,535,65.40615739370455,0.9026109081538225,64.50354648555073,66.30876830185836,5
scale_default,Epsilon_Greedy,epsilon=0.6,536,65.48154669889372,0.9044222082916491,64.57712449060207,66.38596890718537,5
scale_default,Epsilon_Greedy,epsilon=0.6,537,65.6878160447607,0.9575342055905951,64.7302818391701,66.64535025035129,5
scale_default,Epsilon_Greedy,epsilon=0.6,538,65.77828775391137,0.9171255130198642,64.8611622408915,66.69541326693124,5
scale_default,Epsilon_Greedy,epsilon=0.6,539,66.03830745657139,1.0063880292393272,65.03191942733206,67.04469548581072,5
scale_default,Epsilon_Greedy,epsilon=0.6,540,66.17267038839358,1.02367602490936,65.14899436348422,67.19634641330295,5
scale_default,Epsilon_Greedy,epsilon=0.6,541,66.34971088829185,0.9880860984589175,65.36162478983293,67.33779698675077,5
scale_default,Epsilon_Greedy,epsilon=0.6,542,66.47719299084903,0.9721839083374759,65.50500908251156,67.4493768991865,5
scale_default,Epsilon_Greedy,epsilon=0.6,543,66.71255713627299,0.9658509180255851,65.74670621824741,67.67840805429857,5
scale_default,Epsilon_Greedy,epsilon=0.6,544,66.9456598607495,0.9584678424223786,65.98719201832712,67.90412770317188,5
scale_default,Epsilon_Greedy,epsilon=0.6,545,67.09872517850486,0.8799353050849986,66.21878987341987,67.97866048358986,5
scale_default,Epsilon_Greedy,epsilon=0.6,546,67.30071601528266,0.8585412083143906,66.44217480696827,68.15925722359705,5
scale_default,Epsilon_Greedy,epsilon=0.6,547,67.38251611508228,0.8498059860984458,66.53271012898384,68.23232210118073,5
scale_default,Epsilon_Greedy,epsilon=0.6,548,67.6333103199643,0.831811476495633,66.80149884346866,68.46512179645993,5
scale_default,Epsilon_Greedy,epsilon=0.6,549,67.88482429562484,0.8002214883496409,67.0846028072752,68.68504578397447,5
scale_default,Epsilon_Greedy,epsilon=0.6,550,68.04912788951324,0.8558509415258563,67.19327694798739,68.9049788310391,5
scale_default,Epsilon_Greedy,epsilon=0.6,551,68.20872994618992,0.9126885168176885,67.29604142937222,69.12141846300761,5
scale_default,Epsilon_Greedy,epsilon=0.6,552,68.39752198214703,0.749837498329649,67.64768448381737,69.14735948047668,5
scale_default,Epsilon_Greedy,epsilon=0.6,553,68.65602449174847,0.783324795123511,67.87269969662496,69.43934928687197,5
scale_default,Epsilon_Greedy,epsilon=0.6,554,68.86805455056874,0.7196128089065186,68.14844174166223,69.58766735947526,5
scale_default,Epsilon_Greedy,epsilon=0.6,555,68.96358989949518,0.7523311368916271,68.21125876260355,69.7159210363868,5
scale_default,Epsilon_Greedy,epsilon=0.6,556,69.11357230312352,0.7725387334710354,68.34103356965248,69.88611103659456,5
scale_default,Epsilon_Greedy,epsilon=0.6,557,69.28243618997264,0.8286966607815176,68.45373952919113,70.11113285075416,5
scale_default,Epsilon_Greedy,epsilon=0.6,558,69.37751553436632,0.900872910898496,68.47664262346782,70.27838844526482,5
scale_default,Epsilon_Greedy,epsilon=0.6,559,69.58793952054458,0.8337135294464609,68.75422599109812,70.42165304999104,5
scale_default,Epsilon_Greedy,epsilon=0.6,560,69.80043126060029,0.7778388277492861,69.022592432851,70.57827008834958,5
scale_default,Epsilon_Greedy,epsilon=0.6,561,69.8644601000771,0.7343369540416188,69.13012314603547,70.59879705411872,5
scale_default,Epsilon_Greedy,epsilon=0.6,562,69.99631034098059,0.7387908064642301,69.25751953451636,70.73510114744481,5
scale_default,Epsilon_Greedy,epsilon=0.6,563,70.16930184579711,0.8548623641701206,69.31443948162699,71.02416420996722,5
scale_default,Epsilon_Greedy,epsilon=0.6,564,70.30127397229681,0.9021478231486834,69.39912614914813,71.2034217954455,5
scale_default,Epsilon_Greedy,epsilon=0.6,565,70.54077137867148,0.8084150717028835,69.7323563069686,71.34918645037436,5
scale_default,Epsilon_Greedy,epsilon=0.6,566,70.66754447654708,0.8463161009513795,69.8212283755957,71.51386057749846,5
scale_default,Epsilon_Greedy,epsilon=0.6,567,70.80738124846637,0.9407206772619909,69.86666057120438,71.74810192572836,5
scale_default,Epsilon_Greedy,epsilon=0.6,568,70.98420704345085,1.0229663874630655,69.96124065598778,72.00717343091392,5
scale_default,Epsilon_Greedy,epsilon=0.6,569,71.12454806614245,0.9917300847623485,70.1328179813801,72.1162781509048,5
scale_default,Epsilon_Greedy,epsilon=0.6,570,71.29526334971965,0.976741585534674,70.31852176418498,72.27200493525432,5
scale_default,Epsilon_Greedy,epsilon=0.6,571,71.37267261311493,1.0266923747096868,70.34598023840525,72.39936498782461,5
scale_default,Epsilon_Greedy,epsilon=0.6,572,71.53403822652537,0.9670407414881163,70.56699748503725,72.50107896801349,5
scale_default,Epsilon_Greedy,epsilon=0.6,573,71.87100202990128,0.9353189039848976,70.93568312591638,72.80632093388617,5
scale_default,Epsilon_Greedy,epsilon=0.6,574,72.13841872492122,0.8976788255325063,71.24073989938871,73.03609755045373,5
scale_default,Epsilon_Greedy,epsilon=0.6,575,72.58857169263429,0.977165897398944,71.61140579523534,73.56573759003324,5
scale_default,Epsilon_Greedy,epsilon=0.6,576,72.74095994851741,1.0040859488265095,71.7368739996909,73.74504589734393,5
scale_default,Epsilon_Greedy,epsilon=0.6,577,72.93407672847643,1.045586287968582,71.88849044050785,73.979663016445,5
scale_default,Epsilon_Greedy,epsilon=0.6,578,73.07635241391276,1.0432855759245352,72.03306683798823,74.11963798983729,5
scale_default,Epsilon_Greedy,epsilon=0.6,579,73.32715502304795,0.8497811906287631,72.47737383241919,74.17693621367671,5
scale_default,Epsilon_Greedy,epsilon=0.6,580,73.423064160027,0.8758257741122771,72.54723838591472,74.29888993413927,5
scale_default,Epsilon_Greedy,epsilon=0.6,581,73.72964118995748,0.8912963653577396,72.83834482459973,74.62093755531522,5
scale_default,Epsilon_Greedy,epsilon=0.6,582,73.86326549532927,0.8883205306440772,72.97494496468519,74.75158602597335,5
scale_default,Epsilon_Greedy,epsilon=0.6,583,73.99811021350384,0.8827734676780173,73.11533674582581,74.88088368118186,5
scale_default,Epsilon_Greedy,epsilon=0.6,584,74.26999595872645,0.9967841365457556,73.2732118221807,75.26678009527221,5
scale_default,Epsilon_Greedy,epsilon=0.6,585,74.34378025148774,1.0185776313509252,73.32520262013682,75.36235788283867,5
scale_default,Epsilon_Greedy,epsilon=0.6,586,74.46517434760212,1.0320036001545323,73.43317074744758,75.49717794775665,5
scale_default,Epsilon_Greedy,epsilon=0.6,587,74.67698285287409,1.0885299766133891,73.5884528762607,75.76551282948748,5
scale_default,Epsilon_Greedy,epsilon=0.6,588,74.84300492150055,1.0406861983972155,73.80231872310334,75.88369111989776,5
scale_default,Epsilon_Greedy,epsilon=0.6,589,74.9692036958393,1.098832906169947,73.87037078966935,76.06803660200924,5
scale_default,Epsilon_Greedy,epsilon=0.6,590,75.17167900072528,1.0982829061076007,74.07339609461768,76.26996190683288,5
scale_default,Epsilon_Greedy,epsilon=0.6,591,75.3887338116851,1.1093219003467187,74.27941191133839,76.49805571203181,5
scale_default,Epsilon_Greedy,epsilon=0.6,592,75.59707079893374,1.085316147443434,74.5117546514903,76.68238694637718,5
scale_default,Epsilon_Greedy,epsilon=0.6,593,75.68775090077612,1.1240792853827521,74.56367161539337,76.81183018615887,5
scale_default,Epsilon_Greedy,epsilon=0.6,594,75.93499190680177,1.1201664553823532,74.81482545141942,77.05515836218412,5
scale_default,Epsilon_Greedy,epsilon=0.6,595,76.02971822788257,1.120224636937508,74.90949359094506,77.14994286482008,5
scale_default,Epsilon_Greedy,epsilon=0.6,596,76.21084529561558,1.0536077570634612,75.15723753855212,77.26445305267904,5
scale_default,Epsilon_Greedy,epsilon=0.6,597,76.58389110491865,0.9105634672682953,75.67332763765036,77.49445457218694,5
scale_default,Epsilon_Greedy,epsilon=0.6,598,76.7491064385122,0.8603393872056362,75.88876705130656,77.60944582571784,5
scale_default,Epsilon_Greedy,epsilon=0.6,599,76.90701234373721,0.7037732022164831,76.20323914152073,77.61078554595369,5
scale_default,Epsilon_Greedy,epsilon=0.7,0,0.03319326495867159,0.02936906155152415,0.0038242034071474355,0.06256232651019573,5
scale_default,Epsilon_Greedy,epsilon=0.7,1,0.04297738838071623,0.03017324263252642,0.012804145748189808,0.07315063101324265,5
scale_default,Epsilon_Greedy,epsilon=0.7,2,0.07411957324517983,0.06063652591596354,0.013483047329216291,0.13475609916114337,5
scale_default,Epsilon_Greedy,epsilon=0.7,3,0.08604761121980202,0.058399861415429404,0.027647749804372616,0.14444747263523142,5
scale_default,Epsilon_Greedy,epsilon=0.7,4,0.13466847557059805,0.09233010905543323,0.042338366515164816,0.22699858462603129,5
scale_default,Epsilon_Greedy,epsilon=0.7,5,0.14449224071154715,0.093147223755041,0.051345016956506145,0.23763946446658815,5
scale_default,Epsilon_Greedy,epsilon=0.7,6,0.1721055487964121,0.11157515596439131,0.06053039283202079,0.2836807047608034,5
scale_default,Epsilon_Greedy,epsilon=0.7,7,0.19378304751575645,0.11062318759617211,0.08315985991958434,0.30440623511192855,5
scale_default,Epsilon_Greedy,epsilon=0.7,8,0.22467789455815051,0.10644380340015329,0.11823409115799723,0.3311216979583038,5
scale_default,Epsilon_Greedy,epsilon=0.7,9,0.25586055053813256,0.10280185734722096,0.1530586931909116,0.35866240788535353,5
scale_default,Epsilon_Greedy,epsilon=0.7,10,0.2701265232628388,0.10534178531803581,0.164784737944803,0.37546830858087465,5
scale_default,Epsilon_Greedy,epsilon=0.7,11,0.3287899723537851,0.12115875016678367,0.20763122218700142,0.4499487225205688,5
scale_default,Epsilon_Greedy,epsilon=0.7,12,0.3718515450449412,0.0905811485900366,0.2812703964549046,0.46243269363497785,5
scale_default,Epsilon_Greedy,epsilon=0.7,13,0.38679932689338364,0.08837308600623459,0.2984262408871491,0.4751724128996182,5
scale_default,Epsilon_Greedy,epsilon=0.7,14,0.411375603584564,0.09384346150946579,0.31753214207509817,0.5052190650940298,5
scale_default,Epsilon_Greedy,epsilon=0.7,15,0.4251802978093301,0.0929174570355906,0.33226284077373947,0.5180977548449207,5
scale_default,Epsilon_Greedy,epsilon=0.7,16,0.45260979851390887,0.11336968507843305,0.33924011343547583,0.565979483592342,5
scale_default,Epsilon_Greedy,epsilon=0.7,17,0.4654831735249602,0.12318504566776099,0.3422981278571992,0.5886682191927212,5
scale_default,Epsilon_Greedy,epsilon=0.7,18,0.4936651370400843,0.12354792598770772,0.3701172110523766,0.617213063027792,5
scale_default,Epsilon_Greedy,epsilon=0.7,19,0.5303323459940873,0.13387124889186844,0.3964610971022189,0.6642035948859557,5
scale_default,Epsilon_Greedy,epsilon=0.7,20,0.5611674551901977,0.11506521447253377,0.44610224071766397,0.6762326696627315,5
scale_default,Epsilon_Greedy,epsilon=0.7,21,0.5819114207045598,0.10194362921961869,0.4799677914849411,0.6838550499241784,5
scale_default,Epsilon_Greedy,epsilon=0.7,22,0.5915438535515994,0.09989972341258037,0.4916441301390191,0.6914435769641798,5
scale_default,Epsilon_Greedy,epsilon=0.7,23,0.6358093026733995,0.09398342175647524,0.5418258809169243,0.7297927244298748,5
scale_default,Epsilon_Greedy,epsilon=0.7,24,0.6730604898029189,0.08420105328608335,0.5888594365168356,0.7572615430890022,5
scale_default,Epsilon_Greedy,epsilon=0.7,25,0.7128785321602576,0.09420029570613447,0.6186782364541232,0.8070788278663921,5
scale_default,Epsilon_Greedy,epsilon=0.7,26,0.7865596976255427,0.1207187420289354,0.6658409555966073,0.9072784396544781,5
scale_default,Epsilon_Greedy,epsilon=0.7,27,0.8203622746518799,0.17065076865729314,0.6497115059945868,0.9910130433091731,5
scale_default,Epsilon_Greedy,epsilon=0.7,28,0.8371115672806209,0.16356063946320978,0.6735509278174111,1.0006722067438307,5
scale_default,Epsilon_Greedy,epsilon=0.7,29,0.8725709149888642,0.1490682006735361,0.7235027143153281,1.0216391156624003,5
scale_default,Epsilon_Greedy,epsilon=0.7,30,0.8863724522308756,0.1488552957494608,0.7375171564814148,1.0352277479803365,5
scale_default,Epsilon_Greedy,epsilon=0.7,31,0.9073067257306212,0.1589126900520635,0.7483940356785577,1.0662194157826848,5
scale_default,Epsilon_Greedy,epsilon=0.7,32,0.9277698730509016,0.15999589647656803,0.7677739765743337,1.0877657695274696,5
scale_default,Epsilon_Greedy,epsilon=0.7,33,0.9551339789371678,0.1499763324443367,0.8051576464928311,1.1051103113815044,5
scale_default,Epsilon_Greedy,epsilon=0.7,34,0.9765532206332406,0.15546591153213601,0.8210873091011046,1.1320191321653765,5
scale_default,Epsilon_Greedy,epsilon=0.7,35,1.0253939121372408,0.1595577410315919,0.8658361711056489,1.1849516531688327,5
scale_default,Epsilon_Greedy,epsilon=0.7,36,1.0371303625342212,0.16402997422385446,0.8731003883103667,1.2011603367580757,5
scale_default,Epsilon_Greedy,epsilon=0.7,37,1.0570119916950889,0.15494717448547332,0.9020648172096155,1.2119591661805622,5
scale_default,Epsilon_Greedy,epsilon=0.7,38,1.0608314482727905,0.15844236250687663,0.9023890857659139,1.2192738107796672,5
scale_default,Epsilon_Greedy,epsilon=0.7,39,1.0700747122934255,0.16738687012496758,0.902687842168458,1.2374615824183932,5
scale_default,Epsilon_Greedy,epsilon=0.7,40,1.1009632661504671,0.16069005115515866,0.9402732149953085,1.2616533173056257,5
scale_default,Epsilon_Greedy,epsilon=0.7,41,1.1245817958884023,0.16683992789583638,0.957741867992566,1.2914217237842387,5
scale_default,Epsilon_Greedy,epsilon=0.7,42,1.1393749552065182,0.17265571808357266,0.9667192371229456,1.3120306732900908,5
scale_default,Epsilon_Greedy,epsilon=0.7,43,1.2098063826920793,0.16559143220096595,1.0442149504911133,1.3753978148930452,5
scale_default,Epsilon_Greedy,epsilon=0.7,44,1.2614273485595917,0.14042798373133938,1.1209993648282524,1.401855332290931,5
scale_default,Epsilon_Greedy,epsilon=0.7,45,1.2712121017750364,0.14718508903768215,1.1240270127373542,1.4183971908127186,5
scale_default,Epsilon_Greedy,epsilon=0.7,46,1.3180646128830902,0.1318398577845071,1.1862247550985832,1.4499044706675972,5
scale_default,Epsilon_Greedy,epsilon=0.7,47,1.3560958117229827,0.13809302104899443,1.2180027906739883,1.494188832771977,5
scale_default,Epsilon_Greedy,epsilon=0.7,48,1.3613338230250758,0.13919656097336777,1.222137262051708,1.5005303839984436,5
scale_default,Epsilon_Greedy,epsilon=0.7,49,1.3723038973577961,0.1359575899663984,1.2363463073913978,1.5082614873241944,5
scale_default,Epsilon_Greedy,epsilon=0.7,50,1.3958194147929395,0.1475047186227385,1.248314696170201,1.543324133415678,5
scale_default,Epsilon_Greedy,epsilon=0.7,51,1.4075939259082146,0.15497112197847882,1.2526228039297358,1.5625650478866935,5
scale_default,Epsilon_Greedy,epsilon=0.7,52,1.4318417761695952,0.12574685176017045,1.3060949244094247,1.5575886279297657,5
scale_default,Epsilon_Greedy,epsilon=0.7,53,1.4358166925023248,0.1248332000540101,1.3109834924483148,1.5606498925563348,5
scale_default,Epsilon_Greedy,epsilon=0.7,54,1.4656724582400507,0.11396389186123225,1.3517085663788184,1.579636350101283,5
scale_default,Epsilon_Greedy,epsilon=0.7,55,1.4838747283627722,0.10296820269708488,1.3809065256656874,1.586842931059857,5
scale_default,Epsilon_Greedy,epsilon=0.7,56,1.5222497388566354,0.08597545567293052,1.436274283183705,1.6082251945295658,5
scale_default,Epsilon_Greedy,epsilon=0.7,57,1.5301388344385032,0.08955081436116406,1.440588020077339,1.6196896487996673,5
scale_default,Epsilon_Greedy,epsilon=0.7,58,1.5655863900286424,0.0914846960080312,1.4741016940206113,1.6570710860366735,5
scale_default,Epsilon_Greedy,epsilon=0.7,59,1.595354314175389,0.06384742291099325,1.5315068912643957,1.6592017370863823,5
scale_default,Epsilon_Greedy,epsilon=0.7,60,1.6547068794408026,0.10374131124301794,1.5509655681977847,1.7584481906838205,5
scale_default,Epsilon_Greedy,epsilon=0.7,61,1.6811720345967314,0.08435942718867293,1.5968126074080584,1.7655314617854043,5
scale_default,Epsilon_Greedy,epsilon=0.7,62,1.7116290276447201,0.05632866341851733,1.6553003642262027,1.7679576910632375,5
scale_default,Epsilon_Greedy,epsilon=0.7,63,1.7389963918928153,0.08045021786750237,1.658546174025313,1.8194466097603177,5
scale_default,Epsilon_Greedy,epsilon=0.7,64,1.796447804790351,0.09180613366589328,1.7046416711244576,1.8882539384562442,5
scale_default,Epsilon_Greedy,epsilon=0.7,65,1.8179588939512612,0.10303249585685607,1.7149263980944052,1.9209913898081172,5
scale_default,Epsilon_Greedy,epsilon=0.7,66,1.8563126232370954,0.1432593154771732,1.7130533077599224,1.9995719387142685,5
scale_default,Epsilon_Greedy,epsilon=0.7,67,1.9000347848631745,0.1753427291152614,1.724692055747913,2.075377513978436,5
scale_default,Epsilon_Greedy,epsilon=0.7,68,1.9177205774122776,0.18062162513866045,1.737098952273617,2.098342202550938,5
scale_default,Epsilon_Greedy,epsilon=0.7,69,1.9197829306183132,0.1814196518819576,1.7383632787363557,2.101202582500271,5
scale_default,Epsilon_Greedy,epsilon=0.7,70,1.9331900736240706,0.17973808155013415,1.7534519920739364,2.1129281551742047,5
scale_default,Epsilon_Greedy,epsilon=0.7,71,1.9583566506447805,0.1689191828651251,1.7894374677796554,2.1272758335099056,5
scale_default,Epsilon_Greedy,epsilon=0.7,72,1.9726733888116015,0.17742628495644777,1.7952471038551536,2.1500996737680493,5
scale_default,Epsilon_Greedy,epsilon=0.7,73,1.9888334593537358,0.1785863823219943,1.8102470770317414,2.16741984167573,5
scale_default,Epsilon_Greedy,epsilon=0.7,74,2.011044269121231,0.17406896498126795,1.8369753041399632,2.185113234102499,5
scale_default,Epsilon_Greedy,epsilon=0.7,75,2.017433292578625,0.17718372039143707,1.8402495721871879,2.194617012970062,5
scale_default,Epsilon_Greedy,epsilon=0.7,76,2.0750207418675677,0.2256239830880375,1.8493967587795301,2.300644724955605,5
scale_default,Epsilon_Greedy,epsilon=0.7,77,2.1332633337774842,0.20802632900472628,1.9252370047727578,2.3412896627822106,5
scale_default,Epsilon_Greedy,epsilon=0.7,78,2.159760413377721,0.20478013048911667,1.9549802828886043,2.3645405438668377,5
scale_default,Epsilon_Greedy,epsilon=0.7,79,2.1853936645375023,0.23856784608053436,1.946825818456968,2.4239615106180366,5
scale_default,Epsilon_Greedy,epsilon=0.7,80,2.1953073059568835,0.2394329592637846,1.9558743466930988,2.434740265220668,5
scale_default,Epsilon_Greedy,epsilon=0.7,81,2.2110106973853956,0.2317528447454055,1.97925785263999,2.442763542130801,5
scale_default,Epsilon_Greedy,epsilon=0.7,82,2.2799627633069735,0.23607168129392953,2.043891082013044,2.516034444600903,5
scale_default,Epsilon_Greedy,epsilon=0.7,83,2.30523105112501,0.24727627422170675,2.057954776903303,2.552507325346717,5
scale_default,Epsilon_Greedy,epsilon=0.7,84,2.3282318328991765,0.2455875792678699,2.0826442536313063,2.5738194121670466,5
scale_default,Epsilon_Greedy,epsilon=0.7,85,2.3713398520819204,0.26681516639381214,2.104524685688108,2.6381550184757327,5
scale_default,Epsilon_Greedy,epsilon=0.7,86,2.4081383908689693,0.3028683825634741,2.1052700083054954,2.7110067734324432,5
scale_default,Epsilon_Greedy,epsilon=0.7,87,2.430091277246791,0.3009664262854037,2.129124850961387,2.7310577035321946,5
scale_default,Epsilon_Greedy,epsilon=0.7,88,2.4383744586134783,0.29972419383448257,2.138650264778996,2.738098652447961,5
scale_default,Epsilon_Greedy,epsilon=0.7,89,2.457343640412465,0.31784713783366125,2.1394965025788037,2.7751907782461265,5
scale_default,Epsilon_Greedy,epsilon=0.7,90,2.495392313774661,0.30508869816010753,2.1903036156145537,2.8004810119347687,5
scale_default,Epsilon_Greedy,epsilon=0.7,91,2.5310965787838193,0.2841086552545828,2.2469879235292365,2.815205234038402,5
scale_default,Epsilon_Greedy,epsilon=0.7,92,2.5905182705063554,0.29536317412023133,2.2951550963861242,2.8858814446265866,5
scale_default,Epsilon_Greedy,epsilon=0.7,93,2.6060607736563313,0.2991374840421765,2.3069232896141547,2.905198257698508,5
scale_default,Epsilon_Greedy,epsilon=0.7,94,2.6221575549750105,0.3191758883966728,2.302981666578338,2.941333443371683,5
scale_default,Epsilon_Greedy,epsilon=0.7,95,2.667060498518437,0.3617822232412976,2.3052782752771392,3.0288427217597347,5
scale_default,Epsilon_Greedy,epsilon=0.7,96,2.6801393634474673,0.359540836436678,2.320598527010789,3.0396801998841454,5
scale_default,Epsilon_Greedy,epsilon=0.7,97,2.692850565077925,0.35746922186233565,2.335381343215589,3.0503197869402605,5
scale_default,Epsilon_Greedy,epsilon=0.7,98,2.7416145535381617,0.3726367516042436,2.368977801933918,3.1142513051424054,5
scale_default,Epsilon_Greedy,epsilon=0.7,99,2.776110527842971,0.3723293470136371,2.403781180829334,3.1484398748566083,5
scale_default,Epsilon_Greedy,epsilon=0.7,100,2.7924686693942298,0.3824789566419668,2.409989712752263,3.1749476260361966,5
scale_default,Epsilon_Greedy,epsilon=0.7,101,2.8203351848034077,0.39656669273951906,2.4237684920638887,3.216901877542927,5
scale_default,Epsilon_Greedy,epsilon=0.7,102,2.857050766171544,0.4148140064401163,2.442236759731428,3.2718647726116603,5
scale_default,Epsilon_Greedy,epsilon=0.7,103,2.88071145733536,0.4200687305196459,2.4606427268157143,3.300780187855006,5
scale_default,Epsilon_Greedy,epsilon=0.7,104,2.9014142161119927,0.42257864102073994,2.478835575091253,3.3239928571327324,5
scale_default,Epsilon_Greedy,epsilon=0.7,105,2.911613256219544,0.4268578993410782,2.4847553568784657,3.338471155560622,5
scale_default,Epsilon_Greedy,epsilon=0.7,106,2.930857203017652,0.42983667665570197,2.50102052636195,3.360693879673354,5
scale_default,Epsilon_Greedy,epsilon=0.7,107,2.9417697148741526,0.42652849453973246,2.51524122033442,3.368298209413885,5
scale_default,Epsilon_Greedy,epsilon=0.7,108,2.951861649949528,0.4246634305228908,2.527198219426637,3.376525080472419,5
scale_default,Epsilon_Greedy,epsilon=0.7,109,2.9694100262218948,0.44542012191584907,2.523989904306046,3.4148301481377437,5
scale_default,Epsilon_Greedy,epsilon=0.7,110,3.023040894788253,0.46869876568929303,2.55434212909896,3.4917396604775464,5
scale_default,Epsilon_Greedy,epsilon=0.7,111,3.041294292653666,0.45474593302994076,2.586548359623725,3.4960402256836067,5
scale_default,Epsilon_Greedy,epsilon=0.7,112,3.054911248166399,0.4544472558181655,2.6004639923482338,3.5093585039845645,5
scale_default,Epsilon_Greedy,epsilon=0.7,113,3.083936193138768,0.4566604906887798,2.6272757024499884,3.5405966838275478,5
scale_default,Epsilon_Greedy,epsilon=0.7,114,3.113806223620443,0.4594821897760432,2.6543240338443996,3.573288413396486,5
scale_default,Epsilon_Greedy,epsilon=0.7,115,3.1468510758604418,0.4667433506315742,2.6801077252288676,3.613594426492016,5
scale_default,Epsilon_Greedy,epsilon=0.7,116,3.164750932206057,0.4695562006622151,2.695194731543842,3.634307132868272,5
scale_default,Epsilon_Greedy,epsilon=0.7,117,3.1916773109570777,0.5023718709411265,2.6893054400159513,3.694049181898204,5
scale_default,Epsilon_Greedy,epsilon=0.7,118,3.222728062280557,0.4879167776222814,2.7348112846582757,3.7106448399028387,5
scale_default,Epsilon_Greedy,epsilon=0.7,119,3.265886383094191,0.5360579973087172,2.729828385785474,3.801944380402908,5
scale_default,Epsilon_Greedy,epsilon=0.7,120,3.2820196154939305,0.5304922886082591,2.7515273268856713,3.8125119041021898,5
scale_default,Epsilon_Greedy,epsilon=0.7,121,3.321090134732574,0.5198338627851689,2.801256271947405,3.8409239975177427,5
scale_default,Epsilon_Greedy,epsilon=0.7,122,3.338144492569401,0.5075174489897074,2.8306270435796934,3.8456619415591087,5
scale_default,Epsilon_Greedy,epsilon=0.7,123,3.383271438474499,0.48852382035167735,2.8947476181228216,3.8717952588261766,5
scale_default,Epsilon_Greedy,epsilon=0.7,124,3.3906165652133518,0.48470386685653616,2.9059126983568158,3.8753204320698877,5
scale_default,Epsilon_Greedy,epsilon=0.7,125,3.4102365747362504,0.48404684877097576,2.9261897259652745,3.8942834235072263,5
scale_default,Epsilon_Greedy,epsilon=0.7,126,3.4326129980121864,0.493561341746052,2.9390516562661344,3.9261743397582385,5
scale_default,Epsilon_Greedy,epsilon=0.7,127,3.472801160846861,0.5238450375620132,2.948956123284848,3.9966461984088744,5
scale_default,Epsilon_Greedy,epsilon=0.7,128,3.48825857193114,0.531338736630734,2.956919835300406,4.019597308561874,5
scale_default,Epsilon_Greedy,epsilon=0.7,129,3.527600547267452,0.5194146768366349,3.008185870430817,4.047015224104086,5
scale_default,Epsilon_Greedy,epsilon=0.7,130,3.5635792237479236,0.5500856526205552,3.0134935711273685,4.113664876368479,5
scale_default,Epsilon_Greedy,epsilon=0.7,131,3.5787306845976907,0.5548757926604544,3.023854891937236,4.133606477258145,5
scale_default,Epsilon_Greedy,epsilon=0.7,132,3.641054302006102,0.5769498544497886,3.0641044475563133,4.2180041564558906,5
scale_default,Epsilon_Greedy,epsilon=0.7,133,3.6583570182107388,0.5813416694542457,3.0770153487564933,4.239698687664984,5
scale_default,Epsilon_Greedy,epsilon=0.7,134,3.7102615034581703,0.59630732044751,3.1139541830106605,4.30656882390568,5
scale_default,Epsilon_Greedy,epsilon=0.7,135,3.750920222605423,0.5603006342073763,3.1906195883980466,4.311220856812799,5
scale_default,Epsilon_Greedy,epsilon=0.7,136,3.7835148576658915,0.5642795898004501,3.2192352678654412,4.347794447466342,5
scale_default,Epsilon_Greedy,epsilon=0.7,137,3.805240138736437,0.5556933989544258,3.2495467397820113,4.360933537690863,5
scale_default,Epsilon_Greedy,epsilon=0.7,138,3.825579024440047,0.5604467678827467,3.2651322565573,4.386025792322794,5
scale_default,Epsilon_Greedy,epsilon=0.7,139,3.8348085257367925,0.5518777082306032,3.2829308175061893,4.386686233967396,5
scale_default,Epsilon_Greedy,epsilon=0.7,140,3.8671941196823427,0.5248228063745523,3.3423713133077904,4.392016926056895,5
scale_default,Epsilon_Greedy,epsilon=0.7,141,3.8951823932999488,0.5373188321845069,3.3578635611154417,4.432501225484455,5
scale_default,Epsilon_Greedy,epsilon=0.7,142,3.911365217713569,0.525108684522331,3.386256533191238,4.4364739022359,5
scale_default,Epsilon_Greedy,epsilon=0.7,143,3.9237542040016073,0.5314113963025189,3.3923428076990882,4.4551656003041264,5
scale_default,Epsilon_Greedy,epsilon=0.7,144,3.9673709900213234,0.5328452541644019,3.4345257358569214,4.500216244185725,5
scale_default,Epsilon_Greedy,epsilon=0.7,145,4.004413025568597,0.5542233498758403,3.4501896756927564,4.558636375444437,5
scale_default,Epsilon_Greedy,epsilon=0.7,146,4.044450943665053,0.5529873118239119,3.491463631841141,4.5974382554889655,5
scale_default,Epsilon_Greedy,epsilon=0.7,147,4.065310822871795,0.5542948089625394,3.5110160139092557,4.619605631834334,5
scale_default,Epsilon_Greedy,epsilon=0.7,148,4.085072838484,0.5604179524281139,3.524654886055886,4.645490790912113,5
scale_default,Epsilon_Greedy,epsilon=0.7,149,4.096096762737925,0.5576627356396464,3.538434027098278,4.653759498377571,5
scale_default,Epsilon_Greedy,epsilon=0.7,150,4.110663826570567,0.5516996626212687,3.5589641639492986,4.662363489191836,5
scale_default,Epsilon_Greedy,epsilon=0.7,151,4.12890446734726,0.553705093265924,3.575199374081336,4.682609560613184,5
scale_default,Epsilon_Greedy,epsilon=0.7,152,4.156714616991455,0.538770958480168,3.617943658511287,4.695485575471623,5
scale_default,Epsilon_Greedy,epsilon=0.7,153,4.165006729068191,0.5360747076233298,3.628932021444861,4.701081436691521,5
scale_default,Epsilon_Greedy,epsilon=0.7,154,4.174158948932482,0.5315774790343416,3.6425814698981407,4.705736427966824,5
scale_default,Epsilon_Greedy,epsilon=0.7,155,4.216706793242854,0.5594381651689927,3.657268628073861,4.776144958411846,5
scale_default,Epsilon_Greedy,epsilon=0.7,156,4.232478375137649,0.5686222277847052,3.663856147352944,4.801100602922355,5
scale_default,Epsilon_Greedy,epsilon=0.7,157,4.246390095214212,0.5636904798854107,3.6826996153288016,4.810080575099623,5
scale_default,Epsilon_Greedy,epsilon=0.7,158,4.260565950424068,0.5727292501825346,3.6878367002415335,4.833295200606603,5
scale_default,Epsilon_Greedy,epsilon=0.7,159,4.274165639121447,0.5665213108475607,3.7076443282738865,4.840686949969008,5
scale_default,Epsilon_Greedy,epsilon=0.7,160,4.2907483151931185,0.5602836443794714,3.730464670813647,4.85103195957259,5
scale_default,Epsilon_Greedy,epsilon=0.7,161,4.292848021541276,0.5603207648577924,3.7325272566834835,4.853168786399068,5
scale_default,Epsilon_Greedy,epsilon=0.7,162,4.3042369092016655,0.5657835142668093,3.738453394934856,4.870020423468475,5
scale_default,Epsilon_Greedy,epsilon=0.7,163,4.3316902903179155,0.5656312290636262,3.7660590612542895,4.897321519381542,5
scale_default,Epsilon_Greedy,epsilon=0.7,164,4.357169272725859,0.5564979198595017,3.800671352866357,4.91366719258536,5
scale_default,Epsilon_Greedy,epsilon=0.7,165,4.387498397205865,0.5531841069065054,3.83431429029936,4.940682504112371,5
scale_default,Epsilon_Greedy,epsilon=0.7,166,4.417870767141784,0.5868434915952535,3.83102727554653,5.004714258737037,5
scale_default,Epsilon_Greedy,epsilon=0.7,167,4.420161644402435,0.5856804685661885,3.8344811758362463,5.005842112968623,5
scale_default,Epsilon_Greedy,epsilon=0.7,168,4.475353744989694,0.5748360436199493,3.9005177013697447,5.050189788609643,5
scale_default,Epsilon_Greedy,epsilon=0.7,169,4.481749009650388,0.5718526398233335,3.909896369827054,5.0536016494737215,5
scale_default,Epsilon_Greedy,epsilon=0.7,170,4.512086289132549,0.5655245751617142,3.946561713970835,5.077610864294263,5
scale_default,Epsilon_Greedy,epsilon=0.7,171,4.549362148544071,0.5998854105689716,3.949476737975099,5.149247559113042,5
scale_default,Epsilon_Greedy,epsilon=0.7,172,4.625996675738283,0.607872929553088,4.018123746185195,5.233869605291371,5
scale_default,Epsilon_Greedy,epsilon=0.7,173,4.632177834850056,0.6063372414146977,4.025840593435358,5.238515076264754,5
scale_default,Epsilon_Greedy,epsilon=0.7,174,4.659865659791888,0.6028350458320233,4.057030613959864,5.262700705623911,5
scale_default,Epsilon_Greedy,epsilon=0.7,175,4.680991653975845,0.600791512197747,4.080200141778098,5.281783166173591,5
scale_default,Epsilon_Greedy,epsilon=0.7,176,4.713833892166091,0.5758061753626791,4.138027716803412,5.2896400675287705,5
scale_default,Epsilon_Greedy,epsilon=0.7,177,4.731539604335111,0.5647448283500538,4.166794775985057,5.296284432685164,5
scale_default,Epsilon_Greedy,epsilon=0.7,178,4.76166624897763,0.5578870219308826,4.203779227046747,5.3195532709085125,5
scale_default,Epsilon_Greedy,epsilon=0.7,179,4.8231864286973885,0.5444011516743932,4.278785277022996,5.367587580371781,5
scale_default,Epsilon_Greedy,epsilon=0.7,180,4.8571164551482315,0.5179460032428891,4.339170451905343,5.37506245839112,5
scale_default,Epsilon_Greedy,epsilon=0.7,181,4.887682016143906,0.5032817893837266,4.384400226760179,5.390963805527632,5
scale_default,Epsilon_Greedy,epsilon=0.7,182,4.932613362925158,0.5128244962428282,4.41978886668233,5.445437859167987,5
scale_default,Epsilon_Greedy,epsilon=0.7,183,4.944998028656538,0.5081111174068451,4.436886911249692,5.453109146063383,5
scale_default,Epsilon_Greedy,epsilon=0.7,184,4.946352665960641,0.5090837059490284,4.437268960011613,5.45543637190967,5
scale_default,Epsilon_Greedy,epsilon=0.7,185,4.951799907570359,0.5101613759391102,4.4416385316312486,5.461961283509469,5
scale_default,Epsilon_Greedy,epsilon=0.7,186,4.992496100350692,0.48915246963468756,4.503343630716005,5.48164856998538,5
scale_default,Epsilon_Greedy,epsilon=0.7,187,5.02059616902046,0.5068779173045324,4.513718251715928,5.527474086324992,5
scale_default,Epsilon_Greedy,epsilon=0.7,188,5.062485273097595,0.47210823464767354,4.590377038449922,5.534593507745268,5
scale_default,Epsilon_Greedy,epsilon=0.7,189,5.088802076723175,0.4548791343375283,4.633922942385646,5.543681211060703,5
scale_default,Epsilon_Greedy,epsilon=0.7,190,5.110865196102688,0.47906321573390376,4.631801980368785,5.589928411836592,5
scale_default,Epsilon_Greedy,epsilon=0.7,191,5.134381085694877,0.481454616519689,4.652926469175188,5.615835702214566,5
scale_default,Epsilon_Greedy,epsilon=0.7,192,5.1553553677628985,0.47605469524386085,4.679300672519037,5.63141006300676,5
scale_default,Epsilon_Greedy,epsilon=0.7,193,5.175618141878841,0.47595090715965843,4.699667234719183,5.6515690490385,5
scale_default,Epsilon_Greedy,epsilon=0.7,194,5.194333797034359,0.48053257117628734,4.713801225858072,5.674866368210646,5
scale_default,Epsilon_Greedy,epsilon=0.7,195,5.259710848533674,0.43124916436936805,4.8284616841643055,5.690960012903042,5
scale_default,Epsilon_Greedy,epsilon=0.7,196,5.298373882407458,0.4139485220240526,4.884425360383405,5.712322404431511,5
scale_default,Epsilon_Greedy,epsilon=0.7,197,5.340153864108726,0.4167265011077458,4.92342736300098,5.756880365216472,5
scale_default,Epsilon_Greedy,epsilon=0.7,198,5.379548809890585,0.4080724666965499,4.971476343194035,5.787621276587134,5
scale_default,Epsilon_Greedy,epsilon=0.7,199,5.410033203436205,0.4045530933438158,5.005480110092389,5.814586296780021,5
scale_default,Epsilon_Greedy,epsilon=0.7,200,5.558957258321032,0.4439578207572748,5.114999437563757,6.002915079078306,5
scale_default,Epsilon_Greedy,epsilon=0.7,201,5.68012558869044,0.45907104351936057,5.2210545451710795,6.1391966322098,5
scale_default,Epsilon_Greedy,epsilon=0.7,202,5.800027702896126,0.5163093614145264,5.2837183414816,6.316337064310653,5
scale_default,Epsilon_Greedy,epsilon=0.7,203,5.890072582390009,0.5435613891409107,5.346511193249098,6.43363397153092,5
scale_default,Epsilon_Greedy,epsilon=0.7,204,6.0052618525748125,0.6082751351192807,5.3969867174555315,6.6135369876940935,5
scale_default,Epsilon_Greedy,epsilon=0.7,205,6.161939407440346,0.561987838491791,5.599951568948555,6.723927245932137,5
scale_default,Epsilon_Greedy,epsilon=0.7,206,6.389268020663373,0.6269382824145902,5.762329738248782,7.016206303077963,5
scale_default,Epsilon_Greedy,epsilon=0.7,207,6.632187353311373,0.5232028050938662,6.1089845482175065,7.15539015840524,5
scale_default,Epsilon_Greedy,epsilon=0.7,208,6.670645417109277,0.5036017440648104,6.167043673044467,7.174247161174088,5
scale_default,Epsilon_Greedy,epsilon=0.7,209,6.821469818658282,0.6250809636972476,6.196388854961034,7.44655078235553,5
scale_default,Epsilon_Greedy,epsilon=0.7,210,7.005999886642295,0.7548810224474529,6.251118864194842,7.760880909089748,5
scale_default,Epsilon_Greedy,epsilon=0.7,211,7.2788649542845345,0.7571499964085769,6.5217149578759575,8.036014950693112,5
scale_default,Epsilon_Greedy,epsilon=0.7,212,7.469443510975514,0.8126069502160559,6.656836560759459,8.28205046119157,5
scale_default,Epsilon_Greedy,epsilon=0.7,213,7.697617571713979,0.7179188644074519,6.979698707306527,8.415536436121432,5
scale_default,Epsilon_Greedy,epsilon=0.7,214,7.832471672728073,0.6158151081443543,7.216656564583719,8.448286780872428,5
scale_default,Epsilon_Greedy,epsilon=0.7,215,8.028092964612947,0.5327912152872307,7.495301749325716,8.560884179900178,5
scale_default,Epsilon_Greedy,epsilon=0.7,216,8.269438592801007,0.6276222316942132,7.641816361106795,8.89706082449522,5
scale_default,Epsilon_Greedy,epsilon=0.7,217,8.47413561136159,0.6758692822753953,7.798266329086194,9.150004893636984,5
scale_default,Epsilon_Greedy,epsilon=0.7,218,8.65676331908818,0.6669119388327911,7.989851380255389,9.323675257920971,5
scale_default,Epsilon_Greedy,epsilon=0.7,219,8.883382623821387,0.645730959829679,8.237651663991707,9.529113583651066,5
scale_default,Epsilon_Greedy,epsilon=0.7,220,9.074612628041669,0.6127156391563511,8.461896988885318,9.68732826719802,5
scale_default,Epsilon_Greedy,epsilon=0.7,221,9.317100155750847,0.43943911142381165,8.877661044327034,9.75653926717466,5
scale_default,Epsilon_Greedy,epsilon=0.7,222,9.483120901500897,0.3909580353365557,9.09216286616434,9.874078936837453,5
scale_default,Epsilon_Greedy,epsilon=0.7,223,9.662402551017898,0.3193276014604894,9.343074949557408,9.981730152478388,5
scale_default,Epsilon_Greedy,epsilon=0.7,224,9.829110673622893,0.3408546554136961,9.488256018209196,10.16996532903659,5
scale_default,Epsilon_Greedy,epsilon=0.7,225,10.056071940989337,0.4158178877738008,9.640254053215536,10.471889828763139,5
scale_default,Epsilon_Greedy,epsilon=0.7,226,10.241814838037788,0.4377869097395544,9.804027928298234,10.679601747777342,5
scale_default,Epsilon_Greedy,epsilon=0.7,227,10.320491626187042,0.47613493814962643,9.844356688037417,10.796626564336668,5
scale_default,Epsilon_Greedy,epsilon=0.7,228,10.476980050554733,0.4351829174991274,10.041797133055606,10.91216296805386,5
scale_default,Epsilon_Greedy,epsilon=0.7,229,10.594989322935508,0.4628486483980548,10.132140674537453,11.057837971333562,5
scale_default,Epsilon_Greedy,epsilon=0.7,230,10.81016261342046,0.5427947649782572,10.267367848442202,11.352957378398717,5
scale_default,Epsilon_Greedy,epsilon=0.7,231,10.975600609043774,0.5689982697350427,10.406602339308732,11.544598878778816,5
scale_default,Epsilon_Greedy,epsilon=0.7,232,11.136281041985555,0.6076362737372469,10.528644768248308,11.743917315722802,5
scale_default,Epsilon_Greedy,epsilon=0.7,233,11.281274834601186,0.6083734831990315,10.672901351402155,11.889648317800217,5
scale_default,Epsilon_Greedy,epsilon=0.7,234,11.575471268386575,0.7152536148289065,10.860217653557669,12.290724883215482,5
scale_default,Epsilon_Greedy,epsilon=0.7,235,11.72131432128219,0.7725526544371071,10.948761666845083,12.493866975719296,5
scale_default,Epsilon_Greedy,epsilon=0.7,236,11.910671650809443,0.7943407078171039,11.116330942992338,12.705012358626547,5
scale_default,Epsilon_Greedy,epsilon=0.7,237,12.015203089545235,0.8764289012827978,11.138774188262436,12.891631990828033,5
scale_default,Epsilon_Greedy,epsilon=0.7,238,12.059449348066533,0.868424983015444,11.191024365051089,12.927874331081977,5
scale_default,Epsilon_Greedy,epsilon=0.7,239,12.150049517147043,0.8121595542919412,11.337889962855101,12.962209071438984,5
scale_default,Epsilon_Greedy,epsilon=0.7,240,12.283646784749477,0.8133851576357535,11.470261627113723,13.09703194238523,5
scale_default,Epsilon_Greedy,epsilon=0.7,241,12.493014791201631,0.881182306522076,11.611832484679555,13.374197097723707,5
scale_default,Epsilon_Greedy,epsilon=0.7,242,12.709537342763072,0.7830468091953557,11.926490533567716,13.492584151958429,5
scale_default,Epsilon_Greedy,epsilon=0.7,243,12.904275951482273,0.8816658965197107,12.022610054962563,13.785941848001983,5
scale_default,Epsilon_Greedy,epsilon=0.7,244,13.090198122675124,0.9563115371415315,12.133886585533594,14.046509659816655,5
scale_default,Epsilon_Greedy,epsilon=0.7,245,13.254163388878926,0.9285995422435019,12.325563846635424,14.182762931122427,5
scale_default,Epsilon_Greedy,epsilon=0.7,246,13.47315615439427,1.01129456163132,12.461861592762949,14.48445071602559,5
scale_default,Epsilon_Greedy,epsilon=0.7,247,13.674940571943946,0.900801767388026,12.77413880455592,14.575742339331972,5
scale_default,Epsilon_Greedy,epsilon=0.7,248,13.886818562783636,0.93721796770875,12.949600595074887,14.824036530492386,5
scale_default,Epsilon_Greedy,epsilon=0.7,249,14.068330737456995,0.7470962460651468,13.321234491391849,14.81542698352214,5
scale_default,Epsilon_Greedy,epsilon=0.7,250,14.165522256456706,0.7789447134567874,13.386577542999918,14.944466969913494,5
scale_default,Epsilon_Greedy,epsilon=0.7,251,14.313186612832018,0.8596288873042945,13.453557725527723,15.172815500136313,5
scale_default,Epsilon_Greedy,epsilon=0.7,252,14.564823871468448,0.9560565531924403,13.608767318276008,15.520880424660888,5
scale_default,Epsilon_Greedy,epsilon=0.7,253,14.828907976030658,1.210795227082743,13.618112748947915,16.0397032031134,5
scale_default,Epsilon_Greedy,epsilon=0.7,254,15.012726379707988,1.2558784059783723,13.756847973729617,16.26860478568636,5
scale_default,Epsilon_Greedy,epsilon=0.7,255,15.297023482619668,0.9554433895266504,14.341580093093018,16.252466872146318,5
scale_default,Epsilon_Greedy,epsilon=0.7,256,15.37677272983149,0.9280382584362658,14.448734471395225,16.304810988267757,5
scale_default,Epsilon_Greedy,epsilon=0.7,257,15.545125191339258,0.9670633847077921,14.578061806631466,16.51218857604705,5
scale_default,Epsilon_Greedy,epsilon=0.7,258,15.678540324824969,0.8807580708730469,14.797782253951922,16.559298395698015,5
scale_default,Epsilon_Greedy,epsilon=0.7,259,15.832398187766387,0.88691118879776,14.945486998968628,16.719309376564148,5
scale_default,Epsilon_Greedy,epsilon=0.7,260,15.998848421076797,0.962367520931544,15.036480900145254,16.96121594200834,5
scale_default,Epsilon_Greedy,epsilon=0.7,261,16.184597794374508,0.926478622857344,15.258119171517164,17.111076417231853,5
scale_default,Epsilon_Greedy,epsilon=0.7,262,16.364770860243638,0.8834847175533193,15.481286142690319,17.248255577796957,5
scale_default,Epsilon_Greedy,epsilon=0.7,263,16.55084176552551,1.0548860377740092,15.495955727751502,17.60572780329952,5
scale_default,Epsilon_Greedy,epsilon=0.7,264,16.69485326263433,1.110170242192502,15.584683020441826,17.80502350482683,5
scale_default,Epsilon_Greedy,epsilon=0.7,265,16.890159070370764,1.1525134714670777,15.737645598903686,18.04267254183784,5
scale_default,Epsilon_Greedy,epsilon=0.7,266,17.08370656966111,1.0667571121215969,16.016949457539514,18.150463681782707,5
scale_default,Epsilon_Greedy,epsilon=0.7,267,17.273441961650565,1.0562391366924984,16.21720282495807,18.329681098343062,5
scale_default,Epsilon_Greedy,epsilon=0.7,268,17.45540393233396,1.1203847190509189,16.335019213283044,18.57578865138488,5
scale_default,Epsilon_Greedy,epsilon=0.7,269,17.74942606157402,1.088564876767652,16.660861184806368,18.837990938341672,5
scale_default,Epsilon_Greedy,epsilon=0.7,270,17.91596300402876,1.1024187378075336,16.81354426622123,19.018381741836293,5
scale_default,Epsilon_Greedy,epsilon=0.7,271,18.021533417012712,1.0063800921462143,17.015153324866496,19.027913509158928,5
scale_default,Epsilon_Greedy,epsilon=0.7,272,18.293588395781924,1.1162418945305714,17.177346501251353,19.409830290312495,5
scale_default,Epsilon_Greedy,epsilon=0.7,273,18.573593972866384,1.1736781432000807,17.399915829666302,19.747272116066465,5
scale_default,Epsilon_Greedy,epsilon=0.7,274,18.76198018300469,1.1159902406531488,17.645989942351544,19.87797042365784,5
scale_default,Epsilon_Greedy,epsilon=0.7,275,19.07481251809415,1.1461014644132772,17.92871105368087,20.220913982507426,5
scale_default,Epsilon_Greedy,epsilon=0.7,276,19.144474920066425,1.1806300926343065,17.96384482743212,20.325105012700732,5
scale_default,Epsilon_Greedy,epsilon=0.7,277,19.348370022603113,1.2171999291448694,18.131170093458245,20.56556995174798,5
scale_default,Epsilon_Greedy,epsilon=0.7,278,19.46039492357352,1.2482322329270097,18.21216269064651,20.70862715650053,5
scale_default,Epsilon_Greedy,epsilon=0.7,279,19.55738845951062,1.1695596612074357,18.387828798303183,20.726948120718056,5
scale_default,Epsilon_Greedy,epsilon=0.7,280,19.81290473933881,1.192447700639925,18.620457038698884,21.005352439978733,5
scale_default,Epsilon_Greedy,epsilon=0.7,281,19.99748658302574,1.2409133821202225,18.756573200905517,21.238399965145963,5
scale_default,Epsilon_Greedy,epsilon=0.7,282,20.268915111549997,1.4249240236534704,18.843991087896526,21.69383913520347,5
scale_default,Epsilon_Greedy,epsilon=0.7,283,20.379065536501916,1.4177564957988094,18.961309040703107,21.796822032300724,5
scale_default,Epsilon_Greedy,epsilon=0.7,284,20.77125766239947,1.4614797160636837,19.309777946335785,22.232737378463156,5
scale_default,Epsilon_Greedy,epsilon=0.7,285,20.844929828942785,1.5159665868499803,19.328963242092804,22.360896415792766,5
scale_default,Epsilon_Greedy,epsilon=0.7,286,20.952573429918367,1.4982922564254135,19.45428117349295,22.450865686343782,5
scale_default,Epsilon_Greedy,epsilon=0.7,287,21.050452961070302,1.5007404778052107,19.549712483265093,22.55119343887551,5
scale_default,Epsilon_Greedy,epsilon=0.7,288,21.186755021310095,1.4925742292282485,19.694180792081845,22.679329250538345,5
scale_default,Epsilon_Greedy,epsilon=0.7,289,21.30148842986441,1.597772363052119,19.70371606681229,22.89926079291653,5
scale_default,Epsilon_Greedy,epsilon=0.7,290,21.590243174104252,1.5364822356650492,20.053760938439204,23.1267254097693,5
scale_default,Epsilon_Greedy,epsilon=0.7,291,21.834802236727633,1.437439314976412,20.39736292175122,23.272241551704045,5
scale_default,Epsilon_Greedy,epsilon=0.7,292,21.935381806703493,1.3793957562571662,20.555986050446325,23.31477756296066,5
scale_default,Epsilon_Greedy,epsilon=0.7,293,22.125128934624957,1.4097826345482931,20.715346300076664,23.53491156917325,5
scale_default,Epsilon_Greedy,epsilon=0.7,294,22.32761136454023,1.3906689000875156,20.936942464452713,23.718280264627744,5
scale_default,Epsilon_Greedy,epsilon=0.7,295,22.558069734008118,1.481583720434553,21.076486013573565,24.03965345444267,5
scale_default,Epsilon_Greedy,epsilon=0.7,296,22.738948652369686,1.4592118010753,21.279736851294388,24.198160453444984,5
scale_default,Epsilon_Greedy,epsilon=0.7,297,22.866096500733192,1.5261325932146894,21.339963907518502,24.392229093947883,5
scale_default,Epsilon_Greedy,epsilon=0.7,298,23.030332978767973,1.5015791587902676,21.528753819977705,24.53191213755824,5
scale_default,Epsilon_Greedy,epsilon=0.7,299,23.184071909179657,1.6711223161703443,21.512949593009314,24.85519422535,5
scale_default,Epsilon_Greedy,epsilon=0.7,300,23.329661286758682,1.7188348714161017,21.61082641534258,25.048496158174785,5
scale_default,Epsilon_Greedy,epsilon=0.7,301,23.45047554715175,1.688383920460758,21.762091626690992,25.13885946761251,5
scale_default,Epsilon_Greedy,epsilon=0.7,302,23.735731948714736,1.7750743411912888,21.960657607523448,25.510806289906025,5
scale_default,Epsilon_Greedy,epsilon=0.7,303,23.938563520714567,1.736536156059991,22.202027364654576,25.675099676774558,5
scale_default,Epsilon_Greedy,epsilon=0.7,304,24.17117582084567,1.7317318481484587,22.43944397269721,25.90290766899413,5
scale_default,Epsilon_Greedy,epsilon=0.7,305,24.318731841304512,1.7617830866632929,22.55694875464122,26.080514927967805,5
scale_default,Epsilon_Greedy,epsilon=0.7,306,24.675812562224174,1.676244005794973,22.9995685564292,26.352056568019147,5
scale_default,Epsilon_Greedy,epsilon=0.7,307,24.809032592875077,1.578675398522723,23.230357194352354,26.3877079913978,5
scale_default,Epsilon_Greedy,epsilon=0.7,308,24.967688294934266,1.6225393240595003,23.345148970874767,26.590227618993765,5
scale_default,Epsilon_Greedy,epsilon=0.7,309,25.06324156439316,1.5990343343054971,23.464207230087663,26.662275898698656,5
scale_default,Epsilon_Greedy,epsilon=0.7,310,25.251707501822715,1.5465958849635135,23.705111616859202,26.798303386786227,5
scale_default,Epsilon_Greedy,epsilon=0.7,311,25.57492916856677,1.5001375230679606,24.07479164549881,27.075066691634728,5
scale_default,Epsilon_Greedy,epsilon=0.7,312,25.821392616527998,1.814748880047747,24.00664373648025,27.636141496575746,5
scale_default,Epsilon_Greedy,epsilon=0.7,313,25.91026868268073,1.8085875857836589,24.10168109689707,27.71885626846439,5
scale_default,Epsilon_Greedy,epsilon=0.7,314,26.054016910899115,1.8327609621971506,24.221255948701966,27.886777873096264,5
scale_default,Epsilon_Greedy,epsilon=0.7,315,26.2615363529825,1.8022535124375358,24.459282840544965,28.063789865420034,5
scale_default,Epsilon_Greedy,epsilon=0.7,316,26.4669576016684,1.8398887920972482,24.627068809571153,28.30684639376565,5
scale_default,Epsilon_Greedy,epsilon=0.7,317,26.63910874588958,1.9072051358307542,24.731903610058826,28.546313881720334,5
scale_default,Epsilon_Greedy,epsilon=0.7,318,26.789931159822856,1.7919612495380681,24.997969910284787,28.581892409360925,5
scale_default,Epsilon_Greedy,epsilon=0.7,319,26.923831754885775,1.8728612533630402,25.050970501522734,28.796693008248816,5
scale_default,Epsilon_Greedy,epsilon=0.7,320,27.107398883953216,1.8655973999762276,25.24180148397699,28.972996283929444,5
scale_default,Epsilon_Greedy,epsilon=0.7,321,27.261124090104623,1.7927378675181695,25.468386222586453,29.053861957622793,5
scale_default,Epsilon_Greedy,epsilon=0.7,322,27.436524660958064,1.8326756262421706,25.603849034715893,29.269200287200235,5
scale_default,Epsilon_Greedy,epsilon=0.7,323,27.567180505372413,1.8426795263745777,25.724500978997835,29.40986003174699,5
scale_default,Epsilon_Greedy,epsilon=0.7,324,27.748639373554244,1.817852288221261,25.930787085332984,29.566491661775505,5
scale_default,Epsilon_Greedy,epsilon=0.7,325,27.982750610522622,1.8286616447966484,26.154088965725975,29.81141225531927,5
scale_default,Epsilon_Greedy,epsilon=0.7,326,28.104389533195576,1.7485166248165027,26.355872908379073,29.85290615801208,5
scale_default,Epsilon_Greedy,epsilon=0.7,327,28.234876561602285,1.706288827156117,26.528587734446166,29.941165388758403,5
scale_default,Epsilon_Greedy,epsilon=0.7,328,28.358432527353262,1.7111960683002025,26.647236459053058,30.069628595653466,5
scale_default,Epsilon_Greedy,epsilon=0.7,329,28.442806192833444,1.7613261482388463,26.681480044594597,30.20413234107229,5
scale_default,Epsilon_Greedy,epsilon=0.7,330,28.507698862634935,1.8357003476452982,26.67199851498964,30.343399210280232,5
scale_default,Epsilon_Greedy,epsilon=0.7,331,28.656106938311922,1.8521623127541145,26.803944625557808,30.508269251066036,5
scale_default,Epsilon_Greedy,epsilon=0.7,332,28.881585442276627,1.838448634325641,27.043136807950987,30.720034076602268,5
scale_default,Epsilon_Greedy,epsilon=0.7,333,29.08908397071367,1.8075295417989161,27.281554428914752,30.896613512512587,5
scale_default,Epsilon_Greedy,epsilon=0.7,334,29.330870728533274,1.6594656286599292,27.671405099873343,30.990336357193204,5
scale_default,Epsilon_Greedy,epsilon=0.7,335,29.522982273734208,1.6781637361063473,27.84481853762786,31.201146009840556,5
scale_default,Epsilon_Greedy,epsilon=0.7,336,29.721065052056865,1.729752275750806,27.99131277630606,31.45081732780767,5
scale_default,Epsilon_Greedy,epsilon=0.7,337,29.85819640532439,1.7035650774148812,28.154631327909506,31.56176148273927,5
scale_default,Epsilon_Greedy,epsilon=0.7,338,29.933423826457044,1.7010029880971127,28.232420838359932,31.634426814554157,5
scale_default,Epsilon_Greedy,epsilon=0.7,339,30.102468232199236,1.6341499470800513,28.468318285119185,31.736618179279287,5
scale_default,Epsilon_Greedy,epsilon=0.7,340,30.242618592690015,1.5794679590276794,28.663150633662337,31.822086551717693,5
scale_default,Epsilon_Greedy,epsilon=0.7,341,30.48269295331255,1.695915567509124,28.786777385803425,32.178608520821676,5
scale_default,Epsilon_Greedy,epsilon=0.7,342,30.768512431014386,1.6842243354033815,29.084288095611004,32.452736766417765,5
scale_default,Epsilon_Greedy,epsilon=0.7,343,30.87582878384087,1.6057454036493204,29.27008338019155,32.48157418749019,5
scale_default,Epsilon_Greedy,epsilon=0.7,344,31.027431758112744,1.56971631865972,29.457715439453025,32.59714807677246,5
scale_default,Epsilon_Greedy,epsilon=0.7,345,31.293116944871475,1.6484978238252315,29.644619121046244,32.94161476869671,5
scale_default,Epsilon_Greedy,epsilon=0.7,346,31.368787594417064,1.690534814981206,29.67825277943586,33.05932240939827,5
scale_default,Epsilon_Greedy,epsilon=0.7,347,31.584341205074743,1.6538184565162566,29.930522748558488,33.238159661591,5
scale_default,Epsilon_Greedy,epsilon=0.7,348,31.754668336786587,1.6776764797835915,30.076991857002994,33.43234481657018,5
scale_default,Epsilon_Greedy,epsilon=0.7,349,31.97501103304662,1.7668061058390159,30.208204927207603,33.74181713888564,5
scale_default,Epsilon_Greedy,epsilon=0.7,350,32.082276574527945,1.7843206961297118,30.297955878398234,33.86659727065766,5
scale_default,Epsilon_Greedy,epsilon=0.7,351,32.217439214255066,1.7802488258970428,30.437190388358022,33.997688040152106,5
scale_default,Epsilon_Greedy,epsilon=0.7,352,32.301244447608795,1.7540861591951689,30.547158288413627,34.05533060680396,5
scale_default,Epsilon_Greedy,epsilon=0.7,353,32.599105898870015,1.841671345140436,30.757434553729578,34.44077724401045,5
scale_default,Epsilon_Greedy,epsilon=0.7,354,32.83466714158095,1.8957587775019524,30.938908364078998,34.730425919082904,5
scale_default,Epsilon_Greedy,epsilon=0.7,355,33.04764900922905,1.9467875929986767,31.10086141623037,34.99443660222772,5
scale_default,Epsilon_Greedy,epsilon=0.7,356,33.263359102121946,1.9030733980318109,31.360285704090135,35.16643250015375,5
scale_default,Epsilon_Greedy,epsilon=0.7,357,33.54271248833355,2.0065693778681224,31.536143110465428,35.549281866201675,5
scale_default,Epsilon_Greedy,epsilon=0.7,358,33.86166400309547,1.979599872840465,31.882064130255007,35.84126387593594,5
scale_default,Epsilon_Greedy,epsilon=0.7,359,34.01837374447455,1.8318010902252126,32.18657265424934,35.850174834699764,5
scale_default,Epsilon_Greedy,epsilon=0.7,360,34.26329148206934,2.036099669327789,32.22719181274155,36.29939115139713,5
scale_default,Epsilon_Greedy,epsilon=0.7,361,34.40565194628232,2.1003154443719487,32.30533650191037,36.50596739065427,5
scale_default,Epsilon_Greedy,epsilon=0.7,362,34.492086711932224,2.1570452329545726,32.33504147897765,36.6491319448868,5
scale_default,Epsilon_Greedy,epsilon=0.7,363,34.68447650773171,2.4250688020860474,32.259407705645664,37.109545309817754,5
scale_default,Epsilon_Greedy,epsilon=0.7,364,34.88417978161526,2.4328163056906464,32.451363475924616,37.3169960873059,5
scale_default,Epsilon_Greedy,epsilon=0.7,365,35.128505976748144,2.5294377030471207,32.59906827370102,37.65794367979527,5
scale_default,Epsilon_Greedy,epsilon=0.7,366,35.267162449346756,2.482834438262064,32.78432801108469,37.74999688760882,5
scale_default,Epsilon_Greedy,epsilon=0.7,367,35.46199278442911,2.448399479244349,33.013593305184756,37.91039226367346,5
scale_default,Epsilon_Greedy,epsilon=0.7,368,35.75140819747702,2.335513316127002,33.41589488135002,38.08692151360402,5
scale_default,Epsilon_Greedy,epsilon=0.7,369,35.86439460428163,2.3465589413961006,33.51783566288553,38.210953545677725,5
scale_default,Epsilon_Greedy,epsilon=0.7,370,36.115261845337706,2.317905655218783,33.797356190118926,38.433167500556486,5
scale_default,Epsilon_Greedy,epsilon=0.7,371,36.346668477095825,2.2816519329794835,34.06501654411634,38.62832041007531,5
scale_default,Epsilon_Greedy,epsilon=0.7,372,36.49376341411075,2.2411231236921005,34.252640290418654,38.73488653780285,5
scale_default,Epsilon_Greedy,epsilon=0.7,373,36.67111886251233,2.3381966723851724,34.33292219012716,39.0093155348975,5
scale_default,Epsilon_Greedy,epsilon=0.7,374,36.87276623302489,2.2275416098914067,34.64522462313349,39.100307842916294,5
scale_default,Epsilon_Greedy,epsilon=0.7,375,37.09171519940589,2.2176359998281394,34.87407919957775,39.30935119923403,5
scale_default,Epsilon_Greedy,epsilon=0.7,376,37.251819164139306,2.138596133992427,35.11322303014688,39.390415298131735,5
scale_default,Epsilon_Greedy,epsilon=0.7,377,37.39232283561006,2.1415677403642173,35.25075509524584,39.533890575974276,5
scale_default,Epsilon_Greedy,epsilon=0.7,378,37.54498832485102,2.128602523468937,35.416385801382084,39.673590848319954,5
scale_default,Epsilon_Greedy,epsilon=0.7,379,37.81145553369199,2.138586970181475,35.67286856351052,39.95004250387346,5
scale_default,Epsilon_Greedy,epsilon=0.7,380,37.95214764992901,2.100389473898396,35.851758176030614,40.052537123827406,5
scale_default,Epsilon_Greedy,epsilon=0.7,381,38.13470083735298,2.2524614839143395,35.88223935343864,40.38716232126732,5
scale_default,Epsilon_Greedy,epsilon=0.7,382,38.222628391432316,2.2785322516168987,35.944096139815414,40.50116064304922,5
scale_default,Epsilon_Greedy,epsilon=0.7,383,38.33294419690434,2.3223077428576273,36.01063645404672,40.65525193976197,5
scale_default,Epsilon_Greedy,epsilon=0.7,384,38.433483476298704,2.329865334821836,36.10361814147687,40.76334881112054,5
scale_default,Epsilon_Greedy,epsilon=0.7,385,38.56790305792069,2.4064410090869646,36.16146204883373,40.97434406700765,5
scale_default,Epsilon_Greedy,epsilon=0.7,386,38.72366299236902,2.356240051459119,36.367422940909904,41.07990304382814,5
scale_default,Epsilon_Greedy,epsilon=0.7,387,38.93724974095409,2.2823311698717377,36.65491857108235,41.219580910825826,5
scale_default,Epsilon_Greedy,epsilon=0.7,388,39.0993135376557,2.2552254301284136,36.84408810752729,41.354538967784116,5
scale_default,Epsilon_Greedy,epsilon=0.7,389,39.295074250568995,2.2091701328164763,37.08590411775252,41.50424438338547,5
scale_default,Epsilon_Greedy,epsilon=0.7,390,39.41777578357847,2.331115150073203,37.08666063350527,41.74889093365167,5
scale_default,Epsilon_Greedy,epsilon=0.7,391,39.60893136263224,2.346867145012135,37.26206421762011,41.955798507644374,5
scale_default,Epsilon_Greedy,epsilon=0.7,392,39.759589712929525,2.3784198777569805,37.38116983517254,42.13800959068651,5
scale_default,Epsilon_Greedy,epsilon=0.7,393,39.95088747818454,2.4705498967133526,37.48033758147119,42.42143737489789,5
scale_default,Epsilon_Greedy,epsilon=0.7,394,40.25063933272039,2.6439431143130054,37.606696218407386,42.89458244703339,5
scale_default,Epsilon_Greedy,epsilon=0.7,395,40.392375055641196,2.6396489432587127,37.75272611238248,43.03202399889991,5
scale_default,Epsilon_Greedy,epsilon=0.7,396,40.489406003899845,2.6161776664939125,37.87322833740593,43.105583670393756,5
scale_default,Epsilon_Greedy,epsilon=0.7,397,40.675466051847195,2.683908348411998,37.9915577034352,43.35937440025919,5
scale_default,Epsilon_Greedy,epsilon=0.7,398,40.876952810397064,2.73148665259445,38.145466157802616,43.60843946299151,5
scale_default,Epsilon_Greedy,epsilon=0.7,399,41.044625243417116,2.7442366401224616,38.30038860329466,43.788861883539575,5
scale_default,Epsilon_Greedy,epsilon=0.7,400,41.31250770671646,2.701246731940186,38.61126097477627,44.01375443865665,5
scale_default,Epsilon_Greedy,epsilon=0.7,401,41.48700405863387,2.6666716556806134,38.820332402953255,44.15367571431449,5
scale_default,Epsilon_Greedy,epsilon=0.7,402,41.66151778827025,2.609857696327982,39.05166009194227,44.27137548459824,5
scale_default,Epsilon_Greedy,epsilon=0.7,403,41.781655631629384,2.6080231915918617,39.17363244003752,44.389678823221246,5
scale_default,Epsilon_Greedy,epsilon=0.7,404,41.89755523167576,2.7222034778690234,39.17535175380674,44.61975870954478,5
scale_default,Epsilon_Greedy,epsilon=0.7,405,42.155962081524734,2.7001868099811412,39.455775271543594,44.856148891505875,5
scale_default,Epsilon_Greedy,epsilon=0.7,406,42.360445077994555,2.7189422103901637,39.641502867604395,45.079387288384716,5
scale_default,Epsilon_Greedy,epsilon=0.7,407,42.45146227742699,2.7371709795187646,39.714291297908225,45.18863325694576,5
scale_default,Epsilon_Greedy,epsilon=0.7,408,42.56280833416469,2.739577662806492,39.8232306713582,45.30238599697118,5
scale_default,Epsilon_Greedy,epsilon=0.7,409,42.72689338943393,2.752854696704164,39.97403869272977,45.479748086138095,5
scale_default,Epsilon_Greedy,epsilon=0.7,410,42.891036784815455,2.8102035674528403,40.08083321736262,45.70124035226829,5
scale_default,Epsilon_Greedy,epsilon=0.7,411,43.009262021806975,2.821899937924236,40.18736208388274,45.83116195973121,5
scale_default,Epsilon_Greedy,epsilon=0.7,412,43.144455919063105,2.7386457046595782,40.40581021440353,45.88310162372268,5
scale_default,Epsilon_Greedy,epsilon=0.7,413,43.222957483309756,2.7934016217129685,40.42955586159679,46.01635910502272,5
scale_default,Epsilon_Greedy,epsilon=0.7,414,43.43765361127596,2.925636562501638,40.512017048774325,46.3632901737776,5
scale_default,Epsilon_Greedy,epsilon=0.7,415,43.61450199643911,2.9446555783473554,40.66984641809175,46.55915757478647,5
scale_default,Epsilon_Greedy,epsilon=0.7,416,43.869756119545045,2.9004012441982763,40.96935487534677,46.77015736374332,5
scale_default,Epsilon_Greedy,epsilon=0.7,417,44.01401146307758,2.889290323568392,41.12472113950919,46.90330178664597,5
scale_default,Epsilon_Greedy,epsilon=0.7,418,44.233229664791466,2.9248442042006593,41.308385460590806,47.158073868992126,5
scale_default,Epsilon_Greedy,epsilon=0.7,419,44.44528714412748,3.0235189618969867,41.42176818223049,47.468806106024466,5
scale_default,Epsilon_Greedy,epsilon=0.7,420,44.639292637220976,3.014591937815002,41.62470069940598,47.653884575035974,5
scale_default,Epsilon_Greedy,epsilon=0.7,421,44.90977331765096,3.1484421537204583,41.7613311639305,48.05821547137142,5
scale_default,Epsilon_Greedy,epsilon=0.7,422,45.12987473049485,3.119614747881304,42.01025998261355,48.24948947837615,5
scale_default,Epsilon_Greedy,epsilon=0.7,423,45.30309675300156,3.0998947965185804,42.20320195648298,48.402991549520145,5
scale_default,Epsilon_Greedy,epsilon=0.7,424,45.349529446496454,3.1154287752621674,42.23410067123429,48.46495822175862,5
scale_default,Epsilon_Greedy,epsilon=0.7,425,45.53666327711812,3.050152658986484,42.48651061813164,48.58681593610461,5
scale_default,Epsilon_Greedy,epsilon=0.7,426,45.86801024326941,2.9897287313011645,42.87828151196825,48.85773897457057,5
scale_default,Epsilon_Greedy,epsilon=0.7,427,46.07464507809231,3.0260958276232697,43.04854925046904,49.10074090571558,5
scale_default,Epsilon_Greedy,epsilon=0.7,428,46.22515978169922,2.9348085263101242,43.2903512553891,49.15996830800934,5
scale_default,Epsilon_Greedy,epsilon=0.7,429,46.43219738811969,2.9909882928329865,43.4412090952867,49.42318568095268,5
scale_default,Epsilon_Greedy,epsilon=0.7,430,46.66694985380184,2.8394844093710954,43.82746544443074,49.506434263172935,5
scale_default,Epsilon_Greedy,epsilon=0.7,431,46.77181218863381,2.7910989038379928,43.98071328479582,49.5629110924718,5
scale_default,Epsilon_Greedy,epsilon=0.7,432,46.939183184031336,2.778306343228133,44.160876840803205,49.71748952725947,5
scale_default,Epsilon_Greedy,epsilon=0.7,433,47.10940838722373,2.7186105863447443,44.390797800878985,49.828018973568476,5
scale_default,Epsilon_Greedy,epsilon=0.7,434,47.244910782336866,2.6909730001629257,44.55393778217394,49.93588378249979,5
scale_default,Epsilon_Greedy,epsilon=0.7,435,47.47601748762103,2.8101969080475957,44.665820579573435,50.28621439566862,5
scale_default,Epsilon_Greedy,epsilon=0.7,436,47.622899762490604,2.930768821687459,44.692130940803146,50.55366858417806,5
scale_default,Epsilon_Greedy,epsilon=0.7,437,47.801440434738126,2.870366430981413,44.93107400375671,50.67180686571954,5
scale_default,Epsilon_Greedy,epsilon=0.7,438,47.89336205958743,2.7955937205215045,45.09776833906593,50.688955780108934,5
scale_default,Epsilon_Greedy,epsilon=0.7,439,48.00613269772798,2.80847245924525,45.197660238482726,50.81460515697323,5
scale_default,Epsilon_Greedy,epsilon=0.7,440,48.21531218530329,2.8250153936232003,45.390296791680086,51.040327578926494,5
scale_default,Epsilon_Greedy,epsilon=0.7,441,48.48263852638252,2.9142706586485,45.568367867734025,51.39690918503102,5
scale_default,Epsilon_Greedy,epsilon=0.7,442,48.68328945934123,2.905123766865023,45.77816569247621,51.58841322620626,5
scale_default,Epsilon_Greedy,epsilon=0.7,443,48.86576457294946,2.8560012754940294,46.00976329745543,51.72176584844349,5
scale_default,Epsilon_Greedy,epsilon=0.7,444,49.09222745239986,3.0138672632438714,46.07836018915599,52.106094715643735,5
scale_default,Epsilon_Greedy,epsilon=0.7,445,49.23641405614801,3.0346356506568783,46.201778405491126,52.27104970680489,5
scale_default,Epsilon_Greedy,epsilon=0.7,446,49.49039542246417,2.954741608778155,46.53565381368601,52.445137031242325,5
scale_default,Epsilon_Greedy,epsilon=0.7,447,49.58180065194744,2.9314859110309825,46.65031474091646,52.51328656297842,5
scale_default,Epsilon_Greedy,epsilon=0.7,448,49.73649791854577,2.9365952627373315,46.79990265580844,52.67309318128311,5
scale_default,Epsilon_Greedy,epsilon=0.7,449,49.94121136547513,2.8829889086230858,47.05822245685204,52.82420027409821,5
scale_default,Epsilon_Greedy,epsilon=0.7,450,50.15038377340088,2.7628626556083415,47.38752111779254,52.91324642900923,5
scale_default,Epsilon_Greedy,epsilon=0.7,451,50.33556616182857,2.6541440192747325,47.681422142553835,52.9897101811033,5
scale_default,Epsilon_Greedy,epsilon=0.7,452,50.51795144259664,2.6356799389977392,47.8822715035989,53.15363138159438,5
scale_default,Epsilon_Greedy,epsilon=0.7,453,50.67573656494751,2.5997135996269485,48.07602296532056,53.275450164574465,5
scale_default,Epsilon_Greedy,epsilon=0.7,454,50.841464059999616,2.534823605860173,48.30664045413944,53.37628766585979,5
scale_default,Epsilon_Greedy,epsilon=0.7,455,51.07957187522479,2.539480350623974,48.54009152460081,53.61905222584876,5
scale_default,Epsilon_Greedy,epsilon=0.7,456,51.1869369360513,2.517308691770752,48.66962824428055,53.704245627822054,5
scale_default,Epsilon_Greedy,epsilon=0.7,457,51.305002851103424,2.6278843217913965,48.677118529312025,53.93288717289482,5
scale_default,Epsilon_Greedy,epsilon=0.7,458,51.38377839221745,2.5889595421050013,48.79481885011245,53.97273793432245,5
scale_default,Epsilon_Greedy,epsilon=0.7,459,51.54682678512745,2.581567194641465,48.965259590485985,54.128393979768916,5
scale_default,Epsilon_Greedy,epsilon=0.7,460,51.65971459100896,2.5305821007801512,49.129132490228805,54.19029669178911,5
scale_default,Epsilon_Greedy,epsilon=0.7,461,51.76678519052293,2.523751433261819,49.24303375726111,54.29053662378475,5
scale_default,Epsilon_Greedy,epsilon=0.7,462,51.97920557541467,2.5661111249254103,49.413094450489254,54.54531670034008,5
scale_default,Epsilon_Greedy,epsilon=0.7,463,52.148411519606135,2.748273608918369,49.40013791068777,54.8966851285245,5
scale_default,Epsilon_Greedy,epsilon=0.7,464,52.52899855252876,2.629532401735421,49.899466150793344,55.15853095426418,5
scale_default,Epsilon_Greedy,epsilon=0.7,465,52.80004025450914,2.597584634588933,50.20245561992021,55.397624889098076,5
scale_default,Epsilon_Greedy,epsilon=0.7,466,52.96105826586294,2.5811744303473154,50.37988383551562,55.542232696210256,5
scale_default,Epsilon_Greedy,epsilon=0.7,467,53.121063832569995,2.4945624820979857,50.62650135047201,55.61562631466798,5
scale_default,Epsilon_Greedy,epsilon=0.7,468,53.29023746792642,2.458444862564657,50.83179260536176,55.74868233049107,5
scale_default,Epsilon_Greedy,epsilon=0.7,469,53.446379808164764,2.413759876242339,51.032619931922426,55.8601396844071,5
scale_default,Epsilon_Greedy,epsilon=0.7,470,53.676601824562184,2.436835469794577,51.23976635476761,56.11343729435676,5
scale_default,Epsilon_Greedy,epsilon=0.7,471,53.798011276465374,2.4108048163826052,51.387206460082766,56.20881609284798,5
scale_default,Epsilon_Greedy,epsilon=0.7,472,53.924799212310816,2.423717078181338,51.501082134129476,56.34851629049216,5
scale_default,Epsilon_Greedy,epsilon=0.7,473,54.34091705793279,2.5219384829914517,51.81897857494134,56.862855540924244,5
scale_default,Epsilon_Greedy,epsilon=0.7,474,54.695996127561116,2.562496412814649,52.13349971474647,57.25849254037576,5
scale_default,Epsilon_Greedy,epsilon=0.7,475,54.9574781033995,2.6669434152348273,52.290534688164676,57.62442151863433,5
scale_default,Epsilon_Greedy,epsilon=0.7,476,55.09546038875332,2.7039040834431187,52.391556305310196,57.79936447219644,5
scale_default,Epsilon_Greedy,epsilon=0.7,477,55.36254644688988,2.6652903983531884,52.697256048536694,58.027836845243066,5
scale_default,Epsilon_Greedy,epsilon=0.7,478,55.57860196461191,2.6321403038318922,52.946461660780024,58.2107422684438,5
scale_default,Epsilon_Greedy,epsilon=0.7,479,55.82482309729521,2.5434848806608046,53.2813382166344,58.368307977956015,5
scale_default,Epsilon_Greedy,epsilon=0.7,480,56.168056860139565,2.4980123796189253,53.67004448052064,58.66606923975849,5
scale_default,Epsilon_Greedy,epsilon=0.7,481,56.37883565165961,2.5172381006902698,53.861597550969336,58.89607375234988,5
scale_default,Epsilon_Greedy,epsilon=0.7,482,56.6500616450009,2.4648182583834277,54.18524338661747,59.114879903384335,5
scale_default,Epsilon_Greedy,epsilon=0.7,483,56.79476088516667,2.3981380142812254,54.396622870885444,59.19289889944789,5
scale_default,Epsilon_Greedy,epsilon=0.7,484,56.9203052853572,2.425866371889514,54.49443891346769,59.346171657246714,5
scale_default,Epsilon_Greedy,epsilon=0.7,485,57.09024703298114,2.253876902755554,54.83637013022559,59.34412393573669,5
scale_default,Epsilon_Greedy,epsilon=0.7,486,57.20195925406504,2.2259783764265753,54.97598087763846,59.42793763049161,5
scale_default,Epsilon_Greedy,epsilon=0.7,487,57.35548941403357,2.296464185274547,55.059025228759026,59.651953599308115,5
scale_default,Epsilon_Greedy,epsilon=0.7,488,57.51603556982013,2.337333955841951,55.178701613978184,59.85336952566208,5
scale_default,Epsilon_Greedy,epsilon=0.7,489,57.63724598598854,2.3388276583645555,55.298418327623985,59.9760736443531,5
scale_default,Epsilon_Greedy,epsilon=0.7,490,57.942916378724576,2.4373393700882504,55.50557700863632,60.38025574881283,5
scale_default,Epsilon_Greedy,epsilon=0.7,491,58.06071634630473,2.397949960359551,55.662766385945176,60.458666306664284,5
scale_default,Epsilon_Greedy,epsilon=0.7,492,58.234537867275364,2.395754241603251,55.838783625672114,60.63029210887861,5
scale_default,Epsilon_Greedy,epsilon=0.7,493,58.383604435397174,2.271163935973143,56.11244049942403,60.65476837137032,5
scale_default,Epsilon_Greedy,epsilon=0.7,494,58.511822849659794,2.2549003986010976,56.2569224510587,60.76672324826089,5
scale_default,Epsilon_Greedy,epsilon=0.7,495,58.71212011807779,2.173999271700412,56.53812084637738,60.8861193897782,5
scale_default,Epsilon_Greedy,epsilon=0.7,496,58.98768888138723,2.3647976455944613,56.622891235792764,61.35248652698169,5
scale_default,Epsilon_Greedy,epsilon=0.7,497,59.11450921209528,2.3523430647042622,56.762166147391014,61.46685227679954,5
scale_default,Epsilon_Greedy,epsilon=0.7,498,59.33849920165138,2.3906006626569054,56.94789853899447,61.72909986430829,5
scale_default,Epsilon_Greedy,epsilon=0.7,499,59.53353721981754,2.3856937597106276,57.14784346010691,61.919230979528166,5
scale_default,Epsilon_Greedy,epsilon=0.7,500,59.747478307981474,2.346620607669955,57.40085770031152,62.09409891565143,5
scale_default,Epsilon_Greedy,epsilon=0.7,501,59.9722357332707,2.3574111513533063,57.6148245819174,62.329646884624005,5
scale_default,Epsilon_Greedy,epsilon=0.7,502,60.116201485740454,2.431097277229765,57.68510420851069,62.54729876297022,5
scale_default,Epsilon_Greedy,epsilon=0.7,503,60.286907454714935,2.3917444701067585,57.89516298460818,62.67865192482169,5
scale_default,Epsilon_Greedy,epsilon=0.7,504,60.524657394365406,2.4226417711718065,58.1020156231936,62.94729916553721,5
scale_default,Epsilon_Greedy,epsilon=0.7,505,60.75041009807143,2.3800898748310373,58.37032022324039,63.13049997290246,5
scale_default,Epsilon_Greedy,epsilon=0.7,506,60.858738494201,2.40554730000779,58.45319119419321,63.26428579420879,5
scale_default,Epsilon_Greedy,epsilon=0.7,507,61.14229321585507,2.421471316315776,58.720821899539295,63.56376453217084,5
scale_default,Epsilon_Greedy,epsilon=0.7,508,61.454504661406034,2.4381458298370147,59.01635883156902,63.892650491243046,5
scale_default,Epsilon_Greedy,epsilon=0.7,509,61.53102204155956,2.438271347609646,59.09275069394992,63.9692933891692,5
scale_default,Epsilon_Greedy,epsilon=0.7,510,61.6860266169263,2.477890504454542,59.208136112471756,64.16391712138083,5
scale_default,Epsilon_Greedy,epsilon=0.7,511,61.7940618078829,2.4945784716388193,59.29948333624408,64.28864027952172,5
scale_default,Epsilon_Greedy,epsilon=0.7,512,62.03890407275664,2.6303977531696145,59.40850631958702,64.66930182592625,5
scale_default,Epsilon_Greedy,epsilon=0.7,513,62.30271358608604,2.669832764883891,59.63288082120215,64.97254635096994,5
scale_default,Epsilon_Greedy,epsilon=0.7,514,62.44103809554898,2.696802921553449,59.744235173995534,65.13784101710243,5
scale_default,Epsilon_Greedy,epsilon=0.7,515,62.730364157358146,2.8042661771707036,59.92609798018744,65.53463033452886,5
scale_default,Epsilon_Greedy,epsilon=0.7,516,62.87642114816028,2.749958819389152,60.12646232877113,65.62637996754944,5
scale_default,Epsilon_Greedy,epsilon=0.7,517,63.03758171940338,2.7622827559782843,60.275298963425094,65.79986447538167,5
scale_default,Epsilon_Greedy,epsilon=0.7,518,63.21897685227809,2.9035360484512798,60.31544080382681,66.12251290072938,5
scale_default,Epsilon_Greedy,epsilon=0.7,519,63.30670012571861,2.8792680103940715,60.42743211532454,66.18596813611269,5
scale_default,Epsilon_Greedy,epsilon=0.7,520,63.58303624798007,2.8886217443845004,60.69441450359557,66.47165799236457,5
scale_default,Epsilon_Greedy,epsilon=0.7,521,63.65274899045902,2.9118772188455684,60.74087177161345,66.56462620930459,5
scale_default,Epsilon_Greedy,epsilon=0.7,522,63.885013362431565,2.8457779384041517,61.03923542402741,66.73079130083572,5
scale_default,Epsilon_Greedy,epsilon=0.7,523,64.0710694333972,2.7449618146691313,61.32610761872807,66.81603124806632,5
scale_default,Epsilon_Greedy,epsilon=0.7,524,64.26334224747242,2.7473624726820973,61.515979774790324,67.01070472015452,5
scale_default,Epsilon_Greedy,epsilon=0.7,525,64.5040444018447,2.8333107691090285,61.67073363273567,67.33735517095373,5
scale_default,Epsilon_Greedy,epsilon=0.7,526,64.73763527991647,2.8247860129639792,61.9128492669525,67.56242129288046,5
scale_default,Epsilon_Greedy,epsilon=0.7,527,64.85406285932241,2.753292407928377,62.100770451394034,67.60735526725078,5
scale_default,Epsilon_Greedy,epsilon=0.7,528,65.09967450770372,2.731501357702258,62.36817315000147,67.83117586540598,5
scale_default,Epsilon_Greedy,epsilon=0.7,529,65.32044022430844,2.6288474519900324,62.69159277231841,67.94928767629847,5
scale_default,Epsilon_Greedy,epsilon=0.7,530,65.54367772889857,2.667961640606477,62.875716088292094,68.21163936950505,5
scale_default,Epsilon_Greedy,epsilon=0.7,531,65.7222907152131,2.7707524868550966,62.95153822835801,68.49304320206821,5
scale_default,Epsilon_Greedy,epsilon=0.7,532,65.8946921574463,2.7711762224570933,63.12351593498921,68.6658683799034,5
scale_default,Epsilon_Greedy,epsilon=0.7,533,66.096581342895,2.812253070138925,63.284328272756085,68.90883441303393,5
scale_default,Epsilon_Greedy,epsilon=0.7,534,66.3845393654087,2.8372711147713545,63.547268250637345,69.22181048018005,5
scale_default,Epsilon_Greedy,epsilon=0.7,535,66.57674451299765,2.866296306941092,63.710448206056554,69.44304081993874,5
scale_default,Epsilon_Greedy,epsilon=0.7,536,66.79855811806866,2.7556394756035076,64.04291864246515,69.55419759367216,5
scale_default,Epsilon_Greedy,epsilon=0.7,537,67.02758618923312,2.8030662351502733,64.22451995408285,69.83065242438339,5
scale_default,Epsilon_Greedy,epsilon=0.7,538,67.20172994006938,2.766780564493574,64.43494937557581,69.96851050456296,5
scale_default,Epsilon_Greedy,epsilon=0.7,539,67.47789932420605,2.798350363695941,64.6795489605101,70.276249687902,5
scale_default,Epsilon_Greedy,epsilon=0.7,540,67.55633201624899,2.8225186244567935,64.7338133917922,70.37885064070578,5
scale_default,Epsilon_Greedy,epsilon=0.7,541,67.72882294806766,2.751059811104097,64.97776313696356,70.47988275917176,5
scale_default,Epsilon_Greedy,epsilon=0.7,542,67.89692583325206,2.8003691869839438,65.09655664626811,70.697295020236,5
scale_default,Epsilon_Greedy,epsilon=0.7,543,68.02082335588338,2.808666389857031,65.21215696602634,70.82948974574042,5
scale_default,Epsilon_Greedy,epsilon=0.7,544,68.34387927478735,2.990401221239457,65.3534780535479,71.3342804960268,5
scale_default,Epsilon_Greedy,epsilon=0.7,545,68.6615254466364,2.990877202265703,65.6706482443707,71.65240264890211,5
scale_default,Epsilon_Greedy,epsilon=0.7,546,68.83621937323537,3.001668356976949,65.83455101625842,71.83788773021232,5
scale_default,Epsilon_Greedy,epsilon=0.7,547,69.07523578426682,3.0286372028652346,66.04659858140158,72.10387298713206,5
scale_default,Epsilon_Greedy,epsilon=0.7,548,69.27458750296037,3.037808125492108,66.23677937746827,72.31239562845248,5
scale_default,Epsilon_Greedy,epsilon=0.7,549,69.40265265182002,2.977505126678974,66.42514752514104,72.380157778499,5
scale_default,Epsilon_Greedy,epsilon=0.7,550,69.62943560667148,3.0073673969245043,66.62206820974697,72.63680300359599,5
scale_default,Epsilon_Greedy,epsilon=0.7,551,69.72806168607417,3.029939868010991,66.69812181806319,72.75800155408515,5
scale_default,Epsilon_Greedy,epsilon=0.7,552,69.9416601732144,3.0784031079041396,66.86325706531026,73.02006328111854,5
scale_default,Epsilon_Greedy,epsilon=0.7,553,70.15945096070966,3.0436264739618704,67.1158244867478,73.20307743467153,5
scale_default,Epsilon_Greedy,epsilon=0.7,554,70.34995866416462,3.064271207851554,67.28568745631307,73.41422987201616,5
scale_default,Epsilon_Greedy,epsilon=0.7,555,70.51852943587372,3.068179980606331,67.45034945526739,73.58670941648005,5
scale_default,Epsilon_Greedy,epsilon=0.7,556,70.70742359367065,3.072712395734311,67.63471119793634,73.78013598940497,5
scale_default,Epsilon_Greedy,epsilon=0.7,557,70.89184248243687,3.1185178630930124,67.77332461934385,74.01036034552989,5
scale_default,Epsilon_Greedy,epsilon=0.7,558,71.06053392966851,3.1712630433060855,67.88927088636243,74.23179697297459,5
scale_default,Epsilon_Greedy,epsilon=0.7,559,71.1737916036341,3.131591357919432,68.04220024571467,74.30538296155353,5
scale_default,Epsilon_Greedy,epsilon=0.7,560,71.48170284445078,3.1573865542839146,68.32431629016686,74.6390893987347,5
scale_default,Epsilon_Greedy,epsilon=0.7,561,71.59770839988589,3.0165613701438194,68.58114702974207,74.61426977002971,5
scale_default,Epsilon_Greedy,epsilon=0.7,562,71.70291150884597,3.0426242766112943,68.66028723223468,74.74553578545726,5
scale_default,Epsilon_Greedy,epsilon=0.7,563,71.89605243585552,3.1520208866961954,68.74403154915933,75.04807332255172,5
scale_default,Epsilon_Greedy,epsilon=0.7,564,72.0728189196193,3.163950843852172,68.90886807576712,75.23676976347147,5
scale_default,Epsilon_Greedy,epsilon=0.7,565,72.42640121890788,3.2546138647941785,69.1717873541137,75.68101508370206,5
scale_default,Epsilon_Greedy,epsilon=0.7,566,72.57886847683552,3.1274572607955236,69.45141121604,75.70632573763105,5
scale_default,Epsilon_Greedy,epsilon=0.7,567,72.74659256789964,3.1362124042215767,69.61038016367806,75.88280497212122,5
scale_default,Epsilon_Greedy,epsilon=0.7,568,72.93875594033949,3.172760828167594,69.7659951121719,76.11151676850709,5
scale_default,Epsilon_Greedy,epsilon=0.7,569,73.11908330818903,3.118065367743796,70.00101794044524,76.23714867593283,5
scale_default,Epsilon_Greedy,epsilon=0.7,570,73.2997391127623,3.1471619664046786,70.15257714635761,76.44690107916698,5
scale_default,Epsilon_Greedy,epsilon=0.7,571,73.44461814177862,3.0123044449644913,70.43231369681413,76.4569225867431,5
scale_default,Epsilon_Greedy,epsilon=0.7,572,73.60065338206725,2.9824255604375476,70.6182278216297,76.5830789425048,5
scale_default,Epsilon_Greedy,epsilon=0.7,573,73.93715268123746,2.9274075595144793,71.00974512172299,76.86456024075194,5
scale_default,Epsilon_Greedy,epsilon=0.7,574,74.19204149094728,2.8802850481905447,71.31175644275673,77.07232653913782,5
scale_default,Epsilon_Greedy,epsilon=0.7,575,74.3844475408473,2.7927596253022475,71.59168791554505,77.17720716614956,5
scale_default,Epsilon_Greedy,epsilon=0.7,576,74.51243118035201,2.672900360484966,71.83953081986705,77.18533154083697,5
scale_default,Epsilon_Greedy,epsilon=0.7,577,74.69690315590012,2.7107041685448845,71.98619898735524,77.407607324445,5
scale_default,Epsilon_Greedy,epsilon=0.7,578,74.93879802324588,2.780157355890501,72.15864066735539,77.71895537913637,5
scale_default,Epsilon_Greedy,epsilon=0.7,579,75.07354052479084,2.804932981346189,72.26860754344466,77.87847350613703,5
scale_default,Epsilon_Greedy,epsilon=0.7,580,75.13426560105964,2.8407792141675867,72.29348638689206,77.97504481522722,5
scale_default,Epsilon_Greedy,epsilon=0.7,581,75.44201457937737,2.983327431293153,72.45868714808422,78.42534201067052,5
scale_default,Epsilon_Greedy,epsilon=0.7,582,75.55598975657148,2.958388910276129,72.59760084629535,78.5143786668476,5
scale_default,Epsilon_Greedy,epsilon=0.7,583,75.69610046767899,2.9042479613324166,72.79185250634657,78.6003484290114,5
scale_default,Epsilon_Greedy,epsilon=0.7,584,75.94114742057387,3.033105092100718,72.90804232847316,78.97425251267458,5
scale_default,Epsilon_Greedy,epsilon=0.7,585,76.05964144193095,3.0292757765272396,73.0303656654037,79.08891721845819,5
scale_default,Epsilon_Greedy,epsilon=0.7,586,76.1758328127904,3.047424576006911,73.12840823678349,79.22325738879732,5
scale_default,Epsilon_Greedy,epsilon=0.7,587,76.43084251867158,3.017029847788654,73.41381267088293,79.44787236646023,5
scale_default,Epsilon_Greedy,epsilon=0.7,588,76.58576366415768,2.9840319529954447,73.60173171116223,79.56979561715313,5
scale_default,Epsilon_Greedy,epsilon=0.7,589,76.75164078297136,3.0275252111281192,73.72411557184324,79.77916599409949,5
scale_default,Epsilon_Greedy,epsilon=0.7,590,76.92612337079406,3.0165661442531304,73.90955722654093,79.94268951504719,5
scale_default,Epsilon_Greedy,epsilon=0.7,591,77.02452169096651,3.0443452886952156,73.9801764022713,80.06886697966172,5
scale_default,Epsilon_Greedy,epsilon=0.7,592,77.2471665103308,3.0165248737923025,74.2306416365385,80.2636913841231,5
scale_default,Epsilon_Greedy,epsilon=0.7,593,77.3232405153748,2.986347999849933,74.33689251552488,80.30958851522473,5
scale_default,Epsilon_Greedy,epsilon=0.7,594,77.45414575831244,2.941180811042135,74.5129649472703,80.39532656935457,5
scale_default,Epsilon_Greedy,epsilon=0.7,595,77.53119595471682,2.902523421802747,74.62867253291408,80.43371937651956,5
scale_default,Epsilon_Greedy,epsilon=0.7,596,77.6589125996262,2.9072567195679335,74.75165588005827,80.56616931919415,5
scale_default,Epsilon_Greedy,epsilon=0.7,597,77.99928685484934,2.8059821896676045,75.19330466518174,80.80526904451695,5
scale_default,Epsilon_Greedy,epsilon=0.7,598,78.17212487309875,2.780682345567212,75.39144252753154,80.95280721866597,5
scale_default,Epsilon_Greedy,epsilon=0.7,599,78.27078324432125,2.831145620794364,75.43963762352689,81.10192886511561,5
